pass,frame,ms
1,1,3.154
1,2,2.178
1,3,2.525
1,4,2.395
1,5,2.491
1,6,2.143
1,7,2.951
1,8,4.370
1,9,3.000
1,10,4.312
1,11,3.403
1,12,3.112
1,13,4.154
1,14,3.122
1,15,2.780
1,16,4.541
1,17,3.100
1,18,2.747
1,19,3.289
1,20,2.871
1,21,3.154
1,22,3.599
1,23,3.003
1,24,2.392
1,25,2.282
1,26,2.775
1,27,2.570
1,28,2.715
1,29,2.372
1,30,3.258
1,31,4.999
1,32,2.817
1,33,2.453
1,34,2.566
1,35,2.539
1,36,2.700
1,37,2.966
1,38,2.999
1,39,2.721
1,40,2.660
1,41,2.261
1,42,2.788
1,43,5.235
1,44,2.800
1,45,2.193
1,46,2.120
1,47,2.124
1,48,2.527
1,49,3.344
1,50,2.757
1,51,2.309
1,52,2.244
1,53,2.188
1,54,2.079
1,55,2.131
1,56,2.160
1,57,1.953
1,58,1.909
1,59,1.790
1,60,1.857
1,61,1.646
1,62,1.910
1,63,1.982
1,64,1.926
1,65,1.974
1,66,1.842
1,67,1.732
1,68,1.864
1,69,1.779
1,70,1.877
1,71,2.443
1,72,2.144
1,73,2.203
1,74,2.173
1,75,1.992
1,76,2.081
1,77,2.100
1,78,2.632
1,79,2.174
1,80,1.980
1,81,1.618
1,82,2.144
1,83,2.056
1,84,2.103
1,85,2.420
1,86,2.212
1,87,2.319
1,88,1.845
1,89,1.788
1,90,2.101
1,91,1.612
1,92,1.788
1,93,1.881
1,94,2.235
1,95,2.262
1,96,1.816
1,97,2.365
1,98,1.895
1,99,2.183
1,100,2.108
1,101,2.662
1,102,2.524
1,103,2.583
1,104,2.251
1,105,1.968
1,106,2.344
1,107,2.736
1,108,2.587
1,109,2.088
1,110,1.995
1,111,1.865
1,112,2.047
1,113,1.958
1,114,1.685
1,115,2.428
1,116,2.210
1,117,1.804
1,118,1.705
1,119,3.431
1,120,2.741
1,121,2.443
1,122,2.780
1,123,2.048
1,124,2.076
1,125,1.975
1,126,1.825
1,127,1.672
1,128,1.763
1,129,2.327
1,130,2.153
1,131,2.757
1,132,2.483
1,133,2.548
1,134,2.957
1,135,2.978
1,136,3.213
1,137,2.771
1,138,2.570
1,139,2.437
1,140,2.656
1,141,2.760
1,142,2.290
1,143,1.922
1,144,2.484
1,145,2.100
1,146,1.835
1,147,1.677
1,148,1.957
1,149,2.214
1,150,2.102
1,151,1.876
1,152,1.876
1,153,1.955
1,154,1.787
1,155,2.126
1,156,2.382
1,157,2.674
1,158,2.734
1,159,2.581
1,160,2.828
1,161,2.647
1,162,2.729
1,163,2.660
1,164,2.325
1,165,2.304
1,166,2.387
1,167,2.305
1,168,2.600
1,169,2.472
1,170,2.195
1,171,2.332
1,172,2.258
1,173,2.104
1,174,1.881
1,175,2.647
1,176,2.631
1,177,1.968
1,178,2.367
1,179,1.857
1,180,1.911
1,181,2.237
1,182,2.277
1,183,2.177
1,184,2.964
1,185,2.208
1,186,1.962
1,187,2.013
1,188,2.473
1,189,2.188
1,190,2.419
1,191,2.470
1,192,2.824
1,193,2.533
1,194,2.100
1,195,1.837
1,196,1.909
1,197,2.481
1,198,1.959
1,199,1.706
1,200,2.101
1,201,1.700
1,202,1.875
1,203,1.959
1,204,1.798
1,205,2.585
1,206,1.909
1,207,2.218
1,208,1.803
1,209,2.325
1,210,2.235
1,211,1.968
1,212,3.017
1,213,2.915
1,214,2.315
1,215,2.315
1,216,5.004
1,217,2.691
1,218,2.106
1,219,2.148
1,220,1.795
1,221,1.795
1,222,1.651
1,223,2.040
1,224,2.520
1,225,2.694
1,226,2.562
1,227,3.063
1,228,2.740
1,229,2.420
1,230,2.629
1,231,2.115
1,232,2.141
1,233,2.041
1,234,1.940
1,235,1.692
1,236,1.721
1,237,2.247
1,238,2.015
1,239,2.214
1,240,1.808
1,241,1.702
1,242,1.995
1,243,2.000
1,244,1.979
1,245,2.114
1,246,1.979
1,247,2.121
1,248,2.093
1,249,1.703
1,250,1.874
1,251,2.130
1,252,2.017
1,253,2.183
1,254,2.220
1,255,1.955
1,256,1.896
1,257,2.663
1,258,1.843
1,259,1.712
1,260,1.815
1,261,3.324
1,262,2.165
1,263,2.108
1,264,2.038
1,265,2.562
1,266,2.268
1,267,2.169
1,268,1.965
1,269,1.868
1,270,2.120
1,271,2.009
1,272,1.591
1,273,2.117
1,274,2.523
1,275,3.009
1,276,2.372
1,277,2.100
1,278,1.931
1,279,2.014
1,280,1.909
1,281,1.813
1,282,2.447
1,283,2.144
1,284,1.867
1,285,1.913
1,286,2.014
1,287,1.981
1,288,1.741
1,289,1.751
1,290,2.631
1,291,2.641
1,292,2.339
1,293,2.552
1,294,2.390
1,295,2.504
1,296,2.889
1,297,3.194
1,298,3.275
1,299,2.410
1,300,2.763
1,301,2.697
1,302,2.462
1,303,2.556
1,304,2.247
1,305,2.830
1,306,2.343
1,307,2.115
1,308,2.506
1,309,2.867
1,310,2.007
1,311,1.965
1,312,2.133
1,313,2.202
1,314,2.125
1,315,2.205
1,316,2.340
1,317,2.275
1,318,4.147
1,319,3.320
1,320,2.871
1,321,2.457
1,322,2.404
1,323,2.150
1,324,1.699
1,325,1.665
1,326,2.215
1,327,1.876
1,328,2.438
1,329,2.220
1,330,2.287
1,331,1.937
1,332,1.923
1,333,1.964
1,334,1.661
1,335,1.731
1,336,2.135
1,337,2.468
1,338,2.171
1,339,2.086
1,340,2.480
1,341,1.982
1,342,2.255
1,343,2.195
1,344,2.298
1,345,2.812
1,346,2.311
1,347,1.943
1,348,1.862
1,349,1.940
1,350,1.688
1,351,1.545
1,352,2.320
1,353,2.135
1,354,2.440
1,355,2.141
1,356,2.005
1,357,1.726
1,358,1.559
1,359,1.926
1,360,2.530
1,361,1.854
1,362,1.913
1,363,2.763
1,364,2.194
1,365,1.910
1,366,2.327
1,367,2.174
1,368,2.390
1,369,2.585
1,370,2.202
1,371,2.438
1,372,2.212
1,373,2.034
1,374,2.150
1,375,2.239
1,376,1.794
1,377,1.817
1,378,2.117
1,379,2.281
1,380,1.896
1,381,1.710
1,382,2.306
1,383,2.131
1,384,1.614
1,385,1.990
1,386,1.988
1,387,2.167
1,388,2.345
1,389,2.547
1,390,2.253
1,391,2.021
1,392,2.522
1,393,2.013
1,394,1.770
1,395,1.937
1,396,2.578
1,397,2.215
1,398,2.091
1,399,2.087
1,400,1.767
1,401,1.940
1,402,2.131
1,403,1.848
1,404,2.208
1,405,2.803
1,406,2.277
1,407,2.039
1,408,2.408
1,409,2.488
1,410,2.988
1,411,2.677
1,412,3.125
1,413,2.896
1,414,2.624
1,415,2.165
1,416,2.641
1,417,2.357
1,418,2.495
1,419,2.441
1,420,2.247
1,421,2.275
1,422,2.305
1,423,2.846
1,424,2.863
1,425,2.599
1,426,3.065
1,427,2.522
1,428,2.193
1,429,3.618
1,430,2.949
1,431,2.772
1,432,3.045
1,433,2.657
1,434,3.315
1,435,2.600
1,436,3.000
1,437,2.671
1,438,3.061
1,439,3.363
1,440,2.631
1,441,2.906
1,442,2.664
1,443,2.846
1,444,2.912
1,445,3.241
1,446,3.143
1,447,2.590
1,448,2.948
1,449,2.592
1,450,3.644
1,451,2.978
1,452,2.570
1,453,2.821
1,454,2.454
1,455,3.206
1,456,3.623
1,457,2.951
1,458,2.605
1,459,2.427
1,460,2.695
1,461,2.627
1,462,2.964
1,463,3.000
1,464,2.541
1,465,2.723
1,466,2.488
1,467,3.283
1,468,2.971
1,469,2.433
1,470,2.488
1,471,2.623
1,472,2.388
1,473,3.089
1,474,2.981
1,475,3.125
1,476,2.803
1,477,2.580
1,478,2.626
1,479,3.057
1,480,3.297
1,481,3.464
1,482,2.484
1,483,2.394
1,484,2.710
1,485,2.758
1,486,2.480
1,487,2.334
1,488,2.479
1,489,2.023
1,490,2.056
1,491,2.368
1,492,2.109
1,493,1.966
1,494,2.270
1,495,2.050
1,496,2.149
1,497,2.144
1,498,2.180
1,499,2.369
1,500,2.168
1,501,2.172
1,502,2.048
1,503,2.483
1,504,2.545
1,505,2.675
1,506,2.419
1,507,2.340
1,508,2.068
1,509,2.246
1,510,2.178
1,511,1.865
1,512,2.762
1,513,2.075
1,514,1.865
1,515,1.634
1,516,1.779
1,517,1.995
1,518,1.705
1,519,1.935
1,520,2.368
1,521,2.595
1,522,2.224
1,523,1.859
1,524,1.895
1,525,1.771
1,526,2.292
1,527,2.452
1,528,2.042
1,529,2.674
1,530,2.328
1,531,2.546
1,532,2.013
1,533,2.314
1,534,2.258
1,535,2.252
1,536,2.082
1,537,2.541
1,538,2.048
1,539,1.848
1,540,2.003
1,541,2.163
1,542,2.191
1,543,1.799
1,544,1.521
1,545,1.827
1,546,2.230
1,547,1.883
1,548,1.862
1,549,2.077
1,550,2.733
1,551,2.299
1,552,2.446
1,553,2.209
1,554,2.654
1,555,2.411
1,556,2.697
1,557,2.443
1,558,2.326
1,559,2.095
1,560,2.055
1,561,2.532
1,562,2.579
1,563,3.059
1,564,2.702
1,565,2.569
1,566,2.577
1,567,2.477
1,568,3.275
1,569,2.856
1,570,2.101
1,571,1.863
1,572,1.899
1,573,1.966
1,574,1.984
1,575,2.345
1,576,2.841
1,577,2.580
1,578,2.238
1,579,2.041
1,580,1.659
1,581,1.919
1,582,1.778
1,583,2.500
1,584,2.822
1,585,1.829
1,586,1.607
1,587,1.541
1,588,1.624
1,589,1.759
1,590,1.763
1,591,2.378
1,592,2.154
1,593,2.454
1,594,2.102
1,595,1.977
1,596,1.905
1,597,1.910
1,598,2.454
1,599,2.536
1,600,1.888
1,601,2.215
1,602,1.736
1,603,1.676
1,604,1.923
1,605,1.771
1,606,1.938
1,607,1.774
1,608,1.592
1,609,2.006
1,610,2.154
1,611,2.594
1,612,2.070
1,613,1.799
1,614,2.431
1,615,1.949
1,616,1.832
1,617,1.719
1,618,1.978
1,619,2.489
1,620,2.359
1,621,2.262
1,622,2.476
1,623,2.105
1,624,1.645
1,625,1.719
1,626,1.936
1,627,1.633
1,628,1.569
1,629,2.525
1,630,2.299
1,631,1.961
1,632,1.728
1,633,2.076
1,634,2.040
1,635,1.606
1,636,1.841
1,637,1.934
1,638,2.747
1,639,2.167
1,640,2.036
1,641,1.877
1,642,1.713
1,643,2.352
1,644,1.980
1,645,1.666
1,646,2.498
1,647,3.219
1,648,2.561
1,649,2.555
1,650,2.327
1,651,2.088
1,652,2.790
1,653,2.491
1,654,2.749
1,655,2.592
1,656,2.466
1,657,2.482
1,658,2.753
1,659,2.584
1,660,2.223
1,661,2.320
1,662,1.864
1,663,1.872
1,664,2.353
1,665,2.121
1,666,2.380
1,667,2.373
1,668,2.541
1,669,3.216
1,670,2.373
1,671,2.067
1,672,2.701
1,673,2.517
1,674,2.647
1,675,2.647
1,676,3.163
1,677,2.686
1,678,3.021
1,679,2.702
1,680,2.403
1,681,2.201
1,682,2.657
1,683,3.352
1,684,3.542
1,685,3.268
1,686,3.641
1,687,3.387
1,688,4.193
1,689,3.254
1,690,3.238
1,691,2.849
1,692,2.917
1,693,3.120
1,694,3.189
1,695,3.273
1,696,2.921
1,697,3.105
1,698,3.862
1,699,2.744
1,700,3.474
1,701,2.923
1,702,2.823
1,703,2.986
1,704,2.916
1,705,2.874
1,706,3.267
1,707,2.740
1,708,3.157
1,709,2.923
1,710,3.036
1,711,2.764
1,712,3.556
1,713,3.049
1,714,2.957
1,715,3.589
1,716,3.614
1,717,3.298
1,718,3.286
1,719,3.921
1,720,3.064
1,721,3.114
1,722,2.329
1,723,2.041
1,724,1.997
1,725,2.373
1,726,1.886
1,727,1.818
1,728,1.870
1,729,1.585
1,730,1.721
1,731,1.876
1,732,1.982
1,733,2.952
1,734,3.058
1,735,2.272
1,736,1.762
1,737,1.929
1,738,1.976
1,739,1.963
1,740,3.161
1,741,2.260
1,742,2.325
1,743,5.163
1,744,2.524
1,745,2.251
1,746,2.593
1,747,1.914
1,748,1.708
1,749,1.691
1,750,1.572
1,751,1.467
1,752,1.697
1,753,1.910
1,754,1.890
1,755,1.994
1,756,2.493
1,757,2.288
1,758,1.876
1,759,1.959
1,760,2.042
1,761,2.166
1,762,2.935
1,763,2.292
1,764,2.146
1,765,1.699
1,766,1.939
1,767,1.809
1,768,1.775
1,769,2.501
1,770,2.036
1,771,1.864
1,772,1.872
1,773,2.554
1,774,1.740
1,775,1.554
1,776,1.538
1,777,2.042
1,778,1.868
1,779,1.870
1,780,1.955
1,781,2.063
1,782,2.241
1,783,1.886
1,784,2.065
1,785,2.144
1,786,1.992
1,787,2.338
1,788,1.878
1,789,1.721
1,790,1.675
1,791,1.862
1,792,1.753
1,793,1.781
1,794,2.371
1,795,1.764
1,796,1.588
1,797,1.727
1,798,2.025
1,799,1.716
1,800,1.733
1,801,1.912
1,802,2.471
1,803,2.135
1,804,1.658
1,805,1.772
1,806,1.822
1,807,2.010
1,808,1.849
1,809,1.900
1,810,2.671
1,811,2.215
1,812,2.390
1,813,2.148
1,814,1.698
1,815,1.809
1,816,1.719
1,817,1.483
1,818,2.070
1,819,2.715
1,820,2.241
1,821,2.030
1,822,2.235
1,823,2.255
1,824,3.555
1,825,2.818
1,826,2.484
1,827,2.044
1,828,2.277
1,829,2.174
1,830,2.539
1,831,2.594
1,832,2.277
1,833,2.207
1,834,2.573
1,835,2.150
1,836,2.066
1,837,2.234
1,838,2.237
1,839,2.153
1,840,1.944
1,841,1.705
1,842,2.176
1,843,1.920
1,844,1.939
1,845,1.753
1,846,1.720
1,847,2.275
1,848,1.802
1,849,1.583
1,850,1.778
1,851,2.062
1,852,1.932
1,853,1.774
1,854,2.062
1,855,2.376
1,856,1.902
1,857,1.858
1,858,1.882
1,859,2.049
1,860,2.860
1,861,2.211
1,862,2.199
1,863,2.000
1,864,2.296
1,865,1.994
1,866,1.648
1,867,1.807
1,868,2.621
1,869,2.705
1,870,2.388
1,871,2.095
1,872,1.733
1,873,1.549
1,874,2.007
1,875,1.812
1,876,2.156
1,877,1.959
1,878,2.510
1,879,2.044
1,880,1.682
1,881,2.011
1,882,1.946
1,883,1.736
1,884,1.854
1,885,2.599
1,886,2.302
1,887,1.924
1,888,1.910
1,889,1.915
1,890,1.636
1,891,1.778
1,892,1.763
1,893,2.497
1,894,4.457
1,895,3.198
1,896,1.902
1,897,2.611
1,898,1.915
1,899,2.861
1,900,3.169
1,901,2.443
1,902,2.989
1,903,3.290
1,904,3.165
1,905,2.576
1,906,2.990
1,907,2.141
1,908,2.222
1,909,1.962
1,910,2.480
1,911,2.552
1,912,2.276
1,913,2.148
1,914,2.619
1,915,1.839
1,916,1.644
1,917,1.857
1,918,2.631
1,919,2.781
1,920,2.351
1,921,2.680
1,922,2.592
1,923,2.300
1,924,2.994
1,925,3.378
1,926,3.049
1,927,2.070
1,928,1.661
1,929,2.184
1,930,1.884
1,931,1.937
1,932,1.749
1,933,1.621
1,934,1.748
1,935,1.822
1,936,1.540
1,937,1.668
1,938,1.602
1,939,1.858
1,940,2.579
1,941,1.865
1,942,1.733
1,943,1.619
1,944,1.459
1,945,1.910
1,946,1.847
1,947,1.557
1,948,1.796
1,949,2.479
1,950,2.100
1,951,2.009
1,952,1.702
1,953,1.666
1,954,1.565
1,955,1.451
1,956,1.498
1,957,1.895
1,958,2.618
1,959,2.872
1,960,2.256
1,961,2.442
1,962,2.085
1,963,2.031
1,964,2.169
1,965,2.334
1,966,2.356
1,967,3.337
1,968,2.300
1,969,2.600
1,970,2.717
1,971,2.613
1,972,2.466
1,973,2.584
1,974,3.602
1,975,3.332
1,976,3.052
1,977,2.489
1,978,2.516
1,979,2.465
1,980,2.876
1,981,2.308
1,982,2.646
1,983,2.205
1,984,2.088
1,985,2.177
1,986,2.217
1,987,2.184
1,988,3.122
1,989,2.626
1,990,2.343
1,991,2.239
1,992,2.548
1,993,2.704
1,994,2.323
1,995,2.938
1,996,2.552
1,997,2.202
1,998,2.284
1,999,2.346
1,1000,2.458
1,1001,3.613
1,1002,3.713
1,1003,2.389
1,1004,2.551
1,1005,2.580
1,1006,3.301
1,1007,4.018
1,1008,3.237
1,1009,2.783
1,1010,2.698
1,1011,2.803
1,1012,2.576
1,1013,2.413
1,1014,2.497
1,1015,2.742
1,1016,2.563
1,1017,3.347
1,1018,2.710
1,1019,2.452
1,1020,2.418
1,1021,2.535
1,1022,2.970
1,1023,3.438
1,1024,2.674
1,1025,3.240
1,1026,2.942
1,1027,2.956
1,1028,4.121
1,1029,3.268
1,1030,3.037
1,1031,3.060
1,1032,3.031
1,1033,3.201
1,1034,3.415
1,1035,2.687
1,1036,2.743
1,1037,2.636
1,1038,2.399
1,1039,2.715
1,1040,2.605
1,1041,3.140
1,1042,2.571
1,1043,2.283
1,1044,2.708
1,1045,2.928
1,1046,2.582
1,1047,2.732
1,1048,2.906
1,1049,2.347
1,1050,2.363
1,1051,2.275
1,1052,2.312
1,1053,2.418
1,1054,2.036
1,1055,1.903
1,1056,2.590
1,1057,1.936
1,1058,3.098
1,1059,2.388
1,1060,2.098
1,1061,2.398
1,1062,2.483
1,1063,2.279
1,1064,2.669
1,1065,2.426
1,1066,2.244
1,1067,2.134
1,1068,2.024
1,1069,1.666
1,1070,1.493
1,1071,2.425
1,1072,2.449
1,1073,2.414
1,1074,2.512
1,1075,2.460
1,1076,2.207
1,1077,2.277
1,1078,2.785
1,1079,2.448
1,1080,2.459
1,1081,2.219
1,1082,2.107
1,1083,2.671
1,1084,2.280
1,1085,3.159
1,1086,2.336
1,1087,2.146
1,1088,2.370
1,1089,2.458
1,1090,2.032
1,1091,2.207
1,1092,2.883
1,1093,1.787
1,1094,1.710
1,1095,1.822
1,1096,1.661
1,1097,1.687
1,1098,1.684
1,1099,2.102
1,1100,2.233
1,1101,2.674
1,1102,2.421
1,1103,1.753
1,1104,1.607
1,1105,1.821
1,1106,2.141
1,1107,2.179
1,1108,1.974
1,1109,2.085
1,1110,2.188
1,1111,1.878
1,1112,2.221
1,1113,1.931
1,1114,1.878
1,1115,2.020
1,1116,2.123
1,1117,2.044
1,1118,1.641
1,1119,2.575
1,1120,1.905
1,1121,1.784
1,1122,2.155
1,1123,2.505
1,1124,2.644
1,1125,2.392
1,1126,2.428
1,1127,2.870
1,1128,2.389
1,1129,2.618
1,1130,2.229
1,1131,2.011
1,1132,1.946
1,1133,1.831
1,1134,1.975
1,1135,2.499
1,1136,1.912
1,1137,2.998
1,1138,2.285
1,1139,2.293
1,1140,2.473
1,1141,2.385
1,1142,2.597
1,1143,2.714
1,1144,2.174
1,1145,1.836
1,1146,2.077
1,1147,1.936
1,1148,1.889
1,1149,1.642
1,1150,2.867
1,1151,1.947
1,1152,2.057
1,1153,2.052
1,1154,1.818
1,1155,1.790
1,1156,2.029
1,1157,2.253
1,1158,2.744
1,1159,2.302
1,1160,2.061
1,1161,1.680
1,1162,1.861
1,1163,1.941
1,1164,1.735
1,1165,1.727
1,1166,2.489
1,1167,2.855
1,1168,1.736
1,1169,1.734
1,1170,2.479
1,1171,1.881
1,1172,1.589
1,1173,2.225
1,1174,2.639
1,1175,2.068
1,1176,2.449
1,1177,2.044
1,1178,1.621
1,1179,1.745
1,1180,1.959
1,1181,2.987
1,1182,2.820
1,1183,2.460
1,1184,1.717
1,1185,1.506
1,1186,1.956
1,1187,1.807
1,1188,1.743
1,1189,2.489
1,1190,2.647
1,1191,2.592
1,1192,2.650
1,1193,1.924
1,1194,1.524
1,1195,1.729
1,1196,2.885
1,1197,1.905
1,1198,1.583
1,1199,1.718
1,1200,2.275
1,1201,2.464
1,1202,1.962
1,1203,2.382
1,1204,1.939
1,1205,2.122
1,1206,2.106
1,1207,1.919
1,1208,1.650
1,1209,1.532
1,1210,2.198
1,1211,2.727
1,1212,3.464
1,1213,3.266
1,1214,3.311
1,1215,3.136
1,1216,3.488
1,1217,2.487
1,1218,2.226
1,1219,2.359
1,1220,2.567
1,1221,2.182
1,1222,2.386
1,1223,2.794
1,1224,2.098
1,1225,2.531
1,1226,2.130
1,1227,2.244
1,1228,2.281
1,1229,2.359
1,1230,1.990
1,1231,2.268
1,1232,1.880
1,1233,1.557
1,1234,1.848
1,1235,2.026
1,1236,1.696
1,1237,2.411
1,1238,1.865
1,1239,1.831
1,1240,1.986
1,1241,1.507
1,1242,1.690
1,1243,1.778
1,1244,1.974
1,1245,1.871
1,1246,1.886
1,1247,1.887
1,1248,1.801
1,1249,1.722
1,1250,2.488
1,1251,1.972
1,1252,1.632
1,1253,2.245
1,1254,1.864
1,1255,1.758
1,1256,1.684
1,1257,2.017
1,1258,2.000
1,1259,1.851
1,1260,1.761
1,1261,1.940
1,1262,2.130
1,1263,1.798
1,1264,1.774
1,1265,1.583
1,1266,1.700
1,1267,1.983
1,1268,2.068
1,1269,2.718
1,1270,2.549
1,1271,3.149
1,1272,2.836
1,1273,2.917
1,1274,2.917
1,1275,2.832
1,1276,2.766
1,1277,2.156
1,1278,2.695
1,1279,3.065
1,1280,2.513
1,1281,2.486
1,1282,2.624
1,1283,1.916
1,1284,2.010
1,1285,1.803
1,1286,1.951
1,1287,2.140
1,1288,1.984
1,1289,2.250
1,1290,3.044
1,1291,2.299
1,1292,1.929
1,1293,2.149
1,1294,2.161
1,1295,2.361
1,1296,2.968
1,1297,2.938
1,1298,2.426
1,1299,2.980
1,1300,2.306
1,1301,1.927
1,1302,2.512
1,1303,2.461
1,1304,2.502
1,1305,2.262
1,1306,1.970
1,1307,1.978
1,1308,2.447
1,1309,2.118
1,1310,2.091
1,1311,2.137
1,1312,2.906
1,1313,2.094
1,1314,2.388
1,1315,2.429
1,1316,2.272
1,1317,2.283
1,1318,2.672
1,1319,3.088
1,1320,2.676
1,1321,2.144
1,1322,2.160
1,1323,1.958
1,1324,1.996
1,1325,2.184
1,1326,2.019
1,1327,2.402
1,1328,2.652
1,1329,2.701
1,1330,2.141
1,1331,1.728
1,1332,1.742
1,1333,2.045
1,1334,1.918
1,1335,1.888
1,1336,2.002
1,1337,1.895
1,1338,1.659
1,1339,2.032
1,1340,1.962
1,1341,1.926
1,1342,1.684
1,1343,1.619
1,1344,1.739
1,1345,2.526
1,1346,1.876
1,1347,1.804
1,1348,1.511
1,1349,1.474
1,1350,1.912
1,1351,1.880
1,1352,1.591
1,1353,1.846
1,1354,3.011
1,1355,2.956
1,1356,2.221
1,1357,3.186
1,1358,3.268
1,1359,2.513
1,1360,2.221
1,1361,2.035
1,1362,2.595
1,1363,2.141
1,1364,1.833
1,1365,2.075
1,1366,3.389
1,1367,2.160
1,1368,1.980
1,1369,1.892
1,1370,2.128
1,1371,2.036
1,1372,2.480
1,1373,2.280
1,1374,2.119
1,1375,1.772
1,1376,1.676
1,1377,1.656
1,1378,1.503
1,1379,1.938
1,1380,1.952
1,1381,2.395
1,1382,2.147
1,1383,1.670
1,1384,1.700
1,1385,1.697
1,1386,1.786
1,1387,1.900
1,1388,2.566
1,1389,2.124
1,1390,1.773
1,1391,1.460
1,1392,1.452
1,1393,1.519
1,1394,1.472
1,1395,1.401
1,1396,1.555
1,1397,1.509
1,1398,3.303
1,1399,2.311
1,1400,2.213
1,1401,2.289
1,1402,1.877
1,1403,1.859
1,1404,2.097
1,1405,2.224
1,1406,2.277
1,1407,2.604
1,1408,2.024
1,1409,1.600
1,1410,1.770
1,1411,1.973
1,1412,1.786
1,1413,2.170
1,1414,2.220
1,1415,2.203
1,1416,1.599
1,1417,1.503
1,1418,1.961
1,1419,1.792
1,1420,1.736
1,1421,1.654
1,1422,2.073
1,1423,2.132
1,1424,1.738
1,1425,2.535
1,1426,1.880
1,1427,1.526
1,1428,1.497
1,1429,1.876
1,1430,1.677
1,1431,2.236
1,1432,2.022
1,1433,2.393
1,1434,2.554
1,1435,1.887
1,1436,2.062
1,1437,1.859
1,1438,2.481
1,1439,2.472
1,1440,2.242
1,1441,2.316
1,1442,2.696
1,1443,2.175
1,1444,1.833
1,1445,3.008
1,1446,2.328
1,1447,2.589
1,1448,2.955
1,1449,2.699
1,1450,2.238
1,1451,2.389
1,1452,2.168
1,1453,2.283
1,1454,2.527
1,1455,2.194
1,1456,2.074
1,1457,2.712
1,1458,3.179
1,1459,2.576
1,1460,1.898
1,1461,1.799
1,1462,2.019
1,1463,2.198
1,1464,2.033
1,1465,2.543
1,1466,2.087
1,1467,1.638
1,1468,1.645
1,1469,1.756
1,1470,1.629
1,1471,1.590
1,1472,1.477
1,1473,1.578
1,1474,2.140
1,1475,2.548
1,1476,2.459
1,1477,2.238
1,1478,2.392
1,1479,2.101
1,1480,1.711
1,1481,1.787
1,1482,2.312
1,1483,2.792
1,1484,2.015
1,1485,1.656
1,1486,1.761
1,1487,1.622
1,1488,1.481
1,1489,1.751
1,1490,1.914
1,1491,1.832
1,1492,2.336
1,1493,1.671
1,1494,1.949
1,1495,1.703
1,1496,1.529
1,1497,1.539
1,1498,1.597
1,1499,1.606
1,1500,1.756
1,1501,1.626
1,1502,1.893
1,1503,1.770
1,1504,1.645
1,1505,1.785
1,1506,2.041
1,1507,1.744
1,1508,1.627
1,1509,2.705
1,1510,2.144
1,1511,2.344
1,1512,1.722
1,1513,2.338
1,1514,1.912
1,1515,1.515
1,1516,2.012
1,1517,1.888
1,1518,1.726
1,1519,1.576
1,1520,1.983
1,1521,1.829
1,1522,1.715
1,1523,1.513
1,1524,1.751
1,1525,1.928
1,1526,1.680
1,1527,1.773
1,1528,1.766
1,1529,1.588
1,1530,1.973
1,1531,1.615
1,1532,1.936
1,1533,1.898
1,1534,1.905
1,1535,2.376
1,1536,2.088
1,1537,1.934
1,1538,1.878
1,1539,2.250
1,1540,1.728
1,1541,1.534
1,1542,1.575
1,1543,2.269
1,1544,1.801
1,1545,1.488
1,1546,1.550
1,1547,1.560
1,1548,1.522
1,1549,2.618
1,1550,2.010
1,1551,2.150
1,1552,3.316
1,1553,2.238
1,1554,1.701
1,1555,1.472
1,1556,1.634
1,1557,2.029
1,1558,2.261
1,1559,2.421
1,1560,2.207
1,1561,2.197
1,1562,2.001
1,1563,2.234
1,1564,2.228
1,1565,2.540
1,1566,2.209
1,1567,2.199
1,1568,2.070
1,1569,1.796
1,1570,2.163
1,1571,1.830
1,1572,2.038
1,1573,2.635
1,1574,2.251
1,1575,2.032
1,1576,1.868
1,1577,2.230
1,1578,1.865
1,1579,2.135
1,1580,2.330
1,1581,3.023
1,1582,2.509
1,1583,2.179
1,1584,2.209
1,1585,2.105
1,1586,2.257
1,1587,2.496
1,1588,2.680
1,1589,2.241
1,1590,2.224
1,1591,2.166
1,1592,2.231
1,1593,1.957
1,1594,2.747
1,1595,2.531
1,1596,3.103
1,1597,2.805
1,1598,2.412
1,1599,2.206
1,1600,2.830
1,1601,2.809
1,1602,2.563
1,1603,2.852
1,1604,2.319
1,1605,2.558
1,1606,2.827
1,1607,2.610
1,1608,2.459
1,1609,2.516
1,1610,2.856
1,1611,2.474
1,1612,2.908
1,1613,2.539
1,1614,2.089
1,1615,2.088
1,1616,2.081
1,1617,2.433
1,1618,2.208
1,1619,2.359
1,1620,3.356
1,1621,3.271
1,1622,2.378
1,1623,2.165
1,1624,2.615
1,1625,2.632
1,1626,2.350
1,1627,2.281
1,1628,2.412
1,1629,2.803
1,1630,3.106
1,1631,4.021
1,1632,4.003
1,1633,2.898
1,1634,2.618
1,1635,2.529
1,1636,2.847
1,1637,3.362
1,1638,2.605
1,1639,3.176
1,1640,2.746
1,1641,2.599
1,1642,2.717
1,1643,2.958
1,1644,2.517
1,1645,2.397
1,1646,2.723
1,1647,2.609
1,1648,2.510
1,1649,2.531
1,1650,3.172
1,1651,2.492
1,1652,2.531
1,1653,2.038
1,1654,2.135
1,1655,2.605
1,1656,2.928
1,1657,2.970
1,1658,3.052
1,1659,2.793
1,1660,3.653
1,1661,3.043
1,1662,2.571
1,1663,2.777
1,1664,3.108
1,1665,3.030
1,1666,2.985
1,1667,2.264
1,1668,2.481
1,1669,2.422
1,1670,2.882
1,1671,1.989
1,1672,3.270
1,1673,1.923
1,1674,1.963
1,1675,2.257
1,1676,2.490
1,1677,2.690
1,1678,2.552
1,1679,2.452
1,1680,2.022
1,1681,2.183
1,1682,2.057
1,1683,1.805
1,1684,1.736
1,1685,1.860
1,1686,1.954
1,1687,1.787
1,1688,1.750
1,1689,1.613
1,1690,1.443
1,1691,1.725
1,1692,2.002
1,1693,1.872
1,1694,1.629
1,1695,1.797
1,1696,1.912
1,1697,2.141
1,1698,1.805
1,1699,1.615
1,1700,2.185
1,1701,1.665
1,1702,1.985
1,1703,1.883
1,1704,2.268
1,1705,1.982
1,1706,1.774
1,1707,2.076
1,1708,2.109
1,1709,1.914
1,1710,1.898
1,1711,1.673
1,1712,2.152
1,1713,2.190
1,1714,1.759
1,1715,1.588
1,1716,1.532
1,1717,1.461
1,1718,1.754
1,1719,1.760
1,1720,1.467
1,1721,1.820
1,1722,2.283
1,1723,2.431
1,1724,2.002
1,1725,1.959
1,1726,2.028
1,1727,1.946
1,1728,2.584
1,1729,2.869
1,1730,2.569
1,1731,2.796
1,1732,2.397
1,1733,2.349
1,1734,2.313
1,1735,2.641
1,1736,2.880
1,1737,2.536
1,1738,2.722
1,1739,2.435
1,1740,2.381
1,1741,2.657
1,1742,2.387
1,1743,1.926
1,1744,1.723
1,1745,1.803
1,1746,1.926
1,1747,1.680
1,1748,1.645
1,1749,2.148
1,1750,2.215
1,1751,1.731
1,1752,1.754
1,1753,1.822
1,1754,1.735
1,1755,1.700
1,1756,2.087
1,1757,1.820
1,1758,2.032
1,1759,1.802
1,1760,1.591
1,1761,1.732
1,1762,1.561
1,1763,1.439
1,1764,1.497
1,1765,1.582
1,1766,1.808
1,1767,2.249
1,1768,1.942
1,1769,1.849
1,1770,1.675
1,1771,1.578
1,1772,1.805
1,1773,1.841
1,1774,1.581
1,1775,1.682
1,1776,2.271
1,1777,2.292
1,1778,1.886
1,1779,1.682
1,1780,2.007
1,1781,2.351
1,1782,1.911
1,1783,1.965
1,1784,2.187
1,1785,2.465
1,1786,1.943
1,1787,2.039
1,1788,1.897
1,1789,1.510
1,1790,1.598
1,1791,1.807
1,1792,1.739
1,1793,2.702
1,1794,2.394
1,1795,1.823
1,1796,1.573
1,1797,1.500
1,1798,1.881
1,1799,1.712
1,1800,1.500
1,1801,2.621
1,1802,4.014
1,1803,2.778
1,1804,2.704
1,1805,2.077
1,1806,2.017
1,1807,2.385
1,1808,1.890
1,1809,1.570
1,1810,1.587
1,1811,1.892
1,1812,1.804
1,1813,1.596
1,1814,1.769
1,1815,1.806
1,1816,1.867
1,1817,2.642
1,1818,2.687
1,1819,2.366
1,1820,2.609
1,1821,2.446
1,1822,2.189
1,1823,2.960
1,1824,2.363
1,1825,2.640
1,1826,2.457
1,1827,2.714
1,1828,2.696
1,1829,2.698
1,1830,1.773
1,1831,1.736
1,1832,2.085
1,1833,1.890
1,1834,1.993
1,1835,2.611
1,1836,2.549
1,1837,2.202
1,1838,2.096
1,1839,1.898
1,1840,1.723
1,1841,1.857
1,1842,2.031
1,1843,2.764
1,1844,2.631
1,1845,2.524
1,1846,2.351
1,1847,2.918
1,1848,2.758
1,1849,2.553
1,1850,3.435
1,1851,2.678
1,1852,3.186
1,1853,2.471
1,1854,2.838
1,1855,3.270
1,1856,2.479
1,1857,2.035
1,1858,2.117
1,1859,1.753
1,1860,1.724
1,1861,2.058
1,1862,1.596
1,1863,2.296
1,1864,2.725
1,1865,2.423
1,1866,1.983
1,1867,2.602
1,1868,2.147
1,1869,1.728
1,1870,2.256
1,1871,2.452
1,1872,2.292
1,1873,2.704
1,1874,2.081
1,1875,1.799
1,1876,1.947
1,1877,2.463
1,1878,2.264
1,1879,2.090
1,1880,2.135
1,1881,2.566
1,1882,1.950
1,1883,2.066
1,1884,2.242
1,1885,2.078
1,1886,2.225
1,1887,1.884
1,1888,1.732
1,1889,1.944
1,1890,2.191
1,1891,1.906
1,1892,1.946
1,1893,2.292
1,1894,1.998
1,1895,1.763
1,1896,1.960
1,1897,2.231
1,1898,2.323
1,1899,1.630
1,1900,2.074
1,1901,2.171
1,1902,1.580
1,1903,1.577
1,1904,1.752
1,1905,1.566
1,1906,1.716
1,1907,2.038
1,1908,3.031
1,1909,2.485
1,1910,1.890
1,1911,1.906
1,1912,1.703
1,1913,1.663
1,1914,1.759
1,1915,1.735
1,1916,2.066
1,1917,3.198
1,1918,2.566
1,1919,2.249
1,1920,2.421
1,1921,2.349
1,1922,2.218
1,1923,2.598
1,1924,2.739
1,1925,2.021
1,1926,1.846
1,1927,1.823
1,1928,1.610
1,1929,1.704
1,1930,1.997
1,1931,1.978
1,1932,2.167
1,1933,2.000
1,1934,1.994
1,1935,1.922
1,1936,1.464
1,1937,1.619
1,1938,2.022
1,1939,2.073
1,1940,2.050
1,1941,2.280
1,1942,2.326
1,1943,1.825
1,1944,1.980
1,1945,2.184
1,1946,1.731
1,1947,1.810
1,1948,2.557
1,1949,1.954
1,1950,1.778
1,1951,2.090
1,1952,1.884
1,1953,1.613
1,1954,1.513
1,1955,2.215
1,1956,1.996
1,1957,1.596
1,1958,1.510
1,1959,1.656
1,1960,1.520
1,1961,1.971
1,1962,1.720
1,1963,1.879
1,1964,2.132
1,1965,1.848
1,1966,2.218
1,1967,2.064
1,1968,1.650
1,1969,1.636
1,1970,2.210
1,1971,1.939
1,1972,2.213
1,1973,2.118
1,1974,2.103
1,1975,1.576
1,1976,1.512
1,1977,2.078
1,1978,2.057
1,1979,2.612
1,1980,1.907
1,1981,2.219
1,1982,1.748
1,1983,1.410
1,1984,1.786
1,1985,1.825
1,1986,1.487
1,1987,1.677
1,1988,2.495
1,1989,2.084
1,1990,1.728
1,1991,1.584
1,1992,2.104
1,1993,1.737
1,1994,1.532
1,1995,1.784
1,1996,2.294
1,1997,2.442
1,1998,1.837
1,1999,1.893
1,2000,1.750
1,2001,1.530
1,2002,1.463
1,2003,1.899
1,2004,1.971
1,2005,2.717
1,2006,2.562
1,2007,2.436
1,2008,2.284
1,2009,2.120
1,2010,1.876
1,2011,1.922
1,2012,2.345
1,2013,2.288
1,2014,2.286
1,2015,1.948
1,2016,2.561
1,2017,2.112
1,2018,2.164
1,2019,2.783
1,2020,2.183
1,2021,2.236
1,2022,2.703
1,2023,2.087
1,2024,1.863
1,2025,2.241
1,2026,2.231
1,2027,1.999
1,2028,2.118
1,2029,1.895
1,2030,2.421
1,2031,2.112
1,2032,1.988
1,2033,2.006
1,2034,1.822
1,2035,1.934
1,2036,1.653
1,2037,1.452
1,2038,1.719
1,2039,1.981
1,2040,2.083
1,2041,1.839
1,2042,2.119
1,2043,2.030
1,2044,1.768
1,2045,1.609
1,2046,2.057
1,2047,1.828
1,2048,1.889
1,2049,1.676
1,2050,1.894
1,2051,2.090
1,2052,2.022
1,2053,2.364
1,2054,2.316
1,2055,2.277
1,2056,2.232
1,2057,2.563
1,2058,2.178
1,2059,1.809
1,2060,1.840
1,2061,1.702
1,2062,1.428
1,2063,1.606
1,2064,1.771
1,2065,1.516
1,2066,2.257
1,2067,2.759
1,2068,2.061
1,2069,2.082
1,2070,1.920
1,2071,1.788
1,2072,1.623
1,2073,1.472
1,2074,2.165
1,2075,1.945
1,2076,1.962
1,2077,1.715
1,2078,1.670
1,2079,1.609
1,2080,1.540
1,2081,1.494
1,2082,1.867
1,2083,1.840
1,2084,1.593
1,2085,1.615
1,2086,2.257
1,2087,1.488
1,2088,1.652
1,2089,1.768
1,2090,1.638
1,2091,1.603
1,2092,2.328
1,2093,2.156
1,2094,1.940
1,2095,1.861
1,2096,1.854
1,2097,1.848
1,2098,1.940
1,2099,1.835
1,2100,2.381
1,2101,2.267
1,2102,1.775
1,2103,1.782
1,2104,2.343
1,2105,1.879
1,2106,1.895
1,2107,1.804
1,2108,2.419
1,2109,2.094
1,2110,1.687
1,2111,1.773
1,2112,1.756
1,2113,1.888
1,2114,1.881
1,2115,2.072
1,2116,2.321
1,2117,2.373
1,2118,2.436
1,2119,1.977
1,2120,1.695
1,2121,1.745
1,2122,2.089
1,2123,1.747
1,2124,2.009
1,2125,2.125
1,2126,2.274
1,2127,2.133
1,2128,2.202
1,2129,1.987
1,2130,1.534
1,2131,1.899
1,2132,1.797
1,2133,1.790
1,2134,1.885
1,2135,1.588
1,2136,1.685
1,2137,1.762
1,2138,1.585
1,2139,1.424
1,2140,1.788
1,2141,2.299
1,2142,1.813
1,2143,1.676
1,2144,1.661
1,2145,2.063
1,2146,1.740
1,2147,1.568
1,2148,1.859
1,2149,1.769
1,2150,1.999
1,2151,2.866
1,2152,1.943
1,2153,1.618
1,2154,1.434
1,2155,1.514
1,2156,1.523
1,2157,1.460
1,2158,1.358
1,2159,1.864
1,2160,2.194
1,2161,2.428
1,2162,1.900
1,2163,1.819
1,2164,1.657
1,2165,1.492
1,2166,1.384
1,2167,1.452
1,2168,2.047
1,2169,2.193
1,2170,2.183
1,2171,2.502
1,2172,2.341
1,2173,2.092
1,2174,2.217
1,2175,2.303
1,2176,3.098
1,2177,2.405
1,2178,2.354
1,2179,2.159
1,2180,2.051
1,2181,2.280
1,2182,2.341
1,2183,2.787
1,2184,2.424
1,2185,2.654
1,2186,2.921
1,2187,2.237
1,2188,3.040
1,2189,2.469
1,2190,2.132
1,2191,2.389
1,2192,2.342
1,2193,2.953
1,2194,2.208
1,2195,2.327
1,2196,2.211
1,2197,2.716
1,2198,1.961
1,2199,2.036
1,2200,2.211
1,2201,2.567
1,2202,2.409
1,2203,2.501
1,2204,2.246
1,2205,2.592
1,2206,2.450
1,2207,2.209
1,2208,3.360
1,2209,2.664
1,2210,2.213
1,2211,2.277
1,2212,2.109
1,2213,2.468
1,2214,2.685
1,2215,3.001
1,2216,2.600
1,2217,2.496
1,2218,2.242
1,2219,2.405
1,2220,2.142
1,2221,2.329
1,2222,2.867
1,2223,2.385
1,2224,2.078
1,2225,2.367
1,2226,2.078
1,2227,1.867
1,2228,2.686
1,2229,2.190
1,2230,2.416
1,2231,2.349
1,2232,2.234
1,2233,1.975
1,2234,2.683
1,2235,2.562
1,2236,2.439
1,2237,2.862
1,2238,2.370
1,2239,2.183
1,2240,2.186
1,2241,2.120
1,2242,2.983
1,2243,2.668
1,2244,2.580
1,2245,2.453
1,2246,2.579
1,2247,2.209
1,2248,2.472
1,2249,2.324
1,2250,1.986
1,2251,2.360
1,2252,2.669
1,2253,2.236
1,2254,2.381
1,2255,3.363
1,2256,2.294
1,2257,2.533
1,2258,2.375
1,2259,2.825
1,2260,2.522
1,2261,2.341
1,2262,2.123
1,2263,2.351
1,2264,2.107
1,2265,2.121
1,2266,2.185
1,2267,2.471
1,2268,3.427
1,2269,2.541
1,2270,2.302
1,2271,2.414
1,2272,2.400
1,2273,2.343
1,2274,4.229
1,2275,4.488
1,2276,2.682
1,2277,2.236
1,2278,2.636
1,2279,2.256
1,2280,2.378
1,2281,3.769
1,2282,2.159
1,2283,1.909
1,2284,2.049
1,2285,1.812
1,2286,2.895
1,2287,2.383
1,2288,1.885
1,2289,1.705
1,2290,1.717
1,2291,1.696
1,2292,1.606
1,2293,1.824
1,2294,3.332
1,2295,3.066
1,2296,2.866
1,2297,2.714
1,2298,2.493
1,2299,2.425
1,2300,2.879
1,2301,2.786
1,2302,4.527
1,2303,2.702
1,2304,2.129
1,2305,2.086
1,2306,2.352
1,2307,2.148
1,2308,1.761
1,2309,2.238
1,2310,2.203
1,2311,2.412
1,2312,2.196
1,2313,2.365
1,2314,1.933
1,2315,1.948
1,2316,1.926
1,2317,1.578
1,2318,1.537
1,2319,1.615
1,2320,2.814
1,2321,2.257
1,2322,1.742
1,2323,1.709
1,2324,1.641
1,2325,1.471
1,2326,1.399
1,2327,1.801
1,2328,1.643
1,2329,1.459
1,2330,2.838
1,2331,2.247
1,2332,2.517
1,2333,2.417
1,2334,2.122
1,2335,1.835
1,2336,2.057
1,2337,2.850
1,2338,2.732
1,2339,2.141
1,2340,2.720
1,2341,2.038
1,2342,1.757
1,2343,1.821
1,2344,2.138
1,2345,2.333
1,2346,2.241
1,2347,1.726
1,2348,1.632
1,2349,1.431
1,2350,1.403
1,2351,1.838
1,2352,1.754
1,2353,2.402
1,2354,2.103
1,2355,2.287
1,2356,2.696
1,2357,2.198
1,2358,2.066
1,2359,1.635
1,2360,2.388
1,2361,2.029
1,2362,1.622
1,2363,1.634
1,2364,1.617
1,2365,2.192
1,2366,1.616
1,2367,1.424
1,2368,1.487
1,2369,2.369
1,2370,1.927
1,2371,1.931
1,2372,1.993
1,2373,1.719
1,2374,1.594
1,2375,1.700
1,2376,1.514
1,2377,1.658
1,2378,2.021
1,2379,2.090
1,2380,2.270
1,2381,2.332
1,2382,2.749
1,2383,2.560
1,2384,2.325
1,2385,2.128
1,2386,2.297
1,2387,2.089
1,2388,2.316
1,2389,2.284
1,2390,2.502
1,2391,1.907
1,2392,2.444
1,2393,1.996
1,2394,1.670
1,2395,2.064
1,2396,1.980
1,2397,1.566
1,2398,1.648
1,2399,1.582
1,2400,1.913
1,2401,2.799
1,2402,2.082
1,2403,2.149
1,2404,1.920
1,2405,2.096
1,2406,2.160
1,2407,2.120
1,2408,1.995
1,2409,2.236
1,2410,2.141
1,2411,2.021
1,2412,1.875
1,2413,2.405
1,2414,2.984
1,2415,2.377
1,2416,2.276
1,2417,2.466
1,2418,2.154
1,2419,2.384
1,2420,2.544
1,2421,4.431
1,2422,2.639
1,2423,2.621
1,2424,5.659
1,2425,2.709
1,2426,2.159
1,2427,2.097
1,2428,1.830
1,2429,1.941
1,2430,1.980
1,2431,2.847
1,2432,2.589
1,2433,3.180
1,2434,2.268
1,2435,2.177
1,2436,2.396
1,2437,2.238
1,2438,2.561
1,2439,2.614
1,2440,2.233
1,2441,1.996
1,2442,2.447
1,2443,2.351
1,2444,1.966
1,2445,2.158
1,2446,3.047
1,2447,1.973
1,2448,1.981
1,2449,1.923
1,2450,1.808
1,2451,2.073
1,2452,2.060
1,2453,2.859
1,2454,2.728
1,2455,2.803
1,2456,2.307
1,2457,2.363
1,2458,2.390
1,2459,2.431
1,2460,2.452
1,2461,2.272
1,2462,1.606
1,2463,1.463
1,2464,1.963
1,2465,1.718
1,2466,1.488
1,2467,1.524
1,2468,1.876
1,2469,2.016
1,2470,1.952
1,2471,1.941
1,2472,1.749
1,2473,1.566
1,2474,1.433
1,2475,1.657
1,2476,2.242
1,2477,1.818
1,2478,1.694
1,2479,1.653
1,2480,2.630
1,2481,2.449
1,2482,1.698
1,2483,2.201
1,2484,2.159
1,2485,2.096
1,2486,2.008
1,2487,1.755
1,2488,1.722
1,2489,1.500
1,2490,1.893
1,2491,1.783
1,2492,1.895
1,2493,1.977
1,2494,1.909
1,2495,1.638
1,2496,1.728
1,2497,1.737
1,2498,1.634
1,2499,1.536
1,2500,1.831
1,2501,1.750
1,2502,2.028
1,2503,1.665
1,2504,1.447
1,2505,1.653
1,2506,1.734
1,2507,1.868
1,2508,1.862
1,2509,1.634
1,2510,2.209
1,2511,1.912
1,2512,1.842
1,2513,2.005
1,2514,1.823
1,2515,1.584
1,2516,1.669
1,2517,1.706
1,2518,1.577
1,2519,2.181
1,2520,1.854
1,2521,1.789
1,2522,1.600
1,2523,1.442
1,2524,1.574
1,2525,1.941
1,2526,1.611
1,2527,1.658
1,2528,2.013
1,2529,1.824
1,2530,2.152
1,2531,1.703
1,2532,1.553
1,2533,2.012
1,2534,1.701
1,2535,2.165
1,2536,2.589
1,2537,2.147
1,2538,2.193
1,2539,2.659
1,2540,2.552
1,2541,2.487
1,2542,3.133
1,2543,2.527
1,2544,2.579
1,2545,4.186
1,2546,3.246
1,2547,2.154
1,2548,1.603
1,2549,1.628
1,2550,1.650
1,2551,1.447
1,2552,1.586
1,2553,1.660
1,2554,1.593
1,2555,1.596
1,2556,2.062
1,2557,2.144
1,2558,2.113
1,2559,1.723
1,2560,1.525
1,2561,1.624
1,2562,1.942
1,2563,2.040
1,2564,1.956
1,2565,2.342
1,2566,1.768
1,2567,1.499
1,2568,1.427
1,2569,1.800
1,2570,1.916
1,2571,1.841
1,2572,1.675
1,2573,1.876
1,2574,2.492
1,2575,2.002
1,2576,1.520
1,2577,1.708
1,2578,1.622
1,2579,1.496
1,2580,1.758
1,2581,1.770
1,2582,2.073
1,2583,1.993
1,2584,1.713
1,2585,2.647
1,2586,1.759
1,2587,1.584
1,2588,1.742
1,2589,1.831
1,2590,2.179
1,2591,2.800
1,2592,2.415
1,2593,2.350
1,2594,1.959
1,2595,2.310
1,2596,1.906
1,2597,1.718
1,2598,2.932
1,2599,2.191
1,2600,1.760
1,2601,2.486
1,2602,2.060
1,2603,1.708
1,2604,2.016
1,2605,2.542
1,2606,2.174
1,2607,2.022
1,2608,2.629
1,2609,2.393
1,2610,1.872
1,2611,2.104
1,2612,2.704
1,2613,2.368
1,2614,2.200
1,2615,1.776
1,2616,1.559
1,2617,1.972
1,2618,2.085
1,2619,1.937
1,2620,2.060
1,2621,2.184
1,2622,1.835
1,2623,1.917
1,2624,1.831
1,2625,1.967
1,2626,2.299
1,2627,2.424
1,2628,2.416
1,2629,2.137
1,2630,2.895
1,2631,2.813
1,2632,1.933
1,2633,2.515
1,2634,2.264
1,2635,1.721
1,2636,2.434
1,2637,2.603
1,2638,2.337
1,2639,3.142
1,2640,3.353
1,2641,2.736
1,2642,2.409
1,2643,2.357
1,2644,2.546
1,2645,2.156
1,2646,2.928
1,2647,2.964
1,2648,2.232
1,2649,2.538
1,2650,2.463
1,2651,2.828
1,2652,2.772
1,2653,2.461
1,2654,2.850
1,2655,2.529
1,2656,2.429
1,2657,2.380
1,2658,2.692
1,2659,2.300
1,2660,2.583
1,2661,2.763
1,2662,2.271
1,2663,2.656
1,2664,2.648
1,2665,2.480
1,2666,2.377
1,2667,2.127
1,2668,2.637
1,2669,2.613
1,2670,2.658
1,2671,4.739
1,2672,4.261
1,2673,4.785
1,2674,4.227
1,2675,4.210
1,2676,4.166
1,2677,4.894
1,2678,4.324
1,2679,3.266
1,2680,2.813
1,2681,3.092
1,2682,4.804
1,2683,4.046
1,2684,3.262
1,2685,3.556
1,2686,3.348
1,2687,3.766
1,2688,5.539
1,2689,2.873
1,2690,3.732
1,2691,2.721
1,2692,2.957
1,2693,2.746
1,2694,2.268
1,2695,3.197
1,2696,2.754
1,2697,2.621
1,2698,3.102
1,2699,2.882
1,2700,2.971
1,2701,3.376
1,2702,3.243
1,2703,3.215
1,2704,2.849
1,2705,3.283
1,2706,3.090
1,2707,2.962
1,2708,2.942
1,2709,3.051
1,2710,2.543
1,2711,2.978
1,2712,2.847
1,2713,2.423
1,2714,2.565
1,2715,2.772
1,2716,2.278
1,2717,4.583
1,2718,4.034
1,2719,2.769
1,2720,2.475
1,2721,2.618
1,2722,2.705
1,2723,2.540
1,2724,2.654
1,2725,2.209
1,2726,2.531
1,2727,2.154
1,2728,2.330
1,2729,2.760
1,2730,2.441
1,2731,2.549
1,2732,2.618
1,2733,2.342
1,2734,2.285
1,2735,2.568
1,2736,2.455
1,2737,2.221
1,2738,3.343
1,2739,2.531
1,2740,2.485
1,2741,2.733
1,2742,2.770
1,2743,2.686
1,2744,2.505
1,2745,2.913
1,2746,2.519
1,2747,2.732
1,2748,3.106
1,2749,2.532
1,2750,2.933
1,2751,3.147
1,2752,3.515
1,2753,2.755
1,2754,2.362
1,2755,2.397
1,2756,2.778
1,2757,2.801
1,2758,2.725
1,2759,2.711
1,2760,3.720
1,2761,3.579
1,2762,3.606
1,2763,3.034
1,2764,3.119
1,2765,2.417
1,2766,2.397
1,2767,2.273
1,2768,2.159
1,2769,2.542
1,2770,3.267
1,2771,2.219
1,2772,2.367
1,2773,2.346
1,2774,2.201
1,2775,2.484
1,2776,2.607
1,2777,2.744
1,2778,2.682
1,2779,2.364
1,2780,2.458
1,2781,2.500
1,2782,2.631
1,2783,3.018
1,2784,2.695
1,2785,2.372
1,2786,2.641
1,2787,2.412
1,2788,2.614
1,2789,3.206
1,2790,2.442
1,2791,3.023
1,2792,2.263
1,2793,2.313
1,2794,3.003
1,2795,2.574
1,2796,2.321
1,2797,2.475
1,2798,3.107
1,2799,2.493
1,2800,2.648
1,2801,3.022
1,2802,3.003
1,2803,2.611
1,2804,2.946
1,2805,2.372
1,2806,3.006
1,2807,2.625
1,2808,3.123
1,2809,2.814
1,2810,3.243
1,2811,3.098
1,2812,2.585
1,2813,2.443
1,2814,2.508
1,2815,2.659
1,2816,2.754
1,2817,3.788
1,2818,3.459
1,2819,2.666
1,2820,2.770
1,2821,2.805
1,2822,2.686
1,2823,4.263
1,2824,2.584
1,2825,3.023
1,2826,2.536
1,2827,2.272
1,2828,2.594
1,2829,2.997
1,2830,2.550
1,2831,2.511
1,2832,2.284
1,2833,2.442
1,2834,2.579
1,2835,2.700
1,2836,3.268
1,2837,2.512
1,2838,2.223
1,2839,2.780
1,2840,4.793
1,2841,2.458
1,2842,2.276
1,2843,2.309
1,2844,2.197
1,2845,2.683
1,2846,2.621
1,2847,2.428
1,2848,1.831
1,2849,1.567
1,2850,2.200
1,2851,1.646
1,2852,1.648
1,2853,2.405
1,2854,1.805
1,2855,1.633
1,2856,1.681
1,2857,2.051
1,2858,2.199
1,2859,2.573
1,2860,2.282
1,2861,2.095
1,2862,1.969
1,2863,1.851
1,2864,1.738
1,2865,1.702
1,2866,1.720
1,2867,1.601
1,2868,2.494
1,2869,2.347
1,2870,1.948
1,2871,2.189
1,2872,2.818
1,2873,2.164
1,2874,1.928
1,2875,1.850
1,2876,8.120
1,2877,2.027
1,2878,1.640
1,2879,1.513
1,2880,1.926
1,2881,2.387
1,2882,2.663
1,2883,2.194
1,2884,2.352
1,2885,2.350
1,2886,2.373
1,2887,2.070
1,2888,2.991
1,2889,2.117
1,2890,1.612
1,2891,1.891
1,2892,1.643
1,2893,1.526
1,2894,2.004
1,2895,2.288
1,2896,2.213
1,2897,1.825
1,2898,2.687
1,2899,2.668
1,2900,2.506
1,2901,2.450
1,2902,2.778
1,2903,2.482
1,2904,2.370
1,2905,2.383
1,2906,2.810
1,2907,2.367
1,2908,2.437
1,2909,2.472
1,2910,2.708
1,2911,2.222
1,2912,2.638
1,2913,2.438
1,2914,3.506
1,2915,2.568
1,2916,2.495
1,2917,2.706
1,2918,2.601
1,2919,3.580
1,2920,3.619
1,2921,3.443
1,2922,2.489
1,2923,2.371
1,2924,2.636
1,2925,3.245
1,2926,3.146
1,2927,2.635
1,2928,3.384
1,2929,2.747
1,2930,3.020
1,2931,3.735
1,2932,2.914
1,2933,2.969
1,2934,2.640
1,2935,2.598
1,2936,3.085
1,2937,3.041
1,2938,2.753
1,2939,2.353
1,2940,2.236
1,2941,3.058
1,2942,3.402
1,2943,3.477
1,2944,3.428
1,2945,2.781
1,2946,2.817
1,2947,3.169
1,2948,2.752
1,2949,2.848
1,2950,2.653
1,2951,2.634
1,2952,3.672
1,2953,3.622
1,2954,3.514
1,2955,3.396
1,2956,2.940
1,2957,2.738
1,2958,2.166
1,2959,2.147
1,2960,2.051
1,2961,1.850
1,2962,2.546
1,2963,2.060
1,2964,2.741
1,2965,3.202
1,2966,2.751
1,2967,2.271
1,2968,1.850
1,2969,1.760
1,2970,1.784
1,2971,3.528
1,2972,2.495
1,2973,2.370
1,2974,2.270
1,2975,2.222
1,2976,1.650
1,2977,2.156
1,2978,1.817
1,2979,1.518
1,2980,1.761
1,2981,1.793
1,2982,1.570
1,2983,1.958
1,2984,1.784
1,2985,2.146
1,2986,2.493
1,2987,2.405
1,2988,1.732
1,2989,1.525
1,2990,1.452
1,2991,1.897
1,2992,1.910
1,2993,1.775
1,2994,1.784
1,2995,1.810
1,2996,2.009
1,2997,2.089
1,2998,1.547
1,2999,1.663
1,3000,1.521
1,3001,1.479
1,3002,1.783
1,3003,1.845
1,3004,1.937
1,3005,1.824
1,3006,1.532
1,3007,2.273
1,3008,1.847
1,3009,1.552
1,3010,1.594
1,3011,1.794
1,3012,1.675
1,3013,3.486
1,3014,3.168
1,3015,2.470
1,3016,1.675
1,3017,1.855
1,3018,1.749
1,3019,2.026
1,3020,1.931
1,3021,1.665
1,3022,1.662
1,3023,1.617
1,3024,1.535
1,3025,2.051
1,3026,1.666
1,3027,1.536
1,3028,1.982
1,3029,1.974
1,3030,1.561
1,3031,1.550
1,3032,1.447
1,3033,1.603
1,3034,1.805
1,3035,1.977
1,3036,1.911
1,3037,2.239
1,3038,2.919
1,3039,2.032
1,3040,1.728
1,3041,1.555
1,3042,1.509
1,3043,1.447
1,3044,2.526
1,3045,2.298
1,3046,2.180
1,3047,1.985
1,3048,1.608
1,3049,1.642
1,3050,1.649
1,3051,1.604
1,3052,1.667
1,3053,2.004
1,3054,1.787
1,3055,2.059
1,3056,1.721
1,3057,1.460
1,3058,1.522
1,3059,1.649
1,3060,1.494
1,3061,1.620
1,3062,1.592
1,3063,1.786
1,3064,2.151
1,3065,1.931
1,3066,2.262
1,3067,2.021
1,3068,1.534
1,3069,1.518
1,3070,1.449
1,3071,1.529
1,3072,1.530
1,3073,2.548
1,3074,2.232
1,3075,1.945
1,3076,1.531
1,3077,1.425
1,3078,1.825
1,3079,1.670
1,3080,1.494
1,3081,1.543
1,3082,1.713
1,3083,2.370
1,3084,2.165
1,3085,1.760
1,3086,2.091
1,3087,1.952
1,3088,1.720
1,3089,1.880
1,3090,2.295
1,3091,2.635
1,3092,2.472
1,3093,2.736
1,3094,1.990
1,3095,1.911
1,3096,2.065
1,3097,2.822
1,3098,2.279
1,3099,2.124
1,3100,2.252
1,3101,1.767
1,3102,2.176
1,3103,2.051
1,3104,2.462
1,3105,2.360
1,3106,2.060
1,3107,2.168
1,3108,2.448
1,3109,2.088
1,3110,1.793
1,3111,2.273
1,3112,2.050
1,3113,1.741
1,3114,1.770
1,3115,1.701
1,3116,2.219
1,3117,2.575
1,3118,1.826
1,3119,1.936
1,3120,1.846
1,3121,1.604
1,3122,1.593
1,3123,1.686
1,3124,1.662
1,3125,1.627
1,3126,1.604
1,3127,2.127
1,3128,1.989
1,3129,1.679
1,3130,1.740
1,3131,1.632
1,3132,1.539
1,3133,1.762
1,3134,1.838
1,3135,1.742
1,3136,1.648
1,3137,1.935
1,3138,1.969
1,3139,1.963
1,3140,1.622
1,3141,1.756
1,3142,1.796
1,3143,1.694
1,3144,2.168
1,3145,2.278
1,3146,2.450
1,3147,1.703
1,3148,1.468
1,3149,1.729
1,3150,1.707
1,3151,1.616
1,3152,1.811
1,3153,1.763
1,3154,3.086
1,3155,4.376
1,3156,2.670
1,3157,2.353
1,3158,2.833
1,3159,2.358
1,3160,2.418
1,3161,2.493
1,3162,2.090
1,3163,1.724
1,3164,1.922
1,3165,1.947
1,3166,2.739
1,3167,2.458
1,3168,2.007
1,3169,2.442
1,3170,1.832
1,3171,2.050
1,3172,2.003
1,3173,2.175
1,3174,2.099
1,3175,1.758
1,3176,1.938
1,3177,1.927
1,3178,2.271
1,3179,1.814
1,3180,1.789
1,3181,2.284
1,3182,1.976
1,3183,1.739
1,3184,1.809
1,3185,1.761
1,3186,1.829
1,3187,2.226
1,3188,2.129
1,3189,2.171
1,3190,1.956
1,3191,2.535
1,3192,1.979
1,3193,1.707
1,3194,1.580
1,3195,1.612
1,3196,1.969
1,3197,1.798
1,3198,2.770
1,3199,2.248
1,3200,1.678
1,3201,1.476
1,3202,1.636
1,3203,1.831
1,3204,1.861
1,3205,1.914
1,3206,2.054
1,3207,2.457
1,3208,2.003
1,3209,2.144
1,3210,2.051
1,3211,1.840
1,3212,1.848
1,3213,1.666
1,3214,2.678
1,3215,2.334
1,3216,2.449
1,3217,2.034
1,3218,1.599
1,3219,1.702
1,3220,1.624
1,3221,1.442
1,3222,2.018
1,3223,2.347
1,3224,1.915
1,3225,1.643
1,3226,1.467
1,3227,1.772
1,3228,1.763
1,3229,1.563
1,3230,1.549
1,3231,1.974
1,3232,1.878
1,3233,2.307
1,3234,2.306
1,3235,2.065
1,3236,1.657
1,3237,1.653
1,3238,2.209
1,3239,2.188
1,3240,2.290
1,3241,2.440
1,3242,2.659
1,3243,2.014
1,3244,1.842
1,3245,2.223
1,3246,2.058
1,3247,2.248
1,3248,2.133
1,3249,2.171
1,3250,1.863
1,3251,2.008
1,3252,2.261
1,3253,3.626
1,3254,2.791
1,3255,2.928
1,3256,3.434
1,3257,2.276
1,3258,2.084
1,3259,2.203
1,3260,2.111
1,3261,1.880
1,3262,1.899
1,3263,2.208
1,3264,2.508
1,3265,2.396
1,3266,2.166
1,3267,1.583
1,3268,1.444
1,3269,1.791
1,3270,1.610
1,3271,1.646
1,3272,1.773
1,3273,2.213
1,3274,2.142
1,3275,1.921
1,3276,1.867
1,3277,2.138
1,3278,2.118
1,3279,2.213
1,3280,2.072
1,3281,3.025
1,3282,2.020
1,3283,2.123
1,3284,1.939
1,3285,1.513
1,3286,1.981
1,3287,2.099
1,3288,2.480
1,3289,2.743
1,3290,1.850
1,3291,1.585
1,3292,1.403
1,3293,1.539
1,3294,1.920
1,3295,1.936
1,3296,1.914
1,3297,2.145
1,3298,2.222
1,3299,1.948
1,3300,1.724
1,3301,1.917
1,3302,1.672
1,3303,1.479
1,3304,1.672
1,3305,2.198
1,3306,1.812
1,3307,1.685
1,3308,2.208
1,3309,1.692
1,3310,2.211
1,3311,1.708
1,3312,1.820
1,3313,2.005
1,3314,2.145
1,3315,2.310
1,3316,1.973
1,3317,1.986
1,3318,1.677
1,3319,1.738
1,3320,1.791
1,3321,2.403
1,3322,2.623
1,3323,2.042
1,3324,1.701
1,3325,2.116
1,3326,2.436
1,3327,2.058
1,3328,1.901
1,3329,3.138
1,3330,2.161
1,3331,2.623
1,3332,2.569
1,3333,2.987
1,3334,2.782
1,3335,2.558
1,3336,2.175
1,3337,2.936
1,3338,2.237
1,3339,2.166
1,3340,2.720
1,3341,2.324
1,3342,2.247
1,3343,2.345
1,3344,2.153
1,3345,2.284
1,3346,2.381
1,3347,2.121
1,3348,2.649
1,3349,2.251
1,3350,2.218
1,3351,2.443
1,3352,2.446
1,3353,1.961
1,3354,2.274
1,3355,2.302
1,3356,2.862
1,3357,2.328
1,3358,2.668
1,3359,2.319
1,3360,2.308
1,3361,2.734
1,3362,2.297
1,3363,2.838
1,3364,2.312
1,3365,2.245
1,3366,2.325
1,3367,3.041
1,3368,3.143
1,3369,2.935
1,3370,3.289
1,3371,2.931
1,3372,3.034
1,3373,2.578
1,3374,2.151
1,3375,2.255
1,3376,2.323
1,3377,3.289
1,3378,2.759
1,3379,2.649
1,3380,2.205
1,3381,2.799
1,3382,2.361
1,3383,2.347
1,3384,2.914
1,3385,2.587
1,3386,2.475
1,3387,2.801
1,3388,2.496
1,3389,2.615
1,3390,2.504
1,3391,2.859
1,3392,2.845
1,3393,2.317
1,3394,2.554
1,3395,2.479
1,3396,3.078
1,3397,3.036
1,3398,2.701
1,3399,2.153
1,3400,2.412
1,3401,2.269
1,3402,2.853
1,3403,2.545
1,3404,2.311
1,3405,3.021
1,3406,2.287
1,3407,2.078
1,3408,2.941
1,3409,3.280
1,3410,3.083
1,3411,2.979
1,3412,2.188
1,3413,2.371
1,3414,2.514
1,3415,3.187
1,3416,2.138
1,3417,1.857
1,3418,2.101
1,3419,2.240
1,3420,2.339
1,3421,2.644
1,3422,2.444
1,3423,2.045
1,3424,2.288
1,3425,2.205
1,3426,2.185
1,3427,1.772
1,3428,2.366
1,3429,2.180
1,3430,1.813
1,3431,2.127
1,3432,2.005
1,3433,1.924
1,3434,1.998
1,3435,3.031
1,3436,2.260
1,3437,2.623
1,3438,2.376
1,3439,1.761
1,3440,1.839
1,3441,2.004
1,3442,1.963
1,3443,2.733
1,3444,2.063
1,3445,1.732
1,3446,1.481
1,3447,1.600
1,3448,2.051
1,3449,1.668
1,3450,1.568
1,3451,1.791
1,3452,2.693
1,3453,2.579
1,3454,1.706
1,3455,1.952
1,3456,1.713
1,3457,1.512
1,3458,1.697
1,3459,2.142
1,3460,3.600
1,3461,2.968
1,3462,2.948
1,3463,2.881
1,3464,2.414
1,3465,3.116
1,3466,2.924
1,3467,2.732
1,3468,2.264
1,3469,2.436
1,3470,2.198
1,3471,1.953
1,3472,1.998
1,3473,1.771
1,3474,1.853
1,3475,2.290
1,3476,1.916
1,3477,1.644
1,3478,1.453
1,3479,1.859
1,3480,2.305
1,3481,1.752
1,3482,1.603
1,3483,1.827
1,3484,2.084
1,3485,2.504
1,3486,2.029
1,3487,2.114
1,3488,1.768
1,3489,1.455
1,3490,1.721
1,3491,1.844
1,3492,1.616
1,3493,1.629
1,3494,1.724
1,3495,2.006
1,3496,2.243
1,3497,2.373
1,3498,2.185
1,3499,1.779
1,3500,1.838
1,3501,1.975
1,3502,1.649
1,3503,1.659
1,3504,2.171
1,3505,2.309
1,3506,2.303
1,3507,2.090
1,3508,2.301
1,3509,2.024
1,3510,2.712
1,3511,2.702
1,3512,3.020
1,3513,2.375
1,3514,2.206
1,3515,2.056
1,3516,2.245
1,3517,2.225
1,3518,2.378
1,3519,2.458
1,3520,2.532
1,3521,2.187
1,3522,2.170
1,3523,2.211
1,3524,2.255
1,3525,2.252
1,3526,2.106
1,3527,2.032
1,3528,2.347
1,3529,2.074
1,3530,1.932
1,3531,2.682
1,3532,2.453
1,3533,1.894
1,3534,1.903
1,3535,1.984
1,3536,2.405
1,3537,2.375
1,3538,2.486
1,3539,2.088
1,3540,1.642
1,3541,2.104
1,3542,1.793
1,3543,1.546
1,3544,1.514
1,3545,1.725
1,3546,1.608
1,3547,2.237
1,3548,2.375
1,3549,2.324
1,3550,1.856
1,3551,1.583
1,3552,1.717
1,3553,1.668
1,3554,1.981
1,3555,1.986
1,3556,2.695
1,3557,2.233
1,3558,1.738
1,3559,1.916
1,3560,1.707
1,3561,1.479
1,3562,1.649
1,3563,2.705
1,3564,2.242
1,3565,1.996
1,3566,1.899
1,3567,2.081
1,3568,1.781
1,3569,1.770
1,3570,7.315
1,3571,2.830
1,3572,2.028
1,3573,1.760
1,3574,2.053
1,3575,1.970
1,3576,2.246
1,3577,2.102
1,3578,2.607
1,3579,2.520
1,3580,1.912
1,3581,2.125
1,3582,1.875
1,3583,2.016
1,3584,2.208
1,3585,1.734
1,3586,1.573
1,3587,1.720
1,3588,1.952
1,3589,1.851
1,3590,1.554
1,3591,1.463
1,3592,2.079
1,3593,1.948
1,3594,1.938
1,3595,1.832
1,3596,1.596
1,3597,1.509
1,3598,1.770
1,3599,1.497
1,3600,1.834
1,3601,2.089
1,3602,2.303
1,3603,2.423
1,3604,2.680
1,3605,2.380
1,3606,2.642
1,3607,2.186
1,3608,2.673
1,3609,2.362
1,3610,2.044
1,3611,2.509
1,3612,2.779
1,3613,3.454
1,3614,3.960
1,3615,2.226
1,3616,2.764
1,3617,2.134
1,3618,2.016
1,3619,1.984
1,3620,2.869
1,3621,2.028
1,3622,1.888
1,3623,2.120
1,3624,2.940
1,3625,2.906
1,3626,2.469
1,3627,2.479
1,3628,2.058
1,3629,2.073
1,3630,2.051
1,3631,2.270
1,3632,2.579
1,3633,2.950
1,3634,2.367
1,3635,2.797
1,3636,1.985
1,3637,2.087
1,3638,1.817
1,3639,1.671
1,3640,2.033
1,3641,3.056
1,3642,2.804
1,3643,3.032
1,3644,2.400
1,3645,2.758
1,3646,2.565
1,3647,2.345
1,3648,2.142
1,3649,2.074
1,3650,2.629
1,3651,2.754
1,3652,3.024
1,3653,3.076
1,3654,2.609
1,3655,2.276
1,3656,2.199
1,3657,3.626
1,3658,3.252
1,3659,2.641
1,3660,2.231
1,3661,2.370
1,3662,2.241
1,3663,2.234
1,3664,3.277
1,3665,2.562
1,3666,2.268
1,3667,2.496
1,3668,2.465
1,3669,2.504
1,3670,2.595
1,3671,2.701
1,3672,2.677
1,3673,2.482
1,3674,2.164
1,3675,2.192
1,3676,2.504
1,3677,2.339
1,3678,2.778
1,3679,1.931
1,3680,1.538
1,3681,1.596
1,3682,1.943
1,3683,1.754
1,3684,1.630
1,3685,1.901
1,3686,2.506
1,3687,2.961
1,3688,1.927
1,3689,2.193
1,3690,1.690
1,3691,1.593
1,3692,1.842
1,3693,2.153
1,3694,1.980
1,3695,1.666
1,3696,2.527
1,3697,2.005
1,3698,1.536
1,3699,1.617
1,3700,1.816
1,3701,1.981
1,3702,2.221
1,3703,2.452
1,3704,2.284
1,3705,1.984
1,3706,1.774
1,3707,1.813
1,3708,1.579
1,3709,1.497
1,3710,2.854
1,3711,2.349
1,3712,1.999
1,3713,1.918
1,3714,2.445
1,3715,1.609
1,3716,1.415
1,3717,1.902
1,3718,2.577
1,3719,1.969
1,3720,1.914
1,3721,1.802
1,3722,1.833
1,3723,1.995
1,3724,1.863
1,3725,1.783
1,3726,2.077
1,3727,2.581
1,3728,2.419
1,3729,2.341
1,3730,2.352
1,3731,2.736
1,3732,2.354
1,3733,2.946
1,3734,2.177
1,3735,2.997
1,3736,2.112
1,3737,1.875
1,3738,2.370
1,3739,2.363
1,3740,2.230
1,3741,2.107
1,3742,2.144
1,3743,1.870
1,3744,1.807
1,3745,1.949
1,3746,2.501
1,3747,2.077
1,3748,2.021
1,3749,2.296
1,3750,1.842
1,3751,1.720
1,3752,1.908
1,3753,1.976
1,3754,2.231
1,3755,2.173
1,3756,1.712
1,3757,1.622
1,3758,1.498
1,3759,2.245
1,3760,2.064
1,3761,1.586
1,3762,1.561
1,3763,2.037
1,3764,2.433
1,3765,2.737
1,3766,2.390
1,3767,2.222
1,3768,2.047
1,3769,2.538
1,3770,2.535
1,3771,2.088
1,3772,1.795
1,3773,2.160
1,3774,1.645
1,3775,1.509
1,3776,1.832
1,3777,1.584
1,3778,2.432
1,3779,2.245
1,3780,2.257
1,3781,2.229
1,3782,2.004
1,3783,2.221
1,3784,1.925
1,3785,2.173
1,3786,1.864
1,3787,1.822
1,3788,1.698
1,3789,1.772
1,3790,1.747
1,3791,1.919
1,3792,1.503
1,3793,1.794
1,3794,2.149
1,3795,1.735
1,3796,1.521
1,3797,1.638
1,3798,1.612
1,3799,1.487
1,3800,1.822
1,3801,2.205
1,3802,2.062
1,3803,1.901
1,3804,1.613
1,3805,1.474
1,3806,1.962
1,3807,1.682
1,3808,1.665
1,3809,1.669
1,3810,2.070
1,3811,2.713
1,3812,1.727
1,3813,1.677
1,3814,1.556
1,3815,1.461
1,3816,1.507
1,3817,1.783
1,3818,1.672
1,3819,1.693
1,3820,1.796
1,3821,2.310
1,3822,1.988
1,3823,1.556
1,3824,1.402
1,3825,1.597
1,3826,1.502
1,3827,1.469
1,3828,1.752
1,3829,1.971
1,3830,2.326
1,3831,2.330
1,3832,1.572
1,3833,1.835
1,3834,1.809
1,3835,1.524
1,3836,1.487
1,3837,1.917
1,3838,2.220
1,3839,2.099
1,3840,2.290
1,3841,1.823
1,3842,1.664
1,3843,1.471
1,3844,1.680
1,3845,1.765
1,3846,1.953
1,3847,2.784
1,3848,2.410
1,3849,2.609
1,3850,1.684
1,3851,1.898
1,3852,1.666
1,3853,1.574
1,3854,2.207
1,3855,1.846
1,3856,1.568
1,3857,1.496
1,3858,1.389
1,3859,1.951
1,3860,1.842
1,3861,1.598
1,3862,1.533
1,3863,2.163
1,3864,1.878
1,3865,2.198
1,3866,2.068
1,3867,1.678
1,3868,1.950
1,3869,1.489
1,3870,1.510
1,3871,1.503
1,3872,1.907
1,3873,1.870
1,3874,1.921
1,3875,1.571
1,3876,1.389
1,3877,1.666
1,3878,2.389
1,3879,1.724
1,3880,1.854
1,3881,1.994
1,3882,1.980
1,3883,1.614
1,3884,1.370
1,3885,1.454
1,3886,1.528
1,3887,1.514
1,3888,2.170
1,3889,1.551
1,3890,3.168
1,3891,2.318
1,3892,2.631
1,3893,2.328
1,3894,1.880
1,3895,1.936
1,3896,2.959
1,3897,3.347
1,3898,2.986
1,3899,2.828
1,3900,2.814
1,3901,2.257
1,3902,3.506
1,3903,2.680
1,3904,2.259
1,3905,1.852
1,3906,2.002
1,3907,1.955
1,3908,1.894
1,3909,2.299
1,3910,2.056
1,3911,1.628
1,3912,1.555
1,3913,1.884
1,3914,2.038
1,3915,1.729
1,3916,1.519
1,3917,1.745
1,3918,1.853
1,3919,1.618
1,3920,2.096
1,3921,1.788
1,3922,1.676
1,3923,1.517
1,3924,1.378
1,3925,1.532
1,3926,1.983
1,3927,2.369
1,3928,2.242
1,3929,2.160
1,3930,2.432
1,3931,2.066
1,3932,1.943
1,3933,1.783
1,3934,2.215
1,3935,2.524
1,3936,2.089
1,3937,2.382
1,3938,2.708
1,3939,2.848
1,3940,2.560
1,3941,3.195
1,3942,2.705
1,3943,2.900
1,3944,2.553
1,3945,1.929
1,3946,2.394
1,3947,2.168
1,3948,2.022
1,3949,2.227
1,3950,1.977
1,3951,2.258
1,3952,2.452
1,3953,2.220
1,3954,2.424
1,3955,1.927
1,3956,2.276
1,3957,1.916
1,3958,1.893
1,3959,2.348
1,3960,3.279
1,3961,2.577
1,3962,2.312
1,3963,2.354
1,3964,2.549
1,3965,2.563
1,3966,2.259
1,3967,2.995
1,3968,2.194
1,3969,2.072
1,3970,2.261
1,3971,2.031
1,3972,1.913
1,3973,2.311
1,3974,2.512
1,3975,2.646
1,3976,2.202
1,3977,2.356
1,3978,2.039
1,3979,2.091
1,3980,2.372
1,3981,3.100
1,3982,2.851
1,3983,2.122
1,3984,1.942
1,3985,2.102
1,3986,2.346
1,3987,2.278
1,3988,2.225
1,3989,2.072
1,3990,2.598
1,3991,2.227
1,3992,2.207
1,3993,2.088
1,3994,2.766
1,3995,2.211
1,3996,1.825
1,3997,2.055
1,3998,2.315
1,3999,2.054
1,4000,2.187
1,4001,2.693
1,4002,2.590
1,4003,3.311
1,4004,2.416
1,4005,3.027
1,4006,2.247
1,4007,2.450
1,4008,2.270
1,4009,2.228
1,4010,1.980
1,4011,2.128
1,4012,2.250
1,4013,2.635
1,4014,2.026
1,4015,2.830
1,4016,2.279
1,4017,2.127
1,4018,2.277
1,4019,2.044
1,4020,2.363
1,4021,2.996
1,4022,2.688
1,4023,2.773
1,4024,2.419
1,4025,2.053
1,4026,2.079
1,4027,2.101
1,4028,3.378
1,4029,2.560
1,4030,2.538
1,4031,2.790
1,4032,2.596
1,4033,2.210
1,4034,3.333
1,4035,3.124
1,4036,2.607
1,4037,2.646
1,4038,2.195
1,4039,2.373
1,4040,2.462
1,4041,2.045
1,4042,2.383
1,4043,2.493
1,4044,2.123
1,4045,1.789
1,4046,2.350
1,4047,2.059
1,4048,1.883
1,4049,2.068
1,4050,2.231
1,4051,1.671
1,4052,1.441
1,4053,1.596
1,4054,1.775
1,4055,1.814
1,4056,1.944
1,4057,2.101
1,4058,1.717
1,4059,1.714
1,4060,2.045
1,4061,2.191
1,4062,2.165
1,4063,1.984
1,4064,2.200
1,4065,1.876
1,4066,1.506
1,4067,1.842
1,4068,1.849
1,4069,2.595
1,4070,1.937
1,4071,2.167
1,4072,1.876
1,4073,1.563
1,4074,1.605
1,4075,2.009
1,4076,1.721
1,4077,1.602
1,4078,1.862
1,4079,2.147
1,4080,2.491
1,4081,1.914
1,4082,1.880
1,4083,1.732
1,4084,1.550
1,4085,1.881
1,4086,1.971
1,4087,2.615
1,4088,3.052
1,4089,2.604
1,4090,1.778
1,4091,1.571
1,4092,1.863
1,4093,1.708
1,4094,1.899
1,4095,2.659
1,4096,2.107
1,4097,1.710
1,4098,1.432
1,4099,1.510
1,4100,1.871
1,4101,1.662
1,4102,1.583
1,4103,1.785
1,4104,2.697
1,4105,2.617
1,4106,1.821
1,4107,1.798
1,4108,1.725
1,4109,1.578
1,4110,1.801
1,4111,1.883
1,4112,1.842
1,4113,2.268
1,4114,2.393
1,4115,1.773
1,4116,1.667
1,4117,1.534
1,4118,1.752
1,4119,1.717
1,4120,1.723
1,4121,2.802
1,4122,2.260
1,4123,2.237
1,4124,1.904
1,4125,2.123
1,4126,2.109
1,4127,1.759
1,4128,2.495
1,4129,1.716
1,4130,1.457
1,4131,1.699
1,4132,2.066
1,4133,1.812
1,4134,1.590
1,4135,1.538
1,4136,1.973
1,4137,2.752
1,4138,2.174
1,4139,1.919
1,4140,1.565
1,4141,2.238
1,4142,1.753
1,4143,1.652
1,4144,1.936
1,4145,2.165
1,4146,2.858
1,4147,2.197
1,4148,2.015
1,4149,2.962
1,4150,2.103
1,4151,2.101
1,4152,2.234
1,4153,1.935
1,4154,1.466
1,4155,1.471
1,4156,1.931
1,4157,1.808
1,4158,2.024
1,4159,1.684
1,4160,2.168
1,4161,2.200
1,4162,1.698
1,4163,1.860
1,4164,1.723
1,4165,1.450
1,4166,1.455
1,4167,1.848
1,4168,1.911
1,4169,1.957
1,4170,1.870
1,4171,2.270
1,4172,1.863
1,4173,1.603
1,4174,1.551
1,4175,1.855
1,4176,1.625
1,4177,1.542
1,4178,3.387
1,4179,2.993
1,4180,2.584
1,4181,2.239
1,4182,1.931
1,4183,1.644
1,4184,1.937
1,4185,2.781
1,4186,2.143
1,4187,2.236
1,4188,2.618
1,4189,1.964
1,4190,1.885
1,4191,2.361
1,4192,2.315
1,4193,2.649
1,4194,2.549
1,4195,2.243
1,4196,2.003
1,4197,2.020
1,4198,1.987
1,4199,2.152
1,4200,2.228
1,4201,1.926
1,4202,1.495
1,4203,1.487
1,4204,1.611
1,4205,1.691
1,4206,1.661
1,4207,1.454
1,4208,2.441
1,4209,1.979
1,4210,1.665
1,4211,2.526
1,4212,1.805
1,4213,1.552
1,4214,1.358
1,4215,1.439
1,4216,1.515
1,4217,1.940
1,4218,1.576
1,4219,2.334
1,4220,1.936
1,4221,2.546
1,4222,1.941
1,4223,1.857
1,4224,1.627
1,4225,2.002
1,4226,2.153
1,4227,2.042
1,4228,1.708
1,4229,1.741
1,4230,2.242
1,4231,1.639
1,4232,1.790
1,4233,1.955
1,4234,2.180
1,4235,1.736
1,4236,1.415
1,4237,1.763
1,4238,1.904
1,4239,1.512
1,4240,2.123
1,4241,1.785
1,4242,1.825
1,4243,1.907
1,4244,1.665
1,4245,1.892
1,4246,1.794
1,4247,1.473
1,4248,2.006
1,4249,2.145
1,4250,2.683
1,4251,1.859
1,4252,1.857
1,4253,1.620
1,4254,1.516
1,4255,1.504
1,4256,1.705
1,4257,1.712
1,4258,1.439
1,4259,1.327
1,4260,2.526
1,4261,1.822
1,4262,1.594
1,4263,1.475
1,4264,1.618
1,4265,1.995
1,4266,1.683
1,4267,1.467
1,4268,1.691
1,4269,2.058
1,4270,2.096
1,4271,1.859
1,4272,1.809
1,4273,1.809
1,4274,1.640
1,4275,1.457
1,4276,2.523
1,4277,2.493
1,4278,2.067
1,4279,2.483
1,4280,1.672
1,4281,1.818
1,4282,1.813
1,4283,1.889
1,4284,1.699
1,4285,1.807
1,4286,2.358
1,4287,2.283
1,4288,2.867
1,4289,2.358
1,4290,2.373
1,4291,2.127
1,4292,2.303
1,4293,2.274
1,4294,1.647
1,4295,1.741
1,4296,2.360
1,4297,1.624
1,4298,1.611
1,4299,1.646
1,4300,2.525
1,4301,2.668
1,4302,1.868
1,4303,1.594
1,4304,1.433
1,4305,1.809
1,4306,1.873
1,4307,1.749
1,4308,1.580
1,4309,1.675
1,4310,1.730
1,4311,1.850
1,4312,1.820
1,4313,1.464
1,4314,1.480
1,4315,1.871
1,4316,1.528
1,4317,1.529
1,4318,1.650
1,4319,1.797
1,4320,1.838
1,4321,1.566
1,4322,3.593
1,4323,2.936
1,4324,2.714
1,4325,2.600
1,4326,4.566
1,4327,2.901
1,4328,2.715
1,4329,2.864
1,4330,3.967
1,4331,3.007
1,4332,2.546
1,4333,2.302
1,4334,2.781
1,4335,2.921
1,4336,7.039
1,4337,3.699
1,4338,3.315
1,4339,3.515
1,4340,4.097
1,4341,2.422
1,4342,2.007
1,4343,1.847
1,4344,2.070
1,4345,2.324
1,4346,1.884
1,4347,1.949
1,4348,2.282
1,4349,1.512
1,4350,1.614
1,4351,1.554
1,4352,1.551
1,4353,1.874
1,4354,2.399
1,4355,2.558
1,4356,1.924
1,4357,2.139
1,4358,1.517
1,4359,1.656
1,4360,1.403
1,4361,1.667
1,4362,2.030
1,4363,1.842
1,4364,1.774
1,4365,1.526
1,4366,2.024
1,4367,2.478
1,4368,1.630
1,4369,1.513
1,4370,1.472
1,4371,2.192
1,4372,2.287
1,4373,1.694
1,4374,1.773
1,4375,1.603
1,4376,1.421
1,4377,2.485
1,4378,1.964
1,4379,1.860
1,4380,1.841
1,4381,1.588
1,4382,1.731
1,4383,1.841
1,4384,1.544
1,4385,1.641
1,4386,1.795
1,4387,1.811
1,4388,1.404
1,4389,2.290
1,4390,1.981
1,4391,1.871
1,4392,1.733
1,4393,2.121
1,4394,2.074
1,4395,1.729
1,4396,1.873
1,4397,1.869
1,4398,1.660
1,4399,1.685
1,4400,1.772
1,4401,1.665
1,4402,1.577
1,4403,1.409
1,4404,1.345
1,4405,1.478
1,4406,1.907
1,4407,2.262
1,4408,2.169
1,4409,1.831
1,4410,1.583
1,4411,1.532
1,4412,1.471
1,4413,1.563
1,4414,1.636
1,4415,2.377
1,4416,1.982
1,4417,2.185
1,4418,1.490
1,4419,1.568
1,4420,1.669
1,4421,2.119
1,4422,1.914
1,4423,2.450
1,4424,2.271
1,4425,2.058
1,4426,1.861
1,4427,1.811
1,4428,1.734
1,4429,1.627
1,4430,1.520
1,4431,1.670
1,4432,1.819
1,4433,1.777
1,4434,1.444
1,4435,1.422
1,4436,1.985
1,4437,1.538
1,4438,1.529
1,4439,1.733
1,4440,2.000
1,4441,1.976
1,4442,1.608
1,4443,1.408
1,4444,1.605
1,4445,1.667
1,4446,1.739
1,4447,1.625
1,4448,1.827
1,4449,1.615
1,4450,2.725
1,4451,2.180
1,4452,1.854
1,4453,1.592
1,4454,1.416
1,4455,1.400
1,4456,2.098
1,4457,1.803
1,4458,1.780
1,4459,2.466
1,4460,1.670
1,4461,1.762
1,4462,1.525
1,4463,1.483
1,4464,1.576
1,4465,1.432
1,4466,1.782
1,4467,1.771
1,4468,1.931
1,4469,1.689
1,4470,1.675
1,4471,1.580
1,4472,1.734
1,4473,1.898
1,4474,1.533
1,4475,1.436
1,4476,2.587
1,4477,2.004
1,4478,2.364
1,4479,2.219
1,4480,1.892
1,4481,1.682
1,4482,1.481
1,4483,1.782
1,4484,1.841
1,4485,2.065
1,4486,2.361
1,4487,1.819
1,4488,1.722
1,4489,1.712
1,4490,1.720
1,4491,1.790
1,4492,1.659
1,4493,1.424
1,4494,1.851
1,4495,2.793
1,4496,1.995
1,4497,1.988
1,4498,2.080
1,4499,1.806
1,4500,1.554
1,4501,1.744
1,4502,2.102
1,4503,2.795
1,4504,3.485
1,4505,2.098
1,4506,1.753
1,4507,1.987
1,4508,2.096
1,4509,2.000
1,4510,2.368
1,4511,2.177
1,4512,2.508
1,4513,2.164
1,4514,2.113
1,4515,1.929
1,4516,1.872
1,4517,2.428
1,4518,2.237
1,4519,1.624
1,4520,2.265
1,4521,1.774
1,4522,1.553
1,4523,1.799
1,4524,1.839
1,4525,2.142
1,4526,2.084
1,4527,2.379
1,4528,2.142
1,4529,2.109
1,4530,1.849
1,4531,1.977
1,4532,1.861
1,4533,2.284
1,4534,2.618
1,4535,2.361
1,4536,2.526
1,4537,2.935
1,4538,1.979
1,4539,2.109
1,4540,2.520
1,4541,2.185
1,4542,2.043
1,4543,2.312
1,4544,2.490
1,4545,3.017
1,4546,2.684
1,4547,2.296
1,4548,3.001
1,4549,3.111
1,4550,2.907
1,4551,3.055
1,4552,2.779
1,4553,2.497
1,4554,2.433
1,4555,2.148
1,4556,2.442
1,4557,2.451
1,4558,3.735
1,4559,3.667
1,4560,3.373
1,4561,3.446
1,4562,3.597
1,4563,3.112
1,4564,3.096
1,4565,3.346
1,4566,2.831
1,4567,3.130
1,4568,2.964
1,4569,3.397
1,4570,2.963
1,4571,3.203
1,4572,3.431
1,4573,3.439
1,4574,2.532
1,4575,3.281
1,4576,3.050
1,4577,2.819
1,4578,3.422
1,4579,2.690
1,4580,2.496
1,4581,2.868
1,4582,3.226
1,4583,2.567
1,4584,2.617
1,4585,2.212
1,4586,2.523
1,4587,2.461
1,4588,2.795
1,4589,2.238
1,4590,2.667
1,4591,2.518
1,4592,2.359
1,4593,2.772
1,4594,3.326
1,4595,3.296
1,4596,3.521
1,4597,2.578
1,4598,2.273
1,4599,2.613
1,4600,2.917
1,4601,2.985
1,4602,2.455
1,4603,2.511
1,4604,3.287
1,4605,2.798
1,4606,2.523
1,4607,2.564
1,4608,3.336
1,4609,3.071
1,4610,2.820
1,4611,2.611
1,4612,2.387
1,4613,2.973
1,4614,3.023
1,4615,2.711
1,4616,2.651
1,4617,2.701
1,4618,3.495
1,4619,2.658
1,4620,3.006
1,4621,2.410
1,4622,2.459
1,4623,2.917
1,4624,2.746
1,4625,2.499
1,4626,2.511
1,4627,2.935
1,4628,2.598
1,4629,2.715
1,4630,2.637
1,4631,2.582
1,4632,2.401
1,4633,2.519
1,4634,2.731
1,4635,2.415
1,4636,2.612
1,4637,3.178
1,4638,2.499
1,4639,2.509
1,4640,2.268
1,4641,3.192
1,4642,3.048
1,4643,2.476
1,4644,2.419
1,4645,2.315
1,4646,1.854
1,4647,2.045
1,4648,2.493
1,4649,2.675
1,4650,2.538
1,4651,2.845
1,4652,2.235
1,4653,2.307
1,4654,2.092
1,4655,2.624
1,4656,2.805
1,4657,2.633
1,4658,2.470
1,4659,2.136
1,4660,1.942
1,4661,2.027
1,4662,2.384
1,4663,2.632
1,4664,2.143
1,4665,2.014
1,4666,2.701
1,4667,2.016
1,4668,2.101
1,4669,2.253
1,4670,2.661
1,4671,3.035
1,4672,2.105
1,4673,1.990
1,4674,2.351
1,4675,2.177
1,4676,2.610
1,4677,2.341
1,4678,2.395
1,4679,2.598
1,4680,2.177
1,4681,2.062
1,4682,1.928
1,4683,2.264
1,4684,2.401
1,4685,2.227
1,4686,2.103
1,4687,2.207
1,4688,1.813
1,4689,1.880
1,4690,1.856
1,4691,1.989
1,4692,2.116
1,4693,2.331
1,4694,1.917
1,4695,1.829
1,4696,2.612
1,4697,2.621
1,4698,2.614
1,4699,2.390
1,4700,2.083
1,4701,2.555
1,4702,2.193
1,4703,2.856
1,4704,2.338
1,4705,2.105
1,4706,2.195
1,4707,2.177
1,4708,2.271
1,4709,1.853
1,4710,1.995
1,4711,2.680
1,4712,1.969
1,4713,1.778
1,4714,1.925
1,4715,2.120
1,4716,1.984
1,4717,2.054
1,4718,2.049
1,4719,2.019
1,4720,2.639
1,4721,2.048
1,4722,2.012
1,4723,1.965
1,4724,2.810
1,4725,2.300
1,4726,2.516
1,4727,2.167
1,4728,2.499
1,4729,2.163
1,4730,2.099
1,4731,2.018
1,4732,1.815
1,4733,2.429
1,4734,2.213
1,4735,1.949
1,4736,2.380
1,4737,1.958
1,4738,2.109
1,4739,2.071
1,4740,2.654
1,4741,2.309
1,4742,2.001
1,4743,2.083
1,4744,2.108
1,4745,2.159
1,4746,2.144
1,4747,3.399
1,4748,3.452
1,4749,3.163
1,4750,3.009
1,4751,3.199
1,4752,2.914
1,4753,6.566
1,4754,2.274
1,4755,1.957
1,4756,2.664
1,4757,2.284
1,4758,2.306
1,4759,2.113
1,4760,2.055
1,4761,2.103
1,4762,1.884
1,4763,1.944
1,4764,2.643
1,4765,2.633
1,4766,2.358
1,4767,1.948
1,4768,1.881
1,4769,1.699
1,4770,1.967
1,4771,2.347
1,4772,2.923
1,4773,2.119
1,4774,1.974
1,4775,1.949
1,4776,1.761
1,4777,1.831
1,4778,1.857
1,4779,3.191
1,4780,2.486
1,4781,2.271
1,4782,2.073
1,4783,1.927
1,4784,2.053
1,4785,2.030
1,4786,2.045
1,4787,2.105
1,4788,3.161
1,4789,2.374
1,4790,2.002
1,4791,1.953
1,4792,2.366
1,4793,2.952
1,4794,2.352
1,4795,2.446
1,4796,1.873
1,4797,2.015
1,4798,1.895
1,4799,2.260
1,4800,2.346
1,4801,2.404
1,4802,2.255
1,4803,2.634
1,4804,2.047
1,4805,1.747
1,4806,2.226
1,4807,2.217
1,4808,2.049
1,4809,1.949
1,4810,2.304
1,4811,2.601
1,4812,1.979
1,4813,2.206
1,4814,2.160
1,4815,2.109
1,4816,2.148
1,4817,2.119
1,4818,1.974
1,4819,2.116
1,4820,1.919
1,4821,2.296
1,4822,2.886
1,4823,1.783
1,4824,1.744
1,4825,1.751
1,4826,1.505
1,4827,1.474
1,4828,1.865
1,4829,1.411
1,4830,1.746
1,4831,2.101
1,4832,2.051
1,4833,2.094
1,4834,2.037
1,4835,2.325
1,4836,1.923
1,4837,1.888
1,4838,1.749
1,4839,1.871
1,4840,1.695
1,4841,1.884
1,4842,1.957
1,4843,1.854
1,4844,1.689
1,4845,1.506
1,4846,1.490
1,4847,2.647
1,4848,1.983
1,4849,1.522
1,4850,1.393
1,4851,1.451
1,4852,1.589
1,4853,1.602
1,4854,1.424
1,4855,1.489
1,4856,1.741
1,4857,1.990
1,4858,1.739
1,4859,1.640
1,4860,1.379
1,4861,1.382
1,4862,1.509
1,4863,1.484
1,4864,1.879
1,4865,2.176
1,4866,2.321
1,4867,2.262
1,4868,1.587
1,4869,1.340
1,4870,1.682
1,4871,1.980
1,4872,1.894
1,4873,1.654
1,4874,2.164
1,4875,2.319
1,4876,2.014
1,4877,1.696
1,4878,1.849
1,4879,1.615
1,4880,1.672
1,4881,1.726
1,4882,2.416
1,4883,1.838
1,4884,1.602
1,4885,1.648
1,4886,2.775
1,4887,1.589
1,4888,1.499
1,4889,1.602
1,4890,1.977
1,4891,2.359
1,4892,2.068
1,4893,1.859
1,4894,1.655
1,4895,1.699
1,4896,1.507
1,4897,1.879
1,4898,1.753
1,4899,2.208
1,4900,2.504
1,4901,2.198
1,4902,1.928
1,4903,1.833
1,4904,2.897
1,4905,1.875
1,4906,2.172
1,4907,2.441
1,4908,2.167
1,4909,1.941
1,4910,1.869
1,4911,2.035
1,4912,2.205
1,4913,2.108
1,4914,2.396
1,4915,2.562
1,4916,2.281
1,4917,2.155
1,4918,1.772
1,4919,1.839
1,4920,2.845
1,4921,2.107
1,4922,1.987
1,4923,1.947
1,4924,1.536
1,4925,1.672
1,4926,1.683
1,4927,1.701
1,4928,1.628
1,4929,1.755
1,4930,2.136
1,4931,2.117
1,4932,1.597
1,4933,1.562
1,4934,1.570
1,4935,1.693
1,4936,1.450
1,4937,1.526
1,4938,1.555
1,4939,2.507
1,4940,1.787
1,4941,1.522
1,4942,1.974
1,4943,2.028
1,4944,1.790
1,4945,1.816
1,4946,1.791
1,4947,2.081
1,4948,2.222
1,4949,1.682
1,4950,1.846
1,4951,1.720
1,4952,1.557
1,4953,1.650
1,4954,1.796
1,4955,1.565
1,4956,2.480
1,4957,1.908
1,4958,2.552
1,4959,1.745
1,4960,1.452
1,4961,1.671
1,4962,1.606
1,4963,1.433
1,4964,1.793
1,4965,2.273
1,4966,1.850
1,4967,1.802
1,4968,1.856
1,4969,2.299
1,4970,2.036
1,4971,1.518
1,4972,1.581
1,4973,2.094
1,4974,1.870
1,4975,1.766
1,4976,1.784
1,4977,2.243
1,4978,1.668
1,4979,1.508
1,4980,1.833
1,4981,1.992
1,4982,1.976
1,4983,1.833
1,4984,1.902
1,4985,1.889
1,4986,2.000
1,4987,1.600
1,4988,1.974
1,4989,1.820
1,4990,1.710
1,4991,1.987
1,4992,1.767
1,4993,1.532
1,4994,1.559
1,4995,1.528
1,4996,2.673
1,4997,2.045
1,4998,2.263
1,4999,2.922
1,5000,1.657
1,5001,1.479
1,5002,1.585
1,5003,1.681
1,5004,1.577
1,5005,1.819
1,5006,2.462
1,5007,2.305
1,5008,1.860
1,5009,2.192
1,5010,2.128
1,5011,2.059
1,5012,2.077
1,5013,2.688
1,5014,2.963
1,5015,2.327
1,5016,1.940
1,5017,1.451
1,5018,1.432
1,5019,1.755
1,5020,2.092
1,5021,1.980
1,5022,3.088
1,5023,1.976
1,5024,1.488
1,5025,1.372
1,5026,1.838
1,5027,1.802
1,5028,1.556
1,5029,1.463
1,5030,1.707
1,5031,2.753
1,5032,2.118
1,5033,1.590
1,5034,1.868
1,5035,1.579
1,5036,1.518
1,5037,1.733
1,5038,1.884
1,5039,1.922
1,5040,1.758
1,5041,1.522
1,5042,2.124
1,5043,3.437
1,5044,2.229
1,5045,1.972
1,5046,2.581
1,5047,2.670
1,5048,1.987
1,5049,1.819
1,5050,1.488
1,5051,1.697
1,5052,1.790
1,5053,1.539
1,5054,1.959
1,5055,2.265
1,5056,2.112
1,5057,2.120
1,5058,2.470
1,5059,2.004
1,5060,1.721
1,5061,1.768
1,5062,2.681
1,5063,2.111
1,5064,2.029
1,5065,2.060
1,5066,2.528
1,5067,1.902
1,5068,2.035
1,5069,2.308
1,5070,2.597
1,5071,2.380
1,5072,2.109
1,5073,2.040
1,5074,2.467
1,5075,2.050
1,5076,2.207
1,5077,2.589
1,5078,1.902
1,5079,1.464
1,5080,1.484
1,5081,1.669
1,5082,1.538
1,5083,1.815
1,5084,1.558
1,5085,1.930
1,5086,2.725
1,5087,2.082
1,5088,2.112
1,5089,2.255
1,5090,1.849
1,5091,1.752
1,5092,2.132
1,5093,2.100
1,5094,2.245
1,5095,2.560
1,5096,2.087
1,5097,1.697
1,5098,1.816
1,5099,1.777
1,5100,1.538
1,5101,2.679
1,5102,2.033
1,5103,1.864
1,5104,1.655
1,5105,1.893
1,5106,2.271
1,5107,1.767
1,5108,1.737
1,5109,2.208
1,5110,2.537
1,5111,1.767
1,5112,1.495
1,5113,1.703
1,5114,1.639
1,5115,1.508
1,5116,1.562
1,5117,1.830
1,5118,1.879
1,5119,2.046
1,5120,2.277
1,5121,2.464
1,5122,2.129
1,5123,1.944
1,5124,1.741
1,5125,1.466
1,5126,1.863
1,5127,2.328
1,5128,2.270
1,5129,2.576
1,5130,1.975
1,5131,1.947
1,5132,1.909
1,5133,1.867
1,5134,2.785
1,5135,2.310
1,5136,2.348
1,5137,3.162
1,5138,2.334
1,5139,2.164
1,5140,2.749
1,5141,2.079
1,5142,2.005
1,5143,2.127
1,5144,2.689
1,5145,2.775
1,5146,2.120
1,5147,2.147
1,5148,2.084
1,5149,1.923
1,5150,1.553
1,5151,1.471
1,5152,1.480
1,5153,1.464
1,5154,1.781
1,5155,1.692
1,5156,1.701
1,5157,1.837
1,5158,1.591
1,5159,1.423
1,5160,1.500
1,5161,1.615
1,5162,1.508
1,5163,1.392
1,5164,1.458
1,5165,1.754
1,5166,2.203
1,5167,3.003
1,5168,2.579
1,5169,2.640
1,5170,3.048
1,5171,2.914
1,5172,3.037
1,5173,1.858
1,5174,2.025
1,5175,1.903
1,5176,1.991
1,5177,2.015
1,5178,1.961
1,5179,2.147
1,5180,2.811
1,5181,2.097
1,5182,1.895
1,5183,2.144
1,5184,2.152
1,5185,1.922
1,5186,1.799
1,5187,2.372
1,5188,2.645
1,5189,1.889
1,5190,2.149
1,5191,2.025
1,5192,2.009
1,5193,2.724
1,5194,2.447
1,5195,2.096
1,5196,2.581
1,5197,2.358
1,5198,2.132
1,5199,2.253
1,5200,1.993
1,5201,2.310
1,5202,2.656
1,5203,2.061
1,5204,2.777
1,5205,2.302
1,5206,2.393
1,5207,2.446
1,5208,2.697
1,5209,1.956
1,5210,2.301
1,5211,2.822
1,5212,2.158
1,5213,2.208
1,5214,3.069
1,5215,2.309
1,5216,2.571
1,5217,2.429
1,5218,2.812
1,5219,2.337
1,5220,2.563
1,5221,2.049
1,5222,2.540
1,5223,2.250
1,5224,2.001
1,5225,2.028
1,5226,2.735
1,5227,2.524
1,5228,2.183
1,5229,2.028
1,5230,1.910
1,5231,2.073
1,5232,1.926
1,5233,1.921
1,5234,3.077
1,5235,2.616
1,5236,2.383
1,5237,2.241
1,5238,2.138
1,5239,1.843
1,5240,2.105
1,5241,3.114
1,5242,3.009
1,5243,2.314
1,5244,2.509
1,5245,1.983
1,5246,2.300
1,5247,2.385
1,5248,2.477
1,5249,2.989
1,5250,2.344
1,5251,2.805
1,5252,2.727
1,5253,2.314
1,5254,2.611
1,5255,2.771
1,5256,2.878
1,5257,2.276
1,5258,2.042
1,5259,2.375
1,5260,3.015
1,5261,2.486
1,5262,2.825
1,5263,2.788
1,5264,2.325
1,5265,2.583
1,5266,2.517
1,5267,2.518
1,5268,2.315
1,5269,2.363
1,5270,2.931
1,5271,2.667
1,5272,2.400
1,5273,2.454
1,5274,2.566
1,5275,2.965
1,5276,3.742
1,5277,3.856
1,5278,2.664
1,5279,2.289
1,5280,2.259
1,5281,2.233
1,5282,2.628
1,5283,3.240
1,5284,3.884
1,5285,3.688
1,5286,3.232
1,5287,2.494
1,5288,2.930
1,5289,2.368
1,5290,3.034
1,5291,2.783
1,5292,3.040
1,5293,2.547
1,5294,2.778
1,5295,2.697
1,5296,2.917
1,5297,2.529
1,5298,2.406
1,5299,2.200
1,5300,2.916
1,5301,2.542
1,5302,2.216
1,5303,3.311
1,5304,3.038
1,5305,2.968
1,5306,2.862
1,5307,2.615
1,5308,3.054
1,5309,2.733
1,5310,3.628
1,5311,3.253
1,5312,3.079
1,5313,2.582
1,5314,2.296
1,5315,2.389
1,5316,1.869
1,5317,2.591
1,5318,3.091
1,5319,2.468
1,5320,2.368
1,5321,2.326
1,5322,2.652
1,5323,2.704
1,5324,2.645
1,5325,2.827
1,5326,2.563
1,5327,2.243
1,5328,2.455
1,5329,3.621
1,5330,2.557
1,5331,3.024
1,5332,3.076
1,5333,2.893
1,5334,2.729
1,5335,2.479
1,5336,2.406
1,5337,2.091
1,5338,2.057
1,5339,2.196
1,5340,1.895
1,5341,2.612
1,5342,2.706
1,5343,2.407
1,5344,1.669
1,5345,1.701
1,5346,1.977
1,5347,1.567
1,5348,1.639
1,5349,1.990
1,5350,2.226
1,5351,2.201
1,5352,2.717
1,5353,1.863
1,5354,1.494
1,5355,1.350
1,5356,1.472
1,5357,1.472
1,5358,1.866
1,5359,2.197
1,5360,2.202
1,5361,2.162
1,5362,2.637
1,5363,2.318
1,5364,2.152
1,5365,2.321
1,5366,2.481
1,5367,1.645
1,5368,1.448
1,5369,1.420
1,5370,1.496
1,5371,1.843
1,5372,1.690
1,5373,1.405
1,5374,1.897
1,5375,2.665
1,5376,2.648
1,5377,1.948
1,5378,1.915
1,5379,1.696
1,5380,1.779
1,5381,1.675
1,5382,1.959
1,5383,1.845
1,5384,1.680
1,5385,1.725
1,5386,1.470
1,5387,1.420
1,5388,1.744
1,5389,1.603
1,5390,1.854
1,5391,1.581
1,5392,1.616
1,5393,1.699
1,5394,1.967
1,5395,1.515
1,5396,1.406
1,5397,1.547
1,5398,1.519
1,5399,1.367
1,5400,1.630
1,5401,1.917
1,5402,1.895
1,5403,2.044
1,5404,1.823
1,5405,2.042
1,5406,2.062
1,5407,1.622
1,5408,1.633
1,5409,1.742
1,5410,1.869
1,5411,2.281
1,5412,1.847
1,5413,1.692
1,5414,1.519
1,5415,1.342
1,5416,1.357
1,5417,1.650
1,5418,1.764
1,5419,1.522
1,5420,2.211
1,5421,1.706
1,5422,1.720
1,5423,1.846
1,5424,1.516
1,5425,1.479
1,5426,1.611
1,5427,1.417
1,5428,1.360
1,5429,1.564
1,5430,2.341
1,5431,2.277
1,5432,1.812
1,5433,1.567
1,5434,2.391
1,5435,2.488
1,5436,1.755
1,5437,2.001
1,5438,1.769
1,5439,1.783
1,5440,2.013
1,5441,1.753
1,5442,1.661
1,5443,1.485
1,5444,1.430
1,5445,1.543
1,5446,1.466
1,5447,1.586
1,5448,2.292
1,5449,1.759
1,5450,2.520
1,5451,1.818
1,5452,1.630
1,5453,1.598
1,5454,1.471
1,5455,1.333
1,5456,2.020
1,5457,2.050
1,5458,1.472
1,5459,1.489
1,5460,2.509
1,5461,2.568
1,5462,2.047
1,5463,2.203
1,5464,2.092
1,5465,1.638
1,5466,1.454
1,5467,1.661
1,5468,1.631
1,5469,1.903
1,5470,1.696
1,5471,1.541
1,5472,1.856
1,5473,1.792
1,5474,1.484
1,5475,1.462
1,5476,1.616
1,5477,1.533
1,5478,1.511
1,5479,1.756
1,5480,1.998
1,5481,1.655
1,5482,2.360
1,5483,2.235
1,5484,2.262
1,5485,1.814
1,5486,1.710
1,5487,2.042
1,5488,2.337
1,5489,3.114
1,5490,2.323
1,5491,2.096
1,5492,1.687
1,5493,1.926
1,5494,2.031
1,5495,1.803
1,5496,1.702
1,5497,2.538
1,5498,2.035
1,5499,1.872
1,5500,2.146
1,5501,2.021
1,5502,1.742
1,5503,1.932
1,5504,2.216
1,5505,1.825
1,5506,1.827
1,5507,1.601
1,5508,1.490
1,5509,1.630
1,5510,1.595
1,5511,1.380
1,5512,1.798
1,5513,1.905
1,5514,2.253
1,5515,2.057
1,5516,2.304
1,5517,2.038
1,5518,2.548
1,5519,2.130
1,5520,2.852
1,5521,3.525
1,5522,1.996
1,5523,2.982
1,5524,2.273
1,5525,1.786
1,5526,1.538
1,5527,2.158
1,5528,1.732
1,5529,1.425
1,5530,1.500
1,5531,1.626
1,5532,1.805
1,5533,1.816
1,5534,1.692
1,5535,1.506
1,5536,1.690
1,5537,2.385
1,5538,2.049
1,5539,1.973
1,5540,1.755
1,5541,1.951
1,5542,1.600
1,5543,1.818
1,5544,1.689
1,5545,2.008
1,5546,2.445
1,5547,1.987
1,5548,1.473
1,5549,1.402
1,5550,1.749
1,5551,1.845
1,5552,1.874
1,5553,1.519
1,5554,1.796
1,5555,2.102
1,5556,1.749
1,5557,1.429
1,5558,1.633
1,5559,1.580
1,5560,1.381
1,5561,1.746
1,5562,1.710
1,5563,1.640
1,5564,1.863
1,5565,2.043
1,5566,2.182
1,5567,1.982
1,5568,1.612
1,5569,1.599
1,5570,2.052
1,5571,2.050
1,5572,1.818
1,5573,2.108
1,5574,1.888
1,5575,1.578
1,5576,1.387
1,5577,1.341
1,5578,1.687
1,5579,1.672
1,5580,1.452
1,5581,1.920
1,5582,2.173
1,5583,2.622
1,5584,1.864
1,5585,1.548
1,5586,1.603
1,5587,1.483
1,5588,1.360
1,5589,1.345
1,5590,1.731
1,5591,2.081
1,5592,1.806
1,5593,1.763
1,5594,1.755
1,5595,2.201
1,5596,1.789
1,5597,1.658
1,5598,2.045
1,5599,1.946
1,5600,2.200
1,5601,2.033
1,5602,1.663
1,5603,1.834
1,5604,1.589
1,5605,1.611
1,5606,1.710
1,5607,1.541
1,5608,1.579
1,5609,2.431
1,5610,2.897
1,5611,1.945
1,5612,1.972
1,5613,2.212
1,5614,1.860
1,5615,1.555
1,5616,1.860
1,5617,1.701
1,5618,1.426
1,5619,2.130
1,5620,1.673
1,5621,1.974
1,5622,1.853
1,5623,1.715
1,5624,2.085
1,5625,2.418
1,5626,2.249
1,5627,2.258
1,5628,2.494
1,5629,2.205
1,5630,2.096
1,5631,2.364
1,5632,2.145
1,5633,1.985
1,5634,1.627
1,5635,1.482
1,5636,1.588
1,5637,2.283
1,5638,1.532
1,5639,1.839
1,5640,2.109
1,5641,2.185
1,5642,2.016
1,5643,1.699
1,5644,2.084
1,5645,1.924
1,5646,2.890
1,5647,3.355
1,5648,2.323
1,5649,2.119
1,5650,2.668
1,5651,2.430
1,5652,2.261
1,5653,2.649
1,5654,2.113
1,5655,2.178
1,5656,2.299
1,5657,2.099
1,5658,1.939
1,5659,2.241
1,5660,2.144
1,5661,3.054
1,5662,2.166
1,5663,2.076
1,5664,2.071
1,5665,2.173
1,5666,2.317
1,5667,2.859
1,5668,2.661
1,5669,1.768
1,5670,1.528
1,5671,1.547
1,5672,1.526
1,5673,1.770
1,5674,1.637
1,5675,1.932
1,5676,2.003
1,5677,1.571
1,5678,1.779
1,5679,1.835
1,5680,1.865
1,5681,1.629
1,5682,1.467
1,5683,1.552
1,5684,2.041
1,5685,1.906
1,5686,1.549
1,5687,1.814
1,5688,2.104
1,5689,1.532
1,5690,1.722
1,5691,1.749
1,5692,1.749
1,5693,2.461
1,5694,1.752
1,5695,2.201
1,5696,1.825
1,5697,2.633
1,5698,2.008
1,5699,1.636
1,5700,1.936
1,5701,2.140
1,5702,2.258
1,5703,1.740
1,5704,1.457
1,5705,1.714
1,5706,2.420
1,5707,1.596
1,5708,1.797
1,5709,2.029
1,5710,2.248
1,5711,2.328
1,5712,2.113
1,5713,1.869
1,5714,1.474
1,5715,2.161
1,5716,2.045
1,5717,2.162
1,5718,1.814
1,5719,1.799
1,5720,2.240
1,5721,1.817
1,5722,1.659
1,5723,2.088
1,5724,2.330
1,5725,2.755
1,5726,2.076
1,5727,1.756
1,5728,1.607
1,5729,1.452
1,5730,1.741
1,5731,1.885
1,5732,1.794
1,5733,2.465
1,5734,2.310
1,5735,2.251
1,5736,2.115
1,5737,2.157
1,5738,1.898
1,5739,2.019
1,5740,3.043
1,5741,3.001
1,5742,2.715
1,5743,2.904
1,5744,2.009
1,5745,2.305
1,5746,2.293
1,5747,1.715
1,5748,2.305
1,5749,2.056
1,5750,1.743
1,5751,1.710
1,5752,1.789
1,5753,1.692
1,5754,2.101
1,5755,1.878
1,5756,1.905
1,5757,1.905
1,5758,5.935
1,5759,2.448
1,5760,3.197
1,5761,2.941
1,5762,2.691
1,5763,2.750
1,5764,2.369
1,5765,1.973
1,5766,2.409
1,5767,2.082
1,5768,1.594
1,5769,1.758
1,5770,1.672
1,5771,1.534
1,5772,1.775
1,5773,1.747
1,5774,1.612
1,5775,2.599
1,5776,1.932
1,5777,1.860
1,5778,1.627
1,5779,1.458
1,5780,1.566
1,5781,2.010
1,5782,2.367
1,5783,2.313
1,5784,2.543
1,5785,2.129
1,5786,2.207
1,5787,2.435
1,5788,2.298
1,5789,2.382
1,5790,3.509
1,5791,2.386
1,5792,2.614
1,5793,2.647
1,5794,2.493
1,5795,2.651
1,5796,3.194
1,5797,3.522
1,5798,2.658
1,5799,2.483
1,5800,2.749
1,5801,2.334
1,5802,2.577
1,5803,2.570
1,5804,2.491
1,5805,2.541
1,5806,2.449
1,5807,2.253
1,5808,3.406
1,5809,2.426
1,5810,2.426
1,5811,2.723
1,5812,2.512
1,5813,2.587
1,5814,3.699
1,5815,3.087
1,5816,2.390
1,5817,2.717
1,5818,2.509
1,5819,2.817
1,5820,2.453
1,5821,2.698
1,5822,2.399
1,5823,2.398
1,5824,2.888
1,5825,2.684
1,5826,3.998
1,5827,3.364
1,5828,3.549
1,5829,2.587
1,5830,3.320
1,5831,2.853
1,5832,3.082
1,5833,2.510
1,5834,2.238
1,5835,2.597
1,5836,2.693
1,5837,3.026
1,5838,2.734
1,5839,2.497
1,5840,2.671
1,5841,2.368
1,5842,2.408
1,5843,2.725
1,5844,3.554
1,5845,2.820
1,5846,2.730
1,5847,2.544
1,5848,2.972
1,5849,2.520
1,5850,2.829
1,5851,2.381
1,5852,2.115
1,5853,2.214
1,5854,2.919
1,5855,2.441
1,5856,2.438
1,5857,2.592
1,5858,2.207
1,5859,2.228
1,5860,2.940
1,5861,2.255
1,5862,2.490
1,5863,2.672
1,5864,2.844
1,5865,2.489
1,5866,2.200
1,5867,2.172
1,5868,2.409
1,5869,2.281
1,5870,2.806
1,5871,2.721
1,5872,2.469
1,5873,2.574
1,5874,2.288
1,5875,2.328
1,5876,2.730
1,5877,2.025
1,5878,2.288
1,5879,2.277
1,5880,2.090
1,5881,1.976
1,5882,2.073
1,5883,2.157
1,5884,1.743
1,5885,2.446
1,5886,3.255
1,5887,2.448
1,5888,2.450
1,5889,2.389
1,5890,2.270
1,5891,2.507
1,5892,1.890
1,5893,2.882
1,5894,2.054
1,5895,1.852
1,5896,1.710
1,5897,1.813
1,5898,2.014
1,5899,1.808
1,5900,1.788
1,5901,2.573
1,5902,2.021
1,5903,1.719
1,5904,1.805
1,5905,1.667
1,5906,1.725
1,5907,1.649
1,5908,2.409
1,5909,2.830
1,5910,2.759
1,5911,2.753
1,5912,2.200
1,5913,2.317
1,5914,2.198
1,5915,2.055
1,5916,1.894
1,5917,2.167
1,5918,2.004
1,5919,2.142
1,5920,1.880
1,5921,2.756
1,5922,2.400
1,5923,2.112
1,5924,1.955
1,5925,1.726
1,5926,1.829
1,5927,2.604
1,5928,1.817
1,5929,2.333
1,5930,3.159
1,5931,2.615
1,5932,2.067
1,5933,1.828
1,5934,1.461
1,5935,2.023
1,5936,1.796
1,5937,2.020
1,5938,1.969
1,5939,1.614
1,5940,1.561
1,5941,1.696
1,5942,1.684
1,5943,1.440
1,5944,1.581
1,5945,1.873
1,5946,1.968
1,5947,2.047
1,5948,1.866
1,5949,1.636
1,5950,1.620
1,5951,1.445
1,5952,1.485
1,5953,1.808
1,5954,1.592
1,5955,2.154
1,5956,2.252
1,5957,2.111
1,5958,2.688
1,5959,2.460
1,5960,2.266
1,5961,1.730
1,5962,2.257
1,5963,2.425
1,5964,1.795
1,5965,1.532
1,5966,1.531
1,5967,1.414
1,5968,1.591
1,5969,1.532
1,5970,1.553
1,5971,1.878
1,5972,1.779
1,5973,2.327
1,5974,2.146
1,5975,1.684
1,5976,1.595
1,5977,1.505
1,5978,1.508
1,5979,1.474
1,5980,2.175
1,5981,1.975
1,5982,2.397
1,5983,2.537
1,5984,2.654
1,5985,2.315
1,5986,2.177
1,5987,3.144
1,5988,2.173
1,5989,1.811
1,5990,2.000
1,5991,1.806
1,5992,1.535
1,5993,1.925
1,5994,1.951
1,5995,3.464
1,5996,2.573
1,5997,2.756
1,5998,2.403
1,5999,1.554
1,6000,1.551
1,6001,1.683
1,6002,2.131
1,6003,2.012
1,6004,1.778
1,6005,1.998
1,6006,2.355
1,6007,2.651
1,6008,1.862
1,6009,2.335
1,6010,2.057
1,6011,1.694
1,6012,1.725
1,6013,1.731
1,6014,1.634
1,6015,1.827
1,6016,1.937
1,6017,2.661
1,6018,2.356
1,6019,1.974
1,6020,2.096
1,6021,2.135
1,6022,2.422
1,6023,1.890
1,6024,2.621
1,6025,1.971
1,6026,1.684
1,6027,1.745
1,6028,1.756
1,6029,1.843
1,6030,2.085
1,6031,3.157
1,6032,2.920
1,6033,2.415
1,6034,2.498
1,6035,2.378
1,6036,2.508
1,6037,2.709
1,6038,2.636
1,6039,2.854
1,6040,2.652
1,6041,2.889
1,6042,2.814
1,6043,2.690
1,6044,2.213
1,6045,2.076
1,6046,2.216
1,6047,2.123
1,6048,2.040
1,6049,1.768
1,6050,1.993
1,6051,2.460
1,6052,2.916
1,6053,2.691
1,6054,2.813
1,6055,2.046
1,6056,2.518
1,6057,2.596
1,6058,2.312
1,6059,2.694
1,6060,2.774
1,6061,3.068
1,6062,2.799
1,6063,2.455
1,6064,3.033
1,6065,3.289
1,6066,2.475
1,6067,3.014
1,6068,2.437
1,6069,2.843
1,6070,3.163
1,6071,2.474
1,6072,2.401
1,6073,1.959
1,6074,2.739
1,6075,2.483
1,6076,2.063
1,6077,2.048
1,6078,2.155
1,6079,2.484
1,6080,2.496
1,6081,2.866
1,6082,2.690
1,6083,2.482
1,6084,2.092
1,6085,2.018
1,6086,2.003
1,6087,2.189
1,6088,2.408
1,6089,2.442
1,6090,2.866
1,6091,2.780
1,6092,2.560
1,6093,2.062
1,6094,2.163
1,6095,2.288
1,6096,1.997
1,6097,1.944
1,6098,1.854
1,6099,1.773
1,6100,1.521
1,6101,1.713
1,6102,1.720
1,6103,2.583
1,6104,1.781
1,6105,1.592
1,6106,2.156
1,6107,2.216
1,6108,1.690
1,6109,1.649
1,6110,2.031
1,6111,2.147
1,6112,1.761
1,6113,1.814
1,6114,1.968
1,6115,1.663
1,6116,2.883
1,6117,2.569
1,6118,2.805
1,6119,2.890
1,6120,2.604
1,6121,2.220
1,6122,2.791
1,6123,2.982
1,6124,2.648
1,6125,2.235
1,6126,1.976
1,6127,1.907
1,6128,2.087
1,6129,2.039
1,6130,2.074
1,6131,2.926
1,6132,2.395
1,6133,2.479
1,6134,2.373
1,6135,2.264
1,6136,2.333
1,6137,2.450
1,6138,2.935
1,6139,2.688
1,6140,1.944
1,6141,2.063
1,6142,2.152
1,6143,2.132
1,6144,2.660
1,6145,2.729
1,6146,2.665
1,6147,2.074
1,6148,2.138
1,6149,2.299
1,6150,1.954
1,6151,2.028
1,6152,2.042
1,6153,1.647
1,6154,2.164
1,6155,1.906
1,6156,1.561
1,6157,1.625
1,6158,1.655
1,6159,1.914
1,6160,2.616
1,6161,2.761
1,6162,2.304
1,6163,2.374
1,6164,1.766
1,6165,1.843
1,6166,2.055
1,6167,2.289
1,6168,2.272
1,6169,2.407
1,6170,2.208
1,6171,2.516
1,6172,1.993
1,6173,2.534
1,6174,2.523
1,6175,2.116
1,6176,1.696
1,6177,1.502
1,6178,1.733
1,6179,1.784
1,6180,1.892
1,6181,1.888
1,6182,2.781
1,6183,2.621
1,6184,2.016
1,6185,2.063
1,6186,1.977
1,6187,1.685
1,6188,3.121
1,6189,2.090
1,6190,1.891
1,6191,1.748
1,6192,1.568
1,6193,1.576
1,6194,1.502
1,6195,1.571
1,6196,1.584
1,6197,1.733
1,6198,2.138
1,6199,2.182
1,6200,1.766
1,6201,1.590
1,6202,1.473
1,6203,1.551
1,6204,1.571
1,6205,1.727
1,6206,1.832
1,6207,2.360
1,6208,2.389
1,6209,2.208
1,6210,2.068
1,6211,1.876
1,6212,1.734
1,6213,1.556
1,6214,1.921
1,6215,2.329
1,6216,2.015
1,6217,2.114
1,6218,1.763
1,6219,1.583
1,6220,1.816
1,6221,1.800
1,6222,1.962
1,6223,1.805
1,6224,1.580
1,6225,1.984
1,6226,2.002
1,6227,1.853
1,6228,1.670
1,6229,1.703
1,6230,1.493
1,6231,1.983
1,6232,2.015
1,6233,1.802
1,6234,1.786
1,6235,1.644
1,6236,1.931
1,6237,2.458
1,6238,1.952
1,6239,2.112
1,6240,2.053
1,6241,1.879
1,6242,1.850
1,6243,1.842
1,6244,1.902
1,6245,1.568
1,6246,2.280
1,6247,2.498
1,6248,2.104
1,6249,2.015
1,6250,1.730
1,6251,1.905
1,6252,1.839
1,6253,1.563
1,6254,1.628
1,6255,2.302
1,6256,1.946
1,6257,2.206
1,6258,1.868
1,6259,1.668
1,6260,1.754
1,6261,1.682
1,6262,2.303
1,6263,1.881
1,6264,3.019
1,6265,2.107
1,6266,1.677
1,6267,1.801
1,6268,1.774
1,6269,1.791
1,6270,1.812
1,6271,1.554
1,6272,2.186
1,6273,2.709
1,6274,2.001
1,6275,1.966
1,6276,2.029
1,6277,1.985
1,6278,1.881
1,6279,2.415
1,6280,2.429
1,6281,2.630
1,6282,2.312
1,6283,2.138
1,6284,2.156
1,6285,2.587
1,6286,2.457
1,6287,2.431
1,6288,2.533
1,6289,1.867
1,6290,2.003
1,6291,2.544
1,6292,2.314
1,6293,2.482
1,6294,2.282
1,6295,2.058
1,6296,2.247
1,6297,1.849
1,6298,1.622
1,6299,1.963
1,6300,2.204
1,6301,2.113
1,6302,1.791
1,6303,1.519
1,6304,1.670
1,6305,2.232
1,6306,1.645
1,6307,1.552
1,6308,1.846
1,6309,1.919
1,6310,3.365
1,6311,2.224
1,6312,2.020
1,6313,1.864
1,6314,1.747
1,6315,1.926
1,6316,1.767
1,6317,1.936
1,6318,1.893
1,6319,1.668
1,6320,1.835
1,6321,1.682
1,6322,1.722
1,6323,2.089
1,6324,1.655
1,6325,1.785
1,6326,2.135
1,6327,1.779
1,6328,1.731
1,6329,1.601
1,6330,1.705
1,6331,1.791
1,6332,1.758
1,6333,1.915
1,6334,1.972
1,6335,2.050
1,6336,2.378
1,6337,2.166
1,6338,2.212
1,6339,1.918
1,6340,1.876
1,6341,2.155
1,6342,2.874
1,6343,2.113
1,6344,1.678
1,6345,1.514
1,6346,1.857
1,6347,1.831
1,6348,1.666
1,6349,1.581
1,6350,1.721
1,6351,2.668
1,6352,1.871
1,6353,1.542
1,6354,1.750
1,6355,1.767
1,6356,1.498
1,6357,1.590
1,6358,1.610
1,6359,1.962
1,6360,2.016
1,6361,2.026
1,6362,2.322
1,6363,2.017
1,6364,1.817
1,6365,1.960
1,6366,2.074
1,6367,2.872
1,6368,1.927
1,6369,2.643
1,6370,2.029
1,6371,1.984
1,6372,2.216
1,6373,1.851
1,6374,2.778
1,6375,2.126
1,6376,2.224
1,6377,2.242
1,6378,2.616
1,6379,2.172
1,6380,2.061
1,6381,2.965
1,6382,2.273
1,6383,2.163
1,6384,2.889
1,6385,2.817
1,6386,2.398
1,6387,2.241
1,6388,2.152
1,6389,2.103
1,6390,2.087
1,6391,2.051
1,6392,1.972
1,6393,2.372
1,6394,2.395
1,6395,2.116
1,6396,2.205
1,6397,2.082
1,6398,2.334
1,6399,2.142
1,6400,2.190
1,6401,3.458
1,6402,2.575
1,6403,2.626
1,6404,2.546
1,6405,2.836
1,6406,2.454
1,6407,2.504
1,6408,2.743
1,6409,2.024
1,6410,2.434
1,6411,2.106
1,6412,2.239
1,6413,2.418
1,6414,2.737
1,6415,3.187
1,6416,2.418
1,6417,2.505
1,6418,2.472
1,6419,2.524
1,6420,2.502
1,6421,2.592
1,6422,2.770
1,6423,2.294
1,6424,2.596
1,6425,3.004
1,6426,2.610
1,6427,2.711
1,6428,3.123
1,6429,3.430
1,6430,2.203
1,6431,2.746
1,6432,2.562
1,6433,2.231
1,6434,2.203
1,6435,2.245
1,6436,2.453
1,6437,3.742
1,6438,3.701
1,6439,3.370
1,6440,3.179
1,6441,3.669
1,6442,4.599
1,6443,3.894
1,6444,3.169
1,6445,3.350
1,6446,2.985
1,6447,3.530
1,6448,4.201
1,6449,2.819
1,6450,2.487
1,6451,2.957
1,6452,2.438
1,6453,2.399
1,6454,2.332
1,6455,2.276
1,6456,2.278
1,6457,2.937
1,6458,2.396
1,6459,2.706
1,6460,2.854
1,6461,2.305
1,6462,2.684
1,6463,2.507
1,6464,2.351
1,6465,2.595
1,6466,2.236
1,6467,2.570
1,6468,2.530
1,6469,3.165
1,6470,2.894
1,6471,2.447
1,6472,2.065
1,6473,2.550
1,6474,2.713
1,6475,2.403
1,6476,2.418
1,6477,2.148
1,6478,1.872
1,6479,2.645
1,6480,2.110
1,6481,2.173
1,6482,2.929
1,6483,2.165
1,6484,1.799
1,6485,2.153
1,6486,2.168
1,6487,1.943
1,6488,1.994
1,6489,2.529
1,6490,2.354
1,6491,2.096
1,6492,2.201
1,6493,2.275
1,6494,1.997
1,6495,2.581
1,6496,2.731
1,6497,2.735
1,6498,2.860
1,6499,2.418
1,6500,3.000
1,6501,2.701
1,6502,2.266
1,6503,2.279
1,6504,1.608
1,6505,2.554
1,6506,2.149
1,6507,1.817
1,6508,1.569
1,6509,1.607
1,6510,2.782
1,6511,1.947
1,6512,1.667
1,6513,1.936
1,6514,2.149
1,6515,1.932
1,6516,2.156
1,6517,2.646
1,6518,2.209
1,6519,2.120
1,6520,2.292
1,6521,1.632
1,6522,2.312
1,6523,2.042
1,6524,2.421
1,6525,2.115
1,6526,2.172
1,6527,1.956
1,6528,3.753
1,6529,2.692
1,6530,1.751
1,6531,2.638
1,6532,2.165
1,6533,1.877
1,6534,1.523
1,6535,1.798
1,6536,1.743
1,6537,1.502
1,6538,2.383
1,6539,2.585
1,6540,2.351
1,6541,2.257
1,6542,2.358
1,6543,2.138
1,6544,1.908
1,6545,2.333
1,6546,2.705
1,6547,2.964
1,6548,2.495
1,6549,2.055
1,6550,1.894
1,6551,2.261
1,6552,2.177
1,6553,2.523
1,6554,2.747
1,6555,1.935
1,6556,1.883
1,6557,2.106
1,6558,2.115
1,6559,1.978
1,6560,2.693
1,6561,2.121
1,6562,2.521
1,6563,1.836
1,6564,1.796
1,6565,1.936
1,6566,1.668
1,6567,1.897
1,6568,2.207
1,6569,2.435
1,6570,2.287
1,6571,2.250
1,6572,2.364
1,6573,2.054
1,6574,2.036
1,6575,2.004
1,6576,2.043
1,6577,2.046
1,6578,1.802
1,6579,2.051
1,6580,2.381
1,6581,2.028
1,6582,1.744
1,6583,2.020
1,6584,2.502
1,6585,1.820
1,6586,2.183
1,6587,2.007
1,6588,1.882
1,6589,1.862
1,6590,1.922
1,6591,2.203
1,6592,2.141
1,6593,2.352
1,6594,2.289
1,6595,1.917
1,6596,1.779
1,6597,2.382
1,6598,1.952
1,6599,2.371
1,6600,2.242
1,6601,1.993
1,6602,3.422
1,6603,2.685
1,6604,2.345
1,6605,2.166
1,6606,2.595
1,6607,2.268
1,6608,1.869
1,6609,2.167
1,6610,1.731
1,6611,1.529
1,6612,2.586
1,6613,2.410
1,6614,2.294
1,6615,1.910
1,6616,2.336
1,6617,2.062
1,6618,2.114
1,6619,2.182
1,6620,2.079
1,6621,2.634
1,6622,2.228
1,6623,1.861
1,6624,1.719
1,6625,1.834
1,6626,2.033
1,6627,1.728
1,6628,2.239
1,6629,2.486
1,6630,2.454
1,6631,2.107
1,6632,2.302
1,6633,1.994
1,6634,1.771
1,6635,2.306
1,6636,2.183
1,6637,1.796
1,6638,2.288
1,6639,2.382
1,6640,2.304
1,6641,2.330
1,6642,2.698
1,6643,2.387
1,6644,2.734
1,6645,2.787
1,6646,2.224
1,6647,2.035
1,6648,2.010
1,6649,2.381
1,6650,2.516
1,6651,1.985
1,6652,1.868
1,6653,2.670
1,6654,1.903
1,6655,1.722
1,6656,1.581
1,6657,2.046
1,6658,2.123
1,6659,1.657
1,6660,1.931
1,6661,1.927
1,6662,2.452
1,6663,2.096
1,6664,2.141
1,6665,2.825
1,6666,1.998
1,6667,1.954
1,6668,2.078
1,6669,1.859
1,6670,2.371
1,6671,1.648
1,6672,2.083
1,6673,2.345
1,6674,1.951
1,6675,1.707
1,6676,1.650
1,6677,2.023
1,6678,1.883
1,6679,1.933
1,6680,2.244
1,6681,2.288
1,6682,2.322
1,6683,2.205
1,6684,2.230
1,6685,2.060
1,6686,2.530
1,6687,2.973
1,6688,2.780
1,6689,2.649
1,6690,2.581
1,6691,2.754
1,6692,2.393
1,6693,2.367
1,6694,2.833
1,6695,2.140
1,6696,2.106
1,6697,2.147
1,6698,2.396
1,6699,2.275
1,6700,2.220
1,6701,2.376
1,6702,2.247
1,6703,1.712
1,6704,1.689
1,6705,1.623
1,6706,1.905
1,6707,1.801
1,6708,2.515
1,6709,2.125
1,6710,2.031
1,6711,2.422
1,6712,1.772
1,6713,2.046
1,6714,2.466
1,6715,2.494
1,6716,2.004
1,6717,1.969
1,6718,1.986
1,6719,2.051
1,6720,1.869
1,6721,1.841
1,6722,1.758
1,6723,2.221
1,6724,4.577
1,6725,3.711
1,6726,3.323
1,6727,3.243
1,6728,4.097
1,6729,3.810
1,6730,2.915
1,6731,2.975
1,6732,4.342
1,6733,3.305
1,6734,2.281
1,6735,1.861
1,6736,1.598
1,6737,1.735
1,6738,1.977
1,6739,2.113
1,6740,2.364
1,6741,2.099
1,6742,1.966
1,6743,1.704
1,6744,1.666
1,6745,1.878
1,6746,1.574
1,6747,2.249
1,6748,3.056
1,6749,2.480
1,6750,1.962
1,6751,2.042
1,6752,2.080
1,6753,1.746
1,6754,2.246
1,6755,2.766
1,6756,1.883
1,6757,1.761
1,6758,1.721
1,6759,1.784
1,6760,1.776
1,6761,1.653
1,6762,1.941
1,6763,2.320
1,6764,2.709
1,6765,2.261
1,6766,1.993
1,6767,2.199
1,6768,2.453
1,6769,2.185
1,6770,3.505
1,6771,3.212
1,6772,2.458
1,6773,2.120
1,6774,2.101
1,6775,1.830
1,6776,2.014
1,6777,2.271
1,6778,1.990
1,6779,2.365
1,6780,2.002
1,6781,1.773
1,6782,1.929
1,6783,2.034
1,6784,2.280
1,6785,1.909
1,6786,2.197
1,6787,2.073
1,6788,1.982
1,6789,1.780
1,6790,1.773
1,6791,2.673
1,6792,2.932
1,6793,2.748
1,6794,2.487
1,6795,3.255
1,6796,2.613
1,6797,2.398
1,6798,2.187
1,6799,2.150
1,6800,2.074
1,6801,2.129
1,6802,1.893
1,6803,1.589
1,6804,2.224
1,6805,3.163
1,6806,2.397
1,6807,2.357
1,6808,2.416
1,6809,1.900
1,6810,2.052
1,6811,2.075
1,6812,3.136
1,6813,3.357
1,6814,3.258
1,6815,3.711
1,6816,3.255
1,6817,3.385
1,6818,2.463
1,6819,2.382
1,6820,2.434
1,6821,2.179
1,6822,1.853
1,6823,2.855
1,6824,2.864
1,6825,2.256
1,6826,2.529
1,6827,2.411
1,6828,2.463
1,6829,2.602
1,6830,2.356
1,6831,2.761
1,6832,2.044
1,6833,2.117
1,6834,2.076
1,6835,2.523
1,6836,2.498
1,6837,3.277
1,6838,2.425
1,6839,1.734
1,6840,2.029
1,6841,1.907
1,6842,1.909
1,6843,1.839
1,6844,2.837
1,6845,2.549
1,6846,2.528
1,6847,2.050
1,6848,2.022
1,6849,1.941
1,6850,2.103
1,6851,1.975
1,6852,1.625
1,6853,1.936
1,6854,2.092
1,6855,1.895
1,6856,1.902
1,6857,2.072
1,6858,2.510
1,6859,2.143
1,6860,2.234
1,6861,3.362
1,6862,2.410
1,6863,2.687
1,6864,2.326
1,6865,2.392
1,6866,2.392
1,6867,1.964
1,6868,1.802
1,6869,2.056
1,6870,1.850
1,6871,2.544
1,6872,2.404
1,6873,1.994
1,6874,1.809
1,6875,1.908
1,6876,2.064
1,6877,1.888
1,6878,1.651
1,6879,1.852
1,6880,2.338
1,6881,2.585
1,6882,2.228
1,6883,2.032
1,6884,1.796
1,6885,1.743
1,6886,1.997
1,6887,1.857
1,6888,2.020
1,6889,2.909
1,6890,2.405
1,6891,2.393
1,6892,2.366
1,6893,1.894
1,6894,1.610
1,6895,2.207
1,6896,2.465
1,6897,2.468
1,6898,1.863
1,6899,1.641
1,6900,1.844
1,6901,1.821
1,6902,1.687
1,6903,2.154
1,6904,2.005
1,6905,2.652
1,6906,2.398
1,6907,1.957
1,6908,2.340
1,6909,2.503
1,6910,2.284
1,6911,2.553
1,6912,2.338
1,6913,1.984
1,6914,2.134
1,6915,1.703
1,6916,1.660
1,6917,1.566
1,6918,1.755
1,6919,2.322
1,6920,2.055
1,6921,1.665
1,6922,1.807
1,6923,1.604
1,6924,2.438
1,6925,1.916
1,6926,2.105
1,6927,2.311
1,6928,1.923
1,6929,2.376
1,6930,1.950
1,6931,1.971
1,6932,2.526
1,6933,1.781
1,6934,2.345
1,6935,3.333
1,6936,3.078
1,6937,3.055
1,6938,2.134
1,6939,2.282
1,6940,2.035
1,6941,2.451
1,6942,2.124
1,6943,1.811
1,6944,1.881
1,6945,1.696
1,6946,1.549
1,6947,1.912
1,6948,2.592
1,6949,2.694
1,6950,2.656
1,6951,3.841
1,6952,4.637
1,6953,3.160
1,6954,3.455
1,6955,2.860
1,6956,3.875
1,6957,3.359
1,6958,2.900
1,6959,2.354
1,6960,3.161
1,6961,2.986
1,6962,2.766
1,6963,2.820
1,6964,2.477
1,6965,2.439
1,6966,2.331
1,6967,3.196
1,6968,2.400
1,6969,2.772
1,6970,2.281
1,6971,2.485
1,6972,2.188
1,6973,2.219
1,6974,3.195
1,6975,2.763
1,6976,2.813
1,6977,2.288
1,6978,2.315
1,6979,2.322
1,6980,2.223
1,6981,2.676
1,6982,3.474
1,6983,2.526
1,6984,2.189
1,6985,2.578
1,6986,2.780
1,6987,2.463
1,6988,3.385
1,6989,2.404
1,6990,2.482
1,6991,2.419
1,6992,2.332
1,6993,2.323
1,6994,3.305
1,6995,2.832
1,6996,2.425
1,6997,2.322
1,6998,2.663
1,6999,2.447
1,7000,2.661
1,7001,2.468
1,7002,2.879
1,7003,2.482
1,7004,2.399
1,7005,2.221
1,7006,3.330
1,7007,2.718
1,7008,2.550
1,7009,2.911
1,7010,2.366
1,7011,2.422
1,7012,2.573
1,7013,2.401
1,7014,2.452
1,7015,2.386
1,7016,2.739
1,7017,2.479
1,7018,2.832
1,7019,2.578
1,7020,2.382
1,7021,2.250
1,7022,2.542
1,7023,3.060
1,7024,3.201
1,7025,3.207
1,7026,2.422
1,7027,2.537
1,7028,2.230
1,7029,2.813
1,7030,2.940
1,7031,2.268
1,7032,1.881
1,7033,2.323
1,7034,2.101
1,7035,1.913
1,7036,2.029
1,7037,2.602
1,7038,2.695
1,7039,2.733
1,7040,2.197
1,7041,1.822
1,7042,2.294
1,7043,2.761
1,7044,3.028
1,7045,3.080
1,7046,2.271
1,7047,2.375
1,7048,2.235
1,7049,1.964
1,7050,2.379
1,7051,2.237
1,7052,2.026
1,7053,2.657
1,7054,2.124
1,7055,1.774
1,7056,1.651
1,7057,1.977
1,7058,2.162
1,7059,2.044
1,7060,1.965
1,7061,2.469
1,7062,2.393
1,7063,2.147
1,7064,2.237
1,7065,2.258
1,7066,2.465
1,7067,2.219
1,7068,2.615
1,7069,2.449
1,7070,3.031
1,7071,2.513
1,7072,3.064
1,7073,2.202
1,7074,2.082
1,7075,2.119
1,7076,2.144
1,7077,2.500
1,7078,2.833
1,7079,2.143
1,7080,2.291
1,7081,2.404
1,7082,2.105
1,7083,1.993
1,7084,2.359
1,7085,2.944
1,7086,1.938
1,7087,2.098
1,7088,1.744
1,7089,2.138
1,7090,2.214
1,7091,2.001
1,7092,2.307
1,7093,2.528
1,7094,2.239
1,7095,1.955
1,7096,2.193
1,7097,1.859
1,7098,1.626
1,7099,1.833
1,7100,2.058
1,7101,2.085
1,7102,2.100
1,7103,1.998
1,7104,2.103
1,7105,1.666
1,7106,1.619
1,7107,1.795
1,7108,1.698
1,7109,2.386
1,7110,2.053
1,7111,2.247
1,7112,1.882
1,7113,1.630
1,7114,2.158
1,7115,1.779
1,7116,2.063
1,7117,3.046
1,7118,2.934
1,7119,2.451
1,7120,2.124
1,7121,1.815
1,7122,1.575
1,7123,3.025
1,7124,2.500
1,7125,2.270
1,7126,2.295
1,7127,2.876
1,7128,2.320
1,7129,2.766
1,7130,2.350
1,7131,1.836
1,7132,1.944
1,7133,1.776
1,7134,1.878
1,7135,2.131
1,7136,2.292
1,7137,2.354
1,7138,2.320
1,7139,2.206
1,7140,2.213
1,7141,1.908
1,7142,1.870
1,7143,2.196
1,7144,3.182
1,7145,3.504
1,7146,3.140
1,7147,3.498
1,7148,3.211
1,7149,2.685
1,7150,2.132
1,7151,1.646
1,7152,1.838
1,7153,1.798
1,7154,1.713
1,7155,2.673
1,7156,3.313
1,7157,2.711
1,7158,2.009
1,7159,2.668
1,7160,1.963
1,7161,2.242
1,7162,2.629
1,7163,2.374
1,7164,2.186
1,7165,2.945
1,7166,2.085
1,7167,2.087
1,7168,1.990
1,7169,3.411
1,7170,2.572
1,7171,2.545
1,7172,2.771
1,7173,2.619
1,7174,2.589
1,7175,2.773
1,7176,2.877
1,7177,1.969
1,7178,2.050
1,7179,2.603
1,7180,2.036
1,7181,2.394
1,7182,2.587
1,7183,1.896
1,7184,1.913
1,7185,1.943
1,7186,2.016
1,7187,2.097
1,7188,2.016
1,7189,2.089
1,7190,2.088
1,7191,2.559
1,7192,1.880
1,7193,1.826
1,7194,1.695
1,7195,1.940
1,7196,2.255
1,7197,2.728
1,7198,2.636
1,7199,2.552
1,7200,2.381
1,7201,2.394
1,7202,2.278
1,7203,2.853
1,7204,2.509
1,7205,2.167
1,7206,2.378
1,7207,2.134
1,7208,2.163
1,7209,2.377
1,7210,2.410
1,7211,2.516
1,7212,2.509
1,7213,2.183
1,7214,2.444
1,7215,2.526
1,7216,2.880
1,7217,2.425
1,7218,2.980
1,7219,2.009
1,7220,2.304
1,7221,4.029
1,7222,3.896
1,7223,3.050
1,7224,3.174
1,7225,2.806
1,7226,2.486
1,7227,2.908
1,7228,2.593
1,7229,2.822
1,7230,3.272
1,7231,2.584
1,7232,2.843
1,7233,3.239
1,7234,7.681
1,7235,4.821
1,7236,3.705
1,7237,3.665
1,7238,2.645
1,7239,2.118
1,7240,2.146
1,7241,1.632
1,7242,2.282
1,7243,2.151
1,7244,1.741
1,7245,1.809
1,7246,1.947
1,7247,1.968
1,7248,1.899
1,7249,2.387
1,7250,2.356
1,7251,1.802
1,7252,2.079
1,7253,2.101
1,7254,2.032
1,7255,1.831
1,7256,2.317
1,7257,2.630
1,7258,2.268
1,7259,2.416
1,7260,1.945
1,7261,1.833
1,7262,2.081
1,7263,1.919
1,7264,1.805
1,7265,2.873
1,7266,2.312
1,7267,1.651
1,7268,1.750
1,7269,1.966
1,7270,1.769
1,7271,1.960
1,7272,2.609
1,7273,2.842
1,7274,2.197
1,7275,2.510
1,7276,2.385
1,7277,2.099
1,7278,2.460
1,7279,3.047
1,7280,2.856
1,7281,2.550
1,7282,1.872
1,7283,1.736
1,7284,2.240
1,7285,1.820
1,7286,2.401
1,7287,2.355
1,7288,2.676
1,7289,1.744
1,7290,1.822
1,7291,1.633
1,7292,1.544
1,7293,2.547
1,7294,2.330
1,7295,1.966
1,7296,1.703
1,7297,2.141
1,7298,1.949
1,7299,1.766
1,7300,1.686
1,7301,2.425
1,7302,3.118
1,7303,2.230
1,7304,2.212
1,7305,2.538
1,7306,1.856
1,7307,2.085
1,7308,2.151
1,7309,2.055
1,7310,2.177
1,7311,1.805
1,7312,1.805
1,7313,1.825
1,7314,2.308
1,7315,2.396
1,7316,2.467
1,7317,2.347
1,7318,1.793
1,7319,1.600
1,7320,1.803
1,7321,1.758
1,7322,1.821
1,7323,2.111
1,7324,2.434
1,7325,2.640
1,7326,2.913
1,7327,2.500
1,7328,2.323
1,7329,2.387
1,7330,2.992
1,7331,2.987
1,7332,2.470
1,7333,2.404
1,7334,2.260
1,7335,2.393
1,7336,2.136
1,7337,2.914
1,7338,2.537
1,7339,2.054
1,7340,2.090
1,7341,2.314
1,7342,2.095
1,7343,2.407
1,7344,2.902
1,7345,2.594
1,7346,2.470
1,7347,2.189
1,7348,1.801
1,7349,2.412
1,7350,2.376
1,7351,2.432
1,7352,2.426
1,7353,2.466
1,7354,1.786
1,7355,1.922
1,7356,2.198
1,7357,2.033
1,7358,2.504
1,7359,2.484
1,7360,2.427
1,7361,2.638
1,7362,2.209
1,7363,1.704
1,7364,2.509
1,7365,2.635
1,7366,2.295
1,7367,2.358
1,7368,2.716
1,7369,2.414
1,7370,2.651
1,7371,2.246
1,7372,1.867
1,7373,2.071
1,7374,2.138
1,7375,2.104
1,7376,1.948
1,7377,2.821
1,7378,2.080
1,7379,1.695
1,7380,1.814
1,7381,1.678
1,7382,1.946
1,7383,2.276
1,7384,2.458
1,7385,2.755
1,7386,1.981
1,7387,1.874
1,7388,1.584
1,7389,1.563
1,7390,1.885
1,7391,1.721
1,7392,2.174
1,7393,2.215
1,7394,2.563
1,7395,1.957
1,7396,1.596
1,7397,1.814
1,7398,1.951
1,7399,1.714
1,7400,1.828
1,7401,1.849
1,7402,2.142
1,7403,2.288
1,7404,1.711
1,7405,1.832
1,7406,1.701
1,7407,1.615
1,7408,1.986
1,7409,1.923
1,7410,1.905
1,7411,1.766
1,7412,2.536
1,7413,2.069
1,7414,1.665
1,7415,1.715
1,7416,2.136
1,7417,1.784
1,7418,3.015
1,7419,2.547
1,7420,2.787
1,7421,2.363
1,7422,2.298
1,7423,1.906
1,7424,2.133
1,7425,2.081
1,7426,1.723
1,7427,1.909
1,7428,2.187
1,7429,1.851
1,7430,1.712
1,7431,1.580
1,7432,2.291
1,7433,2.177
1,7434,1.807
1,7435,1.829
1,7436,1.638
1,7437,1.982
1,7438,1.832
1,7439,1.710
1,7440,1.895
1,7441,2.035
1,7442,2.508
1,7443,2.031
1,7444,2.256
1,7445,2.068
1,7446,2.305
1,7447,1.920
1,7448,2.394
1,7449,2.366
1,7450,1.840
1,7451,1.561
1,7452,1.863
1,7453,1.793
1,7454,1.735
1,7455,2.023
1,7456,2.213
1,7457,2.114
1,7458,1.740
1,7459,1.738
1,7460,1.906
1,7461,1.751
1,7462,1.822
1,7463,2.149
1,7464,3.090
1,7465,2.567
1,7466,2.744
1,7467,2.197
1,7468,2.053
1,7469,2.265
1,7470,2.839
1,7471,2.855
1,7472,2.190
1,7473,2.106
1,7474,1.994
1,7475,2.344
1,7476,2.340
1,7477,2.439
1,7478,2.444
1,7479,2.665
1,7480,2.423
1,7481,2.503
1,7482,2.012
1,7483,2.854
1,7484,2.260
1,7485,1.897
1,7486,1.837
1,7487,2.466
1,7488,2.456
1,7489,1.937
1,7490,2.267
1,7491,1.990
1,7492,1.712
1,7493,1.909
1,7494,1.951
1,7495,2.156
1,7496,1.850
1,7497,1.842
1,7498,2.481
1,7499,2.684
1,7500,2.682
1,7501,2.735
1,7502,2.806
1,7503,3.223
1,7504,3.365
1,7505,3.170
1,7506,2.946
1,7507,2.999
1,7508,3.569
1,7509,3.221
1,7510,2.379
1,7511,2.667
1,7512,2.570
1,7513,2.983
1,7514,3.321
1,7515,3.676
1,7516,3.068
1,7517,2.515
1,7518,2.740
1,7519,2.879
1,7520,2.745
1,7521,3.304
1,7522,2.612
1,7523,2.814
1,7524,2.665
1,7525,3.507
1,7526,3.567
1,7527,3.270
1,7528,2.757
1,7529,2.615
1,7530,2.965
1,7531,2.930
1,7532,2.924
1,7533,3.344
1,7534,2.733
1,7535,3.365
1,7536,2.696
1,7537,2.636
1,7538,2.736
1,7539,3.026
1,7540,3.291
1,7541,3.388
1,7542,3.030
1,7543,2.841
1,7544,2.915
1,7545,3.367
1,7546,3.246
1,7547,2.919
1,7548,3.011
1,7549,3.230
1,7550,2.931
1,7551,3.742
1,7552,2.748
1,7553,2.966
1,7554,2.796
1,7555,3.089
1,7556,3.534
1,7557,4.317
1,7558,3.116
1,7559,3.654
1,7560,3.441
1,7561,2.737
1,7562,2.845
1,7563,2.228
1,7564,2.561
1,7565,2.497
1,7566,3.754
1,7567,3.139
1,7568,2.995
1,7569,2.591
1,7570,2.217
1,7571,2.690
1,7572,3.512
1,7573,2.672
1,7574,3.437
1,7575,2.477
1,7576,2.661
1,7577,2.826
1,7578,2.885
1,7579,2.862
1,7580,3.033
1,7581,2.520
1,7582,2.356
1,7583,2.889
1,7584,2.444
1,7585,2.519
1,7586,2.636
1,7587,2.601
1,7588,2.141
1,7589,3.279
1,7590,3.503
1,7591,3.413
1,7592,3.644
1,7593,3.149
1,7594,2.897
1,7595,2.246
1,7596,2.479
1,7597,2.057
1,7598,2.217
1,7599,2.005
1,7600,2.588
1,7601,2.107
1,7602,2.017
1,7603,1.706
1,7604,1.570
1,7605,2.088
1,7606,1.888
1,7607,1.933
1,7608,2.247
1,7609,2.300
1,7610,2.022
1,7611,1.663
1,7612,1.561
1,7613,1.882
1,7614,1.644
1,7615,2.050
1,7616,2.184
1,7617,1.954
1,7618,2.420
1,7619,1.892
1,7620,2.016
1,7621,1.911
1,7622,1.640
1,7623,1.769
1,7624,2.491
1,7625,2.054
1,7626,2.132
1,7627,2.217
1,7628,1.756
1,7629,1.589
1,7630,1.769
1,7631,2.243
1,7632,2.084
1,7633,1.989
1,7634,1.806
1,7635,1.551
1,7636,1.991
1,7637,1.789
1,7638,1.718
1,7639,1.893
1,7640,2.257
1,7641,2.498
1,7642,1.989
1,7643,1.818
1,7644,1.784
1,7645,1.956
1,7646,1.871
1,7647,1.895
1,7648,2.846
1,7649,2.409
1,7650,2.327
1,7651,2.350
1,7652,1.991
1,7653,1.987
1,7654,1.971
1,7655,1.967
1,7656,1.669
1,7657,1.520
1,7658,1.817
1,7659,1.714
1,7660,1.465
1,7661,1.672
1,7662,1.776
1,7663,1.906
1,7664,2.605
1,7665,2.111
1,7666,3.017
1,7667,4.041
1,7668,2.301
1,7669,2.095
1,7670,2.467
1,7671,2.043
1,7672,1.783
1,7673,1.494
1,7674,1.572
1,7675,1.839
1,7676,1.523
1,7677,1.524
1,7678,2.007
1,7679,2.099
1,7680,2.332
1,7681,1.817
1,7682,1.927
1,7683,1.897
1,7684,1.641
1,7685,1.742
1,7686,2.168
1,7687,2.056
1,7688,2.063
1,7689,2.460
1,7690,2.765
1,7691,2.375
1,7692,2.452
1,7693,2.433
1,7694,2.126
1,7695,2.093
1,7696,2.147
1,7697,1.635
1,7698,1.640
1,7699,1.828
1,7700,1.770
1,7701,1.581
1,7702,2.777
1,7703,1.852
1,7704,1.817
1,7705,2.158
1,7706,1.778
1,7707,1.724
1,7708,1.709
1,7709,1.632
1,7710,2.013
1,7711,1.831
1,7712,1.734
1,7713,1.894
1,7714,1.726
1,7715,2.504
1,7716,1.931
1,7717,1.994
1,7718,1.844
1,7719,2.130
1,7720,2.440
1,7721,2.277
1,7722,1.989
1,7723,2.381
1,7724,2.085
1,7725,2.107
1,7726,2.290
1,7727,2.271
1,7728,2.023
1,7729,2.300
1,7730,2.242
1,7731,2.512
1,7732,2.556
1,7733,2.335
1,7734,2.031
1,7735,1.885
1,7736,2.326
1,7737,2.085
1,7738,2.600
1,7739,3.049
1,7740,2.242
1,7741,1.814
1,7742,1.880
1,7743,1.885
1,7744,1.763
1,7745,1.906
1,7746,1.955
1,7747,1.922
1,7748,2.164
1,7749,1.804
1,7750,1.683
1,7751,1.583
1,7752,1.543
1,7753,1.790
1,7754,1.796
1,7755,1.864
1,7756,2.016
1,7757,1.805
1,7758,1.953
1,7759,1.755
1,7760,1.661
1,7761,1.777
1,7762,1.638
1,7763,1.748
1,7764,2.628
1,7765,1.887
1,7766,1.758
1,7767,2.284
1,7768,1.869
1,7769,1.884
1,7770,1.872
1,7771,2.489
1,7772,2.332
1,7773,1.661
1,7774,2.349
1,7775,2.413
1,7776,2.075
1,7777,1.763
1,7778,1.769
1,7779,2.628
1,7780,1.894
1,7781,1.892
1,7782,1.679
1,7783,1.459
1,7784,2.250
1,7785,1.771
1,7786,1.612
1,7787,2.002
1,7788,2.381
1,7789,2.612
1,7790,1.908
1,7791,1.862
1,7792,1.962
1,7793,1.916
1,7794,1.882
1,7795,2.285
1,7796,2.746
1,7797,2.128
1,7798,1.969
1,7799,1.910
1,7800,1.570
1,7801,1.603
1,7802,2.325
1,7803,2.145
1,7804,2.473
1,7805,2.301
1,7806,2.266
1,7807,1.961
1,7808,2.008
1,7809,1.877
1,7810,2.301
1,7811,2.063
1,7812,2.500
1,7813,2.002
1,7814,1.752
1,7815,2.329
1,7816,2.276
1,7817,1.749
1,7818,2.967
1,7819,2.176
1,7820,2.136
1,7821,2.500
1,7822,2.391
1,7823,1.979
1,7824,1.959
1,7825,2.314
1,7826,2.559
1,7827,2.814
1,7828,2.950
1,7829,2.555
1,7830,2.447
1,7831,2.110
1,7832,2.289
1,7833,2.345
1,7834,2.416
1,7835,1.871
1,7836,1.818
1,7837,1.927
1,7838,2.166
1,7839,2.323
1,7840,2.008
1,7841,1.989
1,7842,1.799
1,7843,1.910
1,7844,1.813
1,7845,1.748
1,7846,1.862
1,7847,2.302
1,7848,1.900
1,7849,1.961
1,7850,2.352
1,7851,2.155
1,7852,1.979
1,7853,2.144
1,7854,2.030
1,7855,1.776
1,7856,1.584
1,7857,1.992
1,7858,1.802
1,7859,2.489
1,7860,2.087
1,7861,2.239
1,7862,2.363
1,7863,2.329
1,7864,2.595
1,7865,2.171
1,7866,2.009
1,7867,2.128
1,7868,1.740
1,7869,2.316
1,7870,2.299
1,7871,2.066
1,7872,1.840
1,7873,2.376
1,7874,2.114
1,7875,2.823
1,7876,2.809
1,7877,2.359
1,7878,2.736
1,7879,2.664
1,7880,2.369
1,7881,3.127
1,7882,3.040
1,7883,2.491
1,7884,2.205
1,7885,1.876
1,7886,1.895
1,7887,2.110
1,7888,2.473
1,7889,2.428
1,7890,2.613
1,7891,2.262
1,7892,2.038
1,7893,2.499
1,7894,2.923
1,7895,2.730
1,7896,2.422
1,7897,2.650
1,7898,2.176
1,7899,2.221
1,7900,1.947
1,7901,1.899
1,7902,2.631
1,7903,2.073
1,7904,2.023
1,7905,2.472
1,7906,1.825
1,7907,1.806
1,7908,1.851
1,7909,2.780
1,7910,2.268
1,7911,2.469
1,7912,2.348
1,7913,2.263
1,7914,1.982
1,7915,1.862
1,7916,2.405
1,7917,2.018
1,7918,1.971
1,7919,1.707
1,7920,1.514
1,7921,2.051
1,7922,2.569
1,7923,1.890
1,7924,1.991
1,7925,2.589
1,7926,2.224
1,7927,2.224
1,7928,2.129
1,7929,1.684
1,7930,2.460
1,7931,2.274
1,7932,2.308
1,7933,1.907
1,7934,2.005
1,7935,2.177
1,7936,1.640
1,7937,1.570
1,7938,1.897
1,7939,2.241
1,7940,2.494
1,7941,2.124
1,7942,1.924
1,7943,1.758
1,7944,1.616
1,7945,2.010
1,7946,1.801
1,7947,1.832
1,7948,2.749
1,7949,2.504
1,7950,2.055
1,7951,2.029
1,7952,2.240
1,7953,1.842
1,7954,2.057
1,7955,2.591
1,7956,2.459
1,7957,1.897
1,7958,1.916
1,7959,3.807
1,7960,2.715
1,7961,2.053
1,7962,1.823
1,7963,2.119
1,7964,2.339
1,7965,1.710
1,7966,1.622
1,7967,1.733
1,7968,2.345
1,7969,2.552
1,7970,2.573
1,7971,2.550
1,7972,2.992
1,7973,2.307
1,7974,2.201
1,7975,1.924
1,7976,1.991
1,7977,2.065
1,7978,1.781
1,7979,1.819
1,7980,2.197
1,7981,1.764
1,7982,2.208
1,7983,2.256
1,7984,1.997
1,7985,1.666
1,7986,1.874
1,7987,2.111
1,7988,1.580
1,7989,1.842
1,7990,1.798
1,7991,2.166
1,7992,2.128
1,7993,1.728
1,7994,1.911
1,7995,1.996
1,7996,1.634
1,7997,2.152
1,7998,2.990
1,7999,2.225
1,8000,2.172
1,8001,2.078
1,8002,1.875
1,8003,1.699
1,8004,2.042
1,8005,1.944
1,8006,3.383
1,8007,2.472
1,8008,2.045
1,8009,1.879
1,8010,2.358
1,8011,2.240
1,8012,2.064
1,8013,2.804
1,8014,2.903
1,8015,2.428
1,8016,2.239
1,8017,2.072
1,8018,2.007
1,8019,3.235
1,8020,2.401
1,8021,2.791
1,8022,2.301
1,8023,2.134
1,8024,2.369
1,8025,2.464
1,8026,1.971
1,8027,2.024
1,8028,2.169
1,8029,2.386
1,8030,1.851
1,8031,1.857
1,8032,2.378
1,8033,2.587
1,8034,2.268
1,8035,2.016
1,8036,2.561
1,8037,3.067
1,8038,2.216
1,8039,2.434
1,8040,2.859
1,8041,2.348
1,8042,2.494
1,8043,2.204
1,8044,2.400
1,8045,2.438
1,8046,1.971
1,8047,1.620
1,8048,1.495
1,8049,1.713
1,8050,1.976
1,8051,1.723
1,8052,1.948
1,8053,2.782
1,8054,2.037
1,8055,1.842
1,8056,1.904
1,8057,1.762
1,8058,1.610
1,8059,1.793
1,8060,2.337
1,8061,2.099
1,8062,2.551
1,8063,2.092
1,8064,2.261
1,8065,1.907
1,8066,2.099
1,8067,1.991
1,8068,2.117
1,8069,1.992
1,8070,2.347
1,8071,1.865
1,8072,1.735
1,8073,1.752
1,8074,1.901
1,8075,1.870
1,8076,2.095
1,8077,2.729
1,8078,1.976
1,8079,2.986
1,8080,1.964
1,8081,1.680
1,8082,1.597
1,8083,1.987
1,8084,2.387
1,8085,1.902
1,8086,2.052
1,8087,2.121
1,8088,2.666
1,8089,2.336
1,8090,2.556
1,8091,2.403
1,8092,2.230
1,8093,2.273
1,8094,2.007
1,8095,2.154
1,8096,2.423
1,8097,2.396
1,8098,2.390
1,8099,2.398
1,8100,2.202
1,8101,2.625
1,8102,2.355
1,8103,2.944
1,8104,2.608
1,8105,2.505
1,8106,2.247
1,8107,2.583
1,8108,2.261
1,8109,2.708
1,8110,2.990
1,8111,2.800
1,8112,2.602
1,8113,2.616
1,8114,2.609
1,8115,2.442
1,8116,2.215
1,8117,2.945
1,8118,2.110
1,8119,2.189
1,8120,2.238
1,8121,2.226
1,8122,2.192
1,8123,2.425
1,8124,2.335
1,8125,2.982
1,8126,2.273
1,8127,2.159
1,8128,2.356
1,8129,2.890
1,8130,2.438
1,8131,2.364
1,8132,2.768
1,8133,2.498
1,8134,2.382
1,8135,2.276
1,8136,2.704
1,8137,2.784
1,8138,2.407
1,8139,2.639
1,8140,2.501
1,8141,2.534
1,8142,2.722
1,8143,3.415
1,8144,3.075
1,8145,3.141
1,8146,2.165
1,8147,2.300
1,8148,3.317
1,8149,2.597
1,8150,2.846
1,8151,2.393
1,8152,2.869
1,8153,2.989
1,8154,2.957
1,8155,2.914
1,8156,2.661
1,8157,2.562
1,8158,2.806
1,8159,3.182
1,8160,2.476
1,8161,2.268
1,8162,2.374
1,8163,2.421
1,8164,2.348
1,8165,2.973
1,8166,2.363
1,8167,2.485
1,8168,2.369
1,8169,2.330
1,8170,2.241
1,8171,2.347
1,8172,2.975
1,8173,2.704
1,8174,2.302
1,8175,2.268
1,8176,2.166
1,8177,2.087
1,8178,1.913
1,8179,1.973
1,8180,2.780
1,8181,2.023
1,8182,1.818
1,8183,1.829
1,8184,1.852
1,8185,1.984
1,8186,1.960
1,8187,2.171
1,8188,2.252
1,8189,2.824
1,8190,2.308
1,8191,2.280
1,8192,2.115
1,8193,1.965
1,8194,2.452
1,8195,2.153
1,8196,2.172
1,8197,2.360
1,8198,2.156
1,8199,2.393
1,8200,3.218
1,8201,2.322
1,8202,2.245
1,8203,1.883
1,8204,1.648
1,8205,2.501
1,8206,2.231
1,8207,2.948
1,8208,2.859
1,8209,2.247
1,8210,1.787
1,8211,2.243
1,8212,2.202
1,8213,1.954
1,8214,2.294
1,8215,3.154
1,8216,2.997
1,8217,2.186
1,8218,1.709
1,8219,1.471
1,8220,2.460
1,8221,2.060
1,8222,2.319
1,8223,1.933
1,8224,1.919
1,8225,1.984
1,8226,1.612
1,8227,1.677
1,8228,1.660
1,8229,1.971
1,8230,1.978
1,8231,2.198
1,8232,1.935
1,8233,1.900
1,8234,1.824
1,8235,2.335
1,8236,2.702
1,8237,3.258
1,8238,2.197
1,8239,2.020
1,8240,2.373
1,8241,2.565
1,8242,2.155
1,8243,2.034
1,8244,2.544
1,8245,2.531
1,8246,2.379
1,8247,2.441
1,8248,2.363
1,8249,2.008
1,8250,2.331
1,8251,2.045
1,8252,2.022
1,8253,2.697
1,8254,2.869
1,8255,2.426
1,8256,2.542
1,8257,3.018
1,8258,2.695
1,8259,1.914
1,8260,2.131
1,8261,2.225
1,8262,1.994
1,8263,1.713
1,8264,1.923
1,8265,2.462
1,8266,1.842
1,8267,1.623
1,8268,1.821
1,8269,2.037
1,8270,1.991
1,8271,2.146
1,8272,3.237
1,8273,2.856
1,8274,2.438
1,8275,2.074
1,8276,2.768
1,8277,2.596
1,8278,2.839
1,8279,2.494
1,8280,2.481
1,8281,2.042
1,8282,2.186
1,8283,2.739
1,8284,2.792
1,8285,3.253
1,8286,2.845
1,8287,3.001
1,8288,2.771
1,8289,3.238
1,8290,2.358
1,8291,2.012
1,8292,1.782
1,8293,1.927
1,8294,2.056
1,8295,1.672
1,8296,2.024
1,8297,2.860
1,8298,2.305
1,8299,2.044
1,8300,2.149
1,8301,2.150
1,8302,2.123
1,8303,2.467
1,8304,3.046
1,8305,3.292
1,8306,2.327
1,8307,2.509
1,8308,3.018
1,8309,2.252
1,8310,2.395
1,8311,2.516
1,8312,2.470
1,8313,2.219
1,8314,2.107
1,8315,2.150
1,8316,2.033
1,8317,2.982
1,8318,2.360
1,8319,2.816
1,8320,2.675
1,8321,2.316
1,8322,2.374
1,8323,2.711
1,8324,2.580
1,8325,2.560
1,8326,2.107
1,8327,3.518
1,8328,2.912
1,8329,2.779
1,8330,2.577
1,8331,2.123
1,8332,2.199
1,8333,2.087
1,8334,2.253
1,8335,2.539
1,8336,2.484
1,8337,2.229
1,8338,2.091
1,8339,2.571
1,8340,2.146
1,8341,2.458
1,8342,2.928
1,8343,2.516
1,8344,2.396
1,8345,2.366
1,8346,2.560
1,8347,2.846
1,8348,2.147
1,8349,3.760
1,8350,2.939
1,8351,2.732
1,8352,2.695
1,8353,2.603
1,8354,3.384
1,8355,3.325
1,8356,2.763
1,8357,2.836
1,8358,2.485
1,8359,2.873
1,8360,2.368
1,8361,2.188
1,8362,2.709
1,8363,2.167
1,8364,1.994
1,8365,2.086
1,8366,2.404
1,8367,2.196
1,8368,2.325
1,8369,2.196
1,8370,2.475
1,8371,2.096
1,8372,2.191
1,8373,2.315
1,8374,2.412
1,8375,2.241
1,8376,1.754
1,8377,1.836
1,8378,2.003
1,8379,2.261
1,8380,1.907
1,8381,2.057
1,8382,2.104
1,8383,1.932
1,8384,2.015
1,8385,1.964
1,8386,1.681
1,8387,2.355
1,8388,1.908
1,8389,2.699
1,8390,2.384
1,8391,2.596
1,8392,2.180
1,8393,2.464
1,8394,2.352
1,8395,2.886
1,8396,2.255
1,8397,1.991
1,8398,1.844
1,8399,1.509
1,8400,1.722
1,8401,1.829
1,8402,1.770
1,8403,2.979
1,8404,2.273
1,8405,1.984
1,8406,1.916
1,8407,1.949
1,8408,1.942
1,8409,1.761
1,8410,1.984
1,8411,1.952
1,8412,1.611
1,8413,2.700
1,8414,1.829
1,8415,1.789
1,8416,1.723
1,8417,1.761
1,8418,2.255
1,8419,1.959
1,8420,1.640
1,8421,1.664
1,8422,1.980
1,8423,1.779
1,8424,1.807
1,8425,1.738
1,8426,1.773
1,8427,2.115
1,8428,2.364
1,8429,2.138
1,8430,1.897
1,8431,2.225
1,8432,1.956
1,8433,1.893
1,8434,1.821
1,8435,2.661
1,8436,2.025
1,8437,1.713
1,8438,1.940
1,8439,2.017
1,8440,2.100
1,8441,1.747
1,8442,1.584
1,8443,2.212
1,8444,2.147
1,8445,1.621
1,8446,1.847
1,8447,1.686
1,8448,1.534
1,8449,1.557
1,8450,1.998
1,8451,1.579
1,8452,1.878
1,8453,1.954
1,8454,2.328
1,8455,1.986
1,8456,1.772
1,8457,1.950
1,8458,1.978
1,8459,2.128
1,8460,2.203
1,8461,2.289
1,8462,2.063
1,8463,1.677
1,8464,1.785
1,8465,1.922
1,8466,1.621
1,8467,1.601
1,8468,2.154
1,8469,2.448
1,8470,2.321
1,8471,1.846
1,8472,1.814
1,8473,1.649
1,8474,1.525
1,8475,1.843
1,8476,2.387
1,8477,2.513
1,8478,1.901
1,8479,2.202
1,8480,1.979
1,8481,1.705
1,8482,1.990
1,8483,2.147
1,8484,3.010
1,8485,3.096
1,8486,2.420
1,8487,1.932
1,8488,2.149
1,8489,2.151
1,8490,1.907
1,8491,2.841
1,8492,1.962
1,8493,2.177
1,8494,2.028
1,8495,1.765
1,8496,1.589
1,8497,1.470
1,8498,1.635
1,8499,2.213
1,8500,1.913
1,8501,1.861
1,8502,1.950
1,8503,2.830
1,8504,2.008
1,8505,2.134
1,8506,2.154
1,8507,2.990
1,8508,2.501
1,8509,2.102
1,8510,2.487
1,8511,2.100
1,8512,2.103
1,8513,2.218
1,8514,2.379
1,8515,2.038
1,8516,2.141
1,8517,2.461
1,8518,2.914
1,8519,2.404
1,8520,3.484
1,8521,2.258
1,8522,2.316
1,8523,2.193
1,8524,2.255
1,8525,2.491
1,8526,2.954
1,8527,2.487
1,8528,2.196
1,8529,1.887
1,8530,1.628
1,8531,1.757
1,8532,2.025
1,8533,2.624
1,8534,2.085
1,8535,2.217
1,8536,1.729
1,8537,1.545
1,8538,1.699
1,8539,1.948
1,8540,1.619
1,8541,1.928
1,8542,2.280
1,8543,1.679
1,8544,1.806
1,8545,1.669
1,8546,1.639
1,8547,1.727
1,8548,1.691
1,8549,2.306
1,8550,2.721
1,8551,4.687
1,8552,2.381
1,8553,2.063
1,8554,1.751
1,8555,2.268
1,8556,2.574
1,8557,2.431
1,8558,2.447
1,8559,1.935
1,8560,1.842
1,8561,1.774
1,8562,1.912
1,8563,2.762
1,8564,1.849
1,8565,1.596
1,8566,1.550
1,8567,2.894
1,8568,2.377
1,8569,2.768
1,8570,2.661
1,8571,2.560
1,8572,2.148
1,8573,2.368
1,8574,2.578
1,8575,2.497
1,8576,2.469
1,8577,2.249
1,8578,2.196
1,8579,2.198
1,8580,2.226
1,8581,2.149
1,8582,2.593
1,8583,2.397
1,8584,2.204
1,8585,1.789
1,8586,1.942
1,8587,1.897
1,8588,1.622
1,8589,1.776
1,8590,2.391
1,8591,2.374
1,8592,1.884
1,8593,2.099
1,8594,2.016
1,8595,2.032
1,8596,2.137
1,8597,1.961
1,8598,2.627
1,8599,2.399
1,8600,1.728
1,8601,1.675
1,8602,1.552
1,8603,1.511
1,8604,1.788
1,8605,1.644
1,8606,1.764
1,8607,2.304
1,8608,1.708
1,8609,2.262
1,8610,1.770
1,8611,1.610
1,8612,1.743
1,8613,1.672
1,8614,1.920
1,8615,2.405
1,8616,2.244
1,8617,2.339
1,8618,2.684
1,8619,2.731
1,8620,2.474
1,8621,2.692
1,8622,2.265
1,8623,2.024
1,8624,1.931
1,8625,2.180
1,8626,2.147
1,8627,4.066
1,8628,2.368
1,8629,2.012
1,8630,1.694
1,8631,1.584
1,8632,1.880
1,8633,2.006
1,8634,1.585
1,8635,1.726
1,8636,1.842
1,8637,1.730
1,8638,1.762
1,8639,1.607
1,8640,1.642
1,8641,1.838
1,8642,1.628
1,8643,2.487
1,8644,2.125
1,8645,2.454
1,8646,2.380
1,8647,2.130
1,8648,2.372
1,8649,2.113
1,8650,2.094
1,8651,2.492
1,8652,2.389
1,8653,2.172
1,8654,1.960
1,8655,1.942
1,8656,2.170
1,8657,2.250
1,8658,1.974
1,8659,3.694
1,8660,3.584
1,8661,2.841
1,8662,2.753
1,8663,2.480
1,8664,3.246
1,8665,3.318
1,8666,2.322
1,8667,2.340
1,8668,2.333
1,8669,2.158
1,8670,2.022
1,8671,3.437
1,8672,3.104
1,8673,2.232
1,8674,2.179
1,8675,2.710
1,8676,2.272
1,8677,2.684
1,8678,2.411
1,8679,3.047
1,8680,2.403
1,8681,2.471
1,8682,2.223
1,8683,3.132
1,8684,2.504
1,8685,4.865
1,8686,3.215
1,8687,2.687
1,8688,2.936
1,8689,2.475
1,8690,2.581
1,8691,2.174
1,8692,2.559
1,8693,2.807
1,8694,2.935
1,8695,3.293
1,8696,2.422
1,8697,2.580
1,8698,2.475
1,8699,2.457
1,8700,3.082
1,8701,2.929
1,8702,2.497
1,8703,2.515
1,8704,2.353
1,8705,2.695
1,8706,2.678
1,8707,3.148
1,8708,2.877
1,8709,2.878
1,8710,2.603
1,8711,2.583
1,8712,3.354
1,8713,3.730
1,8714,2.846
1,8715,2.780
1,8716,2.558
1,8717,3.102
1,8718,3.363
1,8719,5.160
1,8720,2.593
1,8721,2.880
1,8722,2.799
1,8723,2.507
1,8724,2.471
1,8725,3.134
1,8726,2.613
1,8727,2.501
1,8728,2.585
1,8729,2.608
1,8730,2.351
1,8731,2.326
1,8732,2.882
1,8733,2.415
1,8734,2.659
1,8735,2.883
1,8736,2.796
1,8737,2.584
1,8738,2.565
1,8739,3.046
1,8740,3.330
1,8741,2.995
1,8742,2.598
1,8743,2.416
1,8744,2.506
1,8745,2.650
1,8746,2.889
1,8747,2.579
1,8748,2.134
1,8749,1.908
1,8750,2.077
1,8751,2.001
1,8752,2.243
1,8753,2.893
1,8754,2.494
1,8755,2.064
1,8756,2.848
1,8757,2.238
1,8758,2.183
1,8759,2.773
1,8760,3.487
1,8761,2.958
1,8762,2.538
1,8763,2.299
1,8764,2.560
1,8765,2.385
1,8766,2.316
1,8767,2.892
1,8768,2.224
1,8769,2.075
1,8770,2.405
1,8771,2.579
1,8772,2.531
1,8773,2.355
1,8774,2.601
1,8775,3.433
1,8776,2.449
1,8777,2.774
1,8778,3.002
1,8779,2.289
1,8780,2.805
1,8781,4.161
1,8782,3.248
1,8783,1.996
1,8784,1.657
1,8785,1.737
1,8786,1.886
1,8787,2.000
1,8788,2.197
1,8789,2.372
1,8790,2.051
1,8791,1.680
1,8792,1.734
1,8793,1.853
1,8794,1.743
1,8795,2.358
1,8796,2.787
1,8797,3.825
1,8798,2.394
1,8799,2.169
1,8800,1.743
1,8801,2.147
1,8802,2.201
1,8803,2.150
1,8804,2.113
1,8805,2.629
1,8806,2.025
1,8807,1.779
1,8808,1.989
1,8809,1.857
1,8810,1.940
1,8811,2.356
1,8812,2.418
1,8813,2.273
1,8814,1.866
1,8815,2.234
1,8816,1.765
1,8817,1.850
1,8818,2.188
1,8819,2.694
1,8820,2.194
1,8821,2.373
1,8822,2.087
1,8823,1.884
1,8824,2.049
1,8825,2.156
1,8826,2.201
1,8827,2.402
1,8828,2.353
1,8829,2.284
1,8830,1.769
1,8831,1.913
1,8832,1.705
1,8833,1.693
1,8834,2.543
1,8835,2.512
1,8836,2.324
1,8837,3.258
1,8838,2.634
1,8839,3.311
1,8840,3.641
1,8841,3.263
1,8842,3.274
1,8843,2.682
1,8844,2.403
1,8845,2.951
1,8846,3.543
1,8847,3.439
1,8848,3.453
1,8849,3.162
1,8850,3.088
1,8851,2.646
1,8852,2.251
1,8853,2.245
1,8854,2.138
1,8855,2.100
1,8856,3.500
1,8857,2.596
1,8858,2.525
1,8859,2.339
1,8860,2.234
1,8861,2.352
1,8862,2.669
1,8863,2.663
1,8864,2.387
1,8865,2.391
1,8866,2.245
1,8867,2.342
1,8868,2.212
1,8869,2.958
1,8870,3.052
1,8871,2.125
1,8872,1.846
1,8873,2.008
1,8874,1.902
1,8875,2.255
1,8876,2.558
1,8877,2.137
1,8878,2.401
1,8879,2.638
1,8880,2.196
1,8881,1.996
1,8882,2.429
1,8883,3.329
1,8884,2.907
1,8885,3.282
1,8886,2.681
1,8887,2.786
1,8888,3.105
1,8889,3.028
1,8890,2.714
1,8891,2.682
1,8892,2.412
1,8893,2.126
1,8894,3.612
1,8895,2.265
1,8896,2.379
1,8897,2.331
1,8898,3.483
1,8899,3.248
1,8900,2.626
1,8901,2.354
1,8902,2.450
1,8903,2.029
1,8904,2.160
1,8905,2.790
1,8906,2.651
1,8907,2.182
1,8908,2.163
1,8909,1.933
1,8910,2.134
1,8911,2.203
1,8912,1.960
1,8913,2.480
1,8914,2.487
1,8915,2.234
1,8916,1.778
1,8917,2.252
1,8918,2.166
1,8919,2.502
1,8920,2.948
1,8921,3.331
1,8922,2.721
1,8923,2.576
1,8924,2.474
1,8925,2.450
1,8926,2.870
1,8927,2.767
1,8928,2.705
1,8929,2.074
1,8930,2.015
1,8931,2.396
1,8932,2.079
1,8933,2.453
1,8934,2.305
1,8935,2.259
1,8936,2.286
1,8937,2.307
1,8938,2.214
1,8939,2.427
1,8940,3.389
1,8941,2.777
1,8942,2.774
1,8943,2.935
1,8944,1.976
1,8945,2.188
1,8946,2.166
1,8947,3.003
1,8948,2.759
1,8949,2.031
1,8950,2.111
1,8951,2.415
1,8952,2.457
1,8953,2.273
1,8954,2.153
1,8955,1.827
1,8956,2.122
1,8957,2.151
1,8958,2.584
1,8959,2.162
1,8960,2.887
1,8961,2.164
1,8962,2.256
1,8963,2.444
1,8964,2.190
1,8965,2.433
1,8966,2.336
1,8967,2.487
1,8968,2.353
1,8969,2.442
1,8970,2.464
1,8971,2.380
1,8972,3.263
1,8973,2.945
1,8974,2.496
1,8975,2.314
1,8976,2.461
1,8977,2.759
1,8978,2.536
1,8979,4.614
1,8980,4.708
1,8981,2.561
1,8982,2.243
1,8983,2.410
1,8984,3.106
1,8985,2.459
1,8986,2.051
1,8987,1.960
1,8988,1.791
1,8989,1.897
1,8990,1.993
1,8991,2.723
1,8992,2.913
1,8993,3.447
1,8994,2.407
1,8995,2.383
1,8996,1.995
1,8997,2.877
1,8998,3.933
1,8999,2.642
1,9000,2.487
1,9001,2.143
1,9002,2.187
1,9003,3.090
1,9004,2.692
1,9005,2.443
1,9006,3.293
1,9007,2.186
1,9008,2.454
1,9009,3.019
1,9010,3.961
1,9011,2.910
1,9012,3.307
1,9013,2.809
1,9014,2.353
1,9015,2.806
1,9016,2.906
1,9017,2.497
1,9018,2.748
1,9019,3.091
1,9020,3.218
1,9021,2.446
1,9022,2.615
1,9023,2.530
1,9024,2.254
1,9025,2.129
1,9026,3.149
1,9027,2.092
1,9028,2.496
1,9029,2.310
1,9030,2.125
1,9031,2.409
1,9032,2.993
1,9033,2.634
1,9034,2.573
1,9035,2.177
1,9036,2.712
1,9037,2.585
1,9038,2.497
1,9039,2.504
1,9040,3.110
1,9041,2.635
1,9042,2.473
1,9043,2.180
1,9044,2.581
1,9045,2.512
1,9046,2.194
1,9047,2.730
1,9048,2.512
1,9049,2.145
1,9050,2.376
1,9051,3.148
1,9052,2.272
1,9053,2.479
1,9054,2.751
1,9055,2.725
1,9056,2.571
1,9057,2.732
1,9058,2.599
1,9059,2.630
1,9060,2.410
1,9061,3.275
1,9062,2.497
1,9063,3.423
1,9064,2.583
1,9065,2.202
1,9066,2.141
1,9067,2.335
1,9068,3.052
1,9069,3.118
1,9070,2.690
1,9071,2.687
1,9072,2.450
1,9073,2.591
1,9074,3.691
1,9075,3.203
1,9076,2.705
1,9077,2.061
1,9078,2.209
1,9079,2.815
1,9080,2.797
1,9081,2.032
1,9082,2.657
1,9083,2.021
1,9084,2.119
1,9085,2.035
1,9086,2.384
1,9087,2.849
1,9088,2.321
1,9089,2.193
1,9090,2.586
1,9091,2.162
1,9092,2.051
1,9093,2.382
1,9094,3.066
1,9095,2.295
1,9096,2.293
1,9097,2.621
1,9098,2.868
1,9099,3.501
1,9100,3.157
1,9101,2.936
1,9102,2.542
1,9103,2.647
1,9104,2.804
1,9105,3.810
1,9106,3.732
1,9107,4.285
1,9108,4.375
1,9109,4.250
1,9110,4.383
1,9111,2.904
1,9112,2.730
1,9113,3.122
1,9114,2.621
1,9115,3.153
1,9116,2.832
1,9117,2.295
1,9118,2.599
1,9119,2.741
1,9120,3.065
1,9121,2.783
1,9122,2.772
1,9123,2.624
1,9124,2.813
1,9125,2.541
1,9126,2.824
1,9127,3.287
1,9128,3.032
1,9129,3.396
1,9130,2.852
1,9131,3.071
1,9132,3.096
1,9133,3.100
1,9134,3.476
1,9135,3.427
1,9136,2.542
1,9137,2.746
1,9138,2.777
1,9139,2.880
1,9140,2.772
1,9141,3.258
1,9142,3.214
1,9143,2.649
1,9144,3.272
1,9145,3.241
1,9146,2.648
1,9147,2.513
1,9148,2.526
1,9149,2.654
1,9150,2.484
1,9151,2.819
1,9152,3.737
1,9153,2.503
1,9154,2.791
1,9155,2.587
1,9156,2.801
1,9157,3.205
1,9158,3.475
1,9159,2.882
1,9160,2.706
1,9161,3.322
1,9162,2.977
1,9163,3.283
1,9164,2.863
1,9165,2.837
1,9166,2.569
1,9167,2.456
1,9168,3.007
1,9169,2.811
1,9170,2.596
1,9171,3.091
1,9172,2.631
1,9173,2.855
1,9174,2.945
1,9175,2.631
1,9176,2.438
1,9177,2.210
1,9178,3.106
1,9179,3.107
1,9180,3.346
1,9181,2.805
1,9182,2.669
1,9183,2.641
1,9184,2.813
1,9185,2.511
1,9186,3.364
1,9187,2.367
1,9188,2.430
1,9189,2.451
1,9190,2.567
1,9191,2.887
1,9192,2.785
1,9193,2.389
1,9194,2.588
1,9195,2.415
1,9196,2.540
1,9197,3.065
1,9198,3.026
1,9199,2.614
1,9200,2.564
1,9201,2.575
1,9202,2.525
1,9203,2.495
1,9204,2.896
1,9205,3.353
1,9206,2.701
1,9207,2.531
1,9208,2.754
1,9209,3.050
1,9210,3.148
1,9211,3.516
1,9212,2.857
1,9213,2.878
1,9214,2.820
1,9215,4.614
1,9216,4.049
1,9217,2.763
1,9218,2.405
1,9219,2.524
1,9220,2.585
1,9221,2.378
1,9222,2.928
1,9223,2.478
1,9224,2.309
1,9225,2.843
1,9226,2.803
1,9227,3.132
1,9228,2.787
1,9229,3.134
1,9230,2.736
1,9231,3.182
1,9232,3.240
1,9233,2.817
1,9234,2.728
1,9235,2.953
1,9236,2.756
1,9237,2.801
1,9238,2.575
1,9239,2.518
1,9240,2.724
1,9241,2.648
1,9242,2.845
1,9243,2.835
1,9244,2.278
1,9245,2.217
1,9246,2.026
1,9247,2.119
1,9248,2.275
1,9249,2.635
1,9250,2.579
1,9251,2.924
1,9252,2.571
1,9253,2.797
1,9254,2.847
1,9255,2.742
1,9256,2.600
1,9257,2.857
1,9258,2.217
1,9259,2.442
1,9260,1.889
1,9261,2.185
1,9262,2.216
1,9263,1.965
1,9264,2.042
1,9265,2.113
1,9266,1.980
1,9267,1.698
1,9268,1.606
1,9269,2.296
1,9270,2.009
1,9271,1.864
1,9272,1.855
1,9273,2.248
1,9274,2.532
1,9275,2.010
1,9276,2.758
1,9277,2.816
1,9278,2.707
1,9279,2.555
1,9280,2.108
1,9281,2.676
1,9282,2.639
1,9283,1.879
1,9284,2.094
1,9285,1.760
1,9286,1.893
1,9287,2.116
1,9288,1.849
1,9289,2.334
1,9290,2.048
1,9291,2.154
1,9292,1.929
1,9293,1.640
1,9294,1.794
1,9295,1.840
1,9296,2.142
1,9297,1.997
1,9298,3.018
1,9299,2.313
1,9300,1.984
1,9301,2.273
1,9302,2.035
1,9303,1.810
1,9304,1.837
1,9305,2.121
1,9306,2.837
1,9307,2.361
1,9308,2.512
1,9309,2.360
1,9310,2.617
1,9311,2.235
1,9312,2.481
1,9313,2.773
1,9314,2.310
1,9315,1.729
1,9316,2.175
1,9317,2.179
1,9318,2.213
1,9319,3.044
1,9320,2.730
1,9321,2.903
1,9322,2.637
1,9323,2.042
1,9324,1.930
1,9325,2.603
1,9326,2.817
1,9327,2.343
1,9328,2.544
1,9329,1.898
1,9330,1.936
1,9331,2.499
1,9332,2.061
1,9333,1.936
1,9334,2.179
1,9335,1.961
1,9336,2.214
1,9337,1.970
1,9338,2.001
1,9339,1.974
1,9340,2.664
1,9341,2.260
1,9342,2.340
1,9343,2.155
1,9344,2.697
1,9345,2.050
1,9346,2.257
1,9347,2.352
1,9348,1.837
1,9349,1.912
1,9350,2.159
1,9351,2.006
1,9352,2.257
1,9353,2.307
1,9354,2.267
1,9355,1.746
1,9356,1.807
1,9357,2.035
1,9358,1.758
1,9359,2.024
1,9360,2.069
1,9361,3.130
1,9362,2.453
1,9363,3.216
1,9364,3.379
1,9365,2.859
1,9366,2.687
1,9367,3.274
1,9368,2.694
1,9369,2.603
1,9370,2.710
1,9371,2.395
1,9372,3.083
1,9373,3.161
1,9374,2.633
1,9375,2.616
1,9376,2.114
1,9377,2.154
1,9378,2.719
1,9379,2.325
1,9380,2.200
1,9381,2.510
1,9382,2.039
1,9383,1.705
1,9384,2.191
1,9385,2.277
1,9386,2.593
1,9387,2.556
1,9388,2.403
1,9389,2.034
1,9390,2.179
1,9391,2.044
1,9392,1.980
1,9393,2.702
1,9394,2.013
1,9395,1.900
1,9396,2.635
1,9397,2.556
1,9398,2.301
1,9399,2.863
1,9400,2.609
1,9401,2.251
1,9402,2.508
1,9403,3.294
1,9404,2.800
1,9405,2.557
1,9406,2.302
1,9407,2.462
1,9408,2.120
1,9409,1.923
1,9410,4.810
1,9411,3.238
1,9412,2.958
1,9413,2.606
1,9414,2.998
1,9415,2.658
1,9416,4.015
1,9417,3.205
1,9418,2.873
1,9419,3.809
1,9420,4.134
1,9421,4.135
1,9422,10.978
1,9423,3.590
1,9424,3.507
1,9425,2.784
1,9426,3.145
1,9427,2.986
1,9428,2.384
1,9429,2.391
1,9430,2.579
1,9431,1.920
1,9432,2.069
1,9433,1.958
1,9434,2.770
1,9435,2.627
1,9436,2.154
1,9437,2.117
1,9438,2.944
1,9439,2.649
1,9440,2.686
1,9441,2.642
1,9442,2.863
1,9443,2.730
1,9444,2.172
1,9445,2.221
1,9446,2.335
1,9447,1.987
1,9448,2.343
1,9449,2.764
1,9450,2.504
1,9451,2.400
1,9452,2.529
1,9453,2.557
1,9454,3.394
1,9455,2.736
1,9456,3.195
1,9457,2.812
1,9458,2.630
1,9459,3.194
1,9460,2.616
1,9461,2.945
1,9462,2.513
1,9463,2.405
1,9464,2.775
1,9465,2.675
1,9466,3.420
1,9467,2.757
1,9468,3.171
1,9469,3.644
1,9470,3.871
1,9471,4.046
1,9472,3.348
1,9473,2.797
1,9474,3.636
1,9475,3.715
1,9476,5.344
1,9477,3.251
1,9478,4.149
1,9479,3.964
1,9480,3.685
1,9481,2.829
1,9482,3.340
1,9483,3.400
1,9484,3.065
1,9485,3.499
1,9486,3.757
1,9487,4.070
1,9488,3.261
1,9489,2.980
1,9490,3.130
1,9491,3.674
1,9492,3.255
1,9493,2.991
1,9494,3.175
1,9495,3.145
1,9496,3.189
1,9497,3.435
1,9498,3.067
1,9499,2.618
1,9500,2.985
1,9501,3.167
1,9502,3.299
1,9503,3.446
1,9504,2.402
1,9505,3.479
1,9506,3.499
1,9507,3.364
1,9508,2.944
1,9509,4.092
1,9510,2.882
1,9511,2.537
1,9512,3.359
1,9513,3.081
1,9514,2.484
1,9515,3.066
1,9516,3.076
1,9517,3.019
1,9518,2.604
1,9519,2.526
1,9520,2.109
1,9521,2.098
1,9522,2.563
1,9523,2.304
1,9524,2.790
1,9525,2.649
1,9526,2.481
1,9527,2.610
1,9528,2.721
1,9529,3.407
1,9530,2.783
1,9531,2.418
1,9532,2.230
1,9533,2.686
1,9534,2.842
1,9535,3.552
1,9536,3.672
1,9537,2.604
1,9538,2.811
1,9539,2.773
1,9540,3.475
1,9541,3.706
1,9542,3.317
1,9543,2.968
1,9544,3.048
1,9545,2.791
1,9546,2.287
1,9547,1.898
1,9548,1.671
1,9549,2.643
1,9550,1.880
1,9551,2.150
1,9552,2.303
1,9553,2.422
1,9554,1.982
1,9555,1.870
1,9556,2.555
1,9557,2.339
1,9558,2.212
1,9559,2.570
1,9560,2.143
1,9561,1.820
1,9562,1.965
1,9563,2.043
1,9564,1.682
1,9565,2.088
1,9566,2.149
1,9567,2.221
1,9568,2.195
1,9569,1.921
1,9570,1.758
1,9571,1.629
1,9572,1.663
1,9573,1.881
1,9574,2.001
1,9575,2.482
1,9576,2.413
1,9577,2.623
1,9578,2.817
1,9579,2.852
1,9580,2.822
1,9581,3.797
1,9582,3.249
1,9583,3.074
1,9584,2.891
1,9585,3.809
1,9586,6.409
1,9587,2.850
1,9588,2.610
1,9589,2.740
1,9590,3.769
1,9591,3.817
1,9592,3.015
1,9593,2.664
1,9594,2.479
1,9595,2.956
1,9596,2.866
1,9597,3.126
1,9598,3.055
1,9599,2.532
1,9600,2.774
1,9601,2.311
1,9602,2.288
1,9603,2.658
1,9604,2.606
1,9605,2.272
1,9606,2.813
1,9607,2.619
1,9608,2.479
1,9609,2.415
1,9610,2.358
1,9611,3.355
1,9612,3.068
1,9613,3.113
1,9614,2.811
1,9615,2.568
1,9616,3.081
1,9617,4.803
1,9618,3.207
1,9619,2.891
1,9620,3.462
1,9621,2.718
1,9622,3.436
1,9623,2.579
1,9624,2.414
1,9625,2.208
1,9626,2.049
1,9627,2.002
1,9628,2.389
1,9629,4.470
1,9630,3.794
1,9631,2.426
1,9632,2.468
1,9633,2.617
1,9634,2.538
1,9635,3.036
1,9636,2.354
1,9637,2.229
1,9638,2.368
1,9639,2.255
1,9640,2.657
1,9641,2.421
1,9642,2.777
1,9643,2.544
1,9644,2.386
1,9645,2.204
1,9646,2.637
1,9647,2.984
1,9648,2.162
1,9649,2.874
1,9650,2.556
1,9651,2.822
1,9652,2.798
1,9653,2.759
1,9654,2.742
1,9655,2.447
1,9656,2.789
1,9657,2.486
1,9658,2.704
1,9659,2.639
1,9660,2.515
1,9661,2.127
1,9662,2.427
1,9663,2.777
1,9664,2.349
1,9665,2.798
1,9666,2.872
1,9667,2.802
1,9668,2.796
1,9669,2.374
1,9670,3.439
1,9671,2.864
1,9672,2.751
1,9673,2.683
1,9674,2.681
1,9675,2.976
1,9676,3.012
1,9677,2.755
1,9678,2.437
1,9679,2.260
1,9680,2.503
1,9681,2.558
1,9682,2.134
1,9683,3.709
1,9684,3.753
1,9685,3.443
1,9686,2.860
1,9687,3.037
1,9688,3.141
1,9689,2.756
1,9690,3.010
1,9691,2.738
1,9692,2.900
1,9693,3.590
1,9694,3.385
1,9695,2.818
1,9696,2.800
1,9697,2.577
1,9698,3.070
1,9699,2.855
1,9700,3.592
1,9701,2.712
1,9702,2.697
1,9703,3.060
1,9704,2.659
1,9705,2.751
1,9706,3.421
1,9707,2.800
1,9708,2.759
1,9709,2.648
1,9710,2.851
1,9711,2.504
1,9712,2.713
1,9713,2.578
1,9714,2.476
1,9715,2.457
1,9716,2.308
1,9717,2.071
1,9718,2.022
1,9719,2.618
1,9720,2.523
1,9721,2.624
1,9722,2.757
1,9723,2.513
1,9724,2.593
1,9725,2.232
1,9726,2.045
1,9727,2.650
1,9728,2.692
1,9729,2.333
1,9730,2.220
1,9731,2.223
1,9732,2.263
1,9733,2.084
1,9734,2.014
1,9735,3.245
1,9736,2.829
1,9737,2.475
1,9738,2.622
1,9739,2.837
1,9740,2.555
1,9741,2.817
1,9742,2.477
1,9743,2.065
1,9744,2.326
1,9745,2.052
1,9746,2.095
1,9747,2.240
1,9748,2.349
1,9749,1.917
1,9750,2.130
1,9751,1.914
1,9752,1.697
1,9753,1.913
1,9754,1.923
1,9755,1.756
1,9756,2.762
1,9757,2.721
1,9758,2.506
1,9759,1.750
1,9760,1.878
1,9761,1.831
1,9762,2.112
1,9763,2.106
1,9764,2.332
1,9765,2.292
1,9766,2.165
1,9767,2.028
1,9768,2.241
1,9769,2.406
1,9770,2.449
1,9771,2.225
1,9772,2.046
1,9773,1.787
1,9774,2.254
1,9775,1.747
1,9776,1.877
1,9777,2.095
1,9778,1.898
1,9779,1.927
1,9780,1.939
1,9781,1.860
1,9782,1.929
1,9783,2.079
1,9784,1.955
1,9785,1.848
1,9786,2.016
1,9787,2.904
1,9788,2.074
1,9789,2.014
1,9790,1.990
1,9791,2.447
1,9792,1.985
1,9793,1.803
1,9794,2.315
1,9795,1.891
1,9796,1.856
1,9797,1.872
1,9798,1.779
1,9799,1.882
1,9800,2.103
1,9801,2.213
1,9802,2.114
1,9803,1.768
1,9804,1.844
1,9805,1.769
1,9806,1.686
1,9807,1.904
1,9808,1.837
1,9809,2.321
1,9810,1.904
1,9811,2.481
1,9812,2.185
1,9813,1.820
1,9814,1.860
1,9815,2.097
1,9816,2.452
1,9817,2.571
1,9818,2.892
1,9819,2.590
1,9820,2.347
1,9821,2.186
1,9822,2.004
1,9823,2.092
1,9824,2.764
1,9825,2.551
1,9826,2.679
1,9827,2.310
1,9828,2.129
1,9829,2.330
1,9830,2.251
1,9831,2.989
1,9832,3.484
1,9833,2.227
1,9834,2.383
1,9835,2.498
1,9836,2.209
1,9837,2.691
1,9838,2.729
1,9839,1.806
1,9840,1.630
1,9841,1.967
1,9842,1.921
1,9843,2.219
1,9844,2.258
1,9845,2.230
1,9846,2.450
1,9847,1.892
1,9848,1.917
1,9849,1.723
1,9850,1.716
1,9851,2.127
1,9852,2.122
1,9853,2.250
1,9854,2.130
1,9855,2.766
1,9856,2.049
1,9857,2.076
1,9858,2.198
1,9859,2.124
1,9860,2.539
1,9861,2.164
1,9862,1.752
1,9863,2.000
1,9864,1.825
1,9865,2.244
1,9866,2.380
1,9867,2.388
1,9868,1.961
1,9869,1.927
1,9870,2.041
1,9871,3.099
1,9872,2.185
1,9873,1.830
1,9874,2.278
1,9875,1.964
1,9876,1.990
1,9877,2.001
1,9878,2.144
1,9879,2.534
1,9880,2.216
1,9881,2.369
1,9882,2.719
1,9883,2.831
1,9884,2.586
1,9885,2.552
1,9886,2.255
1,9887,1.961
1,9888,2.177
1,9889,2.211
1,9890,1.779
1,9891,1.819
1,9892,2.367
1,9893,2.236
1,9894,2.296
1,9895,2.128
1,9896,2.197
1,9897,1.913
1,9898,1.990
1,9899,2.081
1,9900,1.701
1,9901,2.222
1,9902,2.118
1,9903,2.959
1,9904,2.252
1,9905,2.246
1,9906,2.033
1,9907,1.787
1,9908,1.921
1,9909,1.764
1,9910,2.052
1,9911,3.601
1,9912,3.113
1,9913,2.485
1,9914,2.972
1,9915,2.760
1,9916,2.966
1,9917,2.859
1,9918,2.033
1,9919,1.952
1,9920,1.961
1,9921,1.739
1,9922,2.392
1,9923,2.143
1,9924,2.009
1,9925,2.413
1,9926,1.994
1,9927,2.079
1,9928,1.871
1,9929,1.943
1,9930,1.822
1,9931,2.542
1,9932,2.435
1,9933,2.582
1,9934,2.580
1,9935,2.586
1,9936,2.509
1,9937,3.220
1,9938,2.566
1,9939,2.412
1,9940,3.085
1,9941,1.893
1,9942,1.812
1,9943,2.921
1,9944,2.547
1,9945,2.583
1,9946,2.458
1,9947,2.340
1,9948,2.007
1,9949,2.051
1,9950,2.983
1,9951,2.801
1,9952,2.727
1,9953,2.492
1,9954,3.239
1,9955,3.166
1,9956,3.433
1,9957,3.402
1,9958,3.571
1,9959,3.278
1,9960,3.184
1,9961,3.355
1,9962,3.651
1,9963,3.147
1,9964,3.264
1,9965,3.233
1,9966,2.892
1,9967,3.289
1,9968,2.337
1,9969,2.483
1,9970,2.797
1,9971,3.226
1,9972,2.816
1,9973,2.294
1,9974,2.154
1,9975,2.436
1,9976,2.400
1,9977,2.937
1,9978,3.485
1,9979,2.756
1,9980,2.979
1,9981,3.859
1,9982,3.551
1,9983,3.118
1,9984,4.167
1,9985,3.529
1,9986,4.075
1,9987,3.214
1,9988,2.750
1,9989,3.364
1,9990,3.330
1,9991,3.148
1,9992,3.326
1,9993,3.913
1,9994,3.622
1,9995,3.333
1,9996,3.226
1,9997,3.386
1,9998,3.160
1,9999,3.171
1,10000,3.136
1,10001,2.539
1,10002,2.777
1,10003,2.827
1,10004,2.611
1,10005,2.979
1,10006,2.606
1,10007,2.166
1,10008,2.377
1,10009,2.217
1,10010,2.809
1,10011,2.758
1,10012,3.370
1,10013,2.784
1,10014,2.880
1,10015,3.222
1,10016,2.430
1,10017,2.894
1,10018,2.924
1,10019,2.333
1,10020,2.556
1,10021,2.677
1,10022,2.214
1,10023,3.521
1,10024,3.243
1,10025,2.550
1,10026,2.274
1,10027,1.984
1,10028,2.337
1,10029,2.371
1,10030,2.085
1,10031,2.269
1,10032,2.104
1,10033,2.674
1,10034,2.403
1,10035,2.795
1,10036,2.524
1,10037,2.584
1,10038,2.111
1,10039,1.774
1,10040,2.556
1,10041,2.713
1,10042,2.442
1,10043,2.487
1,10044,2.207
1,10045,2.177
1,10046,2.527
1,10047,2.766
1,10048,2.846
1,10049,3.241
1,10050,2.683
1,10051,2.527
1,10052,2.010
1,10053,2.039
1,10054,3.017
1,10055,2.801
1,10056,2.028
1,10057,2.258
1,10058,2.044
1,10059,1.783
1,10060,1.949
1,10061,2.129
1,10062,3.672
1,10063,2.880
1,10064,2.207
1,10065,2.225
1,10066,2.779
1,10067,2.748
1,10068,2.703
1,10069,3.346
1,10070,3.139
1,10071,2.952
1,10072,2.725
1,10073,3.506
1,10074,3.316
1,10075,3.661
1,10076,2.737
1,10077,3.064
1,10078,3.077
1,10079,3.409
1,10080,2.584
1,10081,2.938
1,10082,2.674
1,10083,2.867
1,10084,3.138
1,10085,2.801
1,10086,2.213
1,10087,4.806
1,10088,5.932
1,10089,3.328
1,10090,4.760
1,10091,3.014
1,10092,3.101
1,10093,2.463
1,10094,2.687
1,10095,2.210
1,10096,2.490
1,10097,2.920
1,10098,3.209
1,10099,3.033
1,10100,2.427
1,10101,2.900
1,10102,2.615
1,10103,3.090
1,10104,3.619
1,10105,2.835
1,10106,2.830
1,10107,2.368
1,10108,2.376
1,10109,3.678
1,10110,2.723
1,10111,3.242
1,10112,2.750
1,10113,3.111
1,10114,2.925
1,10115,2.752
1,10116,2.503
1,10117,2.576
1,10118,2.569
1,10119,2.441
1,10120,2.894
1,10121,2.809
1,10122,2.442
1,10123,2.460
1,10124,2.668
1,10125,2.028
1,10126,2.348
1,10127,2.679
1,10128,2.480
1,10129,2.819
1,10130,2.825
1,10131,2.944
1,10132,2.840
1,10133,2.710
1,10134,3.029
1,10135,2.831
1,10136,3.382
1,10137,4.020
1,10138,3.115
1,10139,2.903
1,10140,2.502
1,10141,2.510
1,10142,2.546
1,10143,3.284
1,10144,2.990
1,10145,2.727
1,10146,2.356
1,10147,2.165
1,10148,2.538
1,10149,2.697
1,10150,2.484
1,10151,2.289
1,10152,2.375
1,10153,2.192
1,10154,2.366
1,10155,2.409
1,10156,2.796
1,10157,3.020
1,10158,2.406
1,10159,2.335
1,10160,2.457
1,10161,2.738
1,10162,2.646
1,10163,2.352
1,10164,2.841
1,10165,2.416
1,10166,2.286
1,10167,2.571
1,10168,2.636
1,10169,2.416
1,10170,2.317
1,10171,2.729
1,10172,2.514
1,10173,2.163
1,10174,2.992
1,10175,3.028
1,10176,2.731
1,10177,2.733
1,10178,2.942
1,10179,3.010
1,10180,2.666
1,10181,2.680
1,10182,2.645
1,10183,2.588
1,10184,2.609
1,10185,3.089
1,10186,2.926
1,10187,2.810
1,10188,2.629
1,10189,2.498
1,10190,2.625
1,10191,3.053
1,10192,3.103
1,10193,3.227
1,10194,2.747
1,10195,2.829
1,10196,2.612
1,10197,2.955
1,10198,3.136
1,10199,2.460
1,10200,2.343
1,10201,2.353
1,10202,2.355
1,10203,2.557
1,10204,3.105
1,10205,2.935
1,10206,2.603
1,10207,2.410
1,10208,2.542
1,10209,3.199
1,10210,2.850
1,10211,3.018
1,10212,2.965
1,10213,2.539
1,10214,2.834
1,10215,3.992
1,10216,2.942
1,10217,2.456
1,10218,3.182
1,10219,2.946
1,10220,2.757
1,10221,2.578
1,10222,2.728
1,10223,2.706
1,10224,2.846
1,10225,3.062
1,10226,2.539
1,10227,2.364
1,10228,2.559
1,10229,2.847
1,10230,2.369
1,10231,3.574
1,10232,2.311
1,10233,2.296
1,10234,2.370
1,10235,2.263
1,10236,2.079
1,10237,2.517
1,10238,3.792
1,10239,3.299
1,10240,2.839
1,10241,3.080
1,10242,3.426
1,10243,2.643
1,10244,2.789
1,10245,2.470
1,10246,2.720
1,10247,3.084
1,10248,3.069
1,10249,2.796
1,10250,3.502
1,10251,2.697
1,10252,2.634
1,10253,2.420
1,10254,2.969
1,10255,2.065
1,10256,1.881
1,10257,1.967
1,10258,1.646
1,10259,1.797
1,10260,1.830
1,10261,1.593
1,10262,2.111
1,10263,2.022
1,10264,2.208
1,10265,1.969
1,10266,2.056
1,10267,2.244
1,10268,1.925
1,10269,2.467
1,10270,2.313
1,10271,2.116
1,10272,1.960
1,10273,1.878
1,10274,2.536
1,10275,1.962
1,10276,1.893
1,10277,2.608
1,10278,2.000
1,10279,1.961
1,10280,2.167
1,10281,2.114
1,10282,2.008
1,10283,2.105
1,10284,2.926
1,10285,2.952
1,10286,2.769
1,10287,2.589
1,10288,2.284
1,10289,2.466
1,10290,2.007
1,10291,2.963
1,10292,2.460
1,10293,2.351
1,10294,2.516
1,10295,2.313
1,10296,2.697
1,10297,3.051
1,10298,2.238
1,10299,2.333
1,10300,2.350
1,10301,2.318
1,10302,2.101
1,10303,3.451
1,10304,2.392
1,10305,2.671
1,10306,2.554
1,10307,2.716
1,10308,2.576
1,10309,2.796
1,10310,3.074
1,10311,2.382
1,10312,1.956
1,10313,2.242
1,10314,2.073
1,10315,2.283
1,10316,2.662
1,10317,2.599
1,10318,1.803
1,10319,2.027
1,10320,2.091
1,10321,1.732
1,10322,1.765
1,10323,2.369
1,10324,2.428
1,10325,2.298
1,10326,2.205
1,10327,1.951
1,10328,1.715
1,10329,1.711
1,10330,1.830
1,10331,2.399
1,10332,2.353
1,10333,2.529
1,10334,2.739
1,10335,2.285
1,10336,2.628
1,10337,2.395
1,10338,2.859
1,10339,2.536
1,10340,2.290
1,10341,2.794
1,10342,2.519
1,10343,3.320
1,10344,3.100
1,10345,2.808
1,10346,2.283
1,10347,2.564
1,10348,2.109
1,10349,2.752
1,10350,2.276
1,10351,2.260
1,10352,2.161
1,10353,2.604
1,10354,2.783
1,10355,2.995
1,10356,2.958
1,10357,2.999
1,10358,2.790
1,10359,2.768
1,10360,3.758
1,10361,3.344
1,10362,3.355
1,10363,3.935
1,10364,3.182
1,10365,3.005
1,10366,2.603
1,10367,2.476
1,10368,2.892
1,10369,2.636
1,10370,2.954
1,10371,3.337
1,10372,2.775
1,10373,2.808
1,10374,2.425
1,10375,2.558
1,10376,2.575
1,10377,2.652
1,10378,2.638
1,10379,2.747
1,10380,2.490
1,10381,2.738
1,10382,2.915
1,10383,2.790
1,10384,2.093
1,10385,2.131
1,10386,2.764
1,10387,2.322
1,10388,2.615
1,10389,2.880
1,10390,2.442
1,10391,2.496
1,10392,2.297
1,10393,2.358
1,10394,1.908
1,10395,2.234
1,10396,1.935
1,10397,1.982
1,10398,2.115
1,10399,1.699
1,10400,1.668
1,10401,1.629
1,10402,2.085
1,10403,2.201
1,10404,3.217
1,10405,2.218
1,10406,1.662
1,10407,1.759
1,10408,1.778
1,10409,1.662
1,10410,1.735
1,10411,2.294
1,10412,2.680
1,10413,2.081
1,10414,1.911
1,10415,2.187
1,10416,1.896
1,10417,1.905
1,10418,1.817
1,10419,2.596
1,10420,2.559
1,10421,2.662
1,10422,2.450
1,10423,2.152
1,10424,2.034
1,10425,1.802
1,10426,2.125
1,10427,2.397
1,10428,2.081
1,10429,1.842
1,10430,1.622
1,10431,1.788
1,10432,1.952
1,10433,1.656
1,10434,1.781
1,10435,2.037
1,10436,2.797
1,10437,2.085
1,10438,2.128
1,10439,1.979
1,10440,1.650
1,10441,1.819
1,10442,2.118
1,10443,2.584
1,10444,2.226
1,10445,1.973
1,10446,2.073
1,10447,1.722
1,10448,1.750
1,10449,1.745
1,10450,1.628
1,10451,2.540
1,10452,2.367
1,10453,2.436
1,10454,1.900
1,10455,1.737
1,10456,2.012
1,10457,1.729
1,10458,2.705
1,10459,2.476
1,10460,2.371
1,10461,2.409
1,10462,2.262
1,10463,1.991
1,10464,1.613
1,10465,1.969
1,10466,2.098
1,10467,2.129
1,10468,2.033
1,10469,1.961
1,10470,2.589
1,10471,2.018
1,10472,1.994
1,10473,2.378
1,10474,2.178
1,10475,2.174
1,10476,1.674
1,10477,1.817
1,10478,2.111
1,10479,1.806
1,10480,1.807
1,10481,1.855
1,10482,1.961
1,10483,1.953
1,10484,2.173
1,10485,2.109
1,10486,1.969
1,10487,2.617
1,10488,2.108
1,10489,2.307
1,10490,2.107
1,10491,1.794
1,10492,1.879
1,10493,1.729
1,10494,1.714
1,10495,1.834
1,10496,2.165
1,10497,2.299
1,10498,2.548
1,10499,2.509
1,10500,2.102
1,10501,1.928
1,10502,2.193
1,10503,2.094
1,10504,3.674
1,10505,2.509
1,10506,2.145
1,10507,2.695
1,10508,2.298
1,10509,2.053
1,10510,2.536
1,10511,2.953
1,10512,2.176
1,10513,2.239
1,10514,2.152
1,10515,1.886
1,10516,2.260
1,10517,2.408
1,10518,2.187
1,10519,2.171
1,10520,2.058
1,10521,1.960
1,10522,1.609
1,10523,1.906
1,10524,1.837
1,10525,1.899
1,10526,2.395
1,10527,2.473
1,10528,3.012
1,10529,2.831
1,10530,2.247
1,10531,1.917
1,10532,2.335
1,10533,2.083
1,10534,1.899
1,10535,1.916
1,10536,2.310
1,10537,1.845
1,10538,1.660
1,10539,1.914
1,10540,2.164
1,10541,1.687
1,10542,1.731
1,10543,2.052
1,10544,2.330
1,10545,2.934
1,10546,2.377
1,10547,2.003
1,10548,1.693
1,10549,1.944
1,10550,1.784
1,10551,1.593
1,10552,1.766
1,10553,2.040
1,10554,2.793
1,10555,2.508
1,10556,2.737
1,10557,2.251
1,10558,1.907
1,10559,2.093
1,10560,1.920
1,10561,1.894
1,10562,3.002
1,10563,2.166
1,10564,1.723
1,10565,1.728
1,10566,1.894
1,10567,1.702
1,10568,1.916
1,10569,1.911
1,10570,2.147
1,10571,2.285
1,10572,1.752
1,10573,1.965
1,10574,1.842
1,10575,1.561
1,10576,1.813
1,10577,1.886
1,10578,2.390
1,10579,2.094
1,10580,2.400
1,10581,1.909
1,10582,1.854
1,10583,1.950
1,10584,2.062
1,10585,1.818
1,10586,2.511
1,10587,2.004
1,10588,1.914
1,10589,2.057
1,10590,1.745
1,10591,1.752
1,10592,1.598
1,10593,1.727
1,10594,2.884
1,10595,1.935
1,10596,2.079
1,10597,1.856
1,10598,2.871
1,10599,1.967
1,10600,1.732
1,10601,2.106
1,10602,1.946
1,10603,2.226
1,10604,2.138
1,10605,2.019
1,10606,2.324
1,10607,1.995
1,10608,2.669
1,10609,2.575
1,10610,3.287
1,10611,2.210
1,10612,2.416
1,10613,4.203
1,10614,3.443
1,10615,2.436
1,10616,2.358
1,10617,2.410
1,10618,2.256
1,10619,3.000
1,10620,3.125
1,10621,2.231
1,10622,2.330
1,10623,2.032
1,10624,1.988
1,10625,2.054
1,10626,2.673
1,10627,2.454
1,10628,2.099
1,10629,2.027
1,10630,1.795
1,10631,1.746
1,10632,2.142
1,10633,2.327
1,10634,3.332
1,10635,5.634
1,10636,2.802
1,10637,2.417
1,10638,2.356
1,10639,2.635
1,10640,2.973
1,10641,2.207
1,10642,2.816
1,10643,2.171
1,10644,2.099
1,10645,2.705
1,10646,2.569
1,10647,2.826
1,10648,2.490
1,10649,2.176
1,10650,2.199
1,10651,2.834
1,10652,2.581
1,10653,2.931
1,10654,3.079
1,10655,2.161
1,10656,2.389
1,10657,2.014
1,10658,2.524
1,10659,2.357
1,10660,1.836
1,10661,1.698
1,10662,2.204
1,10663,2.444
1,10664,2.187
1,10665,3.279
1,10666,2.123
1,10667,1.973
1,10668,2.269
1,10669,2.074
1,10670,2.138
1,10671,2.224
1,10672,2.709
1,10673,2.489
1,10674,2.514
1,10675,2.486
1,10676,2.685
1,10677,3.429
1,10678,2.616
1,10679,2.264
1,10680,1.803
1,10681,1.569
1,10682,2.154
1,10683,2.388
1,10684,2.920
1,10685,3.353
1,10686,2.683
1,10687,2.182
1,10688,2.443
1,10689,2.332
1,10690,2.507
1,10691,3.277
1,10692,2.490
1,10693,2.202
1,10694,2.116
1,10695,1.751
1,10696,1.975
1,10697,2.256
1,10698,2.413
1,10699,2.285
1,10700,3.076
1,10701,2.444
1,10702,2.908
1,10703,2.549
1,10704,2.625
1,10705,2.421
1,10706,2.456
1,10707,2.913
1,10708,2.644
1,10709,2.039
1,10710,2.647
1,10711,2.343
1,10712,2.323
1,10713,2.327
1,10714,2.664
1,10715,1.975
1,10716,2.584
1,10717,2.314
1,10718,2.106
1,10719,2.387
1,10720,2.399
1,10721,2.314
1,10722,2.968
1,10723,3.875
1,10724,3.696
1,10725,2.899
1,10726,2.859
1,10727,2.638
1,10728,3.641
1,10729,2.761
1,10730,2.595
1,10731,2.648
1,10732,2.548
1,10733,2.577
1,10734,3.456
1,10735,2.585
1,10736,2.634
1,10737,2.593
1,10738,2.743
1,10739,2.875
1,10740,3.490
1,10741,3.421
1,10742,2.766
1,10743,2.919
1,10744,2.550
1,10745,2.943
1,10746,2.942
1,10747,2.301
1,10748,2.718
1,10749,2.659
1,10750,2.362
1,10751,3.161
1,10752,2.880
1,10753,2.999
1,10754,2.497
1,10755,2.387
1,10756,2.926
1,10757,3.472
1,10758,3.025
1,10759,3.483
1,10760,3.221
1,10761,3.366
1,10762,3.562
1,10763,3.372
1,10764,5.764
1,10765,3.258
1,10766,3.421
1,10767,2.902
1,10768,2.802
1,10769,2.934
1,10770,2.899
1,10771,2.655
1,10772,2.468
1,10773,2.538
1,10774,2.765
1,10775,2.408
1,10776,5.321
1,10777,2.945
1,10778,2.485
1,10779,2.340
1,10780,2.442
1,10781,2.659
1,10782,2.679
1,10783,2.362
1,10784,2.087
1,10785,2.048
1,10786,2.460
1,10787,2.144
1,10788,2.088
1,10789,2.760
1,10790,2.519
1,10791,2.033
1,10792,2.414
1,10793,2.112
1,10794,2.535
1,10795,2.603
1,10796,2.247
1,10797,2.097
1,10798,2.729
1,10799,2.091
1,10800,2.117
1,10801,2.276
1,10802,2.801
1,10803,2.743
1,10804,2.315
1,10805,2.619
1,10806,2.369
1,10807,2.107
1,10808,1.605
1,10809,2.132
1,10810,2.237
1,10811,2.081
1,10812,1.825
1,10813,2.434
1,10814,2.261
1,10815,1.862
1,10816,2.662
1,10817,2.314
1,10818,2.068
1,10819,2.202
1,10820,2.180
1,10821,2.287
1,10822,2.097
1,10823,2.303
1,10824,1.945
1,10825,2.130
1,10826,2.107
1,10827,1.843
1,10828,1.681
1,10829,1.825
1,10830,2.427
1,10831,2.184
1,10832,2.208
1,10833,1.971
1,10834,1.703
1,10835,1.911
1,10836,1.880
1,10837,1.750
1,10838,1.762
1,10839,2.376
1,10840,3.067
1,10841,2.556
1,10842,2.742
1,10843,2.441
1,10844,2.464
1,10845,2.638
1,10846,2.665
1,10847,1.931
1,10848,2.208
1,10849,1.806
1,10850,1.766
1,10851,1.869
1,10852,1.847
1,10853,2.236
1,10854,2.160
1,10855,2.833
1,10856,4.146
1,10857,2.827
1,10858,2.472
1,10859,2.782
1,10860,2.491
1,10861,2.613
1,10862,2.136
1,10863,2.176
1,10864,1.772
1,10865,2.281
1,10866,2.195
1,10867,1.967
1,10868,1.724
1,10869,2.177
1,10870,1.782
1,10871,1.966
1,10872,1.809
1,10873,2.062
1,10874,2.059
1,10875,2.163
1,10876,2.002
1,10877,1.770
1,10878,1.912
1,10879,1.614
1,10880,1.857
1,10881,1.994
1,10882,2.066
1,10883,2.108
1,10884,1.914
1,10885,2.295
1,10886,2.096
1,10887,2.463
1,10888,2.024
1,10889,2.769
1,10890,2.669
1,10891,2.301
1,10892,2.281
1,10893,2.038
1,10894,2.189
1,10895,2.583
1,10896,3.263
1,10897,2.511
1,10898,2.498
1,10899,2.151
1,10900,2.058
1,10901,2.200
1,10902,3.321
1,10903,2.683
1,10904,2.720
1,10905,2.875
1,10906,2.376
1,10907,2.450
1,10908,2.786
1,10909,2.522
1,10910,2.022
1,10911,1.861
1,10912,1.955
1,10913,2.231
1,10914,2.283
1,10915,2.401
1,10916,4.026
1,10917,3.505
1,10918,2.338
1,10919,2.010
1,10920,2.192
1,10921,2.014
1,10922,2.040
1,10923,1.929
1,10924,2.063
1,10925,2.194
1,10926,2.277
1,10927,2.012
1,10928,2.287
1,10929,2.608
1,10930,2.277
1,10931,2.824
1,10932,3.165
1,10933,2.463
1,10934,2.670
1,10935,4.352
1,10936,2.462
1,10937,2.130
1,10938,1.881
1,10939,1.618
1,10940,2.819
1,10941,2.005
1,10942,1.606
1,10943,1.856
1,10944,1.991
1,10945,1.752
1,10946,1.985
1,10947,1.847
1,10948,2.821
1,10949,2.653
1,10950,2.250
1,10951,2.039
1,10952,1.990
1,10953,1.994
1,10954,2.883
1,10955,3.494
1,10956,4.527
1,10957,2.589
1,10958,2.277
1,10959,2.345
1,10960,2.074
1,10961,2.012
1,10962,1.859
1,10963,1.937
1,10964,2.242
1,10965,1.883
1,10966,1.777
1,10967,2.178
1,10968,2.007
1,10969,2.304
1,10970,1.980
1,10971,2.181
1,10972,2.504
1,10973,1.891
1,10974,2.295
1,10975,2.517
1,10976,2.123
1,10977,2.168
1,10978,2.439
1,10979,2.188
1,10980,2.486
1,10981,2.478
1,10982,2.215
1,10983,2.094
1,10984,2.084
1,10985,1.897
1,10986,1.654
1,10987,1.919
1,10988,2.431
1,10989,2.490
1,10990,2.281
1,10991,2.451
1,10992,2.100
1,10993,2.151
1,10994,2.159
1,10995,1.753
1,10996,2.561
1,10997,2.485
1,10998,1.958
1,10999,1.897
1,11000,2.008
1,11001,1.938
1,11002,1.766
1,11003,2.156
1,11004,2.767
1,11005,2.003
1,11006,2.235
1,11007,1.963
1,11008,1.839
1,11009,1.732
1,11010,1.748
1,11011,2.108
1,11012,1.952
1,11013,2.415
1,11014,2.188
1,11015,2.182
1,11016,2.201
1,11017,2.343
1,11018,2.363
1,11019,2.824
1,11020,2.494
1,11021,2.994
1,11022,2.681
1,11023,2.174
1,11024,2.266
1,11025,2.621
1,11026,2.361
1,11027,2.237
1,11028,3.035
1,11029,2.142
1,11030,2.210
1,11031,2.533
1,11032,2.481
1,11033,2.313
1,11034,2.380
1,11035,2.251
1,11036,2.641
1,11037,2.576
1,11038,3.060
1,11039,2.248
1,11040,2.186
1,11041,1.816
1,11042,2.384
1,11043,1.933
1,11044,1.651
1,11045,2.284
1,11046,2.486
1,11047,2.150
1,11048,1.921
1,11049,1.866
1,11050,2.362
1,11051,1.757
1,11052,1.972
1,11053,2.663
1,11054,2.002
1,11055,1.965
1,11056,1.815
1,11057,1.942
1,11058,1.774
1,11059,2.669
1,11060,2.370
1,11061,2.452
1,11062,2.360
1,11063,2.197
1,11064,2.231
1,11065,2.213
1,11066,2.041
1,11067,2.504
1,11068,2.231
1,11069,1.762
1,11070,1.682
1,11071,1.754
1,11072,2.610
1,11073,3.067
1,11074,2.751
1,11075,2.541
1,11076,1.723
1,11077,2.077
1,11078,2.094
1,11079,2.094
1,11080,1.929
1,11081,2.147
1,11082,2.089
1,11083,2.203
1,11084,2.125
1,11085,2.059
1,11086,1.980
1,11087,2.117
1,11088,1.873
1,11089,1.781
1,11090,2.698
1,11091,2.959
1,11092,2.274
1,11093,2.351
1,11094,1.912
1,11095,1.930
1,11096,2.650
1,11097,2.582
1,11098,2.030
1,11099,2.098
1,11100,2.058
1,11101,1.694
1,11102,1.714
1,11103,1.916
1,11104,2.014
1,11105,2.690
1,11106,2.164
1,11107,2.321
1,11108,2.766
1,11109,2.755
1,11110,2.285
1,11111,2.619
1,11112,2.373
1,11113,2.126
1,11114,1.847
1,11115,2.391
1,11116,1.867
1,11117,1.737
1,11118,2.249
1,11119,2.065
1,11120,1.740
1,11121,1.627
1,11122,1.625
1,11123,1.703
1,11124,2.283
1,11125,1.661
1,11126,2.372
1,11127,2.230
1,11128,2.261
1,11129,2.007
1,11130,1.753
1,11131,1.907
1,11132,1.881
1,11133,2.770
1,11134,2.458
1,11135,2.251
1,11136,1.973
1,11137,1.626
1,11138,1.868
1,11139,1.804
1,11140,1.654
1,11141,1.655
1,11142,2.138
1,11143,3.178
1,11144,1.905
1,11145,1.685
1,11146,1.809
1,11147,1.687
1,11148,1.789
1,11149,1.735
1,11150,1.800
1,11151,2.655
1,11152,1.959
1,11153,2.321
1,11154,1.918
1,11155,1.847
1,11156,2.047
1,11157,2.189
1,11158,2.071
1,11159,3.607
1,11160,2.636
1,11161,2.781
1,11162,2.789
1,11163,2.445
1,11164,2.060
1,11165,2.622
1,11166,2.687
1,11167,2.329
1,11168,2.252
1,11169,1.932
1,11170,2.155
1,11171,2.445
1,11172,2.266
1,11173,2.225
1,11174,3.085
1,11175,2.809
1,11176,3.166
1,11177,2.762
1,11178,2.277
1,11179,2.014
1,11180,1.759
1,11181,1.905
1,11182,1.757
1,11183,1.881
1,11184,1.661
1,11185,2.036
1,11186,1.983
1,11187,1.770
1,11188,2.002
1,11189,1.805
1,11190,2.228
1,11191,1.763
1,11192,1.526
1,11193,2.414
1,11194,2.287
1,11195,1.793
1,11196,1.751
1,11197,1.800
1,11198,2.187
1,11199,2.248
1,11200,1.837
1,11201,2.315
1,11202,2.157
1,11203,2.196
1,11204,2.012
1,11205,1.862
1,11206,1.720
1,11207,2.409
1,11208,2.957
1,11209,2.239
1,11210,2.075
1,11211,1.765
1,11212,1.870
1,11213,1.936
1,11214,1.821
1,11215,1.843
1,11216,1.873
1,11217,2.170
1,11218,2.091
1,11219,1.810
1,11220,1.775
1,11221,1.899
1,11222,2.150
1,11223,2.017
1,11224,2.113
1,11225,2.221
1,11226,2.239
1,11227,2.441
1,11228,2.176
1,11229,1.974
1,11230,1.840
1,11231,1.929
1,11232,1.999
1,11233,1.794
1,11234,1.761
1,11235,2.183
1,11236,1.680
1,11237,1.779
1,11238,2.118
1,11239,1.822
1,11240,1.816
1,11241,1.890
1,11242,1.745
1,11243,1.846
1,11244,1.967
1,11245,1.777
1,11246,1.834
1,11247,1.713
1,11248,2.112
1,11249,2.333
1,11250,2.909
1,11251,2.808
1,11252,2.582
1,11253,1.972
1,11254,1.802
1,11255,1.895
1,11256,1.890
1,11257,2.274
1,11258,1.948
1,11259,1.752
1,11260,1.765
1,11261,2.235
1,11262,2.215
1,11263,1.967
1,11264,2.027
1,11265,2.354
1,11266,2.064
1,11267,2.116
1,11268,2.018
1,11269,2.421
1,11270,2.195
1,11271,3.311
1,11272,2.457
1,11273,2.172
1,11274,2.354
1,11275,2.650
1,11276,5.419
1,11277,2.596
1,11278,2.463
1,11279,3.092
1,11280,4.324
1,11281,3.588
1,11282,2.611
1,11283,2.791
1,11284,2.916
1,11285,2.630
1,11286,2.767
1,11287,2.884
1,11288,3.049
1,11289,2.693
1,11290,2.680
1,11291,2.623
1,11292,4.383
1,11293,3.563
1,11294,3.534
1,11295,2.777
1,11296,2.948
1,11297,2.751
1,11298,2.787
1,11299,3.128
1,11300,3.336
1,11301,6.385
1,11302,2.979
1,11303,3.189
1,11304,3.258
1,11305,2.958
1,11306,3.266
1,11307,2.748
1,11308,2.678
1,11309,2.594
1,11310,3.422
1,11311,2.881
1,11312,2.664
1,11313,2.849
1,11314,2.709
1,11315,2.512
1,11316,3.146
1,11317,2.856
1,11318,2.598
1,11319,2.853
1,11320,3.016
1,11321,2.672
1,11322,3.623
1,11323,3.677
1,11324,2.809
1,11325,2.643
1,11326,2.649
1,11327,2.822
1,11328,3.416
1,11329,2.812
1,11330,3.026
1,11331,2.752
1,11332,2.753
1,11333,3.407
1,11334,3.026
1,11335,2.936
1,11336,2.642
1,11337,3.012
1,11338,2.938
1,11339,2.875
1,11340,3.476
1,11341,2.823
1,11342,2.852
1,11343,2.626
1,11344,3.425
1,11345,2.848
1,11346,2.914
1,11347,2.776
1,11348,2.409
1,11349,2.439
1,11350,2.551
1,11351,2.456
1,11352,2.374
1,11353,3.120
1,11354,2.384
1,11355,3.007
1,11356,2.727
1,11357,2.437
1,11358,2.650
1,11359,2.629
1,11360,2.954
1,11361,2.517
1,11362,3.172
1,11363,2.681
1,11364,2.350
1,11365,2.681
1,11366,2.712
1,11367,3.039
1,11368,3.469
1,11369,2.623
1,11370,2.709
1,11371,3.146
1,11372,4.455
1,11373,4.547
1,11374,2.616
1,11375,2.374
1,11376,2.531
1,11377,2.474
1,11378,2.489
1,11379,2.930
1,11380,2.366
1,11381,2.317
1,11382,2.396
1,11383,2.446
1,11384,2.470
1,11385,3.179
1,11386,2.920
1,11387,2.816
1,11388,2.705
1,11389,2.687
1,11390,3.309
1,11391,2.717
1,11392,3.366
1,11393,2.499
1,11394,2.428
1,11395,2.664
1,11396,2.997
1,11397,2.751
1,11398,2.906
1,11399,2.583
1,11400,2.666
1,11401,2.565
1,11402,2.987
1,11403,2.830
1,11404,3.206
1,11405,3.122
1,11406,2.899
1,11407,2.924
1,11408,3.338
1,11409,3.267
1,11410,3.052
1,11411,3.094
1,11412,2.701
1,11413,3.029
1,11414,2.704
1,11415,2.442
1,11416,2.454
1,11417,2.466
1,11418,2.923
1,11419,2.828
1,11420,2.355
1,11421,2.255
1,11422,2.376
1,11423,2.379
1,11424,2.205
1,11425,3.393
1,11426,2.916
1,11427,2.619
1,11428,2.414
1,11429,2.326
1,11430,2.544
1,11431,2.638
1,11432,2.933
1,11433,2.475
1,11434,2.289
1,11435,2.230
1,11436,2.374
1,11437,2.202
1,11438,2.621
1,11439,2.717
1,11440,2.129
1,11441,2.302
1,11442,2.207
1,11443,2.253
1,11444,2.302
1,11445,2.724
1,11446,5.249
1,11447,4.433
1,11448,3.250
1,11449,3.847
1,11450,3.667
1,11451,3.731
1,11452,3.854
1,11453,3.901
1,11454,3.339
1,11455,3.148
1,11456,2.933
1,11457,4.007
1,11458,3.313
1,11459,6.975
1,11460,3.444
1,11461,4.668
1,11462,3.720
1,11463,2.587
1,11464,2.567
1,11465,2.887
1,11466,2.753
1,11467,3.212
1,11468,2.825
1,11469,2.543
1,11470,3.052
1,11471,2.683
1,11472,2.908
1,11473,2.703
1,11474,3.039
1,11475,3.095
1,11476,2.355
1,11477,3.288
1,11478,2.515
1,11479,3.016
1,11480,2.861
1,11481,2.571
1,11482,3.063
1,11483,2.679
1,11484,2.647
1,11485,2.846
1,11486,2.746
1,11487,3.139
1,11488,2.846
1,11489,2.970
1,11490,2.368
1,11491,2.501
1,11492,2.551
1,11493,2.902
1,11494,2.782
1,11495,2.572
1,11496,2.308
1,11497,2.668
1,11498,2.865
1,11499,2.421
1,11500,2.821
1,11501,3.117
1,11502,3.769
1,11503,3.808
1,11504,3.082
1,11505,2.808
1,11506,2.374
1,11507,2.483
1,11508,2.295
1,11509,2.796
1,11510,2.435
1,11511,3.221
1,11512,2.531
1,11513,2.481
1,11514,2.319
1,11515,2.406
1,11516,2.204
1,11517,2.886
1,11518,2.627
1,11519,2.014
1,11520,1.881
1,11521,1.757
1,11522,1.703
1,11523,1.553
1,11524,1.679
1,11525,2.926
1,11526,2.208
1,11527,2.554
1,11528,1.675
1,11529,1.816
1,11530,1.732
1,11531,1.766
1,11532,1.982
1,11533,2.835
1,11534,3.020
1,11535,2.936
1,11536,2.558
1,11537,2.352
1,11538,2.213
1,11539,2.163
1,11540,2.026
1,11541,1.712
1,11542,1.608
1,11543,2.342
1,11544,1.658
1,11545,1.618
1,11546,1.659
1,11547,2.023
1,11548,2.233
1,11549,1.794
1,11550,1.798
1,11551,1.841
1,11552,1.913
1,11553,1.788
1,11554,1.886
1,11555,1.842
1,11556,2.734
1,11557,1.925
1,11558,2.347
1,11559,1.820
1,11560,1.830
1,11561,2.497
1,11562,1.964
1,11563,3.266
1,11564,2.852
1,11565,2.078
1,11566,1.791
1,11567,2.317
1,11568,2.469
1,11569,2.028
1,11570,2.121
1,11571,2.113
1,11572,1.872
1,11573,1.835
1,11574,1.789
1,11575,1.629
1,11576,1.492
1,11577,2.890
1,11578,2.465
1,11579,1.972
1,11580,2.162
1,11581,2.268
1,11582,2.054
1,11583,2.019
1,11584,1.974
1,11585,2.255
1,11586,2.412
1,11587,2.357
1,11588,2.168
1,11589,2.201
1,11590,2.444
1,11591,1.892
1,11592,2.320
1,11593,2.528
1,11594,1.857
1,11595,1.772
1,11596,1.791
1,11597,1.869
1,11598,1.872
1,11599,1.588
1,11600,2.202
1,11601,1.996
1,11602,2.508
1,11603,2.372
1,11604,2.402
1,11605,2.090
1,11606,1.901
1,11607,2.923
1,11608,2.657
1,11609,3.559
1,11610,3.455
1,11611,2.865
1,11612,3.341
1,11613,2.908
1,11614,2.483
1,11615,2.808
1,11616,2.838
1,11617,2.558
1,11618,2.771
1,11619,2.744
1,11620,2.624
1,11621,2.684
1,11622,3.355
1,11623,3.038
1,11624,2.751
1,11625,2.640
1,11626,2.733
1,11627,2.631
1,11628,3.362
1,11629,4.607
1,11630,3.152
1,11631,2.571
1,11632,2.769
1,11633,2.493
1,11634,3.433
1,11635,3.158
1,11636,3.090
1,11637,2.958
1,11638,2.898
1,11639,3.567
1,11640,3.164
1,11641,2.630
1,11642,2.618
1,11643,2.575
1,11644,2.907
1,11645,3.011
1,11646,3.444
1,11647,2.649
1,11648,2.770
1,11649,2.964
1,11650,3.032
1,11651,2.829
1,11652,2.898
1,11653,2.626
1,11654,2.569
1,11655,2.471
1,11656,3.538
1,11657,2.752
1,11658,3.261
1,11659,3.034
1,11660,2.961
1,11661,3.676
1,11662,2.646
1,11663,2.563
1,11664,2.269
1,11665,1.688
1,11666,1.803
1,11667,1.737
1,11668,2.193
1,11669,3.211
1,11670,3.073
1,11671,1.904
1,11672,2.511
1,11673,1.925
1,11674,1.911
1,11675,2.109
1,11676,2.458
1,11677,1.955
1,11678,1.959
1,11679,2.337
1,11680,2.308
1,11681,2.260
1,11682,2.970
1,11683,2.732
1,11684,2.553
1,11685,2.728
1,11686,2.384
1,11687,2.595
1,11688,2.176
1,11689,2.296
1,11690,2.122
1,11691,1.844
1,11692,1.616
1,11693,1.714
1,11694,2.029
1,11695,1.810
1,11696,2.908
1,11697,2.442
1,11698,2.348
1,11699,1.854
1,11700,2.032
1,11701,2.244
1,11702,2.446
1,11703,2.784
1,11704,2.368
1,11705,1.880
1,11706,1.912
1,11707,1.877
1,11708,1.913
1,11709,1.674
1,11710,1.869
1,11711,2.052
1,11712,2.329
1,11713,2.650
1,11714,1.924
1,11715,1.729
1,11716,1.731
1,11717,1.942
1,11718,2.239
1,11719,2.370
1,11720,2.362
1,11721,2.234
1,11722,2.112
1,11723,1.858
1,11724,1.908
1,11725,1.998
1,11726,2.251
1,11727,2.388
1,11728,3.049
1,11729,5.536
1,11730,2.732
1,11731,2.440
1,11732,3.725
1,11733,2.847
1,11734,3.006
1,11735,4.660
1,11736,2.718
1,11737,1.949
1,11738,1.802
1,11739,1.747
1,11740,1.986
1,11741,2.501
1,11742,1.710
1,11743,1.801
1,11744,2.147
1,11745,2.238
1,11746,2.000
1,11747,1.782
1,11748,1.826
1,11749,1.632
1,11750,1.825
1,11751,1.825
1,11752,2.229
1,11753,2.578
1,11754,1.937
1,11755,1.832
1,11756,2.067
1,11757,1.680
1,11758,1.653
1,11759,2.007
1,11760,2.257
1,11761,2.598
1,11762,2.152
1,11763,2.183
1,11764,2.122
1,11765,2.698
1,11766,2.369
1,11767,4.020
1,11768,3.508
1,11769,3.477
1,11770,3.391
1,11771,3.446
1,11772,2.929
1,11773,2.229
1,11774,2.421
1,11775,2.247
1,11776,2.477
1,11777,2.724
1,11778,2.529
1,11779,2.668
1,11780,2.587
1,11781,2.049
1,11782,2.276
1,11783,2.593
1,11784,2.827
1,11785,2.570
1,11786,2.617
1,11787,2.089
1,11788,2.209
1,11789,2.301
1,11790,2.356
1,11791,2.689
1,11792,2.172
1,11793,2.310
1,11794,2.696
1,11795,2.476
1,11796,2.682
1,11797,2.691
1,11798,2.536
1,11799,2.597
1,11800,2.152
1,11801,2.572
1,11802,2.482
1,11803,3.475
1,11804,2.880
1,11805,2.673
1,11806,2.330
1,11807,2.542
1,11808,2.401
1,11809,2.524
1,11810,2.349
1,11811,2.270
1,11812,2.336
1,11813,2.331
1,11814,2.149
1,11815,2.825
1,11816,2.728
1,11817,2.180
1,11818,2.369
1,11819,2.438
1,11820,2.228
1,11821,2.342
1,11822,2.689
1,11823,3.567
1,11824,2.668
1,11825,2.769
1,11826,2.612
1,11827,2.634
1,11828,2.358
1,11829,2.407
1,11830,2.820
1,11831,2.495
1,11832,2.311
1,11833,2.269
1,11834,3.612
1,11835,2.524
1,11836,2.465
1,11837,2.862
1,11838,2.364
1,11839,2.305
1,11840,2.925
1,11841,2.322
1,11842,2.799
1,11843,2.511
1,11844,2.807
1,11845,2.654
1,11846,2.564
1,11847,2.588
1,11848,2.835
1,11849,4.349
1,11850,3.348
1,11851,2.490
1,11852,2.456
1,11853,2.255
1,11854,1.867
1,11855,2.007
1,11856,1.972
1,11857,2.052
1,11858,3.444
1,11859,2.088
1,11860,1.942
1,11861,1.942
1,11862,2.555
1,11863,2.094
1,11864,2.401
1,11865,2.849
1,11866,2.867
1,11867,2.169
1,11868,2.124
1,11869,1.866
1,11870,1.921
1,11871,2.235
1,11872,2.194
1,11873,2.238
1,11874,2.346
1,11875,2.183
1,11876,1.994
1,11877,1.958
1,11878,1.860
1,11879,2.176
1,11880,2.886
1,11881,2.891
1,11882,5.058
1,11883,2.908
1,11884,4.070
1,11885,2.455
1,11886,2.487
1,11887,2.450
1,11888,2.106
1,11889,2.225
1,11890,2.791
1,11891,2.227
1,11892,2.208
1,11893,2.064
1,11894,2.253
1,11895,2.918
1,11896,2.826
1,11897,2.703
1,11898,2.306
1,11899,1.809
1,11900,1.566
1,11901,1.719
1,11902,1.862
1,11903,2.600
1,11904,2.764
1,11905,2.404
1,11906,2.028
1,11907,1.936
1,11908,2.090
1,11909,1.762
1,11910,1.640
1,11911,2.193
1,11912,2.378
1,11913,2.398
1,11914,2.058
1,11915,2.235
1,11916,1.934
1,11917,1.835
1,11918,2.042
1,11919,2.578
1,11920,1.893
1,11921,1.953
1,11922,2.035
1,11923,1.944
1,11924,1.725
1,11925,1.938
1,11926,1.702
1,11927,2.441
1,11928,2.416
1,11929,2.054
1,11930,2.036
1,11931,1.776
1,11932,1.862
1,11933,1.875
1,11934,1.683
1,11935,2.154
1,11936,1.943
1,11937,2.160
1,11938,1.762
1,11939,1.519
1,11940,1.673
1,11941,1.687
1,11942,1.654
1,11943,1.829
1,11944,2.035
1,11945,1.776
1,11946,1.700
1,11947,2.011
1,11948,1.765
1,11949,1.820
1,11950,1.611
1,11951,1.706
1,11952,1.749
1,11953,1.895
1,11954,2.264
1,11955,1.929
1,11956,2.072
1,11957,1.873
1,11958,1.695
1,11959,1.777
1,11960,2.045
1,11961,3.427
1,11962,1.867
1,11963,1.622
1,11964,1.946
1,11965,2.018
1,11966,1.803
1,11967,1.657
1,11968,1.572
1,11969,2.093
1,11970,1.970
1,11971,1.868
1,11972,2.341
1,11973,2.263
1,11974,2.486
1,11975,2.596
1,11976,4.796
1,11977,3.167
1,11978,2.514
1,11979,2.599
1,11980,2.837
1,11981,2.248
1,11982,2.108
1,11983,1.942
1,11984,1.608
1,11985,1.527
1,11986,1.783
1,11987,1.635
1,11988,2.480
1,11989,2.787
1,11990,2.229
1,11991,2.045
1,11992,1.728
1,11993,1.730
1,11994,1.661
1,11995,1.555
1,11996,1.919
1,11997,1.937
1,11998,1.922
1,11999,1.787
1,12000,1.737
1,12001,2.114
1,12002,1.950
1,12003,1.829
1,12004,2.186
1,12005,2.170
1,12006,1.944
1,12007,2.167
1,12008,1.681
1,12009,1.687
1,12010,1.626
1,12011,1.542
1,12012,1.712
1,12013,2.404
1,12014,2.764
1,12015,2.488
1,12016,2.739
1,12017,2.040
1,12018,1.616
1,12019,1.630
1,12020,1.981
1,12021,2.540
1,12022,2.272
1,12023,2.246
1,12024,2.485
1,12025,2.503
1,12026,2.269
1,12027,2.763
1,12028,2.303
1,12029,2.169
1,12030,2.230
1,12031,2.996
1,12032,2.602
1,12033,2.880
1,12034,2.317
1,12035,2.012
1,12036,1.916
1,12037,1.995
1,12038,2.667
1,12039,2.169
1,12040,2.443
1,12041,2.420
1,12042,2.180
1,12043,1.758
1,12044,1.590
1,12045,1.848
1,12046,2.191
1,12047,2.212
1,12048,2.342
1,12049,2.317
1,12050,2.080
1,12051,1.991
1,12052,2.246
1,12053,1.879
1,12054,2.149
1,12055,2.220
1,12056,1.973
1,12057,1.920
1,12058,1.951
1,12059,1.938
1,12060,1.865
1,12061,1.900
1,12062,2.232
1,12063,2.314
1,12064,2.069
1,12065,2.188
1,12066,1.999
1,12067,1.968
1,12068,1.846
1,12069,2.024
1,12070,1.829
1,12071,2.261
1,12072,2.438
1,12073,1.935
1,12074,2.012
1,12075,2.130
1,12076,2.119
1,12077,1.936
1,12078,2.310
1,12079,2.233
1,12080,2.046
1,12081,2.035
1,12082,2.030
1,12083,1.945
1,12084,1.892
1,12085,1.960
1,12086,2.565
1,12087,2.237
1,12088,2.642
1,12089,2.016
1,12090,1.947
1,12091,1.967
1,12092,1.901
1,12093,2.313
1,12094,2.771
1,12095,3.032
1,12096,2.859
1,12097,2.759
1,12098,2.041
1,12099,2.141
1,12100,2.104
1,12101,2.037
1,12102,1.726
1,12103,1.679
1,12104,2.575
1,12105,1.837
1,12106,1.702
1,12107,2.046
1,12108,2.085
1,12109,2.090
1,12110,1.833
1,12111,2.090
1,12112,1.820
1,12113,2.404
1,12114,2.121
1,12115,2.516
1,12116,2.491
1,12117,2.566
1,12118,2.140
1,12119,1.830
1,12120,2.230
1,12121,2.400
1,12122,2.160
1,12123,2.398
1,12124,2.043
1,12125,1.711
1,12126,1.757
1,12127,2.060
1,12128,1.796
1,12129,1.556
1,12130,2.487
1,12131,2.124
1,12132,2.041
1,12133,2.022
1,12134,1.999
1,12135,1.731
1,12136,1.577
1,12137,2.981
1,12138,2.759
1,12139,2.378
1,12140,2.734
1,12141,5.019
1,12142,2.655
1,12143,2.766
1,12144,5.290
1,12145,2.758
1,12146,2.136
1,12147,2.048
1,12148,2.553
1,12149,3.767
1,12150,2.933
1,12151,4.390
1,12152,3.553
1,12153,2.941
1,12154,2.169
1,12155,2.744
1,12156,2.553
1,12157,2.621
1,12158,3.251
1,12159,3.530
1,12160,2.722
1,12161,2.144
1,12162,2.495
1,12163,2.396
1,12164,2.363
1,12165,2.459
1,12166,2.342
1,12167,2.109
1,12168,2.173
1,12169,2.522
1,12170,2.274
1,12171,2.602
1,12172,2.210
1,12173,2.027
1,12174,1.723
1,12175,1.906
1,12176,1.974
1,12177,1.685
1,12178,2.296
1,12179,2.623
1,12180,2.053
1,12181,2.043
1,12182,2.308
1,12183,2.093
1,12184,1.757
1,12185,2.136
1,12186,1.906
1,12187,3.335
1,12188,2.153
1,12189,1.806
1,12190,1.682
1,12191,1.841
1,12192,2.115
1,12193,1.829
1,12194,1.535
1,12195,3.016
1,12196,2.324
1,12197,1.866
1,12198,2.085
1,12199,2.065
1,12200,1.910
1,12201,1.800
1,12202,2.924
1,12203,1.864
1,12204,2.773
1,12205,2.267
1,12206,2.114
1,12207,1.947
1,12208,2.436
1,12209,2.116
1,12210,1.664
1,12211,1.956
1,12212,2.022
1,12213,1.632
1,12214,1.910
1,12215,1.965
1,12216,2.238
1,12217,2.003
1,12218,2.024
1,12219,1.876
1,12220,1.645
1,12221,2.506
1,12222,2.012
1,12223,1.836
1,12224,2.164
1,12225,2.042
1,12226,2.398
1,12227,1.947
1,12228,2.199
1,12229,2.399
1,12230,1.929
1,12231,2.429
1,12232,2.119
1,12233,6.696
1,12234,4.222
1,12235,3.338
1,12236,2.360
1,12237,2.223
1,12238,2.003
1,12239,1.809
1,12240,1.677
1,12241,2.043
1,12242,2.069
1,12243,2.128
1,12244,2.171
1,12245,1.925
1,12246,2.228
1,12247,1.932
1,12248,2.199
1,12249,2.336
1,12250,2.259
1,12251,3.006
1,12252,2.092
1,12253,1.862
1,12254,2.008
1,12255,2.000
1,12256,2.234
1,12257,2.774
1,12258,2.643
1,12259,3.007
1,12260,2.318
1,12261,1.774
1,12262,1.731
1,12263,2.338
1,12264,2.186
1,12265,1.674
1,12266,1.985
1,12267,2.175
1,12268,2.150
1,12269,2.140
1,12270,2.154
1,12271,2.347
1,12272,2.129
1,12273,2.069
1,12274,1.872
1,12275,2.097
1,12276,1.992
1,12277,1.657
1,12278,1.984
1,12279,2.576
1,12280,1.982
1,12281,1.741
1,12282,1.609
1,12283,1.856
1,12284,1.994
1,12285,1.631
1,12286,1.898
1,12287,2.972
1,12288,2.304
1,12289,2.243
1,12290,2.363
1,12291,2.637
1,12292,5.642
1,12293,2.909
1,12294,2.380
1,12295,2.398
1,12296,2.222
1,12297,2.281
1,12298,2.667
1,12299,2.369
1,12300,2.158
1,12301,2.037
1,12302,1.983
1,12303,2.122
1,12304,2.307
1,12305,2.431
1,12306,2.645
1,12307,1.741
1,12308,1.824
1,12309,1.886
1,12310,1.714
1,12311,1.720
1,12312,1.721
1,12313,2.506
1,12314,2.158
1,12315,2.075
1,12316,2.049
1,12317,2.143
1,12318,2.339
1,12319,2.023
1,12320,2.417
1,12321,2.202
1,12322,2.001
1,12323,3.153
1,12324,2.070
1,12325,2.414
1,12326,4.089
1,12327,2.684
1,12328,1.981
1,12329,1.622
1,12330,2.215
1,12331,2.054
1,12332,1.718
1,12333,1.704
1,12334,2.031
1,12335,3.666
1,12336,2.979
1,12337,2.775
1,12338,2.484
1,12339,2.267
1,12340,2.744
1,12341,2.722
1,12342,2.172
1,12343,2.226
1,12344,2.058
1,12345,2.189
1,12346,2.452
1,12347,2.561
1,12348,2.815
1,12349,2.954
1,12350,2.503
1,12351,2.252
1,12352,1.933
1,12353,3.554
1,12354,2.467
1,12355,2.645
1,12356,2.394
1,12357,2.427
1,12358,2.466
1,12359,2.910
1,12360,2.630
1,12361,2.295
1,12362,2.306
1,12363,2.194
1,12364,2.315
1,12365,2.504
1,12366,2.257
1,12367,2.566
1,12368,2.603
1,12369,2.325
1,12370,2.284
1,12371,2.539
1,12372,2.582
1,12373,2.654
1,12374,2.419
1,12375,3.071
1,12376,2.413
1,12377,2.476
1,12378,2.724
1,12379,2.646
1,12380,2.459
1,12381,2.397
1,12382,2.559
1,12383,2.493
1,12384,2.453
1,12385,2.399
1,12386,2.492
1,12387,2.543
1,12388,2.323
1,12389,2.637
1,12390,2.301
1,12391,2.662
1,12392,2.480
1,12393,2.449
1,12394,2.325
1,12395,2.812
1,12396,3.375
1,12397,3.373
1,12398,2.807
1,12399,2.353
1,12400,2.527
1,12401,2.335
1,12402,2.598
1,12403,2.866
1,12404,2.864
1,12405,3.001
1,12406,2.837
1,12407,2.363
1,12408,2.569
1,12409,3.161
1,12410,2.813
1,12411,2.727
1,12412,2.496
1,12413,3.044
1,12414,2.476
1,12415,4.743
1,12416,3.299
1,12417,3.127
1,12418,2.756
1,12419,3.286
1,12420,3.143
1,12421,2.864
1,12422,3.102
1,12423,2.811
1,12424,3.143
1,12425,2.695
1,12426,3.202
1,12427,2.423
1,12428,2.326
1,12429,2.387
1,12430,3.009
1,12431,2.730
1,12432,2.684
1,12433,2.442
1,12434,2.457
1,12435,2.241
1,12436,1.990
1,12437,2.390
1,12438,2.683
1,12439,2.273
1,12440,2.263
1,12441,2.566
1,12442,2.264
1,12443,2.809
1,12444,2.749
1,12445,2.155
1,12446,2.269
1,12447,2.054
1,12448,2.107
1,12449,2.225
1,12450,2.252
1,12451,2.863
1,12452,2.398
1,12453,2.175
1,12454,1.712
1,12455,2.060
1,12456,2.402
1,12457,1.998
1,12458,2.318
1,12459,2.318
1,12460,1.934
1,12461,1.698
1,12462,1.922
1,12463,1.787
1,12464,1.820
1,12465,2.710
1,12466,2.318
1,12467,2.040
1,12468,2.053
1,12469,2.184
1,12470,1.921
1,12471,1.744
1,12472,2.061
1,12473,3.028
1,12474,2.696
1,12475,2.172
1,12476,2.151
1,12477,1.956
1,12478,1.990
1,12479,1.756
1,12480,2.427
1,12481,2.537
1,12482,1.901
1,12483,1.930
1,12484,1.956
1,12485,1.879
1,12486,1.813
1,12487,1.666
1,12488,3.322
1,12489,3.300
1,12490,2.875
1,12491,2.724
1,12492,2.624
1,12493,2.774
1,12494,2.649
1,12495,3.593
1,12496,2.290
1,12497,2.473
1,12498,2.503
1,12499,2.843
1,12500,3.566
1,12501,5.557
1,12502,2.791
1,12503,2.708
1,12504,3.091
1,12505,2.902
1,12506,3.171
1,12507,3.175
1,12508,2.855
1,12509,2.952
1,12510,2.749
1,12511,2.893
1,12512,2.682
1,12513,2.455
1,12514,2.569
1,12515,2.613
1,12516,2.513
1,12517,2.329
1,12518,2.378
1,12519,3.016
1,12520,2.283
1,12521,2.229
1,12522,2.607
1,12523,2.688
1,12524,2.918
1,12525,3.151
1,12526,2.796
1,12527,2.608
1,12528,2.254
1,12529,2.166
1,12530,2.425
1,12531,2.955
1,12532,2.542
1,12533,3.116
1,12534,2.825
1,12535,2.898
1,12536,2.651
1,12537,2.343
1,12538,2.239
1,12539,2.158
1,12540,2.609
1,12541,2.605
1,12542,3.064
1,12543,2.831
1,12544,2.165
1,12545,1.903
1,12546,2.457
1,12547,2.622
1,12548,2.007
1,12549,2.215
1,12550,2.683
1,12551,2.417
1,12552,2.861
1,12553,2.750
1,12554,2.982
1,12555,2.580
1,12556,2.415
1,12557,2.504
1,12558,2.803
1,12559,2.553
1,12560,2.223
1,12561,2.199
1,12562,2.659
1,12563,3.690
1,12564,2.412
1,12565,2.333
1,12566,2.153
1,12567,1.728
1,12568,2.093
1,12569,1.896
1,12570,2.373
1,12571,2.061
1,12572,2.077
1,12573,2.024
1,12574,2.003
1,12575,2.083
1,12576,2.204
1,12577,2.208
1,12578,2.035
1,12579,1.877
1,12580,2.654
1,12581,2.218
1,12582,1.837
1,12583,1.635
1,12584,1.623
1,12585,1.937
1,12586,2.343
1,12587,1.666
1,12588,2.484
1,12589,1.938
1,12590,1.878
1,12591,1.810
1,12592,1.735
1,12593,1.777
1,12594,1.723
1,12595,2.537
1,12596,2.665
1,12597,2.412
1,12598,2.302
1,12599,2.266
1,12600,2.097
1,12601,1.836
1,12602,1.934
1,12603,2.610
1,12604,1.890
1,12605,2.160
1,12606,1.741
1,12607,1.813
1,12608,1.723
1,12609,1.758
1,12610,1.788
1,12611,1.997
1,12612,2.499
1,12613,1.912
1,12614,1.564
1,12615,1.765
1,12616,1.851
1,12617,1.650
1,12618,1.712
1,12619,1.680
1,12620,3.127
1,12621,3.139
1,12622,3.333
1,12623,3.368
1,12624,2.735
1,12625,2.607
1,12626,2.369
1,12627,2.732
1,12628,2.270
1,12629,2.029
1,12630,2.246
1,12631,2.214
1,12632,2.652
1,12633,2.544
1,12634,2.713
1,12635,2.228
1,12636,2.333
1,12637,2.098
1,12638,2.558
1,12639,2.542
1,12640,2.468
1,12641,2.138
1,12642,1.994
1,12643,1.911
1,12644,1.907
1,12645,2.133
1,12646,2.278
1,12647,2.132
1,12648,1.896
1,12649,1.751
1,12650,2.769
1,12651,1.786
1,12652,1.891
1,12653,1.630
1,12654,2.738
1,12655,2.152
1,12656,1.892
1,12657,1.777
1,12658,1.556
1,12659,2.245
1,12660,1.793
1,12661,1.845
1,12662,2.069
1,12663,1.973
1,12664,2.271
1,12665,1.944
1,12666,1.902
1,12667,2.058
1,12668,2.836
1,12669,2.494
1,12670,2.007
1,12671,1.790
1,12672,1.778
1,12673,1.659
1,12674,1.750
1,12675,1.795
1,12676,1.779
1,12677,2.431
1,12678,2.163
1,12679,2.369
1,12680,2.157
1,12681,1.813
1,12682,1.733
1,12683,1.878
1,12684,1.881
1,12685,1.927
1,12686,2.182
1,12687,2.363
1,12688,1.991
1,12689,2.418
1,12690,2.045
1,12691,1.952
1,12692,2.030
1,12693,2.199
1,12694,2.472
1,12695,1.794
1,12696,1.837
1,12697,1.799
1,12698,1.619
1,12699,1.859
1,12700,2.027
1,12701,1.948
1,12702,1.823
1,12703,2.354
1,12704,2.237
1,12705,1.769
1,12706,1.591
1,12707,1.705
1,12708,1.753
1,12709,2.470
1,12710,1.946
1,12711,1.847
1,12712,2.096
1,12713,1.841
1,12714,2.394
1,12715,2.613
1,12716,4.174
1,12717,3.325
1,12718,2.261
1,12719,2.944
1,12720,2.485
1,12721,2.602
1,12722,2.546
1,12723,2.621
1,12724,2.435
1,12725,2.641
1,12726,2.368
1,12727,2.404
1,12728,2.026
1,12729,1.915
1,12730,1.976
1,12731,1.712
1,12732,1.746
1,12733,1.854
1,12734,2.239
1,12735,2.912
1,12736,3.078
1,12737,2.812
1,12738,2.893
1,12739,3.333
1,12740,2.968
1,12741,3.648
1,12742,4.989
1,12743,2.735
1,12744,2.886
1,12745,5.200
1,12746,3.251
1,12747,2.341
1,12748,2.012
1,12749,2.035
1,12750,2.293
1,12751,2.969
1,12752,2.722
1,12753,2.977
1,12754,2.269
1,12755,2.989
1,12756,2.793
1,12757,3.146
1,12758,2.728
1,12759,2.887
1,12760,2.879
1,12761,2.957
1,12762,3.209
1,12763,3.093
1,12764,2.435
1,12765,3.129
1,12766,2.599
1,12767,3.085
1,12768,2.852
1,12769,2.490
1,12770,2.600
1,12771,2.238
1,12772,1.978
1,12773,2.329
1,12774,2.253
1,12775,2.128
1,12776,2.119
1,12777,2.077
1,12778,1.812
1,12779,2.207
1,12780,1.884
1,12781,2.212
1,12782,3.006
1,12783,2.086
1,12784,1.892
1,12785,1.956
1,12786,2.067
1,12787,2.210
1,12788,1.850
1,12789,3.223
1,12790,2.718
1,12791,5.439
1,12792,3.385
1,12793,3.453
1,12794,2.571
1,12795,2.524
1,12796,2.302
1,12797,2.106
1,12798,2.105
1,12799,2.566
1,12800,3.109
1,12801,2.827
1,12802,2.722
1,12803,2.566
1,12804,2.378
1,12805,2.193
1,12806,2.241
1,12807,2.862
1,12808,2.348
1,12809,2.381
1,12810,2.034
1,12811,2.142
1,12812,2.324
1,12813,2.011
1,12814,1.618
1,12815,2.530
1,12816,2.121
1,12817,1.691
1,12818,2.892
1,12819,2.476
1,12820,1.979
1,12821,1.874
1,12822,2.270
1,12823,2.263
1,12824,1.794
1,12825,2.040
1,12826,1.784
1,12827,2.621
1,12828,2.547
1,12829,2.453
1,12830,2.315
1,12831,3.416
1,12832,2.237
1,12833,2.201
1,12834,2.412
1,12835,2.503
1,12836,2.221
1,12837,2.281
1,12838,2.150
1,12839,1.674
1,12840,2.768
1,12841,2.052
1,12842,1.748
1,12843,2.040
1,12844,2.393
1,12845,2.324
1,12846,2.925
1,12847,2.653
1,12848,2.013
1,12849,2.194
1,12850,1.860
1,12851,1.785
1,12852,1.864
1,12853,2.292
1,12854,2.961
1,12855,2.684
1,12856,2.161
1,12857,1.836
1,12858,2.088
1,12859,1.920
1,12860,1.936
1,12861,2.019
1,12862,2.747
1,12863,2.026
1,12864,1.605
1,12865,1.994
1,12866,1.859
1,12867,1.859
1,12868,2.003
1,12869,2.263
1,12870,2.031
1,12871,2.010
1,12872,2.535
1,12873,2.138
1,12874,1.646
1,12875,1.963
1,12876,2.076
1,12877,4.032
1,12878,2.885
1,12879,2.858
1,12880,2.604
1,12881,2.549
1,12882,2.995
1,12883,2.771
1,12884,2.403
1,12885,2.494
1,12886,2.977
1,12887,2.889
1,12888,3.023
1,12889,2.463
1,12890,2.498
1,12891,2.698
1,12892,2.344
1,12893,3.078
1,12894,2.675
1,12895,3.090
1,12896,2.720
1,12897,2.381
1,12898,2.210
1,12899,2.731
1,12900,2.658
1,12901,2.649
1,12902,2.210
1,12903,2.329
1,12904,2.514
1,12905,2.372
1,12906,2.487
1,12907,3.103
1,12908,2.204
1,12909,2.562
1,12910,2.311
1,12911,2.527
1,12912,2.616
1,12913,2.563
1,12914,3.103
1,12915,2.692
1,12916,2.646
1,12917,2.812
1,12918,3.404
1,12919,2.969
1,12920,3.157
1,12921,2.702
1,12922,2.605
1,12923,2.695
1,12924,2.731
1,12925,2.691
1,12926,2.459
1,12927,3.031
1,12928,2.440
1,12929,2.853
1,12930,2.686
1,12931,2.499
1,12932,3.078
1,12933,2.649
1,12934,3.358
1,12935,3.076
1,12936,2.889
1,12937,2.739
1,12938,2.418
1,12939,2.509
1,12940,2.946
1,12941,2.895
1,12942,2.610
1,12943,2.486
1,12944,2.353
1,12945,2.611
1,12946,2.697
1,12947,2.971
1,12948,2.542
1,12949,2.357
1,12950,2.559
1,12951,2.952
1,12952,2.830
1,12953,2.649
1,12954,3.162
1,12955,2.658
1,12956,2.423
1,12957,2.379
1,12958,2.696
1,12959,2.837
1,12960,2.626
1,12961,2.898
1,12962,2.736
1,12963,2.357
1,12964,2.404
1,12965,2.725
1,12966,2.392
1,12967,1.991
1,12968,2.739
1,12969,2.179
1,12970,2.501
1,12971,2.536
1,12972,2.574
1,12973,2.398
1,12974,2.654
1,12975,2.609
1,12976,2.243
1,12977,2.453
1,12978,2.754
1,12979,2.344
1,12980,2.185
1,12981,1.956
1,12982,2.100
1,12983,2.690
1,12984,2.129
1,12985,1.915
1,12986,2.195
1,12987,2.389
1,12988,1.956
1,12989,1.830
1,12990,2.096
1,12991,2.110
1,12992,2.823
1,12993,2.601
1,12994,2.406
1,12995,2.392
1,12996,2.378
1,12997,2.255
1,12998,2.896
1,12999,2.536
1,13000,2.307
1,13001,2.238
1,13002,2.078
1,13003,1.896
1,13004,2.276
1,13005,2.446
1,13006,3.241
1,13007,2.413
1,13008,2.231
1,13009,2.097
1,13010,2.111
1,13011,2.162
1,13012,2.389
1,13013,3.026
1,13014,2.723
1,13015,2.166
1,13016,2.183
1,13017,2.417
1,13018,2.123
1,13019,2.322
1,13020,1.948
1,13021,1.795
1,13022,2.583
1,13023,1.821
1,13024,1.737
1,13025,1.671
1,13026,1.773
1,13027,2.177
1,13028,2.288
1,13029,2.599
1,13030,2.388
1,13031,2.919
1,13032,1.934
1,13033,1.738
1,13034,1.787
1,13035,2.494
1,13036,2.150
1,13037,1.926
1,13038,2.221
1,13039,2.392
2,1,2.282
2,2,2.020
2,3,2.537
2,4,2.323
2,5,1.881
2,6,2.217
2,7,1.918
2,8,2.281
2,9,1.938
2,10,1.666
2,11,2.701
2,12,2.330
2,13,1.987
2,14,1.725
2,15,1.886
2,16,1.896
2,17,1.923
2,18,1.776
2,19,2.714
2,20,2.732
2,21,2.905
2,22,2.792
2,23,1.896
2,24,2.470
2,25,2.672
2,26,3.126
2,27,2.840
2,28,2.691
2,29,2.361
2,30,2.397
2,31,2.808
2,32,2.466
2,33,1.928
2,34,1.783
2,35,1.675
2,36,1.866
2,37,1.894
2,38,1.625
2,39,1.930
2,40,2.634
2,41,2.227
2,42,1.738
2,43,1.756
2,44,1.996
2,45,1.964
2,46,1.945
2,47,2.450
2,48,2.463
2,49,1.932
2,50,1.841
2,51,1.780
2,52,1.804
2,53,1.754
2,54,1.839
2,55,1.799
2,56,2.612
2,57,2.585
2,58,1.733
2,59,1.669
2,60,2.084
2,61,2.550
2,62,2.093
2,63,2.273
2,64,2.721
2,65,2.886
2,66,2.476
2,67,2.276
2,68,2.087
2,69,2.367
2,70,2.316
2,71,1.676
2,72,1.772
2,73,2.314
2,74,2.339
2,75,2.019
2,76,1.933
2,77,2.415
2,78,2.221
2,79,2.261
2,80,1.881
2,81,1.986
2,82,1.974
2,83,1.942
2,84,2.234
2,85,2.321
2,86,2.302
2,87,2.065
2,88,2.289
2,89,2.647
2,90,2.100
2,91,2.580
2,92,2.940
2,93,2.330
2,94,2.571
2,95,2.391
2,96,2.935
2,97,2.853
2,98,2.560
2,99,2.744
2,100,2.646
2,101,2.099
2,102,2.200
2,103,2.650
2,104,3.307
2,105,2.596
2,106,2.302
2,107,2.201
2,108,2.856
2,109,2.432
2,110,3.425
2,111,2.284
2,112,1.680
2,113,1.695
2,114,1.945
2,115,1.727
2,116,1.640
2,117,1.943
2,118,2.590
2,119,2.270
2,120,2.054
2,121,2.018
2,122,2.121
2,123,1.849
2,124,2.044
2,125,2.185
2,126,1.920
2,127,2.274
2,128,2.254
2,129,1.980
2,130,2.029
2,131,2.442
2,132,2.098
2,133,2.247
2,134,2.540
2,135,1.914
2,136,2.422
2,137,2.300
2,138,1.902
2,139,1.809
2,140,3.415
2,141,2.514
2,142,2.183
2,143,1.932
2,144,2.478
2,145,2.213
2,146,2.848
2,147,3.092
2,148,3.050
2,149,3.010
2,150,3.949
2,151,4.246
2,152,2.905
2,153,2.873
2,154,3.382
2,155,3.637
2,156,3.131
2,157,3.039
2,158,2.871
2,159,2.712
2,160,2.107
2,161,2.845
2,162,2.519
2,163,2.487
2,164,2.462
2,165,2.422
2,166,1.954
2,167,2.175
2,168,2.767
2,169,2.697
2,170,2.193
2,171,2.449
2,172,2.219
2,173,2.179
2,174,2.007
2,175,2.243
2,176,2.644
2,177,1.843
2,178,1.735
2,179,1.783
2,180,1.875
2,181,1.934
2,182,1.740
2,183,2.426
2,184,2.149
2,185,2.051
2,186,1.965
2,187,1.815
2,188,1.980
2,189,1.903
2,190,1.946
2,191,2.274
2,192,2.063
2,193,2.597
2,194,2.744
2,195,2.327
2,196,2.337
2,197,2.474
2,198,2.904
2,199,4.610
2,200,3.358
2,201,2.117
2,202,1.877
2,203,2.366
2,204,2.430
2,205,1.994
2,206,1.927
2,207,1.967
2,208,2.340
2,209,2.584
2,210,2.310
2,211,2.398
2,212,2.176
2,213,2.490
2,214,2.009
2,215,2.002
2,216,2.470
2,217,2.415
2,218,2.675
2,219,2.474
2,220,2.179
2,221,2.065
2,222,2.389
2,223,2.363
2,224,2.741
2,225,2.419
2,226,2.354
2,227,2.177
2,228,2.261
2,229,2.006
2,230,2.511
2,231,2.990
2,232,3.305
2,233,3.020
2,234,2.464
2,235,2.267
2,236,2.756
2,237,2.265
2,238,2.167
2,239,2.079
2,240,1.755
2,241,1.678
2,242,1.716
2,243,1.894
2,244,2.006
2,245,1.988
2,246,2.031
2,247,1.764
2,248,2.127
2,249,1.810
2,250,1.758
2,251,1.714
2,252,1.847
2,253,2.558
2,254,2.245
2,255,2.919
2,256,2.918
2,257,2.524
2,258,1.953
2,259,2.760
2,260,2.327
2,261,2.215
2,262,2.004
2,263,2.134
2,264,1.756
2,265,1.790
2,266,1.788
2,267,2.598
2,268,2.063
2,269,1.984
2,270,1.669
2,271,1.663
2,272,2.481
2,273,1.715
2,274,1.659
2,275,2.079
2,276,2.038
2,277,2.014
2,278,1.772
2,279,2.021
2,280,2.016
2,281,2.585
2,282,2.444
2,283,2.322
2,284,2.153
2,285,1.987
2,286,2.124
2,287,1.859
2,288,1.913
2,289,2.251
2,290,1.859
2,291,2.023
2,292,1.932
2,293,1.893
2,294,1.723
2,295,1.730
2,296,2.051
2,297,1.841
2,298,2.063
2,299,2.069
2,300,1.882
2,301,1.860
2,302,1.869
2,303,1.792
2,304,1.928
2,305,1.722
2,306,2.095
2,307,2.865
2,308,2.618
2,309,2.535
2,310,2.406
2,311,1.978
2,312,1.846
2,313,1.885
2,314,2.057
2,315,2.508
2,316,2.146
2,317,1.779
2,318,1.787
2,319,1.781
2,320,1.828
2,321,2.002
2,322,1.747
2,323,2.066
2,324,2.278
2,325,1.764
2,326,1.756
2,327,1.749
2,328,1.662
2,329,1.794
2,330,1.965
2,331,2.510
2,332,2.023
2,333,2.297
2,334,2.217
2,335,2.092
2,336,2.274
2,337,2.449
2,338,2.658
2,339,1.892
2,340,2.141
2,341,2.398
2,342,1.919
2,343,2.006
2,344,1.864
2,345,2.226
2,346,2.036
2,347,1.851
2,348,1.676
2,349,1.498
2,350,2.290
2,351,2.052
2,352,1.762
2,353,1.748
2,354,2.137
2,355,2.488
2,356,2.008
2,357,2.238
2,358,2.546
2,359,1.880
2,360,2.050
2,361,2.753
2,362,2.401
2,363,2.334
2,364,2.577
2,365,2.215
2,366,2.580
2,367,2.598
2,368,2.927
2,369,2.213
2,370,2.266
2,371,2.026
2,372,2.282
2,373,2.493
2,374,2.481
2,375,2.325
2,376,2.514
2,377,2.313
2,378,2.388
2,379,2.329
2,380,2.566
2,381,2.294
2,382,1.935
2,383,1.869
2,384,1.835
2,385,1.604
2,386,1.870
2,387,1.812
2,388,1.931
2,389,2.348
2,390,2.126
2,391,2.183
2,392,1.685
2,393,1.609
2,394,1.589
2,395,1.707
2,396,1.754
2,397,1.742
2,398,3.108
2,399,2.437
2,400,2.422
2,401,2.093
2,402,2.153
2,403,2.174
2,404,2.276
2,405,2.833
2,406,2.140
2,407,2.180
2,408,1.991
2,409,2.128
2,410,2.185
2,411,2.507
2,412,2.531
2,413,2.812
2,414,2.305
2,415,2.135
2,416,2.182
2,417,2.034
2,418,2.680
2,419,2.599
2,420,3.050
2,421,3.218
2,422,2.477
2,423,2.294
2,424,2.657
2,425,2.519
2,426,2.661
2,427,3.143
2,428,2.707
2,429,2.575
2,430,3.068
2,431,2.786
2,432,2.657
2,433,2.815
2,434,2.231
2,435,2.586
2,436,3.008
2,437,2.721
2,438,2.483
2,439,2.233
2,440,3.398
2,441,2.628
2,442,2.808
2,443,2.521
2,444,2.401
2,445,2.482
2,446,2.413
2,447,3.223
2,448,3.192
2,449,2.468
2,450,2.579
2,451,2.503
2,452,2.435
2,453,2.701
2,454,2.837
2,455,2.677
2,456,2.719
2,457,2.686
2,458,2.850
2,459,3.380
2,460,3.409
2,461,2.692
2,462,3.317
2,463,3.357
2,464,3.133
2,465,3.048
2,466,3.444
2,467,2.848
2,468,2.526
2,469,2.821
2,470,2.758
2,471,2.582
2,472,3.456
2,473,2.858
2,474,2.894
2,475,3.676
2,476,2.905
2,477,2.711
2,478,3.132
2,479,3.356
2,480,3.044
2,481,2.815
2,482,2.529
2,483,2.307
2,484,2.801
2,485,2.458
2,486,2.749
2,487,2.438
2,488,2.516
2,489,2.562
2,490,2.491
2,491,2.832
2,492,2.583
2,493,2.762
2,494,2.651
2,495,2.536
2,496,2.730
2,497,3.532
2,498,3.235
2,499,2.582
2,500,2.206
2,501,2.159
2,502,2.285
2,503,2.438
2,504,2.585
2,505,4.823
2,506,3.697
2,507,2.903
2,508,3.032
2,509,2.993
2,510,3.941
2,511,2.802
2,512,2.859
2,513,3.602
2,514,2.799
2,515,2.943
2,516,3.005
2,517,5.055
2,518,3.762
2,519,3.341
2,520,2.678
2,521,3.599
2,522,2.502
2,523,2.609
2,524,2.058
2,525,1.904
2,526,1.816
2,527,3.017
2,528,2.369
2,529,2.025
2,530,2.719
2,531,2.112
2,532,1.888
2,533,2.126
2,534,2.173
2,535,1.738
2,536,2.960
2,537,2.624
2,538,1.982
2,539,2.066
2,540,2.144
2,541,1.909
2,542,1.815
2,543,2.241
2,544,3.071
2,545,3.136
2,546,3.807
2,547,2.586
2,548,2.550
2,549,2.315
2,550,2.808
2,551,1.977
2,552,1.773
2,553,2.163
2,554,1.930
2,555,1.739
2,556,1.642
2,557,2.662
2,558,3.025
2,559,2.428
2,560,2.396
2,561,2.384
2,562,2.537
2,563,2.508
2,564,2.397
2,565,2.959
2,566,2.004
2,567,1.677
2,568,2.031
2,569,1.828
2,570,2.570
2,571,2.309
2,572,2.172
2,573,2.305
2,574,2.095
2,575,2.198
2,576,1.781
2,577,1.968
2,578,2.715
2,579,2.691
2,580,2.502
2,581,2.456
2,582,1.787
2,583,1.764
2,584,2.266
2,585,1.983
2,586,1.765
2,587,1.728
2,588,2.263
2,589,2.018
2,590,2.011
2,591,2.255
2,592,2.153
2,593,2.367
2,594,2.196
2,595,2.052
2,596,1.889
2,597,1.880
2,598,2.534
2,599,2.421
2,600,2.142
2,601,2.045
2,602,1.757
2,603,1.908
2,604,1.912
2,605,1.885
2,606,1.711
2,607,3.089
2,608,2.443
2,609,2.096
2,610,2.210
2,611,2.253
2,612,2.244
2,613,2.163
2,614,2.978
2,615,2.884
2,616,2.896
2,617,2.248
2,618,2.333
2,619,2.449
2,620,2.625
2,621,2.518
2,622,2.647
2,623,2.005
2,624,2.169
2,625,2.409
2,626,2.394
2,627,2.262
2,628,2.280
2,629,1.936
2,630,2.097
2,631,1.935
2,632,1.749
2,633,1.804
2,634,1.860
2,635,2.097
2,636,2.738
2,637,2.464
2,638,3.508
2,639,2.463
2,640,2.109
2,641,2.242
2,642,2.322
2,643,2.048
2,644,1.879
2,645,1.667
2,646,1.998
2,647,1.979
2,648,1.621
2,649,2.029
2,650,2.182
2,651,1.841
2,652,2.058
2,653,1.919
2,654,1.914
2,655,2.318
2,656,2.207
2,657,2.204
2,658,1.816
2,659,1.770
2,660,1.752
2,661,1.727
2,662,2.158
2,663,1.872
2,664,2.987
2,665,2.350
2,666,2.029
2,667,1.950
2,668,1.699
2,669,1.885
2,670,1.710
2,671,1.698
2,672,1.845
2,673,2.476
2,674,2.227
2,675,1.911
2,676,1.837
2,677,1.988
2,678,1.847
2,679,1.830
2,680,1.742
2,681,1.833
2,682,2.286
2,683,1.871
2,684,1.622
2,685,1.817
2,686,1.777
2,687,2.109
2,688,1.899
2,689,2.680
2,690,2.279
2,691,2.092
2,692,2.201
2,693,1.868
2,694,1.725
2,695,1.693
2,696,1.689
2,697,2.775
2,698,2.114
2,699,2.523
2,700,3.141
2,701,2.739
2,702,2.172
2,703,2.406
2,704,2.626
2,705,2.541
2,706,2.325
2,707,3.157
2,708,2.326
2,709,3.053
2,710,2.568
2,711,2.343
2,712,2.356
2,713,2.485
2,714,2.950
2,715,3.244
2,716,2.940
2,717,2.900
2,718,2.796
2,719,3.401
2,720,3.885
2,721,2.824
2,722,2.612
2,723,2.711
2,724,2.661
2,725,2.691
2,726,3.684
2,727,2.855
2,728,3.008
2,729,3.013
2,730,2.832
2,731,3.484
2,732,3.282
2,733,2.799
2,734,2.715
2,735,2.932
2,736,2.998
2,737,2.645
2,738,2.910
2,739,2.515
2,740,2.698
2,741,2.694
2,742,2.986
2,743,3.377
2,744,2.958
2,745,3.020
2,746,3.077
2,747,3.522
2,748,3.424
2,749,3.137
2,750,3.372
2,751,2.825
2,752,3.075
2,753,2.986
2,754,2.619
2,755,2.613
2,756,2.132
2,757,2.013
2,758,1.658
2,759,2.310
2,760,2.548
2,761,2.315
2,762,1.847
2,763,1.875
2,764,2.280
2,765,1.980
2,766,2.230
2,767,2.414
2,768,2.056
2,769,1.701
2,770,1.809
2,771,1.990
2,772,1.735
2,773,1.864
2,774,2.167
2,775,2.147
2,776,1.956
2,777,2.058
2,778,1.957
2,779,1.766
2,780,1.578
2,781,1.888
2,782,2.168
2,783,2.667
2,784,2.119
2,785,1.990
2,786,2.255
2,787,2.114
2,788,2.662
2,789,1.986
2,790,2.576
2,791,2.051
2,792,1.739
2,793,1.648
2,794,1.779
2,795,1.725
2,796,1.852
2,797,1.616
2,798,2.013
2,799,2.237
2,800,1.696
2,801,2.832
2,802,2.706
2,803,2.630
2,804,3.095
2,805,2.398
2,806,2.324
2,807,2.223
2,808,1.667
2,809,2.147
2,810,2.364
2,811,2.937
2,812,2.864
2,813,2.472
2,814,2.335
2,815,2.016
2,816,1.933
2,817,1.693
2,818,2.280
2,819,2.277
2,820,1.946
2,821,1.687
2,822,1.777
2,823,2.627
2,824,1.680
2,825,1.616
2,826,2.289
2,827,2.360
2,828,1.925
2,829,1.796
2,830,2.124
2,831,1.909
2,832,2.473
2,833,2.220
2,834,2.939
2,835,2.341
2,836,2.581
2,837,2.399
2,838,2.462
2,839,2.553
2,840,1.992
2,841,2.132
2,842,1.885
2,843,1.780
2,844,1.690
2,845,1.881
2,846,2.102
2,847,1.681
2,848,2.245
2,849,2.028
2,850,1.654
2,851,1.732
2,852,1.863
2,853,1.587
2,854,1.615
2,855,2.298
2,856,2.593
2,857,2.525
2,858,2.007
2,859,2.120
2,860,1.861
2,861,1.966
2,862,1.933
2,863,1.832
2,864,1.939
2,865,2.888
2,866,2.951
2,867,2.640
2,868,2.809
2,869,2.676
2,870,2.102
2,871,2.860
2,872,2.156
2,873,2.447
2,874,2.259
2,875,2.025
2,876,2.034
2,877,2.258
2,878,2.729
2,879,2.330
2,880,2.412
2,881,2.564
2,882,2.256
2,883,2.174
2,884,2.592
2,885,2.744
2,886,2.694
2,887,2.418
2,888,3.510
2,889,3.117
2,890,2.673
2,891,2.489
2,892,2.213
2,893,2.009
2,894,2.343
2,895,2.454
2,896,2.784
2,897,2.452
2,898,1.955
2,899,1.871
2,900,1.948
2,901,1.815
2,902,1.560
2,903,2.753
2,904,2.079
2,905,1.928
2,906,1.849
2,907,1.625
2,908,1.853
2,909,1.649
2,910,1.743
2,911,1.903
2,912,2.028
2,913,1.971
2,914,2.028
2,915,1.688
2,916,1.685
2,917,1.663
2,918,1.603
2,919,1.733
2,920,1.992
2,921,2.313
2,922,2.634
2,923,2.499
2,924,2.376
2,925,2.221
2,926,2.160
2,927,2.137
2,928,2.282
2,929,1.943
2,930,2.059
2,931,1.799
2,932,1.508
2,933,1.654
2,934,1.761
2,935,1.612
2,936,1.807
2,937,1.904
2,938,1.766
2,939,1.907
2,940,1.877
2,941,1.540
2,942,1.602
2,943,1.576
2,944,1.507
2,945,2.139
2,946,2.432
2,947,2.273
2,948,1.998
2,949,2.871
2,950,2.138
2,951,2.127
2,952,2.458
2,953,2.252
2,954,2.206
2,955,2.066
2,956,2.174
2,957,2.167
2,958,2.085
2,959,2.817
2,960,2.319
2,961,2.146
2,962,2.387
2,963,2.128
2,964,1.884
2,965,2.545
2,966,2.778
2,967,2.433
2,968,1.963
2,969,2.193
2,970,2.115
2,971,2.598
2,972,2.570
2,973,2.704
2,974,2.516
2,975,2.315
2,976,2.375
2,977,2.331
2,978,1.985
2,979,2.492
2,980,2.605
2,981,2.109
2,982,2.287
2,983,2.255
2,984,2.355
2,985,2.484
2,986,2.775
2,987,2.661
2,988,2.584
2,989,2.369
2,990,2.440
2,991,2.682
2,992,3.059
2,993,2.795
2,994,2.770
2,995,2.402
2,996,2.845
2,997,3.759
2,998,2.932
2,999,2.348
2,1000,2.512
2,1001,2.364
2,1002,2.264
2,1003,2.643
2,1004,3.145
2,1005,3.051
2,1006,2.468
2,1007,2.757
2,1008,2.495
2,1009,3.241
2,1010,3.032
2,1011,2.595
2,1012,2.480
2,1013,2.597
2,1014,2.797
2,1015,2.687
2,1016,2.521
2,1017,2.537
2,1018,2.428
2,1019,2.412
2,1020,2.433
2,1021,3.332
2,1022,2.500
2,1023,2.324
2,1024,2.323
2,1025,2.540
2,1026,2.283
2,1027,2.753
2,1028,2.754
2,1029,2.684
2,1030,2.453
2,1031,2.313
2,1032,2.408
2,1033,2.434
2,1034,2.787
2,1035,2.616
2,1036,1.956
2,1037,1.933
2,1038,1.995
2,1039,1.880
2,1040,1.866
2,1041,2.055
2,1042,2.825
2,1043,2.717
2,1044,2.209
2,1045,2.173
2,1046,2.205
2,1047,2.107
2,1048,2.227
2,1049,2.170
2,1050,1.946
2,1051,3.171
2,1052,2.182
2,1053,2.261
2,1054,2.142
2,1055,2.280
2,1056,2.100
2,1057,2.089
2,1058,1.939
2,1059,1.964
2,1060,1.970
2,1061,2.000
2,1062,1.794
2,1063,1.917
2,1064,2.160
2,1065,2.359
2,1066,1.749
2,1067,1.707
2,1068,1.992
2,1069,1.603
2,1070,1.671
2,1071,1.765
2,1072,1.972
2,1073,1.958
2,1074,1.809
2,1075,2.145
2,1076,1.797
2,1077,2.006
2,1078,1.973
2,1079,1.919
2,1080,1.754
2,1081,1.989
2,1082,1.881
2,1083,1.844
2,1084,1.667
2,1085,1.460
2,1086,1.560
2,1087,2.237
2,1088,1.589
2,1089,1.587
2,1090,4.023
2,1091,2.619
2,1092,2.598
2,1093,2.450
2,1094,2.468
2,1095,2.500
2,1096,2.093
2,1097,1.888
2,1098,1.949
2,1099,2.198
2,1100,2.004
2,1101,1.821
2,1102,2.380
2,1103,2.222
2,1104,1.993
2,1105,2.030
2,1106,1.754
2,1107,1.663
2,1108,1.685
2,1109,1.729
2,1110,1.862
2,1111,2.275
2,1112,1.991
2,1113,1.861
2,1114,1.582
2,1115,1.795
2,1116,1.856
2,1117,1.696
2,1118,1.893
2,1119,1.714
2,1120,1.887
2,1121,2.428
2,1122,1.660
2,1123,1.722
2,1124,1.865
2,1125,1.704
2,1126,2.145
2,1127,1.867
2,1128,2.263
2,1129,2.948
2,1130,3.011
2,1131,2.214
2,1132,1.720
2,1133,1.685
2,1134,1.579
2,1135,1.580
2,1136,2.634
2,1137,2.315
2,1138,2.539
2,1139,1.713
2,1140,1.966
2,1141,1.814
2,1142,1.527
2,1143,2.314
2,1144,2.982
2,1145,2.728
2,1146,2.994
2,1147,2.838
2,1148,3.007
2,1149,2.594
2,1150,2.521
2,1151,2.526
2,1152,2.333
2,1153,2.633
2,1154,2.947
2,1155,2.497
2,1156,2.525
2,1157,2.736
2,1158,2.303
2,1159,2.063
2,1160,2.773
2,1161,2.825
2,1162,2.686
2,1163,2.054
2,1164,1.916
2,1165,1.661
2,1166,1.865
2,1167,1.975
2,1168,2.159
2,1169,2.431
2,1170,1.997
2,1171,1.838
2,1172,2.981
2,1173,2.390
2,1174,1.848
2,1175,2.019
2,1176,2.672
2,1177,1.695
2,1178,1.809
2,1179,1.976
2,1180,1.720
2,1181,1.670
2,1182,1.533
2,1183,2.009
2,1184,2.170
2,1185,1.969
2,1186,1.837
2,1187,1.976
2,1188,1.642
2,1189,1.750
2,1190,1.888
2,1191,2.045
2,1192,1.990
2,1193,1.837
2,1194,2.746
2,1195,1.894
2,1196,1.743
2,1197,2.245
2,1198,1.987
2,1199,2.522
2,1200,2.475
2,1201,2.072
2,1202,2.199
2,1203,1.986
2,1204,1.906
2,1205,1.529
2,1206,1.612
2,1207,2.186
2,1208,2.223
2,1209,1.940
2,1210,1.714
2,1211,2.217
2,1212,1.730
2,1213,1.504
2,1214,1.682
2,1215,2.007
2,1216,2.401
2,1217,2.264
2,1218,2.504
2,1219,2.072
2,1220,2.020
2,1221,2.063
2,1222,2.008
2,1223,1.926
2,1224,2.258
2,1225,2.022
2,1226,1.794
2,1227,1.596
2,1228,1.721
2,1229,1.992
2,1230,1.533
2,1231,1.408
2,1232,2.021
2,1233,1.858
2,1234,1.797
2,1235,1.927
2,1236,1.944
2,1237,1.796
2,1238,1.563
2,1239,2.566
2,1240,2.415
2,1241,2.330
2,1242,2.469
2,1243,2.419
2,1244,2.709
2,1245,2.202
2,1246,2.479
2,1247,1.822
2,1248,4.061
2,1249,2.022
2,1250,1.671
2,1251,1.885
2,1252,1.799
2,1253,2.028
2,1254,2.281
2,1255,2.007
2,1256,1.611
2,1257,1.621
2,1258,2.123
2,1259,1.828
2,1260,1.684
2,1261,1.582
2,1262,2.242
2,1263,2.748
2,1264,1.680
2,1265,1.813
2,1266,2.020
2,1267,1.647
2,1268,2.192
2,1269,2.124
2,1270,2.476
2,1271,2.216
2,1272,1.939
2,1273,2.065
2,1274,1.767
2,1275,1.750
2,1276,1.824
2,1277,1.595
2,1278,2.195
2,1279,2.198
2,1280,2.164
2,1281,1.710
2,1282,1.674
2,1283,2.093
2,1284,1.820
2,1285,1.545
2,1286,1.995
2,1287,1.947
2,1288,1.723
2,1289,1.711
2,1290,1.906
2,1291,1.965
2,1292,1.807
2,1293,1.520
2,1294,2.553
2,1295,2.559
2,1296,2.220
2,1297,2.357
2,1298,2.466
2,1299,2.075
2,1300,2.215
2,1301,2.424
2,1302,2.324
2,1303,2.384
2,1304,2.025
2,1305,1.907
2,1306,2.390
2,1307,2.207
2,1308,2.154
2,1309,2.974
2,1310,2.282
2,1311,2.026
2,1312,2.139
2,1313,2.114
2,1314,2.565
2,1315,2.319
2,1316,2.801
2,1317,1.794
2,1318,1.832
2,1319,2.067
2,1320,2.218
2,1321,1.942
2,1322,2.888
2,1323,2.672
2,1324,2.311
2,1325,2.641
2,1326,2.656
2,1327,2.471
2,1328,2.321
2,1329,2.782
2,1330,2.914
2,1331,2.468
2,1332,2.297
2,1333,2.167
2,1334,1.661
2,1335,1.529
2,1336,2.733
2,1337,2.861
2,1338,1.814
2,1339,1.975
2,1340,2.057
2,1341,1.814
2,1342,1.888
2,1343,2.206
2,1344,1.940
2,1345,1.673
2,1346,2.414
2,1347,1.957
2,1348,1.629
2,1349,1.438
2,1350,1.815
2,1351,2.096
2,1352,2.450
2,1353,2.235
2,1354,1.948
2,1355,2.017
2,1356,1.624
2,1357,1.967
2,1358,1.772
2,1359,1.697
2,1360,2.029
2,1361,2.036
2,1362,2.310
2,1363,1.887
2,1364,2.163
2,1365,1.864
2,1366,1.798
2,1367,2.259
2,1368,2.187
2,1369,1.689
2,1370,1.592
2,1371,1.753
2,1372,1.768
2,1373,2.215
2,1374,1.657
2,1375,1.926
2,1376,1.861
2,1377,1.593
2,1378,1.783
2,1379,1.971
2,1380,1.652
2,1381,1.627
2,1382,1.718
2,1383,2.186
2,1384,1.935
2,1385,1.597
2,1386,1.563
2,1387,1.779
2,1388,1.662
2,1389,1.847
2,1390,2.034
2,1391,1.948
2,1392,1.970
2,1393,2.178
2,1394,1.857
2,1395,1.811
2,1396,1.624
2,1397,1.642
2,1398,1.768
2,1399,1.590
2,1400,1.616
2,1401,1.961
2,1402,1.784
2,1403,1.889
2,1404,1.629
2,1405,1.620
2,1406,1.967
2,1407,1.777
2,1408,1.510
2,1409,1.889
2,1410,2.519
2,1411,1.944
2,1412,2.268
2,1413,1.835
2,1414,1.730
2,1415,1.665
2,1416,2.007
2,1417,2.894
2,1418,2.483
2,1419,2.474
2,1420,2.989
2,1421,2.416
2,1422,2.389
2,1423,2.403
2,1424,2.373
2,1425,2.067
2,1426,1.590
2,1427,1.542
2,1428,1.837
2,1429,1.684
2,1430,1.802
2,1431,2.038
2,1432,2.474
2,1433,2.364
2,1434,2.152
2,1435,2.341
2,1436,2.021
2,1437,1.770
2,1438,1.730
2,1439,2.821
2,1440,2.214
2,1441,1.911
2,1442,2.171
2,1443,2.102
2,1444,3.176
2,1445,2.635
2,1446,2.702
2,1447,4.373
2,1448,2.412
2,1449,1.958
2,1450,2.299
2,1451,2.344
2,1452,2.270
2,1453,2.216
2,1454,1.981
2,1455,1.833
2,1456,2.201
2,1457,1.985
2,1458,2.199
2,1459,2.272
2,1460,2.365
2,1461,1.729
2,1462,1.660
2,1463,2.038
2,1464,2.332
2,1465,2.001
2,1466,2.008
2,1467,2.471
2,1468,2.161
2,1469,1.970
2,1470,2.098
2,1471,1.848
2,1472,1.486
2,1473,1.616
2,1474,1.562
2,1475,1.668
2,1476,2.735
2,1477,2.192
2,1478,2.229
2,1479,2.067
2,1480,1.873
2,1481,1.860
2,1482,1.514
2,1483,1.680
2,1484,2.221
2,1485,3.206
2,1486,1.861
2,1487,1.810
2,1488,1.915
2,1489,1.860
2,1490,1.667
2,1491,2.104
2,1492,1.967
2,1493,1.694
2,1494,1.918
2,1495,1.633
2,1496,1.706
2,1497,1.711
2,1498,1.579
2,1499,1.690
2,1500,1.792
2,1501,1.945
2,1502,2.122
2,1503,1.920
2,1504,1.945
2,1505,1.604
2,1506,1.682
2,1507,1.557
2,1508,1.795
2,1509,1.857
2,1510,2.311
2,1511,1.976
2,1512,2.117
2,1513,2.306
2,1514,1.923
2,1515,1.842
2,1516,1.672
2,1517,2.580
2,1518,2.318
2,1519,2.153
2,1520,2.318
2,1521,2.499
2,1522,2.409
2,1523,2.470
2,1524,2.324
2,1525,2.044
2,1526,2.140
2,1527,1.756
2,1528,1.445
2,1529,2.306
2,1530,1.660
2,1531,2.023
2,1532,2.441
2,1533,1.869
2,1534,1.672
2,1535,1.515
2,1536,1.913
2,1537,2.089
2,1538,2.087
2,1539,2.605
2,1540,2.129
2,1541,1.749
2,1542,1.575
2,1543,1.521
2,1544,1.692
2,1545,1.564
2,1546,1.453
2,1547,1.484
2,1548,2.665
2,1549,2.235
2,1550,2.002
2,1551,1.930
2,1552,2.282
2,1553,1.995
2,1554,1.872
2,1555,2.090
2,1556,2.880
2,1557,2.271
2,1558,2.255
2,1559,2.046
2,1560,2.068
2,1561,2.116
2,1562,2.684
2,1563,2.448
2,1564,2.878
2,1565,2.071
2,1566,2.510
2,1567,2.499
2,1568,2.594
2,1569,5.522
2,1570,2.974
2,1571,2.388
2,1572,2.215
2,1573,2.155
2,1574,3.722
2,1575,2.670
2,1576,3.265
2,1577,2.485
2,1578,2.346
2,1579,2.742
2,1580,3.125
2,1581,2.702
2,1582,2.318
2,1583,2.475
2,1584,2.806
2,1585,2.567
2,1586,2.602
2,1587,2.667
2,1588,2.256
2,1589,2.820
2,1590,2.369
2,1591,3.030
2,1592,2.647
2,1593,2.236
2,1594,2.355
2,1595,2.521
2,1596,1.924
2,1597,2.238
2,1598,3.409
2,1599,3.012
2,1600,2.479
2,1601,2.354
2,1602,2.274
2,1603,2.637
2,1604,2.430
2,1605,2.820
2,1606,2.264
2,1607,2.116
2,1608,2.073
2,1609,2.276
2,1610,1.980
2,1611,2.516
2,1612,2.464
2,1613,2.755
2,1614,2.186
2,1615,2.478
2,1616,2.166
2,1617,2.517
2,1618,2.761
2,1619,2.385
2,1620,3.026
2,1621,2.250
2,1622,2.387
2,1623,2.561
2,1624,2.448
2,1625,2.286
2,1626,2.191
2,1627,2.425
2,1628,2.268
2,1629,2.155
2,1630,2.580
2,1631,2.488
2,1632,2.394
2,1633,2.056
2,1634,2.193
2,1635,2.445
2,1636,2.389
2,1637,2.396
2,1638,2.344
2,1639,2.180
2,1640,2.265
2,1641,2.603
2,1642,2.408
2,1643,3.266
2,1644,2.362
2,1645,1.891
2,1646,1.992
2,1647,2.087
2,1648,2.018
2,1649,2.124
2,1650,2.292
2,1651,2.257
2,1652,1.942
2,1653,2.024
2,1654,2.184
2,1655,1.763
2,1656,1.807
2,1657,2.069
2,1658,2.117
2,1659,2.308
2,1660,2.204
2,1661,1.950
2,1662,1.848
2,1663,1.858
2,1664,2.412
2,1665,1.987
2,1666,2.755
2,1667,2.339
2,1668,2.723
2,1669,2.619
2,1670,2.309
2,1671,1.994
2,1672,2.523
2,1673,2.879
2,1674,2.536
2,1675,2.703
2,1676,2.325
2,1677,1.955
2,1678,1.914
2,1679,2.477
2,1680,2.466
2,1681,2.104
2,1682,1.844
2,1683,2.442
2,1684,2.134
2,1685,2.436
2,1686,2.484
2,1687,2.478
2,1688,1.928
2,1689,1.855
2,1690,2.143
2,1691,2.342
2,1692,1.947
2,1693,2.037
2,1694,2.346
2,1695,1.785
2,1696,1.515
2,1697,1.835
2,1698,1.593
2,1699,1.460
2,1700,2.141
2,1701,1.828
2,1702,1.548
2,1703,2.837
2,1704,3.068
2,1705,2.451
2,1706,2.141
2,1707,2.759
2,1708,4.010
2,1709,2.931
2,1710,3.498
2,1711,2.977
2,1712,2.491
2,1713,2.521
2,1714,3.797
2,1715,2.565
2,1716,2.582
2,1717,2.512
2,1718,2.930
2,1719,2.885
2,1720,3.577
2,1721,2.566
2,1722,2.968
2,1723,3.246
2,1724,2.950
2,1725,2.858
2,1726,3.130
2,1727,2.347
2,1728,2.577
2,1729,2.440
2,1730,2.709
2,1731,3.185
2,1732,2.945
2,1733,3.010
2,1734,2.502
2,1735,2.874
2,1736,2.936
2,1737,2.733
2,1738,3.091
2,1739,4.398
2,1740,3.213
2,1741,2.941
2,1742,3.149
2,1743,2.676
2,1744,2.812
2,1745,2.971
2,1746,2.002
2,1747,2.551
2,1748,2.198
2,1749,1.773
2,1750,2.113
2,1751,2.080
2,1752,1.914
2,1753,2.327
2,1754,3.183
2,1755,2.418
2,1756,2.595
2,1757,2.852
2,1758,2.985
2,1759,2.196
2,1760,2.746
2,1761,2.102
2,1762,2.554
2,1763,2.002
2,1764,2.047
2,1765,2.285
2,1766,1.979
2,1767,2.272
2,1768,2.803
2,1769,2.145
2,1770,1.923
2,1771,2.155
2,1772,1.885
2,1773,1.521
2,1774,1.524
2,1775,1.846
2,1776,2.185
2,1777,2.551
2,1778,2.169
2,1779,2.549
2,1780,2.202
2,1781,2.131
2,1782,2.126
2,1783,1.832
2,1784,1.778
2,1785,1.927
2,1786,2.175
2,1787,1.736
2,1788,1.730
2,1789,1.866
2,1790,2.195
2,1791,2.026
2,1792,1.931
2,1793,1.599
2,1794,1.952
2,1795,1.552
2,1796,1.682
2,1797,2.226
2,1798,1.850
2,1799,2.376
2,1800,2.196
2,1801,2.188
2,1802,2.175
2,1803,2.403
2,1804,1.903
2,1805,1.782
2,1806,2.622
2,1807,2.204
2,1808,1.924
2,1809,2.194
2,1810,2.054
2,1811,2.532
2,1812,2.037
2,1813,3.121
2,1814,2.189
2,1815,2.712
2,1816,2.099
2,1817,2.383
2,1818,5.565
2,1819,2.450
2,1820,1.913
2,1821,1.521
2,1822,1.595
2,1823,1.945
2,1824,1.616
2,1825,1.481
2,1826,2.000
2,1827,2.115
2,1828,2.127
2,1829,1.785
2,1830,1.538
2,1831,1.932
2,1832,2.136
2,1833,1.839
2,1834,2.457
2,1835,2.275
2,1836,1.852
2,1837,1.688
2,1838,1.797
2,1839,1.711
2,1840,1.568
2,1841,1.663
2,1842,1.839
2,1843,1.795
2,1844,1.762
2,1845,2.229
2,1846,1.720
2,1847,1.621
2,1848,1.491
2,1849,1.552
2,1850,1.858
2,1851,1.787
2,1852,1.672
2,1853,1.684
2,1854,1.695
2,1855,1.894
2,1856,1.808
2,1857,1.622
2,1858,1.637
2,1859,1.613
2,1860,1.649
2,1861,2.340
2,1862,2.398
2,1863,1.876
2,1864,2.241
2,1865,1.924
2,1866,1.878
2,1867,1.799
2,1868,2.000
2,1869,1.866
2,1870,1.585
2,1871,1.415
2,1872,1.779
2,1873,1.657
2,1874,2.204
2,1875,1.660
2,1876,1.640
2,1877,2.523
2,1878,2.876
2,1879,2.712
2,1880,2.269
2,1881,2.466
2,1882,2.866
2,1883,2.725
2,1884,2.504
2,1885,2.663
2,1886,2.188
2,1887,2.540
2,1888,2.335
2,1889,2.560
2,1890,2.169
2,1891,2.091
2,1892,1.847
2,1893,1.695
2,1894,2.104
2,1895,2.042
2,1896,2.132
2,1897,2.831
2,1898,2.491
2,1899,1.901
2,1900,1.898
2,1901,1.946
2,1902,1.869
2,1903,2.196
2,1904,2.073
2,1905,2.485
2,1906,2.397
2,1907,2.183
2,1908,2.836
2,1909,2.281
2,1910,2.473
2,1911,3.124
2,1912,2.874
2,1913,2.821
2,1914,2.503
2,1915,2.546
2,1916,1.974
2,1917,2.112
2,1918,2.470
2,1919,2.377
2,1920,2.974
2,1921,2.716
2,1922,2.284
2,1923,2.623
2,1924,2.374
2,1925,2.264
2,1926,2.263
2,1927,2.113
2,1928,2.225
2,1929,2.092
2,1930,2.138
2,1931,2.089
2,1932,2.420
2,1933,2.051
2,1934,1.639
2,1935,1.806
2,1936,1.921
2,1937,2.185
2,1938,2.195
2,1939,2.351
2,1940,2.309
2,1941,1.893
2,1942,2.326
2,1943,2.472
2,1944,1.938
2,1945,2.025
2,1946,2.775
2,1947,1.928
2,1948,1.826
2,1949,2.245
2,1950,1.971
2,1951,2.814
2,1952,2.358
2,1953,2.671
2,1954,2.047
2,1955,2.202
2,1956,2.129
2,1957,1.937
2,1958,2.203
2,1959,2.403
2,1960,2.295
2,1961,2.027
2,1962,1.816
2,1963,1.549
2,1964,1.522
2,1965,1.889
2,1966,1.760
2,1967,1.470
2,1968,1.803
2,1969,2.409
2,1970,2.868
2,1971,2.463
2,1972,2.527
2,1973,2.278
2,1974,2.404
2,1975,2.967
2,1976,2.754
2,1977,2.438
2,1978,2.184
2,1979,1.991
2,1980,2.019
2,1981,4.384
2,1982,3.081
2,1983,2.119
2,1984,2.168
2,1985,2.700
2,1986,2.374
2,1987,1.641
2,1988,1.918
2,1989,2.160
2,1990,2.587
2,1991,1.943
2,1992,1.966
2,1993,1.673
2,1994,1.610
2,1995,1.528
2,1996,2.358
2,1997,1.905
2,1998,1.736
2,1999,2.448
2,2000,1.764
2,2001,1.782
2,2002,1.827
2,2003,1.962
2,2004,1.729
2,2005,1.744
2,2006,1.748
2,2007,2.125
2,2008,1.864
2,2009,1.559
2,2010,1.728
2,2011,1.715
2,2012,1.790
2,2013,1.735
2,2014,1.973
2,2015,2.244
2,2016,1.594
2,2017,1.433
2,2018,2.561
2,2019,1.782
2,2020,1.644
2,2021,1.682
2,2022,1.872
2,2023,3.061
2,2024,3.271
2,2025,2.524
2,2026,2.582
2,2027,2.427
2,2028,1.942
2,2029,1.875
2,2030,2.211
2,2031,2.210
2,2032,2.375
2,2033,2.412
2,2034,2.390
2,2035,1.919
2,2036,2.275
2,2037,2.548
2,2038,2.100
2,2039,2.279
2,2040,2.405
2,2041,1.898
2,2042,2.269
2,2043,1.876
2,2044,2.398
2,2045,2.200
2,2046,1.990
2,2047,1.811
2,2048,1.647
2,2049,1.732
2,2050,3.217
2,2051,2.920
2,2052,2.514
2,2053,2.104
2,2054,1.710
2,2055,1.560
2,2056,1.765
2,2057,1.620
2,2058,1.494
2,2059,1.988
2,2060,2.542
2,2061,2.085
2,2062,1.562
2,2063,1.632
2,2064,1.756
2,2065,1.689
2,2066,1.482
2,2067,1.664
2,2068,2.211
2,2069,1.976
2,2070,2.751
2,2071,1.914
2,2072,1.812
2,2073,1.750
2,2074,1.819
2,2075,2.057
2,2076,1.875
2,2077,1.815
2,2078,1.932
2,2079,1.978
2,2080,1.719
2,2081,1.675
2,2082,1.726
2,2083,1.688
2,2084,1.621
2,2085,2.023
2,2086,2.635
2,2087,1.932
2,2088,2.281
2,2089,2.145
2,2090,2.008
2,2091,1.831
2,2092,2.025
2,2093,3.069
2,2094,2.876
2,2095,3.407
2,2096,2.829
2,2097,2.258
2,2098,2.111
2,2099,2.852
2,2100,2.380
2,2101,2.019
2,2102,1.870
2,2103,2.231
2,2104,2.297
2,2105,1.993
2,2106,2.433
2,2107,2.759
2,2108,2.241
2,2109,2.334
2,2110,2.267
2,2111,2.057
2,2112,1.956
2,2113,1.993
2,2114,2.096
2,2115,1.745
2,2116,1.973
2,2117,2.231
2,2118,1.741
2,2119,1.992
2,2120,1.954
2,2121,3.122
2,2122,2.284
2,2123,2.213
2,2124,3.660
2,2125,2.567
2,2126,1.726
2,2127,2.250
2,2128,2.707
2,2129,2.079
2,2130,1.996
2,2131,2.173
2,2132,1.992
2,2133,1.798
2,2134,2.225
2,2135,2.686
2,2136,2.674
2,2137,2.157
2,2138,2.486
2,2139,1.977
2,2140,2.679
2,2141,2.498
2,2142,2.214
2,2143,2.659
2,2144,2.045
2,2145,1.992
2,2146,1.869
2,2147,2.155
2,2148,2.081
2,2149,2.458
2,2150,2.121
2,2151,2.198
2,2152,2.304
2,2153,1.975
2,2154,2.170
2,2155,3.031
2,2156,3.127
2,2157,2.748
2,2158,2.572
2,2159,2.233
2,2160,2.499
2,2161,2.738
2,2162,2.398
2,2163,2.420
2,2164,2.465
2,2165,2.611
2,2166,2.323
2,2167,2.494
2,2168,2.298
2,2169,2.108
2,2170,2.375
2,2171,2.223
2,2172,2.449
2,2173,2.784
2,2174,2.321
2,2175,2.228
2,2176,2.423
2,2177,2.283
2,2178,2.217
2,2179,2.173
2,2180,2.140
2,2181,3.618
2,2182,2.531
2,2183,2.466
2,2184,2.569
2,2185,2.457
2,2186,2.422
2,2187,2.160
2,2188,2.769
2,2189,2.252
2,2190,2.184
2,2191,2.044
2,2192,2.235
2,2193,2.459
2,2194,2.043
2,2195,2.272
2,2196,2.564
2,2197,2.225
2,2198,2.242
2,2199,2.287
2,2200,2.282
2,2201,2.231
2,2202,2.678
2,2203,2.368
2,2204,2.692
2,2205,2.337
2,2206,2.377
2,2207,2.731
2,2208,2.103
2,2209,2.135
2,2210,2.330
2,2211,2.118
2,2212,2.702
2,2213,2.535
2,2214,2.647
2,2215,2.360
2,2216,2.468
2,2217,2.243
2,2218,2.470
2,2219,2.878
2,2220,2.606
2,2221,2.253
2,2222,2.731
2,2223,2.086
2,2224,2.416
2,2225,2.410
2,2226,2.777
2,2227,2.440
2,2228,2.324
2,2229,2.098
2,2230,2.334
2,2231,2.084
2,2232,2.220
2,2233,2.362
2,2234,2.729
2,2235,2.014
2,2236,2.037
2,2237,1.992
2,2238,1.776
2,2239,1.796
2,2240,2.966
2,2241,2.071
2,2242,2.768
2,2243,2.251
2,2244,2.678
2,2245,2.512
2,2246,2.519
2,2247,2.156
2,2248,2.053
2,2249,2.375
2,2250,2.001
2,2251,2.256
2,2252,2.113
2,2253,2.889
2,2254,2.601
2,2255,2.036
2,2256,2.053
2,2257,2.443
2,2258,1.850
2,2259,1.745
2,2260,2.113
2,2261,1.962
2,2262,1.786
2,2263,1.520
2,2264,1.501
2,2265,1.802
2,2266,1.825
2,2267,2.065
2,2268,1.934
2,2269,2.042
2,2270,2.174
2,2271,1.713
2,2272,1.871
2,2273,1.832
2,2274,1.585
2,2275,2.249
2,2276,2.027
2,2277,2.258
2,2278,2.176
2,2279,2.233
2,2280,2.250
2,2281,1.769
2,2282,1.951
2,2283,2.141
2,2284,1.869
2,2285,1.686
2,2286,1.682
2,2287,1.652
2,2288,1.666
2,2289,1.485
2,2290,1.616
2,2291,1.999
2,2292,1.764
2,2293,2.660
2,2294,2.110
2,2295,1.825
2,2296,1.695
2,2297,1.698
2,2298,2.034
2,2299,1.814
2,2300,1.540
2,2301,2.296
2,2302,2.384
2,2303,1.859
2,2304,1.708
2,2305,1.719
2,2306,1.663
2,2307,1.585
2,2308,1.564
2,2309,2.079
2,2310,2.232
2,2311,1.941
2,2312,2.217
2,2313,2.115
2,2314,2.002
2,2315,1.795
2,2316,1.843
2,2317,1.749
2,2318,2.170
2,2319,3.051
2,2320,2.696
2,2321,1.866
2,2322,1.982
2,2323,1.930
2,2324,1.728
2,2325,2.327
2,2326,2.029
2,2327,1.560
2,2328,1.461
2,2329,2.104
2,2330,1.730
2,2331,1.525
2,2332,1.661
2,2333,1.649
2,2334,2.649
2,2335,1.873
2,2336,1.454
2,2337,1.717
2,2338,1.653
2,2339,1.750
2,2340,1.766
2,2341,1.845
2,2342,2.182
2,2343,2.044
2,2344,1.902
2,2345,2.803
2,2346,2.322
2,2347,2.402
2,2348,2.718
2,2349,2.344
2,2350,2.595
2,2351,2.349
2,2352,2.098
2,2353,2.405
2,2354,2.163
2,2355,1.830
2,2356,2.368
2,2357,1.944
2,2358,2.180
2,2359,1.681
2,2360,1.730
2,2361,1.682
2,2362,1.494
2,2363,1.802
2,2364,2.818
2,2365,2.472
2,2366,2.214
2,2367,2.166
2,2368,2.457
2,2369,2.018
2,2370,2.403
2,2371,2.210
2,2372,2.135
2,2373,2.620
2,2374,2.042
2,2375,1.834
2,2376,1.911
2,2377,2.335
2,2378,2.275
2,2379,2.224
2,2380,2.195
2,2381,2.776
2,2382,3.114
2,2383,3.242
2,2384,2.495
2,2385,2.205
2,2386,1.787
2,2387,2.011
2,2388,2.614
2,2389,2.543
2,2390,2.416
2,2391,2.344
2,2392,2.180
2,2393,1.918
2,2394,1.953
2,2395,1.675
2,2396,1.977
2,2397,1.675
2,2398,1.742
2,2399,2.330
2,2400,2.223
2,2401,2.121
2,2402,1.831
2,2403,1.606
2,2404,1.710
2,2405,1.918
2,2406,1.844
2,2407,2.055
2,2408,1.788
2,2409,1.656
2,2410,1.751
2,2411,1.480
2,2412,1.539
2,2413,1.913
2,2414,1.635
2,2415,2.438
2,2416,2.394
2,2417,1.857
2,2418,1.849
2,2419,1.813
2,2420,1.969
2,2421,2.371
2,2422,4.356
2,2423,2.993
2,2424,2.417
2,2425,2.131
2,2426,1.991
2,2427,1.603
2,2428,2.160
2,2429,2.347
2,2430,1.877
2,2431,2.096
2,2432,1.598
2,2433,1.642
2,2434,1.693
2,2435,1.573
2,2436,1.588
2,2437,1.683
2,2438,1.948
2,2439,2.481
2,2440,1.833
2,2441,2.256
2,2442,1.848
2,2443,1.701
2,2444,1.780
2,2445,1.722
2,2446,2.023
2,2447,2.947
2,2448,2.974
2,2449,3.045
2,2450,1.799
2,2451,1.545
2,2452,1.580
2,2453,1.821
2,2454,2.243
2,2455,1.610
2,2456,1.734
2,2457,1.573
2,2458,1.723
2,2459,1.612
2,2460,1.755
2,2461,1.575
2,2462,1.549
2,2463,1.770
2,2464,1.740
2,2465,2.201
2,2466,1.856
2,2467,1.797
2,2468,2.230
2,2469,1.650
2,2470,1.726
2,2471,1.708
2,2472,2.160
2,2473,1.970
2,2474,1.586
2,2475,1.496
2,2476,1.878
2,2477,1.660
2,2478,2.055
2,2479,1.753
2,2480,1.893
2,2481,2.080
2,2482,1.771
2,2483,1.644
2,2484,1.672
2,2485,1.519
2,2486,1.392
2,2487,1.477
2,2488,1.878
2,2489,1.500
2,2490,1.863
2,2491,2.299
2,2492,1.918
2,2493,2.567
2,2494,2.090
2,2495,1.978
2,2496,1.711
2,2497,2.564
2,2498,3.768
2,2499,2.473
2,2500,2.036
2,2501,2.002
2,2502,2.208
2,2503,3.132
2,2504,3.193
2,2505,3.292
2,2506,2.414
2,2507,1.935
2,2508,1.704
2,2509,2.086
2,2510,2.448
2,2511,3.392
2,2512,2.184
2,2513,2.548
2,2514,2.370
2,2515,2.230
2,2516,2.262
2,2517,2.538
2,2518,2.799
2,2519,2.201
2,2520,2.286
2,2521,2.314
2,2522,2.366
2,2523,2.968
2,2524,2.373
2,2525,2.799
2,2526,2.521
2,2527,2.217
2,2528,2.283
2,2529,2.628
2,2530,2.314
2,2531,2.043
2,2532,2.548
2,2533,1.958
2,2534,2.618
2,2535,2.720
2,2536,3.366
2,2537,2.665
2,2538,2.146
2,2539,2.537
2,2540,2.123
2,2541,1.804
2,2542,1.906
2,2543,2.404
2,2544,2.349
2,2545,2.296
2,2546,2.637
2,2547,2.664
2,2548,1.772
2,2549,1.723
2,2550,2.517
2,2551,2.351
2,2552,1.947
2,2553,2.026
2,2554,1.887
2,2555,2.075
2,2556,2.435
2,2557,2.387
2,2558,2.618
2,2559,2.377
2,2560,2.139
2,2561,1.664
2,2562,1.789
2,2563,2.045
2,2564,1.890
2,2565,2.139
2,2566,1.752
2,2567,1.455
2,2568,1.566
2,2569,1.560
2,2570,1.588
2,2571,1.854
2,2572,1.647
2,2573,2.445
2,2574,2.467
2,2575,1.810
2,2576,1.912
2,2577,1.717
2,2578,1.527
2,2579,1.616
2,2580,1.609
2,2581,1.754
2,2582,2.647
2,2583,1.823
2,2584,1.895
2,2585,1.886
2,2586,1.604
2,2587,1.751
2,2588,1.745
2,2589,1.755
2,2590,1.725
2,2591,2.104
2,2592,2.058
2,2593,1.860
2,2594,1.500
2,2595,1.440
2,2596,1.892
2,2597,1.964
2,2598,2.027
2,2599,2.100
2,2600,2.250
2,2601,1.686
2,2602,1.497
2,2603,1.520
2,2604,1.755
2,2605,1.528
2,2606,1.450
2,2607,1.486
2,2608,1.964
2,2609,2.286
2,2610,2.030
2,2611,1.847
2,2612,2.268
2,2613,1.781
2,2614,1.731
2,2615,1.982
2,2616,2.271
2,2617,1.870
2,2618,1.636
2,2619,2.163
2,2620,1.856
2,2621,1.650
2,2622,1.708
2,2623,1.674
2,2624,1.827
2,2625,1.942
2,2626,1.738
2,2627,1.519
2,2628,1.478
2,2629,1.749
2,2630,1.436
2,2631,1.572
2,2632,1.581
2,2633,1.388
2,2634,2.000
2,2635,2.043
2,2636,1.618
2,2637,2.079
2,2638,1.784
2,2639,2.199
2,2640,1.751
2,2641,1.593
2,2642,1.636
2,2643,1.646
2,2644,1.560
2,2645,1.588
2,2646,1.558
2,2647,1.527
2,2648,1.489
2,2649,1.765
2,2650,1.833
2,2651,1.540
2,2652,1.566
2,2653,1.852
2,2654,1.887
2,2655,2.276
2,2656,1.757
2,2657,1.532
2,2658,1.442
2,2659,1.428
2,2660,1.790
2,2661,1.644
2,2662,2.205
2,2663,2.399
2,2664,2.071
2,2665,2.313
2,2666,2.094
2,2667,1.990
2,2668,1.982
2,2669,2.504
2,2670,2.291
2,2671,2.181
2,2672,2.012
2,2673,1.876
2,2674,1.703
2,2675,1.956
2,2676,1.880
2,2677,2.043
2,2678,2.373
2,2679,2.177
2,2680,2.122
2,2681,1.724
2,2682,1.815
2,2683,1.814
2,2684,1.820
2,2685,2.264
2,2686,1.925
2,2687,1.872
2,2688,1.620
2,2689,1.478
2,2690,1.488
2,2691,2.094
2,2692,1.662
2,2693,1.714
2,2694,2.370
2,2695,2.083
2,2696,1.822
2,2697,2.292
2,2698,1.680
2,2699,1.560
2,2700,1.448
2,2701,1.521
2,2702,1.552
2,2703,1.998
2,2704,1.965
2,2705,1.703
2,2706,1.538
2,2707,2.183
2,2708,1.605
2,2709,1.463
2,2710,1.503
2,2711,1.468
2,2712,1.989
2,2713,1.889
2,2714,1.683
2,2715,1.473
2,2716,1.611
2,2717,1.840
2,2718,1.516
2,2719,2.089
2,2720,1.718
2,2721,1.934
2,2722,1.973
2,2723,1.607
2,2724,1.593
2,2725,1.680
2,2726,1.581
2,2727,1.822
2,2728,1.712
2,2729,1.960
2,2730,5.264
2,2731,3.156
2,2732,2.901
2,2733,2.959
2,2734,2.685
2,2735,2.436
2,2736,2.427
2,2737,2.503
2,2738,2.612
2,2739,2.711
2,2740,3.816
2,2741,2.792
2,2742,2.613
2,2743,4.762
2,2744,3.663
2,2745,3.976
2,2746,2.654
2,2747,3.287
2,2748,2.625
2,2749,2.172
2,2750,2.738
2,2751,2.880
2,2752,1.947
2,2753,2.316
2,2754,2.030
2,2755,1.819
2,2756,2.224
2,2757,2.493
2,2758,3.288
2,2759,3.280
2,2760,2.572
2,2761,2.769
2,2762,2.381
2,2763,3.100
2,2764,2.986
2,2765,2.802
2,2766,2.291
2,2767,2.298
2,2768,1.933
2,2769,3.173
2,2770,2.172
2,2771,1.962
2,2772,2.211
2,2773,2.535
2,2774,2.074
2,2775,2.381
2,2776,2.469
2,2777,2.330
2,2778,2.767
2,2779,2.323
2,2780,2.620
2,2781,2.331
2,2782,2.521
2,2783,2.303
2,2784,2.341
2,2785,2.286
2,2786,2.238
2,2787,2.177
2,2788,2.648
2,2789,2.501
2,2790,2.644
2,2791,2.124
2,2792,2.172
2,2793,2.266
2,2794,2.341
2,2795,3.559
2,2796,3.232
2,2797,2.737
2,2798,3.343
2,2799,2.686
2,2800,2.858
2,2801,3.226
2,2802,3.003
2,2803,2.445
2,2804,2.178
2,2805,2.540
2,2806,2.599
2,2807,2.836
2,2808,3.205
2,2809,2.416
2,2810,2.952
2,2811,2.760
2,2812,3.145
2,2813,2.596
2,2814,2.920
2,2815,2.913
2,2816,2.740
2,2817,2.749
2,2818,3.244
2,2819,2.515
2,2820,2.701
2,2821,2.196
2,2822,2.025
2,2823,2.351
2,2824,2.565
2,2825,2.237
2,2826,2.369
2,2827,2.282
2,2828,2.583
2,2829,2.325
2,2830,2.030
2,2831,2.807
2,2832,2.322
2,2833,2.138
2,2834,2.257
2,2835,2.167
2,2836,2.965
2,2837,2.647
2,2838,2.409
2,2839,2.008
2,2840,2.335
2,2841,2.134
2,2842,1.988
2,2843,1.862
2,2844,2.729
2,2845,2.239
2,2846,1.882
2,2847,2.044
2,2848,1.925
2,2849,2.064
2,2850,2.662
2,2851,3.182
2,2852,2.396
2,2853,2.084
2,2854,1.752
2,2855,1.628
2,2856,1.823
2,2857,2.202
2,2858,2.505
2,2859,2.019
2,2860,2.178
2,2861,2.751
2,2862,2.211
2,2863,2.189
2,2864,1.821
2,2865,1.906
2,2866,2.010
2,2867,1.859
2,2868,1.796
2,2869,1.505
2,2870,2.353
2,2871,1.662
2,2872,1.535
2,2873,1.796
2,2874,2.212
2,2875,2.067
2,2876,1.986
2,2877,1.874
2,2878,1.814
2,2879,2.137
2,2880,1.787
2,2881,1.829
2,2882,2.127
2,2883,2.516
2,2884,2.257
2,2885,2.033
2,2886,1.805
2,2887,1.780
2,2888,2.388
2,2889,1.757
2,2890,1.780
2,2891,1.937
2,2892,1.742
2,2893,1.677
2,2894,1.678
2,2895,1.725
2,2896,1.626
2,2897,1.626
2,2898,2.327
2,2899,2.878
2,2900,2.303
2,2901,1.857
2,2902,1.825
2,2903,1.680
2,2904,1.861
2,2905,1.616
2,2906,1.723
2,2907,2.813
2,2908,2.259
2,2909,2.520
2,2910,1.888
2,2911,1.728
2,2912,1.925
2,2913,1.984
2,2914,2.220
2,2915,3.366
2,2916,4.926
2,2917,2.631
2,2918,1.838
2,2919,1.738
2,2920,1.931
2,2921,2.019
2,2922,2.093
2,2923,1.586
2,2924,1.931
2,2925,2.522
2,2926,2.442
2,2927,2.270
2,2928,1.969
2,2929,1.771
2,2930,1.624
2,2931,2.547
2,2932,1.704
2,2933,1.489
2,2934,1.974
2,2935,2.164
2,2936,2.340
2,2937,2.569
2,2938,2.656
2,2939,4.295
2,2940,2.464
2,2941,1.979
2,2942,2.088
2,2943,2.358
2,2944,2.221
2,2945,2.008
2,2946,2.736
2,2947,1.874
2,2948,1.961
2,2949,2.289
2,2950,2.046
2,2951,2.454
2,2952,2.324
2,2953,2.637
2,2954,2.489
2,2955,2.369
2,2956,2.238
2,2957,2.156
2,2958,1.939
2,2959,1.710
2,2960,1.591
2,2961,1.564
2,2962,1.713
2,2963,2.593
2,2964,1.943
2,2965,1.917
2,2966,1.686
2,2967,1.619
2,2968,2.143
2,2969,1.855
2,2970,1.745
2,2971,1.766
2,2972,4.647
2,2973,2.168
2,2974,2.289
2,2975,2.383
2,2976,2.690
2,2977,3.350
2,2978,2.813
2,2979,2.097
2,2980,2.177
2,2981,1.760
2,2982,1.683
2,2983,1.883
2,2984,2.605
2,2985,2.655
2,2986,2.753
2,2987,2.076
2,2988,1.611
2,2989,1.702
2,2990,1.980
2,2991,2.110
2,2992,2.382
2,2993,2.184
2,2994,2.865
2,2995,2.428
2,2996,2.563
2,2997,3.064
2,2998,3.127
2,2999,2.646
2,3000,2.741
2,3001,2.124
2,3002,2.861
2,3003,4.583
2,3004,2.712
2,3005,2.508
2,3006,2.799
2,3007,2.323
2,3008,3.226
2,3009,3.118
2,3010,2.954
2,3011,2.398
2,3012,2.847
2,3013,2.346
2,3014,2.805
2,3015,2.955
2,3016,3.187
2,3017,3.404
2,3018,3.402
2,3019,4.144
2,3020,3.515
2,3021,3.262
2,3022,3.176
2,3023,3.149
2,3024,2.773
2,3025,2.488
2,3026,2.460
2,3027,2.288
2,3028,2.201
2,3029,2.314
2,3030,2.912
2,3031,2.525
2,3032,2.845
2,3033,2.418
2,3034,2.375
2,3035,2.425
2,3036,2.665
2,3037,3.059
2,3038,2.510
2,3039,2.485
2,3040,2.790
2,3041,2.851
2,3042,2.819
2,3043,2.612
2,3044,3.147
2,3045,2.200
2,3046,1.825
2,3047,1.578
2,3048,2.204
2,3049,1.954
2,3050,1.542
2,3051,1.458
2,3052,1.668
2,3053,2.012
2,3054,2.192
2,3055,1.835
2,3056,2.783
2,3057,3.146
2,3058,2.905
2,3059,2.716
2,3060,2.729
2,3061,2.282
2,3062,2.370
2,3063,2.624
2,3064,2.313
2,3065,2.120
2,3066,2.267
2,3067,2.308
2,3068,1.990
2,3069,2.070
2,3070,2.392
2,3071,2.092
2,3072,1.776
2,3073,2.462
2,3074,2.279
2,3075,2.873
2,3076,2.323
2,3077,2.369
2,3078,2.168
2,3079,2.550
2,3080,2.398
2,3081,2.275
2,3082,2.625
2,3083,2.442
2,3084,2.071
2,3085,1.821
2,3086,1.582
2,3087,1.431
2,3088,1.679
2,3089,1.905
2,3090,1.550
2,3091,2.136
2,3092,1.740
2,3093,1.690
2,3094,1.734
2,3095,1.596
2,3096,1.502
2,3097,1.810
2,3098,1.965
2,3099,1.604
2,3100,2.101
2,3101,2.613
2,3102,2.077
2,3103,1.767
2,3104,1.857
2,3105,1.959
2,3106,1.720
2,3107,1.692
2,3108,1.899
2,3109,1.961
2,3110,2.214
2,3111,1.864
2,3112,1.805
2,3113,1.668
2,3114,1.513
2,3115,1.639
2,3116,2.162
2,3117,1.645
2,3118,2.253
2,3119,2.463
2,3120,1.857
2,3121,1.746
2,3122,1.538
2,3123,1.786
2,3124,1.721
2,3125,1.618
2,3126,1.966
2,3127,2.565
2,3128,2.538
2,3129,2.023
2,3130,2.062
2,3131,1.941
2,3132,1.646
2,3133,1.816
2,3134,1.988
2,3135,1.884
2,3136,1.898
2,3137,2.391
2,3138,2.205
2,3139,1.734
2,3140,1.739
2,3141,1.808
2,3142,1.565
2,3143,2.001
2,3144,1.916
2,3145,1.783
2,3146,1.805
2,3147,1.737
2,3148,1.942
2,3149,1.676
2,3150,1.587
2,3151,2.273
2,3152,2.901
2,3153,2.081
2,3154,2.391
2,3155,2.795
2,3156,2.249
2,3157,2.243
2,3158,2.051
2,3159,1.653
2,3160,1.462
2,3161,1.847
2,3162,1.846
2,3163,1.513
2,3164,2.132
2,3165,1.807
2,3166,2.219
2,3167,1.990
2,3168,1.703
2,3169,1.802
2,3170,1.705
2,3171,1.512
2,3172,1.799
2,3173,2.351
2,3174,2.311
2,3175,2.910
2,3176,2.695
2,3177,2.856
2,3178,2.729
2,3179,2.543
2,3180,2.990
2,3181,1.945
2,3182,1.729
2,3183,1.602
2,3184,1.589
2,3185,1.748
2,3186,1.626
2,3187,1.454
2,3188,1.791
2,3189,1.900
2,3190,1.982
2,3191,1.959
2,3192,1.810
2,3193,1.612
2,3194,1.612
2,3195,1.561
2,3196,1.624
2,3197,2.441
2,3198,2.174
2,3199,2.098
2,3200,1.993
2,3201,1.904
2,3202,2.212
2,3203,2.130
2,3204,2.486
2,3205,2.438
2,3206,2.530
2,3207,2.636
2,3208,1.780
2,3209,1.701
2,3210,1.483
2,3211,1.953
2,3212,2.268
2,3213,2.363
2,3214,2.021
2,3215,2.219
2,3216,2.684
2,3217,1.955
2,3218,2.317
2,3219,2.478
2,3220,2.033
2,3221,1.740
2,3222,2.056
2,3223,2.094
2,3224,2.529
2,3225,2.702
2,3226,2.789
2,3227,2.600
2,3228,2.544
2,3229,2.246
2,3230,2.102
2,3231,2.577
2,3232,2.014
2,3233,1.941
2,3234,1.773
2,3235,1.700
2,3236,1.648
2,3237,1.472
2,3238,1.750
2,3239,1.802
2,3240,1.602
2,3241,2.220
2,3242,1.806
2,3243,1.539
2,3244,1.700
2,3245,1.701
2,3246,1.609
2,3247,1.543
2,3248,1.564
2,3249,1.783
2,3250,2.465
2,3251,2.112
2,3252,1.723
2,3253,1.788
2,3254,1.765
2,3255,1.738
2,3256,1.669
2,3257,1.482
2,3258,1.787
2,3259,1.791
2,3260,1.732
2,3261,2.393
2,3262,1.801
2,3263,1.618
2,3264,1.571
2,3265,1.530
2,3266,1.577
2,3267,1.874
2,3268,1.949
2,3269,1.769
2,3270,1.712
2,3271,1.808
2,3272,1.677
2,3273,1.804
2,3274,1.628
2,3275,1.488
2,3276,1.511
2,3277,2.009
2,3278,2.454
2,3279,1.780
2,3280,1.616
2,3281,2.859
2,3282,1.739
2,3283,1.760
2,3284,2.070
2,3285,2.334
2,3286,1.746
2,3287,1.434
2,3288,1.635
2,3289,1.737
2,3290,1.769
2,3291,1.559
2,3292,1.677
2,3293,1.954
2,3294,2.003
2,3295,1.706
2,3296,1.677
2,3297,1.625
2,3298,1.529
2,3299,1.467
2,3300,2.459
2,3301,1.860
2,3302,2.409
2,3303,2.014
2,3304,1.693
2,3305,2.050
2,3306,1.784
2,3307,1.886
2,3308,1.897
2,3309,2.378
2,3310,4.011
2,3311,2.222
2,3312,1.958
2,3313,1.773
2,3314,1.824
2,3315,1.630
2,3316,2.132
2,3317,2.682
2,3318,1.881
2,3319,1.959
2,3320,2.085
2,3321,2.367
2,3322,1.768
2,3323,1.564
2,3324,2.644
2,3325,2.075
2,3326,1.692
2,3327,1.922
2,3328,1.637
2,3329,2.023
2,3330,1.899
2,3331,1.835
2,3332,2.302
2,3333,2.132
2,3334,2.901
2,3335,1.912
2,3336,1.860
2,3337,1.934
2,3338,1.909
2,3339,2.088
2,3340,2.719
2,3341,2.346
2,3342,3.252
2,3343,2.426
2,3344,2.034
2,3345,2.139
2,3346,2.519
2,3347,2.711
2,3348,1.867
2,3349,3.110
2,3350,2.168
2,3351,2.614
2,3352,2.395
2,3353,2.382
2,3354,2.257
2,3355,2.130
2,3356,2.469
2,3357,2.091
2,3358,2.127
2,3359,2.033
2,3360,2.584
2,3361,2.555
2,3362,2.356
2,3363,2.332
2,3364,2.994
2,3365,1.957
2,3366,2.276
2,3367,2.512
2,3368,2.651
2,3369,2.650
2,3370,2.544
2,3371,3.247
2,3372,2.699
2,3373,2.586
2,3374,2.479
2,3375,2.364
2,3376,2.260
2,3377,2.306
2,3378,2.567
2,3379,2.657
2,3380,2.728
2,3381,2.412
2,3382,2.379
2,3383,2.369
2,3384,2.230
2,3385,2.694
2,3386,2.966
2,3387,2.591
2,3388,2.291
2,3389,1.966
2,3390,2.247
2,3391,2.183
2,3392,3.247
2,3393,2.384
2,3394,2.503
2,3395,2.089
2,3396,2.208
2,3397,2.485
2,3398,2.333
2,3399,2.651
2,3400,2.325
2,3401,2.203
2,3402,2.030
2,3403,2.111
2,3404,2.276
2,3405,2.371
2,3406,2.371
2,3407,2.746
2,3408,2.228
2,3409,2.360
2,3410,2.056
2,3411,2.232
2,3412,2.547
2,3413,2.802
2,3414,2.769
2,3415,2.696
2,3416,2.262
2,3417,2.395
2,3418,2.834
2,3419,2.396
2,3420,2.519
2,3421,2.844
2,3422,2.399
2,3423,2.411
2,3424,3.052
2,3425,2.876
2,3426,2.341
2,3427,2.387
2,3428,2.591
2,3429,2.160
2,3430,1.719
2,3431,2.724
2,3432,2.055
2,3433,2.359
2,3434,2.059
2,3435,2.015
2,3436,2.466
2,3437,2.084
2,3438,2.853
2,3439,2.248
2,3440,2.080
2,3441,1.856
2,3442,1.836
2,3443,1.794
2,3444,2.260
2,3445,1.844
2,3446,1.987
2,3447,2.484
2,3448,2.162
2,3449,1.821
2,3450,1.740
2,3451,1.792
2,3452,1.914
2,3453,1.932
2,3454,2.344
2,3455,4.161
2,3456,2.739
2,3457,1.770
2,3458,1.685
2,3459,1.675
2,3460,2.227
2,3461,2.830
2,3462,1.901
2,3463,2.219
2,3464,2.036
2,3465,2.014
2,3466,2.179
2,3467,2.724
2,3468,2.489
2,3469,2.930
2,3470,2.622
2,3471,2.156
2,3472,2.196
2,3473,2.545
2,3474,2.818
2,3475,2.415
2,3476,2.756
2,3477,2.707
2,3478,2.230
2,3479,2.102
2,3480,2.485
2,3481,2.447
2,3482,2.138
2,3483,2.282
2,3484,1.791
2,3485,1.534
2,3486,1.563
2,3487,1.909
2,3488,2.533
2,3489,2.625
2,3490,2.640
2,3491,2.958
2,3492,2.257
2,3493,2.516
2,3494,2.526
2,3495,2.751
2,3496,2.365
2,3497,2.092
2,3498,2.351
2,3499,2.683
2,3500,1.924
2,3501,2.036
2,3502,2.585
2,3503,2.163
2,3504,2.201
2,3505,2.208
2,3506,2.345
2,3507,1.854
2,3508,2.455
2,3509,2.149
2,3510,1.758
2,3511,1.790
2,3512,1.750
2,3513,1.638
2,3514,1.508
2,3515,2.197
2,3516,1.792
2,3517,2.218
2,3518,2.556
2,3519,2.418
2,3520,2.116
2,3521,1.936
2,3522,1.898
2,3523,2.623
2,3524,2.151
2,3525,2.400
2,3526,1.965
2,3527,1.855
2,3528,2.211
2,3529,2.381
2,3530,4.699
2,3531,2.820
2,3532,1.588
2,3533,1.793
2,3534,1.751
2,3535,1.531
2,3536,1.632
2,3537,1.932
2,3538,1.844
2,3539,1.921
2,3540,2.007
2,3541,2.039
2,3542,1.934
2,3543,1.523
2,3544,1.677
2,3545,1.896
2,3546,1.693
2,3547,2.434
2,3548,2.220
2,3549,2.535
2,3550,1.948
2,3551,1.807
2,3552,2.024
2,3553,1.652
2,3554,1.573
2,3555,1.795
2,3556,1.926
2,3557,1.834
2,3558,1.887
2,3559,1.808
2,3560,1.867
2,3561,1.654
2,3562,1.647
2,3563,2.027
2,3564,1.897
2,3565,1.697
2,3566,1.564
2,3567,1.692
2,3568,2.141
2,3569,1.712
2,3570,1.490
2,3571,1.835
2,3572,1.847
2,3573,2.324
2,3574,2.103
2,3575,2.447
2,3576,2.881
2,3577,2.724
2,3578,2.235
2,3579,2.045
2,3580,2.110
2,3581,1.810
2,3582,1.630
2,3583,1.735
2,3584,1.772
2,3585,1.657
2,3586,1.842
2,3587,1.556
2,3588,2.297
2,3589,2.511
2,3590,2.426
2,3591,2.386
2,3592,2.180
2,3593,2.102
2,3594,3.163
2,3595,2.356
2,3596,2.463
2,3597,2.322
2,3598,1.665
2,3599,1.637
2,3600,1.807
2,3601,1.958
2,3602,2.698
2,3603,2.332
2,3604,2.031
2,3605,1.622
2,3606,1.558
2,3607,1.884
2,3608,1.704
2,3609,1.631
2,3610,1.563
2,3611,2.738
2,3612,2.587
2,3613,2.108
2,3614,2.356
2,3615,2.047
2,3616,1.689
2,3617,1.730
2,3618,2.053
2,3619,2.252
2,3620,1.683
2,3621,2.199
2,3622,1.921
2,3623,1.656
2,3624,1.781
2,3625,1.997
2,3626,2.196
2,3627,2.327
2,3628,2.448
2,3629,1.830
2,3630,1.518
2,3631,1.522
2,3632,2.015
2,3633,1.597
2,3634,1.806
2,3635,2.505
2,3636,2.250
2,3637,2.527
2,3638,2.055
2,3639,2.158
2,3640,1.878
2,3641,2.609
2,3642,2.526
2,3643,2.033
2,3644,2.057
2,3645,3.464
2,3646,2.235
2,3647,2.165
2,3648,3.013
2,3649,2.031
2,3650,2.241
2,3651,2.085
2,3652,2.293
2,3653,1.970
2,3654,2.172
2,3655,2.654
2,3656,2.095
2,3657,1.890
2,3658,1.586
2,3659,1.888
2,3660,1.838
2,3661,2.085
2,3662,1.621
2,3663,1.560
2,3664,2.443
2,3665,1.869
2,3666,1.438
2,3667,1.475
2,3668,1.823
2,3669,1.692
2,3670,1.871
2,3671,2.448
2,3672,2.559
2,3673,2.473
2,3674,2.070
2,3675,2.013
2,3676,1.634
2,3677,1.519
2,3678,1.699
2,3679,1.628
2,3680,2.719
2,3681,2.068
2,3682,2.098
2,3683,2.052
2,3684,1.703
2,3685,2.073
2,3686,1.733
2,3687,1.553
2,3688,1.776
2,3689,2.481
2,3690,1.986
2,3691,1.560
2,3692,1.501
2,3693,1.865
2,3694,1.703
2,3695,1.994
2,3696,2.182
2,3697,2.510
2,3698,2.536
2,3699,2.024
2,3700,2.148
2,3701,1.853
2,3702,1.599
2,3703,1.705
2,3704,1.776
2,3705,2.138
2,3706,1.839
2,3707,2.114
2,3708,1.778
2,3709,1.612
2,3710,1.729
2,3711,2.100
2,3712,1.723
2,3713,2.135
2,3714,1.913
2,3715,1.710
2,3716,1.960
2,3717,1.743
2,3718,1.906
2,3719,1.982
2,3720,1.596
2,3721,1.898
2,3722,2.426
2,3723,1.773
2,3724,1.680
2,3725,2.296
2,3726,1.987
2,3727,1.782
2,3728,1.602
2,3729,2.300
2,3730,2.115
2,3731,1.737
2,3732,1.914
2,3733,1.647
2,3734,1.772
2,3735,1.538
2,3736,1.834
2,3737,1.989
2,3738,1.879
2,3739,1.515
2,3740,1.764
2,3741,1.588
2,3742,1.454
2,3743,1.544
2,3744,2.136
2,3745,1.652
2,3746,1.611
2,3747,1.905
2,3748,2.090
2,3749,2.397
2,3750,1.883
2,3751,1.935
2,3752,1.811
2,3753,1.762
2,3754,1.570
2,3755,1.779
2,3756,2.108
2,3757,1.614
2,3758,1.461
2,3759,1.458
2,3760,1.792
2,3761,1.577
2,3762,1.457
2,3763,1.477
2,3764,2.085
2,3765,2.840
2,3766,1.846
2,3767,1.703
2,3768,1.856
2,3769,1.607
2,3770,1.422
2,3771,1.677
2,3772,1.695
2,3773,1.995
2,3774,2.558
2,3775,2.249
2,3776,2.595
2,3777,2.211
2,3778,2.196
2,3779,1.774
2,3780,1.447
2,3781,2.583
2,3782,2.157
2,3783,1.701
2,3784,1.589
2,3785,1.638
2,3786,1.753
2,3787,1.621
2,3788,1.395
2,3789,1.667
2,3790,2.297
2,3791,2.632
2,3792,2.370
2,3793,2.545
2,3794,2.347
2,3795,2.035
2,3796,2.290
2,3797,2.151
2,3798,2.429
2,3799,2.383
2,3800,2.444
2,3801,2.118
2,3802,2.014
2,3803,1.874
2,3804,2.162
2,3805,2.408
2,3806,1.835
2,3807,2.205
2,3808,2.073
2,3809,1.872
2,3810,1.915
2,3811,2.076
2,3812,2.265
2,3813,1.689
2,3814,1.617
2,3815,1.943
2,3816,1.871
2,3817,1.521
2,3818,1.529
2,3819,1.582
2,3820,1.527
2,3821,1.985
2,3822,1.996
2,3823,2.203
2,3824,1.775
2,3825,1.444
2,3826,2.673
2,3827,1.815
2,3828,1.893
2,3829,2.453
2,3830,1.944
2,3831,1.946
2,3832,1.599
2,3833,1.522
2,3834,1.643
2,3835,1.809
2,3836,1.500
2,3837,1.476
2,3838,1.929
2,3839,1.576
2,3840,1.607
2,3841,1.522
2,3842,1.595
2,3843,1.742
2,3844,1.655
2,3845,1.443
2,3846,2.069
2,3847,1.846
2,3848,1.855
2,3849,1.731
2,3850,1.584
2,3851,1.570
2,3852,1.588
2,3853,1.517
2,3854,1.551
2,3855,2.218
2,3856,2.463
2,3857,2.824
2,3858,2.858
2,3859,2.632
2,3860,2.337
2,3861,2.232
2,3862,1.993
2,3863,2.827
2,3864,2.169
2,3865,1.810
2,3866,1.640
2,3867,1.645
2,3868,1.831
2,3869,1.663
2,3870,1.450
2,3871,1.622
2,3872,1.726
2,3873,2.267
2,3874,2.133
2,3875,1.734
2,3876,1.512
2,3877,1.923
2,3878,2.054
2,3879,2.487
2,3880,2.987
2,3881,2.862
2,3882,2.223
2,3883,2.188
2,3884,1.869
2,3885,1.720
2,3886,1.587
2,3887,1.813
2,3888,2.115
2,3889,1.723
2,3890,2.342
2,3891,1.582
2,3892,1.525
2,3893,1.540
2,3894,1.838
2,3895,1.730
2,3896,1.814
2,3897,1.721
2,3898,1.542
2,3899,1.543
2,3900,2.244
2,3901,1.511
2,3902,1.418
2,3903,1.562
2,3904,1.764
2,3905,1.788
2,3906,2.234
2,3907,1.732
2,3908,2.123
2,3909,1.918
2,3910,1.981
2,3911,1.960
2,3912,2.087
2,3913,1.943
2,3914,1.654
2,3915,1.783
2,3916,1.876
2,3917,1.474
2,3918,1.372
2,3919,1.687
2,3920,2.034
2,3921,1.852
2,3922,1.915
2,3923,1.904
2,3924,1.674
2,3925,1.504
2,3926,1.377
2,3927,1.700
2,3928,1.858
2,3929,1.517
2,3930,1.977
2,3931,2.101
2,3932,1.769
2,3933,2.196
2,3934,1.889
2,3935,1.979
2,3936,1.856
2,3937,1.633
2,3938,1.851
2,3939,2.627
2,3940,1.866
2,3941,1.818
2,3942,1.841
2,3943,1.753
2,3944,1.660
2,3945,1.499
2,3946,1.818
2,3947,2.195
2,3948,3.111
2,3949,2.492
2,3950,1.899
2,3951,1.684
2,3952,2.010
2,3953,2.118
2,3954,2.172
2,3955,2.710
2,3956,2.644
2,3957,2.527
2,3958,2.394
2,3959,2.192
2,3960,2.269
2,3961,2.882
2,3962,2.071
2,3963,2.800
2,3964,2.333
2,3965,2.089
2,3966,2.353
2,3967,2.607
2,3968,1.980
2,3969,1.943
2,3970,2.411
2,3971,2.722
2,3972,2.171
2,3973,2.362
2,3974,2.353
2,3975,1.898
2,3976,2.155
2,3977,2.200
2,3978,1.807
2,3979,3.136
2,3980,2.028
2,3981,3.250
2,3982,2.459
2,3983,2.218
2,3984,2.197
2,3985,2.288
2,3986,2.438
2,3987,2.872
2,3988,2.369
2,3989,2.125
2,3990,2.000
2,3991,2.344
2,3992,2.182
2,3993,1.903
2,3994,3.388
2,3995,2.260
2,3996,2.054
2,3997,2.086
2,3998,2.189
2,3999,2.258
2,4000,2.778
2,4001,2.637
2,4002,2.342
2,4003,2.169
2,4004,2.115
2,4005,2.280
2,4006,2.114
2,4007,2.052
2,4008,2.284
2,4009,2.746
2,4010,2.179
2,4011,2.164
2,4012,2.290
2,4013,2.603
2,4014,2.574
2,4015,2.278
2,4016,2.354
2,4017,2.483
2,4018,2.275
2,4019,2.402
2,4020,2.665
2,4021,2.893
2,4022,2.274
2,4023,2.937
2,4024,2.290
2,4025,2.548
2,4026,2.645
2,4027,2.540
2,4028,2.315
2,4029,2.321
2,4030,3.301
2,4031,2.434
2,4032,2.325
2,4033,2.944
2,4034,2.588
2,4035,2.455
2,4036,2.668
2,4037,2.994
2,4038,2.893
2,4039,2.974
2,4040,3.306
2,4041,2.754
2,4042,2.693
2,4043,3.187
2,4044,2.982
2,4045,2.363
2,4046,2.314
2,4047,2.326
2,4048,2.305
2,4049,2.390
2,4050,3.097
2,4051,2.557
2,4052,2.421
2,4053,1.999
2,4054,2.036
2,4055,2.160
2,4056,2.128
2,4057,2.068
2,4058,2.783
2,4059,2.274
2,4060,2.366
2,4061,2.109
2,4062,2.075
2,4063,1.973
2,4064,1.870
2,4065,2.298
2,4066,2.454
2,4067,2.077
2,4068,1.729
2,4069,1.729
2,4070,1.935
2,4071,1.789
2,4072,1.727
2,4073,2.334
2,4074,2.232
2,4075,2.369
2,4076,1.873
2,4077,1.866
2,4078,1.682
2,4079,1.460
2,4080,1.636
2,4081,1.698
2,4082,2.165
2,4083,1.865
2,4084,1.630
2,4085,1.926
2,4086,2.169
2,4087,1.623
2,4088,1.715
2,4089,1.803
2,4090,1.895
2,4091,2.050
2,4092,1.716
2,4093,1.998
2,4094,1.994
2,4095,1.505
2,4096,1.566
2,4097,1.699
2,4098,1.471
2,4099,1.821
2,4100,1.759
2,4101,1.763
2,4102,1.968
2,4103,1.709
2,4104,1.716
2,4105,1.651
2,4106,1.529
2,4107,1.445
2,4108,1.629
2,4109,2.302
2,4110,1.746
2,4111,1.810
2,4112,1.728
2,4113,1.726
2,4114,2.475
2,4115,1.601
2,4116,1.806
2,4117,2.251
2,4118,1.786
2,4119,1.761
2,4120,1.790
2,4121,1.715
2,4122,1.525
2,4123,1.699
2,4124,1.507
2,4125,1.792
2,4126,2.730
2,4127,2.339
2,4128,2.061
2,4129,2.045
2,4130,2.057
2,4131,2.048
2,4132,2.745
2,4133,2.759
2,4134,2.543
2,4135,2.474
2,4136,2.564
2,4137,1.980
2,4138,2.538
2,4139,2.616
2,4140,2.154
2,4141,1.975
2,4142,2.182
2,4143,2.032
2,4144,1.982
2,4145,1.847
2,4146,2.192
2,4147,2.930
2,4148,2.253
2,4149,2.412
2,4150,2.279
2,4151,2.236
2,4152,2.317
2,4153,2.148
2,4154,2.160
2,4155,3.340
2,4156,2.459
2,4157,1.997
2,4158,2.043
2,4159,2.168
2,4160,2.709
2,4161,1.987
2,4162,2.271
2,4163,2.157
2,4164,2.880
2,4165,2.026
2,4166,3.295
2,4167,3.048
2,4168,2.679
2,4169,2.408
2,4170,1.813
2,4171,1.709
2,4172,2.342
2,4173,2.152
2,4174,2.197
2,4175,2.568
2,4176,2.709
2,4177,2.319
2,4178,1.984
2,4179,2.319
2,4180,1.850
2,4181,2.527
2,4182,2.227
2,4183,2.123
2,4184,2.051
2,4185,2.417
2,4186,2.497
2,4187,2.686
2,4188,2.046
2,4189,1.826
2,4190,1.986
2,4191,1.930
2,4192,1.817
2,4193,2.009
2,4194,3.053
2,4195,2.137
2,4196,1.697
2,4197,1.851
2,4198,1.843
2,4199,1.709
2,4200,1.843
2,4201,1.781
2,4202,3.007
2,4203,2.009
2,4204,2.431
2,4205,4.034
2,4206,2.525
2,4207,2.024
2,4208,2.248
2,4209,2.641
2,4210,1.989
2,4211,1.699
2,4212,1.566
2,4213,1.482
2,4214,1.531
2,4215,1.381
2,4216,1.440
2,4217,1.678
2,4218,2.099
2,4219,2.491
2,4220,1.613
2,4221,1.529
2,4222,1.573
2,4223,1.395
2,4224,1.344
2,4225,1.538
2,4226,1.623
2,4227,1.744
2,4228,1.715
2,4229,1.751
2,4230,2.145
2,4231,2.249
2,4232,1.579
2,4233,1.612
2,4234,1.814
2,4235,1.892
2,4236,2.185
2,4237,1.858
2,4238,1.652
2,4239,1.861
2,4240,1.470
2,4241,1.401
2,4242,1.712
2,4243,1.609
2,4244,1.420
2,4245,1.928
2,4246,1.713
2,4247,1.516
2,4248,1.743
2,4249,1.597
2,4250,2.012
2,4251,1.586
2,4252,1.482
2,4253,1.349
2,4254,1.628
2,4255,2.543
2,4256,1.607
2,4257,1.531
2,4258,1.613
2,4259,1.513
2,4260,2.855
2,4261,1.761
2,4262,2.149
2,4263,2.284
2,4264,1.909
2,4265,1.852
2,4266,1.659
2,4267,1.620
2,4268,1.923
2,4269,2.242
2,4270,2.806
2,4271,2.631
2,4272,2.001
2,4273,1.574
2,4274,1.660
2,4275,1.752
2,4276,2.028
2,4277,3.181
2,4278,2.203
2,4279,2.309
2,4280,1.977
2,4281,1.957
2,4282,1.869
2,4283,1.564
2,4284,2.112
2,4285,2.381
2,4286,2.100
2,4287,2.040
2,4288,1.800
2,4289,1.861
2,4290,1.583
2,4291,1.571
2,4292,1.793
2,4293,1.782
2,4294,1.893
2,4295,1.834
2,4296,1.693
2,4297,1.601
2,4298,1.493
2,4299,1.468
2,4300,1.494
2,4301,1.636
2,4302,1.494
2,4303,1.393
2,4304,1.441
2,4305,1.998
2,4306,2.190
2,4307,1.989
2,4308,1.559
2,4309,1.683
2,4310,1.918
2,4311,1.676
2,4312,2.005
2,4313,2.336
2,4314,3.059
2,4315,2.325
2,4316,2.353
2,4317,2.177
2,4318,2.074
2,4319,2.351
2,4320,2.387
2,4321,2.716
2,4322,1.931
2,4323,1.591
2,4324,1.444
2,4325,1.562
2,4326,1.976
2,4327,1.754
2,4328,1.436
2,4329,1.671
2,4330,1.903
2,4331,1.998
2,4332,1.716
2,4333,1.532
2,4334,1.703
2,4335,1.621
2,4336,1.479
2,4337,1.419
2,4338,2.390
2,4339,1.879
2,4340,1.585
2,4341,1.975
2,4342,2.197
2,4343,2.085
2,4344,1.796
2,4345,1.837
2,4346,2.049
2,4347,2.179
2,4348,2.446
2,4349,2.227
2,4350,2.474
2,4351,1.872
2,4352,2.377
2,4353,2.164
2,4354,2.324
2,4355,2.312
2,4356,1.755
2,4357,1.901
2,4358,2.632
2,4359,2.005
2,4360,1.889
2,4361,2.653
2,4362,2.696
2,4363,2.217
2,4364,2.456
2,4365,2.036
2,4366,2.802
2,4367,2.626
2,4368,2.179
2,4369,2.204
2,4370,2.700
2,4371,2.364
2,4372,2.236
2,4373,2.850
2,4374,2.290
2,4375,1.865
2,4376,1.968
2,4377,1.650
2,4378,1.455
2,4379,1.473
2,4380,1.582
2,4381,1.450
2,4382,1.366
2,4383,1.802
2,4384,2.160
2,4385,2.388
2,4386,1.776
2,4387,1.724
2,4388,2.159
2,4389,2.047
2,4390,2.380
2,4391,3.028
2,4392,2.729
2,4393,2.119
2,4394,2.226
2,4395,2.167
2,4396,1.847
2,4397,1.915
2,4398,2.022
2,4399,2.648
2,4400,2.622
2,4401,1.800
2,4402,1.547
2,4403,1.480
2,4404,1.860
2,4405,1.531
2,4406,1.376
2,4407,2.647
2,4408,2.768
2,4409,3.413
2,4410,2.423
2,4411,1.917
2,4412,1.507
2,4413,1.634
2,4414,2.319
2,4415,1.754
2,4416,1.588
2,4417,1.657
2,4418,1.930
2,4419,1.812
2,4420,1.489
2,4421,1.559
2,4422,1.781
2,4423,1.795
2,4424,1.737
2,4425,2.027
2,4426,1.861
2,4427,1.527
2,4428,1.758
2,4429,2.051
2,4430,2.057
2,4431,1.610
2,4432,1.802
2,4433,2.973
2,4434,2.200
2,4435,2.711
2,4436,3.067
2,4437,2.276
2,4438,2.628
2,4439,2.281
2,4440,2.114
2,4441,2.106
2,4442,1.721
2,4443,1.573
2,4444,1.917
2,4445,1.814
2,4446,1.799
2,4447,1.538
2,4448,1.484
2,4449,2.003
2,4450,1.812
2,4451,1.451
2,4452,1.446
2,4453,1.664
2,4454,1.848
2,4455,2.248
2,4456,2.183
2,4457,1.921
2,4458,1.821
2,4459,1.523
2,4460,1.566
2,4461,2.007
2,4462,1.544
2,4463,1.651
2,4464,2.378
2,4465,2.120
2,4466,2.210
2,4467,1.667
2,4468,1.827
2,4469,1.609
2,4470,1.406
2,4471,1.538
2,4472,1.801
2,4473,2.555
2,4474,2.699
2,4475,2.250
2,4476,2.106
2,4477,2.400
2,4478,2.116
2,4479,1.848
2,4480,2.059
2,4481,1.968
2,4482,2.173
2,4483,1.574
2,4484,1.519
2,4485,1.553
2,4486,2.182
2,4487,1.827
2,4488,1.936
2,4489,2.348
2,4490,1.889
2,4491,2.507
2,4492,1.971
2,4493,1.951
2,4494,1.585
2,4495,1.522
2,4496,2.101
2,4497,2.309
2,4498,1.957
2,4499,1.915
2,4500,2.533
2,4501,2.136
2,4502,1.886
2,4503,2.480
2,4504,2.417
2,4505,2.179
2,4506,2.192
2,4507,1.799
2,4508,2.918
2,4509,2.366
2,4510,2.751
2,4511,2.238
2,4512,2.392
2,4513,1.920
2,4514,1.887
2,4515,2.066
2,4516,2.232
2,4517,2.379
2,4518,2.287
2,4519,1.922
2,4520,1.447
2,4521,1.386
2,4522,1.738
2,4523,1.563
2,4524,1.588
2,4525,1.763
2,4526,2.767
2,4527,2.094
2,4528,1.644
2,4529,1.531
2,4530,1.993
2,4531,1.602
2,4532,1.370
2,4533,1.500
2,4534,1.853
2,4535,1.877
2,4536,2.763
2,4537,1.904
2,4538,1.949
2,4539,1.803
2,4540,1.690
2,4541,1.828
2,4542,1.748
2,4543,1.977
2,4544,2.010
2,4545,2.150
2,4546,1.661
2,4547,1.590
2,4548,1.537
2,4549,1.745
2,4550,1.500
2,4551,1.417
2,4552,2.046
2,4553,2.049
2,4554,1.589
2,4555,1.813
2,4556,1.539
2,4557,1.575
2,4558,1.757
2,4559,1.512
2,4560,1.373
2,4561,1.688
2,4562,2.208
2,4563,1.925
2,4564,2.381
2,4565,2.250
2,4566,1.805
2,4567,1.641
2,4568,1.709
2,4569,1.827
2,4570,1.972
2,4571,1.860
2,4572,1.753
2,4573,1.522
2,4574,1.538
2,4575,2.085
2,4576,1.567
2,4577,1.532
2,4578,1.515
2,4579,1.424
2,4580,2.005
2,4581,1.831
2,4582,1.452
2,4583,1.411
2,4584,1.543
2,4585,1.465
2,4586,2.148
2,4587,1.648
2,4588,1.471
2,4589,2.158
2,4590,2.411
2,4591,1.885
2,4592,2.517
2,4593,2.001
2,4594,1.902
2,4595,2.378
2,4596,2.048
2,4597,2.093
2,4598,1.939
2,4599,2.057
2,4600,1.787
2,4601,1.813
2,4602,2.037
2,4603,1.712
2,4604,2.911
2,4605,2.401
2,4606,2.475
2,4607,2.183
2,4608,2.528
2,4609,2.168
2,4610,2.465
2,4611,3.251
2,4612,2.273
2,4613,1.909
2,4614,2.222
2,4615,2.497
2,4616,2.092
2,4617,2.490
2,4618,2.664
2,4619,2.199
2,4620,2.199
2,4621,1.916
2,4622,2.009
2,4623,2.102
2,4624,1.845
2,4625,2.227
2,4626,2.723
2,4627,2.063
2,4628,2.461
2,4629,2.310
2,4630,2.118
2,4631,2.107
2,4632,2.257
2,4633,2.042
2,4634,2.397
2,4635,2.157
2,4636,2.027
2,4637,2.601
2,4638,2.466
2,4639,2.375
2,4640,2.173
2,4641,2.183
2,4642,2.495
2,4643,2.118
2,4644,2.174
2,4645,2.270
2,4646,2.364
2,4647,2.585
2,4648,2.277
2,4649,2.166
2,4650,2.779
2,4651,2.161
2,4652,2.259
2,4653,2.230
2,4654,2.482
2,4655,2.195
2,4656,2.399
2,4657,2.289
2,4658,3.287
2,4659,2.917
2,4660,2.452
2,4661,2.311
2,4662,2.749
2,4663,2.997
2,4664,3.490
2,4665,2.934
2,4666,2.200
2,4667,2.074
2,4668,1.952
2,4669,2.100
2,4670,2.254
2,4671,2.506
2,4672,2.949
2,4673,2.894
2,4674,2.779
2,4675,2.786
2,4676,2.755
2,4677,3.522
2,4678,2.427
2,4679,2.364
2,4680,2.190
2,4681,2.232
2,4682,1.985
2,4683,2.061
2,4684,2.903
2,4685,1.915
2,4686,1.829
2,4687,1.721
2,4688,1.745
2,4689,1.712
2,4690,1.799
2,4691,1.881
2,4692,1.866
2,4693,2.068
2,4694,1.847
2,4695,1.729
2,4696,1.732
2,4697,1.714
2,4698,1.744
2,4699,1.791
2,4700,1.752
2,4701,1.925
2,4702,2.757
2,4703,2.252
2,4704,2.077
2,4705,2.050
2,4706,1.964
2,4707,1.870
2,4708,1.746
2,4709,2.153
2,4710,2.388
2,4711,2.396
2,4712,3.097
2,4713,2.152
2,4714,2.162
2,4715,2.293
2,4716,2.498
2,4717,2.235
2,4718,1.933
2,4719,1.485
2,4720,2.135
2,4721,1.779
2,4722,1.584
2,4723,1.639
2,4724,1.732
2,4725,2.599
2,4726,2.558
2,4727,2.141
2,4728,2.425
2,4729,2.720
2,4730,2.181
2,4731,2.249
2,4732,2.100
2,4733,1.822
2,4734,2.287
2,4735,2.198
2,4736,2.024
2,4737,2.547
2,4738,1.911
2,4739,2.114
2,4740,1.799
2,4741,1.905
2,4742,1.713
2,4743,1.441
2,4744,1.639
2,4745,1.835
2,4746,1.843
2,4747,1.463
2,4748,1.786
2,4749,1.955
2,4750,2.238
2,4751,1.676
2,4752,1.761
2,4753,2.004
2,4754,1.711
2,4755,1.543
2,4756,2.956
2,4757,1.969
2,4758,1.628
2,4759,1.661
2,4760,1.963
2,4761,1.801
2,4762,1.474
2,4763,1.445
2,4764,1.741
2,4765,2.142
2,4766,2.118
2,4767,1.973
2,4768,2.166
2,4769,2.053
2,4770,1.666
2,4771,1.772
2,4772,1.567
2,4773,1.698
2,4774,1.881
2,4775,2.286
2,4776,1.684
2,4777,2.249
2,4778,2.195
2,4779,2.189
2,4780,1.797
2,4781,2.076
2,4782,2.261
2,4783,1.935
2,4784,1.479
2,4785,1.508
2,4786,1.612
2,4787,1.763
2,4788,1.642
2,4789,1.503
2,4790,2.069
2,4791,2.046
2,4792,2.229
2,4793,2.690
2,4794,2.254
2,4795,2.132
2,4796,2.040
2,4797,2.706
2,4798,2.354
2,4799,2.333
2,4800,1.862
2,4801,2.650
2,4802,2.056
2,4803,1.854
2,4804,2.293
2,4805,2.579
2,4806,2.054
2,4807,1.914
2,4808,1.917
2,4809,2.559
2,4810,1.966
2,4811,2.213
2,4812,2.072
2,4813,1.881
2,4814,1.510
2,4815,1.589
2,4816,1.841
2,4817,1.472
2,4818,1.690
2,4819,1.637
2,4820,1.801
2,4821,2.608
2,4822,1.872
2,4823,1.676
2,4824,1.604
2,4825,1.540
2,4826,1.402
2,4827,2.010
2,4828,1.961
2,4829,2.362
2,4830,2.404
2,4831,2.625
2,4832,2.370
2,4833,2.301
2,4834,2.214
2,4835,2.022
2,4836,2.155
2,4837,1.781
2,4838,1.520
2,4839,1.968
2,4840,1.668
2,4841,1.774
2,4842,1.736
2,4843,1.407
2,4844,1.595
2,4845,2.270
2,4846,2.369
2,4847,2.161
2,4848,1.928
2,4849,1.756
2,4850,1.634
2,4851,1.593
2,4852,1.678
2,4853,2.220
2,4854,2.276
2,4855,2.920
2,4856,1.676
2,4857,1.612
2,4858,1.586
2,4859,1.648
2,4860,1.505
2,4861,1.613
2,4862,1.566
2,4863,1.789
2,4864,1.723
2,4865,1.712
2,4866,1.505
2,4867,1.609
2,4868,1.467
2,4869,1.611
2,4870,1.628
2,4871,1.699
2,4872,2.020
2,4873,1.718
2,4874,1.479
2,4875,1.569
2,4876,1.942
2,4877,1.418
2,4878,1.484
2,4879,1.590
2,4880,1.842
2,4881,2.955
2,4882,2.191
2,4883,2.213
2,4884,2.179
2,4885,2.209
2,4886,1.872
2,4887,1.620
2,4888,1.873
2,4889,1.912
2,4890,1.703
2,4891,1.793
2,4892,1.601
2,4893,1.378
2,4894,1.507
2,4895,1.930
2,4896,1.476
2,4897,1.845
2,4898,2.115
2,4899,1.754
2,4900,1.627
2,4901,1.503
2,4902,1.465
2,4903,1.641
2,4904,1.645
2,4905,1.655
2,4906,2.109
2,4907,1.822
2,4908,1.627
2,4909,2.049
2,4910,1.709
2,4911,1.780
2,4912,1.724
2,4913,1.501
2,4914,1.647
2,4915,2.162
2,4916,1.641
2,4917,1.550
2,4918,1.551
2,4919,1.510
2,4920,1.542
2,4921,1.618
2,4922,1.469
2,4923,1.548
2,4924,1.559
2,4925,1.708
2,4926,2.318
2,4927,1.946
2,4928,1.471
2,4929,1.372
2,4930,1.398
2,4931,1.441
2,4932,1.374
2,4933,1.556
2,4934,1.485
2,4935,1.360
2,4936,2.572
2,4937,2.181
2,4938,1.526
2,4939,2.082
2,4940,1.780
2,4941,1.715
2,4942,1.677
2,4943,1.638
2,4944,1.812
2,4945,2.235
2,4946,1.730
2,4947,2.361
2,4948,1.506
2,4949,1.478
2,4950,1.726
2,4951,1.637
2,4952,1.497
2,4953,1.467
2,4954,2.548
2,4955,2.305
2,4956,1.914
2,4957,2.513
2,4958,1.998
2,4959,1.777
2,4960,2.226
2,4961,2.264
2,4962,2.012
2,4963,1.891
2,4964,1.934
2,4965,2.514
2,4966,2.153
2,4967,1.874
2,4968,2.419
2,4969,2.205
2,4970,2.032
2,4971,2.003
2,4972,1.954
2,4973,1.699
2,4974,1.948
2,4975,4.507
2,4976,2.879
2,4977,2.710
2,4978,2.459
2,4979,2.507
2,4980,2.552
2,4981,3.067
2,4982,2.592
2,4983,2.485
2,4984,2.331
2,4985,3.089
2,4986,2.627
2,4987,3.222
2,4988,10.137
2,4989,3.275
2,4990,3.560
2,4991,2.917
2,4992,3.006
2,4993,2.316
2,4994,1.976
2,4995,1.690
2,4996,1.745
2,4997,2.468
2,4998,2.248
2,4999,2.756
2,5000,2.126
2,5001,1.690
2,5002,2.396
2,5003,2.038
2,5004,2.077
2,5005,1.764
2,5006,1.534
2,5007,1.726
2,5008,2.187
2,5009,1.725
2,5010,1.653
2,5011,1.624
2,5012,2.240
2,5013,1.837
2,5014,1.672
2,5015,1.704
2,5016,1.544
2,5017,1.393
2,5018,1.944
2,5019,1.808
2,5020,1.877
2,5021,1.777
2,5022,1.536
2,5023,1.504
2,5024,1.686
2,5025,1.512
2,5026,1.396
2,5027,1.520
2,5028,1.658
2,5029,1.958
2,5030,2.530
2,5031,1.984
2,5032,1.875
2,5033,1.686
2,5034,1.538
2,5035,1.606
2,5036,1.752
2,5037,1.509
2,5038,1.500
2,5039,2.202
2,5040,1.727
2,5041,1.659
2,5042,1.604
2,5043,1.411
2,5044,1.592
2,5045,1.560
2,5046,1.419
2,5047,1.431
2,5048,2.104
2,5049,2.774
2,5050,1.745
2,5051,1.618
2,5052,1.736
2,5053,1.956
2,5054,1.573
2,5055,1.480
2,5056,1.723
2,5057,1.753
2,5058,1.525
2,5059,2.586
2,5060,1.767
2,5061,1.791
2,5062,1.748
2,5063,1.626
2,5064,1.726
2,5065,1.878
2,5066,2.201
2,5067,1.866
2,5068,2.000
2,5069,1.564
2,5070,1.726
2,5071,1.585
2,5072,1.509
2,5073,1.452
2,5074,1.486
2,5075,1.921
2,5076,1.926
2,5077,1.469
2,5078,1.330
2,5079,1.811
2,5080,1.630
2,5081,1.396
2,5082,1.643
2,5083,1.541
2,5084,1.660
2,5085,2.059
2,5086,1.775
2,5087,1.483
2,5088,2.630
2,5089,2.229
2,5090,1.767
2,5091,1.648
2,5092,1.674
2,5093,1.982
2,5094,1.807
2,5095,1.735
2,5096,1.625
2,5097,1.504
2,5098,1.421
2,5099,2.372
2,5100,1.585
2,5101,1.434
2,5102,1.729
2,5103,3.105
2,5104,2.090
2,5105,1.697
2,5106,1.912
2,5107,1.944
2,5108,2.010
2,5109,1.994
2,5110,2.356
2,5111,2.586
2,5112,2.021
2,5113,1.998
2,5114,2.325
2,5115,2.670
2,5116,2.588
2,5117,2.343
2,5118,2.108
2,5119,1.966
2,5120,2.073
2,5121,1.930
2,5122,2.196
2,5123,2.222
2,5124,2.333
2,5125,2.109
2,5126,1.818
2,5127,1.779
2,5128,1.547
2,5129,1.519
2,5130,1.614
2,5131,1.500
2,5132,1.376
2,5133,1.816
2,5134,2.367
2,5135,1.551
2,5136,1.517
2,5137,1.522
2,5138,1.487
2,5139,1.519
2,5140,1.986
2,5141,1.557
2,5142,2.251
2,5143,2.086
2,5144,2.027
2,5145,1.938
2,5146,1.806
2,5147,1.543
2,5148,1.429
2,5149,1.445
2,5150,1.548
2,5151,1.991
2,5152,1.848
2,5153,1.656
2,5154,2.297
2,5155,1.672
2,5156,1.804
2,5157,1.793
2,5158,1.687
2,5159,1.708
2,5160,1.632
2,5161,1.753
2,5162,1.951
2,5163,1.507
2,5164,1.776
2,5165,1.894
2,5166,1.781
2,5167,1.887
2,5168,3.577
2,5169,3.136
2,5170,2.206
2,5171,2.520
2,5172,2.595
2,5173,1.903
2,5174,2.314
2,5175,2.249
2,5176,2.226
2,5177,2.336
2,5178,1.728
2,5179,1.476
2,5180,2.147
2,5181,2.206
2,5182,2.174
2,5183,1.742
2,5184,1.796
2,5185,1.778
2,5186,1.527
2,5187,1.378
2,5188,1.497
2,5189,1.744
2,5190,2.132
2,5191,2.292
2,5192,2.666
2,5193,2.590
2,5194,2.223
2,5195,2.000
2,5196,1.744
2,5197,1.710
2,5198,2.194
2,5199,1.795
2,5200,1.476
2,5201,1.655
2,5202,1.650
2,5203,1.678
2,5204,1.530
2,5205,1.453
2,5206,1.624
2,5207,2.012
2,5208,1.972
2,5209,1.484
2,5210,1.620
2,5211,1.854
2,5212,1.574
2,5213,1.705
2,5214,1.662
2,5215,1.848
2,5216,1.884
2,5217,1.620
2,5218,2.007
2,5219,2.331
2,5220,1.577
2,5221,1.562
2,5222,1.845
2,5223,1.940
2,5224,2.100
2,5225,2.009
2,5226,1.985
2,5227,1.956
2,5228,1.451
2,5229,1.654
2,5230,1.872
2,5231,1.602
2,5232,1.572
2,5233,1.869
2,5234,2.290
2,5235,2.075
2,5236,1.704
2,5237,2.263
2,5238,1.863
2,5239,1.750
2,5240,1.990
2,5241,2.141
2,5242,2.382
2,5243,2.794
2,5244,3.393
2,5245,2.900
2,5246,2.339
2,5247,2.443
2,5248,2.350
2,5249,2.337
2,5250,2.123
2,5251,1.896
2,5252,2.087
2,5253,2.557
2,5254,1.968
2,5255,2.490
2,5256,2.501
2,5257,2.074
2,5258,2.140
2,5259,2.260
2,5260,1.726
2,5261,2.733
2,5262,2.335
2,5263,2.204
2,5264,2.364
2,5265,2.314
2,5266,2.435
2,5267,2.514
2,5268,3.057
2,5269,2.422
2,5270,2.533
2,5271,2.014
2,5272,2.148
2,5273,2.568
2,5274,2.225
2,5275,3.776
2,5276,2.420
2,5277,2.373
2,5278,2.582
2,5279,2.941
2,5280,2.751
2,5281,4.119
2,5282,2.787
2,5283,2.678
2,5284,3.253
2,5285,2.659
2,5286,2.783
2,5287,3.315
2,5288,2.464
2,5289,2.216
2,5290,2.194
2,5291,2.207
2,5292,2.707
2,5293,2.179
2,5294,2.626
2,5295,2.030
2,5296,2.819
2,5297,2.149
2,5298,2.034
2,5299,2.348
2,5300,2.273
2,5301,2.006
2,5302,2.914
2,5303,2.190
2,5304,2.048
2,5305,2.670
2,5306,2.577
2,5307,2.168
2,5308,2.229
2,5309,2.718
2,5310,1.955
2,5311,2.624
2,5312,2.193
2,5313,3.247
2,5314,2.522
2,5315,2.102
2,5316,3.123
2,5317,2.512
2,5318,2.699
2,5319,2.705
2,5320,2.377
2,5321,2.329
2,5322,2.515
2,5323,2.752
2,5324,2.744
2,5325,2.835
2,5326,2.462
2,5327,2.474
2,5328,2.182
2,5329,2.094
2,5330,3.408
2,5331,2.297
2,5332,2.717
2,5333,2.484
2,5334,2.032
2,5335,2.123
2,5336,2.612
2,5337,2.789
2,5338,2.528
2,5339,2.323
2,5340,2.109
2,5341,2.399
2,5342,2.191
2,5343,2.412
2,5344,3.995
2,5345,3.673
2,5346,2.755
2,5347,2.598
2,5348,2.569
2,5349,2.738
2,5350,2.388
2,5351,2.271
2,5352,2.267
2,5353,1.955
2,5354,2.019
2,5355,2.520
2,5356,3.039
2,5357,2.901
2,5358,2.507
2,5359,1.918
2,5360,2.395
2,5361,2.032
2,5362,2.835
2,5363,3.024
2,5364,3.428
2,5365,3.048
2,5366,2.153
2,5367,2.272
2,5368,2.215
2,5369,2.005
2,5370,1.964
2,5371,2.702
2,5372,2.675
2,5373,2.257
2,5374,2.372
2,5375,2.326
2,5376,2.408
2,5377,2.249
2,5378,2.160
2,5379,2.117
2,5380,2.398
2,5381,2.725
2,5382,2.212
2,5383,2.352
2,5384,2.217
2,5385,2.982
2,5386,3.341
2,5387,2.959
2,5388,3.047
2,5389,2.154
2,5390,2.488
2,5391,2.162
2,5392,2.130
2,5393,2.009
2,5394,2.625
2,5395,2.015
2,5396,2.753
2,5397,2.127
2,5398,1.848
2,5399,1.994
2,5400,2.115
2,5401,2.311
2,5402,2.092
2,5403,2.470
2,5404,3.047
2,5405,3.068
2,5406,2.705
2,5407,2.979
2,5408,2.877
2,5409,2.611
2,5410,3.553
2,5411,2.718
2,5412,3.030
2,5413,2.659
2,5414,2.766
2,5415,2.696
2,5416,2.827
2,5417,3.102
2,5418,2.582
2,5419,2.608
2,5420,2.788
2,5421,3.235
2,5422,3.198
2,5423,3.485
2,5424,3.490
2,5425,3.499
2,5426,2.825
2,5427,2.531
2,5428,3.202
2,5429,2.894
2,5430,2.808
2,5431,2.857
2,5432,2.974
2,5433,2.684
2,5434,3.361
2,5435,2.851
2,5436,3.071
2,5437,2.710
2,5438,2.933
2,5439,3.299
2,5440,3.060
2,5441,2.651
2,5442,2.904
2,5443,2.717
2,5444,2.670
2,5445,2.415
2,5446,2.403
2,5447,3.112
2,5448,2.820
2,5449,2.714
2,5450,2.517
2,5451,2.767
2,5452,2.523
2,5453,2.523
2,5454,3.024
2,5455,2.398
2,5456,2.793
2,5457,2.680
2,5458,3.021
2,5459,3.198
2,5460,3.579
2,5461,2.916
2,5462,2.722
2,5463,2.644
2,5464,3.136
2,5465,2.086
2,5466,2.569
2,5467,2.240
2,5468,2.201
2,5469,2.227
2,5470,1.961
2,5471,1.830
2,5472,1.785
2,5473,1.996
2,5474,2.322
2,5475,2.251
2,5476,2.265
2,5477,1.976
2,5478,2.466
2,5479,2.101
2,5480,2.056
2,5481,1.947
2,5482,2.540
2,5483,2.270
2,5484,2.084
2,5485,2.132
2,5486,2.003
2,5487,2.050
2,5488,1.838
2,5489,2.016
2,5490,2.349
2,5491,3.187
2,5492,2.276
2,5493,2.190
2,5494,2.292
2,5495,2.392
2,5496,2.406
2,5497,2.898
2,5498,2.456
2,5499,2.116
2,5500,2.717
2,5501,2.513
2,5502,2.255
2,5503,2.692
2,5504,3.094
2,5505,3.217
2,5506,2.727
2,5507,2.577
2,5508,2.588
2,5509,2.742
2,5510,3.138
2,5511,2.435
2,5512,1.830
2,5513,1.883
2,5514,2.015
2,5515,1.948
2,5516,1.999
2,5517,2.207
2,5518,2.592
2,5519,1.963
2,5520,2.610
2,5521,2.188
2,5522,1.998
2,5523,2.396
2,5524,2.255
2,5525,1.996
2,5526,2.410
2,5527,2.130
2,5528,1.888
2,5529,2.049
2,5530,2.147
2,5531,2.853
2,5532,2.958
2,5533,2.803
2,5534,2.748
2,5535,2.249
2,5536,2.115
2,5537,2.629
2,5538,2.222
2,5539,2.051
2,5540,2.038
2,5541,2.096
2,5542,2.935
2,5543,2.273
2,5544,2.591
2,5545,2.121
2,5546,2.021
2,5547,2.150
2,5548,2.072
2,5549,2.045
2,5550,2.911
2,5551,2.113
2,5552,1.838
2,5553,1.924
2,5554,2.098
2,5555,2.042
2,5556,2.023
2,5557,2.128
2,5558,3.731
2,5559,2.830
2,5560,2.398
2,5561,2.324
2,5562,2.494
2,5563,3.531
2,5564,3.215
2,5565,2.603
2,5566,2.265
2,5567,2.264
2,5568,1.764
2,5569,1.659
2,5570,1.842
2,5571,1.957
2,5572,2.284
2,5573,1.659
2,5574,1.779
2,5575,1.637
2,5576,1.536
2,5577,1.707
2,5578,1.719
2,5579,1.824
2,5580,1.771
2,5581,1.545
2,5582,2.476
2,5583,1.817
2,5584,1.492
2,5585,1.412
2,5586,1.773
2,5587,1.686
2,5588,2.541
2,5589,2.292
2,5590,1.838
2,5591,2.442
2,5592,1.808
2,5593,1.954
2,5594,1.921
2,5595,1.902
2,5596,2.158
2,5597,1.854
2,5598,1.567
2,5599,1.505
2,5600,2.087
2,5601,1.737
2,5602,1.616
2,5603,1.390
2,5604,2.072
2,5605,1.808
2,5606,1.424
2,5607,1.381
2,5608,1.391
2,5609,1.533
2,5610,1.498
2,5611,1.993
2,5612,1.498
2,5613,1.563
2,5614,1.927
2,5615,2.204
2,5616,2.613
2,5617,1.852
2,5618,1.710
2,5619,1.634
2,5620,1.919
2,5621,1.745
2,5622,1.892
2,5623,1.685
2,5624,1.725
2,5625,1.622
2,5626,1.419
2,5627,1.596
2,5628,1.621
2,5629,1.493
2,5630,1.820
2,5631,1.552
2,5632,1.822
2,5633,1.920
2,5634,1.657
2,5635,1.409
2,5636,1.490
2,5637,1.678
2,5638,1.507
2,5639,1.494
2,5640,1.634
2,5641,2.394
2,5642,2.534
2,5643,2.086
2,5644,2.001
2,5645,2.425
2,5646,1.980
2,5647,2.139
2,5648,2.583
2,5649,2.780
2,5650,2.342
2,5651,2.101
2,5652,1.733
2,5653,1.870
2,5654,2.079
2,5655,1.702
2,5656,2.096
2,5657,2.994
2,5658,2.209
2,5659,1.848
2,5660,1.845
2,5661,1.848
2,5662,1.793
2,5663,2.266
2,5664,2.127
2,5665,2.386
2,5666,1.656
2,5667,1.574
2,5668,2.167
2,5669,1.719
2,5670,1.542
2,5671,1.980
2,5672,2.295
2,5673,1.649
2,5674,1.995
2,5675,1.661
2,5676,1.571
2,5677,1.536
2,5678,1.390
2,5679,1.407
2,5680,1.669
2,5681,1.926
2,5682,1.927
2,5683,1.878
2,5684,2.007
2,5685,1.846
2,5686,1.564
2,5687,1.548
2,5688,1.522
2,5689,1.766
2,5690,1.976
2,5691,2.198
2,5692,1.659
2,5693,1.553
2,5694,1.930
2,5695,1.661
2,5696,1.521
2,5697,1.998
2,5698,1.665
2,5699,2.290
2,5700,1.801
2,5701,1.474
2,5702,1.643
2,5703,1.905
2,5704,1.950
2,5705,1.614
2,5706,1.573
2,5707,2.346
2,5708,2.280
2,5709,1.911
2,5710,2.162
2,5711,1.963
2,5712,1.972
2,5713,2.175
2,5714,2.165
2,5715,2.219
2,5716,1.727
2,5717,1.714
2,5718,1.561
2,5719,1.348
2,5720,1.373
2,5721,1.730
2,5722,1.561
2,5723,2.246
2,5724,2.409
2,5725,1.972
2,5726,1.833
2,5727,1.608
2,5728,1.541
2,5729,1.795
2,5730,1.651
2,5731,1.504
2,5732,1.517
2,5733,2.202
2,5734,1.919
2,5735,1.650
2,5736,1.425
2,5737,1.576
2,5738,1.498
2,5739,1.433
2,5740,1.485
2,5741,1.847
2,5742,1.591
2,5743,1.601
2,5744,1.863
2,5745,1.575
2,5746,1.532
2,5747,1.591
2,5748,1.624
2,5749,1.497
2,5750,1.738
2,5751,1.780
2,5752,3.253
2,5753,2.519
2,5754,2.082
2,5755,1.652
2,5756,1.559
2,5757,1.708
2,5758,1.734
2,5759,1.578
2,5760,1.601
2,5761,1.899
2,5762,1.863
2,5763,1.567
2,5764,1.863
2,5765,1.575
2,5766,1.455
2,5767,1.409
2,5768,1.347
2,5769,1.710
2,5770,2.142
2,5771,2.334
2,5772,2.143
2,5773,1.875
2,5774,2.340
2,5775,1.657
2,5776,1.660
2,5777,1.690
2,5778,1.874
2,5779,1.826
2,5780,2.413
2,5781,1.951
2,5782,1.851
2,5783,2.214
2,5784,1.597
2,5785,1.813
2,5786,1.911
2,5787,2.063
2,5788,1.856
2,5789,1.693
2,5790,1.786
2,5791,1.800
2,5792,1.946
2,5793,1.548
2,5794,1.446
2,5795,1.712
2,5796,2.340
2,5797,2.250
2,5798,2.320
2,5799,2.225
2,5800,2.373
2,5801,2.913
2,5802,2.341
2,5803,3.056
2,5804,2.765
2,5805,2.105
2,5806,2.413
2,5807,2.166
2,5808,2.379
2,5809,2.736
2,5810,2.255
2,5811,1.913
2,5812,2.170
2,5813,2.288
2,5814,1.975
2,5815,1.995
2,5816,2.793
2,5817,2.518
2,5818,2.263
2,5819,2.276
2,5820,2.171
2,5821,2.368
2,5822,2.479
2,5823,2.893
2,5824,2.264
2,5825,2.253
2,5826,2.769
2,5827,3.187
2,5828,2.624
2,5829,2.320
2,5830,2.686
2,5831,1.891
2,5832,1.958
2,5833,1.950
2,5834,1.972
2,5835,1.953
2,5836,2.123
2,5837,2.148
2,5838,2.086
2,5839,2.432
2,5840,2.083
2,5841,2.165
2,5842,2.054
2,5843,2.216
2,5844,2.761
2,5845,2.569
2,5846,2.272
2,5847,3.035
2,5848,2.350
2,5849,2.567
2,5850,2.767
2,5851,2.535
2,5852,2.145
2,5853,2.317
2,5854,2.632
2,5855,2.127
2,5856,2.467
2,5857,2.080
2,5858,1.841
2,5859,2.027
2,5860,2.185
2,5861,1.913
2,5862,2.499
2,5863,2.083
2,5864,2.537
2,5865,2.233
2,5866,2.146
2,5867,2.224
2,5868,2.151
2,5869,2.909
2,5870,3.102
2,5871,2.531
2,5872,2.509
2,5873,2.170
2,5874,2.392
2,5875,2.304
2,5876,2.304
2,5877,2.972
2,5878,2.338
2,5879,2.194
2,5880,2.129
2,5881,2.287
2,5882,2.056
2,5883,2.132
2,5884,2.204
2,5885,2.707
2,5886,2.228
2,5887,2.155
2,5888,2.302
2,5889,2.206
2,5890,3.111
2,5891,2.463
2,5892,2.832
2,5893,2.400
2,5894,2.244
2,5895,2.208
2,5896,2.313
2,5897,2.334
2,5898,2.624
2,5899,2.748
2,5900,2.220
2,5901,2.502
2,5902,2.412
2,5903,1.823
2,5904,2.626
2,5905,2.344
2,5906,2.076
2,5907,2.639
2,5908,2.042
2,5909,2.070
2,5910,2.373
2,5911,2.949
2,5912,1.943
2,5913,2.244
2,5914,1.985
2,5915,2.358
2,5916,2.031
2,5917,2.333
2,5918,2.259
2,5919,2.057
2,5920,2.186
2,5921,1.692
2,5922,1.637
2,5923,1.890
2,5924,2.389
2,5925,2.183
2,5926,2.090
2,5927,2.053
2,5928,1.807
2,5929,1.710
2,5930,2.130
2,5931,1.910
2,5932,2.207
2,5933,3.191
2,5934,3.048
2,5935,2.459
2,5936,2.604
2,5937,1.959
2,5938,2.093
2,5939,2.461
2,5940,2.633
2,5941,2.155
2,5942,2.203
2,5943,1.883
2,5944,1.613
2,5945,2.067
2,5946,2.043
2,5947,2.632
2,5948,2.744
2,5949,1.995
2,5950,1.760
2,5951,1.755
2,5952,2.241
2,5953,1.970
2,5954,1.891
2,5955,2.194
2,5956,1.845
2,5957,2.651
2,5958,2.006
2,5959,1.949
2,5960,1.733
2,5961,1.465
2,5962,2.177
2,5963,2.042
2,5964,1.701
2,5965,1.681
2,5966,2.562
2,5967,2.166
2,5968,1.883
2,5969,1.814
2,5970,1.964
2,5971,2.099
2,5972,2.724
2,5973,2.173
2,5974,2.812
2,5975,1.961
2,5976,1.839
2,5977,1.580
2,5978,1.831
2,5979,2.121
2,5980,1.730
2,5981,1.600
2,5982,1.929
2,5983,2.138
2,5984,1.891
2,5985,1.704
2,5986,1.879
2,5987,2.156
2,5988,1.745
2,5989,1.540
2,5990,1.773
2,5991,1.642
2,5992,1.482
2,5993,2.375
2,5994,1.769
2,5995,1.993
2,5996,1.730
2,5997,1.687
2,5998,2.108
2,5999,1.830
2,6000,1.556
2,6001,1.573
2,6002,1.809
2,6003,2.513
2,6004,1.872
2,6005,1.789
2,6006,1.730
2,6007,1.596
2,6008,1.571
2,6009,2.260
2,6010,1.835
2,6011,1.636
2,6012,2.509
2,6013,2.118
2,6014,1.888
2,6015,1.658
2,6016,1.784
2,6017,1.749
2,6018,1.464
2,6019,1.341
2,6020,1.676
2,6021,2.220
2,6022,2.507
2,6023,1.725
2,6024,1.863
2,6025,1.986
2,6026,1.590
2,6027,1.476
2,6028,1.762
2,6029,1.725
2,6030,1.843
2,6031,1.762
2,6032,2.313
2,6033,1.739
2,6034,1.657
2,6035,1.520
2,6036,2.325
2,6037,1.752
2,6038,2.458
2,6039,2.234
2,6040,1.847
2,6041,2.492
2,6042,1.934
2,6043,1.793
2,6044,1.617
2,6045,1.483
2,6046,2.489
2,6047,1.839
2,6048,1.479
2,6049,1.490
2,6050,1.652
2,6051,2.357
2,6052,1.829
2,6053,1.562
2,6054,2.082
2,6055,1.914
2,6056,1.522
2,6057,1.770
2,6058,1.915
2,6059,1.550
2,6060,1.470
2,6061,1.943
2,6062,1.886
2,6063,3.789
2,6064,2.574
2,6065,2.318
2,6066,2.049
2,6067,1.870
2,6068,1.863
2,6069,2.232
2,6070,1.797
2,6071,1.823
2,6072,1.852
2,6073,1.532
2,6074,1.421
2,6075,1.722
2,6076,1.612
2,6077,1.520
2,6078,1.742
2,6079,3.012
2,6080,1.970
2,6081,1.568
2,6082,1.478
2,6083,1.855
2,6084,1.667
2,6085,1.402
2,6086,1.453
2,6087,2.391
2,6088,2.699
2,6089,2.438
2,6090,2.474
2,6091,2.344
2,6092,2.116
2,6093,2.556
2,6094,3.277
2,6095,3.032
2,6096,2.203
2,6097,2.890
2,6098,2.616
2,6099,2.259
2,6100,2.520
2,6101,2.390
2,6102,4.060
2,6103,2.920
2,6104,1.986
2,6105,2.202
2,6106,2.477
2,6107,1.745
2,6108,2.185
2,6109,2.374
2,6110,1.860
2,6111,1.659
2,6112,1.584
2,6113,2.408
2,6114,2.561
2,6115,2.026
2,6116,2.017
2,6117,1.526
2,6118,2.784
2,6119,2.009
2,6120,1.620
2,6121,1.783
2,6122,1.823
2,6123,2.181
2,6124,1.867
2,6125,1.624
2,6126,1.746
2,6127,2.148
2,6128,1.775
2,6129,1.618
2,6130,1.965
2,6131,1.935
2,6132,1.661
2,6133,1.438
2,6134,2.267
2,6135,1.872
2,6136,2.855
2,6137,2.357
2,6138,2.217
2,6139,1.793
2,6140,1.675
2,6141,1.937
2,6142,1.670
2,6143,1.441
2,6144,1.589
2,6145,1.840
2,6146,2.124
2,6147,1.999
2,6148,2.051
2,6149,1.899
2,6150,1.781
2,6151,1.600
2,6152,1.736
2,6153,1.537
2,6154,1.399
2,6155,2.373
2,6156,1.862
2,6157,1.564
2,6158,1.594
2,6159,1.563
2,6160,1.622
2,6161,2.215
2,6162,1.662
2,6163,1.706
2,6164,2.631
2,6165,2.421
2,6166,1.817
2,6167,1.827
2,6168,1.666
2,6169,1.505
2,6170,1.430
2,6171,1.610
2,6172,1.888
2,6173,1.969
2,6174,1.662
2,6175,2.183
2,6176,1.835
2,6177,1.996
2,6178,2.117
2,6179,1.714
2,6180,1.559
2,6181,1.510
2,6182,2.253
2,6183,1.794
2,6184,2.200
2,6185,1.643
2,6186,1.695
2,6187,1.556
2,6188,2.151
2,6189,1.606
2,6190,1.841
2,6191,1.992
2,6192,1.841
2,6193,1.766
2,6194,2.232
2,6195,1.697
2,6196,1.705
2,6197,2.062
2,6198,1.958
2,6199,2.764
2,6200,2.000
2,6201,1.785
2,6202,1.434
2,6203,1.958
2,6204,1.768
2,6205,2.625
2,6206,2.872
2,6207,2.287
2,6208,2.143
2,6209,1.717
2,6210,1.816
2,6211,2.250
2,6212,1.707
2,6213,2.791
2,6214,3.614
2,6215,2.311
2,6216,2.036
2,6217,1.870
2,6218,1.629
2,6219,1.878
2,6220,1.685
2,6221,1.841
2,6222,1.986
2,6223,1.626
2,6224,1.640
2,6225,1.689
2,6226,1.754
2,6227,1.655
2,6228,1.779
2,6229,1.893
2,6230,1.687
2,6231,2.104
2,6232,1.723
2,6233,1.697
2,6234,1.641
2,6235,1.431
2,6236,1.659
2,6237,1.764
2,6238,1.600
2,6239,2.791
2,6240,2.503
2,6241,2.267
2,6242,2.216
2,6243,2.107
2,6244,1.979
2,6245,1.829
2,6246,2.034
2,6247,2.682
2,6248,2.162
2,6249,2.126
2,6250,1.932
2,6251,1.901
2,6252,1.941
2,6253,2.214
2,6254,2.337
2,6255,3.648
2,6256,2.795
2,6257,2.384
2,6258,2.272
2,6259,2.164
2,6260,2.199
2,6261,3.009
2,6262,2.145
2,6263,1.678
2,6264,1.756
2,6265,1.718
2,6266,1.868
2,6267,1.702
2,6268,1.738
2,6269,2.377
2,6270,1.832
2,6271,2.492
2,6272,1.819
2,6273,1.552
2,6274,1.494
2,6275,1.518
2,6276,1.543
2,6277,1.940
2,6278,1.712
2,6279,1.556
2,6280,1.751
2,6281,1.927
2,6282,1.544
2,6283,1.758
2,6284,1.651
2,6285,1.452
2,6286,1.587
2,6287,2.180
2,6288,1.885
2,6289,2.230
2,6290,2.851
2,6291,2.818
2,6292,1.880
2,6293,1.747
2,6294,2.279
2,6295,1.978
2,6296,1.645
2,6297,1.483
2,6298,2.241
2,6299,1.630
2,6300,1.764
2,6301,1.690
2,6302,2.024
2,6303,2.583
2,6304,2.231
2,6305,2.147
2,6306,1.989
2,6307,1.627
2,6308,1.569
2,6309,1.906
2,6310,2.147
2,6311,2.501
2,6312,2.103
2,6313,2.703
2,6314,2.285
2,6315,2.256
2,6316,1.902
2,6317,2.470
2,6318,2.124
2,6319,1.807
2,6320,1.640
2,6321,2.301
2,6322,2.252
2,6323,1.733
2,6324,1.420
2,6325,2.267
2,6326,2.527
2,6327,2.206
2,6328,2.219
2,6329,1.971
2,6330,1.654
2,6331,1.469
2,6332,1.640
2,6333,2.089
2,6334,1.699
2,6335,2.610
2,6336,1.976
2,6337,1.767
2,6338,2.193
2,6339,2.070
2,6340,2.032
2,6341,2.499
2,6342,2.565
2,6343,2.761
2,6344,2.241
2,6345,2.077
2,6346,1.879
2,6347,1.793
2,6348,2.697
2,6349,2.975
2,6350,2.383
2,6351,3.650
2,6352,2.680
2,6353,2.476
2,6354,2.306
2,6355,1.629
2,6356,1.546
2,6357,2.015
2,6358,1.668
2,6359,1.908
2,6360,2.415
2,6361,2.288
2,6362,2.183
2,6363,2.206
2,6364,2.255
2,6365,1.829
2,6366,1.664
2,6367,2.159
2,6368,1.652
2,6369,2.415
2,6370,2.649
2,6371,2.299
2,6372,1.641
2,6373,1.685
2,6374,2.049
2,6375,1.567
2,6376,1.944
2,6377,2.435
2,6378,1.862
2,6379,1.836
2,6380,1.556
2,6381,2.018
2,6382,2.155
2,6383,1.853
2,6384,2.267
2,6385,2.822
2,6386,2.417
2,6387,2.297
2,6388,2.094
2,6389,2.028
2,6390,2.266
2,6391,2.145
2,6392,1.998
2,6393,2.952
2,6394,2.130
2,6395,1.918
2,6396,1.922
2,6397,2.258
2,6398,2.055
2,6399,2.241
2,6400,2.458
2,6401,2.407
2,6402,2.336
2,6403,2.018
2,6404,1.916
2,6405,1.928
2,6406,2.556
2,6407,2.556
2,6408,2.143
2,6409,2.519
2,6410,1.853
2,6411,1.836
2,6412,1.691
2,6413,1.871
2,6414,1.801
2,6415,1.572
2,6416,1.630
2,6417,1.911
2,6418,1.619
2,6419,1.767
2,6420,1.603
2,6421,1.607
2,6422,2.028
2,6423,1.963
2,6424,1.735
2,6425,1.667
2,6426,1.570
2,6427,1.471
2,6428,1.674
2,6429,2.201
2,6430,1.523
2,6431,1.429
2,6432,2.263
2,6433,1.787
2,6434,2.165
2,6435,1.776
2,6436,1.928
2,6437,1.896
2,6438,2.559
2,6439,2.845
2,6440,2.296
2,6441,2.100
2,6442,3.182
2,6443,2.425
2,6444,1.991
2,6445,3.451
2,6446,2.772
2,6447,2.835
2,6448,2.413
2,6449,2.165
2,6450,2.292
2,6451,2.269
2,6452,2.734
2,6453,2.387
2,6454,2.212
2,6455,2.578
2,6456,2.172
2,6457,2.393
2,6458,2.878
2,6459,3.088
2,6460,2.297
2,6461,2.673
2,6462,2.514
2,6463,2.423
2,6464,2.568
2,6465,2.359
2,6466,2.963
2,6467,2.237
2,6468,2.244
2,6469,2.347
2,6470,2.393
2,6471,3.150
2,6472,2.764
2,6473,2.746
2,6474,2.686
2,6475,2.279
2,6476,2.249
2,6477,2.841
2,6478,2.864
2,6479,2.690
2,6480,3.388
2,6481,2.667
2,6482,2.772
2,6483,2.541
2,6484,2.442
2,6485,2.648
2,6486,2.445
2,6487,2.964
2,6488,2.648
2,6489,2.773
2,6490,2.466
2,6491,2.468
2,6492,2.315
2,6493,2.962
2,6494,3.365
2,6495,2.833
2,6496,2.659
2,6497,2.467
2,6498,2.417
2,6499,2.260
2,6500,2.372
2,6501,3.165
2,6502,2.539
2,6503,2.652
2,6504,2.580
2,6505,2.399
2,6506,2.420
2,6507,2.524
2,6508,4.546
2,6509,2.454
2,6510,2.281
2,6511,2.404
2,6512,2.829
2,6513,2.613
2,6514,2.992
2,6515,2.633
2,6516,2.796
2,6517,2.521
2,6518,2.898
2,6519,2.661
2,6520,2.322
2,6521,2.852
2,6522,2.243
2,6523,2.275
2,6524,2.361
2,6525,2.392
2,6526,2.127
2,6527,2.493
2,6528,2.696
2,6529,2.383
2,6530,2.493
2,6531,2.902
2,6532,2.049
2,6533,2.906
2,6534,2.784
2,6535,2.884
2,6536,2.026
2,6537,2.556
2,6538,2.355
2,6539,2.227
2,6540,1.942
2,6541,1.979
2,6542,1.882
2,6543,2.356
2,6544,2.271
2,6545,2.201
2,6546,1.994
2,6547,1.921
2,6548,2.125
2,6549,2.071
2,6550,1.688
2,6551,1.719
2,6552,2.570
2,6553,2.122
2,6554,2.345
2,6555,2.152
2,6556,2.034
2,6557,1.631
2,6558,1.817
2,6559,1.929
2,6560,2.134
2,6561,2.215
2,6562,1.763
2,6563,1.711
2,6564,1.724
2,6565,1.533
2,6566,1.611
2,6567,1.579
2,6568,1.726
2,6569,2.248
2,6570,2.038
2,6571,2.209
2,6572,1.597
2,6573,1.642
2,6574,1.644
2,6575,1.904
2,6576,1.865
2,6577,2.313
2,6578,2.105
2,6579,1.768
2,6580,2.686
2,6581,2.069
2,6582,1.904
2,6583,1.656
2,6584,1.987
2,6585,2.285
2,6586,2.280
2,6587,2.574
2,6588,3.032
2,6589,2.553
2,6590,2.801
2,6591,3.132
2,6592,2.684
2,6593,2.114
2,6594,2.179
2,6595,2.899
2,6596,3.010
2,6597,2.719
2,6598,2.146
2,6599,1.966
2,6600,2.133
2,6601,2.514
2,6602,3.108
2,6603,2.614
2,6604,2.329
2,6605,2.474
2,6606,2.507
2,6607,2.097
2,6608,2.026
2,6609,2.945
2,6610,2.251
2,6611,2.049
2,6612,2.294
2,6613,2.358
2,6614,2.476
2,6615,3.547
2,6616,3.039
2,6617,2.335
2,6618,2.372
2,6619,2.276
2,6620,2.321
2,6621,3.189
2,6622,2.874
2,6623,2.924
2,6624,2.513
2,6625,2.343
2,6626,2.267
2,6627,2.466
2,6628,2.719
2,6629,2.366
2,6630,2.885
2,6631,2.583
2,6632,2.912
2,6633,3.850
2,6634,2.614
2,6635,2.203
2,6636,2.305
2,6637,1.875
2,6638,2.179
2,6639,2.325
2,6640,2.648
2,6641,2.092
2,6642,2.168
2,6643,2.080
2,6644,2.480
2,6645,2.255
2,6646,2.164
2,6647,1.868
2,6648,1.623
2,6649,1.890
2,6650,1.630
2,6651,1.498
2,6652,1.583
2,6653,2.182
2,6654,2.073
2,6655,2.297
2,6656,2.992
2,6657,3.521
2,6658,2.088
2,6659,1.579
2,6660,2.158
2,6661,2.212
2,6662,1.867
2,6663,2.432
2,6664,2.039
2,6665,1.965
2,6666,1.778
2,6667,1.761
2,6668,2.057
2,6669,2.769
2,6670,2.091
2,6671,1.815
2,6672,1.531
2,6673,1.743
2,6674,1.670
2,6675,1.511
2,6676,1.561
2,6677,1.723
2,6678,1.704
2,6679,2.280
2,6680,1.734
2,6681,1.612
2,6682,1.644
2,6683,1.649
2,6684,1.586
2,6685,1.866
2,6686,1.815
2,6687,2.549
2,6688,2.250
2,6689,1.706
2,6690,2.266
2,6691,1.872
2,6692,1.848
2,6693,1.772
2,6694,2.187
2,6695,1.968
2,6696,1.733
2,6697,2.057
2,6698,1.696
2,6699,1.543
2,6700,1.722
2,6701,1.709
2,6702,1.713
2,6703,1.772
2,6704,1.629
2,6705,1.597
2,6706,1.671
2,6707,2.033
2,6708,1.518
2,6709,1.486
2,6710,1.520
2,6711,1.460
2,6712,2.185
2,6713,2.201
2,6714,2.078
2,6715,1.912
2,6716,1.669
2,6717,2.759
2,6718,2.185
2,6719,2.727
2,6720,2.034
2,6721,1.813
2,6722,1.783
2,6723,1.621
2,6724,1.696
2,6725,1.714
2,6726,1.876
2,6727,2.012
2,6728,1.746
2,6729,1.525
2,6730,1.610
2,6731,1.571
2,6732,1.480
2,6733,1.739
2,6734,1.694
2,6735,1.454
2,6736,2.211
2,6737,2.240
2,6738,2.125
2,6739,2.014
2,6740,1.957
2,6741,1.748
2,6742,1.691
2,6743,1.844
2,6744,2.490
2,6745,2.614
2,6746,2.290
2,6747,2.132
2,6748,1.867
2,6749,1.911
2,6750,2.025
2,6751,2.030
2,6752,2.366
2,6753,3.186
2,6754,2.204
2,6755,2.108
2,6756,2.053
2,6757,2.173
2,6758,2.091
2,6759,2.540
2,6760,2.051
2,6761,2.113
2,6762,2.177
2,6763,1.804
2,6764,1.675
2,6765,1.750
2,6766,2.370
2,6767,3.054
2,6768,2.775
2,6769,2.810
2,6770,2.073
2,6771,2.470
2,6772,2.615
2,6773,2.646
2,6774,2.897
2,6775,2.666
2,6776,3.039
2,6777,2.494
2,6778,2.522
2,6779,2.561
2,6780,2.186
2,6781,1.916
2,6782,2.348
2,6783,2.515
2,6784,2.063
2,6785,2.387
2,6786,2.247
2,6787,2.325
2,6788,2.058
2,6789,2.100
2,6790,1.943
2,6791,2.358
2,6792,2.743
2,6793,2.083
2,6794,2.072
2,6795,1.915
2,6796,1.945
2,6797,1.746
2,6798,1.984
2,6799,2.626
2,6800,2.216
2,6801,2.293
2,6802,1.833
2,6803,1.661
2,6804,1.678
2,6805,1.864
2,6806,1.978
2,6807,2.181
2,6808,2.718
2,6809,2.045
2,6810,1.748
2,6811,2.386
2,6812,1.988
2,6813,1.967
2,6814,2.598
2,6815,2.536
2,6816,2.502
2,6817,1.789
2,6818,1.858
2,6819,1.641
2,6820,1.732
2,6821,1.831
2,6822,2.198
2,6823,1.932
2,6824,1.633
2,6825,2.814
2,6826,1.896
2,6827,1.605
2,6828,1.737
2,6829,1.969
2,6830,2.144
2,6831,2.012
2,6832,2.016
2,6833,1.846
2,6834,2.020
2,6835,1.912
2,6836,2.463
2,6837,2.011
2,6838,2.583
2,6839,2.376
2,6840,1.999
2,6841,1.836
2,6842,2.440
2,6843,1.787
2,6844,1.720
2,6845,2.367
2,6846,2.713
2,6847,2.379
2,6848,2.518
2,6849,2.435
2,6850,2.376
2,6851,2.030
2,6852,2.209
2,6853,2.004
2,6854,2.022
2,6855,1.871
2,6856,2.025
2,6857,1.847
2,6858,2.061
2,6859,2.868
2,6860,2.352
2,6861,2.322
2,6862,1.993
2,6863,2.047
2,6864,2.035
2,6865,1.913
2,6866,2.066
2,6867,2.522
2,6868,2.029
2,6869,1.678
2,6870,1.631
2,6871,1.884
2,6872,1.841
2,6873,1.923
2,6874,1.713
2,6875,2.384
2,6876,2.460
2,6877,1.714
2,6878,2.173
2,6879,1.885
2,6880,1.720
2,6881,1.851
2,6882,1.997
2,6883,2.961
2,6884,2.831
2,6885,2.241
2,6886,1.799
2,6887,1.981
2,6888,2.138
2,6889,1.944
2,6890,1.853
2,6891,1.989
2,6892,2.266
2,6893,1.651
2,6894,1.655
2,6895,1.971
2,6896,1.821
2,6897,2.155
2,6898,2.265
2,6899,2.000
2,6900,1.751
2,6901,1.916
2,6902,1.989
2,6903,1.888
2,6904,1.640
2,6905,1.675
2,6906,2.225
2,6907,2.226
2,6908,2.419
2,6909,2.212
2,6910,2.489
2,6911,1.907
2,6912,2.237
2,6913,2.287
2,6914,2.320
2,6915,2.494
2,6916,2.502
2,6917,2.373
2,6918,3.203
2,6919,2.374
2,6920,2.632
2,6921,2.532
2,6922,2.358
2,6923,2.541
2,6924,2.637
2,6925,2.404
2,6926,3.210
2,6927,3.013
2,6928,2.948
2,6929,2.469
2,6930,2.205
2,6931,2.631
2,6932,2.590
2,6933,1.951
2,6934,2.063
2,6935,1.698
2,6936,1.785
2,6937,1.878
2,6938,1.938
2,6939,1.871
2,6940,2.251
2,6941,2.537
2,6942,1.901
2,6943,1.628
2,6944,1.769
2,6945,1.802
2,6946,1.740
2,6947,1.998
2,6948,1.978
2,6949,1.955
2,6950,2.024
2,6951,1.886
2,6952,2.553
2,6953,1.980
2,6954,2.082
2,6955,2.494
2,6956,2.274
2,6957,1.853
2,6958,2.417
2,6959,1.848
2,6960,1.583
2,6961,1.735
2,6962,2.003
2,6963,2.156
2,6964,2.075
2,6965,2.107
2,6966,2.021
2,6967,1.997
2,6968,1.782
2,6969,1.908
2,6970,1.716
2,6971,1.999
2,6972,2.255
2,6973,1.818
2,6974,1.796
2,6975,1.643
2,6976,2.131
2,6977,2.256
2,6978,2.010
2,6979,2.230
2,6980,2.456
2,6981,2.079
2,6982,2.117
2,6983,1.959
2,6984,3.193
2,6985,2.763
2,6986,2.532
2,6987,2.817
2,6988,2.284
2,6989,2.471
2,6990,2.448
2,6991,2.633
2,6992,2.560
2,6993,2.800
2,6994,1.957
2,6995,1.636
2,6996,1.671
2,6997,1.866
2,6998,2.396
2,6999,2.311
2,7000,2.389
2,7001,2.151
2,7002,1.715
2,7003,2.077
2,7004,2.056
2,7005,1.924
2,7006,1.819
2,7007,2.016
2,7008,3.147
2,7009,2.712
2,7010,2.139
2,7011,1.810
2,7012,2.109
2,7013,1.910
2,7014,1.680
2,7015,1.864
2,7016,2.139
2,7017,2.074
2,7018,1.737
2,7019,1.554
2,7020,1.868
2,7021,1.730
2,7022,1.696
2,7023,2.448
2,7024,2.495
2,7025,2.913
2,7026,2.264
2,7027,2.181
2,7028,1.916
2,7029,1.979
2,7030,2.527
2,7031,2.593
2,7032,2.177
2,7033,2.659
2,7034,2.238
2,7035,2.309
2,7036,2.286
2,7037,3.084
2,7038,2.619
2,7039,2.501
2,7040,2.808
2,7041,2.376
2,7042,2.460
2,7043,3.140
2,7044,2.485
2,7045,2.195
2,7046,2.428
2,7047,2.934
2,7048,2.864
2,7049,2.688
2,7050,2.644
2,7051,2.586
2,7052,2.422
2,7053,2.629
2,7054,3.187
2,7055,3.370
2,7056,2.523
2,7057,2.411
2,7058,2.689
2,7059,2.568
2,7060,3.314
2,7061,2.778
2,7062,2.914
2,7063,2.633
2,7064,2.714
2,7065,2.537
2,7066,3.352
2,7067,2.507
2,7068,2.322
2,7069,2.693
2,7070,2.142
2,7071,2.302
2,7072,2.847
2,7073,3.411
2,7074,2.695
2,7075,2.376
2,7076,2.253
2,7077,2.501
2,7078,2.533
2,7079,3.123
2,7080,3.553
2,7081,2.848
2,7082,2.664
2,7083,2.889
2,7084,2.860
2,7085,2.458
2,7086,2.808
2,7087,2.369
2,7088,2.417
2,7089,2.264
2,7090,3.094
2,7091,2.493
2,7092,2.444
2,7093,2.736
2,7094,2.203
2,7095,2.453
2,7096,2.691
2,7097,2.773
2,7098,2.663
2,7099,3.059
2,7100,3.734
2,7101,4.863
2,7102,2.659
2,7103,2.485
2,7104,2.336
2,7105,2.420
2,7106,2.747
2,7107,2.672
2,7108,2.365
2,7109,2.255
2,7110,2.265
2,7111,2.995
2,7112,2.498
2,7113,2.935
2,7114,2.208
2,7115,2.087
2,7116,2.459
2,7117,2.265
2,7118,2.582
2,7119,2.507
2,7120,2.802
2,7121,2.914
2,7122,2.538
2,7123,2.279
2,7124,2.285
2,7125,2.549
2,7126,2.488
2,7127,3.199
2,7128,2.142
2,7129,2.172
2,7130,2.137
2,7131,1.849
2,7132,1.690
2,7133,1.820
2,7134,2.299
2,7135,2.353
2,7136,1.958
2,7137,2.232
2,7138,1.808
2,7139,2.282
2,7140,2.876
2,7141,2.607
2,7142,2.196
2,7143,2.709
2,7144,1.914
2,7145,1.815
2,7146,2.005
2,7147,1.699
2,7148,2.977
2,7149,1.887
2,7150,1.812
2,7151,2.002
2,7152,1.936
2,7153,2.210
2,7154,1.692
2,7155,1.811
2,7156,2.054
2,7157,1.809
2,7158,1.905
2,7159,1.790
2,7160,2.415
2,7161,2.230
2,7162,1.844
2,7163,2.879
2,7164,2.516
2,7165,2.166
2,7166,2.118
2,7167,1.853
2,7168,1.939
2,7169,1.914
2,7170,2.215
2,7171,2.502
2,7172,2.649
2,7173,2.169
2,7174,1.975
2,7175,2.218
2,7176,2.771
2,7177,2.223
2,7178,2.473
2,7179,2.218
2,7180,2.040
2,7181,2.266
2,7182,2.296
2,7183,2.138
2,7184,3.180
2,7185,2.590
2,7186,2.149
2,7187,2.400
2,7188,1.994
2,7189,2.052
2,7190,2.445
2,7191,2.570
2,7192,1.678
2,7193,1.731
2,7194,1.808
2,7195,1.589
2,7196,1.545
2,7197,1.634
2,7198,1.677
2,7199,2.512
2,7200,2.295
2,7201,1.937
2,7202,1.948
2,7203,1.546
2,7204,1.659
2,7205,1.895
2,7206,1.620
2,7207,1.540
2,7208,2.166
2,7209,1.988
2,7210,2.692
2,7211,1.976
2,7212,2.177
2,7213,1.871
2,7214,1.713
2,7215,2.176
2,7216,2.141
2,7217,2.088
2,7218,2.425
2,7219,2.094
2,7220,1.821
2,7221,1.580
2,7222,1.788
2,7223,2.408
2,7224,2.686
2,7225,2.292
2,7226,2.271
2,7227,1.697
2,7228,1.630
2,7229,1.840
2,7230,1.726
2,7231,2.225
2,7232,2.349
2,7233,1.961
2,7234,2.278
2,7235,2.689
2,7236,2.051
2,7237,1.757
2,7238,1.825
2,7239,2.184
2,7240,1.908
2,7241,1.741
2,7242,1.768
2,7243,1.707
2,7244,2.111
2,7245,1.575
2,7246,1.542
2,7247,1.785
2,7248,1.790
2,7249,1.683
2,7250,2.045
2,7251,1.928
2,7252,1.687
2,7253,1.593
2,7254,2.233
2,7255,2.070
2,7256,1.966
2,7257,1.817
2,7258,1.954
2,7259,1.778
2,7260,1.786
2,7261,2.294
2,7262,1.787
2,7263,2.489
2,7264,2.331
2,7265,2.273
2,7266,1.802
2,7267,1.772
2,7268,2.448
2,7269,1.780
2,7270,1.750
2,7271,2.055
2,7272,3.894
2,7273,3.289
2,7274,2.763
2,7275,2.347
2,7276,3.061
2,7277,2.998
2,7278,3.446
2,7279,3.161
2,7280,2.831
2,7281,3.564
2,7282,2.972
2,7283,2.912
2,7284,4.474
2,7285,3.160
2,7286,3.768
2,7287,3.300
2,7288,2.422
2,7289,2.261
2,7290,2.008
2,7291,1.632
2,7292,1.831
2,7293,1.914
2,7294,1.646
2,7295,1.675
2,7296,1.836
2,7297,1.714
2,7298,1.755
2,7299,2.110
2,7300,1.752
2,7301,3.052
2,7302,2.114
2,7303,2.052
2,7304,2.033
2,7305,1.973
2,7306,1.890
2,7307,2.239
2,7308,2.213
2,7309,2.318
2,7310,2.411
2,7311,1.991
2,7312,2.118
2,7313,2.189
2,7314,2.145
2,7315,2.709
2,7316,2.414
2,7317,2.108
2,7318,1.792
2,7319,2.237
2,7320,2.018
2,7321,1.819
2,7322,2.292
2,7323,2.868
2,7324,2.518
2,7325,2.370
2,7326,2.167
2,7327,1.924
2,7328,2.193
2,7329,2.904
2,7330,2.758
2,7331,2.139
2,7332,2.092
2,7333,1.662
2,7334,1.642
2,7335,1.819
2,7336,1.751
2,7337,2.547
2,7338,1.972
2,7339,2.080
2,7340,1.780
2,7341,1.602
2,7342,1.767
2,7343,1.839
2,7344,1.665
2,7345,1.932
2,7346,2.043
2,7347,1.684
2,7348,2.193
2,7349,2.272
2,7350,2.133
2,7351,2.166
2,7352,2.410
2,7353,3.069
2,7354,4.438
2,7355,2.667
2,7356,2.369
2,7357,1.996
2,7358,2.145
2,7359,1.904
2,7360,2.072
2,7361,1.857
2,7362,1.586
2,7363,1.569
2,7364,1.610
2,7365,1.934
2,7366,1.970
2,7367,1.828
2,7368,1.913
2,7369,2.011
2,7370,1.724
2,7371,2.323
2,7372,2.104
2,7373,1.863
2,7374,2.578
2,7375,2.305
2,7376,1.956
2,7377,1.696
2,7378,1.816
2,7379,1.826
2,7380,1.571
2,7381,1.713
2,7382,1.739
2,7383,2.890
2,7384,1.930
2,7385,1.779
2,7386,2.063
2,7387,1.730
2,7388,1.548
2,7389,1.695
2,7390,1.751
2,7391,1.942
2,7392,2.135
2,7393,2.069
2,7394,1.770
2,7395,1.684
2,7396,1.624
2,7397,2.331
2,7398,1.826
2,7399,2.017
2,7400,2.085
2,7401,2.535
2,7402,1.951
2,7403,1.798
2,7404,1.937
2,7405,1.715
2,7406,1.552
2,7407,2.000
2,7408,1.866
2,7409,1.531
2,7410,2.001
2,7411,1.658
2,7412,1.774
2,7413,1.928
2,7414,1.616
2,7415,2.069
2,7416,2.411
2,7417,1.834
2,7418,1.832
2,7419,2.472
2,7420,2.047
2,7421,1.778
2,7422,1.950
2,7423,3.078
2,7424,2.021
2,7425,2.264
2,7426,2.010
2,7427,2.663
2,7428,2.082
2,7429,1.837
2,7430,1.822
2,7431,1.882
2,7432,1.998
2,7433,1.737
2,7434,1.566
2,7435,1.828
2,7436,2.111
2,7437,1.903
2,7438,2.310
2,7439,2.399
2,7440,1.898
2,7441,1.580
2,7442,1.690
2,7443,1.752
2,7444,1.519
2,7445,2.079
2,7446,2.000
2,7447,2.203
2,7448,2.255
2,7449,1.938
2,7450,2.124
2,7451,1.887
2,7452,1.705
2,7453,1.972
2,7454,2.417
2,7455,2.144
2,7456,1.898
2,7457,1.843
2,7458,1.800
2,7459,1.510
2,7460,1.544
2,7461,1.619
2,7462,1.552
2,7463,2.648
2,7464,2.851
2,7465,2.182
2,7466,1.968
2,7467,2.178
2,7468,2.142
2,7469,1.815
2,7470,2.717
2,7471,2.459
2,7472,3.200
2,7473,2.771
2,7474,2.582
2,7475,2.805
2,7476,2.778
2,7477,2.194
2,7478,2.542
2,7479,2.901
2,7480,2.578
2,7481,2.388
2,7482,2.891
2,7483,2.382
2,7484,1.943
2,7485,1.628
2,7486,1.980
2,7487,1.749
2,7488,1.874
2,7489,1.721
2,7490,2.424
2,7491,2.172
2,7492,1.734
2,7493,1.762
2,7494,2.256
2,7495,2.474
2,7496,2.014
2,7497,2.513
2,7498,2.440
2,7499,1.880
2,7500,1.875
2,7501,1.962
2,7502,1.637
2,7503,2.232
2,7504,2.091
2,7505,2.287
2,7506,1.849
2,7507,1.818
2,7508,2.259
2,7509,2.146
2,7510,2.391
2,7511,2.909
2,7512,2.620
2,7513,2.008
2,7514,1.977
2,7515,1.878
2,7516,1.615
2,7517,2.473
2,7518,1.968
2,7519,2.871
2,7520,2.516
2,7521,2.184
2,7522,1.758
2,7523,1.898
2,7524,1.880
2,7525,1.799
2,7526,1.985
2,7527,2.381
2,7528,1.855
2,7529,1.672
2,7530,1.632
2,7531,1.986
2,7532,2.031
2,7533,1.657
2,7534,2.183
2,7535,2.153
2,7536,2.450
2,7537,1.980
2,7538,1.830
2,7539,1.757
2,7540,1.619
2,7541,1.798
2,7542,3.099
2,7543,2.782
2,7544,3.258
2,7545,2.587
2,7546,2.712
2,7547,2.358
2,7548,2.111
2,7549,2.423
2,7550,2.216
2,7551,2.885
2,7552,2.535
2,7553,2.494
2,7554,2.410
2,7555,2.517
2,7556,1.984
2,7557,1.663
2,7558,2.032
2,7559,2.232
2,7560,1.705
2,7561,1.754
2,7562,2.232
2,7563,2.596
2,7564,1.905
2,7565,2.265
2,7566,2.071
2,7567,2.237
2,7568,2.078
2,7569,2.154
2,7570,2.554
2,7571,2.235
2,7572,2.120
2,7573,1.630
2,7574,1.628
2,7575,1.885
2,7576,2.119
2,7577,2.032
2,7578,2.602
2,7579,2.625
2,7580,2.047
2,7581,2.071
2,7582,1.946
2,7583,1.565
2,7584,2.724
2,7585,2.227
2,7586,2.398
2,7587,2.027
2,7588,2.224
2,7589,1.921
2,7590,1.609
2,7591,1.968
2,7592,2.545
2,7593,19.825
2,7594,2.940
2,7595,2.453
2,7596,2.457
2,7597,2.187
2,7598,2.969
2,7599,2.552
2,7600,2.947
2,7601,3.214
2,7602,2.314
2,7603,2.540
2,7604,3.109
2,7605,2.875
2,7606,2.593
2,7607,2.341
2,7608,2.770
2,7609,2.692
2,7610,2.676
2,7611,3.035
2,7612,2.594
2,7613,3.172
2,7614,2.784
2,7615,2.795
2,7616,2.481
2,7617,2.452
2,7618,2.337
2,7619,2.840
2,7620,2.378
2,7621,3.609
2,7622,2.652
2,7623,2.260
2,7624,2.533
2,7625,2.720
2,7626,2.600
2,7627,2.928
2,7628,2.808
2,7629,2.625
2,7630,2.207
2,7631,2.144
2,7632,2.484
2,7633,2.358
2,7634,2.511
2,7635,3.210
2,7636,2.313
2,7637,2.699
2,7638,2.710
2,7639,3.002
2,7640,2.789
2,7641,3.079
2,7642,2.491
2,7643,2.485
2,7644,2.205
2,7645,3.067
2,7646,2.327
2,7647,2.264
2,7648,2.815
2,7649,2.515
2,7650,2.400
2,7651,2.865
2,7652,2.341
2,7653,2.529
2,7654,2.207
2,7655,4.008
2,7656,3.068
2,7657,2.491
2,7658,2.776
2,7659,2.393
2,7660,2.530
2,7661,3.066
2,7662,2.538
2,7663,2.874
2,7664,2.672
2,7665,2.299
2,7666,2.480
2,7667,2.262
2,7668,3.120
2,7669,2.587
2,7670,2.446
2,7671,2.423
2,7672,2.378
2,7673,2.097
2,7674,2.764
2,7675,3.624
2,7676,2.505
2,7677,2.445
2,7678,2.110
2,7679,2.596
2,7680,2.406
2,7681,2.274
2,7682,2.687
2,7683,2.240
2,7684,1.897
2,7685,2.035
2,7686,2.143
2,7687,1.910
2,7688,2.420
2,7689,2.406
2,7690,2.201
2,7691,2.006
2,7692,2.290
2,7693,2.022
2,7694,1.754
2,7695,2.561
2,7696,2.495
2,7697,2.860
2,7698,3.253
2,7699,2.957
2,7700,2.750
2,7701,3.145
2,7702,2.629
2,7703,2.380
2,7704,2.564
2,7705,3.098
2,7706,2.493
2,7707,2.662
2,7708,2.725
2,7709,2.169
2,7710,2.170
2,7711,3.030
2,7712,2.392
2,7713,3.102
2,7714,2.646
2,7715,2.822
2,7716,2.984
2,7717,3.932
2,7718,4.258
2,7719,3.224
2,7720,2.441
2,7721,2.439
2,7722,2.588
2,7723,3.486
2,7724,2.705
2,7725,2.792
2,7726,2.565
2,7727,2.659
2,7728,2.937
2,7729,3.238
2,7730,2.775
2,7731,2.697
2,7732,3.061
2,7733,2.828
2,7734,2.869
2,7735,2.886
2,7736,2.379
2,7737,2.399
2,7738,2.831
2,7739,2.850
2,7740,2.764
2,7741,2.346
2,7742,2.912
2,7743,2.500
2,7744,2.337
2,7745,2.888
2,7746,2.602
2,7747,2.950
2,7748,2.436
2,7749,3.415
2,7750,3.032
2,7751,3.655
2,7752,2.673
2,7753,1.993
2,7754,1.971
2,7755,2.362
2,7756,1.858
2,7757,1.780
2,7758,2.974
2,7759,2.856
2,7760,2.558
2,7761,2.434
2,7762,2.457
2,7763,2.077
2,7764,2.098
2,7765,2.130
2,7766,1.793
2,7767,1.877
2,7768,1.734
2,7769,1.493
2,7770,1.516
2,7771,2.107
2,7772,1.716
2,7773,2.387
2,7774,2.170
2,7775,2.103
2,7776,1.966
2,7777,1.770
2,7778,2.031
2,7779,1.755
2,7780,1.933
2,7781,2.037
2,7782,1.907
2,7783,1.841
2,7784,1.676
2,7785,1.592
2,7786,1.676
2,7787,1.677
2,7788,1.595
2,7789,2.151
2,7790,3.127
2,7791,2.061
2,7792,1.794
2,7793,1.678
2,7794,1.771
2,7795,1.554
2,7796,1.615
2,7797,1.857
2,7798,1.963
2,7799,2.801
2,7800,1.927
2,7801,1.776
2,7802,1.812
2,7803,1.934
2,7804,2.012
2,7805,1.890
2,7806,2.736
2,7807,2.286
2,7808,1.720
2,7809,1.826
2,7810,1.741
2,7811,1.632
2,7812,1.624
2,7813,1.557
2,7814,2.137
2,7815,2.108
2,7816,1.584
2,7817,2.224
2,7818,1.780
2,7819,1.645
2,7820,1.832
2,7821,1.692
2,7822,1.999
2,7823,2.295
2,7824,1.721
2,7825,2.183
2,7826,2.258
2,7827,1.851
2,7828,1.968
2,7829,1.892
2,7830,2.386
2,7831,2.258
2,7832,1.945
2,7833,1.728
2,7834,1.623
2,7835,2.719
2,7836,1.835
2,7837,1.610
2,7838,1.738
2,7839,1.792
2,7840,1.874
2,7841,1.856
2,7842,1.646
2,7843,1.880
2,7844,2.007
2,7845,1.651
2,7846,1.850
2,7847,3.187
2,7848,2.457
2,7849,2.418
2,7850,3.044
2,7851,3.317
2,7852,6.010
2,7853,2.788
2,7854,2.122
2,7855,1.916
2,7856,2.399
2,7857,2.234
2,7858,3.242
2,7859,2.423
2,7860,2.731
2,7861,2.181
2,7862,2.227
2,7863,2.124
2,7864,2.848
2,7865,2.612
2,7866,1.997
2,7867,2.198
2,7868,2.408
2,7869,2.500
2,7870,2.747
2,7871,2.317
2,7872,2.162
2,7873,1.891
2,7874,1.861
2,7875,1.742
2,7876,1.710
2,7877,1.882
2,7878,2.653
2,7879,1.917
2,7880,1.812
2,7881,2.265
2,7882,1.777
2,7883,2.023
2,7884,1.952
2,7885,1.820
2,7886,2.610
2,7887,2.462
2,7888,2.407
2,7889,3.123
2,7890,2.479
2,7891,2.119
2,7892,2.686
2,7893,2.601
2,7894,2.225
2,7895,2.114
2,7896,2.620
2,7897,2.696
2,7898,4.400
2,7899,2.561
2,7900,2.213
2,7901,1.985
2,7902,1.601
2,7903,2.543
2,7904,2.112
2,7905,1.884
2,7906,2.066
2,7907,2.024
2,7908,1.982
2,7909,1.734
2,7910,1.536
2,7911,1.832
2,7912,2.184
2,7913,2.181
2,7914,2.788
2,7915,2.123
2,7916,1.963
2,7917,1.869
2,7918,2.016
2,7919,1.877
2,7920,2.199
2,7921,2.085
2,7922,2.072
2,7923,2.052
2,7924,1.884
2,7925,1.665
2,7926,1.661
2,7927,1.622
2,7928,1.975
2,7929,2.319
2,7930,1.726
2,7931,1.845
2,7932,1.809
2,7933,1.551
2,7934,1.696
2,7935,1.776
2,7936,1.677
2,7937,1.795
2,7938,2.039
2,7939,3.424
2,7940,2.331
2,7941,1.841
2,7942,1.899
2,7943,1.793
2,7944,1.926
2,7945,1.860
2,7946,2.130
2,7947,2.173
2,7948,2.005
2,7949,1.753
2,7950,1.585
2,7951,1.456
2,7952,1.532
2,7953,1.547
2,7954,2.043
2,7955,2.223
2,7956,1.649
2,7957,2.065
2,7958,1.671
2,7959,1.521
2,7960,1.639
2,7961,1.827
2,7962,1.726
2,7963,2.564
2,7964,2.029
2,7965,1.952
2,7966,2.505
2,7967,1.913
2,7968,2.008
2,7969,1.788
2,7970,1.908
2,7971,2.085
2,7972,1.974
2,7973,1.801
2,7974,1.640
2,7975,2.184
2,7976,1.920
2,7977,1.628
2,7978,1.680
2,7979,1.934
2,7980,2.030
2,7981,2.032
2,7982,1.758
2,7983,1.741
2,7984,1.988
2,7985,1.627
2,7986,1.726
2,7987,1.762
2,7988,1.913
2,7989,2.078
2,7990,2.268
2,7991,2.099
2,7992,2.252
2,7993,2.776
2,7994,2.238
2,7995,2.179
2,7996,2.767
2,7997,2.237
2,7998,2.114
2,7999,2.126
2,8000,2.387
2,8001,2.455
2,8002,2.703
2,8003,2.526
2,8004,2.733
2,8005,3.222
2,8006,2.872
2,8007,2.851
2,8008,2.989
2,8009,2.627
2,8010,2.602
2,8011,3.185
2,8012,2.675
2,8013,2.653
2,8014,2.728
2,8015,2.385
2,8016,1.872
2,8017,1.755
2,8018,1.807
2,8019,1.720
2,8020,2.280
2,8021,2.187
2,8022,2.243
2,8023,1.632
2,8024,1.800
2,8025,1.851
2,8026,1.592
2,8027,1.645
2,8028,1.814
2,8029,2.925
2,8030,2.486
2,8031,2.817
2,8032,2.422
2,8033,2.361
2,8034,2.973
2,8035,2.840
2,8036,2.416
2,8037,2.104
2,8038,2.292
2,8039,1.924
2,8040,2.095
2,8041,2.210
2,8042,2.340
2,8043,2.073
2,8044,1.747
2,8045,1.667
2,8046,1.613
2,8047,2.634
2,8048,2.008
2,8049,2.238
2,8050,2.361
2,8051,1.918
2,8052,1.932
2,8053,1.700
2,8054,1.724
2,8055,3.390
2,8056,3.389
2,8057,2.281
2,8058,2.129
2,8059,2.105
2,8060,2.028
2,8061,1.933
2,8062,2.061
2,8063,1.960
2,8064,2.393
2,8065,2.462
2,8066,2.294
2,8067,2.140
2,8068,2.106
2,8069,2.078
2,8070,2.056
2,8071,1.905
2,8072,2.421
2,8073,1.971
2,8074,1.672
2,8075,1.837
2,8076,1.786
2,8077,1.671
2,8078,1.720
2,8079,1.963
2,8080,2.091
2,8081,2.638
2,8082,2.020
2,8083,2.062
2,8084,1.743
2,8085,1.819
2,8086,1.867
2,8087,2.202
2,8088,2.001
2,8089,1.646
2,8090,2.415
2,8091,1.860
2,8092,1.679
2,8093,1.868
2,8094,2.011
2,8095,2.574
2,8096,2.472
2,8097,2.198
2,8098,2.351
2,8099,1.891
2,8100,2.020
2,8101,1.934
2,8102,2.129
2,8103,2.720
2,8104,2.706
2,8105,2.217
2,8106,2.924
2,8107,1.877
2,8108,1.733
2,8109,2.060
2,8110,2.224
2,8111,2.350
2,8112,2.357
2,8113,2.470
2,8114,2.627
2,8115,1.925
2,8116,2.608
2,8117,2.546
2,8118,2.243
2,8119,2.174
2,8120,2.085
2,8121,1.991
2,8122,2.523
2,8123,1.917
2,8124,2.151
2,8125,2.131
2,8126,2.385
2,8127,1.884
2,8128,1.807
2,8129,2.014
2,8130,2.469
2,8131,2.608
2,8132,2.200
2,8133,2.106
2,8134,2.194
2,8135,2.075
2,8136,2.080
2,8137,2.286
2,8138,3.402
2,8139,2.915
2,8140,2.550
2,8141,2.354
2,8142,2.422
2,8143,2.660
2,8144,2.233
2,8145,3.179
2,8146,2.252
2,8147,2.525
2,8148,2.295
2,8149,3.518
2,8150,3.063
2,8151,3.316
2,8152,2.257
2,8153,2.052
2,8154,1.597
2,8155,2.001
2,8156,2.364
2,8157,2.153
2,8158,1.985
2,8159,2.793
2,8160,2.248
2,8161,1.879
2,8162,2.131
2,8163,2.553
2,8164,2.307
2,8165,2.285
2,8166,2.205
2,8167,2.447
2,8168,2.425
2,8169,2.460
2,8170,2.429
2,8171,2.428
2,8172,2.284
2,8173,2.204
2,8174,2.264
2,8175,2.608
2,8176,3.024
2,8177,2.391
2,8178,2.017
2,8179,2.153
2,8180,2.217
2,8181,2.320
2,8182,3.734
2,8183,2.271
2,8184,2.228
2,8185,2.233
2,8186,2.087
2,8187,2.122
2,8188,2.116
2,8189,3.180
2,8190,2.376
2,8191,2.395
2,8192,2.362
2,8193,2.365
2,8194,2.287
2,8195,2.345
2,8196,2.639
2,8197,2.314
2,8198,2.359
2,8199,2.316
2,8200,2.311
2,8201,2.381
2,8202,2.990
2,8203,2.750
2,8204,2.247
2,8205,2.263
2,8206,2.326
2,8207,2.141
2,8208,2.460
2,8209,3.216
2,8210,3.065
2,8211,2.447
2,8212,2.228
2,8213,2.391
2,8214,2.351
2,8215,2.427
2,8216,2.421
2,8217,2.702
2,8218,2.171
2,8219,2.326
2,8220,2.468
2,8221,2.541
2,8222,2.594
2,8223,2.427
2,8224,2.703
2,8225,2.438
2,8226,2.496
2,8227,2.115
2,8228,2.783
2,8229,2.687
2,8230,2.861
2,8231,2.935
2,8232,2.345
2,8233,2.471
2,8234,2.944
2,8235,2.389
2,8236,2.368
2,8237,2.373
2,8238,3.040
2,8239,2.610
2,8240,2.330
2,8241,2.614
2,8242,2.707
2,8243,2.379
2,8244,2.380
2,8245,2.974
2,8246,2.507
2,8247,2.504
2,8248,2.016
2,8249,2.507
2,8250,2.341
2,8251,2.160
2,8252,2.860
2,8253,3.200
2,8254,2.403
2,8255,2.430
2,8256,2.232
2,8257,2.351
2,8258,2.508
2,8259,3.045
2,8260,2.647
2,8261,2.495
2,8262,2.073
2,8263,2.064
2,8264,2.453
2,8265,2.461
2,8266,2.862
2,8267,2.468
2,8268,2.186
2,8269,2.953
2,8270,2.273
2,8271,2.382
2,8272,2.954
2,8273,2.884
2,8274,2.380
2,8275,2.365
2,8276,1.658
2,8277,1.730
2,8278,2.468
2,8279,2.700
2,8280,2.475
2,8281,2.558
2,8282,1.916
2,8283,1.574
2,8284,2.002
2,8285,2.021
2,8286,1.857
2,8287,1.947
2,8288,2.055
2,8289,1.760
2,8290,1.972
2,8291,1.944
2,8292,2.312
2,8293,2.151
2,8294,3.136
2,8295,2.663
2,8296,2.023
2,8297,2.048
2,8298,2.292
2,8299,1.726
2,8300,2.240
2,8301,2.058
2,8302,1.710
2,8303,1.724
2,8304,1.881
2,8305,1.734
2,8306,1.814
2,8307,2.376
2,8308,2.404
2,8309,1.813
2,8310,1.532
2,8311,2.021
2,8312,1.790
2,8313,1.613
2,8314,1.692
2,8315,1.952
2,8316,3.149
2,8317,1.935
2,8318,2.026
2,8319,2.028
2,8320,1.909
2,8321,2.022
2,8322,2.121
2,8323,2.198
2,8324,2.318
2,8325,2.135
2,8326,1.873
2,8327,1.498
2,8328,1.830
2,8329,2.027
2,8330,1.889
2,8331,2.491
2,8332,2.027
2,8333,2.469
2,8334,1.636
2,8335,1.737
2,8336,1.990
2,8337,1.664
2,8338,1.880
2,8339,2.435
2,8340,2.175
2,8341,2.308
2,8342,2.587
2,8343,2.046
2,8344,1.812
2,8345,2.027
2,8346,2.140
2,8347,2.053
2,8348,1.941
2,8349,1.920
2,8350,1.888
2,8351,1.970
2,8352,1.801
2,8353,1.837
2,8354,1.996
2,8355,2.771
2,8356,2.411
2,8357,2.221
2,8358,2.296
2,8359,2.500
2,8360,1.897
2,8361,1.979
2,8362,2.042
2,8363,1.928
2,8364,1.647
2,8365,2.435
2,8366,2.138
2,8367,2.056
2,8368,2.445
2,8369,2.302
2,8370,1.957
2,8371,1.799
2,8372,1.889
2,8373,1.718
2,8374,1.876
2,8375,1.932
2,8376,2.733
2,8377,3.650
2,8378,2.436
2,8379,1.832
2,8380,1.646
2,8381,1.844
2,8382,2.157
2,8383,3.055
2,8384,2.404
2,8385,2.501
2,8386,1.754
2,8387,1.921
2,8388,2.413
2,8389,1.966
2,8390,2.581
2,8391,2.699
2,8392,1.922
2,8393,2.221
2,8394,2.052
2,8395,1.660
2,8396,1.534
2,8397,2.316
2,8398,3.149
2,8399,3.024
2,8400,3.299
2,8401,2.818
2,8402,2.302
2,8403,2.360
2,8404,2.616
2,8405,2.566
2,8406,2.222
2,8407,2.073
2,8408,2.649
2,8409,2.726
2,8410,2.628
2,8411,2.370
2,8412,2.224
2,8413,2.248
2,8414,2.308
2,8415,2.480
2,8416,2.423
2,8417,2.341
2,8418,1.722
2,8419,1.714
2,8420,1.822
2,8421,1.873
2,8422,1.966
2,8423,1.755
2,8424,2.824
2,8425,1.890
2,8426,1.743
2,8427,2.100
2,8428,1.807
2,8429,1.640
2,8430,1.670
2,8431,1.878
2,8432,2.485
2,8433,2.343
2,8434,2.283
2,8435,2.101
2,8436,1.970
2,8437,2.126
2,8438,1.930
2,8439,1.956
2,8440,2.405
2,8441,2.594
2,8442,1.801
2,8443,1.660
2,8444,2.155
2,8445,1.706
2,8446,1.822
2,8447,2.013
2,8448,2.381
2,8449,2.286
2,8450,2.458
2,8451,1.827
2,8452,1.625
2,8453,1.529
2,8454,1.677
2,8455,1.932
2,8456,2.443
2,8457,2.467
2,8458,2.095
2,8459,2.329
2,8460,1.727
2,8461,1.977
2,8462,1.781
2,8463,1.896
2,8464,1.901
2,8465,1.733
2,8466,1.721
2,8467,1.723
2,8468,1.925
2,8469,1.727
2,8470,1.696
2,8471,1.661
2,8472,2.084
2,8473,1.953
2,8474,1.646
2,8475,1.613
2,8476,1.631
2,8477,1.535
2,8478,2.296
2,8479,1.681
2,8480,1.929
2,8481,2.266
2,8482,1.686
2,8483,2.227
2,8484,1.871
2,8485,1.791
2,8486,1.825
2,8487,2.181
2,8488,2.016
2,8489,2.183
2,8490,2.155
2,8491,1.981
2,8492,1.666
2,8493,1.775
2,8494,1.756
2,8495,1.622
2,8496,2.201
2,8497,1.939
2,8498,2.214
2,8499,1.860
2,8500,1.536
2,8501,1.637
2,8502,1.768
2,8503,1.602
2,8504,1.710
2,8505,1.664
2,8506,2.495
2,8507,1.837
2,8508,1.776
2,8509,1.952
2,8510,2.215
2,8511,1.719
2,8512,1.901
2,8513,2.020
2,8514,2.580
2,8515,2.278
2,8516,1.938
2,8517,1.704
2,8518,1.507
2,8519,1.584
2,8520,1.837
2,8521,1.585
2,8522,2.144
2,8523,2.286
2,8524,2.826
2,8525,1.982
2,8526,1.658
2,8527,1.736
2,8528,1.565
2,8529,1.476
2,8530,2.007
2,8531,2.151
2,8532,1.805
2,8533,2.223
2,8534,1.835
2,8535,2.131
2,8536,1.676
2,8537,1.671
2,8538,2.131
2,8539,1.957
2,8540,1.892
2,8541,2.649
2,8542,3.209
2,8543,1.983
2,8544,1.885
2,8545,2.463
2,8546,2.603
2,8547,2.597
2,8548,2.749
2,8549,2.762
2,8550,2.049
2,8551,2.057
2,8552,2.057
2,8553,2.437
2,8554,1.973
2,8555,2.103
2,8556,2.225
2,8557,3.128
2,8558,2.963
2,8559,2.492
2,8560,2.107
2,8561,2.206
2,8562,2.282
2,8563,2.105
2,8564,2.408
2,8565,2.570
2,8566,2.315
2,8567,2.204
2,8568,2.161
2,8569,1.930
2,8570,2.115
2,8571,2.007
2,8572,2.240
2,8573,1.852
2,8574,1.697
2,8575,2.026
2,8576,1.680
2,8577,1.478
2,8578,1.762
2,8579,1.755
2,8580,1.657
2,8581,2.330
2,8582,2.521
2,8583,2.137
2,8584,1.846
2,8585,1.787
2,8586,1.939
2,8587,1.726
2,8588,1.702
2,8589,1.893
2,8590,1.974
2,8591,2.915
2,8592,2.077
2,8593,1.916
2,8594,1.641
2,8595,1.587
2,8596,1.999
2,8597,2.079
2,8598,1.845
2,8599,1.689
2,8600,2.208
2,8601,1.877
2,8602,1.665
2,8603,1.573
2,8604,1.805
2,8605,1.758
2,8606,1.878
2,8607,2.416
2,8608,1.985
2,8609,2.353
2,8610,1.803
2,8611,1.928
2,8612,1.783
2,8613,2.984
2,8614,2.932
2,8615,2.178
2,8616,2.648
2,8617,2.481
2,8618,1.858
2,8619,1.841
2,8620,2.626
2,8621,1.761
2,8622,1.625
2,8623,2.149
2,8624,2.106
2,8625,1.994
2,8626,2.083
2,8627,2.287
2,8628,2.475
2,8629,2.899
2,8630,2.399
2,8631,2.167
2,8632,2.134
2,8633,2.126
2,8634,2.893
2,8635,2.194
2,8636,2.026
2,8637,1.698
2,8638,1.839
2,8639,2.040
2,8640,1.762
2,8641,1.945
2,8642,2.245
2,8643,2.671
2,8644,1.823
2,8645,1.627
2,8646,1.892
2,8647,1.739
2,8648,1.641
2,8649,2.232
2,8650,2.267
2,8651,1.900
2,8652,2.151
2,8653,2.407
2,8654,2.059
2,8655,1.740
2,8656,2.296
2,8657,2.410
2,8658,2.245
2,8659,2.207
2,8660,2.287
2,8661,1.673
2,8662,1.623
2,8663,2.106
2,8664,1.786
2,8665,1.841
2,8666,2.022
2,8667,1.991
2,8668,2.045
2,8669,2.199
2,8670,1.986
2,8671,1.817
2,8672,1.547
2,8673,1.785
2,8674,2.228
2,8675,1.868
2,8676,1.722
2,8677,2.483
2,8678,2.746
2,8679,1.905
2,8680,2.083
2,8681,2.252
2,8682,2.254
2,8683,2.210
2,8684,2.007
2,8685,1.958
2,8686,2.262
2,8687,1.990
2,8688,1.705
2,8689,1.534
2,8690,2.290
2,8691,2.278
2,8692,2.374
2,8693,2.287
2,8694,2.462
2,8695,2.041
2,8696,2.270
2,8697,2.359
2,8698,2.050
2,8699,2.176
2,8700,2.280
2,8701,2.471
2,8702,2.606
2,8703,2.401
2,8704,2.397
2,8705,2.305
2,8706,2.132
2,8707,2.061
2,8708,2.096
2,8709,2.046
2,8710,3.000
2,8711,2.126
2,8712,1.813
2,8713,1.617
2,8714,1.610
2,8715,2.033
2,8716,1.759
2,8717,1.577
2,8718,1.779
2,8719,2.217
2,8720,1.896
2,8721,1.786
2,8722,1.545
2,8723,1.815
2,8724,1.772
2,8725,1.595
2,8726,2.147
2,8727,2.179
2,8728,2.400
2,8729,2.019
2,8730,2.045
2,8731,1.975
2,8732,1.803
2,8733,1.803
2,8734,1.935
2,8735,1.916
2,8736,1.889
2,8737,2.318
2,8738,1.753
2,8739,1.653
2,8740,1.597
2,8741,1.968
2,8742,2.022
2,8743,1.943
2,8744,1.943
2,8745,1.794
2,8746,2.181
2,8747,1.950
2,8748,1.754
2,8749,1.905
2,8750,1.759
2,8751,2.730
2,8752,2.300
2,8753,1.992
2,8754,1.903
2,8755,2.296
2,8756,1.952
2,8757,1.780
2,8758,2.012
2,8759,2.376
2,8760,2.041
2,8761,2.162
2,8762,2.068
2,8763,2.559
2,8764,2.001
2,8765,2.471
2,8766,2.311
2,8767,2.160
2,8768,2.416
2,8769,2.396
2,8770,2.591
2,8771,2.826
2,8772,3.204
2,8773,3.032
2,8774,2.317
2,8775,2.625
2,8776,2.513
2,8777,2.658
2,8778,4.003
2,8779,5.510
2,8780,2.625
2,8781,2.159
2,8782,2.595
2,8783,3.218
2,8784,2.419
2,8785,2.997
2,8786,2.313
2,8787,2.544
2,8788,2.644
2,8789,2.489
2,8790,2.768
2,8791,2.781
2,8792,2.306
2,8793,2.505
2,8794,2.526
2,8795,2.610
2,8796,2.267
2,8797,2.653
2,8798,2.455
2,8799,2.392
2,8800,2.312
2,8801,2.711
2,8802,2.565
2,8803,2.949
2,8804,2.878
2,8805,2.180
2,8806,2.304
2,8807,3.229
2,8808,2.746
2,8809,2.508
2,8810,2.746
2,8811,2.732
2,8812,2.562
2,8813,2.795
2,8814,2.817
2,8815,3.432
2,8816,2.768
2,8817,3.325
2,8818,2.667
2,8819,2.430
2,8820,4.075
2,8821,2.440
2,8822,2.136
2,8823,2.682
2,8824,2.646
2,8825,2.155
2,8826,2.354
2,8827,2.386
2,8828,2.676
2,8829,2.475
2,8830,2.860
2,8831,2.557
2,8832,2.505
2,8833,2.329
2,8834,2.325
2,8835,2.295
2,8836,2.251
2,8837,2.922
2,8838,2.332
2,8839,2.235
2,8840,2.413
2,8841,2.482
2,8842,2.296
2,8843,2.803
2,8844,3.090
2,8845,2.574
2,8846,2.538
2,8847,2.444
2,8848,2.861
2,8849,2.558
2,8850,2.442
2,8851,2.900
2,8852,2.284
2,8853,2.358
2,8854,2.441
2,8855,2.218
2,8856,3.171
2,8857,2.437
2,8858,2.347
2,8859,2.111
2,8860,2.290
2,8861,2.211
2,8862,2.052
2,8863,2.635
2,8864,2.197
2,8865,2.232
2,8866,2.368
2,8867,2.211
2,8868,2.112
2,8869,2.491
2,8870,3.059
2,8871,2.742
2,8872,2.328
2,8873,3.038
2,8874,2.105
2,8875,1.856
2,8876,1.912
2,8877,1.895
2,8878,1.979
2,8879,1.641
2,8880,1.576
2,8881,1.695
2,8882,2.146
2,8883,1.935
2,8884,1.764
2,8885,2.005
2,8886,1.950
2,8887,1.746
2,8888,1.775
2,8889,1.916
2,8890,1.626
2,8891,2.262
2,8892,2.104
2,8893,2.390
2,8894,2.570
2,8895,2.406
2,8896,2.418
2,8897,2.172
2,8898,2.521
2,8899,2.894
2,8900,3.245
2,8901,3.042
2,8902,2.305
2,8903,2.626
2,8904,2.745
2,8905,3.376
2,8906,3.634
2,8907,3.852
2,8908,2.644
2,8909,2.260
2,8910,2.759
2,8911,3.394
2,8912,2.678
2,8913,2.416
2,8914,2.140
2,8915,2.247
2,8916,2.400
2,8917,2.361
2,8918,3.012
2,8919,2.344
2,8920,2.185
2,8921,2.174
2,8922,2.343
2,8923,2.629
2,8924,2.901
2,8925,3.105
2,8926,2.273
2,8927,2.260
2,8928,2.098
2,8929,2.593
2,8930,2.449
2,8931,2.706
2,8932,2.738
2,8933,2.306
2,8934,2.307
2,8935,2.549
2,8936,2.423
2,8937,2.376
2,8938,2.247
2,8939,2.494
2,8940,2.329
2,8941,2.454
2,8942,3.421
2,8943,3.133
2,8944,2.765
2,8945,2.996
2,8946,2.860
2,8947,2.571
2,8948,2.602
2,8949,2.380
2,8950,2.402
2,8951,2.796
2,8952,2.379
2,8953,2.771
2,8954,2.225
2,8955,2.617
2,8956,2.415
2,8957,2.110
2,8958,2.581
2,8959,2.460
2,8960,3.561
2,8961,2.248
2,8962,2.318
2,8963,2.389
2,8964,2.328
2,8965,2.128
2,8966,2.249
2,8967,3.313
2,8968,2.244
2,8969,1.966
2,8970,1.851
2,8971,2.435
2,8972,1.905
2,8973,2.325
2,8974,2.519
2,8975,2.522
2,8976,1.992
2,8977,2.198
2,8978,1.921
2,8979,1.662
2,8980,1.963
2,8981,2.541
2,8982,1.777
2,8983,1.899
2,8984,2.341
2,8985,2.058
2,8986,1.917
2,8987,2.002
2,8988,1.973
2,8989,2.060
2,8990,2.087
2,8991,1.991
2,8992,1.740
2,8993,2.260
2,8994,2.008
2,8995,2.372
2,8996,2.099
2,8997,3.386
2,8998,3.066
2,8999,2.397
2,9000,2.489
2,9001,1.888
2,9002,2.032
2,9003,2.332
2,9004,1.885
2,9005,1.623
2,9006,1.904
2,9007,1.762
2,9008,1.823
2,9009,2.269
2,9010,2.208
2,9011,2.444
2,9012,2.445
2,9013,2.460
2,9014,2.142
2,9015,2.066
2,9016,2.264
2,9017,3.473
2,9018,2.788
2,9019,2.775
2,9020,2.852
2,9021,2.693
2,9022,2.338
2,9023,2.800
2,9024,2.406
2,9025,1.964
2,9026,2.060
2,9027,2.304
2,9028,1.977
2,9029,2.291
2,9030,2.702
2,9031,2.880
2,9032,2.687
2,9033,2.725
2,9034,2.460
2,9035,2.965
2,9036,3.809
2,9037,3.131
2,9038,2.060
2,9039,1.799
2,9040,2.144
2,9041,2.397
2,9042,2.225
2,9043,2.250
2,9044,2.031
2,9045,2.832
2,9046,2.420
2,9047,1.904
2,9048,2.160
2,9049,2.522
2,9050,2.261
2,9051,1.960
2,9052,2.060
2,9053,2.243
2,9054,1.944
2,9055,2.293
2,9056,3.240
2,9057,2.123
2,9058,2.652
2,9059,2.136
2,9060,2.005
2,9061,2.441
2,9062,2.185
2,9063,2.234
2,9064,2.231
2,9065,2.073
2,9066,1.805
2,9067,1.969
2,9068,2.043
2,9069,2.174
2,9070,1.982
2,9071,2.196
2,9072,2.255
2,9073,1.684
2,9074,1.741
2,9075,2.099
2,9076,1.740
2,9077,1.755
2,9078,2.793
2,9079,2.308
2,9080,1.895
2,9081,2.457
2,9082,2.146
2,9083,1.821
2,9084,2.333
2,9085,2.705
2,9086,2.755
2,9087,2.322
2,9088,1.978
2,9089,1.633
2,9090,1.611
2,9091,2.180
2,9092,1.871
2,9093,2.399
2,9094,2.714
2,9095,2.368
2,9096,1.846
2,9097,2.135
2,9098,1.922
2,9099,1.819
2,9100,2.357
2,9101,2.300
2,9102,2.206
2,9103,1.862
2,9104,1.924
2,9105,2.395
2,9106,2.022
2,9107,2.242
2,9108,3.193
2,9109,2.715
2,9110,3.183
2,9111,2.284
2,9112,2.392
2,9113,2.632
2,9114,3.180
2,9115,2.766
2,9116,2.543
2,9117,3.431
2,9118,4.092
2,9119,2.764
2,9120,2.234
2,9121,1.970
2,9122,2.138
2,9123,1.919
2,9124,2.744
2,9125,2.740
2,9126,2.599
2,9127,2.153
2,9128,2.291
2,9129,1.925
2,9130,2.008
2,9131,2.124
2,9132,2.983
2,9133,2.244
2,9134,2.118
2,9135,1.865
2,9136,1.758
2,9137,2.103
2,9138,2.073
2,9139,2.001
2,9140,2.546
2,9141,2.303
2,9142,1.926
2,9143,1.627
2,9144,1.920
2,9145,1.984
2,9146,1.895
2,9147,3.398
2,9148,2.873
2,9149,2.365
2,9150,2.526
2,9151,2.241
2,9152,2.509
2,9153,2.897
2,9154,2.462
2,9155,3.645
2,9156,2.672
2,9157,3.723
2,9158,3.364
2,9159,2.855
2,9160,2.359
2,9161,2.387
2,9162,2.066
2,9163,2.347
2,9164,2.833
2,9165,2.681
2,9166,2.154
2,9167,1.876
2,9168,2.103
2,9169,2.549
2,9170,2.231
2,9171,2.315
2,9172,2.125
2,9173,1.723
2,9174,1.866
2,9175,2.012
2,9176,1.825
2,9177,1.906
2,9178,2.647
2,9179,2.841
2,9180,4.348
2,9181,2.305
2,9182,1.866
2,9183,1.873
2,9184,1.995
2,9185,2.525
2,9186,2.024
2,9187,2.315
2,9188,1.956
2,9189,1.894
2,9190,2.090
2,9191,2.258
2,9192,2.248
2,9193,2.760
2,9194,2.054
2,9195,1.861
2,9196,1.879
2,9197,1.974
2,9198,1.867
2,9199,1.965
2,9200,1.929
2,9201,1.942
2,9202,2.441
2,9203,2.194
2,9204,2.021
2,9205,1.818
2,9206,1.937
2,9207,2.165
2,9208,1.767
2,9209,1.707
2,9210,1.847
2,9211,2.799
2,9212,2.192
2,9213,1.899
2,9214,2.216
2,9215,2.418
2,9216,2.203
2,9217,2.018
2,9218,1.796
2,9219,2.168
2,9220,1.838
2,9221,1.899
2,9222,2.092
2,9223,2.327
2,9224,2.124
2,9225,1.903
2,9226,2.140
2,9227,1.985
2,9228,2.188
2,9229,1.741
2,9230,2.333
2,9231,2.220
2,9232,1.661
2,9233,1.677
2,9234,2.040
2,9235,1.830
2,9236,2.096
2,9237,2.356
2,9238,2.724
2,9239,2.229
2,9240,2.182
2,9241,2.055
2,9242,1.810
2,9243,1.844
2,9244,1.720
2,9245,2.816
2,9246,2.071
2,9247,1.974
2,9248,1.858
2,9249,1.686
2,9250,2.044
2,9251,1.958
2,9252,1.694
2,9253,1.650
2,9254,2.604
2,9255,2.119
2,9256,1.842
2,9257,1.730
2,9258,1.982
2,9259,1.828
2,9260,2.156
2,9261,2.071
2,9262,2.375
2,9263,2.374
2,9264,2.235
2,9265,2.241
2,9266,1.870
2,9267,1.963
2,9268,1.924
2,9269,2.049
2,9270,2.265
2,9271,2.259
2,9272,1.768
2,9273,1.706
2,9274,1.767
2,9275,2.148
2,9276,1.812
2,9277,1.965
2,9278,2.102
2,9279,1.810
2,9280,2.561
2,9281,1.962
2,9282,1.790
2,9283,1.750
2,9284,2.032
2,9285,3.750
2,9286,2.748
2,9287,2.848
2,9288,3.344
2,9289,2.888
2,9290,2.733
2,9291,2.458
2,9292,2.584
2,9293,1.991
2,9294,2.010
2,9295,2.637
2,9296,2.815
2,9297,2.921
2,9298,2.354
2,9299,2.037
2,9300,2.249
2,9301,2.152
2,9302,2.464
2,9303,2.763
2,9304,2.971
2,9305,2.048
2,9306,2.107
2,9307,2.157
2,9308,1.899
2,9309,1.824
2,9310,2.736
2,9311,2.437
2,9312,2.121
2,9313,2.400
2,9314,2.093
2,9315,2.063
2,9316,2.097
2,9317,2.334
2,9318,2.874
2,9319,2.296
2,9320,2.093
2,9321,2.069
2,9322,2.374
2,9323,2.262
2,9324,2.481
2,9325,2.463
2,9326,3.425
2,9327,2.617
2,9328,2.467
2,9329,2.488
2,9330,2.751
2,9331,2.404
2,9332,2.417
2,9333,3.108
2,9334,2.286
2,9335,2.369
2,9336,2.797
2,9337,2.799
2,9338,2.708
2,9339,3.025
2,9340,3.353
2,9341,2.825
2,9342,2.516
2,9343,2.638
2,9344,2.741
2,9345,3.169
2,9346,3.364
2,9347,2.864
2,9348,2.770
2,9349,2.386
2,9350,2.527
2,9351,2.609
2,9352,2.294
2,9353,2.924
2,9354,2.533
2,9355,2.670
2,9356,2.592
2,9357,2.371
2,9358,2.418
2,9359,2.882
2,9360,3.150
2,9361,3.035
2,9362,2.815
2,9363,3.175
2,9364,2.880
2,9365,2.746
2,9366,3.297
2,9367,2.811
2,9368,2.879
2,9369,2.721
2,9370,2.975
2,9371,2.520
2,9372,3.080
2,9373,2.730
2,9374,2.447
2,9375,2.491
2,9376,2.835
2,9377,2.601
2,9378,2.588
2,9379,2.919
2,9380,3.059
2,9381,2.763
2,9382,3.053
2,9383,2.911
2,9384,2.727
2,9385,3.187
2,9386,2.554
2,9387,3.179
2,9388,2.641
2,9389,2.451
2,9390,2.608
2,9391,2.666
2,9392,2.800
2,9393,2.946
2,9394,2.624
2,9395,2.429
2,9396,2.243
2,9397,2.123
2,9398,2.136
2,9399,4.089
2,9400,2.771
2,9401,2.557
2,9402,2.311
2,9403,2.282
2,9404,2.299
2,9405,2.591
2,9406,3.146
2,9407,2.499
2,9408,2.199
2,9409,2.452
2,9410,2.557
2,9411,2.657
2,9412,2.558
2,9413,2.788
2,9414,2.579
2,9415,2.386
2,9416,2.216
2,9417,2.872
2,9418,3.015
2,9419,2.389
2,9420,2.883
2,9421,2.181
2,9422,2.512
2,9423,2.824
2,9424,2.410
2,9425,2.156
2,9426,2.090
2,9427,2.210
2,9428,1.832
2,9429,1.845
2,9430,1.926
2,9431,2.602
2,9432,2.317
2,9433,1.879
2,9434,1.752
2,9435,1.886
2,9436,2.572
2,9437,1.771
2,9438,2.248
2,9439,2.298
2,9440,2.534
2,9441,2.136
2,9442,2.084
2,9443,2.018
2,9444,2.188
2,9445,2.743
2,9446,2.980
2,9447,2.156
2,9448,1.829
2,9449,1.913
2,9450,1.840
2,9451,1.837
2,9452,2.060
2,9453,1.955
2,9454,2.275
2,9455,2.061
2,9456,1.781
2,9457,1.739
2,9458,1.773
2,9459,1.833
2,9460,1.864
2,9461,2.604
2,9462,2.277
2,9463,1.885
2,9464,2.280
2,9465,2.065
2,9466,1.910
2,9467,2.085
2,9468,2.145
2,9469,3.320
2,9470,2.291
2,9471,2.138
2,9472,1.738
2,9473,1.669
2,9474,1.964
2,9475,1.851
2,9476,2.476
2,9477,2.622
2,9478,2.512
2,9479,2.015
2,9480,1.937
2,9481,1.960
2,9482,1.864
2,9483,3.112
2,9484,2.806
2,9485,2.756
2,9486,2.825
2,9487,2.287
2,9488,2.298
2,9489,2.342
2,9490,2.177
2,9491,2.010
2,9492,2.296
2,9493,2.014
2,9494,1.746
2,9495,1.722
2,9496,2.327
2,9497,2.115
2,9498,1.867
2,9499,1.745
2,9500,1.934
2,9501,2.378
2,9502,1.817
2,9503,2.241
2,9504,2.522
2,9505,1.930
2,9506,1.889
2,9507,1.650
2,9508,1.647
2,9509,1.743
2,9510,2.700
2,9511,2.469
2,9512,2.534
2,9513,2.477
2,9514,2.067
2,9515,2.002
2,9516,1.976
2,9517,2.003
2,9518,2.518
2,9519,2.709
2,9520,2.567
2,9521,2.397
2,9522,2.477
2,9523,2.578
2,9524,2.502
2,9525,3.069
2,9526,2.034
2,9527,1.977
2,9528,2.047
2,9529,1.730
2,9530,1.795
2,9531,1.898
2,9532,2.438
2,9533,2.523
2,9534,2.369
2,9535,2.202
2,9536,1.898
2,9537,2.102
2,9538,1.906
2,9539,2.581
2,9540,2.167
2,9541,2.420
2,9542,2.057
2,9543,1.877
2,9544,2.047
2,9545,1.780
2,9546,2.179
2,9547,2.513
2,9548,2.297
2,9549,2.696
2,9550,2.494
2,9551,2.200
2,9552,1.886
2,9553,3.016
2,9554,3.463
2,9555,5.569
2,9556,4.385
2,9557,3.459
2,9558,3.785
2,9559,3.413
2,9560,3.075
2,9561,3.640
2,9562,3.543
2,9563,2.882
2,9564,2.910
2,9565,2.697
2,9566,3.075
2,9567,3.559
2,9568,3.547
2,9569,4.821
2,9570,4.445
2,9571,4.142
2,9572,3.580
2,9573,3.247
2,9574,3.350
2,9575,3.059
2,9576,3.660
2,9577,3.595
2,9578,3.788
2,9579,4.595
2,9580,3.991
2,9581,4.423
2,9582,4.609
2,9583,4.898
2,9584,4.222
2,9585,3.125
2,9586,3.829
2,9587,3.045
2,9588,3.212
2,9589,3.057
2,9590,2.670
2,9591,2.938
2,9592,3.091
2,9593,2.797
2,9594,2.842
2,9595,2.655
2,9596,2.898
2,9597,2.864
2,9598,3.206
2,9599,2.686
2,9600,2.665
2,9601,2.634
2,9602,2.746
2,9603,2.925
2,9604,3.263
2,9605,2.567
2,9606,2.714
2,9607,2.855
2,9608,2.752
2,9609,2.702
2,9610,3.076
2,9611,2.765
2,9612,2.765
2,9613,2.956
2,9614,3.229
2,9615,2.676
2,9616,2.951
2,9617,2.637
2,9618,2.516
2,9619,2.806
2,9620,3.342
2,9621,3.329
2,9622,3.194
2,9623,2.381
2,9624,2.521
2,9625,3.859
2,9626,3.378
2,9627,2.815
2,9628,2.611
2,9629,2.395
2,9630,2.654
2,9631,3.070
2,9632,2.560
2,9633,2.362
2,9634,2.300
2,9635,3.106
2,9636,2.684
2,9637,3.402
2,9638,3.666
2,9639,3.654
2,9640,3.538
2,9641,3.891
2,9642,3.322
2,9643,3.109
2,9644,3.132
2,9645,2.973
2,9646,3.449
2,9647,3.903
2,9648,2.731
2,9649,2.737
2,9650,3.157
2,9651,3.343
2,9652,2.991
2,9653,3.380
2,9654,2.815
2,9655,2.709
2,9656,2.916
2,9657,2.854
2,9658,2.605
2,9659,3.108
2,9660,2.694
2,9661,2.973
2,9662,3.647
2,9663,4.216
2,9664,3.519
2,9665,3.278
2,9666,3.186
2,9667,2.643
2,9668,2.654
2,9669,2.477
2,9670,2.485
2,9671,2.885
2,9672,2.557
2,9673,2.474
2,9674,2.286
2,9675,2.110
2,9676,2.217
2,9677,2.079
2,9678,2.735
2,9679,3.259
2,9680,2.387
2,9681,2.674
2,9682,2.807
2,9683,2.250
2,9684,2.872
2,9685,2.873
2,9686,3.178
2,9687,2.915
2,9688,3.133
2,9689,3.152
2,9690,2.921
2,9691,3.351
2,9692,3.855
2,9693,3.167
2,9694,4.125
2,9695,4.016
2,9696,3.949
2,9697,4.190
2,9698,3.893
2,9699,2.603
2,9700,2.909
2,9701,3.268
2,9702,3.365
2,9703,3.753
2,9704,3.274
2,9705,3.087
2,9706,2.992
2,9707,3.839
2,9708,4.899
2,9709,3.062
2,9710,2.911
2,9711,2.922
2,9712,3.689
2,9713,3.608
2,9714,2.780
2,9715,2.885
2,9716,2.408
2,9717,2.960
2,9718,2.652
2,9719,2.591
2,9720,2.691
2,9721,2.405
2,9722,2.249
2,9723,2.698
2,9724,2.456
2,9725,2.578
2,9726,2.909
2,9727,2.315
2,9728,2.486
2,9729,2.895
2,9730,3.054
2,9731,2.580
2,9732,2.261
2,9733,2.782
2,9734,2.709
2,9735,2.414
2,9736,2.362
2,9737,2.008
2,9738,1.916
2,9739,2.229
2,9740,2.193
2,9741,2.304
2,9742,2.656
2,9743,2.422
2,9744,1.833
2,9745,1.879
2,9746,1.903
2,9747,1.830
2,9748,1.928
2,9749,3.240
2,9750,2.858
2,9751,3.075
2,9752,2.668
2,9753,2.112
2,9754,2.403
2,9755,2.769
2,9756,2.959
2,9757,2.532
2,9758,2.296
2,9759,2.377
2,9760,2.377
2,9761,2.204
2,9762,2.654
2,9763,3.252
2,9764,2.638
2,9765,2.821
2,9766,2.265
2,9767,2.462
2,9768,2.487
2,9769,2.180
2,9770,2.255
2,9771,2.712
2,9772,2.077
2,9773,2.044
2,9774,2.182
2,9775,2.394
2,9776,2.475
2,9777,2.631
2,9778,2.320
2,9779,1.910
2,9780,2.219
2,9781,1.870
2,9782,3.379
2,9783,2.799
2,9784,2.578
2,9785,2.861
2,9786,2.048
2,9787,2.210
2,9788,2.522
2,9789,2.138
2,9790,2.097
2,9791,2.129
2,9792,2.483
2,9793,2.571
2,9794,3.051
2,9795,2.242
2,9796,2.250
2,9797,2.526
2,9798,2.176
2,9799,2.149
2,9800,2.942
2,9801,2.352
2,9802,2.209
2,9803,2.361
2,9804,2.355
2,9805,2.396
2,9806,2.358
2,9807,3.315
2,9808,2.793
2,9809,2.292
2,9810,2.355
2,9811,2.492
2,9812,2.814
2,9813,2.810
2,9814,2.836
2,9815,2.038
2,9816,2.620
2,9817,2.357
2,9818,2.410
2,9819,2.694
2,9820,2.582
2,9821,3.349
2,9822,5.433
2,9823,3.214
2,9824,2.664
2,9825,2.554
2,9826,2.899
2,9827,2.554
2,9828,2.544
2,9829,2.978
2,9830,3.472
2,9831,2.709
2,9832,3.228
2,9833,3.147
2,9834,3.189
2,9835,3.131
2,9836,2.550
2,9837,2.403
2,9838,2.670
2,9839,2.480
2,9840,2.743
2,9841,2.473
2,9842,2.630
2,9843,2.704
2,9844,2.757
2,9845,4.075
2,9846,2.864
2,9847,3.701
2,9848,3.086
2,9849,2.555
2,9850,2.854
2,9851,3.499
2,9852,2.984
2,9853,2.909
2,9854,2.875
2,9855,2.804
2,9856,3.038
2,9857,3.790
2,9858,3.440
2,9859,2.782
2,9860,2.741
2,9861,3.168
2,9862,3.365
2,9863,4.238
2,9864,3.192
2,9865,3.772
2,9866,3.789
2,9867,3.386
2,9868,4.018
2,9869,3.492
2,9870,3.200
2,9871,3.143
2,9872,2.987
2,9873,3.303
2,9874,3.050
2,9875,2.812
2,9876,3.037
2,9877,2.948
2,9878,3.522
2,9879,3.500
2,9880,2.674
2,9881,2.879
2,9882,2.732
2,9883,2.717
2,9884,2.774
2,9885,3.525
2,9886,2.758
2,9887,2.904
2,9888,3.348
2,9889,2.999
2,9890,2.980
2,9891,3.182
2,9892,2.826
2,9893,3.470
2,9894,3.775
2,9895,3.123
2,9896,2.500
2,9897,2.673
2,9898,3.219
2,9899,3.284
2,9900,3.276
2,9901,2.880
2,9902,2.713
2,9903,2.721
2,9904,1.995
2,9905,2.325
2,9906,2.267
2,9907,1.794
2,9908,1.747
2,9909,1.760
2,9910,1.925
2,9911,1.674
2,9912,2.619
2,9913,2.018
2,9914,3.586
2,9915,3.106
2,9916,2.408
2,9917,2.153
2,9918,2.187
2,9919,2.341
2,9920,2.236
2,9921,2.084
2,9922,1.787
2,9923,1.931
2,9924,1.919
2,9925,1.773
2,9926,1.681
2,9927,1.629
2,9928,2.632
2,9929,2.022
2,9930,1.724
2,9931,1.949
2,9932,1.735
2,9933,1.751
2,9934,1.788
2,9935,1.795
2,9936,2.009
2,9937,2.415
2,9938,2.650
2,9939,2.118
2,9940,1.697
2,9941,1.738
2,9942,1.808
2,9943,1.980
2,9944,2.613
2,9945,2.907
2,9946,2.357
2,9947,2.128
2,9948,2.075
2,9949,1.739
2,9950,2.114
2,9951,2.753
2,9952,2.247
2,9953,2.108
2,9954,1.806
2,9955,1.794
2,9956,1.638
2,9957,1.582
2,9958,2.506
2,9959,3.232
2,9960,3.019
2,9961,3.509
2,9962,1.999
2,9963,1.938
2,9964,2.531
2,9965,2.406
2,9966,2.452
2,9967,2.179
2,9968,2.314
2,9969,2.174
2,9970,2.178
2,9971,1.980
2,9972,2.068
2,9973,2.252
2,9974,2.210
2,9975,2.022
2,9976,2.572
2,9977,2.016
2,9978,1.732
2,9979,2.421
2,9980,2.128
2,9981,2.018
2,9982,2.156
2,9983,2.628
2,9984,2.578
2,9985,2.267
2,9986,2.432
2,9987,2.732
2,9988,2.577
2,9989,2.230
2,9990,2.370
2,9991,2.808
2,9992,2.307
2,9993,2.338
2,9994,2.527
2,9995,2.396
2,9996,2.543
2,9997,2.386
2,9998,2.732
2,9999,3.574
2,10000,2.749
2,10001,2.893
2,10002,2.636
2,10003,3.099
2,10004,3.459
2,10005,2.372
2,10006,2.617
2,10007,2.506
2,10008,2.189
2,10009,2.337
2,10010,2.419
2,10011,2.794
2,10012,2.575
2,10013,2.677
2,10014,2.792
2,10015,2.434
2,10016,2.565
2,10017,3.222
2,10018,2.603
2,10019,2.076
2,10020,2.285
2,10021,1.984
2,10022,2.831
2,10023,2.475
2,10024,1.979
2,10025,1.786
2,10026,2.689
2,10027,2.236
2,10028,2.055
2,10029,2.370
2,10030,2.176
2,10031,2.239
2,10032,1.982
2,10033,1.768
2,10034,2.223
2,10035,1.931
2,10036,1.865
2,10037,2.143
2,10038,1.785
2,10039,1.961
2,10040,1.828
2,10041,1.946
2,10042,1.911
2,10043,2.323
2,10044,2.195
2,10045,2.336
2,10046,2.605
2,10047,1.792
2,10048,1.661
2,10049,1.748
2,10050,1.872
2,10051,2.219
2,10052,3.225
2,10053,2.461
2,10054,1.807
2,10055,1.974
2,10056,1.807
2,10057,1.690
2,10058,1.673
2,10059,1.768
2,10060,2.418
2,10061,2.528
2,10062,1.962
2,10063,1.896
2,10064,1.637
2,10065,1.789
2,10066,1.991
2,10067,2.112
2,10068,2.728
2,10069,2.152
2,10070,2.927
2,10071,1.949
2,10072,1.938
2,10073,1.922
2,10074,2.009
2,10075,2.310
2,10076,2.057
2,10077,1.773
2,10078,1.953
2,10079,2.168
2,10080,2.006
2,10081,1.798
2,10082,2.521
2,10083,2.299
2,10084,2.249
2,10085,1.981
2,10086,2.238
2,10087,1.731
2,10088,1.579
2,10089,1.986
2,10090,2.030
2,10091,1.838
2,10092,1.963
2,10093,1.948
2,10094,2.369
2,10095,2.537
2,10096,1.988
2,10097,2.085
2,10098,1.928
2,10099,2.124
2,10100,1.876
2,10101,1.823
2,10102,1.928
2,10103,1.888
2,10104,2.589
2,10105,2.518
2,10106,2.147
2,10107,1.822
2,10108,1.878
2,10109,2.087
2,10110,1.991
2,10111,2.284
2,10112,2.978
2,10113,2.242
2,10114,1.740
2,10115,1.665
2,10116,1.893
2,10117,1.776
2,10118,2.383
2,10119,2.437
2,10120,2.897
2,10121,1.869
2,10122,1.908
2,10123,2.017
2,10124,1.950
2,10125,1.971
2,10126,1.942
2,10127,1.993
2,10128,2.649
2,10129,3.048
2,10130,2.233
2,10131,2.491
2,10132,2.447
2,10133,2.028
2,10134,2.680
2,10135,2.428
2,10136,2.696
2,10137,2.419
2,10138,2.440
2,10139,2.699
2,10140,2.881
2,10141,2.261
2,10142,2.247
2,10143,2.684
2,10144,2.265
2,10145,2.202
2,10146,2.501
2,10147,2.335
2,10148,2.146
2,10149,1.897
2,10150,1.820
2,10151,2.467
2,10152,2.253
2,10153,2.052
2,10154,2.021
2,10155,2.136
2,10156,1.866
2,10157,1.770
2,10158,1.795
2,10159,1.798
2,10160,2.187
2,10161,2.036
2,10162,2.923
2,10163,2.617
2,10164,2.450
2,10165,2.831
2,10166,4.440
2,10167,3.113
2,10168,2.066
2,10169,1.746
2,10170,2.038
2,10171,1.739
2,10172,1.704
2,10173,1.621
2,10174,1.783
2,10175,2.286
2,10176,2.378
2,10177,2.095
2,10178,1.846
2,10179,1.652
2,10180,1.918
2,10181,1.992
2,10182,1.744
2,10183,1.944
2,10184,2.099
2,10185,3.072
2,10186,1.857
2,10187,2.022
2,10188,1.904
2,10189,1.649
2,10190,1.908
2,10191,2.301
2,10192,2.455
2,10193,2.431
2,10194,2.082
2,10195,1.916
2,10196,1.739
2,10197,1.764
2,10198,1.727
2,10199,2.173
2,10200,2.111
2,10201,1.894
2,10202,2.413
2,10203,1.781
2,10204,1.723
2,10205,2.097
2,10206,1.846
2,10207,3.765
2,10208,3.341
2,10209,2.819
2,10210,2.473
2,10211,1.962
2,10212,2.312
2,10213,2.407
2,10214,1.988
2,10215,1.761
2,10216,1.745
2,10217,2.203
2,10218,1.846
2,10219,1.579
2,10220,2.113
2,10221,2.185
2,10222,2.108
2,10223,2.036
2,10224,1.770
2,10225,1.719
2,10226,1.936
2,10227,1.756
2,10228,2.239
2,10229,2.491
2,10230,2.502
2,10231,2.188
2,10232,2.535
2,10233,2.170
2,10234,2.425
2,10235,1.889
2,10236,1.953
2,10237,2.114
2,10238,1.852
2,10239,1.803
2,10240,1.944
2,10241,1.759
2,10242,2.574
2,10243,2.749
2,10244,2.006
2,10245,1.640
2,10246,2.050
2,10247,1.930
2,10248,1.613
2,10249,1.678
2,10250,2.248
2,10251,2.538
2,10252,2.494
2,10253,1.940
2,10254,1.993
2,10255,1.770
2,10256,2.488
2,10257,2.837
2,10258,2.721
2,10259,2.888
2,10260,3.020
2,10261,2.864
2,10262,2.675
2,10263,3.727
2,10264,2.713
2,10265,2.465
2,10266,3.150
2,10267,2.740
2,10268,3.709
2,10269,2.665
2,10270,2.540
2,10271,2.183
2,10272,2.515
2,10273,2.180
2,10274,4.087
2,10275,2.891
2,10276,2.839
2,10277,2.620
2,10278,3.078
2,10279,2.563
2,10280,2.310
2,10281,2.707
2,10282,2.060
2,10283,1.767
2,10284,1.659
2,10285,1.725
2,10286,3.203
2,10287,2.537
2,10288,1.940
2,10289,1.635
2,10290,1.812
2,10291,1.875
2,10292,1.631
2,10293,1.677
2,10294,2.256
2,10295,3.095
2,10296,2.070
2,10297,2.385
2,10298,2.331
2,10299,2.161
2,10300,2.164
2,10301,2.495
2,10302,2.611
2,10303,2.125
2,10304,2.095
2,10305,1.831
2,10306,1.632
2,10307,1.623
2,10308,2.100
2,10309,2.744
2,10310,2.458
2,10311,1.898
2,10312,1.713
2,10313,1.590
2,10314,1.861
2,10315,1.794
2,10316,2.390
2,10317,2.311
2,10318,1.874
2,10319,3.694
2,10320,2.902
2,10321,2.253
2,10322,2.755
2,10323,2.644
2,10324,2.356
2,10325,2.027
2,10326,2.809
2,10327,2.033
2,10328,2.086
2,10329,2.514
2,10330,2.534
2,10331,2.858
2,10332,2.847
2,10333,2.601
2,10334,2.476
2,10335,2.388
2,10336,2.137
2,10337,2.257
2,10338,2.209
2,10339,2.925
2,10340,2.672
2,10341,2.855
2,10342,2.713
2,10343,2.363
2,10344,2.168
2,10345,2.236
2,10346,2.235
2,10347,2.899
2,10348,2.597
2,10349,2.254
2,10350,2.425
2,10351,2.445
2,10352,2.180
2,10353,2.047
2,10354,2.799
2,10355,2.571
2,10356,2.186
2,10357,2.238
2,10358,2.325
2,10359,5.410
2,10360,3.634
2,10361,2.708
2,10362,5.278
2,10363,2.662
2,10364,2.640
2,10365,3.023
2,10366,2.247
2,10367,2.398
2,10368,2.680
2,10369,2.509
2,10370,2.759
2,10371,2.594
2,10372,3.255
2,10373,2.477
2,10374,2.575
2,10375,2.279
2,10376,3.200
2,10377,2.616
2,10378,2.604
2,10379,2.896
2,10380,2.327
2,10381,2.505
2,10382,2.674
2,10383,2.644
2,10384,2.545
2,10385,2.380
2,10386,2.794
2,10387,2.482
2,10388,2.290
2,10389,3.224
2,10390,2.704
2,10391,2.720
2,10392,2.831
2,10393,2.990
2,10394,3.831
2,10395,2.677
2,10396,2.848
2,10397,2.698
2,10398,2.652
2,10399,3.056
2,10400,3.505
2,10401,3.227
2,10402,2.659
2,10403,3.000
2,10404,2.841
2,10405,3.412
2,10406,2.731
2,10407,2.560
2,10408,2.684
2,10409,2.402
2,10410,2.996
2,10411,3.448
2,10412,2.616
2,10413,2.719
2,10414,2.415
2,10415,2.646
2,10416,2.850
2,10417,2.684
2,10418,3.344
2,10419,2.771
2,10420,2.541
2,10421,2.466
2,10422,2.960
2,10423,2.899
2,10424,3.026
2,10425,2.294
2,10426,2.371
2,10427,1.946
2,10428,1.986
2,10429,2.738
2,10430,2.952
2,10431,3.124
2,10432,2.328
2,10433,2.033
2,10434,2.522
2,10435,3.416
2,10436,4.922
2,10437,2.952
2,10438,2.448
2,10439,2.307
2,10440,2.444
2,10441,2.519
2,10442,2.078
2,10443,2.054
2,10444,2.644
2,10445,2.062
2,10446,1.914
2,10447,2.344
2,10448,2.515
2,10449,2.543
2,10450,2.485
2,10451,2.136
2,10452,2.198
2,10453,2.060
2,10454,2.391
2,10455,2.062
2,10456,2.097
2,10457,1.927
2,10458,1.870
2,10459,2.002
2,10460,1.976
2,10461,2.563
2,10462,1.983
2,10463,2.323
2,10464,2.013
2,10465,1.660
2,10466,1.808
2,10467,1.950
2,10468,1.694
2,10469,2.201
2,10470,2.715
2,10471,2.263
2,10472,1.816
2,10473,2.554
2,10474,2.172
2,10475,1.756
2,10476,1.806
2,10477,2.543
2,10478,2.556
2,10479,2.088
2,10480,2.148
2,10481,1.810
2,10482,1.845
2,10483,2.149
2,10484,2.833
2,10485,2.609
2,10486,3.070
2,10487,2.490
2,10488,2.554
2,10489,2.641
2,10490,2.716
2,10491,2.610
2,10492,1.886
2,10493,2.164
2,10494,2.475
2,10495,2.195
2,10496,2.870
2,10497,3.209
2,10498,2.407
2,10499,2.749
2,10500,2.919
2,10501,2.902
2,10502,2.899
2,10503,1.950
2,10504,1.854
2,10505,2.047
2,10506,2.153
2,10507,2.312
2,10508,2.124
2,10509,2.469
2,10510,2.892
2,10511,2.523
2,10512,2.118
2,10513,2.332
2,10514,3.212
2,10515,2.830
2,10516,2.700
2,10517,2.195
2,10518,1.974
2,10519,2.559
2,10520,2.279
2,10521,2.564
2,10522,3.001
2,10523,2.425
2,10524,2.851
2,10525,2.745
2,10526,2.733
2,10527,3.136
2,10528,3.670
2,10529,2.724
2,10530,2.502
2,10531,2.404
2,10532,2.754
2,10533,2.945
2,10534,2.820
2,10535,2.209
2,10536,1.912
2,10537,2.056
2,10538,2.071
2,10539,2.130
2,10540,2.226
2,10541,2.189
2,10542,2.472
2,10543,1.935
2,10544,2.098
2,10545,1.864
2,10546,2.067
2,10547,2.443
2,10548,1.883
2,10549,1.726
2,10550,1.854
2,10551,2.331
2,10552,1.993
2,10553,2.260
2,10554,2.680
2,10555,2.137
2,10556,2.382
2,10557,2.430
2,10558,2.095
2,10559,2.262
2,10560,2.408
2,10561,2.231
2,10562,1.959
2,10563,2.162
2,10564,1.855
2,10565,1.874
2,10566,1.901
2,10567,1.918
2,10568,3.980
2,10569,4.347
2,10570,2.565
2,10571,2.176
2,10572,1.749
2,10573,1.982
2,10574,3.109
2,10575,2.439
2,10576,2.448
2,10577,3.015
2,10578,2.091
2,10579,1.968
2,10580,2.289
2,10581,2.455
2,10582,1.844
2,10583,1.899
2,10584,1.883
2,10585,1.664
2,10586,1.822
2,10587,2.207
2,10588,2.661
2,10589,1.953
2,10590,2.299
2,10591,2.123
2,10592,1.798
2,10593,1.759
2,10594,1.804
2,10595,2.266
2,10596,2.145
2,10597,2.112
2,10598,1.876
2,10599,2.121
2,10600,1.837
2,10601,2.482
2,10602,2.300
2,10603,2.397
2,10604,2.002
2,10605,1.800
2,10606,1.845
2,10607,2.270
2,10608,1.965
2,10609,1.763
2,10610,2.481
2,10611,2.521
2,10612,1.776
2,10613,1.730
2,10614,1.685
2,10615,1.788
2,10616,2.405
2,10617,1.900
2,10618,2.339
2,10619,2.046
2,10620,1.979
2,10621,1.963
2,10622,1.621
2,10623,1.733
2,10624,1.806
2,10625,2.339
2,10626,2.309
2,10627,2.402
2,10628,2.132
2,10629,1.727
2,10630,1.775
2,10631,1.961
2,10632,1.771
2,10633,1.869
2,10634,2.762
2,10635,2.330
2,10636,1.970
2,10637,2.297
2,10638,2.012
2,10639,1.739
2,10640,1.961
2,10641,2.163
2,10642,14.688
2,10643,3.364
2,10644,3.197
2,10645,2.432
2,10646,1.982
2,10647,2.231
2,10648,2.279
2,10649,2.909
2,10650,2.784
2,10651,2.926
2,10652,2.478
2,10653,2.542
2,10654,2.796
2,10655,2.879
2,10656,2.241
2,10657,1.917
2,10658,2.336
2,10659,2.148
2,10660,1.780
2,10661,1.796
2,10662,1.925
2,10663,2.689
2,10664,2.705
2,10665,2.126
2,10666,2.091
2,10667,1.836
2,10668,1.947
2,10669,1.899
2,10670,2.179
2,10671,2.314
2,10672,1.894
2,10673,1.692
2,10674,1.989
2,10675,2.130
2,10676,1.745
2,10677,1.627
2,10678,2.370
2,10679,2.215
2,10680,1.746
2,10681,2.045
2,10682,1.849
2,10683,1.789
2,10684,2.217
2,10685,1.828
2,10686,1.966
2,10687,1.981
2,10688,1.872
2,10689,2.459
2,10690,1.990
2,10691,1.980
2,10692,2.404
2,10693,3.101
2,10694,2.487
2,10695,2.106
2,10696,1.812
2,10697,1.765
2,10698,2.166
2,10699,1.886
2,10700,1.765
2,10701,2.616
2,10702,2.275
2,10703,1.969
2,10704,1.664
2,10705,1.814
2,10706,1.668
2,10707,1.592
2,10708,1.762
2,10709,2.225
2,10710,2.483
2,10711,2.143
2,10712,2.733
2,10713,2.160
2,10714,1.780
2,10715,2.150
2,10716,2.472
2,10717,2.228
2,10718,2.896
2,10719,2.136
2,10720,1.747
2,10721,1.763
2,10722,2.048
2,10723,2.305
2,10724,2.096
2,10725,2.069
2,10726,2.751
2,10727,1.803
2,10728,1.912
2,10729,1.913
2,10730,1.808
2,10731,2.968
2,10732,2.437
2,10733,2.314
2,10734,3.144
2,10735,3.287
2,10736,3.123
2,10737,2.580
2,10738,2.182
2,10739,2.309
2,10740,2.013
2,10741,2.065
2,10742,1.823
2,10743,2.204
2,10744,2.286
2,10745,1.875
2,10746,2.033
2,10747,1.730
2,10748,1.876
2,10749,2.226
2,10750,2.313
2,10751,2.081
2,10752,2.194
2,10753,2.205
2,10754,1.714
2,10755,1.755
2,10756,2.105
2,10757,1.851
2,10758,2.301
2,10759,3.462
2,10760,2.646
2,10761,1.850
2,10762,2.240
2,10763,1.899
2,10764,1.859
2,10765,2.049
2,10766,2.261
2,10767,2.659
2,10768,2.123
2,10769,2.076
2,10770,1.718
2,10771,2.096
2,10772,2.437
2,10773,2.766
2,10774,2.640
2,10775,2.893
2,10776,2.227
2,10777,2.586
2,10778,2.486
2,10779,2.920
2,10780,2.609
2,10781,2.747
2,10782,3.163
2,10783,2.616
2,10784,2.301
2,10785,2.861
2,10786,2.289
2,10787,2.366
2,10788,2.334
2,10789,2.494
2,10790,2.221
2,10791,2.733
2,10792,2.426
2,10793,2.484
2,10794,2.446
2,10795,3.394
2,10796,5.558
2,10797,5.973
2,10798,4.040
2,10799,3.720
2,10800,3.892
2,10801,3.167
2,10802,3.370
2,10803,2.746
2,10804,3.411
2,10805,3.278
2,10806,3.921
2,10807,3.745
2,10808,3.748
2,10809,3.432
2,10810,3.147
2,10811,3.783
2,10812,3.734
2,10813,3.150
2,10814,3.470
2,10815,3.240
2,10816,3.945
2,10817,3.047
2,10818,3.287
2,10819,3.376
2,10820,3.116
2,10821,3.990
2,10822,3.789
2,10823,2.859
2,10824,2.832
2,10825,2.168
2,10826,2.355
2,10827,2.442
2,10828,2.504
2,10829,2.812
2,10830,2.840
2,10831,2.730
2,10832,2.856
2,10833,2.975
2,10834,5.000
2,10835,4.433
2,10836,4.636
2,10837,4.722
2,10838,4.488
2,10839,3.681
2,10840,2.955
2,10841,3.592
2,10842,2.823
2,10843,2.769
2,10844,2.340
2,10845,1.978
2,10846,2.061
2,10847,2.305
2,10848,2.736
2,10849,2.139
2,10850,2.062
2,10851,2.615
2,10852,2.488
2,10853,2.243
2,10854,2.368
2,10855,2.317
2,10856,2.173
2,10857,2.200
2,10858,1.923
2,10859,2.239
2,10860,1.814
2,10861,1.609
2,10862,4.744
2,10863,3.332
2,10864,3.096
2,10865,2.981
2,10866,3.085
2,10867,2.696
2,10868,2.387
2,10869,2.113
2,10870,2.032
2,10871,2.003
2,10872,2.721
2,10873,2.503
2,10874,2.272
2,10875,2.273
2,10876,2.164
2,10877,2.246
2,10878,2.095
2,10879,2.134
2,10880,2.858
2,10881,2.776
2,10882,2.338
2,10883,2.342
2,10884,2.260
2,10885,2.391
2,10886,2.864
2,10887,2.976
2,10888,2.110
2,10889,2.546
2,10890,2.295
2,10891,2.353
2,10892,3.233
2,10893,5.501
2,10894,3.013
2,10895,2.481
2,10896,2.475
2,10897,2.607
2,10898,2.765
2,10899,2.884
2,10900,2.503
2,10901,3.042
2,10902,2.306
2,10903,2.804
2,10904,2.684
2,10905,2.243
2,10906,2.136
2,10907,2.681
2,10908,2.803
2,10909,2.494
2,10910,2.598
2,10911,2.478
2,10912,2.463
2,10913,2.616
2,10914,2.810
2,10915,2.974
2,10916,2.543
2,10917,2.565
2,10918,2.816
2,10919,2.589
2,10920,2.620
2,10921,2.617
2,10922,3.071
2,10923,2.409
2,10924,2.406
2,10925,2.467
2,10926,2.640
2,10927,2.593
2,10928,2.584
2,10929,3.089
2,10930,2.537
2,10931,3.012
2,10932,2.917
2,10933,2.693
2,10934,2.271
2,10935,2.426
2,10936,2.778
2,10937,2.833
2,10938,2.880
2,10939,3.303
2,10940,2.755
2,10941,2.614
2,10942,2.920
2,10943,2.629
2,10944,2.854
2,10945,2.627
2,10946,2.397
2,10947,2.128
2,10948,2.551
2,10949,2.953
2,10950,2.814
2,10951,2.650
2,10952,2.501
2,10953,2.308
2,10954,2.751
2,10955,2.437
2,10956,3.647
2,10957,3.172
2,10958,2.748
2,10959,2.675
2,10960,2.630
2,10961,2.896
2,10962,2.758
2,10963,2.406
2,10964,2.630
2,10965,2.331
2,10966,2.638
2,10967,2.532
2,10968,2.274
2,10969,2.871
2,10970,2.280
2,10971,2.118
2,10972,1.993
2,10973,1.985
2,10974,2.187
2,10975,2.882
2,10976,2.796
2,10977,2.936
2,10978,2.373
2,10979,2.350
2,10980,2.756
2,10981,2.433
2,10982,2.077
2,10983,2.263
2,10984,2.781
2,10985,2.319
2,10986,3.377
2,10987,2.886
2,10988,2.561
2,10989,2.169
2,10990,2.270
2,10991,2.706
2,10992,2.980
2,10993,2.414
2,10994,2.403
2,10995,2.583
2,10996,2.433
2,10997,2.247
2,10998,2.736
2,10999,2.504
2,11000,2.288
2,11001,2.145
2,11002,2.006
2,11003,2.438
2,11004,3.072
2,11005,3.753
2,11006,2.560
2,11007,2.161
2,11008,2.229
2,11009,2.246
2,11010,2.712
2,11011,3.175
2,11012,2.990
2,11013,2.310
2,11014,2.698
2,11015,2.482
2,11016,3.448
2,11017,3.285
2,11018,2.929
2,11019,2.340
2,11020,2.178
2,11021,2.603
2,11022,3.357
2,11023,2.853
2,11024,2.541
2,11025,2.961
2,11026,2.879
2,11027,5.139
2,11028,2.703
2,11029,2.608
2,11030,2.468
2,11031,2.764
2,11032,2.178
2,11033,2.597
2,11034,2.510
2,11035,2.440
2,11036,2.237
2,11037,2.044
2,11038,2.601
2,11039,2.318
2,11040,2.888
2,11041,2.781
2,11042,2.408
2,11043,2.737
2,11044,2.269
2,11045,2.034
2,11046,2.354
2,11047,2.624
2,11048,2.297
2,11049,2.548
2,11050,2.559
2,11051,2.376
2,11052,3.536
2,11053,2.280
2,11054,1.820
2,11055,1.985
2,11056,2.045
2,11057,1.861
2,11058,2.041
2,11059,2.016
2,11060,2.656
2,11061,2.267
2,11062,2.164
2,11063,1.969
2,11064,1.822
2,11065,2.223
2,11066,1.968
2,11067,1.789
2,11068,2.617
2,11069,2.347
2,11070,2.224
2,11071,2.182
2,11072,2.127
2,11073,1.888
2,11074,1.888
2,11075,2.952
2,11076,2.913
2,11077,2.835
2,11078,2.552
2,11079,2.231
2,11080,2.462
2,11081,3.238
2,11082,3.839
2,11083,3.703
2,11084,3.071
2,11085,2.902
2,11086,2.859
2,11087,2.762
2,11088,2.469
2,11089,2.731
2,11090,2.221
2,11091,2.566
2,11092,2.932
2,11093,2.599
2,11094,2.342
2,11095,2.224
2,11096,2.314
2,11097,2.007
2,11098,2.443
2,11099,2.263
2,11100,2.251
2,11101,2.471
2,11102,1.838
2,11103,1.749
2,11104,2.352
2,11105,2.285
2,11106,2.355
2,11107,2.140
2,11108,1.960
2,11109,1.669
2,11110,1.939
2,11111,2.125
2,11112,2.352
2,11113,2.363
2,11114,2.555
2,11115,2.624
2,11116,2.377
2,11117,2.250
2,11118,1.872
2,11119,2.002
2,11120,3.058
2,11121,2.385
2,11122,2.495
2,11123,2.249
2,11124,4.109
2,11125,2.736
2,11126,2.982
2,11127,2.425
2,11128,2.136
2,11129,1.916
2,11130,1.777
2,11131,2.216
2,11132,1.869
2,11133,2.173
2,11134,2.851
2,11135,2.357
2,11136,2.401
2,11137,2.371
2,11138,1.951
2,11139,1.853
2,11140,2.695
2,11141,2.298
2,11142,2.448
2,11143,2.075
2,11144,1.866
2,11145,2.041
2,11146,2.112
2,11147,2.180
2,11148,2.454
2,11149,2.644
2,11150,2.632
2,11151,1.714
2,11152,1.901
2,11153,1.969
2,11154,1.916
2,11155,1.988
2,11156,2.546
2,11157,2.278
2,11158,2.780
2,11159,2.265
2,11160,1.919
2,11161,2.105
2,11162,2.930
2,11163,2.326
2,11164,2.199
2,11165,2.343
2,11166,2.410
2,11167,2.116
2,11168,2.447
2,11169,2.508
2,11170,3.154
2,11171,2.614
2,11172,2.187
2,11173,2.447
2,11174,1.916
2,11175,2.622
2,11176,2.231
2,11177,2.143
2,11178,1.851
2,11179,2.052
2,11180,2.505
2,11181,2.474
2,11182,2.396
2,11183,2.264
2,11184,1.924
2,11185,1.845
2,11186,2.120
2,11187,1.861
2,11188,1.705
2,11189,2.060
2,11190,2.792
2,11191,2.493
2,11192,2.377
2,11193,2.305
2,11194,1.762
2,11195,1.962
2,11196,1.958
2,11197,2.039
2,11198,2.655
2,11199,2.146
2,11200,2.007
2,11201,2.099
2,11202,2.358
2,11203,2.473
2,11204,2.272
2,11205,2.763
2,11206,3.063
2,11207,2.607
2,11208,2.308
2,11209,2.144
2,11210,2.379
2,11211,2.738
2,11212,2.491
2,11213,2.843
2,11214,2.361
2,11215,2.201
2,11216,2.355
2,11217,2.580
2,11218,2.517
2,11219,2.434
2,11220,2.778
2,11221,2.924
2,11222,2.963
2,11223,2.552
2,11224,2.409
2,11225,1.868
2,11226,1.669
2,11227,2.161
2,11228,1.808
2,11229,1.873
2,11230,2.155
2,11231,2.538
2,11232,2.129
2,11233,1.875
2,11234,2.014
2,11235,1.809
2,11236,2.417
2,11237,2.353
2,11238,2.148
2,11239,1.804
2,11240,1.790
2,11241,2.071
2,11242,1.726
2,11243,1.547
2,11244,1.855
2,11245,2.455
2,11246,2.729
2,11247,2.634
2,11248,2.002
2,11249,1.724
2,11250,1.712
2,11251,2.127
2,11252,2.569
2,11253,2.793
2,11254,2.082
2,11255,1.998
2,11256,1.820
2,11257,1.831
2,11258,1.661
2,11259,1.724
2,11260,2.213
2,11261,2.055
2,11262,2.240
2,11263,1.836
2,11264,1.839
2,11265,1.925
2,11266,1.819
2,11267,1.692
2,11268,2.959
2,11269,2.086
2,11270,2.422
2,11271,2.525
2,11272,2.081
2,11273,1.869
2,11274,1.880
2,11275,2.592
2,11276,3.974
2,11277,3.796
2,11278,4.173
2,11279,3.799
2,11280,3.841
2,11281,3.747
2,11282,2.790
2,11283,3.211
2,11284,5.279
2,11285,2.469
2,11286,2.591
2,11287,2.219
2,11288,2.049
2,11289,2.539
2,11290,2.286
2,11291,2.059
2,11292,2.119
2,11293,2.016
2,11294,1.693
2,11295,1.780
2,11296,1.790
2,11297,2.063
2,11298,2.576
2,11299,2.072
2,11300,2.132
2,11301,2.041
2,11302,1.985
2,11303,1.883
2,11304,2.303
2,11305,2.895
2,11306,2.328
2,11307,2.036
2,11308,2.006
2,11309,2.590
2,11310,2.412
2,11311,2.684
2,11312,2.096
2,11313,1.855
2,11314,2.324
2,11315,2.138
2,11316,2.039
2,11317,1.769
2,11318,2.618
2,11319,2.844
2,11320,2.436
2,11321,2.576
2,11322,3.114
2,11323,2.307
2,11324,2.179
2,11325,2.902
2,11326,2.622
2,11327,2.439
2,11328,2.432
2,11329,2.456
2,11330,2.420
2,11331,2.799
2,11332,2.611
2,11333,2.271
2,11334,2.498
2,11335,2.264
2,11336,2.563
2,11337,2.617
2,11338,2.543
2,11339,2.214
2,11340,3.151
2,11341,3.012
2,11342,3.585
2,11343,3.440
2,11344,2.320
2,11345,2.455
2,11346,2.007
2,11347,2.882
2,11348,2.507
2,11349,2.888
2,11350,2.695
2,11351,1.935
2,11352,1.801
2,11353,2.188
2,11354,2.001
2,11355,1.794
2,11356,2.990
2,11357,2.420
2,11358,2.076
2,11359,1.947
2,11360,2.171
2,11361,1.765
2,11362,1.811
2,11363,1.905
2,11364,2.173
2,11365,1.870
2,11366,1.908
2,11367,2.175
2,11368,1.923
2,11369,1.684
2,11370,1.881
2,11371,2.457
2,11372,2.521
2,11373,2.534
2,11374,1.948
2,11375,1.989
2,11376,1.751
2,11377,1.960
2,11378,2.124
2,11379,2.048
2,11380,2.015
2,11381,1.648
2,11382,1.808
2,11383,1.913
2,11384,2.323
2,11385,1.840
2,11386,2.299
2,11387,2.619
2,11388,1.823
2,11389,1.674
2,11390,1.871
2,11391,1.797
2,11392,1.803
2,11393,2.387
2,11394,2.334
2,11395,2.030
2,11396,1.870
2,11397,2.626
2,11398,2.133
2,11399,1.837
2,11400,1.990
2,11401,3.023
2,11402,2.337
2,11403,2.302
2,11404,2.057
2,11405,1.874
2,11406,2.233
2,11407,2.180
2,11408,2.525
2,11409,3.105
2,11410,2.746
2,11411,2.573
2,11412,2.575
2,11413,2.502
2,11414,2.959
2,11415,2.596
2,11416,2.699
2,11417,2.594
2,11418,2.627
2,11419,2.471
2,11420,2.659
2,11421,2.502
2,11422,2.485
2,11423,2.978
2,11424,2.482
2,11425,2.604
2,11426,2.630
2,11427,2.457
2,11428,2.465
2,11429,2.358
2,11430,2.867
2,11431,2.736
2,11432,2.555
2,11433,2.866
2,11434,2.207
2,11435,2.425
2,11436,2.515
2,11437,3.193
2,11438,2.878
2,11439,2.538
2,11440,2.487
2,11441,2.593
2,11442,2.331
2,11443,2.460
2,11444,3.007
2,11445,2.328
2,11446,2.467
2,11447,2.445
2,11448,2.517
2,11449,2.581
2,11450,2.471
2,11451,2.615
2,11452,2.765
2,11453,2.409
2,11454,2.396
2,11455,2.347
2,11456,2.564
2,11457,3.639
2,11458,3.420
2,11459,2.820
2,11460,2.645
2,11461,2.478
2,11462,2.710
2,11463,3.047
2,11464,2.976
2,11465,2.768
2,11466,2.847
2,11467,2.555
2,11468,2.824
2,11469,2.724
2,11470,2.944
2,11471,2.534
2,11472,2.632
2,11473,2.545
2,11474,3.758
2,11475,3.180
2,11476,2.846
2,11477,2.613
2,11478,2.457
2,11479,2.699
2,11480,2.708
2,11481,2.630
2,11482,2.380
2,11483,2.752
2,11484,2.417
2,11485,2.556
2,11486,2.225
2,11487,2.366
2,11488,2.049
2,11489,2.041
2,11490,2.097
2,11491,2.391
2,11492,2.073
2,11493,2.300
2,11494,2.994
2,11495,2.431
2,11496,2.659
2,11497,2.398
2,11498,2.885
2,11499,3.017
2,11500,2.304
2,11501,2.200
2,11502,2.418
2,11503,2.148
2,11504,2.111
2,11505,2.605
2,11506,3.076
2,11507,2.456
2,11508,2.162
2,11509,1.879
2,11510,2.175
2,11511,2.276
2,11512,2.214
2,11513,2.739
2,11514,2.643
2,11515,2.021
2,11516,2.021
2,11517,2.013
2,11518,1.695
2,11519,1.857
2,11520,2.229
2,11521,3.219
2,11522,2.245
2,11523,2.163
2,11524,1.836
2,11525,1.633
2,11526,1.796
2,11527,1.879
2,11528,2.504
2,11529,2.759
2,11530,2.146
2,11531,1.832
2,11532,1.737
2,11533,2.007
2,11534,1.873
2,11535,2.186
2,11536,2.343
2,11537,2.948
2,11538,2.172
2,11539,2.122
2,11540,1.981
2,11541,1.682
2,11542,2.328
2,11543,2.595
2,11544,2.401
2,11545,2.693
2,11546,2.426
2,11547,2.498
2,11548,3.213
2,11549,2.383
2,11550,2.088
2,11551,2.565
2,11552,2.830
2,11553,2.205
2,11554,2.245
2,11555,2.356
2,11556,2.566
2,11557,2.499
2,11558,2.680
2,11559,3.243
2,11560,2.269
2,11561,2.151
2,11562,2.177
2,11563,1.929
2,11564,2.196
2,11565,2.261
2,11566,1.862
2,11567,2.555
2,11568,1.786
2,11569,2.172
2,11570,2.039
2,11571,1.764
2,11572,2.543
2,11573,1.832
2,11574,1.640
2,11575,1.795
2,11576,2.144
2,11577,2.132
2,11578,1.935
2,11579,1.964
2,11580,1.963
2,11581,1.697
2,11582,2.215
2,11583,2.041
2,11584,1.907
2,11585,2.360
2,11586,2.606
2,11587,2.492
2,11588,2.338
2,11589,2.404
2,11590,2.003
2,11591,2.074
2,11592,2.767
2,11593,2.884
2,11594,2.397
2,11595,2.531
2,11596,2.053
2,11597,2.276
2,11598,2.380
2,11599,2.842
2,11600,2.611
2,11601,2.247
2,11602,2.145
2,11603,2.616
2,11604,2.311
2,11605,2.472
2,11606,2.566
2,11607,2.811
2,11608,2.266
2,11609,2.007
2,11610,1.791
2,11611,1.701
2,11612,2.093
2,11613,1.974
2,11614,1.745
2,11615,1.723
2,11616,2.078
2,11617,1.967
2,11618,1.875
2,11619,1.627
2,11620,2.206
2,11621,2.200
2,11622,2.020
2,11623,1.985
2,11624,1.735
2,11625,2.245
2,11626,1.834
2,11627,2.240
2,11628,2.854
2,11629,2.380
2,11630,2.034
2,11631,1.797
2,11632,1.901
2,11633,2.701
2,11634,1.939
2,11635,2.073
2,11636,2.001
2,11637,1.829
2,11638,1.527
2,11639,1.588
2,11640,1.837
2,11641,1.702
2,11642,2.176
2,11643,2.332
2,11644,2.019
2,11645,1.821
2,11646,1.577
2,11647,1.859
2,11648,1.780
2,11649,1.578
2,11650,1.570
2,11651,2.127
2,11652,2.981
2,11653,2.508
2,11654,2.527
2,11655,2.356
2,11656,1.948
2,11657,2.099
2,11658,1.809
2,11659,3.139
2,11660,2.006
2,11661,1.845
2,11662,1.787
2,11663,1.610
2,11664,1.942
2,11665,1.742
2,11666,1.703
2,11667,3.115
2,11668,2.457
2,11669,1.770
2,11670,1.687
2,11671,2.034
2,11672,1.863
2,11673,1.729
2,11674,2.632
2,11675,2.169
2,11676,2.266
2,11677,2.740
2,11678,2.117
2,11679,1.968
2,11680,2.587
2,11681,4.592
2,11682,2.535
2,11683,2.440
2,11684,5.322
2,11685,2.726
2,11686,2.705
2,11687,2.454
2,11688,2.189
2,11689,2.374
2,11690,2.785
2,11691,2.317
2,11692,2.574
2,11693,2.603
2,11694,2.600
2,11695,2.675
2,11696,1.988
2,11697,2.264
2,11698,2.695
2,11699,2.113
2,11700,1.782
2,11701,1.854
2,11702,1.663
2,11703,1.550
2,11704,1.786
2,11705,1.778
2,11706,2.664
2,11707,2.504
2,11708,2.140
2,11709,1.667
2,11710,1.541
2,11711,1.559
2,11712,1.762
2,11713,1.650
2,11714,1.901
2,11715,2.436
2,11716,1.967
2,11717,1.830
2,11718,1.659
2,11719,1.756
2,11720,2.199
2,11721,1.833
2,11722,2.178
2,11723,2.135
2,11724,2.298
2,11725,2.282
2,11726,2.546
2,11727,2.184
2,11728,2.064
2,11729,2.799
2,11730,2.664
2,11731,2.884
2,11732,2.815
2,11733,2.378
2,11734,2.475
2,11735,2.766
2,11736,2.603
2,11737,2.464
2,11738,2.853
2,11739,2.571
2,11740,3.416
2,11741,2.831
2,11742,2.678
2,11743,2.577
2,11744,2.845
2,11745,2.634
2,11746,2.606
2,11747,2.810
2,11748,2.254
2,11749,2.071
2,11750,2.290
2,11751,3.064
2,11752,3.356
2,11753,3.000
2,11754,2.191
2,11755,2.558
2,11756,2.044
2,11757,2.036
2,11758,2.753
2,11759,2.767
2,11760,2.499
2,11761,2.564
2,11762,2.030
2,11763,2.053
2,11764,2.431
2,11765,3.170
2,11766,2.354
2,11767,2.312
2,11768,2.200
2,11769,2.370
2,11770,2.294
2,11771,2.456
2,11772,3.149
2,11773,2.758
2,11774,2.314
2,11775,2.416
2,11776,2.089
2,11777,2.844
2,11778,4.474
2,11779,3.672
2,11780,2.129
2,11781,2.464
2,11782,3.025
2,11783,2.858
2,11784,3.492
2,11785,3.791
2,11786,2.964
2,11787,3.744
2,11788,3.294
2,11789,2.345
2,11790,2.153
2,11791,3.083
2,11792,2.646
2,11793,2.935
2,11794,3.028
2,11795,2.715
2,11796,3.486
2,11797,3.160
2,11798,2.999
2,11799,2.863
2,11800,2.923
2,11801,2.329
2,11802,2.099
2,11803,2.069
2,11804,2.391
2,11805,1.964
2,11806,2.129
2,11807,2.655
2,11808,2.081
2,11809,2.121
2,11810,2.162
2,11811,2.041
2,11812,2.807
2,11813,2.122
2,11814,1.932
2,11815,1.701
2,11816,2.472
2,11817,2.094
2,11818,1.915
2,11819,2.590
2,11820,2.711
2,11821,1.909
2,11822,1.965
2,11823,2.056
2,11824,1.778
2,11825,1.883
2,11826,2.000
2,11827,2.045
2,11828,2.071
2,11829,2.484
2,11830,2.211
2,11831,1.822
2,11832,1.736
2,11833,1.946
2,11834,1.710
2,11835,3.113
2,11836,2.225
2,11837,2.399
2,11838,2.016
2,11839,2.379
2,11840,2.548
2,11841,3.052
2,11842,4.515
2,11843,3.217
2,11844,2.246
2,11845,1.837
2,11846,1.958
2,11847,2.937
2,11848,2.486
2,11849,2.405
2,11850,2.798
2,11851,2.257
2,11852,2.205
2,11853,2.306
2,11854,2.262
2,11855,2.558
2,11856,2.122
2,11857,2.260
2,11858,2.707
2,11859,2.821
2,11860,2.962
2,11861,2.429
2,11862,1.912
2,11863,2.358
2,11864,2.359
2,11865,2.718
2,11866,2.470
2,11867,2.419
2,11868,1.758
2,11869,1.718
2,11870,1.901
2,11871,1.694
2,11872,1.837
2,11873,2.234
2,11874,2.375
2,11875,1.893
2,11876,1.729
2,11877,2.115
2,11878,1.907
2,11879,1.727
2,11880,2.003
2,11881,2.161
2,11882,3.310
2,11883,3.195
2,11884,2.592
2,11885,2.586
2,11886,2.496
2,11887,3.020
2,11888,2.676
2,11889,2.212
2,11890,2.230
2,11891,2.126
2,11892,1.991
2,11893,2.040
2,11894,2.515
2,11895,1.999
2,11896,1.655
2,11897,1.634
2,11898,1.799
2,11899,2.222
2,11900,1.750
2,11901,1.893
2,11902,2.493
2,11903,2.042
2,11904,2.438
2,11905,2.303
2,11906,1.909
2,11907,1.995
2,11908,1.934
2,11909,4.643
2,11910,3.765
2,11911,3.977
2,11912,4.554
2,11913,6.623
2,11914,3.238
2,11915,2.929
2,11916,2.759
2,11917,5.019
2,11918,5.270
2,11919,4.401
2,11920,4.113
2,11921,3.470
2,11922,3.981
2,11923,4.233
2,11924,3.045
2,11925,2.431
2,11926,2.827
2,11927,2.375
2,11928,2.879
2,11929,2.437
2,11930,2.869
2,11931,2.886
2,11932,2.532
2,11933,2.813
2,11934,2.820
2,11935,2.758
2,11936,2.999
2,11937,2.704
2,11938,2.654
2,11939,2.797
2,11940,2.472
2,11941,2.613
2,11942,3.644
2,11943,3.506
2,11944,3.447
2,11945,3.490
2,11946,3.320
2,11947,3.344
2,11948,2.766
2,11949,3.269
2,11950,3.905
2,11951,3.889
2,11952,3.213
2,11953,3.707
2,11954,3.391
2,11955,4.034
2,11956,2.575
2,11957,2.668
2,11958,2.487
2,11959,2.409
2,11960,2.520
2,11961,2.902
2,11962,3.326
2,11963,2.923
2,11964,2.549
2,11965,3.160
2,11966,2.719
2,11967,3.355
2,11968,2.642
2,11969,2.582
2,11970,3.159
2,11971,2.382
2,11972,2.877
2,11973,2.787
2,11974,2.376
2,11975,2.281
2,11976,2.280
2,11977,2.706
2,11978,2.441
2,11979,3.175
2,11980,2.540
2,11981,2.408
2,11982,2.720
2,11983,2.299
2,11984,2.929
2,11985,2.925
2,11986,2.262
2,11987,2.368
2,11988,2.503
2,11989,2.665
2,11990,2.776
2,11991,3.456
2,11992,3.074
2,11993,4.570
2,11994,2.613
2,11995,3.535
2,11996,3.004
2,11997,2.292
2,11998,2.169
2,11999,2.335
2,12000,2.303
2,12001,2.375
2,12002,2.535
2,12003,3.321
2,12004,2.428
2,12005,2.381
2,12006,2.321
2,12007,2.343
2,12008,2.967
2,12009,2.699
2,12010,2.666
2,12011,2.585
2,12012,2.131
2,12013,2.262
2,12014,2.607
2,12015,2.624
2,12016,2.448
2,12017,2.664
2,12018,2.139
2,12019,2.387
2,12020,2.150
2,12021,2.291
2,12022,2.188
2,12023,2.257
2,12024,2.462
2,12025,2.637
2,12026,2.149
2,12027,1.945
2,12028,2.509
2,12029,2.265
2,12030,2.146
2,12031,1.941
2,12032,2.128
2,12033,2.372
2,12034,1.933
2,12035,2.391
2,12036,2.263
2,12037,2.256
2,12038,2.355
2,12039,2.285
2,12040,1.951
2,12041,2.379
2,12042,2.340
2,12043,2.370
2,12044,2.331
2,12045,2.094
2,12046,2.463
2,12047,2.153
2,12048,2.103
2,12049,2.246
2,12050,2.830
2,12051,2.069
2,12052,1.669
2,12053,1.539
2,12054,1.590
2,12055,1.753
2,12056,1.683
2,12057,1.545
2,12058,2.352
2,12059,2.172
2,12060,2.040
2,12061,2.300
2,12062,2.232
2,12063,2.317
2,12064,2.260
2,12065,2.765
2,12066,2.657
2,12067,2.558
2,12068,2.324
2,12069,2.665
2,12070,2.617
2,12071,2.544
2,12072,2.633
2,12073,2.868
2,12074,2.318
2,12075,2.531
2,12076,2.485
2,12077,2.465
2,12078,3.151
2,12079,2.358
2,12080,2.827
2,12081,2.503
2,12082,2.358
2,12083,2.973
2,12084,2.595
2,12085,2.292
2,12086,2.690
2,12087,2.779
2,12088,2.837
2,12089,3.232
2,12090,2.731
2,12091,2.849
2,12092,3.242
2,12093,3.277
2,12094,2.935
2,12095,3.005
2,12096,2.735
2,12097,2.652
2,12098,2.807
2,12099,3.076
2,12100,3.317
2,12101,2.795
2,12102,2.475
2,12103,2.368
2,12104,2.305
2,12105,2.984
2,12106,3.149
2,12107,2.438
2,12108,2.544
2,12109,2.379
2,12110,2.346
2,12111,2.628
2,12112,2.971
2,12113,5.092
2,12114,2.821
2,12115,2.620
2,12116,2.450
2,12117,2.630
2,12118,2.561
2,12119,2.567
2,12120,2.526
2,12121,2.326
2,12122,2.324
2,12123,2.710
2,12124,2.934
2,12125,2.697
2,12126,3.061
2,12127,2.658
2,12128,2.706
2,12129,2.668
2,12130,2.568
2,12131,2.670
2,12132,2.613
2,12133,2.931
2,12134,2.618
2,12135,2.861
2,12136,2.609
2,12137,2.329
2,12138,2.252
2,12139,2.465
2,12140,3.128
2,12141,5.714
2,12142,3.208
2,12143,2.551
2,12144,2.137
2,12145,3.072
2,12146,2.489
2,12147,2.235
2,12148,2.290
2,12149,2.355
2,12150,2.062
2,12151,2.187
2,12152,2.719
2,12153,2.463
2,12154,2.754
2,12155,2.687
2,12156,2.317
2,12157,2.316
2,12158,2.115
2,12159,3.020
2,12160,2.317
2,12161,2.270
2,12162,2.742
2,12163,2.392
2,12164,2.076
2,12165,2.848
2,12166,2.975
2,12167,2.290
2,12168,2.340
2,12169,2.263
2,12170,2.256
2,12171,2.208
2,12172,2.465
2,12173,3.304
2,12174,2.306
2,12175,2.189
2,12176,2.153
2,12177,2.148
2,12178,2.230
2,12179,2.504
2,12180,2.868
2,12181,2.421
2,12182,2.893
2,12183,2.455
2,12184,2.241
2,12185,2.869
2,12186,3.093
2,12187,2.700
2,12188,2.263
2,12189,2.270
2,12190,2.273
2,12191,2.409
2,12192,2.275
2,12193,2.374
2,12194,2.414
2,12195,2.455
2,12196,2.300
2,12197,2.190
2,12198,2.639
2,12199,2.612
2,12200,2.683
2,12201,2.662
2,12202,3.577
2,12203,2.841
2,12204,3.246
2,12205,2.327
2,12206,2.410
2,12207,2.406
2,12208,2.506
2,12209,2.482
2,12210,3.204
2,12211,3.014
2,12212,2.765
2,12213,2.521
2,12214,2.596
2,12215,2.978
2,12216,3.052
2,12217,2.516
2,12218,2.874
2,12219,4.945
2,12220,3.396
2,12221,2.847
2,12222,2.122
2,12223,2.370
2,12224,2.320
2,12225,2.103
2,12226,2.624
2,12227,2.454
2,12228,2.392
2,12229,2.443
2,12230,2.346
2,12231,2.328
2,12232,3.365
2,12233,2.779
2,12234,2.649
2,12235,2.822
2,12236,2.587
2,12237,2.446
2,12238,2.792
2,12239,2.847
2,12240,2.445
2,12241,2.101
2,12242,2.640
2,12243,2.341
2,12244,2.132
2,12245,2.793
2,12246,2.569
2,12247,2.160
2,12248,2.202
2,12249,2.489
2,12250,2.268
2,12251,2.496
2,12252,2.380
2,12253,2.245
2,12254,2.271
2,12255,2.285
2,12256,2.026
2,12257,2.804
2,12258,2.317
2,12259,2.834
2,12260,2.541
2,12261,2.278
2,12262,2.134
2,12263,2.393
2,12264,3.016
2,12265,2.427
2,12266,2.360
2,12267,2.244
2,12268,2.230
2,12269,2.208
2,12270,2.075
2,12271,3.027
2,12272,2.642
2,12273,2.049
2,12274,2.104
2,12275,2.167
2,12276,2.251
2,12277,2.078
2,12278,3.339
2,12279,2.611
2,12280,3.537
2,12281,2.403
2,12282,2.204
2,12283,2.209
2,12284,2.932
2,12285,2.750
2,12286,2.292
2,12287,2.630
2,12288,2.509
2,12289,2.259
2,12290,2.461
2,12291,2.619
2,12292,2.159
2,12293,2.093
2,12294,2.542
2,12295,2.117
2,12296,1.977
2,12297,2.333
2,12298,2.803
2,12299,2.089
2,12300,2.881
2,12301,3.225
2,12302,2.477
2,12303,2.524
2,12304,2.279
2,12305,2.171
2,12306,1.974
2,12307,1.754
2,12308,2.190
2,12309,2.696
2,12310,2.111
2,12311,1.992
2,12312,1.933
2,12313,2.081
2,12314,1.795
2,12315,1.908
2,12316,1.863
2,12317,1.660
2,12318,3.022
2,12319,3.226
2,12320,2.821
2,12321,3.039
2,12322,2.773
2,12323,2.154
2,12324,3.508
2,12325,2.832
2,12326,2.389
2,12327,2.108
2,12328,1.838
2,12329,2.207
2,12330,2.403
2,12331,2.811
2,12332,2.249
2,12333,2.024
2,12334,1.961
2,12335,2.005
2,12336,2.009
2,12337,1.870
2,12338,2.799
2,12339,2.632
2,12340,1.919
2,12341,2.126
2,12342,2.187
2,12343,2.440
2,12344,2.823
2,12345,2.541
2,12346,1.958
2,12347,2.340
2,12348,1.940
2,12349,1.780
2,12350,1.661
2,12351,1.682
2,12352,1.991
2,12353,2.422
2,12354,2.247
2,12355,2.237
2,12356,2.363
2,12357,2.159
2,12358,1.809
2,12359,1.758
2,12360,1.935
2,12361,1.970
2,12362,1.950
2,12363,1.600
2,12364,1.513
2,12365,2.248
2,12366,1.869
2,12367,2.213
2,12368,2.343
2,12369,2.202
2,12370,1.891
2,12371,1.698
2,12372,1.960
2,12373,1.785
2,12374,2.355
2,12375,2.100
2,12376,3.210
2,12377,2.392
2,12378,2.112
2,12379,1.771
2,12380,1.535
2,12381,1.846
2,12382,2.313
2,12383,2.560
2,12384,1.807
2,12385,1.963
2,12386,1.946
2,12387,1.766
2,12388,1.607
2,12389,1.771
2,12390,1.715
2,12391,2.339
2,12392,2.522
2,12393,2.069
2,12394,2.005
2,12395,1.900
2,12396,2.003
2,12397,1.827
2,12398,1.622
2,12399,1.994
2,12400,2.191
2,12401,1.806
2,12402,1.927
2,12403,2.063
2,12404,2.083
2,12405,1.799
2,12406,2.006
2,12407,2.844
2,12408,2.499
2,12409,1.953
2,12410,1.866
2,12411,1.769
2,12412,1.659
2,12413,1.794
2,12414,2.266
2,12415,2.094
2,12416,2.168
2,12417,2.764
2,12418,2.113
2,12419,1.992
2,12420,1.911
2,12421,2.109
2,12422,1.997
2,12423,2.133
2,12424,1.835
2,12425,1.902
2,12426,2.078
2,12427,2.199
2,12428,1.733
2,12429,1.726
2,12430,2.686
2,12431,2.104
2,12432,1.626
2,12433,1.832
2,12434,2.012
2,12435,1.681
2,12436,1.748
2,12437,2.091
2,12438,2.676
2,12439,2.101
2,12440,2.145
2,12441,2.426
2,12442,2.367
2,12443,2.267
2,12444,1.995
2,12445,2.230
2,12446,2.446
2,12447,2.093
2,12448,1.894
2,12449,1.907
2,12450,2.670
2,12451,2.002
2,12452,1.915
2,12453,2.054
2,12454,2.006
2,12455,1.925
2,12456,1.837
2,12457,1.942
2,12458,1.759
2,12459,2.277
2,12460,2.440
2,12461,2.016
2,12462,1.846
2,12463,2.040
2,12464,2.017
2,12465,2.292
2,12466,2.221
2,12467,2.375
2,12468,3.026
2,12469,2.704
2,12470,2.446
2,12471,2.376
2,12472,2.479
2,12473,2.441
2,12474,2.662
2,12475,2.785
2,12476,2.531
2,12477,2.593
2,12478,2.539
2,12479,2.307
2,12480,2.775
2,12481,2.870
2,12482,2.644
2,12483,2.571
2,12484,2.645
2,12485,2.729
2,12486,3.198
2,12487,3.210
2,12488,2.754
2,12489,2.545
2,12490,2.552
2,12491,2.197
2,12492,2.462
2,12493,2.573
2,12494,2.785
2,12495,2.635
2,12496,2.249
2,12497,2.115
2,12498,2.292
2,12499,2.677
2,12500,2.418
2,12501,2.790
2,12502,2.454
2,12503,2.389
2,12504,3.035
2,12505,3.218
2,12506,2.433
2,12507,2.777
2,12508,3.042
2,12509,2.559
2,12510,2.655
2,12511,2.732
2,12512,2.253
2,12513,2.261
2,12514,2.575
2,12515,2.761
2,12516,2.287
2,12517,2.618
2,12518,2.314
2,12519,2.356
2,12520,2.371
2,12521,2.476
2,12522,3.093
2,12523,3.455
2,12524,2.607
2,12525,2.561
2,12526,2.503
2,12527,2.288
2,12528,2.657
2,12529,2.610
2,12530,2.521
2,12531,2.357
2,12532,2.272
2,12533,2.467
2,12534,2.425
2,12535,2.902
2,12536,3.109
2,12537,2.086
2,12538,2.454
2,12539,2.508
2,12540,2.565
2,12541,3.858
2,12542,4.331
2,12543,3.098
2,12544,2.196
2,12545,2.196
2,12546,3.155
2,12547,2.280
2,12548,2.554
2,12549,2.549
2,12550,3.614
2,12551,4.704
2,12552,2.964
2,12553,2.772
2,12554,2.080
2,12555,2.479
2,12556,2.496
2,12557,2.456
2,12558,2.594
2,12559,2.649
2,12560,2.402
2,12561,2.539
2,12562,2.134
2,12563,3.674
2,12564,2.787
2,12565,2.624
2,12566,2.738
2,12567,2.317
2,12568,2.131
2,12569,2.509
2,12570,2.554
2,12571,2.266
2,12572,2.599
2,12573,2.487
2,12574,2.348
2,12575,2.369
2,12576,2.467
2,12577,2.608
2,12578,1.970
2,12579,2.188
2,12580,2.148
2,12581,2.236
2,12582,2.485
2,12583,2.756
2,12584,2.387
2,12585,2.420
2,12586,2.318
2,12587,2.272
2,12588,2.068
2,12589,2.638
2,12590,2.478
2,12591,2.235
2,12592,2.554
2,12593,2.684
2,12594,2.053
2,12595,2.479
2,12596,2.652
2,12597,2.215
2,12598,2.672
2,12599,2.305
2,12600,3.172
2,12601,2.635
2,12602,2.602
2,12603,2.527
2,12604,2.034
2,12605,1.706
2,12606,2.060
2,12607,2.283
2,12608,1.772
2,12609,1.879
2,12610,1.767
2,12611,1.684
2,12612,1.634
2,12613,1.688
2,12614,1.953
2,12615,1.788
2,12616,1.569
2,12617,1.957
2,12618,2.457
2,12619,2.130
2,12620,1.846
2,12621,1.768
2,12622,1.747
2,12623,1.815
2,12624,1.850
2,12625,2.614
2,12626,2.667
2,12627,2.162
2,12628,1.860
2,12629,2.104
2,12630,2.465
2,12631,2.302
2,12632,2.178
2,12633,2.641
2,12634,2.589
2,12635,1.832
2,12636,1.640
2,12637,1.744
2,12638,1.922
2,12639,2.075
2,12640,1.997
2,12641,1.942
2,12642,1.680
2,12643,2.569
2,12644,1.962
2,12645,1.670
2,12646,1.653
2,12647,1.898
2,12648,2.155
2,12649,2.258
2,12650,1.838
2,12651,2.050
2,12652,2.276
2,12653,2.106
2,12654,2.038
2,12655,2.335
2,12656,2.082
2,12657,1.744
2,12658,1.942
2,12659,1.783
2,12660,1.603
2,12661,2.179
2,12662,1.782
2,12663,2.990
2,12664,2.453
2,12665,1.897
2,12666,1.688
2,12667,1.521
2,12668,1.871
2,12669,1.856
2,12670,2.752
2,12671,2.265
2,12672,2.017
2,12673,2.742
2,12674,4.474
2,12675,2.353
2,12676,2.544
2,12677,2.481
2,12678,1.963
2,12679,1.814
2,12680,1.677
2,12681,1.835
2,12682,1.671
2,12683,1.756
2,12684,2.173
2,12685,2.391
2,12686,2.466
2,12687,1.826
2,12688,1.831
2,12689,1.917
2,12690,2.286
2,12691,2.529
2,12692,2.726
2,12693,2.361
2,12694,2.278
2,12695,2.357
2,12696,2.111
2,12697,2.030
2,12698,1.802
2,12699,2.075
2,12700,3.923
2,12701,2.576
2,12702,2.609
2,12703,2.065
2,12704,1.720
2,12705,2.027
2,12706,1.925
2,12707,1.623
2,12708,1.962
2,12709,1.899
2,12710,1.612
2,12711,2.284
2,12712,1.830
2,12713,1.961
2,12714,2.054
2,12715,1.694
2,12716,1.830
2,12717,1.778
2,12718,1.609
2,12719,2.204
2,12720,2.377
2,12721,2.723
2,12722,2.696
2,12723,2.442
2,12724,2.232
2,12725,2.481
2,12726,2.156
2,12727,2.648
2,12728,2.934
2,12729,2.797
2,12730,2.692
2,12731,2.678
2,12732,2.000
2,12733,2.206
2,12734,3.519
2,12735,2.795
2,12736,2.469
2,12737,2.388
2,12738,2.061
2,12739,2.997
2,12740,2.791
2,12741,2.840
2,12742,2.269
2,12743,2.722
2,12744,2.560
2,12745,2.675
2,12746,2.925
2,12747,2.161
2,12748,2.480
2,12749,2.111
2,12750,2.364
2,12751,2.383
2,12752,2.523
2,12753,2.457
2,12754,2.247
2,12755,2.320
2,12756,1.987
2,12757,1.690
2,12758,1.628
2,12759,2.185
2,12760,2.589
2,12761,1.898
2,12762,2.547
2,12763,2.118
2,12764,2.016
2,12765,2.336
2,12766,2.305
2,12767,2.354
2,12768,2.303
2,12769,2.163
2,12770,1.690
2,12771,1.736
2,12772,1.886
2,12773,2.196
2,12774,2.213
2,12775,2.029
2,12776,2.097
2,12777,1.828
2,12778,1.815
2,12779,2.125
2,12780,1.801
2,12781,1.969
2,12782,2.687
2,12783,2.154
2,12784,2.203
2,12785,2.201
2,12786,2.198
2,12787,1.691
2,12788,2.097
2,12789,2.956
2,12790,2.545
2,12791,1.947
2,12792,2.062
2,12793,1.892
2,12794,1.561
2,12795,1.861
2,12796,1.992
2,12797,18.225
2,12798,2.928
2,12799,2.469
2,12800,2.151
2,12801,2.295
2,12802,2.272
2,12803,2.354
2,12804,2.193
2,12805,1.864
2,12806,2.488
2,12807,2.123
2,12808,1.994
2,12809,1.839
2,12810,2.804
2,12811,2.504
2,12812,2.572
2,12813,2.498
2,12814,2.147
2,12815,1.819
2,12816,2.294
2,12817,2.166
2,12818,1.702
2,12819,1.981
2,12820,2.027
2,12821,1.783
2,12822,2.158
2,12823,2.505
2,12824,2.184
2,12825,2.154
2,12826,2.318
2,12827,1.937
2,12828,1.724
2,12829,2.299
2,12830,1.975
2,12831,2.381
2,12832,2.355
2,12833,2.147
2,12834,1.781
2,12835,1.762
2,12836,2.059
2,12837,1.758
2,12838,1.511
2,12839,1.926
2,12840,2.236
2,12841,1.977
2,12842,1.760
2,12843,1.750
2,12844,2.174
2,12845,2.092
2,12846,1.978
2,12847,2.889
2,12848,2.914
2,12849,2.376
2,12850,2.351
2,12851,2.240
2,12852,2.258
2,12853,2.070
2,12854,3.182
2,12855,3.424
2,12856,2.676
2,12857,2.931
2,12858,2.867
2,12859,3.420
2,12860,2.439
2,12861,3.101
2,12862,2.437
2,12863,2.089
2,12864,2.456
2,12865,2.838
2,12866,2.517
2,12867,2.037
2,12868,2.539
2,12869,2.079
2,12870,2.006
2,12871,2.139
2,12872,2.457
2,12873,1.834
2,12874,2.002
2,12875,1.844
2,12876,1.907
2,12877,1.813
2,12878,1.777
2,12879,2.066
2,12880,2.342
2,12881,1.968
2,12882,2.058
2,12883,1.976
2,12884,1.975
2,12885,2.249
2,12886,1.667
2,12887,1.837
2,12888,2.310
2,12889,2.137
2,12890,2.190
2,12891,2.069
2,12892,2.127
2,12893,1.785
2,12894,2.386
2,12895,2.116
2,12896,1.971
2,12897,2.197
2,12898,2.225
2,12899,2.211
2,12900,1.867
2,12901,1.895
2,12902,2.065
2,12903,2.041
2,12904,2.224
2,12905,1.860
2,12906,1.734
2,12907,1.673
2,12908,1.656
2,12909,1.893
2,12910,1.735
2,12911,2.824
2,12912,2.302
2,12913,1.974
2,12914,2.279
2,12915,2.113
2,12916,2.106
2,12917,1.760
2,12918,1.746
2,12919,2.699
2,12920,2.024
2,12921,1.887
2,12922,1.859
2,12923,1.724
2,12924,1.843
2,12925,1.874
2,12926,1.837
2,12927,2.016
2,12928,2.622
2,12929,2.175
2,12930,1.682
2,12931,1.610
2,12932,1.697
2,12933,1.626
2,12934,1.725
2,12935,2.052
2,12936,2.483
2,12937,2.804
2,12938,2.543
2,12939,2.840
2,12940,2.442
2,12941,2.417
2,12942,2.751
2,12943,2.265
2,12944,2.805
2,12945,2.461
2,12946,2.253
2,12947,2.238
2,12948,2.541
2,12949,2.418
2,12950,2.497
2,12951,2.874
2,12952,1.992
2,12953,2.316
2,12954,2.178
2,12955,2.580
2,12956,2.295
2,12957,2.301
2,12958,2.083
2,12959,3.441
2,12960,2.474
2,12961,3.081
2,12962,3.400
2,12963,2.501
2,12964,2.739
2,12965,3.348
2,12966,2.266
2,12967,2.883
2,12968,2.687
2,12969,2.307
2,12970,2.108
2,12971,1.672
2,12972,2.510
2,12973,1.927
2,12974,3.276
2,12975,2.516
2,12976,2.435
2,12977,2.551
2,12978,2.973
2,12979,3.214
2,12980,2.716
2,12981,2.044
2,12982,1.961
2,12983,2.043
2,12984,1.824
2,12985,1.726
2,12986,1.752
2,12987,2.804
2,12988,1.831
2,12989,1.814
2,12990,1.902
2,12991,1.779
2,12992,2.048
2,12993,1.872
2,12994,1.808
2,12995,1.937
2,12996,3.018
2,12997,2.159
2,12998,1.626
2,12999,1.813
2,13000,2.082
2,13001,1.869
2,13002,2.747
2,13003,2.822
2,13004,2.471
2,13005,1.719
2,13006,2.045
2,13007,1.929
2,13008,1.815
2,13009,2.158
2,13010,3.285
2,13011,2.205
2,13012,2.661
2,13013,2.372
2,13014,2.456
2,13015,2.702
2,13016,2.560
2,13017,2.358
2,13018,2.453
2,13019,2.788
2,13020,2.643
2,13021,2.628
2,13022,3.156
2,13023,2.618
2,13024,2.279
2,13025,2.097
2,13026,2.656
2,13027,2.174
2,13028,2.677
2,13029,2.501
2,13030,2.317
2,13031,2.174
2,13032,2.131
2,13033,2.089
2,13034,2.814
2,13035,2.461
2,13036,2.113
2,13037,2.196
2,13038,2.186
2,13039,2.425
2,13040,2.081
2,13041,2.723
2,13042,2.782
2,13043,3.062
2,13044,2.871
2,13045,2.541
2,13046,2.339
2,13047,2.723
2,13048,3.401
2,13049,3.031
2,13050,3.693
2,13051,2.823
2,13052,2.172
2,13053,3.266
2,13054,2.846
2,13055,3.091
2,13056,2.632
2,13057,2.665
2,13058,2.866
2,13059,2.688
2,13060,2.625
2,13061,2.773
2,13062,2.735
2,13063,2.515
2,13064,2.827
2,13065,2.908
2,13066,2.698
2,13067,2.542
2,13068,2.713
2,13069,3.188
2,13070,3.586
2,13071,2.827
2,13072,2.471
2,13073,2.644
2,13074,2.431
2,13075,3.138
2,13076,2.676
2,13077,2.802
2,13078,2.788
2,13079,2.918
2,13080,3.089
2,13081,3.256
2,13082,2.873
2,13083,2.656
2,13084,2.488
2,13085,2.668
2,13086,2.563
2,13087,2.627
2,13088,2.892
2,13089,2.713
2,13090,2.544
2,13091,2.513
2,13092,2.358
2,13093,2.588
2,13094,2.486
2,13095,2.864
2,13096,2.417
2,13097,2.776
2,13098,2.724
2,13099,2.750
2,13100,2.688
2,13101,2.701
2,13102,2.985
2,13103,2.476
2,13104,2.750
2,13105,2.626
2,13106,2.659
2,13107,2.485
2,13108,2.434
2,13109,2.474
2,13110,2.068
2,13111,1.932
2,13112,3.111
2,13113,2.654
2,13114,2.343
2,13115,2.553
2,13116,3.515
2,13117,3.580
2,13118,2.594
2,13119,2.846
2,13120,2.772
2,13121,2.597
2,13122,3.343
2,13123,2.924
2,13124,3.230
2,13125,3.077
2,13126,3.219
2,13127,2.924
2,13128,3.097
2,13129,2.623
2,13130,2.168
2,13131,2.329
2,13132,2.494
2,13133,2.296
2,13134,3.169
2,13135,3.024
2,13136,2.763
2,13137,2.682
2,13138,2.163
2,13139,2.436
2,13140,3.025
2,13141,2.437
2,13142,3.712
2,13143,3.011
2,13144,2.918
2,13145,3.293
2,13146,3.277
2,13147,3.104
2,13148,3.267
2,13149,2.879
2,13150,2.986
2,13151,3.191
2,13152,2.446
2,13153,2.977
2,13154,3.167
2,13155,2.677
2,13156,2.623
2,13157,2.248
2,13158,2.719
2,13159,2.844
2,13160,3.149
2,13161,3.244
2,13162,2.552
2,13163,2.550
2,13164,2.215
2,13165,2.182
2,13166,2.453
2,13167,2.203
2,13168,3.016
2,13169,3.231
2,13170,2.037
2,13171,2.162
2,13172,2.223
2,13173,2.438
2,13174,3.450
2,13175,3.746
2,13176,3.368
2,13177,2.659
2,13178,2.255
2,13179,2.780
2,13180,2.623
2,13181,2.661
2,13182,2.359
2,13183,2.063
2,13184,2.329
2,13185,2.491
2,13186,3.044
2,13187,2.580
2,13188,3.364
2,13189,2.616
2,13190,2.415
2,13191,2.820
2,13192,2.903
2,13193,2.646
2,13194,2.725
2,13195,2.435
2,13196,1.886
2,13197,2.354
2,13198,2.538
2,13199,2.000
2,13200,2.011
2,13201,2.141
2,13202,2.379
2,13203,1.878
2,13204,2.223
2,13205,2.124
2,13206,1.721
2,13207,2.066
2,13208,2.093
2,13209,2.017
2,13210,2.379
2,13211,2.723
2,13212,2.255
2,13213,2.210
2,13214,2.289
2,13215,2.077
2,13216,2.195
2,13217,2.334
2,13218,2.097
2,13219,2.438
2,13220,2.340
2,13221,1.866
2,13222,2.403
2,13223,2.554
2,13224,1.933
2,13225,1.673
2,13226,1.900
2,13227,3.034
2,13228,1.876
2,13229,1.876
2,13230,2.155
2,13231,1.977
2,13232,2.471
2,13233,2.237
2,13234,2.463
2,13235,2.511
2,13236,2.227
2,13237,1.985
2,13238,1.904
2,13239,2.160
2,13240,1.878
2,13241,2.282
2,13242,3.306
2,13243,2.319
2,13244,1.905
2,13245,2.354
2,13246,1.881
2,13247,1.623
2,13248,1.884
2,13249,2.196
2,13250,2.158
2,13251,1.919
2,13252,2.365
2,13253,1.992
2,13254,1.721
2,13255,2.457
2,13256,2.374
2,13257,2.166
2,13258,2.242
2,13259,2.180
2,13260,2.253
2,13261,2.157
2,13262,1.975
2,13263,1.684
2,13264,2.454
2,13265,2.212
2,13266,1.803
2,13267,1.821
2,13268,1.900
2,13269,2.402
2,13270,1.898
2,13271,2.062
2,13272,2.265
2,13273,1.858
2,13274,1.961
2,13275,2.040
2,13276,1.884
2,13277,2.393
2,13278,2.766
2,13279,3.522
2,13280,2.720
2,13281,2.531
2,13282,2.472
3,1,2.967
3,2,3.543
3,3,2.782
3,4,2.008
3,5,1.683
3,6,1.725
3,7,1.868
3,8,1.752
3,9,2.280
3,10,2.608
3,11,2.090
3,12,1.719
3,13,1.834
3,14,2.007
3,15,1.669
3,16,1.715
3,17,2.271
3,18,2.481
3,19,2.694
3,20,2.375
3,21,2.155
3,22,1.712
3,23,2.058
3,24,2.289
3,25,2.594
3,26,2.486
3,27,2.782
3,28,2.064
3,29,2.120
3,30,2.294
3,31,2.679
3,32,2.678
3,33,2.303
3,34,2.494
3,35,2.345
3,36,2.245
3,37,2.205
3,38,2.542
3,39,2.241
3,40,2.683
3,41,2.703
3,42,2.281
3,43,2.522
3,44,2.397
3,45,1.770
3,46,1.753
3,47,1.776
3,48,2.741
3,49,2.589
3,50,2.534
3,51,2.240
3,52,1.933
3,53,2.189
3,54,1.821
3,55,1.702
3,56,1.707
3,57,2.015
3,58,2.112
3,59,1.979
3,60,1.947
3,61,2.008
3,62,1.787
3,63,2.310
3,64,2.106
3,65,1.939
3,66,2.476
3,67,2.204
3,68,2.014
3,69,1.785
3,70,1.924
3,71,1.857
3,72,1.650
3,73,1.793
3,74,2.012
3,75,2.529
3,76,1.933
3,77,1.820
3,78,1.844
3,79,1.583
3,80,1.529
3,81,1.836
3,82,1.780
3,83,2.056
3,84,2.331
3,85,1.990
3,86,2.074
3,87,1.807
3,88,1.853
3,89,2.315
3,90,2.109
3,91,2.364
3,92,2.328
3,93,2.067
3,94,1.869
3,95,1.975
3,96,1.913
3,97,1.764
3,98,2.141
3,99,2.099
3,100,1.705
3,101,1.969
3,102,1.778
3,103,2.113
3,104,2.005
3,105,1.675
3,106,2.209
3,107,2.697
3,108,2.442
3,109,3.032
3,110,2.226
3,111,1.935
3,112,2.698
3,113,2.705
3,114,2.336
3,115,1.907
3,116,2.461
3,117,1.928
3,118,1.837
3,119,1.934
3,120,2.598
3,121,2.754
3,122,2.521
3,123,2.468
3,124,2.255
3,125,2.092
3,126,2.141
3,127,2.294
3,128,1.904
3,129,1.650
3,130,2.051
3,131,1.776
3,132,1.588
3,133,2.130
3,134,2.214
3,135,2.550
3,136,2.279
3,137,2.257
3,138,2.298
3,139,2.560
3,140,2.387
3,141,2.742
3,142,2.262
3,143,2.243
3,144,1.879
3,145,1.629
3,146,1.944
3,147,1.869
3,148,1.823
3,149,2.583
3,150,3.457
3,151,2.246
3,152,2.121
3,153,1.730
3,154,1.528
3,155,1.539
3,156,1.906
3,157,2.582
3,158,3.017
3,159,2.111
3,160,1.999
3,161,1.822
3,162,2.043
3,163,2.343
3,164,3.189
3,165,2.820
3,166,2.944
3,167,2.617
3,168,2.515
3,169,2.787
3,170,2.819
3,171,2.477
3,172,2.288
3,173,2.589
3,174,2.285
3,175,2.192
3,176,2.806
3,177,2.222
3,178,2.844
3,179,2.295
3,180,2.642
3,181,2.484
3,182,2.495
3,183,2.153
3,184,2.169
3,185,1.813
3,186,1.668
3,187,1.949
3,188,2.702
3,189,1.959
3,190,2.312
3,191,2.525
3,192,1.900
3,193,1.632
3,194,1.874
3,195,1.834
3,196,2.487
3,197,1.837
3,198,2.751
3,199,2.271
3,200,2.056
3,201,2.582
3,202,2.214
3,203,2.060
3,204,2.748
3,205,2.404
3,206,4.438
3,207,2.197
3,208,1.914
3,209,2.029
3,210,2.184
3,211,2.490
3,212,2.257
3,213,2.196
3,214,1.761
3,215,2.347
3,216,2.414
3,217,2.051
3,218,2.939
3,219,2.511
3,220,1.890
3,221,1.976
3,222,2.165
3,223,1.786
3,224,2.105
3,225,2.451
3,226,2.059
3,227,2.556
3,228,2.264
3,229,1.976
3,230,1.735
3,231,2.078
3,232,2.084
3,233,1.946
3,234,1.973
3,235,1.983
3,236,2.774
3,237,1.994
3,238,2.134
3,239,1.886
3,240,2.605
3,241,2.506
3,242,1.996
3,243,1.826
3,244,2.363
3,245,2.348
3,246,2.355
3,247,2.754
3,248,2.120
3,249,2.083
3,250,2.677
3,251,2.661
3,252,2.114
3,253,2.873
3,254,2.810
3,255,2.593
3,256,2.503
3,257,2.482
3,258,3.093
3,259,2.502
3,260,2.241
3,261,2.391
3,262,1.840
3,263,1.629
3,264,1.979
3,265,1.794
3,266,3.087
3,267,3.194
3,268,2.392
3,269,1.941
3,270,2.214
3,271,1.861
3,272,1.745
3,273,2.112
3,274,2.322
3,275,2.012
3,276,1.691
3,277,1.786
3,278,1.699
3,279,1.677
3,280,1.811
3,281,2.131
3,282,2.140
3,283,2.482
3,284,1.992
3,285,1.989
3,286,1.783
3,287,1.694
3,288,1.844
3,289,1.806
3,290,2.205
3,291,2.816
3,292,2.885
3,293,2.310
3,294,2.322
3,295,2.166
3,296,2.617
3,297,2.885
3,298,2.618
3,299,2.939
3,300,2.346
3,301,2.383
3,302,3.149
3,303,2.760
3,304,2.635
3,305,2.534
3,306,3.062
3,307,2.653
3,308,2.709
3,309,2.846
3,310,2.866
3,311,2.975
3,312,3.052
3,313,3.314
3,314,2.872
3,315,2.344
3,316,2.846
3,317,2.513
3,318,2.708
3,319,2.686
3,320,2.708
3,321,2.354
3,322,2.759
3,323,2.419
3,324,2.518
3,325,2.923
3,326,2.585
3,327,2.371
3,328,2.981
3,329,2.493
3,330,2.542
3,331,2.558
3,332,3.080
3,333,2.588
3,334,2.718
3,335,2.651
3,336,2.360
3,337,2.524
3,338,2.586
3,339,3.364
3,340,2.434
3,341,2.472
3,342,2.335
3,343,2.680
3,344,2.235
3,345,2.392
3,346,2.788
3,347,2.859
3,348,2.667
3,349,2.753
3,350,2.840
3,351,2.904
3,352,3.187
3,353,2.999
3,354,2.650
3,355,2.957
3,356,2.561
3,357,2.498
3,358,2.827
3,359,3.532
3,360,3.074
3,361,2.684
3,362,2.239
3,363,2.517
3,364,2.812
3,365,3.167
3,366,2.887
3,367,2.381
3,368,2.453
3,369,2.415
3,370,2.365
3,371,2.710
3,372,3.104
3,373,2.964
3,374,2.119
3,375,1.934
3,376,2.266
3,377,2.267
3,378,2.504
3,379,2.397
3,380,2.274
3,381,2.103
3,382,1.952
3,383,2.087
3,384,2.100
3,385,2.679
3,386,3.273
3,387,2.306
3,388,2.155
3,389,2.237
3,390,2.090
3,391,2.179
3,392,2.820
3,393,2.866
3,394,2.403
3,395,2.044
3,396,1.716
3,397,1.754
3,398,2.130
3,399,2.882
3,400,2.825
3,401,2.770
3,402,2.427
3,403,2.020
3,404,1.855
3,405,2.026
3,406,2.026
3,407,2.363
3,408,1.920
3,409,2.402
3,410,1.964
3,411,1.950
3,412,1.818
3,413,2.377
3,414,2.474
3,415,2.124
3,416,2.378
3,417,2.602
3,418,2.067
3,419,2.632
3,420,2.516
3,421,2.093
3,422,2.124
3,423,2.089
3,424,2.164
3,425,2.968
3,426,2.783
3,427,2.587
3,428,2.341
3,429,2.544
3,430,2.457
3,431,2.444
3,432,2.829
3,433,2.843
3,434,2.347
3,435,2.137
3,436,2.169
3,437,2.099
3,438,1.868
3,439,2.262
3,440,2.648
3,441,2.192
3,442,1.910
3,443,1.813
3,444,1.746
3,445,1.683
3,446,1.851
3,447,2.192
3,448,2.119
3,449,2.290
3,450,1.809
3,451,2.223
3,452,1.940
3,453,1.992
3,454,1.993
3,455,2.055
3,456,2.704
3,457,2.877
3,458,2.160
3,459,2.259
3,460,2.214
3,461,1.862
3,462,1.993
3,463,1.979
3,464,1.739
3,465,2.182
3,466,2.106
3,467,1.860
3,468,1.726
3,469,1.764
3,470,2.248
3,471,2.228
3,472,1.731
3,473,1.821
3,474,2.176
3,475,1.991
3,476,2.245
3,477,2.056
3,478,2.226
3,479,1.948
3,480,1.915
3,481,1.803
3,482,1.790
3,483,2.254
3,484,1.678
3,485,1.748
3,486,2.018
3,487,1.976
3,488,1.905
3,489,1.662
3,490,1.726
3,491,2.301
3,492,2.926
3,493,2.354
3,494,2.858
3,495,2.596
3,496,2.534
3,497,2.686
3,498,2.499
3,499,3.029
3,500,2.240
3,501,2.333
3,502,2.138
3,503,2.010
3,504,1.817
3,505,1.805
3,506,1.601
3,507,2.052
3,508,2.512
3,509,1.945
3,510,1.756
3,511,1.638
3,512,1.574
3,513,1.844
3,514,1.761
3,515,1.520
3,516,1.854
3,517,2.207
3,518,1.738
3,519,1.838
3,520,2.374
3,521,2.037
3,522,1.957
3,523,1.839
3,524,2.645
3,525,2.313
3,526,2.514
3,527,2.030
3,528,2.070
3,529,1.734
3,530,1.744
3,531,1.785
3,532,2.039
3,533,2.055
3,534,1.845
3,535,1.929
3,536,1.627
3,537,1.615
3,538,1.570
3,539,1.843
3,540,1.659
3,541,2.259
3,542,2.246
3,543,1.787
3,544,1.867
3,545,1.976
3,546,1.572
3,547,1.691
3,548,1.721
3,549,2.376
3,550,2.549
3,551,2.078
3,552,2.020
3,553,2.032
3,554,2.568
3,555,2.083
3,556,2.597
3,557,2.823
3,558,2.790
3,559,2.284
3,560,2.321
3,561,2.408
3,562,2.669
3,563,2.473
3,564,2.340
3,565,2.134
3,566,2.153
3,567,2.133
3,568,2.356
3,569,2.984
3,570,2.270
3,571,2.463
3,572,2.346
3,573,2.156
3,574,1.851
3,575,2.210
3,576,2.784
3,577,2.522
3,578,1.761
3,579,1.702
3,580,1.738
3,581,1.615
3,582,1.715
3,583,1.997
3,584,2.441
3,585,2.118
3,586,2.232
3,587,2.271
3,588,2.026
3,589,1.903
3,590,1.782
3,591,1.849
3,592,2.626
3,593,2.043
3,594,2.441
3,595,1.972
3,596,1.914
3,597,1.852
3,598,1.619
3,599,2.953
3,600,2.246
3,601,1.862
3,602,2.620
3,603,1.929
3,604,1.861
3,605,1.822
3,606,2.340
3,607,2.080
3,608,1.955
3,609,2.170
3,610,2.052
3,611,1.784
3,612,1.861
3,613,2.005
3,614,2.247
3,615,2.225
3,616,2.404
3,617,2.147
3,618,3.057
3,619,2.194
3,620,2.285
3,621,2.397
3,622,2.368
3,623,2.006
3,624,1.996
3,625,2.148
3,626,2.583
3,627,2.245
3,628,2.349
3,629,2.118
3,630,1.853
3,631,2.267
3,632,2.119
3,633,1.776
3,634,2.406
3,635,2.371
3,636,2.265
3,637,2.081
3,638,2.075
3,639,2.361
3,640,2.479
3,641,2.794
3,642,2.694
3,643,2.364
3,644,1.953
3,645,1.730
3,646,1.926
3,647,2.234
3,648,2.017
3,649,2.868
3,650,2.702
3,651,2.059
3,652,1.917
3,653,2.299
3,654,1.994
3,655,1.678
3,656,3.027
3,657,2.562
3,658,2.945
3,659,2.550
3,660,2.112
3,661,1.977
3,662,2.782
3,663,2.127
3,664,2.397
3,665,2.783
3,666,2.074
3,667,2.058
3,668,2.112
3,669,2.189
3,670,2.237
3,671,2.333
3,672,1.750
3,673,2.426
3,674,2.122
3,675,2.083
3,676,2.346
3,677,2.242
3,678,1.968
3,679,1.786
3,680,2.239
3,681,2.393
3,682,1.780
3,683,2.806
3,684,2.495
3,685,2.265
3,686,2.261
3,687,2.309
3,688,1.818
3,689,2.810
3,690,2.433
3,691,1.977
3,692,1.889
3,693,2.193
3,694,1.934
3,695,1.635
3,696,2.129
3,697,3.722
3,698,2.953
3,699,2.830
3,700,2.786
3,701,2.967
3,702,2.497
3,703,2.925
3,704,2.169
3,705,2.452
3,706,2.424
3,707,2.388
3,708,2.437
3,709,3.647
3,710,2.656
3,711,2.325
3,712,2.209
3,713,1.915
3,714,1.939
3,715,2.929
3,716,2.105
3,717,2.113
3,718,2.448
3,719,1.779
3,720,1.594
3,721,1.759
3,722,2.037
3,723,1.979
3,724,1.769
3,725,2.140
3,726,1.941
3,727,2.161
3,728,2.394
3,729,2.035
3,730,2.185
3,731,2.354
3,732,2.433
3,733,3.141
3,734,2.741
3,735,1.921
3,736,2.203
3,737,2.632
3,738,2.117
3,739,2.238
3,740,2.900
3,741,2.770
3,742,2.515
3,743,2.709
3,744,2.568
3,745,2.495
3,746,2.367
3,747,2.353
3,748,3.729
3,749,3.141
3,750,2.883
3,751,3.122
3,752,2.977
3,753,3.334
3,754,3.762
3,755,2.845
3,756,2.753
3,757,3.259
3,758,2.532
3,759,2.762
3,760,2.722
3,761,2.862
3,762,2.712
3,763,2.416
3,764,3.475
3,765,3.582
3,766,3.136
3,767,2.513
3,768,2.620
3,769,3.355
3,770,2.768
3,771,3.835
3,772,5.149
3,773,3.092
3,774,2.774
3,775,2.852
3,776,2.362
3,777,2.490
3,778,2.734
3,779,2.555
3,780,3.505
3,781,2.721
3,782,2.946
3,783,2.448
3,784,3.499
3,785,3.403
3,786,3.120
3,787,3.227
3,788,2.932
3,789,2.991
3,790,17.515
3,791,3.239
3,792,2.545
3,793,2.600
3,794,2.286
3,795,2.217
3,796,2.130
3,797,2.331
3,798,2.298
3,799,1.881
3,800,1.742
3,801,1.605
3,802,1.783
3,803,2.438
3,804,2.944
3,805,2.276
3,806,2.850
3,807,2.327
3,808,2.280
3,809,2.355
3,810,2.565
3,811,2.200
3,812,2.233
3,813,2.720
3,814,2.185
3,815,2.491
3,816,2.871
3,817,2.476
3,818,2.292
3,819,2.172
3,820,2.663
3,821,2.323
3,822,2.239
3,823,2.536
3,824,2.263
3,825,2.007
3,826,2.201
3,827,2.422
3,828,2.306
3,829,2.068
3,830,2.659
3,831,2.350
3,832,2.153
3,833,2.061
3,834,2.032
3,835,1.857
3,836,2.896
3,837,2.640
3,838,2.495
3,839,2.368
3,840,2.214
3,841,2.237
3,842,2.169
3,843,2.546
3,844,2.488
3,845,2.214
3,846,1.882
3,847,2.153
3,848,2.188
3,849,2.264
3,850,2.358
3,851,2.780
3,852,2.357
3,853,2.326
3,854,2.185
3,855,1.979
3,856,2.242
3,857,2.811
3,858,3.144
3,859,2.709
3,860,2.236
3,861,2.424
3,862,2.349
3,863,2.949
3,864,2.565
3,865,2.792
3,866,2.310
3,867,2.265
3,868,2.249
3,869,2.626
3,870,2.429
3,871,2.301
3,872,2.497
3,873,2.324
3,874,2.308
3,875,2.193
3,876,2.660
3,877,2.549
3,878,2.638
3,879,2.847
3,880,2.376
3,881,2.377
3,882,2.785
3,883,2.698
3,884,2.534
3,885,2.517
3,886,2.827
3,887,2.395
3,888,2.560
3,889,2.845
3,890,2.515
3,891,2.332
3,892,2.568
3,893,3.019
3,894,3.179
3,895,3.164
3,896,2.860
3,897,2.576
3,898,2.428
3,899,3.068
3,900,2.699
3,901,2.532
3,902,2.461
3,903,2.515
3,904,2.634
3,905,2.873
3,906,2.778
3,907,2.498
3,908,2.350
3,909,2.136
3,910,2.386
3,911,2.404
3,912,2.687
3,913,2.933
3,914,2.355
3,915,2.374
3,916,2.759
3,917,2.481
3,918,3.362
3,919,3.359
3,920,3.075
3,921,2.111
3,922,1.914
3,923,2.428
3,924,2.678
3,925,2.221
3,926,2.301
3,927,2.925
3,928,1.912
3,929,1.934
3,930,2.498
3,931,2.940
3,932,2.467
3,933,2.440
3,934,2.596
3,935,2.794
3,936,2.704
3,937,2.698
3,938,2.853
3,939,2.793
3,940,2.715
3,941,2.927
3,942,2.720
3,943,2.412
3,944,2.213
3,945,2.211
3,946,2.466
3,947,2.029
3,948,5.058
3,949,3.073
3,950,2.852
3,951,2.850
3,952,3.871
3,953,3.906
3,954,3.129
3,955,2.731
3,956,2.727
3,957,3.165
3,958,2.656
3,959,4.366
3,960,3.256
3,961,3.269
3,962,3.914
3,963,3.619
3,964,2.729
3,965,2.448
3,966,1.769
3,967,2.177
3,968,2.350
3,969,2.048
3,970,2.374
3,971,2.269
3,972,2.336
3,973,1.623
3,974,2.352
3,975,2.275
3,976,1.837
3,977,1.621
3,978,1.736
3,979,1.911
3,980,1.733
3,981,1.903
3,982,2.152
3,983,1.950
3,984,1.897
3,985,1.976
3,986,2.064
3,987,2.196
3,988,2.098
3,989,2.340
3,990,2.615
3,991,2.173
3,992,2.076
3,993,1.783
3,994,2.192
3,995,2.102
3,996,1.959
3,997,1.953
3,998,2.823
3,999,2.202
3,1000,2.168
3,1001,2.396
3,1002,2.125
3,1003,1.883
3,1004,2.403
3,1005,1.908
3,1006,1.980
3,1007,1.620
3,1008,2.041
3,1009,1.779
3,1010,1.586
3,1011,1.636
3,1012,1.976
3,1013,1.954
3,1014,1.750
3,1015,1.568
3,1016,2.455
3,1017,1.846
3,1018,1.693
3,1019,2.263
3,1020,2.169
3,1021,2.081
3,1022,1.858
3,1023,1.862
3,1024,1.842
3,1025,1.973
3,1026,1.858
3,1027,1.677
3,1028,1.844
3,1029,2.044
3,1030,1.748
3,1031,1.613
3,1032,1.601
3,1033,1.637
3,1034,1.756
3,1035,2.358
3,1036,1.715
3,1037,1.773
3,1038,1.881
3,1039,1.623
3,1040,1.893
3,1041,1.910
3,1042,1.750
3,1043,1.678
3,1044,1.627
3,1045,2.128
3,1046,2.505
3,1047,2.117
3,1048,1.999
3,1049,1.825
3,1050,1.824
3,1051,1.943
3,1052,1.873
3,1053,1.794
3,1054,2.133
3,1055,1.823
3,1056,1.949
3,1057,1.682
3,1058,1.596
3,1059,1.628
3,1060,1.799
3,1061,1.957
3,1062,2.049
3,1063,2.105
3,1064,2.903
3,1065,2.825
3,1066,2.574
3,1067,2.354
3,1068,2.317
3,1069,2.921
3,1070,2.906
3,1071,2.971
3,1072,2.019
3,1073,2.004
3,1074,2.124
3,1075,2.786
3,1076,2.248
3,1077,2.221
3,1078,2.225
3,1079,2.273
3,1080,1.956
3,1081,2.026
3,1082,2.540
3,1083,2.265
3,1084,2.026
3,1085,2.053
3,1086,1.921
3,1087,2.757
3,1088,1.975
3,1089,2.529
3,1090,2.089
3,1091,1.743
3,1092,2.241
3,1093,1.946
3,1094,1.999
3,1095,1.981
3,1096,1.724
3,1097,2.665
3,1098,1.851
3,1099,1.592
3,1100,1.538
3,1101,1.582
3,1102,1.737
3,1103,1.635
3,1104,1.516
3,1105,2.171
3,1106,2.180
3,1107,1.905
3,1108,1.786
3,1109,1.749
3,1110,1.701
3,1111,1.551
3,1112,1.565
3,1113,1.763
3,1114,2.055
3,1115,3.008
3,1116,2.016
3,1117,1.716
3,1118,2.147
3,1119,1.802
3,1120,1.803
3,1121,1.967
3,1122,1.861
3,1123,2.212
3,1124,2.215
3,1125,1.828
3,1126,1.686
3,1127,1.584
3,1128,1.681
3,1129,1.730
3,1130,1.701
3,1131,2.970
3,1132,2.682
3,1133,2.896
3,1134,2.142
3,1135,2.114
3,1136,2.278
3,1137,2.493
3,1138,2.226
3,1139,2.208
3,1140,1.955
3,1141,2.439
3,1142,2.256
3,1143,1.754
3,1144,2.496
3,1145,2.114
3,1146,2.003
3,1147,1.717
3,1148,1.535
3,1149,1.793
3,1150,1.982
3,1151,1.620
3,1152,1.717
3,1153,2.561
3,1154,1.765
3,1155,1.669
3,1156,1.618
3,1157,2.237
3,1158,2.251
3,1159,2.504
3,1160,2.851
3,1161,2.722
3,1162,2.124
3,1163,1.910
3,1164,1.795
3,1165,1.584
3,1166,1.815
3,1167,2.446
3,1168,2.241
3,1169,2.535
3,1170,1.959
3,1171,2.448
3,1172,2.548
3,1173,2.182
3,1174,2.109
3,1175,2.752
3,1176,2.240
3,1177,2.035
3,1178,2.276
3,1179,2.437
3,1180,2.189
3,1181,2.505
3,1182,2.136
3,1183,2.138
3,1184,1.682
3,1185,1.586
3,1186,1.512
3,1187,1.809
3,1188,1.913
3,1189,3.072
3,1190,2.320
3,1191,1.962
3,1192,2.215
3,1193,1.592
3,1194,1.801
3,1195,1.751
3,1196,1.705
3,1197,1.824
3,1198,1.686
3,1199,1.704
3,1200,1.851
3,1201,1.765
3,1202,1.994
3,1203,1.853
3,1204,1.679
3,1205,1.852
3,1206,2.990
3,1207,2.675
3,1208,1.997
3,1209,2.304
3,1210,2.534
3,1211,1.602
3,1212,1.526
3,1213,2.081
3,1214,2.606
3,1215,2.511
3,1216,2.446
3,1217,2.189
3,1218,2.527
3,1219,2.179
3,1220,2.627
3,1221,2.291
3,1222,2.147
3,1223,2.044
3,1224,1.814
3,1225,1.998
3,1226,2.324
3,1227,2.978
3,1228,2.327
3,1229,1.993
3,1230,1.952
3,1231,1.946
3,1232,2.192
3,1233,1.951
3,1234,2.836
3,1235,2.605
3,1236,2.854
3,1237,2.390
3,1238,2.449
3,1239,2.293
3,1240,2.604
3,1241,2.805
3,1242,2.334
3,1243,2.328
3,1244,2.068
3,1245,1.798
3,1246,1.810
3,1247,1.943
3,1248,1.902
3,1249,2.351
3,1250,1.929
3,1251,1.619
3,1252,1.518
3,1253,1.532
3,1254,1.511
3,1255,1.695
3,1256,1.861
3,1257,1.792
3,1258,1.742
3,1259,2.666
3,1260,1.789
3,1261,2.121
3,1262,1.877
3,1263,1.773
3,1264,1.810
3,1265,1.805
3,1266,1.854
3,1267,1.817
3,1268,2.180
3,1269,1.761
3,1270,1.541
3,1271,1.720
3,1272,1.752
3,1273,1.916
3,1274,1.825
3,1275,1.656
3,1276,1.792
3,1277,1.952
3,1278,1.906
3,1279,1.588
3,1280,1.717
3,1281,1.641
3,1282,2.157
3,1283,1.806
3,1284,1.660
3,1285,1.722
3,1286,1.699
3,1287,1.514
3,1288,2.910
3,1289,2.009
3,1290,2.080
3,1291,2.073
3,1292,2.108
3,1293,1.898
3,1294,1.712
3,1295,1.812
3,1296,1.727
3,1297,2.156
3,1298,2.529
3,1299,1.715
3,1300,1.501
3,1301,1.518
3,1302,1.565
3,1303,1.672
3,1304,1.825
3,1305,1.540
3,1306,2.171
3,1307,2.163
3,1308,1.639
3,1309,2.153
3,1310,1.804
3,1311,1.584
3,1312,1.608
3,1313,1.710
3,1314,1.784
3,1315,2.536
3,1316,2.459
3,1317,2.145
3,1318,1.709
3,1319,1.859
3,1320,1.690
3,1321,1.610
3,1322,1.691
3,1323,1.696
3,1324,1.878
3,1325,2.513
3,1326,1.628
3,1327,1.532
3,1328,1.688
3,1329,1.670
3,1330,1.614
3,1331,1.866
3,1332,1.814
3,1333,2.531
3,1334,2.148
3,1335,1.785
3,1336,1.995
3,1337,1.649
3,1338,1.614
3,1339,1.874
3,1340,1.854
3,1341,2.345
3,1342,2.023
3,1343,2.581
3,1344,1.989
3,1345,1.679
3,1346,1.632
3,1347,1.800
3,1348,1.698
3,1349,1.989
3,1350,2.051
3,1351,2.039
3,1352,1.963
3,1353,1.546
3,1354,1.818
3,1355,1.628
3,1356,1.645
3,1357,2.068
3,1358,2.561
3,1359,1.901
3,1360,1.523
3,1361,1.576
3,1362,2.465
3,1363,1.669
3,1364,1.476
3,1365,1.992
3,1366,2.309
3,1367,2.592
3,1368,2.347
3,1369,2.200
3,1370,2.266
3,1371,2.215
3,1372,2.191
3,1373,2.246
3,1374,2.138
3,1375,1.859
3,1376,1.877
3,1377,1.667
3,1378,1.734
3,1379,2.134
3,1380,1.680
3,1381,2.069
3,1382,2.332
3,1383,1.974
3,1384,1.835
3,1385,2.268
3,1386,2.222
3,1387,2.014
3,1388,2.335
3,1389,2.571
3,1390,2.066
3,1391,3.237
3,1392,3.018
3,1393,2.174
3,1394,2.393
3,1395,2.513
3,1396,1.899
3,1397,1.952
3,1398,1.659
3,1399,1.697
3,1400,1.734
3,1401,1.734
3,1402,1.610
3,1403,1.621
3,1404,2.615
3,1405,2.585
3,1406,1.667
3,1407,1.571
3,1408,1.725
3,1409,1.567
3,1410,1.764
3,1411,1.755
3,1412,2.128
3,1413,2.431
3,1414,2.634
3,1415,2.901
3,1416,2.263
3,1417,2.413
3,1418,2.712
3,1419,2.434
3,1420,2.260
3,1421,2.594
3,1422,1.646
3,1423,1.614
3,1424,1.808
3,1425,1.593
3,1426,1.731
3,1427,1.753
3,1428,1.905
3,1429,2.026
3,1430,1.812
3,1431,1.943
3,1432,1.852
3,1433,1.564
3,1434,1.827
3,1435,2.748
3,1436,2.104
3,1437,2.097
3,1438,2.323
3,1439,2.553
3,1440,2.295
3,1441,2.508
3,1442,2.411
3,1443,2.325
3,1444,2.817
3,1445,2.543
3,1446,2.333
3,1447,3.169
3,1448,2.411
3,1449,2.412
3,1450,2.363
3,1451,2.483
3,1452,2.520
3,1453,2.414
3,1454,3.203
3,1455,2.547
3,1456,2.113
3,1457,2.426
3,1458,2.325
3,1459,2.595
3,1460,2.644
3,1461,2.774
3,1462,2.196
3,1463,2.288
3,1464,2.332
3,1465,2.187
3,1466,2.329
3,1467,2.581
3,1468,1.981
3,1469,2.617
3,1470,2.229
3,1471,2.220
3,1472,2.574
3,1473,3.006
3,1474,2.284
3,1475,2.453
3,1476,2.518
3,1477,2.097
3,1478,2.440
3,1479,2.492
3,1480,2.747
3,1481,2.441
3,1482,2.128
3,1483,2.989
3,1484,2.352
3,1485,2.074
3,1486,2.996
3,1487,2.813
3,1488,2.427
3,1489,2.279
3,1490,2.567
3,1491,2.340
3,1492,2.471
3,1493,2.240
3,1494,2.256
3,1495,2.277
3,1496,2.288
3,1497,2.234
3,1498,2.922
3,1499,2.521
3,1500,2.930
3,1501,2.420
3,1502,2.162
3,1503,2.366
3,1504,2.440
3,1505,2.492
3,1506,3.619
3,1507,2.674
3,1508,2.750
3,1509,2.507
3,1510,2.461
3,1511,2.754
3,1512,2.775
3,1513,2.294
3,1514,2.481
3,1515,2.415
3,1516,2.577
3,1517,2.665
3,1518,2.415
3,1519,3.538
3,1520,2.593
3,1521,3.081
3,1522,2.532
3,1523,3.028
3,1524,3.322
3,1525,2.783
3,1526,2.433
3,1527,2.028
3,1528,1.848
3,1529,2.325
3,1530,2.452
3,1531,1.995
3,1532,1.863
3,1533,2.432
3,1534,1.846
3,1535,2.095
3,1536,2.260
3,1537,2.394
3,1538,3.134
3,1539,2.736
3,1540,2.430
3,1541,2.400
3,1542,2.187
3,1543,2.058
3,1544,2.694
3,1545,2.375
3,1546,2.123
3,1547,2.377
3,1548,2.539
3,1549,1.714
3,1550,1.773
3,1551,2.696
3,1552,2.158
3,1553,1.737
3,1554,1.661
3,1555,2.091
3,1556,2.132
3,1557,2.790
3,1558,2.003
3,1559,1.821
3,1560,1.764
3,1561,1.695
3,1562,2.110
3,1563,1.756
3,1564,1.806
3,1565,1.780
3,1566,2.570
3,1567,2.393
3,1568,2.544
3,1569,3.584
3,1570,2.178
3,1571,1.897
3,1572,1.588
3,1573,2.567
3,1574,1.848
3,1575,1.576
3,1576,1.738
3,1577,1.753
3,1578,1.567
3,1579,1.749
3,1580,1.975
3,1581,2.448
3,1582,2.731
3,1583,1.961
3,1584,1.964
3,1585,1.688
3,1586,1.704
3,1587,2.428
3,1588,1.935
3,1589,2.112
3,1590,1.953
3,1591,2.681
3,1592,1.757
3,1593,1.600
3,1594,1.611
3,1595,1.604
3,1596,1.573
3,1597,1.695
3,1598,1.625
3,1599,2.162
3,1600,1.754
3,1601,1.908
3,1602,1.837
3,1603,1.871
3,1604,1.517
3,1605,1.541
3,1606,1.566
3,1607,1.993
3,1608,2.344
3,1609,1.926
3,1610,1.794
3,1611,2.168
3,1612,1.651
3,1613,2.138
3,1614,1.873
3,1615,1.924
3,1616,1.912
3,1617,1.779
3,1618,1.777
3,1619,1.675
3,1620,1.918
3,1621,2.043
3,1622,1.673
3,1623,1.664
3,1624,1.902
3,1625,1.746
3,1626,1.535
3,1627,1.498
3,1628,1.528
3,1629,1.644
3,1630,2.370
3,1631,1.590
3,1632,1.829
3,1633,2.255
3,1634,1.820
3,1635,1.723
3,1636,1.613
3,1637,1.793
3,1638,2.085
3,1639,2.126
3,1640,1.756
3,1641,2.709
3,1642,1.867
3,1643,1.941
3,1644,1.924
3,1645,1.894
3,1646,1.729
3,1647,1.755
3,1648,2.016
3,1649,1.895
3,1650,1.803
3,1651,2.005
3,1652,1.693
3,1653,1.585
3,1654,1.510
3,1655,1.546
3,1656,1.600
3,1657,1.802
3,1658,2.177
3,1659,2.848
3,1660,2.040
3,1661,2.015
3,1662,2.129
3,1663,1.836
3,1664,1.848
3,1665,2.201
3,1666,3.313
3,1667,1.984
3,1668,2.109
3,1669,2.277
3,1670,2.007
3,1671,1.939
3,1672,2.412
3,1673,2.505
3,1674,2.814
3,1675,2.468
3,1676,2.183
3,1677,2.251
3,1678,1.961
3,1679,2.582
3,1680,2.187
3,1681,1.728
3,1682,2.022
3,1683,1.878
3,1684,2.125
3,1685,1.682
3,1686,1.583
3,1687,3.418
3,1688,2.534
3,1689,2.169
3,1690,2.228
3,1691,2.336
3,1692,2.431
3,1693,2.489
3,1694,2.050
3,1695,1.846
3,1696,1.872
3,1697,1.789
3,1698,2.160
3,1699,1.515
3,1700,1.714
3,1701,1.846
3,1702,1.566
3,1703,1.754
3,1704,1.848
3,1705,1.639
3,1706,1.558
3,1707,1.565
3,1708,1.839
3,1709,2.066
3,1710,1.954
3,1711,1.559
3,1712,1.707
3,1713,1.633
3,1714,1.427
3,1715,1.995
3,1716,2.025
3,1717,1.889
3,1718,2.758
3,1719,2.213
3,1720,1.739
3,1721,1.567
3,1722,1.551
3,1723,1.752
3,1724,1.903
3,1725,1.663
3,1726,1.805
3,1727,2.362
3,1728,1.908
3,1729,1.561
3,1730,1.511
3,1731,1.984
3,1732,1.793
3,1733,1.498
3,1734,1.576
3,1735,1.711
3,1736,1.985
3,1737,2.258
3,1738,1.588
3,1739,2.162
3,1740,2.371
3,1741,2.075
3,1742,2.363
3,1743,2.725
3,1744,2.150
3,1745,2.426
3,1746,1.909
3,1747,1.614
3,1748,1.608
3,1749,1.814
3,1750,1.759
3,1751,1.958
3,1752,1.918
3,1753,1.889
3,1754,2.156
3,1755,1.641
3,1756,2.009
3,1757,1.917
3,1758,1.507
3,1759,1.888
3,1760,2.127
3,1761,1.725
3,1762,1.807
3,1763,1.977
3,1764,1.785
3,1765,1.610
3,1766,1.811
3,1767,2.235
3,1768,4.334
3,1769,2.177
3,1770,1.938
3,1771,2.627
3,1772,1.808
3,1773,1.856
3,1774,3.455
3,1775,2.813
3,1776,2.537
3,1777,2.220
3,1778,2.610
3,1779,2.126
3,1780,1.873
3,1781,1.925
3,1782,2.522
3,1783,2.320
3,1784,2.456
3,1785,2.672
3,1786,3.735
3,1787,3.821
3,1788,2.972
3,1789,2.580
3,1790,2.298
3,1791,2.331
3,1792,3.134
3,1793,2.217
3,1794,2.369
3,1795,2.859
3,1796,2.581
3,1797,2.187
3,1798,2.631
3,1799,2.642
3,1800,2.184
3,1801,2.090
3,1802,2.128
3,1803,2.373
3,1804,1.797
3,1805,2.613
3,1806,2.380
3,1807,3.149
3,1808,2.732
3,1809,2.458
3,1810,2.117
3,1811,2.720
3,1812,2.513
3,1813,2.658
3,1814,3.024
3,1815,2.358
3,1816,2.810
3,1817,2.961
3,1818,2.806
3,1819,2.659
3,1820,2.563
3,1821,3.489
3,1822,3.124
3,1823,2.911
3,1824,2.366
3,1825,1.989
3,1826,2.365
3,1827,2.271
3,1828,2.433
3,1829,2.805
3,1830,2.701
3,1831,1.946
3,1832,1.799
3,1833,1.692
3,1834,1.571
3,1835,1.794
3,1836,2.215
3,1837,1.879
3,1838,1.634
3,1839,1.554
3,1840,2.021
3,1841,1.965
3,1842,1.583
3,1843,1.514
3,1844,1.791
3,1845,2.225
3,1846,2.166
3,1847,1.660
3,1848,1.710
3,1849,1.662
3,1850,1.532
3,1851,1.636
3,1852,2.084
3,1853,2.090
3,1854,2.030
3,1855,1.855
3,1856,2.198
3,1857,1.774
3,1858,1.531
3,1859,1.662
3,1860,1.571
3,1861,1.611
3,1862,2.370
3,1863,1.871
3,1864,1.556
3,1865,1.538
3,1866,1.844
3,1867,1.592
3,1868,1.643
3,1869,1.503
3,1870,1.629
3,1871,2.193
3,1872,1.839
3,1873,1.659
3,1874,1.681
3,1875,1.601
3,1876,1.811
3,1877,1.578
3,1878,1.643
3,1879,1.918
3,1880,2.513
3,1881,1.936
3,1882,1.924
3,1883,1.890
3,1884,1.864
3,1885,2.002
3,1886,1.738
3,1887,1.643
3,1888,2.617
3,1889,2.299
3,1890,2.227
3,1891,2.090
3,1892,2.135
3,1893,2.490
3,1894,2.556
3,1895,2.477
3,1896,2.252
3,1897,1.900
3,1898,2.027
3,1899,2.125
3,1900,1.789
3,1901,2.312
3,1902,2.639
3,1903,2.604
3,1904,1.908
3,1905,2.235
3,1906,1.989
3,1907,1.913
3,1908,2.126
3,1909,2.990
3,1910,2.209
3,1911,1.960
3,1912,2.178
3,1913,1.899
3,1914,1.749
3,1915,1.926
3,1916,1.961
3,1917,2.740
3,1918,1.948
3,1919,1.725
3,1920,1.615
3,1921,1.476
3,1922,1.675
3,1923,1.730
3,1924,1.534
3,1925,1.493
3,1926,1.810
3,1927,2.156
3,1928,2.189
3,1929,1.813
3,1930,1.983
3,1931,1.925
3,1932,1.607
3,1933,1.698
3,1934,1.798
3,1935,2.758
3,1936,2.168
3,1937,1.732
3,1938,1.711
3,1939,1.673
3,1940,1.480
3,1941,1.665
3,1942,1.664
3,1943,2.100
3,1944,3.008
3,1945,3.403
3,1946,2.746
3,1947,3.006
3,1948,2.173
3,1949,2.549
3,1950,2.321
3,1951,2.016
3,1952,2.870
3,1953,2.298
3,1954,2.417
3,1955,2.518
3,1956,2.151
3,1957,1.789
3,1958,1.678
3,1959,1.895
3,1960,2.235
3,1961,2.100
3,1962,2.438
3,1963,2.389
3,1964,3.047
3,1965,2.373
3,1966,1.769
3,1967,1.656
3,1968,2.574
3,1969,2.103
3,1970,2.813
3,1971,2.266
3,1972,2.543
3,1973,2.379
3,1974,2.598
3,1975,2.704
3,1976,2.457
3,1977,2.263
3,1978,2.161
3,1979,2.555
3,1980,2.160
3,1981,2.092
3,1982,2.628
3,1983,2.757
3,1984,2.339
3,1985,2.578
3,1986,2.244
3,1987,1.985
3,1988,1.912
3,1989,1.777
3,1990,1.890
3,1991,2.222
3,1992,1.710
3,1993,1.618
3,1994,1.625
3,1995,1.459
3,1996,1.628
3,1997,2.048
3,1998,1.516
3,1999,1.828
3,2000,2.103
3,2001,2.213
3,2002,1.815
3,2003,1.507
3,2004,1.665
3,2005,1.521
3,2006,1.446
3,2007,1.483
3,2008,1.903
3,2009,2.005
3,2010,1.620
3,2011,1.910
3,2012,1.797
3,2013,1.941
3,2014,1.774
3,2015,1.441
3,2016,1.533
3,2017,1.523
3,2018,1.782
3,2019,1.886
3,2020,1.906
3,2021,1.835
3,2022,1.561
3,2023,1.636
3,2024,1.694
3,2025,1.936
3,2026,1.555
3,2027,1.780
3,2028,2.930
3,2029,1.993
3,2030,2.660
3,2031,2.102
3,2032,1.719
3,2033,1.502
3,2034,1.649
3,2035,2.683
3,2036,1.771
3,2037,1.476
3,2038,1.606
3,2039,2.140
3,2040,1.858
3,2041,1.752
3,2042,1.698
3,2043,2.280
3,2044,2.709
3,2045,2.804
3,2046,2.350
3,2047,2.927
3,2048,2.505
3,2049,3.083
3,2050,2.650
3,2051,2.379
3,2052,2.280
3,2053,2.274
3,2054,2.589
3,2055,3.069
3,2056,2.360
3,2057,2.303
3,2058,2.170
3,2059,2.382
3,2060,2.177
3,2061,3.336
3,2062,2.235
3,2063,2.246
3,2064,2.077
3,2065,2.206
3,2066,1.943
3,2067,1.868
3,2068,2.322
3,2069,2.452
3,2070,2.619
3,2071,2.312
3,2072,2.176
3,2073,2.193
3,2074,2.220
3,2075,2.394
3,2076,2.347
3,2077,2.520
3,2078,2.185
3,2079,2.164
3,2080,2.070
3,2081,2.020
3,2082,2.530
3,2083,2.547
3,2084,1.895
3,2085,2.629
3,2086,2.191
3,2087,2.144
3,2088,2.171
3,2089,2.715
3,2090,2.875
3,2091,2.399
3,2092,2.966
3,2093,2.269
3,2094,2.315
3,2095,2.335
3,2096,2.330
3,2097,2.269
3,2098,2.210
3,2099,1.983
3,2100,2.637
3,2101,2.159
3,2102,3.068
3,2103,2.646
3,2104,2.330
3,2105,2.113
3,2106,2.132
3,2107,2.407
3,2108,2.618
3,2109,2.410
3,2110,2.173
3,2111,2.148
3,2112,2.304
3,2113,2.917
3,2114,2.962
3,2115,2.484
3,2116,2.129
3,2117,2.657
3,2118,2.720
3,2119,2.820
3,2120,3.169
3,2121,3.102
3,2122,2.660
3,2123,2.861
3,2124,2.477
3,2125,2.553
3,2126,2.479
3,2127,2.412
3,2128,3.181
3,2129,2.258
3,2130,2.361
3,2131,2.859
3,2132,2.933
3,2133,3.219
3,2134,2.962
3,2135,2.596
3,2136,2.497
3,2137,2.595
3,2138,2.960
3,2139,2.562
3,2140,2.623
3,2141,3.128
3,2142,3.069
3,2143,3.485
3,2144,2.208
3,2145,2.555
3,2146,2.331
3,2147,2.514
3,2148,3.263
3,2149,3.538
3,2150,2.851
3,2151,2.497
3,2152,2.382
3,2153,3.028
3,2154,2.641
3,2155,2.543
3,2156,2.402
3,2157,2.223
3,2158,2.809
3,2159,2.483
3,2160,3.046
3,2161,2.534
3,2162,2.690
3,2163,3.367
3,2164,2.692
3,2165,2.798
3,2166,3.659
3,2167,3.120
3,2168,2.656
3,2169,2.477
3,2170,3.312
3,2171,3.497
3,2172,3.288
3,2173,2.713
3,2174,2.649
3,2175,2.894
3,2176,2.374
3,2177,2.517
3,2178,2.493
3,2179,2.522
3,2180,2.677
3,2181,2.775
3,2182,2.495
3,2183,3.009
3,2184,2.915
3,2185,3.341
3,2186,3.261
3,2187,3.468
3,2188,3.281
3,2189,3.130
3,2190,2.750
3,2191,2.753
3,2192,2.919
3,2193,2.257
3,2194,2.049
3,2195,2.304
3,2196,1.662
3,2197,1.449
3,2198,1.523
3,2199,2.160
3,2200,1.972
3,2201,2.139
3,2202,1.909
3,2203,1.958
3,2204,1.663
3,2205,1.514
3,2206,2.219
3,2207,2.076
3,2208,1.892
3,2209,2.168
3,2210,2.311
3,2211,1.838
3,2212,1.785
3,2213,1.855
3,2214,1.690
3,2215,1.840
3,2216,2.650
3,2217,2.773
3,2218,2.495
3,2219,1.869
3,2220,1.765
3,2221,1.581
3,2222,1.426
3,2223,2.628
3,2224,2.319
3,2225,2.144
3,2226,2.341
3,2227,2.263
3,2228,1.918
3,2229,2.011
3,2230,2.768
3,2231,2.156
3,2232,2.319
3,2233,2.084
3,2234,2.015
3,2235,2.493
3,2236,2.112
3,2237,2.171
3,2238,2.168
3,2239,2.376
3,2240,1.904
3,2241,1.661
3,2242,1.818
3,2243,2.136
3,2244,2.137
3,2245,1.986
3,2246,1.908
3,2247,1.740
3,2248,1.596
3,2249,1.845
3,2250,1.863
3,2251,1.541
3,2252,2.376
3,2253,2.218
3,2254,2.112
3,2255,2.069
3,2256,2.074
3,2257,2.076
3,2258,1.655
3,2259,1.691
3,2260,1.846
3,2261,2.816
3,2262,2.901
3,2263,2.016
3,2264,1.945
3,2265,1.628
3,2266,1.745
3,2267,1.891
3,2268,1.573
3,2269,1.962
3,2270,2.448
3,2271,1.783
3,2272,1.483
3,2273,1.393
3,2274,1.602
3,2275,1.938
3,2276,1.580
3,2277,1.491
3,2278,1.867
3,2279,2.830
3,2280,3.361
3,2281,2.701
3,2282,2.175
3,2283,1.685
3,2284,2.036
3,2285,2.124
3,2286,1.768
3,2287,1.746
3,2288,2.192
3,2289,1.801
3,2290,1.649
3,2291,1.727
3,2292,1.857
3,2293,1.822
3,2294,1.875
3,2295,2.176
3,2296,1.752
3,2297,1.886
3,2298,1.651
3,2299,1.712
3,2300,1.567
3,2301,1.484
3,2302,2.445
3,2303,2.563
3,2304,2.285
3,2305,3.018
3,2306,2.616
3,2307,1.990
3,2308,2.061
3,2309,2.628
3,2310,2.215
3,2311,2.168
3,2312,2.123
3,2313,1.918
3,2314,2.407
3,2315,2.384
3,2316,2.741
3,2317,2.923
3,2318,2.781
3,2319,2.429
3,2320,2.688
3,2321,2.973
3,2322,2.505
3,2323,2.046
3,2324,1.986
3,2325,2.377
3,2326,2.960
3,2327,2.598
3,2328,2.946
3,2329,2.134
3,2330,1.944
3,2331,1.855
3,2332,1.641
3,2333,1.529
3,2334,1.390
3,2335,1.741
3,2336,2.075
3,2337,2.176
3,2338,1.790
3,2339,1.735
3,2340,1.821
3,2341,1.728
3,2342,1.498
3,2343,1.588
3,2344,1.643
3,2345,2.202
3,2346,1.902
3,2347,2.037
3,2348,1.578
3,2349,1.518
3,2350,1.699
3,2351,1.798
3,2352,2.160
3,2353,2.034
3,2354,2.131
3,2355,2.038
3,2356,1.949
3,2357,1.770
3,2358,1.729
3,2359,1.703
3,2360,1.675
3,2361,1.728
3,2362,2.744
3,2363,1.860
3,2364,1.486
3,2365,1.457
3,2366,1.812
3,2367,2.033
3,2368,1.798
3,2369,1.624
3,2370,2.359
3,2371,2.305
3,2372,2.304
3,2373,2.339
3,2374,2.028
3,2375,2.037
3,2376,1.692
3,2377,1.516
3,2378,1.974
3,2379,2.035
3,2380,1.984
3,2381,1.822
3,2382,1.516
3,2383,1.771
3,2384,1.868
3,2385,1.998
3,2386,2.190
3,2387,2.386
3,2388,2.275
3,2389,2.108
3,2390,2.261
3,2391,2.132
3,2392,2.219
3,2393,2.696
3,2394,2.402
3,2395,2.247
3,2396,2.380
3,2397,2.216
3,2398,2.002
3,2399,2.159
3,2400,2.233
3,2401,3.100
3,2402,1.943
3,2403,1.799
3,2404,1.882
3,2405,1.835
3,2406,1.995
3,2407,1.843
3,2408,1.912
3,2409,2.081
3,2410,2.050
3,2411,1.911
3,2412,1.583
3,2413,1.717
3,2414,1.708
3,2415,1.566
3,2416,2.197
3,2417,2.436
3,2418,1.597
3,2419,2.205
3,2420,1.933
3,2421,1.610
3,2422,1.768
3,2423,1.499
3,2424,1.780
3,2425,2.225
3,2426,1.772
3,2427,1.746
3,2428,2.230
3,2429,2.216
3,2430,1.970
3,2431,2.099
3,2432,2.292
3,2433,2.013
3,2434,1.834
3,2435,1.745
3,2436,1.602
3,2437,1.644
3,2438,2.034
3,2439,1.660
3,2440,1.577
3,2441,1.872
3,2442,1.989
3,2443,2.086
3,2444,1.740
3,2445,1.542
3,2446,1.708
3,2447,1.633
3,2448,1.933
3,2449,1.701
3,2450,1.919
3,2451,1.839
3,2452,1.744
3,2453,1.541
3,2454,1.809
3,2455,2.068
3,2456,1.714
3,2457,1.882
3,2458,2.416
3,2459,2.712
3,2460,2.706
3,2461,2.446
3,2462,2.264
3,2463,2.170
3,2464,2.090
3,2465,2.424
3,2466,2.204
3,2467,2.156
3,2468,2.126
3,2469,1.830
3,2470,1.953
3,2471,1.957
3,2472,2.086
3,2473,3.110
3,2474,1.981
3,2475,1.953
3,2476,2.017
3,2477,2.095
3,2478,2.249
3,2479,2.254
3,2480,2.303
3,2481,2.393
3,2482,1.927
3,2483,1.855
3,2484,1.668
3,2485,1.548
3,2486,1.480
3,2487,1.688
3,2488,2.010
3,2489,1.729
3,2490,2.018
3,2491,2.151
3,2492,1.936
3,2493,1.801
3,2494,1.650
3,2495,1.840
3,2496,1.644
3,2497,2.121
3,2498,2.127
3,2499,1.902
3,2500,1.831
3,2501,1.777
3,2502,1.877
3,2503,1.716
3,2504,2.100
3,2505,2.274
3,2506,2.229
3,2507,1.720
3,2508,1.801
3,2509,2.369
3,2510,1.796
3,2511,1.673
3,2512,1.665
3,2513,1.991
3,2514,2.434
3,2515,1.554
3,2516,1.739
3,2517,1.755
3,2518,1.899
3,2519,1.953
3,2520,1.888
3,2521,1.734
3,2522,2.087
3,2523,1.873
3,2524,2.106
3,2525,1.735
3,2526,1.508
3,2527,2.052
3,2528,1.829
3,2529,1.593
3,2530,2.355
3,2531,2.212
3,2532,2.078
3,2533,1.882
3,2534,1.989
3,2535,2.006
3,2536,1.958
3,2537,1.587
3,2538,1.918
3,2539,1.971
3,2540,1.640
3,2541,1.464
3,2542,1.646
3,2543,1.738
3,2544,1.682
3,2545,1.568
3,2546,2.431
3,2547,1.734
3,2548,1.844
3,2549,1.772
3,2550,1.776
3,2551,1.846
3,2552,1.624
3,2553,1.549
3,2554,1.824
3,2555,1.730
3,2556,1.742
3,2557,2.693
3,2558,2.364
3,2559,1.886
3,2560,1.847
3,2561,2.062
3,2562,1.856
3,2563,1.617
3,2564,1.728
3,2565,3.102
3,2566,2.400
3,2567,2.451
3,2568,2.275
3,2569,2.087
3,2570,2.002
3,2571,2.234
3,2572,1.797
3,2573,1.867
3,2574,1.782
3,2575,4.114
3,2576,2.155
3,2577,1.977
3,2578,1.954
3,2579,1.871
3,2580,2.436
3,2581,2.422
3,2582,1.792
3,2583,2.225
3,2584,2.253
3,2585,1.970
3,2586,2.338
3,2587,1.956
3,2588,1.607
3,2589,1.618
3,2590,2.099
3,2591,1.567
3,2592,1.456
3,2593,1.458
3,2594,1.795
3,2595,2.014
3,2596,1.798
3,2597,1.511
3,2598,1.627
3,2599,1.571
3,2600,2.165
3,2601,2.008
3,2602,1.692
3,2603,1.635
3,2604,2.023
3,2605,1.855
3,2606,1.790
3,2607,2.041
3,2608,1.610
3,2609,2.251
3,2610,1.955
3,2611,1.669
3,2612,2.333
3,2613,2.582
3,2614,1.982
3,2615,1.716
3,2616,2.048
3,2617,2.020
3,2618,2.267
3,2619,2.717
3,2620,2.329
3,2621,1.896
3,2622,1.774
3,2623,1.859
3,2624,1.753
3,2625,1.665
3,2626,1.820
3,2627,3.202
3,2628,2.008
3,2629,2.045
3,2630,1.973
3,2631,2.345
3,2632,1.983
3,2633,2.220
3,2634,3.668
3,2635,3.934
3,2636,2.281
3,2637,1.961
3,2638,2.563
3,2639,3.067
3,2640,2.779
3,2641,2.087
3,2642,2.269
3,2643,1.952
3,2644,1.591
3,2645,1.611
3,2646,1.530
3,2647,1.800
3,2648,1.941
3,2649,1.617
3,2650,1.438
3,2651,2.207
3,2652,1.966
3,2653,1.724
3,2654,2.046
3,2655,2.062
3,2656,2.337
3,2657,2.115
3,2658,2.152
3,2659,1.980
3,2660,2.034
3,2661,2.470
3,2662,1.916
3,2663,2.465
3,2664,2.343
3,2665,2.233
3,2666,2.217
3,2667,2.509
3,2668,2.302
3,2669,3.081
3,2670,2.708
3,2671,2.420
3,2672,2.207
3,2673,2.361
3,2674,2.284
3,2675,1.946
3,2676,3.250
3,2677,2.993
3,2678,2.513
3,2679,2.337
3,2680,2.158
3,2681,2.364
3,2682,2.340
3,2683,2.907
3,2684,2.393
3,2685,2.028
3,2686,2.197
3,2687,2.699
3,2688,2.533
3,2689,2.357
3,2690,2.868
3,2691,2.212
3,2692,2.302
3,2693,2.338
3,2694,2.511
3,2695,2.509
3,2696,2.726
3,2697,2.930
3,2698,2.349
3,2699,2.379
3,2700,2.972
3,2701,2.464
3,2702,2.096
3,2703,2.345
3,2704,2.623
3,2705,1.958
3,2706,2.253
3,2707,3.051
3,2708,2.889
3,2709,2.746
3,2710,2.703
3,2711,2.451
3,2712,2.291
3,2713,2.334
3,2714,2.677
3,2715,2.483
3,2716,2.660
3,2717,2.329
3,2718,2.956
3,2719,2.993
3,2720,2.621
3,2721,2.409
3,2722,2.375
3,2723,3.459
3,2724,2.975
3,2725,2.758
3,2726,2.669
3,2727,2.601
3,2728,2.300
3,2729,2.187
3,2730,2.176
3,2731,2.738
3,2732,2.267
3,2733,2.409
3,2734,2.248
3,2735,2.625
3,2736,2.419
3,2737,2.629
3,2738,3.124
3,2739,2.438
3,2740,2.359
3,2741,2.607
3,2742,2.466
3,2743,2.314
3,2744,2.581
3,2745,2.868
3,2746,2.455
3,2747,2.544
3,2748,2.236
3,2749,2.124
3,2750,2.488
3,2751,2.298
3,2752,2.932
3,2753,2.290
3,2754,2.181
3,2755,2.440
3,2756,2.251
3,2757,2.409
3,2758,2.555
3,2759,2.637
3,2760,1.936
3,2761,1.856
3,2762,1.914
3,2763,1.883
3,2764,2.139
3,2765,2.063
3,2766,1.963
3,2767,1.790
3,2768,2.524
3,2769,2.412
3,2770,2.114
3,2771,2.250
3,2772,3.680
3,2773,2.382
3,2774,2.313
3,2775,2.799
3,2776,2.291
3,2777,2.677
3,2778,2.493
3,2779,1.907
3,2780,1.923
3,2781,1.882
3,2782,1.661
3,2783,2.140
3,2784,1.786
3,2785,1.832
3,2786,2.318
3,2787,1.999
3,2788,1.596
3,2789,1.602
3,2790,1.534
3,2791,1.722
3,2792,1.918
3,2793,1.843
3,2794,1.739
3,2795,1.946
3,2796,1.624
3,2797,1.629
3,2798,1.653
3,2799,1.930
3,2800,2.681
3,2801,2.186
3,2802,3.265
3,2803,2.578
3,2804,2.546
3,2805,2.160
3,2806,2.161
3,2807,2.087
3,2808,1.989
3,2809,2.361
3,2810,2.071
3,2811,2.165
3,2812,1.885
3,2813,1.795
3,2814,1.921
3,2815,1.758
3,2816,1.916
3,2817,1.698
3,2818,3.346
3,2819,2.155
3,2820,2.095
3,2821,2.268
3,2822,2.098
3,2823,2.643
3,2824,3.149
3,2825,3.018
3,2826,2.100
3,2827,1.893
3,2828,2.042
3,2829,2.368
3,2830,2.521
3,2831,2.759
3,2832,3.094
3,2833,2.052
3,2834,1.568
3,2835,1.550
3,2836,1.592
3,2837,1.430
3,2838,1.698
3,2839,1.933
3,2840,1.797
3,2841,1.869
3,2842,1.486
3,2843,1.439
3,2844,1.731
3,2845,1.676
3,2846,1.425
3,2847,1.517
3,2848,2.008
3,2849,1.875
3,2850,2.185
3,2851,2.106
3,2852,2.285
3,2853,1.827
3,2854,1.527
3,2855,1.792
3,2856,2.187
3,2857,2.087
3,2858,1.823
3,2859,1.758
3,2860,2.731
3,2861,2.258
3,2862,2.222
3,2863,1.862
3,2864,1.764
3,2865,1.965
3,2866,1.886
3,2867,2.210
3,2868,2.333
3,2869,1.892
3,2870,1.946
3,2871,1.732
3,2872,1.697
3,2873,1.927
3,2874,1.607
3,2875,1.760
3,2876,2.066
3,2877,2.205
3,2878,1.938
3,2879,2.409
3,2880,2.873
3,2881,2.033
3,2882,1.648
3,2883,1.810
3,2884,1.862
3,2885,2.208
3,2886,1.599
3,2887,2.125
3,2888,2.138
3,2889,2.210
3,2890,2.378
3,2891,1.888
3,2892,1.756
3,2893,1.857
3,2894,2.921
3,2895,2.823
3,2896,2.256
3,2897,2.418
3,2898,1.968
3,2899,2.625
3,2900,2.311
3,2901,2.524
3,2902,2.360
3,2903,2.216
3,2904,1.891
3,2905,2.220
3,2906,2.066
3,2907,2.161
3,2908,2.905
3,2909,2.432
3,2910,1.689
3,2911,1.657
3,2912,2.061
3,2913,1.681
3,2914,1.440
3,2915,1.896
3,2916,2.035
3,2917,1.837
3,2918,1.948
3,2919,1.754
3,2920,1.768
3,2921,1.842
3,2922,1.543
3,2923,1.900
3,2924,2.478
3,2925,2.157
3,2926,2.127
3,2927,2.310
3,2928,1.917
3,2929,1.711
3,2930,1.871
3,2931,1.733
3,2932,1.721
3,2933,2.459
3,2934,1.944
3,2935,1.536
3,2936,1.870
3,2937,1.711
3,2938,1.835
3,2939,1.789
3,2940,1.522
3,2941,2.160
3,2942,2.119
3,2943,2.184
3,2944,2.255
3,2945,2.268
3,2946,1.785
3,2947,1.643
3,2948,1.797
3,2949,2.363
3,2950,1.874
3,2951,2.161
3,2952,2.174
3,2953,1.616
3,2954,2.478
3,2955,2.076
3,2956,1.926
3,2957,1.744
3,2958,1.981
3,2959,2.051
3,2960,1.638
3,2961,1.518
3,2962,1.838
3,2963,2.131
3,2964,1.960
3,2965,1.940
3,2966,2.006
3,2967,1.694
3,2968,1.514
3,2969,1.611
3,2970,1.855
3,2971,1.584
3,2972,1.457
3,2973,2.269
3,2974,2.178
3,2975,2.269
3,2976,1.658
3,2977,1.941
3,2978,1.940
3,2979,1.734
3,2980,1.791
3,2981,1.990
3,2982,2.449
3,2983,1.841
3,2984,1.829
3,2985,1.863
3,2986,1.714
3,2987,1.488
3,2988,1.671
3,2989,1.674
3,2990,1.527
3,2991,2.524
3,2992,2.793
3,2993,2.271
3,2994,2.158
3,2995,2.246
3,2996,1.794
3,2997,1.555
3,2998,2.263
3,2999,1.995
3,3000,2.193
3,3001,2.142
3,3002,2.092
3,3003,1.953
3,3004,1.630
3,3005,2.070
3,3006,2.104
3,3007,1.668
3,3008,1.631
3,3009,2.182
3,3010,1.772
3,3011,2.115
3,3012,1.717
3,3013,1.885
3,3014,1.832
3,3015,1.739
3,3016,2.044
3,3017,2.046
3,3018,1.865
3,3019,1.607
3,3020,1.742
3,3021,1.810
3,3022,1.732
3,3023,1.803
3,3024,1.941
3,3025,1.991
3,3026,1.668
3,3027,2.249
3,3028,2.318
3,3029,1.930
3,3030,1.893
3,3031,2.539
3,3032,2.309
3,3033,1.689
3,3034,1.865
3,3035,1.701
3,3036,1.493
3,3037,2.128
3,3038,1.862
3,3039,2.306
3,3040,2.181
3,3041,2.182
3,3042,2.051
3,3043,1.558
3,3044,1.486
3,3045,1.712
3,3046,1.897
3,3047,1.768
3,3048,3.011
3,3049,2.562
3,3050,2.335
3,3051,3.009
3,3052,2.790
3,3053,3.143
3,3054,2.724
3,3055,2.411
3,3056,2.663
3,3057,2.481
3,3058,2.930
3,3059,3.117
3,3060,3.310
3,3061,2.683
3,3062,2.443
3,3063,2.178
3,3064,2.994
3,3065,3.249
3,3066,3.339
3,3067,3.138
3,3068,3.380
3,3069,3.137
3,3070,5.866
3,3071,3.212
3,3072,2.395
3,3073,2.318
3,3074,2.380
3,3075,3.196
3,3076,2.127
3,3077,2.387
3,3078,2.763
3,3079,2.299
3,3080,2.718
3,3081,2.616
3,3082,2.290
3,3083,2.422
3,3084,2.061
3,3085,2.585
3,3086,2.394
3,3087,3.155
3,3088,2.820
3,3089,2.697
3,3090,2.646
3,3091,2.712
3,3092,3.002
3,3093,3.079
3,3094,2.646
3,3095,2.620
3,3096,3.073
3,3097,2.967
3,3098,3.468
3,3099,2.665
3,3100,3.054
3,3101,2.788
3,3102,2.925
3,3103,3.817
3,3104,3.560
3,3105,2.733
3,3106,2.869
3,3107,2.579
3,3108,2.086
3,3109,2.063
3,3110,2.268
3,3111,2.010
3,3112,1.792
3,3113,1.637
3,3114,1.606
3,3115,1.552
3,3116,1.426
3,3117,1.480
3,3118,2.458
3,3119,2.719
3,3120,2.711
3,3121,2.086
3,3122,1.954
3,3123,1.587
3,3124,1.533
3,3125,1.723
3,3126,1.950
3,3127,1.975
3,3128,2.152
3,3129,2.034
3,3130,1.849
3,3131,1.799
3,3132,1.730
3,3133,1.810
3,3134,1.597
3,3135,1.909
3,3136,2.067
3,3137,1.623
3,3138,1.613
3,3139,1.965
3,3140,1.590
3,3141,1.533
3,3142,1.576
3,3143,1.511
3,3144,2.148
3,3145,2.090
3,3146,1.629
3,3147,1.718
3,3148,1.688
3,3149,1.780
3,3150,1.776
3,3151,1.667
3,3152,1.676
3,3153,2.063
3,3154,1.915
3,3155,1.943
3,3156,2.135
3,3157,1.698
3,3158,1.748
3,3159,2.319
3,3160,2.114
3,3161,1.907
3,3162,1.963
3,3163,1.888
3,3164,1.601
3,3165,1.459
3,3166,1.760
3,3167,1.593
3,3168,1.710
3,3169,2.399
3,3170,2.317
3,3171,2.231
3,3172,1.734
3,3173,1.616
3,3174,1.603
3,3175,1.455
3,3176,1.404
3,3177,1.637
3,3178,1.846
3,3179,3.587
3,3180,2.751
3,3181,2.848
3,3182,1.923
3,3183,1.987
3,3184,2.126
3,3185,2.399
3,3186,2.821
3,3187,2.409
3,3188,2.044
3,3189,1.890
3,3190,2.171
3,3191,1.862
3,3192,3.435
3,3193,3.271
3,3194,2.763
3,3195,2.030
3,3196,1.949
3,3197,1.893
3,3198,2.189
3,3199,2.215
3,3200,1.764
3,3201,1.783
3,3202,1.731
3,3203,2.034
3,3204,2.092
3,3205,1.765
3,3206,2.165
3,3207,2.119
3,3208,1.742
3,3209,1.737
3,3210,1.684
3,3211,1.595
3,3212,1.987
3,3213,1.683
3,3214,1.699
3,3215,1.947
3,3216,1.976
3,3217,1.875
3,3218,1.516
3,3219,1.569
3,3220,1.831
3,3221,1.707
3,3222,1.858
3,3223,1.611
3,3224,1.851
3,3225,1.948
3,3226,1.764
3,3227,1.494
3,3228,1.516
3,3229,2.169
3,3230,2.802
3,3231,2.648
3,3232,3.080
3,3233,2.847
3,3234,2.176
3,3235,1.868
3,3236,1.702
3,3237,1.705
3,3238,1.735
3,3239,2.689
3,3240,1.903
3,3241,1.656
3,3242,1.886
3,3243,1.854
3,3244,1.790
3,3245,2.153
3,3246,1.846
3,3247,3.116
3,3248,2.677
3,3249,2.336
3,3250,2.110
3,3251,2.034
3,3252,1.746
3,3253,1.517
3,3254,2.666
3,3255,2.176
3,3256,2.207
3,3257,2.016
3,3258,2.273
3,3259,2.126
3,3260,1.906
3,3261,2.781
3,3262,1.956
3,3263,2.149
3,3264,2.282
3,3265,1.943
3,3266,1.861
3,3267,1.959
3,3268,2.552
3,3269,1.948
3,3270,2.221
3,3271,1.982
3,3272,2.406
3,3273,2.045
3,3274,1.991
3,3275,2.318
3,3276,2.086
3,3277,3.389
3,3278,2.195
3,3279,2.380
3,3280,3.308
3,3281,2.778
3,3282,2.329
3,3283,2.165
3,3284,2.208
3,3285,2.159
3,3286,2.044
3,3287,2.737
3,3288,2.504
3,3289,2.391
3,3290,2.144
3,3291,2.241
3,3292,2.184
3,3293,2.096
3,3294,2.717
3,3295,2.959
3,3296,2.425
3,3297,2.675
3,3298,2.804
3,3299,3.303
3,3300,2.513
3,3301,2.674
3,3302,3.033
3,3303,2.393
3,3304,2.291
3,3305,2.510
3,3306,2.207
3,3307,2.343
3,3308,2.692
3,3309,2.319
3,3310,2.286
3,3311,2.239
3,3312,2.744
3,3313,2.579
3,3314,1.897
3,3315,2.948
3,3316,2.434
3,3317,2.744
3,3318,2.554
3,3319,2.868
3,3320,2.487
3,3321,2.648
3,3322,2.822
3,3323,2.468
3,3324,2.909
3,3325,2.493
3,3326,2.500
3,3327,5.321
3,3328,4.115
3,3329,4.200
3,3330,3.229
3,3331,2.939
3,3332,2.926
3,3333,4.984
3,3334,4.165
3,3335,3.718
3,3336,2.979
3,3337,2.865
3,3338,4.908
3,3339,3.653
3,3340,3.086
3,3341,3.024
3,3342,4.495
3,3343,2.869
3,3344,2.382
3,3345,2.164
3,3346,2.331
3,3347,1.976
3,3348,3.113
3,3349,2.853
3,3350,2.571
3,3351,2.304
3,3352,2.187
3,3353,2.033
3,3354,2.528
3,3355,2.033
3,3356,1.825
3,3357,1.961
3,3358,2.375
3,3359,1.910
3,3360,1.908
3,3361,2.487
3,3362,2.112
3,3363,1.608
3,3364,1.623
3,3365,1.781
3,3366,1.741
3,3367,2.467
3,3368,1.880
3,3369,1.860
3,3370,1.930
3,3371,1.708
3,3372,1.905
3,3373,2.970
3,3374,2.412
3,3375,2.569
3,3376,1.885
3,3377,2.533
3,3378,2.532
3,3379,1.775
3,3380,1.511
3,3381,1.621
3,3382,1.755
3,3383,1.566
3,3384,1.864
3,3385,1.806
3,3386,2.607
3,3387,1.803
3,3388,1.438
3,3389,1.593
3,3390,1.588
3,3391,1.503
3,3392,1.567
3,3393,1.725
3,3394,1.895
3,3395,2.065
3,3396,1.890
3,3397,1.715
3,3398,2.115
3,3399,1.703
3,3400,1.719
3,3401,2.375
3,3402,2.092
3,3403,3.256
3,3404,2.097
3,3405,1.854
3,3406,1.744
3,3407,1.891
3,3408,2.077
3,3409,1.795
3,3410,1.764
3,3411,2.062
3,3412,2.199
3,3413,2.006
3,3414,1.696
3,3415,1.624
3,3416,1.867
3,3417,1.525
3,3418,1.560
3,3419,1.580
3,3420,1.689
3,3421,1.624
3,3422,2.139
3,3423,1.760
3,3424,1.756
3,3425,2.109
3,3426,3.052
3,3427,3.223
3,3428,2.427
3,3429,2.084
3,3430,2.195
3,3431,1.844
3,3432,1.877
3,3433,2.124
3,3434,2.229
3,3435,2.233
3,3436,2.045
3,3437,2.170
3,3438,2.423
3,3439,1.853
3,3440,1.773
3,3441,1.820
3,3442,3.095
3,3443,2.006
3,3444,1.743
3,3445,2.186
3,3446,2.434
3,3447,2.697
3,3448,2.120
3,3449,2.112
3,3450,2.033
3,3451,2.074
3,3452,1.872
3,3453,1.629
3,3454,1.916
3,3455,1.727
3,3456,1.484
3,3457,2.306
3,3458,2.325
3,3459,2.093
3,3460,1.785
3,3461,1.672
3,3462,2.408
3,3463,2.341
3,3464,2.073
3,3465,2.141
3,3466,2.187
3,3467,1.986
3,3468,1.848
3,3469,1.936
3,3470,2.014
3,3471,1.962
3,3472,3.094
3,3473,2.374
3,3474,2.235
3,3475,2.075
3,3476,2.046
3,3477,1.848
3,3478,2.014
3,3479,2.640
3,3480,3.002
3,3481,1.989
3,3482,1.761
3,3483,2.034
3,3484,1.916
3,3485,2.289
3,3486,2.161
3,3487,1.711
3,3488,2.175
3,3489,1.579
3,3490,1.725
3,3491,1.651
3,3492,1.566
3,3493,1.718
3,3494,2.099
3,3495,2.384
3,3496,2.517
3,3497,2.887
3,3498,2.387
3,3499,1.862
3,3500,1.856
3,3501,2.117
3,3502,2.342
3,3503,1.951
3,3504,1.851
3,3505,2.313
3,3506,1.619
3,3507,1.637
3,3508,1.672
3,3509,1.925
3,3510,2.060
3,3511,1.692
3,3512,1.645
3,3513,1.633
3,3514,1.445
3,3515,2.103
3,3516,1.814
3,3517,1.616
3,3518,2.427
3,3519,3.213
3,3520,2.939
3,3521,2.361
3,3522,2.683
3,3523,3.055
3,3524,2.313
3,3525,2.037
3,3526,1.880
3,3527,1.647
3,3528,1.569
3,3529,1.884
3,3530,1.625
3,3531,1.445
3,3532,2.716
3,3533,2.086
3,3534,1.886
3,3535,1.609
3,3536,1.699
3,3537,1.673
3,3538,1.563
3,3539,1.533
3,3540,1.812
3,3541,2.486
3,3542,2.812
3,3543,2.316
3,3544,2.027
3,3545,2.027
3,3546,2.230
3,3547,2.623
3,3548,2.290
3,3549,2.022
3,3550,1.997
3,3551,1.654
3,3552,1.639
3,3553,1.668
3,3554,1.664
3,3555,1.644
3,3556,2.733
3,3557,2.682
3,3558,2.038
3,3559,2.989
3,3560,2.064
3,3561,1.577
3,3562,1.457
3,3563,1.854
3,3564,1.980
3,3565,1.538
3,3566,1.435
3,3567,1.762
3,3568,1.676
3,3569,1.916
3,3570,2.143
3,3571,1.820
3,3572,2.830
3,3573,2.093
3,3574,1.907
3,3575,1.831
3,3576,1.647
3,3577,1.660
3,3578,2.220
3,3579,1.648
3,3580,2.174
3,3581,1.899
3,3582,1.924
3,3583,1.738
3,3584,1.550
3,3585,2.073
3,3586,1.861
3,3587,1.779
3,3588,1.456
3,3589,2.376
3,3590,2.145
3,3591,1.688
3,3592,1.472
3,3593,1.612
3,3594,1.768
3,3595,1.619
3,3596,1.631
3,3597,2.636
3,3598,2.351
3,3599,1.928
3,3600,2.171
3,3601,2.247
3,3602,1.815
3,3603,1.756
3,3604,1.805
3,3605,2.379
3,3606,2.167
3,3607,1.793
3,3608,1.554
3,3609,1.518
3,3610,1.438
3,3611,1.505
3,3612,1.893
3,3613,1.569
3,3614,1.724
3,3615,3.111
3,3616,2.100
3,3617,2.064
3,3618,2.036
3,3619,2.002
3,3620,1.909
3,3621,1.974
3,3622,3.353
3,3623,3.197
3,3624,2.576
3,3625,2.493
3,3626,2.166
3,3627,2.000
3,3628,2.047
3,3629,2.130
3,3630,2.312
3,3631,2.226
3,3632,1.871
3,3633,1.952
3,3634,2.191
3,3635,2.064
3,3636,2.287
3,3637,1.921
3,3638,1.528
3,3639,1.544
3,3640,2.161
3,3641,1.651
3,3642,1.500
3,3643,1.616
3,3644,1.892
3,3645,2.030
3,3646,2.118
3,3647,2.126
3,3648,2.072
3,3649,2.078
3,3650,1.779
3,3651,1.753
3,3652,2.370
3,3653,2.268
3,3654,1.709
3,3655,1.619
3,3656,1.497
3,3657,1.460
3,3658,1.472
3,3659,1.851
3,3660,1.552
3,3661,1.612
3,3662,2.060
3,3663,1.919
3,3664,1.741
3,3665,1.686
3,3666,1.475
3,3667,1.740
3,3668,2.372
3,3669,2.521
3,3670,2.619
3,3671,2.902
3,3672,2.952
3,3673,2.351
3,3674,2.047
3,3675,1.674
3,3676,2.539
3,3677,2.795
3,3678,2.199
3,3679,2.196
3,3680,2.341
3,3681,2.132
3,3682,2.175
3,3683,1.853
3,3684,2.823
3,3685,2.047
3,3686,1.775
3,3687,1.570
3,3688,1.525
3,3689,1.716
3,3690,1.858
3,3691,1.561
3,3692,1.440
3,3693,2.454
3,3694,2.589
3,3695,2.298
3,3696,2.035
3,3697,2.005
3,3698,1.785
3,3699,1.634
3,3700,2.351
3,3701,1.959
3,3702,1.643
3,3703,2.036
3,3704,1.748
3,3705,1.761
3,3706,1.641
3,3707,1.617
3,3708,1.841
3,3709,2.145
3,3710,1.946
3,3711,2.132
3,3712,2.090
3,3713,1.589
3,3714,1.580
3,3715,1.652
3,3716,1.728
3,3717,1.926
3,3718,1.747
3,3719,1.998
3,3720,1.798
3,3721,1.563
3,3722,3.003
3,3723,1.955
3,3724,1.717
3,3725,2.013
3,3726,2.238
3,3727,1.799
3,3728,2.090
3,3729,2.214
3,3730,2.185
3,3731,1.701
3,3732,1.697
3,3733,2.470
3,3734,1.777
3,3735,1.772
3,3736,1.956
3,3737,1.766
3,3738,1.450
3,3739,1.761
3,3740,1.814
3,3741,1.841
3,3742,1.878
3,3743,1.939
3,3744,1.912
3,3745,1.810
3,3746,1.592
3,3747,1.616
3,3748,2.313
3,3749,1.997
3,3750,1.956
3,3751,2.198
3,3752,2.011
3,3753,1.744
3,3754,1.721
3,3755,1.875
3,3756,1.704
3,3757,1.482
3,3758,1.986
3,3759,2.347
3,3760,2.006
3,3761,1.725
3,3762,1.769
3,3763,1.916
3,3764,1.780
3,3765,1.504
3,3766,1.720
3,3767,2.181
3,3768,2.780
3,3769,2.455
3,3770,2.094
3,3771,2.027
3,3772,1.995
3,3773,2.594
3,3774,2.028
3,3775,3.181
3,3776,2.260
3,3777,2.065
3,3778,2.149
3,3779,2.120
3,3780,2.369
3,3781,3.254
3,3782,3.046
3,3783,2.631
3,3784,2.624
3,3785,2.537
3,3786,2.626
3,3787,2.871
3,3788,2.260
3,3789,2.582
3,3790,1.691
3,3791,1.593
3,3792,1.694
3,3793,1.803
3,3794,1.939
3,3795,2.168
3,3796,1.929
3,3797,1.908
3,3798,2.271
3,3799,2.077
3,3800,2.181
3,3801,1.893
3,3802,2.075
3,3803,2.085
3,3804,1.991
3,3805,1.509
3,3806,1.493
3,3807,2.136
3,3808,1.603
3,3809,1.628
3,3810,2.006
3,3811,1.987
3,3812,2.346
3,3813,2.144
3,3814,1.936
3,3815,1.624
3,3816,1.948
3,3817,1.976
3,3818,2.235
3,3819,1.742
3,3820,2.089
3,3821,1.878
3,3822,1.882
3,3823,1.722
3,3824,1.589
3,3825,2.472
3,3826,1.936
3,3827,1.701
3,3828,1.756
3,3829,1.826
3,3830,1.813
3,3831,1.686
3,3832,1.572
3,3833,1.775
3,3834,1.805
3,3835,2.055
3,3836,2.247
3,3837,1.762
3,3838,1.470
3,3839,1.473
3,3840,1.707
3,3841,1.623
3,3842,1.746
3,3843,1.749
3,3844,1.930
3,3845,2.388
3,3846,1.627
3,3847,2.156
3,3848,1.938
3,3849,1.633
3,3850,1.727
3,3851,2.124
3,3852,2.680
3,3853,1.719
3,3854,2.023
3,3855,1.870
3,3856,1.569
3,3857,1.613
3,3858,1.675
3,3859,1.693
3,3860,1.808
3,3861,1.831
3,3862,1.657
3,3863,1.936
3,3864,2.292
3,3865,1.586
3,3866,1.634
3,3867,1.840
3,3868,1.642
3,3869,1.979
3,3870,1.902
3,3871,1.762
3,3872,1.836
3,3873,1.523
3,3874,2.215
3,3875,2.172
3,3876,1.584
3,3877,1.619
3,3878,2.664
3,3879,2.354
3,3880,1.994
3,3881,2.097
3,3882,2.407
3,3883,1.828
3,3884,2.154
3,3885,2.195
3,3886,2.346
3,3887,2.175
3,3888,2.272
3,3889,1.947
3,3890,2.311
3,3891,2.081
3,3892,1.965
3,3893,2.973
3,3894,2.342
3,3895,1.914
3,3896,2.149
3,3897,2.096
3,3898,2.952
3,3899,2.355
3,3900,3.176
3,3901,3.213
3,3902,2.962
3,3903,2.253
3,3904,2.785
3,3905,2.373
3,3906,2.577
3,3907,2.546
3,3908,2.405
3,3909,2.022
3,3910,2.079
3,3911,2.509
3,3912,2.734
3,3913,2.771
3,3914,2.219
3,3915,2.515
3,3916,2.989
3,3917,3.532
3,3918,2.918
3,3919,2.484
3,3920,2.865
3,3921,2.350
3,3922,2.272
3,3923,2.465
3,3924,2.554
3,3925,2.635
3,3926,2.355
3,3927,2.351
3,3928,2.534
3,3929,2.490
3,3930,2.230
3,3931,2.517
3,3932,2.900
3,3933,2.204
3,3934,2.207
3,3935,2.535
3,3936,2.282
3,3937,2.634
3,3938,2.279
3,3939,3.026
3,3940,2.517
3,3941,2.779
3,3942,4.306
3,3943,2.616
3,3944,2.583
3,3945,2.765
3,3946,2.130
3,3947,2.544
3,3948,2.958
3,3949,2.675
3,3950,2.769
3,3951,2.898
3,3952,2.887
3,3953,2.703
3,3954,2.449
3,3955,2.757
3,3956,2.414
3,3957,2.321
3,3958,2.694
3,3959,2.662
3,3960,2.428
3,3961,2.263
3,3962,1.978
3,3963,2.318
3,3964,2.259
3,3965,2.107
3,3966,2.607
3,3967,3.272
3,3968,2.066
3,3969,2.022
3,3970,2.025
3,3971,1.870
3,3972,1.922
3,3973,2.226
3,3974,2.168
3,3975,2.519
3,3976,2.550
3,3977,1.943
3,3978,1.887
3,3979,2.119
3,3980,2.727
3,3981,2.086
3,3982,1.992
3,3983,2.245
3,3984,1.727
3,3985,1.802
3,3986,2.066
3,3987,1.774
3,3988,2.603
3,3989,2.483
3,3990,2.207
3,3991,2.169
3,3992,1.880
3,3993,1.753
3,3994,1.618
3,3995,1.975
3,3996,2.005
3,3997,1.586
3,3998,1.684
3,3999,1.650
3,4000,1.647
3,4001,2.791
3,4002,2.194
3,4003,2.392
3,4004,2.330
3,4005,2.185
3,4006,2.209
3,4007,1.975
3,4008,1.806
3,4009,1.840
3,4010,1.948
3,4011,1.817
3,4012,1.496
3,4013,1.568
3,4014,1.710
3,4015,1.605
3,4016,1.805
3,4017,1.678
3,4018,2.173
3,4019,2.320
3,4020,1.812
3,4021,1.777
3,4022,1.828
3,4023,1.426
3,4024,1.479
3,4025,1.712
3,4026,1.644
3,4027,1.575
3,4028,2.027
3,4029,2.214
3,4030,1.933
3,4031,1.795
3,4032,1.694
3,4033,1.946
3,4034,1.769
3,4035,1.730
3,4036,1.575
3,4037,1.761
3,4038,1.794
3,4039,1.804
3,4040,1.429
3,4041,1.656
3,4042,1.577
3,4043,1.550
3,4044,1.692
3,4045,1.752
3,4046,1.553
3,4047,1.929
3,4048,3.006
3,4049,3.067
3,4050,2.049
3,4051,2.014
3,4052,1.953
3,4053,1.534
3,4054,2.315
3,4055,2.276
3,4056,2.149
3,4057,2.599
3,4058,2.316
3,4059,2.089
3,4060,1.814
3,4061,2.249
3,4062,2.315
3,4063,2.138
3,4064,1.904
3,4065,2.871
3,4066,2.046
3,4067,2.222
3,4068,2.768
3,4069,2.256
3,4070,2.455
3,4071,2.245
3,4072,2.303
3,4073,1.809
3,4074,2.765
3,4075,2.227
3,4076,2.485
3,4077,1.987
3,4078,1.671
3,4079,1.634
3,4080,2.011
3,4081,1.826
3,4082,2.206
3,4083,2.117
3,4084,2.106
3,4085,3.511
3,4086,2.454
3,4087,1.635
3,4088,1.963
3,4089,1.861
3,4090,2.068
3,4091,1.719
3,4092,1.385
3,4093,1.408
3,4094,1.711
3,4095,1.620
3,4096,1.639
3,4097,1.529
3,4098,2.622
3,4099,2.011
3,4100,1.755
3,4101,1.695
3,4102,2.299
3,4103,1.631
3,4104,1.641
3,4105,1.982
3,4106,1.928
3,4107,3.405
3,4108,2.062
3,4109,1.772
3,4110,1.481
3,4111,1.436
3,4112,1.804
3,4113,1.622
3,4114,1.485
3,4115,1.724
3,4116,2.276
3,4117,1.937
3,4118,1.594
3,4119,1.413
3,4120,1.968
3,4121,2.021
3,4122,1.669
3,4123,1.783
3,4124,2.119
3,4125,2.289
3,4126,1.797
3,4127,1.649
3,4128,1.953
3,4129,2.104
3,4130,1.658
3,4131,2.025
3,4132,2.079
3,4133,1.910
3,4134,2.314
3,4135,1.896
3,4136,1.620
3,4137,1.429
3,4138,1.473
3,4139,1.849
3,4140,1.693
3,4141,1.922
3,4142,1.893
3,4143,1.934
3,4144,2.058
3,4145,1.735
3,4146,1.695
3,4147,1.836
3,4148,1.860
3,4149,2.122
3,4150,2.211
3,4151,1.626
3,4152,1.500
3,4153,1.663
3,4154,1.913
3,4155,1.657
3,4156,2.015
3,4157,1.816
3,4158,1.937
3,4159,1.774
3,4160,1.517
3,4161,1.766
3,4162,1.721
3,4163,1.635
3,4164,1.901
3,4165,1.581
3,4166,1.571
3,4167,2.000
3,4168,2.208
3,4169,2.427
3,4170,2.246
3,4171,2.168
3,4172,2.023
3,4173,1.892
3,4174,1.717
3,4175,1.890
3,4176,1.992
3,4177,1.741
3,4178,1.470
3,4179,1.420
3,4180,1.649
3,4181,1.528
3,4182,1.408
3,4183,3.070
3,4184,2.289
3,4185,2.029
3,4186,1.691
3,4187,1.765
3,4188,1.795
3,4189,1.657
3,4190,1.535
3,4191,2.051
3,4192,2.280
3,4193,2.194
3,4194,1.947
3,4195,1.697
3,4196,1.592
3,4197,1.481
3,4198,1.522
3,4199,1.877
3,4200,1.613
3,4201,1.638
3,4202,2.049
3,4203,1.723
3,4204,1.527
3,4205,1.398
3,4206,1.316
3,4207,1.894
3,4208,1.657
3,4209,1.642
3,4210,1.474
3,4211,2.573
3,4212,2.723
3,4213,2.038
3,4214,2.033
3,4215,2.217
3,4216,1.876
3,4217,1.801
3,4218,1.833
3,4219,2.388
3,4220,2.708
3,4221,1.900
3,4222,1.782
3,4223,1.923
3,4224,2.019
3,4225,2.149
3,4226,2.131
3,4227,2.123
3,4228,2.307
3,4229,1.925
3,4230,1.807
3,4231,1.881
3,4232,1.798
3,4233,1.999
3,4234,2.184
3,4235,2.360
3,4236,1.667
3,4237,1.995
3,4238,1.946
3,4239,1.712
3,4240,1.820
3,4241,1.665
3,4242,1.763
3,4243,1.923
3,4244,1.596
3,4245,1.559
3,4246,1.789
3,4247,1.838
3,4248,1.449
3,4249,1.456
3,4250,1.580
3,4251,1.527
3,4252,1.832
3,4253,2.502
3,4254,1.933
3,4255,1.646
3,4256,1.428
3,4257,1.903
3,4258,1.743
3,4259,1.495
3,4260,1.448
3,4261,1.811
3,4262,2.096
3,4263,2.718
3,4264,2.027
3,4265,2.211
3,4266,2.981
3,4267,2.407
3,4268,2.418
3,4269,1.939
3,4270,1.669
3,4271,1.700
3,4272,1.909
3,4273,1.936
3,4274,2.386
3,4275,2.232
3,4276,2.478
3,4277,2.045
3,4278,1.784
3,4279,1.683
3,4280,1.511
3,4281,1.409
3,4282,1.648
3,4283,1.992
3,4284,1.431
3,4285,2.742
3,4286,2.165
3,4287,1.946
3,4288,2.397
3,4289,2.283
3,4290,2.162
3,4291,2.651
3,4292,2.605
3,4293,2.295
3,4294,2.482
3,4295,2.188
3,4296,1.971
3,4297,1.726
3,4298,1.723
3,4299,2.952
3,4300,2.269
3,4301,2.150
3,4302,2.377
3,4303,2.120
3,4304,1.824
3,4305,3.183
3,4306,2.750
3,4307,2.281
3,4308,2.022
3,4309,2.349
3,4310,2.032
3,4311,1.937
3,4312,2.020
3,4313,2.067
3,4314,2.416
3,4315,1.689
3,4316,1.552
3,4317,1.611
3,4318,1.557
3,4319,1.487
3,4320,1.600
3,4321,1.437
3,4322,1.655
3,4323,1.879
3,4324,1.821
3,4325,1.622
3,4326,2.004
3,4327,1.550
3,4328,1.441
3,4329,1.508
3,4330,1.590
3,4331,1.452
3,4332,1.849
3,4333,1.884
3,4334,2.462
3,4335,1.755
3,4336,1.561
3,4337,1.616
3,4338,2.110
3,4339,1.684
3,4340,1.603
3,4341,2.879
3,4342,2.376
3,4343,2.500
3,4344,2.228
3,4345,1.994
3,4346,1.922
3,4347,2.591
3,4348,2.595
3,4349,2.034
3,4350,1.662
3,4351,2.306
3,4352,1.676
3,4353,1.388
3,4354,1.436
3,4355,1.482
3,4356,1.610
3,4357,1.715
3,4358,1.597
3,4359,1.516
3,4360,1.488
3,4361,1.615
3,4362,1.876
3,4363,1.693
3,4364,2.053
3,4365,1.891
3,4366,1.904
3,4367,1.909
3,4368,1.578
3,4369,1.459
3,4370,1.417
3,4371,1.980
3,4372,2.343
3,4373,1.697
3,4374,1.887
3,4375,1.969
3,4376,1.486
3,4377,1.451
3,4378,1.421
3,4379,1.466
3,4380,1.442
3,4381,1.720
3,4382,1.772
3,4383,1.733
3,4384,1.857
3,4385,1.534
3,4386,1.438
3,4387,1.690
3,4388,1.551
3,4389,1.409
3,4390,1.462
3,4391,1.666
3,4392,1.599
3,4393,2.560
3,4394,1.811
3,4395,1.787
3,4396,1.847
3,4397,1.618
3,4398,1.596
3,4399,1.797
3,4400,1.714
3,4401,1.683
3,4402,1.861
3,4403,2.160
3,4404,2.158
3,4405,1.672
3,4406,1.404
3,4407,1.514
3,4408,1.511
3,4409,1.451
3,4410,1.678
3,4411,1.620
3,4412,1.936
3,4413,2.297
3,4414,1.634
3,4415,2.008
3,4416,1.931
3,4417,1.552
3,4418,1.425
3,4419,1.598
3,4420,1.841
3,4421,1.904
3,4422,2.117
3,4423,2.603
3,4424,1.896
3,4425,1.814
3,4426,1.625
3,4427,1.566
3,4428,2.075
3,4429,2.124
3,4430,1.686
3,4431,1.467
3,4432,2.417
3,4433,1.482
3,4434,1.453
3,4435,1.500
3,4436,1.458
3,4437,1.359
3,4438,1.781
3,4439,1.804
3,4440,1.490
3,4441,1.443
3,4442,1.401
3,4443,1.711
3,4444,1.577
3,4445,1.616
3,4446,1.368
3,4447,1.307
3,4448,1.587
3,4449,1.917
3,4450,1.681
3,4451,2.058
3,4452,1.579
3,4453,1.575
3,4454,2.050
3,4455,1.511
3,4456,1.592
3,4457,1.645
3,4458,1.668
3,4459,2.067
3,4460,2.023
3,4461,1.849
3,4462,1.656
3,4463,1.676
3,4464,2.017
3,4465,1.822
3,4466,1.874
3,4467,2.763
3,4468,2.451
3,4469,2.246
3,4470,2.211
3,4471,2.305
3,4472,2.610
3,4473,2.717
3,4474,2.469
3,4475,2.272
3,4476,2.243
3,4477,1.877
3,4478,1.876
3,4479,1.877
3,4480,2.665
3,4481,2.327
3,4482,1.943
3,4483,1.926
3,4484,1.487
3,4485,1.553
3,4486,1.624
3,4487,1.407
3,4488,1.514
3,4489,1.972
3,4490,2.011
3,4491,1.878
3,4492,2.135
3,4493,1.712
3,4494,1.583
3,4495,1.583
3,4496,1.415
3,4497,1.751
3,4498,2.445
3,4499,1.895
3,4500,1.838
3,4501,1.535
3,4502,1.576
3,4503,2.058
3,4504,1.686
3,4505,1.723
3,4506,1.974
3,4507,1.990
3,4508,1.891
3,4509,1.587
3,4510,1.779
3,4511,1.517
3,4512,1.426
3,4513,1.336
3,4514,1.546
3,4515,1.543
3,4516,1.639
3,4517,1.682
3,4518,1.657
3,4519,1.522
3,4520,1.673
3,4521,1.943
3,4522,1.611
3,4523,1.627
3,4524,1.504
3,4525,1.397
3,4526,2.111
3,4527,2.037
3,4528,1.523
3,4529,1.468
3,4530,1.497
3,4531,1.809
3,4532,1.531
3,4533,2.124
3,4534,1.913
3,4535,2.555
3,4536,1.893
3,4537,1.835
3,4538,1.707
3,4539,1.827
3,4540,2.330
3,4541,1.901
3,4542,2.064
3,4543,2.102
3,4544,1.858
3,4545,2.168
3,4546,2.208
3,4547,2.337
3,4548,3.528
3,4549,3.059
3,4550,2.538
3,4551,2.292
3,4552,2.042
3,4553,2.642
3,4554,2.963
3,4555,3.306
3,4556,2.460
3,4557,2.410
3,4558,2.312
3,4559,2.497
3,4560,2.269
3,4561,2.822
3,4562,3.000
3,4563,1.844
3,4564,1.906
3,4565,2.289
3,4566,1.913
3,4567,2.313
3,4568,2.440
3,4569,2.145
3,4570,2.482
3,4571,2.332
3,4572,1.976
3,4573,2.032
3,4574,2.266
3,4575,3.140
3,4576,3.246
3,4577,2.934
3,4578,2.012
3,4579,2.360
3,4580,2.178
3,4581,2.160
3,4582,2.490
3,4583,2.099
3,4584,2.110
3,4585,2.859
3,4586,2.202
3,4587,1.830
3,4588,2.527
3,4589,2.561
3,4590,2.109
3,4591,2.184
3,4592,2.301
3,4593,2.451
3,4594,2.001
3,4595,2.842
3,4596,2.155
3,4597,2.713
3,4598,2.305
3,4599,2.272
3,4600,2.808
3,4601,2.875
3,4602,2.208
3,4603,2.456
3,4604,2.045
3,4605,2.269
3,4606,2.573
3,4607,3.044
3,4608,3.016
3,4609,2.591
3,4610,2.574
3,4611,2.698
3,4612,2.433
3,4613,2.762
3,4614,2.985
3,4615,2.657
3,4616,3.405
3,4617,2.988
3,4618,3.638
3,4619,3.453
3,4620,3.166
3,4621,2.527
3,4622,2.632
3,4623,3.031
3,4624,3.532
3,4625,3.348
3,4626,3.110
3,4627,2.697
3,4628,3.483
3,4629,2.992
3,4630,2.420
3,4631,2.341
3,4632,3.012
3,4633,2.446
3,4634,2.653
3,4635,2.708
3,4636,2.700
3,4637,2.980
3,4638,2.428
3,4639,2.996
3,4640,3.171
3,4641,2.959
3,4642,2.757
3,4643,2.583
3,4644,2.698
3,4645,3.488
3,4646,3.172
3,4647,2.503
3,4648,2.916
3,4649,2.969
3,4650,3.189
3,4651,3.304
3,4652,2.649
3,4653,3.111
3,4654,2.909
3,4655,3.406
3,4656,3.208
3,4657,3.035
3,4658,2.902
3,4659,2.444
3,4660,2.733
3,4661,3.365
3,4662,2.894
3,4663,4.208
3,4664,2.219
3,4665,2.607
3,4666,2.254
3,4667,3.791
3,4668,2.667
3,4669,3.071
3,4670,2.673
3,4671,2.215
3,4672,2.336
3,4673,2.336
3,4674,1.961
3,4675,1.892
3,4676,2.394
3,4677,2.756
3,4678,2.287
3,4679,2.278
3,4680,1.892
3,4681,1.729
3,4682,1.638
3,4683,1.694
3,4684,1.862
3,4685,1.518
3,4686,2.442
3,4687,2.099
3,4688,1.697
3,4689,1.760
3,4690,2.282
3,4691,1.813
3,4692,1.728
3,4693,1.722
3,4694,1.886
3,4695,2.679
3,4696,2.448
3,4697,2.221
3,4698,1.621
3,4699,1.674
3,4700,1.641
3,4701,1.711
3,4702,1.622
3,4703,1.621
3,4704,2.239
3,4705,2.195
3,4706,1.551
3,4707,1.424
3,4708,1.553
3,4709,1.610
3,4710,1.425
3,4711,1.641
3,4712,1.561
3,4713,1.790
3,4714,3.072
3,4715,2.210
3,4716,2.797
3,4717,2.224
3,4718,2.199
3,4719,2.257
3,4720,3.162
3,4721,3.010
3,4722,1.867
3,4723,1.522
3,4724,1.583
3,4725,1.775
3,4726,1.523
3,4727,1.752
3,4728,1.800
3,4729,1.868
3,4730,2.388
3,4731,1.639
3,4732,1.529
3,4733,1.787
3,4734,1.586
3,4735,1.419
3,4736,2.407
3,4737,2.537
3,4738,1.942
3,4739,2.646
3,4740,2.675
3,4741,1.999
3,4742,2.025
3,4743,2.602
3,4744,2.127
3,4745,1.872
3,4746,2.076
3,4747,2.460
3,4748,1.724
3,4749,2.128
3,4750,2.364
3,4751,2.073
3,4752,2.072
3,4753,2.076
3,4754,2.981
3,4755,3.299
3,4756,2.051
3,4757,2.496
3,4758,1.946
3,4759,1.524
3,4760,1.504
3,4761,1.536
3,4762,1.598
3,4763,1.478
3,4764,2.371
3,4765,1.971
3,4766,2.001
3,4767,1.797
3,4768,1.624
3,4769,1.982
3,4770,1.772
3,4771,1.571
3,4772,1.523
3,4773,1.561
3,4774,3.054
3,4775,2.133
3,4776,2.055
3,4777,2.151
3,4778,2.001
3,4779,2.247
3,4780,1.878
3,4781,2.356
3,4782,2.699
3,4783,2.158
3,4784,2.111
3,4785,1.957
3,4786,2.194
3,4787,2.007
3,4788,1.772
3,4789,2.570
3,4790,2.228
3,4791,1.592
3,4792,1.547
3,4793,1.797
3,4794,1.743
3,4795,1.541
3,4796,1.498
3,4797,1.785
3,4798,2.113
3,4799,1.771
3,4800,1.873
3,4801,1.584
3,4802,1.532
3,4803,1.415
3,4804,1.378
3,4805,1.765
3,4806,1.910
3,4807,1.700
3,4808,1.555
3,4809,1.635
3,4810,1.593
3,4811,1.868
3,4812,1.571
3,4813,1.375
3,4814,1.798
3,4815,2.107
3,4816,1.738
3,4817,2.128
3,4818,1.786
3,4819,2.008
3,4820,3.001
3,4821,2.638
3,4822,2.006
3,4823,2.276
3,4824,1.767
3,4825,1.492
3,4826,1.462
3,4827,1.440
3,4828,1.474
3,4829,1.354
3,4830,1.357
3,4831,1.751
3,4832,1.474
3,4833,3.771
3,4834,2.122
3,4835,1.565
3,4836,1.474
3,4837,1.344
3,4838,1.496
3,4839,1.588
3,4840,1.573
3,4841,2.388
3,4842,2.086
3,4843,1.527
3,4844,2.581
3,4845,1.761
3,4846,1.639
3,4847,3.946
3,4848,2.290
3,4849,2.182
3,4850,1.799
3,4851,1.515
3,4852,1.387
3,4853,1.368
3,4854,1.785
3,4855,1.549
3,4856,1.455
3,4857,1.502
3,4858,1.841
3,4859,2.059
3,4860,2.019
3,4861,1.439
3,4862,1.581
3,4863,1.533
3,4864,1.403
3,4865,1.399
3,4866,1.618
3,4867,1.565
3,4868,1.787
3,4869,1.712
3,4870,1.899
3,4871,2.265
3,4872,2.183
3,4873,1.671
3,4874,1.658
3,4875,1.677
3,4876,1.788
3,4877,1.985
3,4878,1.803
3,4879,1.584
3,4880,1.534
3,4881,1.857
3,4882,1.611
3,4883,1.929
3,4884,1.827
3,4885,1.957
3,4886,2.191
3,4887,1.937
3,4888,1.991
3,4889,1.668
3,4890,1.910
3,4891,1.640
3,4892,1.592
3,4893,2.617
3,4894,2.318
3,4895,2.133
3,4896,2.389
3,4897,2.361
3,4898,3.088
3,4899,2.788
3,4900,2.411
3,4901,2.294
3,4902,2.070
3,4903,1.925
3,4904,1.792
3,4905,1.891
3,4906,2.972
3,4907,1.970
3,4908,1.908
3,4909,1.960
3,4910,1.808
3,4911,1.798
3,4912,1.865
3,4913,1.906
3,4914,1.863
3,4915,2.271
3,4916,1.785
3,4917,1.759
3,4918,1.485
3,4919,1.471
3,4920,1.810
3,4921,1.561
3,4922,1.680
3,4923,2.579
3,4924,1.959
3,4925,2.335
3,4926,1.774
3,4927,1.885
3,4928,1.644
3,4929,1.492
3,4930,1.669
3,4931,1.736
3,4932,1.507
3,4933,1.524
3,4934,1.550
3,4935,1.832
3,4936,1.649
3,4937,1.991
3,4938,1.820
3,4939,2.306
3,4940,1.916
3,4941,1.493
3,4942,1.344
3,4943,1.481
3,4944,1.884
3,4945,2.727
3,4946,1.864
3,4947,2.127
3,4948,2.221
3,4949,1.782
3,4950,2.247
3,4951,1.894
3,4952,1.739
3,4953,1.696
3,4954,2.302
3,4955,2.130
3,4956,2.100
3,4957,1.957
3,4958,1.720
3,4959,1.496
3,4960,1.686
3,4961,1.833
3,4962,1.607
3,4963,1.764
3,4964,1.543
3,4965,2.038
3,4966,1.894
3,4967,1.456
3,4968,1.384
3,4969,1.629
3,4970,1.687
3,4971,1.639
3,4972,1.821
3,4973,2.134
3,4974,2.232
3,4975,2.233
3,4976,1.842
3,4977,2.304
3,4978,1.646
3,4979,1.672
3,4980,1.955
3,4981,1.904
3,4982,2.818
3,4983,2.033
3,4984,1.890
3,4985,1.526
3,4986,1.377
3,4987,1.766
3,4988,1.913
3,4989,1.552
3,4990,1.464
3,4991,1.947
3,4992,2.533
3,4993,1.749
3,4994,1.393
3,4995,1.502
3,4996,1.716
3,4997,1.462
3,4998,1.417
3,4999,1.473
3,5000,1.823
3,5001,2.179
3,5002,2.400
3,5003,1.894
3,5004,2.890
3,5005,1.971
3,5006,2.026
3,5007,1.984
3,5008,2.898
3,5009,2.363
3,5010,2.783
3,5011,2.019
3,5012,2.095
3,5013,1.855
3,5014,1.716
3,5015,2.083
3,5016,2.304
3,5017,2.317
3,5018,2.500
3,5019,1.865
3,5020,1.589
3,5021,1.397
3,5022,2.437
3,5023,2.374
3,5024,1.946
3,5025,1.864
3,5026,1.901
3,5027,2.121
3,5028,2.089
3,5029,2.011
3,5030,2.059
3,5031,1.734
3,5032,1.617
3,5033,1.766
3,5034,1.684
3,5035,1.566
3,5036,1.589
3,5037,1.947
3,5038,1.853
3,5039,1.952
3,5040,1.647
3,5041,1.680
3,5042,1.500
3,5043,1.457
3,5044,1.631
3,5045,1.817
3,5046,1.578
3,5047,2.343
3,5048,1.813
3,5049,1.793
3,5050,1.780
3,5051,1.481
3,5052,1.396
3,5053,1.600
3,5054,1.582
3,5055,1.513
3,5056,2.388
3,5057,2.891
3,5058,2.189
3,5059,1.949
3,5060,1.996
3,5061,1.924
3,5062,1.757
3,5063,2.242
3,5064,2.565
3,5065,2.568
3,5066,1.971
3,5067,1.911
3,5068,1.829
3,5069,1.676
3,5070,1.965
3,5071,2.847
3,5072,2.081
3,5073,2.339
3,5074,2.116
3,5075,1.965
3,5076,1.744
3,5077,1.880
3,5078,2.254
3,5079,2.292
3,5080,2.336
3,5081,2.073
3,5082,1.690
3,5083,1.812
3,5084,1.792
3,5085,1.692
3,5086,1.488
3,5087,2.184
3,5088,2.052
3,5089,1.740
3,5090,1.780
3,5091,2.003
3,5092,1.910
3,5093,1.674
3,5094,1.511
3,5095,1.834
3,5096,2.008
3,5097,1.685
3,5098,1.691
3,5099,1.812
3,5100,1.545
3,5101,1.953
3,5102,1.627
3,5103,1.543
3,5104,1.482
3,5105,1.814
3,5106,1.917
3,5107,2.247
3,5108,1.686
3,5109,1.474
3,5110,1.609
3,5111,2.246
3,5112,1.792
3,5113,1.650
3,5114,2.140
3,5115,2.057
3,5116,1.609
3,5117,1.380
3,5118,1.634
3,5119,1.627
3,5120,1.402
3,5121,1.786
3,5122,1.560
3,5123,2.142
3,5124,2.194
3,5125,1.630
3,5126,1.526
3,5127,1.606
3,5128,1.476
3,5129,1.338
3,5130,1.589
3,5131,2.094
3,5132,2.866
3,5133,1.936
3,5134,1.758
3,5135,2.259
3,5136,1.664
3,5137,1.667
3,5138,2.507
3,5139,2.465
3,5140,2.014
3,5141,1.903
3,5142,1.614
3,5143,1.434
3,5144,1.359
3,5145,1.476
3,5146,1.645
3,5147,1.442
3,5148,1.399
3,5149,2.235
3,5150,1.888
3,5151,1.868
3,5152,1.727
3,5153,1.540
3,5154,1.588
3,5155,1.457
3,5156,1.407
3,5157,1.334
3,5158,1.940
3,5159,2.126
3,5160,1.948
3,5161,1.722
3,5162,1.673
3,5163,1.550
3,5164,2.027
3,5165,1.661
3,5166,1.747
3,5167,2.017
3,5168,1.758
3,5169,1.948
3,5170,1.546
3,5171,1.431
3,5172,1.482
3,5173,1.583
3,5174,1.579
3,5175,1.489
3,5176,1.662
3,5177,2.412
3,5178,2.459
3,5179,2.211
3,5180,1.946
3,5181,1.975
3,5182,1.685
3,5183,1.641
3,5184,1.575
3,5185,2.358
3,5186,2.072
3,5187,1.770
3,5188,2.530
3,5189,1.964
3,5190,1.864
3,5191,2.433
3,5192,2.342
3,5193,2.502
3,5194,2.927
3,5195,2.709
3,5196,2.657
3,5197,1.968
3,5198,2.297
3,5199,2.410
3,5200,2.146
3,5201,1.865
3,5202,1.717
3,5203,2.220
3,5204,2.717
3,5205,2.232
3,5206,2.730
3,5207,2.624
3,5208,2.393
3,5209,2.113
3,5210,2.167
3,5211,2.758
3,5212,3.138
3,5213,2.736
3,5214,2.423
3,5215,2.241
3,5216,2.360
3,5217,2.425
3,5218,2.868
3,5219,3.091
3,5220,2.850
3,5221,2.352
3,5222,2.274
3,5223,2.622
3,5224,2.231
3,5225,2.845
3,5226,2.058
3,5227,2.421
3,5228,2.262
3,5229,2.076
3,5230,2.217
3,5231,2.324
3,5232,3.127
3,5233,3.282
3,5234,2.331
3,5235,2.049
3,5236,2.095
3,5237,2.112
3,5238,2.309
3,5239,2.084
3,5240,2.139
3,5241,2.801
3,5242,1.959
3,5243,1.979
3,5244,2.260
3,5245,2.169
3,5246,2.126
3,5247,2.045
3,5248,1.958
3,5249,2.742
3,5250,2.043
3,5251,2.026
3,5252,2.191
3,5253,2.719
3,5254,2.563
3,5255,2.271
3,5256,2.253
3,5257,2.522
3,5258,2.207
3,5259,2.202
3,5260,2.144
3,5261,1.942
3,5262,2.150
3,5263,2.083
3,5264,1.932
3,5265,2.592
3,5266,1.993
3,5267,2.681
3,5268,2.190
3,5269,2.071
3,5270,1.956
3,5271,2.110
3,5272,2.356
3,5273,2.654
3,5274,2.362
3,5275,2.052
3,5276,2.267
3,5277,1.890
3,5278,1.988
3,5279,2.021
3,5280,1.758
3,5281,2.967
3,5282,1.995
3,5283,1.704
3,5284,1.721
3,5285,1.812
3,5286,1.855
3,5287,1.660
3,5288,1.807
3,5289,2.155
3,5290,3.028
3,5291,2.476
3,5292,2.543
3,5293,2.276
3,5294,2.263
3,5295,2.001
3,5296,1.875
3,5297,2.423
3,5298,2.274
3,5299,1.851
3,5300,2.196
3,5301,1.860
3,5302,1.809
3,5303,1.622
3,5304,1.869
3,5305,1.907
3,5306,1.620
3,5307,1.938
3,5308,1.656
3,5309,1.520
3,5310,1.507
3,5311,1.573
3,5312,1.483
3,5313,1.727
3,5314,1.717
3,5315,1.495
3,5316,1.468
3,5317,1.692
3,5318,1.770
3,5319,1.409
3,5320,1.486
3,5321,1.530
3,5322,1.616
3,5323,2.448
3,5324,1.782
3,5325,1.938
3,5326,1.820
3,5327,1.519
3,5328,2.350
3,5329,2.173
3,5330,1.760
3,5331,2.094
3,5332,1.962
3,5333,1.913
3,5334,1.580
3,5335,1.452
3,5336,1.808
3,5337,1.914
3,5338,1.557
3,5339,1.654
3,5340,1.900
3,5341,1.717
3,5342,1.692
3,5343,1.609
3,5344,1.676
3,5345,1.763
3,5346,1.611
3,5347,1.695
3,5348,1.524
3,5349,2.063
3,5350,2.261
3,5351,1.744
3,5352,1.639
3,5353,1.517
3,5354,1.475
3,5355,1.495
3,5356,1.590
3,5357,2.431
3,5358,2.641
3,5359,2.097
3,5360,2.101
3,5361,1.926
3,5362,1.619
3,5363,1.707
3,5364,1.814
3,5365,1.806
3,5366,2.782
3,5367,2.254
3,5368,1.875
3,5369,1.845
3,5370,2.107
3,5371,2.072
3,5372,1.821
3,5373,2.231
3,5374,2.641
3,5375,1.771
3,5376,1.913
3,5377,2.290
3,5378,1.829
3,5379,1.785
3,5380,2.290
3,5381,2.702
3,5382,2.594
3,5383,2.400
3,5384,1.904
3,5385,1.837
3,5386,1.965
3,5387,2.392
3,5388,1.931
3,5389,1.684
3,5390,2.368
3,5391,1.817
3,5392,1.529
3,5393,1.558
3,5394,1.679
3,5395,1.499
3,5396,1.793
3,5397,2.658
3,5398,1.990
3,5399,1.944
3,5400,1.496
3,5401,1.650
3,5402,1.614
3,5403,1.408
3,5404,1.371
3,5405,1.528
3,5406,2.106
3,5407,1.982
3,5408,2.045
3,5409,2.598
3,5410,1.976
3,5411,1.662
3,5412,1.875
3,5413,2.288
3,5414,2.401
3,5415,2.291
3,5416,2.586
3,5417,2.048
3,5418,1.457
3,5419,1.697
3,5420,1.667
3,5421,1.745
3,5422,2.044
3,5423,1.982
3,5424,1.675
3,5425,1.570
3,5426,1.488
3,5427,2.107
3,5428,1.765
3,5429,1.471
3,5430,1.360
3,5431,1.993
3,5432,1.856
3,5433,1.651
3,5434,2.028
3,5435,1.886
3,5436,1.858
3,5437,2.258
3,5438,1.864
3,5439,2.131
3,5440,1.785
3,5441,1.584
3,5442,1.681
3,5443,1.657
3,5444,1.633
3,5445,1.580
3,5446,1.452
3,5447,2.078
3,5448,1.857
3,5449,1.637
3,5450,1.946
3,5451,1.848
3,5452,1.450
3,5453,1.386
3,5454,1.412
3,5455,1.529
3,5456,1.609
3,5457,2.071
3,5458,2.169
3,5459,2.145
3,5460,1.746
3,5461,1.565
3,5462,2.186
3,5463,2.432
3,5464,2.386
3,5465,2.618
3,5466,2.439
3,5467,2.094
3,5468,2.253
3,5469,2.207
3,5470,2.033
3,5471,2.383
3,5472,2.312
3,5473,2.615
3,5474,2.731
3,5475,2.227
3,5476,1.674
3,5477,1.641
3,5478,1.751
3,5479,1.505
3,5480,1.951
3,5481,2.116
3,5482,2.517
3,5483,2.454
3,5484,2.358
3,5485,2.470
3,5486,2.717
3,5487,3.283
3,5488,2.565
3,5489,2.799
3,5490,2.250
3,5491,2.055
3,5492,3.039
3,5493,2.282
3,5494,2.058
3,5495,2.291
3,5496,2.821
3,5497,2.110
3,5498,2.219
3,5499,2.380
3,5500,3.172
3,5501,3.022
3,5502,2.130
3,5503,2.802
3,5504,2.826
3,5505,2.906
3,5506,3.116
3,5507,2.358
3,5508,2.455
3,5509,2.561
3,5510,3.118
3,5511,3.108
3,5512,2.321
3,5513,2.278
3,5514,3.243
3,5515,3.265
3,5516,3.101
3,5517,2.823
3,5518,3.302
3,5519,2.463
3,5520,2.842
3,5521,2.710
3,5522,3.599
3,5523,3.512
3,5524,2.583
3,5525,2.845
3,5526,2.814
3,5527,3.199
3,5528,2.991
3,5529,2.289
3,5530,2.397
3,5531,2.293
3,5532,2.452
3,5533,2.838
3,5534,3.117
3,5535,3.178
3,5536,2.547
3,5537,2.293
3,5538,2.260
3,5539,2.196
3,5540,2.355
3,5541,1.938
3,5542,2.325
3,5543,1.816
3,5544,1.836
3,5545,1.836
3,5546,1.594
3,5547,2.239
3,5548,2.928
3,5549,2.507
3,5550,2.706
3,5551,2.341
3,5552,1.975
3,5553,2.075
3,5554,2.763
3,5555,1.838
3,5556,1.554
3,5557,1.546
3,5558,2.097
3,5559,1.844
3,5560,1.443
3,5561,1.547
3,5562,1.973
3,5563,2.622
3,5564,2.919
3,5565,2.205
3,5566,2.155
3,5567,2.620
3,5568,2.025
3,5569,1.765
3,5570,2.133
3,5571,2.376
3,5572,1.747
3,5573,1.660
3,5574,1.851
3,5575,1.778
3,5576,1.888
3,5577,1.595
3,5578,1.743
3,5579,2.787
3,5580,1.599
3,5581,1.451
3,5582,1.572
3,5583,1.533
3,5584,1.559
3,5585,1.976
3,5586,2.517
3,5587,2.196
3,5588,1.745
3,5589,1.863
3,5590,2.215
3,5591,1.597
3,5592,1.697
3,5593,1.773
3,5594,1.630
3,5595,2.372
3,5596,2.044
3,5597,1.790
3,5598,1.607
3,5599,1.486
3,5600,1.598
3,5601,1.708
3,5602,1.469
3,5603,1.377
3,5604,1.374
3,5605,1.965
3,5606,2.367
3,5607,1.858
3,5608,1.442
3,5609,1.578
3,5610,1.496
3,5611,1.501
3,5612,1.573
3,5613,1.815
3,5614,1.712
3,5615,1.960
3,5616,1.664
3,5617,1.582
3,5618,1.703
3,5619,1.980
3,5620,1.527
3,5621,4.118
3,5622,3.668
3,5623,3.417
3,5624,2.253
3,5625,2.424
3,5626,2.245
3,5627,2.392
3,5628,2.597
3,5629,2.524
3,5630,2.982
3,5631,2.407
3,5632,2.366
3,5633,2.316
3,5634,4.664
3,5635,3.034
3,5636,3.310
3,5637,3.150
3,5638,3.036
3,5639,2.117
3,5640,2.063
3,5641,2.266
3,5642,2.863
3,5643,2.413
3,5644,1.916
3,5645,1.851
3,5646,2.777
3,5647,2.352
3,5648,1.878
3,5649,2.097
3,5650,2.043
3,5651,2.417
3,5652,1.780
3,5653,2.550
3,5654,2.102
3,5655,1.783
3,5656,1.852
3,5657,2.191
3,5658,1.991
3,5659,2.723
3,5660,2.140
3,5661,2.114
3,5662,2.010
3,5663,2.289
3,5664,1.847
3,5665,1.684
3,5666,1.876
3,5667,2.624
3,5668,2.392
3,5669,2.253
3,5670,1.930
3,5671,2.006
3,5672,2.260
3,5673,1.974
3,5674,1.454
3,5675,1.885
3,5676,2.472
3,5677,2.086
3,5678,1.732
3,5679,1.377
3,5680,1.617
3,5681,1.543
3,5682,1.567
3,5683,1.422
3,5684,2.235
3,5685,2.328
3,5686,1.734
3,5687,1.753
3,5688,1.769
3,5689,1.883
3,5690,1.672
3,5691,1.505
3,5692,1.563
3,5693,1.477
3,5694,2.110
3,5695,2.401
3,5696,1.969
3,5697,1.494
3,5698,1.478
3,5699,1.539
3,5700,1.602
3,5701,1.528
3,5702,1.376
3,5703,1.531
3,5704,1.606
3,5705,1.569
3,5706,1.937
3,5707,1.727
3,5708,1.591
3,5709,1.575
3,5710,1.546
3,5711,1.499
3,5712,1.619
3,5713,2.654
3,5714,1.690
3,5715,1.506
3,5716,2.054
3,5717,1.723
3,5718,1.897
3,5719,1.788
3,5720,1.910
3,5721,1.905
3,5722,1.560
3,5723,1.413
3,5724,1.720
3,5725,1.618
3,5726,2.290
3,5727,1.827
3,5728,1.706
3,5729,1.616
3,5730,3.205
3,5731,2.123
3,5732,2.012
3,5733,1.892
3,5734,2.477
3,5735,1.691
3,5736,1.552
3,5737,1.656
3,5738,2.039
3,5739,1.862
3,5740,2.011
3,5741,1.475
3,5742,1.588
3,5743,1.745
3,5744,2.496
3,5745,2.031
3,5746,2.128
3,5747,1.698
3,5748,1.555
3,5749,1.550
3,5750,1.602
3,5751,1.723
3,5752,1.426
3,5753,1.407
3,5754,2.088
3,5755,2.007
3,5756,1.989
3,5757,1.784
3,5758,1.626
3,5759,1.497
3,5760,1.525
3,5761,1.449
3,5762,1.649
3,5763,2.398
3,5764,2.416
3,5765,2.124
3,5766,2.356
3,5767,2.616
3,5768,2.245
3,5769,2.311
3,5770,1.882
3,5771,1.887
3,5772,2.610
3,5773,1.760
3,5774,1.490
3,5775,1.443
3,5776,1.732
3,5777,1.684
3,5778,1.442
3,5779,2.230
3,5780,2.204
3,5781,1.650
3,5782,2.438
3,5783,2.210
3,5784,2.215
3,5785,1.996
3,5786,2.754
3,5787,1.950
3,5788,1.397
3,5789,1.356
3,5790,1.866
3,5791,1.923
3,5792,1.808
3,5793,2.133
3,5794,2.344
3,5795,1.886
3,5796,1.663
3,5797,2.020
3,5798,1.835
3,5799,1.701
3,5800,2.038
3,5801,1.950
3,5802,2.141
3,5803,1.954
3,5804,1.928
3,5805,1.889
3,5806,1.761
3,5807,1.814
3,5808,2.264
3,5809,2.566
3,5810,2.377
3,5811,2.323
3,5812,2.345
3,5813,2.012
3,5814,2.662
3,5815,2.583
3,5816,3.255
3,5817,2.028
3,5818,1.942
3,5819,2.102
3,5820,2.255
3,5821,2.363
3,5822,2.824
3,5823,3.212
3,5824,2.091
3,5825,2.403
3,5826,2.023
3,5827,1.899
3,5828,2.487
3,5829,2.476
3,5830,1.769
3,5831,2.608
3,5832,2.226
3,5833,2.007
3,5834,2.087
3,5835,2.615
3,5836,3.032
3,5837,2.597
3,5838,3.101
3,5839,2.462
3,5840,2.276
3,5841,2.566
3,5842,2.542
3,5843,2.095
3,5844,1.783
3,5845,2.382
3,5846,2.167
3,5847,1.701
3,5848,1.795
3,5849,2.294
3,5850,2.367
3,5851,2.010
3,5852,2.016
3,5853,2.499
3,5854,1.815
3,5855,2.191
3,5856,2.332
3,5857,2.187
3,5858,2.214
3,5859,2.181
3,5860,2.399
3,5861,2.904
3,5862,2.338
3,5863,2.687
3,5864,2.264
3,5865,2.363
3,5866,2.056
3,5867,1.880
3,5868,2.299
3,5869,2.871
3,5870,2.528
3,5871,2.234
3,5872,2.273
3,5873,2.097
3,5874,2.056
3,5875,2.058
3,5876,2.037
3,5877,3.055
3,5878,1.912
3,5879,2.228
3,5880,2.122
3,5881,2.532
3,5882,2.223
3,5883,2.353
3,5884,2.274
3,5885,2.624
3,5886,2.253
3,5887,2.070
3,5888,2.058
3,5889,2.118
3,5890,2.375
3,5891,2.121
3,5892,2.124
3,5893,2.418
3,5894,2.237
3,5895,2.235
3,5896,1.917
3,5897,2.161
3,5898,2.591
3,5899,2.321
3,5900,1.879
3,5901,2.479
3,5902,2.021
3,5903,2.226
3,5904,2.025
3,5905,2.061
3,5906,2.086
3,5907,2.038
3,5908,2.138
3,5909,2.295
3,5910,2.068
3,5911,1.990
3,5912,1.979
3,5913,2.055
3,5914,1.965
3,5915,1.868
3,5916,1.842
3,5917,1.686
3,5918,2.380
3,5919,2.447
3,5920,2.554
3,5921,2.227
3,5922,1.900
3,5923,1.824
3,5924,1.606
3,5925,1.765
3,5926,2.843
3,5927,2.808
3,5928,1.893
3,5929,1.599
3,5930,1.605
3,5931,1.642
3,5932,1.578
3,5933,1.463
3,5934,1.348
3,5935,2.473
3,5936,2.013
3,5937,1.642
3,5938,1.506
3,5939,1.673
3,5940,1.605
3,5941,1.423
3,5942,1.419
3,5943,1.547
3,5944,1.954
3,5945,2.523
3,5946,1.500
3,5947,1.545
3,5948,1.553
3,5949,1.452
3,5950,1.353
3,5951,1.627
3,5952,1.540
3,5953,1.672
3,5954,2.090
3,5955,2.622
3,5956,2.839
3,5957,2.124
3,5958,2.133
3,5959,2.114
3,5960,2.564
3,5961,3.092
3,5962,2.923
3,5963,2.189
3,5964,2.517
3,5965,2.206
3,5966,2.502
3,5967,2.405
3,5968,2.261
3,5969,2.668
3,5970,2.167
3,5971,2.366
3,5972,2.432
3,5973,2.732
3,5974,2.209
3,5975,2.311
3,5976,3.199
3,5977,2.377
3,5978,2.201
3,5979,3.032
3,5980,2.296
3,5981,2.410
3,5982,2.089
3,5983,2.328
3,5984,1.917
3,5985,2.181
3,5986,3.182
3,5987,2.384
3,5988,2.226
3,5989,2.494
3,5990,3.104
3,5991,2.384
3,5992,3.352
3,5993,2.385
3,5994,2.531
3,5995,2.813
3,5996,2.649
3,5997,3.130
3,5998,2.597
3,5999,2.234
3,6000,2.198
3,6001,3.079
3,6002,2.828
3,6003,2.671
3,6004,2.617
3,6005,1.923
3,6006,2.028
3,6007,1.933
3,6008,2.024
3,6009,2.179
3,6010,2.427
3,6011,2.335
3,6012,2.439
3,6013,2.183
3,6014,1.815
3,6015,2.025
3,6016,2.084
3,6017,1.957
3,6018,2.908
3,6019,2.243
3,6020,2.586
3,6021,2.186
3,6022,2.234
3,6023,1.916
3,6024,1.958
3,6025,3.797
3,6026,3.827
3,6027,3.295
3,6028,2.036
3,6029,2.219
3,6030,2.699
3,6031,2.428
3,6032,2.614
3,6033,2.434
3,6034,2.807
3,6035,2.233
3,6036,2.245
3,6037,2.668
3,6038,2.176
3,6039,2.012
3,6040,2.148
3,6041,2.230
3,6042,2.715
3,6043,2.402
3,6044,2.332
3,6045,1.950
3,6046,2.035
3,6047,2.125
3,6048,1.909
3,6049,1.980
3,6050,2.733
3,6051,2.819
3,6052,2.113
3,6053,2.115
3,6054,1.949
3,6055,2.004
3,6056,2.096
3,6057,2.202
3,6058,2.795
3,6059,2.780
3,6060,2.221
3,6061,2.018
3,6062,2.148
3,6063,2.257
3,6064,2.173
3,6065,2.467
3,6066,2.679
3,6067,1.993
3,6068,2.078
3,6069,2.066
3,6070,1.900
3,6071,1.930
3,6072,2.277
3,6073,2.177
3,6074,2.653
3,6075,2.076
3,6076,1.988
3,6077,1.868
3,6078,2.121
3,6079,2.068
3,6080,2.426
3,6081,2.950
3,6082,3.164
3,6083,2.204
3,6084,2.321
3,6085,2.022
3,6086,2.361
3,6087,2.526
3,6088,2.346
3,6089,2.808
3,6090,2.495
3,6091,2.255
3,6092,2.719
3,6093,3.529
3,6094,3.223
3,6095,2.797
3,6096,2.173
3,6097,2.483
3,6098,2.584
3,6099,2.132
3,6100,2.554
3,6101,2.818
3,6102,3.763
3,6103,3.023
3,6104,2.522
3,6105,2.446
3,6106,2.196
3,6107,2.119
3,6108,2.045
3,6109,2.727
3,6110,2.193
3,6111,2.424
3,6112,2.106
3,6113,2.076
3,6114,2.201
3,6115,1.959
3,6116,1.890
3,6117,2.965
3,6118,2.228
3,6119,1.786
3,6120,1.883
3,6121,2.213
3,6122,2.138
3,6123,2.582
3,6124,2.232
3,6125,2.588
3,6126,2.080
3,6127,2.126
3,6128,2.036
3,6129,1.897
3,6130,2.029
3,6131,2.333
3,6132,2.207
3,6133,2.358
3,6134,2.133
3,6135,1.995
3,6136,2.338
3,6137,2.258
3,6138,2.209
3,6139,2.354
3,6140,2.495
3,6141,2.685
3,6142,2.060
3,6143,2.259
3,6144,2.207
3,6145,2.857
3,6146,2.158
3,6147,1.953
3,6148,2.162
3,6149,2.738
3,6150,2.055
3,6151,2.386
3,6152,2.612
3,6153,2.110
3,6154,2.216
3,6155,2.589
3,6156,2.564
3,6157,2.461
3,6158,2.626
3,6159,1.978
3,6160,2.141
3,6161,2.079
3,6162,1.997
3,6163,2.064
3,6164,2.798
3,6165,2.480
3,6166,2.302
3,6167,2.570
3,6168,2.047
3,6169,2.383
3,6170,2.270
3,6171,2.618
3,6172,2.422
3,6173,2.282
3,6174,1.980
3,6175,2.299
3,6176,1.975
3,6177,1.599
3,6178,1.619
3,6179,2.489
3,6180,2.377
3,6181,2.126
3,6182,2.086
3,6183,2.084
3,6184,1.894
3,6185,2.123
3,6186,2.075
3,6187,3.612
3,6188,2.629
3,6189,2.543
3,6190,2.037
3,6191,2.254
3,6192,2.209
3,6193,2.297
3,6194,2.846
3,6195,2.146
3,6196,1.986
3,6197,2.202
3,6198,2.088
3,6199,1.794
3,6200,1.852
3,6201,2.834
3,6202,2.898
3,6203,2.269
3,6204,2.135
3,6205,1.898
3,6206,1.967
3,6207,2.215
3,6208,2.189
3,6209,2.382
3,6210,2.737
3,6211,2.387
3,6212,2.073
3,6213,2.496
3,6214,2.113
3,6215,2.455
3,6216,2.376
3,6217,2.074
3,6218,2.847
3,6219,2.257
3,6220,2.084
3,6221,1.955
3,6222,2.622
3,6223,2.289
3,6224,2.389
3,6225,2.483
3,6226,3.073
3,6227,2.333
3,6228,2.393
3,6229,2.215
3,6230,2.385
3,6231,2.132
3,6232,2.422
3,6233,2.874
3,6234,2.988
3,6235,3.219
3,6236,2.999
3,6237,2.913
3,6238,2.719
3,6239,2.604
3,6240,2.379
3,6241,2.265
3,6242,1.654
3,6243,1.868
3,6244,2.101
3,6245,1.696
3,6246,1.515
3,6247,1.513
3,6248,2.429
3,6249,2.142
3,6250,1.737
3,6251,1.813
3,6252,2.028
3,6253,1.748
3,6254,1.783
3,6255,2.317
3,6256,1.900
3,6257,2.632
3,6258,2.231
3,6259,1.923
3,6260,1.738
3,6261,1.701
3,6262,2.035
3,6263,1.599
3,6264,1.633
3,6265,1.949
3,6266,2.609
3,6267,1.779
3,6268,1.533
3,6269,2.035
3,6270,1.849
3,6271,1.493
3,6272,1.471
3,6273,1.841
3,6274,1.946
3,6275,1.904
3,6276,2.054
3,6277,1.802
3,6278,1.705
3,6279,1.599
3,6280,1.655
3,6281,2.354
3,6282,1.728
3,6283,2.731
3,6284,2.370
3,6285,2.061
3,6286,1.571
3,6287,1.735
3,6288,1.758
3,6289,1.573
3,6290,1.444
3,6291,1.782
3,6292,2.439
3,6293,1.735
3,6294,1.868
3,6295,2.582
3,6296,2.174
3,6297,1.615
3,6298,1.658
3,6299,2.800
3,6300,2.543
3,6301,2.112
3,6302,1.871
3,6303,1.969
3,6304,1.789
3,6305,1.880
3,6306,2.224
3,6307,1.930
3,6308,2.710
3,6309,3.143
3,6310,2.401
3,6311,2.686
3,6312,1.726
3,6313,1.680
3,6314,2.628
3,6315,2.048
3,6316,1.573
3,6317,1.656
3,6318,1.796
3,6319,1.829
3,6320,2.215
3,6321,1.995
3,6322,1.959
3,6323,1.756
3,6324,1.585
3,6325,2.015
3,6326,1.761
3,6327,1.497
3,6328,1.503
3,6329,1.974
3,6330,2.592
3,6331,2.177
3,6332,1.966
3,6333,2.004
3,6334,1.722
3,6335,1.689
3,6336,1.919
3,6337,1.844
3,6338,2.097
3,6339,2.338
3,6340,2.093
3,6341,1.734
3,6342,1.446
3,6343,1.656
3,6344,1.872
3,6345,1.723
3,6346,2.118
3,6347,2.414
3,6348,2.607
3,6349,2.384
3,6350,2.465
3,6351,1.914
3,6352,1.481
3,6353,1.848
3,6354,2.005
3,6355,1.752
3,6356,2.150
3,6357,4.042
3,6358,2.596
3,6359,2.109
3,6360,2.099
3,6361,1.791
3,6362,2.040
3,6363,2.629
3,6364,2.306
3,6365,1.684
3,6366,1.571
3,6367,1.631
3,6368,1.655
3,6369,2.724
3,6370,2.164
3,6371,1.807
3,6372,1.869
3,6373,2.515
3,6374,2.135
3,6375,1.868
3,6376,2.172
3,6377,2.421
3,6378,2.046
3,6379,2.600
3,6380,2.000
3,6381,2.335
3,6382,2.174
3,6383,2.573
3,6384,2.430
3,6385,2.262
3,6386,2.103
3,6387,2.075
3,6388,2.196
3,6389,2.831
3,6390,2.380
3,6391,2.376
3,6392,2.158
3,6393,1.998
3,6394,1.997
3,6395,1.928
3,6396,1.900
3,6397,2.652
3,6398,2.690
3,6399,2.275
3,6400,2.126
3,6401,2.652
3,6402,1.994
3,6403,2.275
3,6404,2.704
3,6405,2.255
3,6406,2.183
3,6407,2.162
3,6408,2.139
3,6409,2.071
3,6410,2.207
3,6411,2.389
3,6412,2.910
3,6413,2.466
3,6414,2.096
3,6415,2.028
3,6416,2.271
3,6417,2.031
3,6418,2.352
3,6419,2.250
3,6420,2.640
3,6421,2.273
3,6422,2.247
3,6423,2.460
3,6424,2.367
3,6425,2.714
3,6426,2.433
3,6427,2.832
3,6428,2.069
3,6429,2.113
3,6430,2.234
3,6431,2.261
3,6432,2.200
3,6433,2.300
3,6434,2.281
3,6435,2.661
3,6436,2.195
3,6437,2.098
3,6438,2.029
3,6439,2.827
3,6440,2.462
3,6441,1.954
3,6442,2.333
3,6443,2.662
3,6444,2.538
3,6445,3.143
3,6446,3.354
3,6447,3.314
3,6448,3.086
3,6449,2.760
3,6450,2.432
3,6451,2.282
3,6452,2.219
3,6453,2.292
3,6454,2.624
3,6455,2.586
3,6456,2.948
3,6457,2.486
3,6458,2.488
3,6459,2.250
3,6460,2.076
3,6461,2.463
3,6462,2.334
3,6463,3.283
3,6464,2.458
3,6465,2.315
3,6466,2.583
3,6467,2.333
3,6468,2.072
3,6469,2.611
3,6470,3.668
3,6471,2.924
3,6472,2.835
3,6473,2.542
3,6474,2.583
3,6475,2.088
3,6476,2.593
3,6477,2.483
3,6478,2.108
3,6479,1.826
3,6480,1.849
3,6481,2.178
3,6482,1.966
3,6483,2.656
3,6484,2.175
3,6485,2.676
3,6486,2.207
3,6487,2.238
3,6488,2.042
3,6489,1.971
3,6490,1.920
3,6491,3.131
3,6492,2.765
3,6493,2.786
3,6494,2.423
3,6495,2.574
3,6496,2.017
3,6497,2.534
3,6498,2.653
3,6499,2.164
3,6500,2.356
3,6501,2.076
3,6502,1.960
3,6503,2.007
3,6504,2.398
3,6505,2.834
3,6506,2.042
3,6507,2.274
3,6508,2.785
3,6509,2.003
3,6510,2.336
3,6511,2.409
3,6512,2.151
3,6513,2.340
3,6514,2.003
3,6515,1.846
3,6516,2.283
3,6517,2.456
3,6518,2.288
3,6519,2.052
3,6520,1.991
3,6521,1.565
3,6522,1.644
3,6523,1.889
3,6524,1.746
3,6525,2.227
3,6526,1.943
3,6527,2.042
3,6528,2.335
3,6529,1.601
3,6530,1.812
3,6531,2.076
3,6532,1.817
3,6533,2.213
3,6534,2.646
3,6535,1.913
3,6536,1.629
3,6537,1.739
3,6538,2.031
3,6539,1.603
3,6540,1.496
3,6541,1.935
3,6542,2.737
3,6543,2.715
3,6544,1.946
3,6545,1.806
3,6546,1.686
3,6547,2.155
3,6548,2.429
3,6549,2.236
3,6550,1.818
3,6551,2.406
3,6552,1.993
3,6553,2.146
3,6554,2.025
3,6555,2.223
3,6556,1.941
3,6557,1.973
3,6558,2.034
3,6559,2.055
3,6560,1.662
3,6561,1.714
3,6562,1.712
3,6563,2.196
3,6564,2.471
3,6565,2.597
3,6566,1.814
3,6567,2.015
3,6568,2.798
3,6569,1.848
3,6570,1.757
3,6571,2.172
3,6572,2.031
3,6573,1.560
3,6574,1.484
3,6575,1.932
3,6576,1.802
3,6577,1.896
3,6578,2.204
3,6579,2.185
3,6580,1.947
3,6581,1.640
3,6582,2.065
3,6583,1.995
3,6584,1.662
3,6585,1.625
3,6586,2.162
3,6587,2.337
3,6588,1.892
3,6589,1.746
3,6590,1.751
3,6591,1.681
3,6592,1.621
3,6593,2.057
3,6594,1.818
3,6595,2.199
3,6596,2.284
3,6597,2.323
3,6598,2.310
3,6599,2.161
3,6600,2.046
3,6601,1.949
3,6602,1.772
3,6603,2.968
3,6604,2.065
3,6605,1.949
3,6606,2.151
3,6607,2.092
3,6608,1.706
3,6609,1.622
3,6610,1.848
3,6611,2.123
3,6612,2.406
3,6613,1.972
3,6614,1.572
3,6615,1.542
3,6616,1.501
3,6617,1.552
3,6618,1.910
3,6619,1.840
3,6620,1.668
3,6621,1.743
3,6622,2.183
3,6623,1.583
3,6624,1.827
3,6625,1.775
3,6626,1.587
3,6627,1.645
3,6628,1.889
3,6629,1.984
3,6630,2.155
3,6631,1.668
3,6632,2.266
3,6633,2.102
3,6634,1.968
3,6635,1.682
3,6636,2.031
3,6637,1.979
3,6638,2.397
3,6639,2.051
3,6640,1.817
3,6641,1.889
3,6642,1.697
3,6643,1.729
3,6644,2.227
3,6645,1.941
3,6646,1.597
3,6647,1.712
3,6648,1.601
3,6649,1.521
3,6650,1.630
3,6651,2.201
3,6652,2.103
3,6653,3.152
3,6654,2.409
3,6655,2.515
3,6656,2.076
3,6657,2.270
3,6658,2.930
3,6659,2.239
3,6660,2.261
3,6661,2.032
3,6662,1.939
3,6663,2.201
3,6664,2.116
3,6665,2.014
3,6666,3.024
3,6667,2.463
3,6668,2.155
3,6669,2.035
3,6670,1.834
3,6671,1.808
3,6672,2.523
3,6673,2.666
3,6674,2.543
3,6675,1.988
3,6676,1.734
3,6677,2.219
3,6678,1.782
3,6679,1.868
3,6680,2.101
3,6681,1.919
3,6682,1.969
3,6683,2.226
3,6684,1.726
3,6685,1.640
3,6686,1.720
3,6687,1.736
3,6688,1.821
3,6689,2.296
3,6690,2.024
3,6691,1.716
3,6692,1.985
3,6693,2.072
3,6694,2.187
3,6695,2.305
3,6696,2.276
3,6697,2.215
3,6698,1.751
3,6699,1.518
3,6700,1.718
3,6701,1.967
3,6702,2.065
3,6703,2.091
3,6704,1.788
3,6705,2.878
3,6706,2.260
3,6707,2.033
3,6708,1.603
3,6709,2.266
3,6710,1.831
3,6711,1.648
3,6712,1.823
3,6713,2.428
3,6714,2.131
3,6715,2.138
3,6716,2.247
3,6717,2.459
3,6718,2.625
3,6719,2.245
3,6720,2.389
3,6721,2.257
3,6722,1.951
3,6723,2.051
3,6724,2.773
3,6725,3.026
3,6726,3.144
3,6727,2.175
3,6728,2.142
3,6729,2.123
3,6730,2.025
3,6731,1.946
3,6732,2.345
3,6733,2.254
3,6734,2.449
3,6735,2.002
3,6736,1.935
3,6737,1.865
3,6738,1.973
3,6739,2.343
3,6740,3.213
3,6741,2.723
3,6742,3.296
3,6743,2.418
3,6744,2.429
3,6745,2.533
3,6746,2.716
3,6747,2.775
3,6748,2.780
3,6749,3.103
3,6750,2.630
3,6751,3.674
3,6752,2.658
3,6753,2.399
3,6754,2.071
3,6755,2.047
3,6756,2.283
3,6757,2.010
3,6758,3.161
3,6759,2.348
3,6760,2.314
3,6761,2.252
3,6762,2.255
3,6763,1.737
3,6764,2.140
3,6765,2.152
3,6766,2.162
3,6767,2.194
3,6768,1.666
3,6769,2.066
3,6770,2.006
3,6771,1.849
3,6772,1.897
3,6773,2.430
3,6774,2.015
3,6775,1.685
3,6776,1.859
3,6777,2.147
3,6778,1.811
3,6779,1.654
3,6780,1.859
3,6781,1.904
3,6782,2.443
3,6783,1.923
3,6784,1.732
3,6785,1.690
3,6786,1.678
3,6787,2.165
3,6788,2.165
3,6789,2.160
3,6790,2.270
3,6791,2.286
3,6792,2.361
3,6793,2.026
3,6794,2.062
3,6795,1.922
3,6796,1.925
3,6797,2.353
3,6798,1.830
3,6799,2.434
3,6800,1.911
3,6801,1.960
3,6802,1.848
3,6803,1.597
3,6804,1.745
3,6805,2.000
3,6806,2.026
3,6807,2.038
3,6808,2.196
3,6809,1.819
3,6810,1.690
3,6811,1.729
3,6812,1.978
3,6813,2.298
3,6814,2.033
3,6815,1.984
3,6816,1.830
3,6817,2.745
3,6818,1.949
3,6819,1.963
3,6820,2.206
3,6821,2.597
3,6822,2.125
3,6823,1.972
3,6824,2.089
3,6825,2.403
3,6826,2.037
3,6827,1.966
3,6828,2.156
3,6829,2.133
3,6830,2.579
3,6831,2.409
3,6832,1.825
3,6833,2.308
3,6834,2.161
3,6835,2.236
3,6836,1.798
3,6837,1.781
3,6838,1.888
3,6839,1.716
3,6840,1.834
3,6841,2.431
3,6842,3.137
3,6843,2.280
3,6844,2.025
3,6845,1.848
3,6846,1.593
3,6847,1.824
3,6848,1.810
3,6849,1.684
3,6850,2.428
3,6851,2.486
3,6852,1.824
3,6853,1.862
3,6854,1.934
3,6855,2.076
3,6856,1.662
3,6857,2.195
3,6858,2.632
3,6859,3.173
3,6860,3.260
3,6861,2.382
3,6862,2.074
3,6863,18.381
3,6864,2.803
3,6865,2.414
3,6866,2.147
3,6867,1.979
3,6868,2.182
3,6869,2.638
3,6870,2.490
3,6871,2.402
3,6872,2.373
3,6873,1.736
3,6874,1.778
3,6875,1.598
3,6876,1.793
3,6877,2.038
3,6878,2.139
3,6879,2.514
3,6880,2.077
3,6881,2.638
3,6882,1.835
3,6883,1.842
3,6884,2.268
3,6885,2.248
3,6886,1.900
3,6887,1.779
3,6888,1.984
3,6889,1.782
3,6890,1.960
3,6891,1.756
3,6892,2.193
3,6893,2.118
3,6894,1.996
3,6895,1.965
3,6896,1.770
3,6897,1.730
3,6898,1.711
3,6899,2.781
3,6900,2.428
3,6901,2.171
3,6902,2.212
3,6903,2.540
3,6904,2.728
3,6905,3.541
3,6906,3.513
3,6907,2.907
3,6908,2.572
3,6909,2.766
3,6910,2.472
3,6911,2.046
3,6912,2.702
3,6913,2.173
3,6914,1.980
3,6915,2.070
3,6916,1.961
3,6917,1.786
3,6918,1.797
3,6919,2.342
3,6920,1.929
3,6921,1.694
3,6922,2.409
3,6923,1.942
3,6924,2.396
3,6925,2.305
3,6926,2.151
3,6927,2.210
3,6928,2.208
3,6929,2.012
3,6930,2.639
3,6931,2.067
3,6932,1.939
3,6933,1.989
3,6934,2.045
3,6935,2.253
3,6936,1.840
3,6937,1.577
3,6938,2.257
3,6939,2.332
3,6940,1.711
3,6941,1.732
3,6942,2.245
3,6943,2.284
3,6944,1.761
3,6945,1.970
3,6946,2.075
3,6947,1.867
3,6948,3.594
3,6949,2.567
3,6950,2.403
3,6951,2.156
3,6952,2.121
3,6953,1.792
3,6954,1.973
3,6955,1.901
3,6956,1.957
3,6957,2.240
3,6958,2.335
3,6959,1.805
3,6960,1.634
3,6961,1.857
3,6962,2.125
3,6963,1.688
3,6964,1.619
3,6965,2.815
3,6966,20.111
3,6967,2.833
3,6968,2.127
3,6969,2.305
3,6970,2.198
3,6971,2.357
3,6972,2.490
3,6973,2.230
3,6974,2.100
3,6975,3.106
3,6976,2.353
3,6977,2.667
3,6978,2.848
3,6979,2.531
3,6980,2.685
3,6981,2.516
3,6982,2.803
3,6983,2.843
3,6984,3.032
3,6985,2.983
3,6986,2.672
3,6987,2.624
3,6988,3.002
3,6989,2.746
3,6990,2.917
3,6991,2.735
3,6992,2.404
3,6993,2.494
3,6994,2.520
3,6995,3.818
3,6996,2.554
3,6997,2.470
3,6998,2.672
3,6999,2.320
3,7000,2.327
3,7001,2.991
3,7002,3.200
3,7003,2.720
3,7004,2.554
3,7005,2.191
3,7006,2.474
3,7007,2.607
3,7008,2.673
3,7009,2.984
3,7010,2.594
3,7011,2.683
3,7012,3.185
3,7013,3.210
3,7014,2.512
3,7015,2.735
3,7016,2.600
3,7017,2.249
3,7018,2.250
3,7019,2.634
3,7020,2.420
3,7021,2.939
3,7022,3.048
3,7023,2.379
3,7024,2.741
3,7025,2.833
3,7026,2.802
3,7027,2.769
3,7028,2.708
3,7029,3.158
3,7030,2.907
3,7031,3.158
3,7032,2.545
3,7033,2.623
3,7034,2.951
3,7035,3.184
3,7036,3.786
3,7037,2.687
3,7038,3.308
3,7039,3.207
3,7040,3.818
3,7041,3.666
3,7042,2.968
3,7043,2.860
3,7044,2.825
3,7045,2.933
3,7046,3.589
3,7047,3.529
3,7048,2.789
3,7049,2.875
3,7050,2.770
3,7051,2.981
3,7052,2.894
3,7053,3.567
3,7054,3.077
3,7055,2.442
3,7056,3.736
3,7057,2.837
3,7058,2.570
3,7059,2.935
3,7060,2.314
3,7061,2.511
3,7062,2.533
3,7063,2.731
3,7064,2.712
3,7065,2.374
3,7066,3.143
3,7067,2.485
3,7068,2.705
3,7069,2.719
3,7070,2.693
3,7071,3.125
3,7072,3.636
3,7073,2.815
3,7074,4.066
3,7075,3.036
3,7076,2.935
3,7077,2.872
3,7078,3.893
3,7079,5.107
3,7080,3.018
3,7081,2.638
3,7082,2.596
3,7083,3.707
3,7084,2.824
3,7085,2.458
3,7086,2.639
3,7087,2.638
3,7088,3.036
3,7089,3.211
3,7090,2.144
3,7091,2.429
3,7092,2.203
3,7093,2.268
3,7094,2.343
3,7095,2.809
3,7096,3.005
3,7097,2.645
3,7098,2.696
3,7099,2.827
3,7100,3.408
3,7101,2.998
3,7102,3.083
3,7103,2.423
3,7104,2.499
3,7105,2.324
3,7106,2.930
3,7107,2.519
3,7108,2.262
3,7109,2.775
3,7110,2.220
3,7111,1.818
3,7112,1.821
3,7113,2.242
3,7114,2.315
3,7115,2.073
3,7116,1.852
3,7117,2.699
3,7118,1.939
3,7119,2.055
3,7120,2.033
3,7121,2.393
3,7122,2.055
3,7123,1.852
3,7124,1.876
3,7125,2.291
3,7126,2.150
3,7127,1.921
3,7128,2.126
3,7129,2.749
3,7130,2.025
3,7131,2.047
3,7132,2.055
3,7133,2.463
3,7134,1.915
3,7135,2.005
3,7136,2.152
3,7137,1.875
3,7138,1.934
3,7139,1.945
3,7140,1.784
3,7141,1.878
3,7142,2.431
3,7143,2.471
3,7144,2.388
3,7145,1.917
3,7146,1.879
3,7147,1.684
3,7148,1.905
3,7149,1.910
3,7150,1.837
3,7151,2.770
3,7152,2.408
3,7153,2.552
3,7154,2.049
3,7155,2.416
3,7156,3.678
3,7157,2.646
3,7158,2.575
3,7159,2.259
3,7160,2.169
3,7161,2.567
3,7162,2.069
3,7163,2.003
3,7164,2.621
3,7165,2.612
3,7166,2.519
3,7167,1.856
3,7168,1.864
3,7169,1.903
3,7170,2.052
3,7171,1.853
3,7172,3.035
3,7173,2.533
3,7174,3.108
3,7175,2.443
3,7176,2.541
3,7177,2.307
3,7178,3.291
3,7179,2.146
3,7180,2.094
3,7181,2.571
3,7182,2.286
3,7183,1.970
3,7184,2.478
3,7185,2.432
3,7186,2.385
3,7187,2.248
3,7188,2.231
3,7189,2.584
3,7190,2.273
3,7191,2.409
3,7192,2.186
3,7193,2.310
3,7194,2.287
3,7195,2.805
3,7196,3.050
3,7197,2.527
3,7198,2.546
3,7199,2.246
3,7200,2.065
3,7201,2.114
3,7202,2.230
3,7203,2.516
3,7204,2.490
3,7205,2.458
3,7206,2.207
3,7207,2.520
3,7208,2.206
3,7209,2.163
3,7210,2.095
3,7211,3.446
3,7212,2.557
3,7213,2.589
3,7214,2.406
3,7215,2.848
3,7216,2.320
3,7217,2.561
3,7218,3.174
3,7219,2.428
3,7220,2.324
3,7221,2.560
3,7222,2.484
3,7223,2.422
3,7224,3.537
3,7225,3.408
3,7226,3.267
3,7227,2.829
3,7228,3.569
3,7229,2.864
3,7230,2.543
3,7231,3.048
3,7232,2.564
3,7233,2.996
3,7234,2.940
3,7235,2.425
3,7236,2.677
3,7237,2.435
3,7238,2.980
3,7239,2.786
3,7240,2.686
3,7241,2.337
3,7242,2.296
3,7243,2.625
3,7244,2.796
3,7245,2.899
3,7246,2.521
3,7247,1.984
3,7248,2.142
3,7249,2.440
3,7250,2.366
3,7251,2.145
3,7252,2.498
3,7253,3.058
3,7254,2.436
3,7255,2.758
3,7256,2.585
3,7257,2.248
3,7258,3.359
3,7259,2.288
3,7260,3.038
3,7261,2.192
3,7262,2.568
3,7263,2.671
3,7264,2.445
3,7265,2.352
3,7266,2.314
3,7267,2.875
3,7268,2.433
3,7269,2.129
3,7270,2.614
3,7271,2.993
3,7272,2.657
3,7273,2.388
3,7274,2.853
3,7275,2.519
3,7276,2.638
3,7277,2.373
3,7278,2.168
3,7279,2.464
3,7280,2.304
3,7281,2.320
3,7282,2.430
3,7283,2.615
3,7284,2.385
3,7285,2.382
3,7286,2.220
3,7287,1.911
3,7288,2.443
3,7289,2.590
3,7290,2.831
3,7291,2.463
3,7292,2.651
3,7293,2.323
3,7294,2.421
3,7295,2.139
3,7296,3.284
3,7297,2.685
3,7298,2.081
3,7299,2.253
3,7300,2.303
3,7301,2.181
3,7302,2.397
3,7303,4.088
3,7304,2.953
3,7305,2.714
3,7306,2.640
3,7307,2.496
3,7308,2.511
3,7309,3.065
3,7310,2.175
3,7311,2.625
3,7312,2.335
3,7313,2.297
3,7314,2.350
3,7315,2.356
3,7316,2.378
3,7317,1.986
3,7318,2.272
3,7319,2.156
3,7320,2.216
3,7321,2.499
3,7322,2.530
3,7323,2.104
3,7324,3.706
3,7325,2.573
3,7326,2.285
3,7327,2.278
3,7328,2.880
3,7329,2.616
3,7330,2.607
3,7331,2.694
3,7332,2.721
3,7333,2.443
3,7334,2.668
3,7335,2.628
3,7336,2.358
3,7337,2.458
3,7338,2.781
3,7339,2.424
3,7340,3.593
3,7341,3.416
3,7342,3.387
3,7343,3.106
3,7344,2.957
3,7345,3.373
3,7346,2.637
3,7347,2.486
3,7348,2.580
3,7349,3.021
3,7350,3.299
3,7351,3.144
3,7352,2.597
3,7353,2.517
3,7354,2.357
3,7355,2.133
3,7356,2.637
3,7357,2.988
3,7358,2.495
3,7359,2.469
3,7360,2.608
3,7361,2.535
3,7362,3.059
3,7363,3.587
3,7364,3.857
3,7365,3.031
3,7366,3.789
3,7367,3.770
3,7368,2.627
3,7369,2.689
3,7370,2.452
3,7371,2.452
3,7372,2.321
3,7373,2.498
3,7374,2.468
3,7375,2.195
3,7376,2.513
3,7377,2.152
3,7378,2.529
3,7379,2.410
3,7380,2.252
3,7381,2.118
3,7382,2.392
3,7383,2.212
3,7384,2.377
3,7385,2.465
3,7386,2.611
3,7387,2.846
3,7388,2.497
3,7389,2.210
3,7390,1.949
3,7391,2.731
3,7392,2.245
3,7393,2.873
3,7394,2.464
3,7395,2.239
3,7396,1.916
3,7397,2.322
3,7398,2.568
3,7399,2.778
3,7400,2.426
3,7401,2.108
3,7402,2.195
3,7403,2.308
3,7404,2.091
3,7405,1.905
3,7406,3.107
3,7407,2.576
3,7408,2.723
3,7409,2.340
3,7410,2.321
3,7411,2.452
3,7412,2.491
3,7413,2.612
3,7414,2.412
3,7415,2.392
3,7416,2.339
3,7417,2.206
3,7418,2.147
3,7419,2.950
3,7420,3.125
3,7421,2.312
3,7422,2.633
3,7423,2.851
3,7424,2.472
3,7425,2.793
3,7426,2.994
3,7427,3.834
3,7428,2.612
3,7429,2.449
3,7430,2.384
3,7431,2.397
3,7432,2.213
3,7433,1.935
3,7434,2.294
3,7435,2.026
3,7436,1.736
3,7437,1.570
3,7438,1.809
3,7439,2.302
3,7440,2.054
3,7441,1.684
3,7442,1.468
3,7443,3.183
3,7444,2.147
3,7445,1.919
3,7446,3.196
3,7447,2.696
3,7448,2.561
3,7449,2.716
3,7450,2.397
3,7451,1.911
3,7452,2.281
3,7453,2.473
3,7454,2.194
3,7455,2.233
3,7456,1.948
3,7457,1.948
3,7458,2.637
3,7459,2.303
3,7460,2.195
3,7461,2.100
3,7462,2.245
3,7463,2.080
3,7464,1.947
3,7465,1.910
3,7466,2.623
3,7467,2.385
3,7468,1.937
3,7469,1.771
3,7470,2.097
3,7471,2.297
3,7472,2.372
3,7473,2.682
3,7474,2.948
3,7475,2.156
3,7476,2.081
3,7477,2.334
3,7478,2.035
3,7479,1.948
3,7480,2.327
3,7481,2.220
3,7482,2.368
3,7483,2.231
3,7484,2.206
3,7485,2.194
3,7486,2.183
3,7487,2.784
3,7488,2.203
3,7489,2.555
3,7490,2.546
3,7491,2.438
3,7492,2.209
3,7493,2.896
3,7494,2.248
3,7495,2.335
3,7496,2.098
3,7497,3.060
3,7498,2.301
3,7499,2.320
3,7500,3.242
3,7501,2.274
3,7502,2.191
3,7503,2.186
3,7504,2.885
3,7505,2.480
3,7506,2.422
3,7507,2.803
3,7508,2.484
3,7509,1.999
3,7510,2.085
3,7511,2.926
3,7512,2.484
3,7513,4.016
3,7514,3.761
3,7515,3.770
3,7516,4.641
3,7517,3.194
3,7518,2.913
3,7519,3.137
3,7520,2.908
3,7521,3.894
3,7522,3.021
3,7523,3.111
3,7524,3.123
3,7525,3.008
3,7526,3.404
3,7527,3.559
3,7528,3.368
3,7529,3.338
3,7530,3.129
3,7531,3.598
3,7532,3.595
3,7533,3.089
3,7534,3.013
3,7535,2.841
3,7536,3.104
3,7537,2.760
3,7538,2.970
3,7539,2.776
3,7540,2.677
3,7541,2.875
3,7542,2.912
3,7543,2.833
3,7544,3.588
3,7545,2.698
3,7546,3.120
3,7547,4.470
3,7548,3.446
3,7549,3.260
3,7550,3.065
3,7551,3.035
3,7552,2.917
3,7553,2.766
3,7554,2.175
3,7555,2.910
3,7556,2.312
3,7557,3.322
3,7558,2.641
3,7559,2.096
3,7560,2.229
3,7561,2.514
3,7562,2.821
3,7563,3.011
3,7564,2.894
3,7565,2.694
3,7566,2.479
3,7567,2.102
3,7568,2.571
3,7569,2.895
3,7570,2.859
3,7571,2.700
3,7572,2.546
3,7573,2.567
3,7574,2.485
3,7575,2.642
3,7576,3.234
3,7577,2.285
3,7578,2.388
3,7579,2.619
3,7580,2.801
3,7581,3.006
3,7582,2.630
3,7583,3.199
3,7584,2.381
3,7585,2.074
3,7586,1.883
3,7587,2.174
3,7588,2.519
3,7589,1.853
3,7590,2.205
3,7591,2.389
3,7592,2.349
3,7593,2.289
3,7594,2.099
3,7595,1.906
3,7596,1.955
3,7597,2.264
3,7598,1.962
3,7599,2.259
3,7600,2.430
3,7601,2.142
3,7602,3.235
3,7603,2.308
3,7604,1.977
3,7605,2.616
3,7606,2.376
3,7607,1.911
3,7608,2.213
3,7609,2.172
3,7610,2.021
3,7611,1.861
3,7612,1.968
3,7613,2.149
3,7614,2.551
3,7615,3.325
3,7616,2.580
3,7617,2.667
3,7618,2.581
3,7619,2.351
3,7620,2.665
3,7621,2.636
3,7622,3.881
3,7623,2.638
3,7624,2.713
3,7625,2.814
3,7626,3.287
3,7627,3.319
3,7628,4.052
3,7629,3.095
3,7630,2.549
3,7631,2.693
3,7632,3.166
3,7633,3.392
3,7634,2.908
3,7635,2.528
3,7636,2.613
3,7637,2.546
3,7638,3.610
3,7639,3.020
3,7640,3.656
3,7641,3.067
3,7642,2.872
3,7643,3.298
3,7644,2.657
3,7645,2.809
3,7646,2.583
3,7647,2.713
3,7648,2.854
3,7649,2.553
3,7650,2.534
3,7651,2.327
3,7652,1.919
3,7653,2.858
3,7654,2.460
3,7655,2.935
3,7656,3.105
3,7657,3.240
3,7658,3.173
3,7659,3.195
3,7660,5.344
3,7661,3.176
3,7662,3.150
3,7663,2.940
3,7664,3.510
3,7665,3.839
3,7666,3.174
3,7667,2.914
3,7668,3.135
3,7669,3.228
3,7670,3.370
3,7671,2.818
3,7672,3.106
3,7673,3.284
3,7674,2.604
3,7675,3.771
3,7676,3.164
3,7677,2.742
3,7678,2.357
3,7679,1.986
3,7680,3.286
3,7681,2.947
3,7682,3.007
3,7683,3.141
3,7684,2.927
3,7685,3.040
3,7686,3.125
3,7687,3.711
3,7688,3.747
3,7689,3.551
3,7690,3.863
3,7691,2.914
3,7692,2.998
3,7693,2.813
3,7694,2.280
3,7695,2.904
3,7696,2.454
3,7697,2.198
3,7698,2.444
3,7699,2.231
3,7700,1.774
3,7701,1.925
3,7702,2.945
3,7703,3.809
3,7704,3.004
3,7705,2.460
3,7706,3.088
3,7707,2.225
3,7708,1.922
3,7709,2.078
3,7710,2.436
3,7711,1.924
3,7712,1.850
3,7713,2.013
3,7714,2.360
3,7715,2.274
3,7716,2.071
3,7717,1.769
3,7718,1.998
3,7719,1.780
3,7720,2.207
3,7721,1.741
3,7722,3.082
3,7723,2.885
3,7724,2.201
3,7725,2.308
3,7726,2.832
3,7727,2.162
3,7728,2.892
3,7729,2.969
3,7730,2.563
3,7731,2.664
3,7732,2.412
3,7733,2.695
3,7734,2.728
3,7735,2.945
3,7736,2.511
3,7737,2.401
3,7738,2.419
3,7739,2.330
3,7740,2.760
3,7741,3.145
3,7742,2.712
3,7743,2.203
3,7744,2.101
3,7745,1.870
3,7746,1.836
3,7747,2.090
3,7748,3.130
3,7749,2.018
3,7750,2.328
3,7751,2.096
3,7752,2.028
3,7753,2.745
3,7754,3.443
3,7755,3.084
3,7756,2.153
3,7757,1.742
3,7758,1.667
3,7759,1.781
3,7760,1.722
3,7761,2.079
3,7762,2.047
3,7763,1.821
3,7764,1.925
3,7765,1.623
3,7766,1.832
3,7767,1.839
3,7768,1.531
3,7769,1.522
3,7770,2.658
3,7771,2.087
3,7772,2.267
3,7773,2.295
3,7774,2.004
3,7775,1.828
3,7776,1.571
3,7777,2.617
3,7778,1.975
3,7779,1.835
3,7780,1.800
3,7781,1.760
3,7782,2.410
3,7783,1.657
3,7784,1.881
3,7785,2.251
3,7786,1.981
3,7787,2.027
3,7788,1.699
3,7789,1.662
3,7790,1.749
3,7791,2.034
3,7792,1.941
3,7793,2.011
3,7794,1.805
3,7795,2.035
3,7796,1.841
3,7797,1.850
3,7798,2.183
3,7799,1.925
3,7800,2.422
3,7801,2.085
3,7802,2.276
3,7803,1.719
3,7804,1.666
3,7805,1.736
3,7806,1.674
3,7807,1.604
3,7808,1.764
3,7809,1.932
3,7810,1.952
3,7811,2.145
3,7812,2.251
3,7813,4.490
3,7814,3.300
3,7815,2.739
3,7816,3.334
3,7817,2.970
3,7818,2.947
3,7819,3.527
3,7820,2.862
3,7821,3.113
3,7822,3.383
3,7823,2.870
3,7824,2.782
3,7825,4.129
3,7826,3.205
3,7827,3.211
3,7828,3.583
3,7829,2.568
3,7830,2.112
3,7831,1.947
3,7832,2.511
3,7833,2.227
3,7834,1.784
3,7835,2.268
3,7836,1.834
3,7837,2.569
3,7838,1.711
3,7839,1.704
3,7840,2.360
3,7841,2.351
3,7842,1.917
3,7843,2.962
3,7844,1.887
3,7845,1.564
3,7846,1.717
3,7847,1.733
3,7848,1.900
3,7849,1.935
3,7850,1.760
3,7851,1.820
3,7852,2.297
3,7853,2.018
3,7854,1.897
3,7855,1.661
3,7856,1.728
3,7857,2.076
3,7858,2.159
3,7859,1.946
3,7860,1.829
3,7861,2.635
3,7862,2.309
3,7863,1.771
3,7864,2.542
3,7865,2.118
3,7866,1.885
3,7867,1.814
3,7868,1.830
3,7869,2.021
3,7870,1.627
3,7871,1.660
3,7872,2.178
3,7873,1.994
3,7874,1.667
3,7875,1.778
3,7876,1.626
3,7877,1.790
3,7878,1.848
3,7879,2.188
3,7880,1.985
3,7881,1.775
3,7882,1.851
3,7883,2.133
3,7884,1.688
3,7885,1.569
3,7886,1.927
3,7887,1.942
3,7888,2.662
3,7889,2.110
3,7890,2.260
3,7891,1.849
3,7892,1.699
3,7893,2.001
3,7894,1.815
3,7895,1.788
3,7896,2.257
3,7897,2.732
3,7898,1.825
3,7899,1.483
3,7900,1.753
3,7901,1.852
3,7902,1.693
3,7903,1.942
3,7904,2.461
3,7905,2.727
3,7906,2.842
3,7907,2.560
3,7908,2.211
3,7909,2.445
3,7910,2.310
3,7911,2.146
3,7912,2.377
3,7913,2.449
3,7914,1.850
3,7915,1.626
3,7916,1.961
3,7917,1.873
3,7918,1.883
3,7919,2.114
3,7920,2.029
3,7921,1.950
3,7922,2.021
3,7923,1.939
3,7924,1.807
3,7925,1.610
3,7926,2.041
3,7927,3.423
3,7928,2.698
3,7929,2.712
3,7930,2.951
3,7931,2.034
3,7932,2.558
3,7933,2.206
3,7934,2.045
3,7935,2.460
3,7936,2.032
3,7937,1.970
3,7938,2.740
3,7939,2.182
3,7940,2.168
3,7941,2.215
3,7942,1.961
3,7943,1.800
3,7944,2.103
3,7945,1.902
3,7946,2.071
3,7947,1.651
3,7948,2.784
3,7949,1.974
3,7950,1.548
3,7951,1.660
3,7952,2.031
3,7953,1.807
3,7954,1.861
3,7955,2.814
3,7956,2.571
3,7957,2.310
3,7958,2.857
3,7959,2.149
3,7960,2.181
3,7961,2.473
3,7962,2.850
3,7963,2.288
3,7964,2.237
3,7965,1.977
3,7966,2.170
3,7967,2.207
3,7968,1.879
3,7969,2.355
3,7970,2.769
3,7971,2.164
3,7972,1.917
3,7973,2.051
3,7974,1.912
3,7975,2.014
3,7976,2.214
3,7977,3.162
3,7978,3.307
3,7979,2.725
3,7980,2.831
3,7981,2.667
3,7982,2.901
3,7983,2.949
3,7984,2.276
3,7985,1.766
3,7986,1.609
3,7987,1.823
3,7988,1.776
3,7989,1.649
3,7990,1.966
3,7991,2.063
3,7992,1.665
3,7993,2.054
3,7994,2.223
3,7995,1.734
3,7996,1.928
3,7997,1.895
3,7998,2.071
3,7999,2.765
3,8000,2.408
3,8001,2.364
3,8002,3.368
3,8003,2.552
3,8004,2.486
3,8005,2.660
3,8006,2.346
3,8007,1.765
3,8008,1.734
3,8009,2.165
3,8010,1.953
3,8011,2.284
3,8012,1.661
3,8013,2.188
3,8014,1.964
3,8015,1.967
3,8016,2.053
3,8017,1.860
3,8018,1.986
3,8019,1.714
3,8020,1.844
3,8021,2.205
3,8022,1.994
3,8023,2.134
3,8024,2.475
3,8025,2.456
3,8026,3.135
3,8027,2.299
3,8028,3.251
3,8029,2.702
3,8030,2.319
3,8031,2.334
3,8032,2.299
3,8033,2.679
3,8034,2.565
3,8035,2.511
3,8036,2.187
3,8037,2.607
3,8038,2.368
3,8039,2.156
3,8040,2.807
3,8041,2.798
3,8042,2.758
3,8043,2.746
3,8044,2.915
3,8045,3.221
3,8046,3.201
3,8047,2.249
3,8048,2.311
3,8049,2.119
3,8050,2.114
3,8051,2.236
3,8052,1.971
3,8053,3.036
3,8054,2.623
3,8055,2.142
3,8056,2.281
3,8057,2.346
3,8058,2.084
3,8059,2.600
3,8060,2.373
3,8061,2.354
3,8062,2.676
3,8063,2.735
3,8064,2.194
3,8065,2.329
3,8066,3.165
3,8067,2.533
3,8068,2.359
3,8069,2.815
3,8070,2.158
3,8071,2.331
3,8072,2.729
3,8073,2.796
3,8074,2.417
3,8075,2.299
3,8076,2.714
3,8077,2.452
3,8078,2.332
3,8079,2.438
3,8080,2.122
3,8081,2.340
3,8082,2.130
3,8083,2.140
3,8084,2.743
3,8085,2.600
3,8086,3.036
3,8087,2.846
3,8088,2.499
3,8089,2.594
3,8090,2.537
3,8091,2.998
3,8092,3.306
3,8093,3.127
3,8094,3.096
3,8095,2.996
3,8096,2.391
3,8097,3.476
3,8098,2.373
3,8099,2.535
3,8100,2.438
3,8101,2.168
3,8102,2.489
3,8103,3.720
3,8104,3.252
3,8105,2.578
3,8106,2.510
3,8107,2.587
3,8108,2.620
3,8109,2.691
3,8110,2.783
3,8111,2.931
3,8112,2.338
3,8113,2.231
3,8114,3.082
3,8115,2.471
3,8116,2.076
3,8117,2.184
3,8118,2.930
3,8119,2.151
3,8120,2.075
3,8121,2.444
3,8122,2.136
3,8123,2.514
3,8124,2.135
3,8125,2.196
3,8126,2.371
3,8127,2.437
3,8128,3.275
3,8129,3.042
3,8130,3.998
3,8131,5.182
3,8132,4.686
3,8133,4.323
3,8134,3.556
3,8135,3.359
3,8136,3.505
3,8137,3.360
3,8138,3.376
3,8139,2.894
3,8140,3.053
3,8141,2.728
3,8142,2.417
3,8143,2.929
3,8144,2.004
3,8145,1.983
3,8146,2.180
3,8147,2.085
3,8148,1.930
3,8149,2.111
3,8150,2.472
3,8151,2.313
3,8152,2.079
3,8153,2.068
3,8154,1.822
3,8155,3.461
3,8156,2.890
3,8157,2.464
3,8158,3.587
3,8159,2.076
3,8160,2.996
3,8161,2.956
3,8162,2.171
3,8163,2.606
3,8164,4.241
3,8165,4.920
3,8166,2.777
3,8167,2.610
3,8168,3.228
3,8169,2.437
3,8170,2.513
3,8171,2.949
3,8172,2.274
3,8173,2.324
3,8174,2.570
3,8175,2.516
3,8176,2.777
3,8177,3.085
3,8178,2.899
3,8179,2.296
3,8180,2.075
3,8181,2.131
3,8182,2.007
3,8183,2.362
3,8184,2.489
3,8185,2.019
3,8186,2.476
3,8187,2.295
3,8188,2.537
3,8189,2.173
3,8190,2.639
3,8191,2.308
3,8192,2.273
3,8193,2.337
3,8194,1.896
3,8195,2.431
3,8196,2.528
3,8197,3.702
3,8198,2.684
3,8199,2.285
3,8200,3.227
3,8201,2.450
3,8202,2.652
3,8203,2.644
3,8204,2.450
3,8205,2.277
3,8206,2.295
3,8207,2.947
3,8208,2.554
3,8209,2.723
3,8210,2.598
3,8211,2.423
3,8212,2.336
3,8213,1.991
3,8214,2.484
3,8215,2.516
3,8216,2.688
3,8217,2.927
3,8218,2.638
3,8219,2.376
3,8220,2.162
3,8221,3.110
3,8222,2.772
3,8223,2.712
3,8224,2.564
3,8225,2.479
3,8226,2.006
3,8227,2.253
3,8228,2.684
3,8229,2.050
3,8230,2.092
3,8231,2.265
3,8232,2.233
3,8233,2.084
3,8234,2.356
3,8235,2.412
3,8236,2.695
3,8237,2.885
3,8238,2.692
3,8239,2.430
3,8240,3.049
3,8241,2.763
3,8242,2.778
3,8243,3.178
3,8244,2.486
3,8245,1.944
3,8246,2.229
3,8247,3.187
3,8248,2.086
3,8249,1.874
3,8250,2.340
3,8251,1.903
3,8252,2.106
3,8253,2.249
3,8254,3.195
3,8255,3.005
3,8256,3.547
3,8257,3.139
3,8258,2.127
3,8259,2.486
3,8260,2.710
3,8261,2.206
3,8262,2.044
3,8263,2.020
3,8264,2.901
3,8265,2.207
3,8266,2.948
3,8267,3.717
3,8268,3.402
3,8269,2.886
3,8270,4.084
3,8271,3.066
3,8272,3.400
3,8273,2.965
3,8274,2.728
3,8275,2.868
3,8276,3.404
3,8277,2.490
3,8278,7.330
3,8279,2.962
3,8280,3.692
3,8281,3.651
3,8282,2.096
3,8283,2.141
3,8284,2.013
3,8285,2.059
3,8286,2.862
3,8287,2.146
3,8288,2.232
3,8289,1.982
3,8290,1.855
3,8291,2.162
3,8292,1.872
3,8293,2.544
3,8294,2.003
3,8295,1.907
3,8296,2.120
3,8297,2.176
3,8298,1.693
3,8299,1.715
3,8300,2.040
3,8301,2.145
3,8302,1.829
3,8303,1.970
3,8304,1.837
3,8305,1.772
3,8306,2.443
3,8307,2.127
3,8308,2.292
3,8309,2.318
3,8310,2.214
3,8311,1.748
3,8312,1.511
3,8313,1.812
3,8314,1.943
3,8315,2.104
3,8316,3.050
3,8317,2.595
3,8318,2.147
3,8319,2.261
3,8320,2.262
3,8321,1.933
3,8322,1.964
3,8323,3.016
3,8324,2.234
3,8325,2.097
3,8326,2.178
3,8327,1.967
3,8328,1.932
3,8329,2.517
3,8330,2.869
3,8331,2.755
3,8332,2.440
3,8333,2.077
3,8334,1.933
3,8335,2.339
3,8336,2.376
3,8337,3.499
3,8338,2.924
3,8339,2.084
3,8340,2.243
3,8341,2.038
3,8342,1.719
3,8343,2.135
3,8344,2.093
3,8345,1.677
3,8346,1.928
3,8347,1.841
3,8348,1.690
3,8349,1.668
3,8350,1.656
3,8351,2.254
3,8352,2.235
3,8353,1.651
3,8354,1.793
3,8355,2.777
3,8356,2.296
3,8357,1.943
3,8358,1.880
3,8359,1.933
3,8360,1.905
3,8361,2.567
3,8362,1.907
3,8363,2.272
3,8364,2.258
3,8365,2.094
3,8366,1.864
3,8367,2.729
3,8368,2.034
3,8369,1.646
3,8370,1.689
3,8371,1.980
3,8372,1.979
3,8373,1.659
3,8374,1.990
3,8375,2.554
3,8376,2.018
3,8377,1.638
3,8378,1.901
3,8379,1.730
3,8380,1.589
3,8381,2.388
3,8382,2.170
3,8383,2.721
3,8384,2.263
3,8385,2.099
3,8386,2.253
3,8387,1.890
3,8388,2.273
3,8389,2.868
3,8390,2.549
3,8391,2.485
3,8392,2.248
3,8393,2.457
3,8394,2.643
3,8395,2.383
3,8396,2.923
3,8397,2.155
3,8398,1.871
3,8399,1.882
3,8400,1.835
3,8401,1.841
3,8402,1.838
3,8403,2.952
3,8404,2.682
3,8405,1.836
3,8406,1.907
3,8407,1.936
3,8408,2.321
3,8409,2.304
3,8410,2.391
3,8411,2.019
3,8412,2.588
3,8413,1.976
3,8414,1.709
3,8415,1.666
3,8416,1.756
3,8417,1.890
3,8418,2.033
3,8419,2.399
3,8420,2.313
3,8421,2.832
3,8422,2.257
3,8423,2.300
3,8424,2.566
3,8425,2.596
3,8426,1.969
3,8427,1.820
3,8428,2.083
3,8429,2.337
3,8430,2.211
3,8431,2.628
3,8432,2.298
3,8433,2.024
3,8434,1.869
3,8435,2.217
3,8436,1.922
3,8437,2.306
3,8438,2.098
3,8439,2.085
3,8440,1.992
3,8441,1.957
3,8442,1.925
3,8443,1.696
3,8444,1.643
3,8445,2.115
3,8446,2.189
3,8447,1.900
3,8448,2.106
3,8449,2.106
3,8450,1.891
3,8451,1.576
3,8452,1.807
3,8453,2.076
3,8454,1.742
3,8455,3.016
3,8456,2.359
3,8457,2.177
3,8458,2.503
3,8459,2.430
3,8460,1.943
3,8461,2.305
3,8462,3.245
3,8463,2.877
3,8464,2.646
3,8465,2.485
3,8466,2.610
3,8467,2.832
3,8468,2.709
3,8469,2.628
3,8470,2.268
3,8471,2.104
3,8472,2.278
3,8473,2.151
3,8474,2.271
3,8475,2.848
3,8476,2.657
3,8477,2.036
3,8478,2.272
3,8479,2.117
3,8480,1.848
3,8481,2.479
3,8482,3.094
3,8483,2.690
3,8484,2.636
3,8485,1.745
3,8486,1.713
3,8487,1.785
3,8488,2.215
3,8489,1.821
3,8490,1.641
3,8491,1.663
3,8492,1.579
3,8493,2.020
3,8494,1.752
3,8495,1.624
3,8496,1.860
3,8497,2.034
3,8498,1.976
3,8499,2.308
3,8500,1.806
3,8501,1.786
3,8502,2.273
3,8503,1.945
3,8504,2.030
3,8505,2.068
3,8506,1.792
3,8507,1.608
3,8508,1.649
3,8509,1.970
3,8510,1.781
3,8511,2.092
3,8512,2.363
3,8513,2.406
3,8514,2.368
3,8515,1.837
3,8516,1.687
3,8517,1.638
3,8518,1.950
3,8519,2.185
3,8520,3.024
3,8521,1.998
3,8522,2.087
3,8523,1.921
3,8524,2.264
3,8525,1.798
3,8526,2.286
3,8527,2.901
3,8528,2.909
3,8529,2.114
3,8530,1.781
3,8531,1.724
3,8532,1.717
3,8533,1.888
3,8534,1.935
3,8535,2.593
3,8536,2.247
3,8537,2.350
3,8538,2.130
3,8539,1.860
3,8540,1.742
3,8541,1.636
3,8542,2.163
3,8543,2.194
3,8544,1.655
3,8545,1.561
3,8546,2.035
3,8547,1.691
3,8548,1.784
3,8549,2.135
3,8550,1.704
3,8551,2.902
3,8552,2.275
3,8553,2.076
3,8554,1.824
3,8555,1.919
3,8556,1.802
3,8557,1.655
3,8558,1.962
3,8559,1.861
3,8560,1.760
3,8561,1.773
3,8562,1.653
3,8563,1.774
3,8564,2.011
3,8565,2.002
3,8566,1.651
3,8567,2.233
3,8568,2.073
3,8569,2.131
3,8570,1.867
3,8571,2.146
3,8572,2.134
3,8573,1.874
3,8574,2.790
3,8575,2.285
3,8576,2.054
3,8577,1.839
3,8578,1.898
3,8579,1.932
3,8580,1.844
3,8581,1.853
3,8582,1.793
3,8583,4.008
3,8584,2.256
3,8585,1.796
3,8586,1.734
3,8587,1.986
3,8588,2.128
3,8589,1.882
3,8590,2.162
3,8591,2.510
3,8592,2.157
3,8593,2.153
3,8594,1.988
3,8595,2.200
3,8596,2.013
3,8597,4.194
3,8598,3.765
3,8599,2.328
3,8600,2.874
3,8601,2.626
3,8602,3.490
3,8603,3.502
3,8604,5.147
3,8605,3.200
3,8606,2.801
3,8607,2.707
3,8608,2.633
3,8609,2.475
3,8610,3.031
3,8611,2.732
3,8612,2.762
3,8613,3.608
3,8614,2.871
3,8615,2.728
3,8616,3.382
3,8617,3.117
3,8618,2.552
3,8619,2.341
3,8620,2.490
3,8621,2.114
3,8622,2.207
3,8623,2.722
3,8624,2.729
3,8625,2.361
3,8626,2.517
3,8627,2.320
3,8628,2.555
3,8629,2.221
3,8630,3.506
3,8631,2.441
3,8632,2.676
3,8633,2.695
3,8634,2.489
3,8635,2.180
3,8636,2.701
3,8637,2.770
3,8638,2.440
3,8639,2.559
3,8640,2.347
3,8641,2.391
3,8642,2.695
3,8643,2.592
3,8644,3.026
3,8645,2.472
3,8646,2.392
3,8647,2.533
3,8648,2.387
3,8649,2.634
3,8650,2.680
3,8651,3.448
3,8652,2.626
3,8653,2.400
3,8654,2.724
3,8655,2.532
3,8656,2.329
3,8657,2.730
3,8658,3.078
3,8659,2.684
3,8660,3.191
3,8661,2.967
3,8662,4.968
3,8663,3.254
3,8664,3.002
3,8665,2.538
3,8666,2.459
3,8667,2.490
3,8668,2.432
3,8669,2.732
3,8670,2.738
3,8671,2.737
3,8672,2.515
3,8673,2.108
3,8674,2.066
3,8675,2.142
3,8676,1.965
3,8677,2.180
3,8678,3.026
3,8679,2.096
3,8680,2.109
3,8681,2.653
3,8682,1.991
3,8683,1.802
3,8684,2.095
3,8685,2.386
3,8686,2.634
3,8687,2.250
3,8688,2.390
3,8689,2.434
3,8690,3.943
3,8691,2.731
3,8692,2.558
3,8693,2.895
3,8694,2.234
3,8695,2.359
3,8696,2.007
3,8697,2.030
3,8698,1.902
3,8699,1.645
3,8700,1.578
3,8701,1.705
3,8702,1.951
3,8703,2.057
3,8704,1.866
3,8705,2.173
3,8706,2.323
3,8707,2.323
3,8708,2.445
3,8709,2.258
3,8710,2.266
3,8711,2.334
3,8712,3.541
3,8713,2.192
3,8714,2.265
3,8715,1.768
3,8716,1.839
3,8717,2.233
3,8718,3.217
3,8719,2.151
3,8720,1.988
3,8721,1.785
3,8722,1.563
3,8723,1.546
3,8724,1.906
3,8725,1.704
3,8726,2.229
3,8727,2.752
3,8728,2.241
3,8729,2.081
3,8730,2.195
3,8731,2.194
3,8732,1.946
3,8733,2.143
3,8734,2.810
3,8735,3.063
3,8736,2.295
3,8737,2.362
3,8738,2.064
3,8739,2.408
3,8740,2.753
3,8741,2.318
3,8742,2.647
3,8743,2.301
3,8744,1.922
3,8745,2.109
3,8746,2.200
3,8747,2.796
3,8748,2.487
3,8749,2.361
3,8750,2.929
3,8751,2.487
3,8752,2.106
3,8753,2.657
3,8754,2.956
3,8755,2.624
3,8756,2.718
3,8757,2.911
3,8758,1.961
3,8759,2.176
3,8760,2.030
3,8761,1.980
3,8762,2.221
3,8763,1.952
3,8764,1.972
3,8765,2.460
3,8766,1.732
3,8767,1.955
3,8768,1.886
3,8769,2.047
3,8770,1.781
3,8771,1.621
3,8772,1.644
3,8773,1.781
3,8774,2.483
3,8775,1.981
3,8776,1.987
3,8777,2.071
3,8778,1.760
3,8779,1.878
3,8780,2.220
3,8781,1.698
3,8782,1.783
3,8783,2.525
3,8784,2.453
3,8785,1.894
3,8786,1.842
3,8787,1.875
3,8788,1.720
3,8789,1.790
3,8790,1.825
3,8791,1.894
3,8792,2.684
3,8793,1.989
3,8794,2.132
3,8795,1.830
3,8796,1.534
3,8797,1.601
3,8798,1.725
3,8799,2.095
3,8800,2.655
3,8801,2.913
3,8802,2.749
3,8803,2.615
3,8804,2.624
3,8805,2.410
3,8806,2.749
3,8807,2.299
3,8808,2.605
3,8809,2.259
3,8810,2.042
3,8811,1.954
3,8812,2.763
3,8813,2.341
3,8814,2.002
3,8815,2.204
3,8816,2.681
3,8817,2.174
3,8818,2.206
3,8819,2.418
3,8820,2.330
3,8821,2.340
3,8822,2.070
3,8823,2.166
3,8824,2.949
3,8825,3.056
3,8826,2.772
3,8827,2.821
3,8828,2.653
3,8829,2.507
3,8830,2.187
3,8831,2.090
3,8832,2.541
3,8833,1.991
3,8834,1.583
3,8835,1.657
3,8836,1.703
3,8837,1.694
3,8838,1.986
3,8839,2.235
3,8840,2.142
3,8841,2.054
3,8842,1.853
3,8843,1.856
3,8844,1.602
3,8845,1.492
3,8846,1.584
3,8847,1.935
3,8848,2.388
3,8849,2.420
3,8850,2.083
3,8851,1.912
3,8852,1.790
3,8853,1.868
3,8854,1.977
3,8855,1.778
3,8856,2.104
3,8857,2.536
3,8858,2.074
3,8859,1.775
3,8860,1.550
3,8861,1.684
3,8862,1.611
3,8863,1.545
3,8864,1.973
3,8865,2.106
3,8866,2.136
3,8867,1.706
3,8868,1.665
3,8869,1.892
3,8870,1.792
3,8871,1.586
3,8872,1.739
3,8873,2.317
3,8874,2.825
3,8875,3.021
3,8876,2.102
3,8877,1.989
3,8878,1.897
3,8879,1.950
3,8880,2.037
3,8881,1.899
3,8882,1.890
3,8883,2.547
3,8884,1.966
3,8885,1.831
3,8886,1.740
3,8887,1.646
3,8888,2.065
3,8889,2.833
3,8890,2.304
3,8891,2.609
3,8892,2.110
3,8893,1.952
3,8894,1.649
3,8895,1.963
3,8896,2.222
3,8897,1.870
3,8898,2.023
3,8899,2.394
3,8900,2.637
3,8901,1.943
3,8902,1.846
3,8903,2.354
3,8904,1.938
3,8905,2.025
3,8906,1.870
3,8907,1.687
3,8908,1.867
3,8909,2.151
3,8910,1.826
3,8911,2.599
3,8912,2.211
3,8913,2.005
3,8914,1.580
3,8915,1.650
3,8916,1.789
3,8917,1.661
3,8918,2.259
3,8919,2.035
3,8920,1.805
3,8921,1.750
3,8922,1.760
3,8923,1.792
3,8924,2.021
3,8925,1.669
3,8926,1.880
3,8927,3.714
3,8928,2.336
3,8929,2.235
3,8930,2.366
3,8931,2.097
3,8932,2.847
3,8933,3.330
3,8934,3.673
3,8935,3.688
3,8936,3.328
3,8937,4.305
3,8938,4.087
3,8939,4.500
3,8940,4.061
3,8941,4.750
3,8942,4.233
3,8943,4.588
3,8944,4.235
3,8945,3.606
3,8946,3.934
3,8947,3.518
3,8948,4.586
3,8949,4.517
3,8950,3.699
3,8951,3.831
3,8952,3.315
3,8953,4.207
3,8954,3.107
3,8955,3.169
3,8956,2.783
3,8957,3.078
3,8958,2.893
3,8959,3.724
3,8960,3.342
3,8961,3.758
3,8962,3.122
3,8963,4.716
3,8964,5.708
3,8965,3.477
3,8966,3.240
3,8967,3.528
3,8968,2.820
3,8969,3.197
3,8970,3.915
3,8971,3.760
3,8972,3.263
3,8973,2.803
3,8974,2.966
3,8975,3.720
3,8976,3.607
3,8977,3.508
3,8978,3.404
3,8979,3.459
3,8980,2.639
3,8981,2.267
3,8982,2.779
3,8983,2.198
3,8984,2.385
3,8985,3.023
3,8986,3.118
3,8987,2.632
3,8988,2.568
3,8989,2.588
3,8990,2.647
3,8991,3.217
3,8992,3.473
3,8993,2.410
3,8994,2.266
3,8995,2.551
3,8996,2.460
3,8997,2.974
3,8998,2.741
3,8999,2.894
3,9000,3.249
3,9001,2.530
3,9002,3.166
3,9003,3.763
3,9004,3.412
3,9005,3.091
3,9006,2.983
3,9007,3.037
3,9008,2.548
3,9009,2.691
3,9010,2.580
3,9011,2.878
3,9012,2.629
3,9013,3.148
3,9014,2.706
3,9015,2.531
3,9016,2.606
3,9017,2.997
3,9018,3.124
3,9019,2.959
3,9020,2.796
3,9021,2.882
3,9022,2.494
3,9023,2.269
3,9024,2.695
3,9025,2.962
3,9026,2.625
3,9027,2.704
3,9028,2.685
3,9029,2.613
3,9030,2.769
3,9031,2.579
3,9032,3.096
3,9033,2.629
3,9034,2.931
3,9035,3.556
3,9036,2.854
3,9037,2.599
3,9038,2.876
3,9039,2.850
3,9040,2.504
3,9041,2.960
3,9042,3.045
3,9043,2.655
3,9044,3.327
3,9045,2.724
3,9046,2.855
3,9047,2.606
3,9048,2.459
3,9049,3.048
3,9050,3.432
3,9051,2.966
3,9052,3.122
3,9053,3.402
3,9054,2.746
3,9055,3.042
3,9056,2.971
3,9057,2.428
3,9058,2.785
3,9059,2.425
3,9060,2.106
3,9061,2.117
3,9062,1.858
3,9063,1.693
3,9064,2.543
3,9065,2.942
3,9066,2.196
3,9067,2.165
3,9068,2.099
3,9069,1.850
3,9070,1.714
3,9071,1.942
3,9072,2.581
3,9073,2.369
3,9074,2.585
3,9075,1.944
3,9076,2.073
3,9077,2.458
3,9078,2.074
3,9079,2.104
3,9080,2.641
3,9081,1.964
3,9082,1.852
3,9083,1.999
3,9084,1.880
3,9085,1.862
3,9086,1.787
3,9087,2.492
3,9088,2.586
3,9089,3.396
3,9090,2.492
3,9091,2.595
3,9092,2.620
3,9093,2.696
3,9094,2.666
3,9095,2.827
3,9096,2.617
3,9097,2.265
3,9098,2.363
3,9099,2.083
3,9100,3.091
3,9101,3.097
3,9102,2.952
3,9103,2.696
3,9104,2.204
3,9105,2.556
3,9106,2.625
3,9107,2.306
3,9108,2.329
3,9109,2.287
3,9110,2.625
3,9111,2.464
3,9112,2.522
3,9113,2.629
3,9114,2.561
3,9115,2.662
3,9116,2.560
3,9117,2.936
3,9118,2.773
3,9119,2.794
3,9120,2.545
3,9121,2.645
3,9122,2.719
3,9123,2.500
3,9124,3.477
3,9125,2.789
3,9126,2.803
3,9127,2.598
3,9128,2.630
3,9129,3.013
3,9130,3.078
3,9131,2.749
3,9132,2.838
3,9133,3.227
3,9134,3.226
3,9135,3.806
3,9136,3.593
3,9137,2.946
3,9138,2.974
3,9139,2.665
3,9140,3.004
3,9141,2.983
3,9142,3.417
3,9143,3.362
3,9144,3.216
3,9145,3.007
3,9146,2.779
3,9147,3.793
3,9148,4.152
3,9149,3.298
3,9150,3.404
3,9151,3.034
3,9152,2.909
3,9153,3.465
3,9154,3.664
3,9155,3.722
3,9156,3.557
3,9157,2.862
3,9158,3.567
3,9159,3.102
3,9160,2.926
3,9161,3.017
3,9162,3.419
3,9163,3.616
3,9164,3.609
3,9165,3.134
3,9166,2.907
3,9167,3.179
3,9168,3.203
3,9169,3.327
3,9170,3.241
3,9171,2.870
3,9172,3.349
3,9173,3.497
3,9174,2.929
3,9175,2.704
3,9176,3.187
3,9177,2.709
3,9178,3.131
3,9179,3.238
3,9180,3.087
3,9181,2.884
3,9182,3.276
3,9183,3.447
3,9184,2.924
3,9185,3.376
3,9186,3.115
3,9187,2.945
3,9188,3.177
3,9189,2.379
3,9190,2.171
3,9191,2.005
3,9192,1.908
3,9193,2.175
3,9194,2.105
3,9195,2.310
3,9196,2.874
3,9197,2.541
3,9198,2.044
3,9199,2.261
3,9200,2.347
3,9201,2.616
3,9202,2.712
3,9203,2.589
3,9204,2.045
3,9205,2.260
3,9206,1.990
3,9207,1.714
3,9208,1.991
3,9209,2.925
3,9210,2.350
3,9211,2.338
3,9212,1.838
3,9213,1.851
3,9214,1.840
3,9215,1.986
3,9216,2.505
3,9217,2.032
3,9218,2.184
3,9219,2.015
3,9220,2.645
3,9221,2.203
3,9222,2.176
3,9223,2.781
3,9224,2.329
3,9225,1.900
3,9226,1.826
3,9227,1.819
3,9228,2.217
3,9229,1.941
3,9230,2.277
3,9231,2.072
3,9232,1.811
3,9233,1.919
3,9234,2.070
3,9235,1.847
3,9236,1.759
3,9237,2.067
3,9238,2.324
3,9239,2.186
3,9240,1.655
3,9241,1.873
3,9242,1.902
3,9243,1.761
3,9244,2.340
3,9245,1.998
3,9246,2.659
3,9247,2.079
3,9248,2.117
3,9249,1.987
3,9250,1.857
3,9251,1.945
3,9252,1.797
3,9253,1.982
3,9254,2.057
3,9255,2.605
3,9256,1.910
3,9257,1.787
3,9258,2.043
3,9259,2.106
3,9260,1.762
3,9261,1.832
3,9262,2.522
3,9263,2.069
3,9264,2.534
3,9265,1.955
3,9266,1.961
3,9267,1.848
3,9268,2.506
3,9269,2.263
3,9270,2.191
3,9271,2.109
3,9272,2.185
3,9273,1.873
3,9274,2.018
3,9275,2.003
3,9276,2.070
3,9277,2.426
3,9278,2.487
3,9279,2.001
3,9280,2.335
3,9281,2.008
3,9282,2.108
3,9283,1.770
3,9284,2.857
3,9285,2.448
3,9286,2.278
3,9287,2.239
3,9288,3.048
3,9289,2.253
3,9290,3.532
3,9291,2.302
3,9292,2.389
3,9293,2.342
3,9294,2.322
3,9295,2.758
3,9296,3.221
3,9297,3.361
3,9298,3.136
3,9299,2.853
3,9300,2.299
3,9301,3.161
3,9302,2.441
3,9303,2.411
3,9304,1.848
3,9305,2.032
3,9306,2.168
3,9307,1.869
3,9308,1.800
3,9309,2.828
3,9310,3.015
3,9311,4.436
3,9312,2.750
3,9313,2.092
3,9314,2.360
3,9315,2.381
3,9316,1.836
3,9317,2.181
3,9318,1.982
3,9319,1.895
3,9320,3.381
3,9321,3.289
3,9322,3.131
3,9323,2.329
3,9324,1.793
3,9325,2.016
3,9326,1.951
3,9327,2.248
3,9328,3.028
3,9329,2.341
3,9330,2.746
3,9331,2.245
3,9332,2.204
3,9333,2.123
3,9334,3.131
3,9335,2.839
3,9336,2.574
3,9337,2.367
3,9338,1.858
3,9339,1.847
3,9340,2.232
3,9341,2.551
3,9342,2.472
3,9343,2.586
3,9344,2.391
3,9345,2.379
3,9346,2.442
3,9347,2.066
3,9348,1.954
3,9349,2.273
3,9350,2.110
3,9351,2.416
3,9352,2.282
3,9353,2.519
3,9354,2.350
3,9355,2.889
3,9356,2.142
3,9357,1.922
3,9358,2.129
3,9359,2.057
3,9360,1.948
3,9361,2.975
3,9362,2.508
3,9363,2.647
3,9364,2.569
3,9365,2.250
3,9366,2.160
3,9367,1.971
3,9368,2.986
3,9369,1.974
3,9370,1.867
3,9371,1.923
3,9372,1.820
3,9373,2.397
3,9374,2.023
3,9375,2.033
3,9376,3.107
3,9377,2.173
3,9378,1.797
3,9379,1.887
3,9380,1.811
3,9381,1.638
3,9382,1.734
3,9383,1.891
3,9384,3.130
3,9385,3.133
3,9386,2.778
3,9387,2.233
3,9388,1.940
3,9389,1.885
3,9390,1.900
3,9391,2.061
3,9392,1.893
3,9393,2.209
3,9394,1.915
3,9395,1.866
3,9396,2.406
3,9397,1.997
3,9398,2.353
3,9399,2.340
3,9400,2.121
3,9401,2.315
3,9402,2.071
3,9403,1.925
3,9404,1.771
3,9405,2.125
3,9406,2.343
3,9407,1.935
3,9408,1.749
3,9409,1.868
3,9410,2.200
3,9411,1.704
3,9412,1.606
3,9413,2.177
3,9414,2.906
3,9415,2.573
3,9416,2.178
3,9417,1.967
3,9418,2.740
3,9419,2.526
3,9420,2.888
3,9421,2.784
3,9422,2.263
3,9423,2.369
3,9424,2.362
3,9425,3.043
3,9426,3.038
3,9427,2.564
3,9428,2.077
3,9429,2.143
3,9430,2.144
3,9431,2.307
3,9432,3.316
3,9433,2.458
3,9434,1.924
3,9435,2.058
3,9436,1.840
3,9437,1.635
3,9438,1.598
3,9439,2.222
3,9440,2.670
3,9441,2.483
3,9442,2.234
3,9443,2.069
3,9444,1.817
3,9445,2.050
3,9446,1.997
3,9447,1.971
3,9448,2.279
3,9449,2.190
3,9450,1.949
3,9451,1.642
3,9452,1.779
3,9453,1.795
3,9454,2.004
3,9455,2.295
3,9456,2.024
3,9457,2.068
3,9458,1.707
3,9459,1.736
3,9460,1.968
3,9461,1.753
3,9462,1.912
3,9463,2.360
3,9464,1.974
3,9465,1.952
3,9466,3.422
3,9467,2.243
3,9468,1.932
3,9469,2.164
3,9470,2.087
3,9471,1.913
3,9472,1.969
3,9473,1.876
3,9474,2.333
3,9475,1.839
3,9476,1.823
3,9477,1.703
3,9478,2.401
3,9479,2.242
3,9480,1.992
3,9481,1.617
3,9482,1.782
3,9483,2.252
3,9484,1.744
3,9485,1.597
3,9486,2.271
3,9487,2.461
3,9488,2.304
3,9489,3.081
3,9490,2.587
3,9491,2.997
3,9492,2.947
3,9493,2.496
3,9494,2.434
3,9495,2.401
3,9496,2.186
3,9497,2.157
3,9498,2.477
3,9499,2.206
3,9500,1.984
3,9501,2.173
3,9502,1.936
3,9503,1.703
3,9504,1.907
3,9505,1.872
3,9506,2.124
3,9507,2.401
3,9508,1.909
3,9509,1.753
3,9510,1.780
3,9511,1.952
3,9512,2.220
3,9513,1.714
3,9514,2.348
3,9515,2.378
3,9516,2.511
3,9517,2.496
3,9518,1.959
3,9519,1.734
3,9520,1.651
3,9521,2.151
3,9522,2.038
3,9523,1.830
3,9524,1.879
3,9525,2.397
3,9526,2.089
3,9527,1.693
3,9528,1.760
3,9529,2.064
3,9530,2.254
3,9531,2.205
3,9532,1.865
3,9533,1.647
3,9534,2.095
3,9535,1.947
3,9536,2.387
3,9537,2.371
3,9538,2.509
3,9539,2.105
3,9540,1.924
3,9541,2.128
3,9542,2.293
3,9543,1.853
3,9544,2.021
3,9545,2.357
3,9546,2.453
3,9547,2.390
3,9548,2.353
3,9549,2.514
3,9550,2.697
3,9551,2.906
3,9552,2.565
3,9553,2.627
3,9554,2.129
3,9555,1.901
3,9556,2.348
3,9557,2.735
3,9558,2.737
3,9559,2.545
3,9560,2.444
3,9561,2.383
3,9562,2.205
3,9563,2.074
3,9564,3.005
3,9565,2.760
3,9566,2.828
3,9567,2.583
3,9568,2.327
3,9569,2.383
3,9570,2.857
3,9571,3.126
3,9572,2.299
3,9573,2.168
3,9574,1.737
3,9575,1.794
3,9576,1.955
3,9577,2.100
3,9578,2.516
3,9579,2.729
3,9580,2.094
3,9581,2.161
3,9582,2.584
3,9583,2.285
3,9584,2.548
3,9585,2.319
3,9586,3.023
3,9587,2.510
3,9588,2.328
3,9589,2.185
3,9590,2.975
3,9591,2.578
3,9592,1.968
3,9593,2.655
3,9594,2.127
3,9595,2.015
3,9596,1.922
3,9597,2.502
3,9598,2.351
3,9599,2.515
3,9600,1.847
3,9601,2.724
3,9602,2.541
3,9603,2.514
3,9604,2.022
3,9605,2.007
3,9606,1.971
3,9607,1.708
3,9608,1.964
3,9609,2.284
3,9610,1.805
3,9611,1.832
3,9612,2.946
3,9613,2.109
3,9614,1.654
3,9615,1.718
3,9616,1.780
3,9617,1.655
3,9618,2.643
3,9619,2.673
3,9620,2.095
3,9621,1.830
3,9622,1.946
3,9623,2.238
3,9624,1.826
3,9625,1.992
3,9626,2.614
3,9627,2.075
3,9628,1.747
3,9629,1.917
3,9630,1.805
3,9631,1.632
3,9632,1.734
3,9633,2.007
3,9634,1.687
3,9635,2.364
3,9636,2.371
3,9637,2.212
3,9638,1.856
3,9639,1.782
3,9640,1.915
3,9641,1.770
3,9642,1.719
3,9643,2.111
3,9644,2.843
3,9645,2.499
3,9646,2.556
3,9647,2.908
3,9648,1.976
3,9649,2.142
3,9650,2.598
3,9651,2.850
3,9652,2.167
3,9653,1.850
3,9654,1.696
3,9655,1.766
3,9656,1.947
3,9657,1.643
3,9658,2.902
3,9659,3.086
3,9660,2.579
3,9661,2.365
3,9662,2.268
3,9663,2.179
3,9664,3.244
3,9665,3.626
3,9666,4.210
3,9667,3.261
3,9668,3.857
3,9669,3.282
3,9670,3.089
3,9671,3.324
3,9672,3.127
3,9673,3.843
3,9674,3.066
3,9675,3.203
3,9676,3.207
3,9677,3.741
3,9678,4.136
3,9679,3.520
3,9680,3.521
3,9681,3.052
3,9682,4.563
3,9683,4.111
3,9684,3.369
3,9685,3.013
3,9686,3.383
3,9687,3.965
3,9688,3.565
3,9689,3.805
3,9690,3.286
3,9691,4.295
3,9692,3.767
3,9693,4.037
3,9694,3.013
3,9695,4.418
3,9696,2.895
3,9697,4.150
3,9698,2.891
3,9699,3.638
3,9700,3.460
3,9701,3.472
3,9702,3.933
3,9703,3.336
3,9704,3.394
3,9705,3.032
3,9706,3.465
3,9707,3.517
3,9708,3.686
3,9709,3.476
3,9710,3.607
3,9711,3.572
3,9712,4.913
3,9713,3.752
3,9714,3.879
3,9715,3.427
3,9716,3.539
3,9717,4.588
3,9718,4.005
3,9719,3.431
3,9720,4.280
3,9721,4.457
3,9722,4.131
3,9723,3.506
3,9724,4.265
3,9725,4.397
3,9726,3.287
3,9727,3.484
3,9728,3.028
3,9729,3.678
3,9730,3.007
3,9731,3.456
3,9732,2.939
3,9733,3.684
3,9734,2.957
3,9735,3.356
3,9736,2.945
3,9737,3.750
3,9738,4.194
3,9739,4.168
3,9740,3.262
3,9741,4.156
3,9742,3.668
3,9743,4.095
3,9744,4.001
3,9745,3.842
3,9746,3.821
3,9747,3.334
3,9748,4.268
3,9749,3.320
3,9750,3.914
3,9751,3.368
3,9752,3.512
3,9753,3.252
3,9754,3.906
3,9755,3.865
3,9756,3.326
3,9757,2.785
3,9758,3.390
3,9759,2.887
3,9760,3.385
3,9761,2.972
3,9762,2.674
3,9763,2.995
3,9764,4.140
3,9765,3.953
3,9766,3.298
3,9767,2.800
3,9768,2.548
3,9769,3.958
3,9770,3.037
3,9771,2.863
3,9772,2.902
3,9773,3.106
3,9774,2.603
3,9775,2.430
3,9776,2.512
3,9777,2.259
3,9778,2.038
3,9779,2.206
3,9780,2.379
3,9781,2.519
3,9782,3.146
3,9783,2.603
3,9784,1.947
3,9785,2.210
3,9786,2.218
3,9787,1.944
3,9788,2.358
3,9789,2.077
3,9790,1.657
3,9791,2.519
3,9792,1.930
3,9793,1.706
3,9794,1.830
3,9795,2.297
3,9796,3.532
3,9797,2.846
3,9798,2.609
3,9799,2.236
3,9800,2.320
3,9801,2.550
3,9802,2.918
3,9803,2.576
3,9804,2.594
3,9805,2.784
3,9806,2.400
3,9807,2.216
3,9808,3.395
3,9809,2.289
3,9810,2.052
3,9811,2.410
3,9812,2.577
3,9813,1.981
3,9814,2.495
3,9815,2.600
3,9816,2.602
3,9817,2.577
3,9818,2.522
3,9819,3.097
3,9820,2.883
3,9821,2.858
3,9822,2.632
3,9823,2.942
3,9824,2.670
3,9825,3.031
3,9826,3.070
3,9827,2.148
3,9828,1.734
3,9829,1.831
3,9830,1.811
3,9831,1.974
3,9832,1.692
3,9833,2.232
3,9834,2.140
3,9835,1.811
3,9836,2.066
3,9837,2.084
3,9838,2.007
3,9839,1.866
3,9840,1.878
3,9841,2.012
3,9842,2.990
3,9843,2.055
3,9844,2.191
3,9845,1.810
3,9846,2.123
3,9847,1.846
3,9848,1.886
3,9849,2.058
3,9850,3.204
3,9851,2.088
3,9852,1.737
3,9853,1.829
3,9854,1.849
3,9855,1.946
3,9856,1.945
3,9857,2.575
3,9858,2.747
3,9859,2.373
3,9860,2.133
3,9861,1.669
3,9862,1.688
3,9863,1.797
3,9864,2.306
3,9865,2.320
3,9866,2.284
3,9867,2.313
3,9868,2.021
3,9869,2.104
3,9870,2.462
3,9871,2.245
3,9872,2.299
3,9873,2.297
3,9874,2.428
3,9875,2.054
3,9876,2.063
3,9877,1.809
3,9878,2.005
3,9879,2.071
3,9880,1.811
3,9881,1.738
3,9882,1.685
3,9883,2.290
3,9884,2.005
3,9885,1.709
3,9886,2.150
3,9887,2.163
3,9888,1.935
3,9889,1.908
3,9890,1.900
3,9891,1.795
3,9892,2.184
3,9893,1.832
3,9894,2.803
3,9895,2.436
3,9896,2.517
3,9897,2.535
3,9898,2.338
3,9899,2.456
3,9900,3.179
3,9901,2.873
3,9902,2.458
3,9903,2.126
3,9904,2.362
3,9905,2.378
3,9906,2.534
3,9907,2.826
3,9908,2.144
3,9909,1.952
3,9910,2.289
3,9911,2.095
3,9912,2.148
3,9913,2.593
3,9914,2.374
3,9915,2.619
3,9916,2.253
3,9917,2.093
3,9918,1.745
3,9919,1.700
3,9920,1.822
3,9921,2.345
3,9922,1.874
3,9923,1.938
3,9924,2.555
3,9925,1.797
3,9926,1.762
3,9927,1.823
3,9928,2.069
3,9929,2.390
3,9930,2.032
3,9931,2.260
3,9932,1.941
3,9933,1.858
3,9934,2.020
3,9935,1.720
3,9936,2.331
3,9937,2.361
3,9938,2.078
3,9939,2.192
3,9940,2.116
3,9941,2.441
3,9942,1.829
3,9943,2.736
3,9944,2.157
3,9945,2.120
3,9946,2.114
3,9947,2.115
3,9948,2.051
3,9949,2.911
3,9950,2.597
3,9951,2.111
3,9952,2.074
3,9953,1.911
3,9954,2.673
3,9955,2.907
3,9956,4.157
3,9957,2.114
3,9958,2.473
3,9959,2.054
3,9960,2.387
3,9961,2.036
3,9962,2.385
3,9963,3.127
3,9964,2.471
3,9965,2.045
3,9966,1.961
3,9967,1.946
3,9968,2.426
3,9969,2.732
3,9970,2.603
3,9971,2.015
3,9972,2.243
3,9973,2.177
3,9974,1.711
3,9975,1.785
3,9976,2.460
3,9977,2.648
3,9978,3.102
3,9979,2.858
3,9980,2.547
3,9981,2.974
3,9982,2.258
3,9983,2.129
3,9984,2.243
3,9985,2.638
3,9986,1.854
3,9987,2.157
3,9988,1.911
3,9989,2.240
3,9990,2.089
3,9991,1.922
3,9992,1.816
3,9993,1.785
3,9994,2.788
3,9995,2.038
3,9996,2.040
3,9997,2.492
3,9998,2.074
3,9999,1.952
3,10000,1.941
3,10001,2.104
3,10002,2.266
3,10003,2.202
3,10004,3.443
3,10005,2.559
3,10006,2.708
3,10007,2.498
3,10008,2.029
3,10009,2.554
3,10010,2.386
3,10011,2.177
3,10012,2.272
3,10013,1.910
3,10014,1.800
3,10015,1.870
3,10016,2.044
3,10017,2.550
3,10018,2.090
3,10019,2.085
3,10020,1.796
3,10021,1.905
3,10022,2.187
3,10023,1.858
3,10024,1.678
3,10025,3.410
3,10026,3.152
3,10027,2.345
3,10028,2.672
3,10029,2.329
3,10030,2.299
3,10031,2.764
3,10032,2.263
3,10033,2.737
3,10034,2.433
3,10035,1.953
3,10036,2.282
3,10037,3.350
3,10038,2.730
3,10039,2.390
3,10040,2.596
3,10041,2.315
3,10042,2.465
3,10043,2.495
3,10044,2.670
3,10045,2.282
3,10046,2.249
3,10047,2.472
3,10048,2.031
3,10049,1.781
3,10050,2.182
3,10051,2.305
3,10052,2.067
3,10053,1.867
3,10054,3.973
3,10055,4.033
3,10056,3.409
3,10057,2.741
3,10058,2.679
3,10059,2.625
3,10060,2.724
3,10061,3.806
3,10062,3.038
3,10063,2.705
3,10064,3.526
3,10065,4.177
3,10066,4.392
3,10067,3.427
3,10068,3.493
3,10069,3.136
3,10070,2.787
3,10071,2.944
3,10072,2.252
3,10073,2.345
3,10074,1.905
3,10075,1.653
3,10076,1.673
3,10077,1.923
3,10078,2.029
3,10079,2.428
3,10080,2.198
3,10081,1.823
3,10082,1.719
3,10083,1.943
3,10084,2.425
3,10085,1.940
3,10086,2.455
3,10087,2.698
3,10088,2.039
3,10089,1.823
3,10090,2.002
3,10091,1.771
3,10092,1.634
3,10093,2.100
3,10094,2.127
3,10095,1.799
3,10096,2.194
3,10097,2.026
3,10098,2.061
3,10099,1.704
3,10100,1.638
3,10101,1.968
3,10102,1.935
3,10103,1.916
3,10104,1.858
3,10105,2.214
3,10106,2.004
3,10107,1.892
3,10108,2.065
3,10109,2.496
3,10110,2.192
3,10111,2.284
3,10112,2.276
3,10113,2.825
3,10114,2.563
3,10115,2.397
3,10116,3.079
3,10117,2.688
3,10118,2.280
3,10119,2.054
3,10120,2.513
3,10121,1.953
3,10122,1.975
3,10123,2.250
3,10124,1.980
3,10125,1.759
3,10126,1.826
3,10127,1.611
3,10128,1.637
3,10129,2.117
3,10130,2.217
3,10131,3.220
3,10132,2.753
3,10133,2.756
3,10134,2.081
3,10135,2.024
3,10136,2.216
3,10137,2.471
3,10138,2.169
3,10139,2.184
3,10140,1.744
3,10141,1.655
3,10142,1.787
3,10143,1.674
3,10144,1.954
3,10145,3.107
3,10146,2.046
3,10147,1.830
3,10148,1.721
3,10149,2.001
3,10150,1.725
3,10151,1.660
3,10152,2.096
3,10153,3.311
3,10154,3.152
3,10155,2.483
3,10156,2.322
3,10157,2.361
3,10158,2.430
3,10159,2.999
3,10160,2.710
3,10161,2.714
3,10162,2.184
3,10163,2.181
3,10164,2.129
3,10165,2.730
3,10166,2.666
3,10167,2.389
3,10168,3.054
3,10169,2.784
3,10170,2.533
3,10171,3.308
3,10172,2.340
3,10173,2.687
3,10174,2.394
3,10175,1.799
3,10176,1.862
3,10177,2.602
3,10178,2.942
3,10179,2.193
3,10180,2.025
3,10181,2.024
3,10182,2.249
3,10183,1.884
3,10184,2.234
3,10185,2.111
3,10186,2.273
3,10187,2.099
3,10188,1.825
3,10189,1.819
3,10190,1.784
3,10191,2.168
3,10192,2.178
3,10193,2.669
3,10194,2.740
3,10195,2.410
3,10196,2.844
3,10197,2.464
3,10198,4.063
3,10199,5.712
3,10200,3.104
3,10201,2.737
3,10202,2.861
3,10203,2.684
3,10204,2.436
3,10205,2.415
3,10206,2.266
3,10207,2.345
3,10208,2.693
3,10209,2.695
3,10210,2.792
3,10211,2.260
3,10212,2.299
3,10213,2.900
3,10214,2.523
3,10215,2.781
3,10216,2.331
3,10217,2.811
3,10218,2.834
3,10219,2.460
3,10220,2.674
3,10221,2.547
3,10222,2.237
3,10223,2.292
3,10224,2.890
3,10225,2.525
3,10226,2.757
3,10227,3.179
3,10228,2.800
3,10229,2.471
3,10230,2.457
3,10231,2.912
3,10232,3.495
3,10233,2.752
3,10234,2.551
3,10235,2.460
3,10236,2.487
3,10237,2.719
3,10238,3.093
3,10239,2.737
3,10240,2.511
3,10241,2.596
3,10242,2.495
3,10243,3.380
3,10244,3.167
3,10245,2.562
3,10246,2.643
3,10247,2.432
3,10248,2.294
3,10249,2.916
3,10250,3.021
3,10251,3.134
3,10252,2.628
3,10253,2.563
3,10254,2.435
3,10255,3.337
3,10256,2.542
3,10257,2.481
3,10258,3.073
3,10259,2.383
3,10260,2.846
3,10261,3.661
3,10262,2.833
3,10263,2.646
3,10264,2.978
3,10265,2.580
3,10266,3.038
3,10267,2.640
3,10268,3.068
3,10269,2.773
3,10270,3.154
3,10271,3.010
3,10272,2.696
3,10273,2.628
3,10274,2.313
3,10275,2.451
3,10276,2.297
3,10277,2.822
3,10278,2.639
3,10279,2.765
3,10280,2.219
3,10281,2.467
3,10282,2.389
3,10283,2.682
3,10284,3.006
3,10285,2.818
3,10286,2.702
3,10287,3.050
3,10288,2.881
3,10289,3.314
3,10290,2.593
3,10291,2.135
3,10292,2.374
3,10293,2.480
3,10294,2.857
3,10295,2.773
3,10296,2.773
3,10297,3.604
3,10298,2.625
3,10299,2.648
3,10300,2.436
3,10301,2.697
3,10302,2.480
3,10303,1.941
3,10304,2.172
3,10305,2.122
3,10306,2.294
3,10307,1.931
3,10308,2.454
3,10309,2.420
3,10310,2.065
3,10311,1.880
3,10312,2.667
3,10313,2.003
3,10314,1.758
3,10315,1.852
3,10316,2.346
3,10317,2.211
3,10318,2.125
3,10319,2.218
3,10320,2.285
3,10321,2.105
3,10322,2.113
3,10323,2.029
3,10324,2.297
3,10325,2.127
3,10326,1.738
3,10327,1.737
3,10328,2.022
3,10329,3.167
3,10330,2.092
3,10331,3.123
3,10332,2.184
3,10333,2.320
3,10334,2.558
3,10335,2.147
3,10336,2.316
3,10337,2.536
3,10338,2.011
3,10339,1.833
3,10340,2.127
3,10341,1.976
3,10342,2.033
3,10343,2.020
3,10344,2.295
3,10345,2.436
3,10346,2.586
3,10347,2.430
3,10348,2.318
3,10349,3.069
3,10350,2.762
3,10351,2.769
3,10352,2.705
3,10353,2.194
3,10354,2.453
3,10355,2.146
3,10356,1.859
3,10357,1.925
3,10358,2.308
3,10359,2.647
3,10360,2.078
3,10361,2.252
3,10362,1.862
3,10363,1.976
3,10364,2.209
3,10365,3.068
3,10366,3.854
3,10367,2.896
3,10368,1.822
3,10369,2.054
3,10370,1.931
3,10371,2.139
3,10372,2.789
3,10373,2.435
3,10374,1.922
3,10375,2.822
3,10376,2.072
3,10377,1.819
3,10378,2.395
3,10379,2.177
3,10380,2.044
3,10381,1.804
3,10382,1.964
3,10383,2.239
3,10384,1.741
3,10385,2.058
3,10386,2.181
3,10387,2.078
3,10388,1.954
3,10389,2.069
3,10390,2.104
3,10391,2.244
3,10392,2.766
3,10393,2.821
3,10394,3.360
3,10395,2.419
3,10396,2.317
3,10397,2.534
3,10398,2.268
3,10399,2.686
3,10400,2.937
3,10401,2.169
3,10402,2.340
3,10403,2.675
3,10404,2.270
3,10405,2.265
3,10406,2.983
3,10407,2.252
3,10408,2.365
3,10409,2.191
3,10410,2.247
3,10411,2.216
3,10412,2.387
3,10413,2.259
3,10414,2.715
3,10415,2.343
3,10416,1.891
3,10417,2.134
3,10418,2.031
3,10419,2.040
3,10420,2.142
3,10421,2.245
3,10422,2.359
3,10423,2.056
3,10424,2.121
3,10425,1.737
3,10426,1.644
3,10427,1.775
3,10428,2.474
3,10429,2.150
3,10430,1.786
3,10431,2.367
3,10432,1.895
3,10433,1.849
3,10434,2.068
3,10435,2.229
3,10436,2.012
3,10437,2.018
3,10438,2.279
3,10439,2.735
3,10440,2.268
3,10441,2.239
3,10442,2.466
3,10443,2.280
3,10444,2.718
3,10445,2.227
3,10446,2.975
3,10447,2.087
3,10448,1.760
3,10449,2.552
3,10450,3.044
3,10451,2.718
3,10452,2.661
3,10453,2.175
3,10454,1.760
3,10455,1.880
3,10456,2.614
3,10457,1.964
3,10458,2.255
3,10459,2.184
3,10460,2.338
3,10461,3.078
3,10462,2.162
3,10463,2.499
3,10464,2.280
3,10465,2.024
3,10466,1.803
3,10467,1.915
3,10468,2.012
3,10469,2.127
3,10470,1.881
3,10471,2.716
3,10472,2.063
3,10473,2.191
3,10474,2.081
3,10475,2.609
3,10476,1.853
3,10477,2.569
3,10478,2.931
3,10479,2.516
3,10480,2.452
3,10481,2.289
3,10482,2.900
3,10483,2.507
3,10484,2.797
3,10485,2.667
3,10486,1.949
3,10487,1.828
3,10488,2.081
3,10489,1.914
3,10490,1.954
3,10491,2.683
3,10492,2.729
3,10493,1.889
3,10494,2.089
3,10495,2.157
3,10496,1.732
3,10497,1.652
3,10498,2.145
3,10499,2.628
3,10500,2.548
3,10501,2.126
3,10502,2.058
3,10503,1.812
3,10504,2.657
3,10505,2.506
3,10506,2.158
3,10507,2.323
3,10508,2.632
3,10509,1.992
3,10510,2.079
3,10511,1.941
3,10512,1.985
3,10513,2.133
3,10514,2.056
3,10515,1.794
3,10516,1.768
3,10517,2.421
3,10518,2.174
3,10519,1.873
3,10520,2.080
3,10521,1.991
3,10522,1.790
3,10523,1.908
3,10524,1.878
3,10525,1.875
3,10526,2.287
3,10527,2.055
3,10528,3.071
3,10529,2.440
3,10530,2.611
3,10531,2.391
3,10532,2.092
3,10533,2.719
3,10534,2.592
3,10535,2.695
3,10536,2.300
3,10537,1.977
3,10538,2.078
3,10539,2.204
3,10540,2.364
3,10541,2.833
3,10542,2.442
3,10543,2.069
3,10544,2.171
3,10545,2.232
3,10546,2.051
3,10547,2.381
3,10548,3.148
3,10549,3.122
3,10550,2.585
3,10551,2.300
3,10552,2.016
3,10553,2.278
3,10554,2.133
3,10555,1.892
3,10556,1.826
3,10557,2.417
3,10558,1.847
3,10559,1.637
3,10560,1.754
3,10561,1.952
3,10562,2.122
3,10563,2.037
3,10564,1.832
3,10565,1.681
3,10566,2.063
3,10567,1.990
3,10568,1.870
3,10569,1.571
3,10570,1.898
3,10571,2.052
3,10572,1.861
3,10573,2.335
3,10574,2.044
3,10575,2.550
3,10576,2.073
3,10577,2.204
3,10578,2.555
3,10579,2.073
3,10580,1.770
3,10581,1.753
3,10582,1.830
3,10583,2.169
3,10584,1.759
3,10585,2.451
3,10586,2.573
3,10587,2.205
3,10588,1.862
3,10589,1.712
3,10590,1.674
3,10591,1.899
3,10592,2.608
3,10593,2.018
3,10594,2.153
3,10595,2.286
3,10596,2.024
3,10597,2.344
3,10598,2.196
3,10599,2.241
3,10600,2.540
3,10601,1.951
3,10602,1.623
3,10603,1.660
3,10604,1.913
3,10605,1.788
3,10606,1.856
3,10607,1.804
3,10608,2.110
3,10609,2.547
3,10610,1.962
3,10611,2.233
3,10612,2.161
3,10613,1.938
3,10614,1.997
3,10615,2.122
3,10616,2.293
3,10617,2.449
3,10618,2.165
3,10619,2.064
3,10620,1.780
3,10621,2.453
3,10622,2.213
3,10623,2.302
3,10624,2.233
3,10625,2.636
3,10626,2.566
3,10627,4.174
3,10628,2.779
3,10629,2.232
3,10630,1.770
3,10631,1.796
3,10632,2.159
3,10633,2.099
3,10634,1.861
3,10635,1.613
3,10636,2.199
3,10637,2.112
3,10638,2.084
3,10639,1.884
3,10640,1.745
3,10641,2.158
3,10642,1.745
3,10643,1.916
3,10644,2.676
3,10645,2.283
3,10646,2.287
3,10647,2.052
3,10648,1.933
3,10649,2.199
3,10650,1.906
3,10651,1.656
3,10652,2.026
3,10653,2.258
3,10654,1.766
3,10655,1.616
3,10656,1.682
3,10657,1.762
3,10658,2.339
3,10659,1.838
3,10660,2.013
3,10661,2.023
3,10662,1.787
3,10663,1.914
3,10664,1.937
3,10665,1.639
3,10666,1.664
3,10667,2.071
3,10668,2.289
3,10669,3.457
3,10670,2.682
3,10671,2.204
3,10672,2.256
3,10673,2.239
3,10674,2.558
3,10675,2.673
3,10676,2.563
3,10677,2.110
3,10678,1.944
3,10679,2.239
3,10680,1.986
3,10681,2.385
3,10682,2.813
3,10683,2.214
3,10684,2.063
3,10685,2.334
3,10686,2.087
3,10687,1.810
3,10688,2.485
3,10689,2.766
3,10690,3.240
3,10691,2.487
3,10692,2.033
3,10693,1.695
3,10694,2.078
3,10695,2.342
3,10696,2.201
3,10697,2.046
3,10698,2.555
3,10699,1.910
3,10700,1.641
3,10701,1.871
3,10702,1.713
3,10703,2.183
3,10704,2.401
3,10705,1.990
3,10706,1.758
3,10707,2.510
3,10708,2.198
3,10709,1.811
3,10710,1.635
3,10711,3.079
3,10712,2.002
3,10713,2.378
3,10714,2.196
3,10715,2.512
3,10716,1.954
3,10717,2.351
3,10718,2.242
3,10719,1.817
3,10720,1.874
3,10721,1.826
3,10722,1.800
3,10723,1.759
3,10724,2.345
3,10725,2.170
3,10726,1.881
3,10727,2.099
3,10728,2.144
3,10729,1.734
3,10730,1.598
3,10731,1.759
3,10732,1.827
3,10733,2.791
3,10734,2.395
3,10735,2.191
3,10736,1.844
3,10737,1.955
3,10738,2.548
3,10739,2.002
3,10740,3.457
3,10741,2.984
3,10742,2.159
3,10743,2.341
3,10744,2.047
3,10745,1.803
3,10746,2.197
3,10747,2.101
3,10748,1.820
3,10749,1.961
3,10750,2.067
3,10751,1.820
3,10752,1.546
3,10753,1.667
3,10754,2.326
3,10755,2.616
3,10756,2.263
3,10757,2.210
3,10758,2.454
3,10759,2.201
3,10760,2.913
3,10761,3.149
3,10762,2.900
3,10763,2.687
3,10764,2.709
3,10765,2.985
3,10766,2.869
3,10767,2.668
3,10768,2.196
3,10769,2.403
3,10770,3.896
3,10771,3.135
3,10772,5.798
3,10773,2.931
3,10774,2.106
3,10775,2.134
3,10776,2.441
3,10777,3.369
3,10778,2.689
3,10779,2.711
3,10780,2.327
3,10781,2.431
3,10782,2.297
3,10783,2.455
3,10784,3.189
3,10785,2.920
3,10786,2.740
3,10787,2.186
3,10788,2.437
3,10789,2.792
3,10790,2.339
3,10791,2.654
3,10792,2.569
3,10793,2.236
3,10794,2.295
3,10795,2.764
3,10796,3.477
3,10797,2.702
3,10798,2.960
3,10799,3.039
3,10800,2.770
3,10801,3.029
3,10802,2.935
3,10803,2.685
3,10804,3.349
3,10805,2.616
3,10806,2.915
3,10807,3.231
3,10808,3.372
3,10809,2.964
3,10810,3.043
3,10811,2.882
3,10812,2.725
3,10813,2.949
3,10814,2.524
3,10815,2.513
3,10816,2.621
3,10817,3.052
3,10818,2.499
3,10819,2.381
3,10820,2.448
3,10821,2.399
3,10822,2.414
3,10823,2.232
3,10824,3.684
3,10825,2.567
3,10826,2.266
3,10827,2.451
3,10828,2.406
3,10829,2.438
3,10830,2.666
3,10831,3.386
3,10832,3.028
3,10833,2.459
3,10834,2.507
3,10835,2.743
3,10836,2.534
3,10837,2.462
3,10838,2.682
3,10839,2.291
3,10840,2.288
3,10841,2.131
3,10842,2.164
3,10843,2.034
3,10844,2.323
3,10845,2.069
3,10846,2.285
3,10847,2.123
3,10848,1.952
3,10849,3.021
3,10850,2.120
3,10851,2.026
3,10852,2.030
3,10853,2.622
3,10854,3.047
3,10855,2.616
3,10856,2.512
3,10857,2.189
3,10858,2.036
3,10859,2.074
3,10860,2.017
3,10861,1.947
3,10862,2.944
3,10863,2.373
3,10864,2.086
3,10865,1.957
3,10866,2.051
3,10867,1.818
3,10868,1.768
3,10869,2.076
3,10870,2.329
3,10871,2.115
3,10872,1.861
3,10873,1.578
3,10874,1.551
3,10875,1.671
3,10876,1.758
3,10877,2.343
3,10878,2.357
3,10879,2.909
3,10880,2.505
3,10881,2.520
3,10882,2.503
3,10883,2.227
3,10884,2.893
3,10885,2.312
3,10886,2.277
3,10887,2.125
3,10888,2.067
3,10889,2.153
3,10890,2.341
3,10891,2.541
3,10892,2.172
3,10893,2.302
3,10894,2.641
3,10895,2.034
3,10896,2.257
3,10897,3.077
3,10898,2.775
3,10899,2.244
3,10900,2.292
3,10901,2.753
3,10902,2.430
3,10903,2.538
3,10904,2.187
3,10905,1.898
3,10906,1.940
3,10907,1.646
3,10908,1.766
3,10909,2.176
3,10910,1.728
3,10911,2.049
3,10912,2.129
3,10913,1.729
3,10914,1.627
3,10915,1.563
3,10916,1.710
3,10917,1.897
3,10918,1.652
3,10919,2.098
3,10920,2.401
3,10921,1.973
3,10922,2.352
3,10923,2.011
3,10924,1.880
3,10925,1.918
3,10926,1.896
3,10927,2.166
3,10928,2.212
3,10929,1.846
3,10930,1.998
3,10931,1.690
3,10932,1.799
3,10933,1.779
3,10934,1.725
3,10935,1.729
3,10936,2.061
3,10937,2.509
3,10938,2.016
3,10939,1.645
3,10940,1.610
3,10941,1.806
3,10942,1.692
3,10943,1.791
3,10944,1.896
3,10945,1.956
3,10946,2.218
3,10947,1.729
3,10948,2.349
3,10949,1.848
3,10950,1.748
3,10951,1.907
3,10952,2.387
3,10953,1.962
3,10954,1.695
3,10955,2.452
3,10956,1.758
3,10957,1.566
3,10958,1.776
3,10959,1.866
3,10960,1.870
3,10961,1.885
3,10962,1.808
3,10963,2.062
3,10964,2.214
3,10965,1.664
3,10966,1.756
3,10967,1.827
3,10968,2.166
3,10969,2.160
3,10970,1.956
3,10971,1.727
3,10972,1.773
3,10973,2.181
3,10974,2.337
3,10975,1.717
3,10976,2.152
3,10977,2.755
3,10978,2.703
3,10979,2.496
3,10980,2.562
3,10981,2.604
3,10982,2.531
3,10983,2.149
3,10984,1.824
3,10985,1.941
3,10986,1.903
3,10987,2.115
3,10988,1.779
3,10989,2.535
3,10990,2.238
3,10991,2.222
3,10992,2.295
3,10993,2.118
3,10994,1.968
3,10995,2.077
3,10996,2.139
3,10997,3.353
3,10998,2.633
3,10999,2.039
3,11000,2.091
3,11001,2.151
3,11002,2.028
3,11003,1.981
3,11004,2.296
3,11005,2.793
3,11006,1.830
3,11007,1.818
3,11008,1.867
3,11009,1.872
3,11010,2.224
3,11011,1.986
3,11012,2.618
3,11013,2.467
3,11014,2.308
3,11015,2.019
3,11016,1.775
3,11017,1.887
3,11018,2.024
3,11019,2.254
3,11020,2.614
3,11021,3.426
3,11022,2.338
3,11023,2.323
3,11024,2.080
3,11025,2.468
3,11026,2.600
3,11027,2.422
3,11028,2.548
3,11029,2.408
3,11030,2.273
3,11031,2.582
3,11032,3.081
3,11033,2.402
3,11034,2.286
3,11035,2.850
3,11036,2.196
3,11037,2.285
3,11038,2.676
3,11039,3.165
3,11040,2.691
3,11041,2.350
3,11042,2.666
3,11043,2.466
3,11044,2.937
3,11045,2.944
3,11046,2.753
3,11047,2.718
3,11048,2.513
3,11049,2.658
3,11050,2.735
3,11051,2.517
3,11052,2.451
3,11053,2.585
3,11054,2.471
3,11055,1.806
3,11056,2.684
3,11057,2.604
3,11058,2.240
3,11059,2.774
3,11060,2.296
3,11061,2.127
3,11062,2.259
3,11063,2.276
3,11064,2.775
3,11065,2.453
3,11066,2.516
3,11067,2.610
3,11068,2.406
3,11069,2.211
3,11070,3.310
3,11071,2.063
3,11072,1.681
3,11073,1.830
3,11074,1.836
3,11075,1.879
3,11076,1.882
3,11077,2.131
3,11078,2.418
3,11079,2.651
3,11080,2.943
3,11081,2.211
3,11082,2.329
3,11083,2.246
3,11084,2.461
3,11085,2.261
3,11086,2.505
3,11087,2.143
3,11088,1.876
3,11089,2.009
3,11090,1.773
3,11091,1.713
3,11092,2.284
3,11093,2.331
3,11094,1.830
3,11095,1.956
3,11096,1.907
3,11097,1.758
3,11098,1.697
3,11099,2.030
3,11100,2.477
3,11101,2.269
3,11102,2.143
3,11103,2.207
3,11104,2.844
3,11105,2.053
3,11106,2.346
3,11107,2.730
3,11108,2.332
3,11109,2.041
3,11110,1.781
3,11111,1.703
3,11112,2.413
3,11113,1.870
3,11114,2.096
3,11115,2.469
3,11116,2.175
3,11117,2.071
3,11118,1.942
3,11119,1.855
3,11120,2.084
3,11121,1.894
3,11122,2.870
3,11123,1.930
3,11124,1.863
3,11125,2.679
3,11126,2.318
3,11127,2.301
3,11128,3.236
3,11129,2.378
3,11130,2.330
3,11131,2.134
3,11132,1.892
3,11133,1.845
3,11134,2.036
3,11135,2.127
3,11136,2.710
3,11137,2.189
3,11138,1.831
3,11139,1.810
3,11140,2.069
3,11141,1.978
3,11142,1.779
3,11143,1.703
3,11144,2.719
3,11145,2.713
3,11146,1.870
3,11147,2.065
3,11148,2.007
3,11149,1.939
3,11150,2.479
3,11151,2.497
3,11152,2.243
3,11153,2.611
3,11154,2.126
3,11155,1.933
3,11156,1.983
3,11157,2.055
3,11158,2.384
3,11159,2.443
3,11160,2.470
3,11161,2.628
3,11162,2.599
3,11163,2.248
3,11164,1.888
3,11165,2.374
3,11166,2.450
3,11167,1.965
3,11168,1.891
3,11169,2.908
3,11170,2.219
3,11171,2.852
3,11172,3.392
3,11173,2.250
3,11174,2.577
3,11175,2.488
3,11176,3.060
3,11177,2.261
3,11178,2.441
3,11179,2.255
3,11180,1.960
3,11181,1.761
3,11182,1.740
3,11183,2.091
3,11184,2.392
3,11185,2.141
3,11186,2.297
3,11187,2.126
3,11188,2.217
3,11189,2.155
3,11190,2.237
3,11191,2.097
3,11192,2.843
3,11193,2.479
3,11194,1.837
3,11195,1.973
3,11196,2.087
3,11197,2.093
3,11198,1.863
3,11199,2.500
3,11200,2.590
3,11201,1.899
3,11202,2.229
3,11203,1.857
3,11204,1.727
3,11205,1.759
3,11206,1.951
3,11207,2.394
3,11208,2.036
3,11209,2.545
3,11210,1.886
3,11211,1.872
3,11212,2.055
3,11213,1.794
3,11214,1.666
3,11215,2.844
3,11216,2.335
3,11217,2.602
3,11218,2.003
3,11219,2.313
3,11220,2.061
3,11221,2.998
3,11222,2.568
3,11223,2.299
3,11224,2.948
3,11225,2.331
3,11226,1.846
3,11227,2.005
3,11228,2.193
3,11229,2.388
3,11230,2.532
3,11231,2.258
3,11232,2.499
3,11233,2.104
3,11234,1.990
3,11235,1.853
3,11236,2.254
3,11237,2.240
3,11238,2.206
3,11239,1.808
3,11240,2.505
3,11241,2.032
3,11242,2.308
3,11243,2.908
3,11244,2.331
3,11245,1.794
3,11246,1.936
3,11247,2.043
3,11248,2.008
3,11249,1.904
3,11250,2.181
3,11251,2.065
3,11252,2.354
3,11253,2.460
3,11254,2.480
3,11255,2.068
3,11256,2.627
3,11257,2.246
3,11258,2.181
3,11259,2.268
3,11260,2.023
3,11261,2.299
3,11262,2.262
3,11263,2.088
3,11264,2.505
3,11265,2.568
3,11266,2.260
3,11267,2.040
3,11268,2.120
3,11269,1.970
3,11270,1.828
3,11271,2.111
3,11272,2.705
3,11273,1.826
3,11274,2.022
3,11275,1.959
3,11276,1.669
3,11277,1.616
3,11278,1.811
3,11279,1.896
3,11280,2.372
3,11281,2.430
3,11282,1.994
3,11283,1.872
3,11284,1.824
3,11285,2.303
3,11286,2.089
3,11287,2.578
3,11288,2.544
3,11289,2.533
3,11290,1.840
3,11291,1.926
3,11292,1.745
3,11293,1.756
3,11294,2.498
3,11295,2.332
3,11296,2.189
3,11297,2.599
3,11298,2.587
3,11299,2.071
3,11300,2.562
3,11301,2.657
3,11302,2.615
3,11303,2.629
3,11304,2.859
3,11305,2.172
3,11306,3.249
3,11307,3.029
3,11308,3.033
3,11309,2.277
3,11310,1.882
3,11311,2.708
3,11312,2.526
3,11313,2.327
3,11314,2.034
3,11315,2.069
3,11316,2.012
3,11317,2.190
3,11318,2.386
3,11319,3.364
3,11320,2.926
3,11321,3.125
3,11322,2.713
3,11323,2.252
3,11324,2.814
3,11325,3.157
3,11326,2.667
3,11327,2.710
3,11328,3.518
3,11329,2.848
3,11330,3.006
3,11331,3.145
3,11332,2.741
3,11333,2.743
3,11334,2.656
3,11335,2.711
3,11336,3.318
3,11337,3.111
3,11338,3.362
3,11339,3.224
3,11340,2.885
3,11341,3.513
3,11342,3.172
3,11343,3.325
3,11344,2.822
3,11345,2.787
3,11346,3.108
3,11347,2.750
3,11348,2.584
3,11349,3.007
3,11350,2.520
3,11351,2.580
3,11352,3.395
3,11353,2.591
3,11354,2.528
3,11355,2.572
3,11356,3.433
3,11357,3.380
3,11358,2.921
3,11359,3.272
3,11360,2.693
3,11361,2.658
3,11362,3.567
3,11363,2.587
3,11364,2.790
3,11365,2.628
3,11366,2.408
3,11367,2.593
3,11368,2.842
3,11369,2.934
3,11370,2.850
3,11371,2.573
3,11372,2.469
3,11373,2.464
3,11374,2.828
3,11375,2.669
3,11376,2.795
3,11377,2.510
3,11378,2.834
3,11379,2.491
3,11380,2.905
3,11381,2.611
3,11382,2.347
3,11383,2.914
3,11384,2.384
3,11385,2.481
3,11386,2.481
3,11387,2.303
3,11388,2.218
3,11389,2.626
3,11390,2.673
3,11391,2.397
3,11392,2.512
3,11393,2.542
3,11394,2.365
3,11395,2.318
3,11396,2.346
3,11397,3.587
3,11398,2.716
3,11399,2.750
3,11400,2.550
3,11401,2.455
3,11402,2.587
3,11403,2.423
3,11404,3.134
3,11405,3.040
3,11406,2.319
3,11407,2.525
3,11408,2.570
3,11409,2.258
3,11410,2.578
3,11411,2.792
3,11412,2.688
3,11413,2.510
3,11414,2.261
3,11415,2.630
3,11416,3.188
3,11417,3.625
3,11418,3.020
3,11419,2.496
3,11420,3.027
3,11421,3.193
3,11422,3.231
3,11423,2.693
3,11424,3.110
3,11425,2.676
3,11426,2.802
3,11427,2.726
3,11428,2.715
3,11429,2.536
3,11430,2.539
3,11431,2.944
3,11432,5.504
3,11433,3.256
3,11434,2.460
3,11435,2.462
3,11436,2.567
3,11437,2.862
3,11438,2.577
3,11439,2.690
3,11440,2.539
3,11441,2.199
3,11442,2.216
3,11443,2.036
3,11444,2.768
3,11445,2.320
3,11446,1.917
3,11447,1.749
3,11448,1.975
3,11449,2.059
3,11450,1.657
3,11451,2.001
3,11452,2.602
3,11453,2.609
3,11454,2.722
3,11455,2.441
3,11456,2.098
3,11457,2.123
3,11458,2.316
3,11459,1.971
3,11460,1.923
3,11461,2.384
3,11462,2.008
3,11463,1.840
3,11464,1.901
3,11465,1.891
3,11466,2.398
3,11467,2.681
3,11468,2.035
3,11469,2.002
3,11470,1.758
3,11471,1.669
3,11472,1.874
3,11473,1.887
3,11474,1.944
3,11475,1.923
3,11476,1.849
3,11477,1.883
3,11478,2.662
3,11479,1.870
3,11480,1.871
3,11481,2.139
3,11482,2.235
3,11483,1.880
3,11484,1.854
3,11485,1.904
3,11486,1.736
3,11487,2.354
3,11488,2.164
3,11489,2.386
3,11490,1.866
3,11491,1.994
3,11492,2.204
3,11493,1.822
3,11494,1.652
3,11495,1.849
3,11496,2.601
3,11497,1.949
3,11498,1.848
3,11499,1.746
3,11500,1.710
3,11501,1.689
3,11502,1.809
3,11503,2.242
3,11504,3.804
3,11505,2.860
3,11506,1.982
3,11507,1.854
3,11508,1.943
3,11509,1.874
3,11510,1.701
3,11511,2.176
3,11512,2.018
3,11513,1.580
3,11514,1.971
3,11515,1.681
3,11516,1.658
3,11517,1.858
3,11518,1.739
3,11519,1.716
3,11520,2.933
3,11521,2.613
3,11522,2.518
3,11523,3.055
3,11524,2.859
3,11525,4.294
3,11526,2.978
3,11527,2.282
3,11528,2.130
3,11529,2.373
3,11530,1.974
3,11531,1.914
3,11532,2.522
3,11533,2.807
3,11534,1.879
3,11535,1.732
3,11536,2.097
3,11537,2.415
3,11538,2.102
3,11539,2.729
3,11540,2.495
3,11541,2.193
3,11542,2.376
3,11543,2.025
3,11544,1.899
3,11545,2.781
3,11546,2.706
3,11547,2.734
3,11548,2.450
3,11549,2.138
3,11550,2.133
3,11551,2.201
3,11552,2.854
3,11553,2.393
3,11554,2.358
3,11555,2.084
3,11556,2.011
3,11557,2.053
3,11558,2.179
3,11559,2.389
3,11560,2.373
3,11561,1.777
3,11562,1.792
3,11563,1.804
3,11564,1.959
3,11565,1.690
3,11566,1.673
3,11567,2.191
3,11568,2.023
3,11569,2.407
3,11570,1.914
3,11571,1.912
3,11572,2.043
3,11573,1.847
3,11574,2.187
3,11575,2.487
3,11576,2.152
3,11577,2.458
3,11578,1.954
3,11579,1.889
3,11580,1.717
3,11581,1.696
3,11582,1.760
3,11583,1.851
3,11584,2.082
3,11585,1.935
3,11586,1.952
3,11587,1.766
3,11588,1.801
3,11589,1.802
3,11590,1.846
3,11591,2.662
3,11592,2.149
3,11593,2.205
3,11594,2.994
3,11595,2.753
3,11596,2.561
3,11597,2.779
3,11598,2.269
3,11599,2.183
3,11600,2.341
3,11601,2.205
3,11602,2.785
3,11603,2.099
3,11604,1.899
3,11605,1.746
3,11606,1.921
3,11607,2.202
3,11608,1.791
3,11609,1.675
3,11610,1.805
3,11611,2.315
3,11612,2.243
3,11613,1.949
3,11614,1.799
3,11615,1.823
3,11616,1.860
3,11617,2.371
3,11618,1.896
3,11619,2.146
3,11620,2.946
3,11621,2.082
3,11622,1.849
3,11623,1.926
3,11624,1.913
3,11625,1.744
3,11626,1.656
3,11627,2.196
3,11628,1.928
3,11629,2.408
3,11630,1.833
3,11631,1.957
3,11632,2.011
3,11633,1.607
3,11634,1.805
3,11635,2.012
3,11636,1.920
3,11637,2.105
3,11638,2.500
3,11639,2.390
3,11640,2.443
3,11641,2.764
3,11642,2.514
3,11643,2.802
3,11644,2.570
3,11645,2.982
3,11646,2.674
3,11647,2.571
3,11648,2.947
3,11649,2.505
3,11650,2.356
3,11651,2.583
3,11652,3.006
3,11653,3.036
3,11654,2.949
3,11655,2.714
3,11656,2.554
3,11657,2.175
3,11658,2.259
3,11659,2.807
3,11660,2.746
3,11661,2.468
3,11662,2.502
3,11663,2.393
3,11664,2.436
3,11665,2.523
3,11666,2.711
3,11667,2.288
3,11668,2.314
3,11669,2.035
3,11670,2.176
3,11671,2.112
3,11672,2.865
3,11673,2.740
3,11674,3.279
3,11675,2.768
3,11676,2.351
3,11677,2.165
3,11678,3.137
3,11679,2.321
3,11680,2.760
3,11681,2.878
3,11682,2.293
3,11683,2.675
3,11684,3.582
3,11685,2.771
3,11686,2.700
3,11687,3.155
3,11688,2.687
3,11689,3.005
3,11690,3.879
3,11691,4.622
3,11692,2.761
3,11693,1.819
3,11694,1.805
3,11695,1.808
3,11696,2.029
3,11697,1.773
3,11698,2.109
3,11699,1.785
3,11700,1.788
3,11701,2.637
3,11702,2.436
3,11703,2.183
3,11704,1.777
3,11705,1.837
3,11706,1.826
3,11707,1.677
3,11708,1.719
3,11709,1.717
3,11710,2.665
3,11711,2.202
3,11712,1.890
3,11713,2.052
3,11714,1.879
3,11715,1.736
3,11716,1.729
3,11717,1.932
3,11718,2.319
3,11719,2.231
3,11720,1.734
3,11721,1.657
3,11722,1.728
3,11723,1.936
3,11724,2.249
3,11725,2.514
3,11726,2.389
3,11727,2.091
3,11728,2.686
3,11729,1.961
3,11730,1.903
3,11731,1.747
3,11732,2.208
3,11733,2.390
3,11734,1.769
3,11735,1.630
3,11736,1.753
3,11737,2.157
3,11738,2.167
3,11739,2.071
3,11740,2.680
3,11741,2.089
3,11742,1.948
3,11743,1.850
3,11744,1.680
3,11745,1.799
3,11746,2.279
3,11747,2.247
3,11748,2.357
3,11749,1.840
3,11750,1.986
3,11751,1.966
3,11752,2.030
3,11753,1.923
3,11754,2.036
3,11755,2.381
3,11756,1.918
3,11757,1.977
3,11758,1.880
3,11759,1.698
3,11760,1.764
3,11761,1.666
3,11762,1.600
3,11763,2.420
3,11764,2.850
3,11765,1.911
3,11766,1.811
3,11767,1.784
3,11768,2.004
3,11769,1.738
3,11770,1.981
3,11771,2.431
3,11772,2.853
3,11773,3.036
3,11774,2.404
3,11775,2.083
3,11776,1.980
3,11777,2.077
3,11778,2.019
3,11779,1.936
3,11780,1.851
3,11781,2.374
3,11782,1.985
3,11783,1.724
3,11784,1.726
3,11785,2.130
3,11786,2.603
3,11787,2.016
3,11788,1.740
3,11789,1.768
3,11790,1.995
3,11791,1.961
3,11792,1.930
3,11793,1.992
3,11794,2.483
3,11795,2.026
3,11796,2.525
3,11797,2.238
3,11798,2.995
3,11799,2.183
3,11800,2.155
3,11801,1.869
3,11802,1.871
3,11803,2.030
3,11804,1.951
3,11805,2.027
3,11806,2.502
3,11807,1.991
3,11808,1.953
3,11809,1.985
3,11810,2.370
3,11811,1.807
3,11812,1.642
3,11813,1.565
3,11814,1.561
3,11815,2.003
3,11816,2.070
3,11817,2.531
3,11818,2.462
3,11819,2.147
3,11820,2.839
3,11821,2.345
3,11822,2.168
3,11823,3.263
3,11824,2.564
3,11825,2.143
3,11826,2.388
3,11827,2.088
3,11828,2.380
3,11829,2.541
3,11830,2.755
3,11831,2.108
3,11832,2.554
3,11833,2.002
3,11834,1.796
3,11835,2.244
3,11836,2.281
3,11837,2.335
3,11838,2.442
3,11839,1.935
3,11840,1.753
3,11841,2.618
3,11842,2.320
3,11843,2.125
3,11844,3.125
3,11845,2.418
3,11846,2.672
3,11847,2.700
3,11848,2.452
3,11849,2.840
3,11850,2.508
3,11851,2.522
3,11852,2.623
3,11853,2.750
3,11854,2.057
3,11855,2.635
3,11856,3.241
3,11857,2.630
3,11858,2.442
3,11859,2.438
3,11860,2.976
3,11861,3.285
3,11862,4.326
3,11863,3.104
3,11864,2.563
3,11865,2.313
3,11866,2.615
3,11867,2.984
3,11868,2.459
3,11869,2.475
3,11870,3.011
3,11871,2.653
3,11872,2.819
3,11873,2.713
3,11874,2.425
3,11875,2.603
3,11876,2.229
3,11877,2.531
3,11878,2.886
3,11879,2.990
3,11880,3.004
3,11881,2.830
3,11882,3.346
3,11883,3.910
3,11884,4.127
3,11885,4.284
3,11886,3.693
3,11887,4.433
3,11888,4.014
3,11889,5.555
3,11890,6.255
3,11891,5.601
3,11892,5.578
3,11893,5.890
3,11894,4.342
3,11895,3.971
3,11896,3.365
3,11897,6.325
3,11898,3.952
3,11899,4.282
3,11900,5.226
3,11901,5.541
3,11902,9.093
3,11903,4.837
3,11904,4.246
3,11905,4.739
3,11906,5.209
3,11907,5.626
3,11908,4.295
3,11909,4.106
3,11910,3.982
3,11911,4.956
3,11912,3.981
3,11913,3.261
3,11914,3.253
3,11915,2.907
3,11916,3.184
3,11917,3.554
3,11918,3.708
3,11919,2.982
3,11920,2.626
3,11921,2.859
3,11922,2.931
3,11923,3.317
3,11924,2.893
3,11925,2.660
3,11926,3.338
3,11927,2.798
3,11928,3.546
3,11929,2.889
3,11930,3.401
3,11931,5.162
3,11932,4.405
3,11933,3.488
3,11934,3.963
3,11935,3.283
3,11936,3.008
3,11937,3.236
3,11938,2.686
3,11939,2.715
3,11940,2.951
3,11941,3.903
3,11942,3.184
3,11943,2.959
3,11944,2.719
3,11945,2.687
3,11946,2.783
3,11947,3.234
3,11948,2.763
3,11949,2.856
3,11950,2.657
3,11951,2.792
3,11952,2.833
3,11953,2.746
3,11954,2.454
3,11955,2.757
3,11956,2.422
3,11957,2.791
3,11958,3.909
3,11959,3.415
3,11960,2.897
3,11961,3.170
3,11962,2.986
3,11963,3.413
3,11964,3.013
3,11965,3.088
3,11966,2.664
3,11967,2.631
3,11968,2.997
3,11969,2.459
3,11970,2.452
3,11971,2.503
3,11972,2.617
3,11973,2.295
3,11974,2.662
3,11975,2.003
3,11976,2.320
3,11977,2.201
3,11978,2.004
3,11979,2.176
3,11980,2.616
3,11981,2.229
3,11982,1.815
3,11983,1.908
3,11984,1.757
3,11985,1.581
3,11986,1.901
3,11987,1.849
3,11988,1.614
3,11989,2.134
3,11990,2.299
3,11991,2.260
3,11992,1.824
3,11993,1.568
3,11994,1.734
3,11995,1.592
3,11996,1.539
3,11997,1.774
3,11998,2.885
3,11999,3.087
3,12000,2.763
3,12001,3.054
3,12002,2.640
3,12003,2.756
3,12004,2.726
3,12005,2.066
3,12006,2.177
3,12007,2.053
3,12008,2.325
3,12009,3.688
3,12010,2.572
3,12011,2.525
3,12012,2.082
3,12013,1.868
3,12014,1.662
3,12015,1.698
3,12016,1.659
3,12017,1.647
3,12018,2.201
3,12019,2.037
3,12020,2.563
3,12021,1.919
3,12022,1.952
3,12023,2.255
3,12024,1.755
3,12025,2.187
3,12026,2.586
3,12027,2.395
3,12028,2.768
3,12029,2.142
3,12030,1.949
3,12031,2.243
3,12032,2.454
3,12033,2.302
3,12034,2.334
3,12035,1.995
3,12036,3.084
3,12037,2.185
3,12038,2.171
3,12039,3.225
3,12040,2.749
3,12041,2.238
3,12042,2.392
3,12043,2.618
3,12044,2.556
3,12045,2.503
3,12046,2.604
3,12047,2.114
3,12048,2.306
3,12049,1.993
3,12050,2.237
3,12051,1.891
3,12052,2.085
3,12053,2.303
3,12054,2.296
3,12055,2.099
3,12056,1.776
3,12057,1.916
3,12058,2.000
3,12059,2.975
3,12060,2.535
3,12061,2.220
3,12062,1.888
3,12063,1.585
3,12064,1.662
3,12065,1.853
3,12066,1.783
3,12067,2.468
3,12068,2.779
3,12069,1.998
3,12070,1.763
3,12071,1.875
3,12072,1.928
3,12073,1.719
3,12074,1.691
3,12075,2.051
3,12076,1.974
3,12077,2.698
3,12078,1.835
3,12079,1.870
3,12080,2.195
3,12081,2.186
3,12082,2.095
3,12083,2.375
3,12084,1.987
3,12085,2.329
3,12086,2.034
3,12087,1.850
3,12088,1.804
3,12089,1.931
3,12090,1.961
3,12091,2.817
3,12092,2.159
3,12093,2.488
3,12094,2.077
3,12095,2.271
3,12096,1.991
3,12097,1.688
3,12098,2.209
3,12099,2.013
3,12100,1.853
3,12101,1.849
3,12102,2.014
3,12103,1.719
3,12104,1.651
3,12105,1.717
3,12106,2.404
3,12107,2.365
3,12108,2.207
3,12109,2.413
3,12110,2.471
3,12111,2.789
3,12112,2.065
3,12113,1.942
3,12114,2.357
3,12115,2.373
3,12116,1.824
3,12117,1.899
3,12118,2.145
3,12119,2.340
3,12120,1.958
3,12121,2.723
3,12122,1.902
3,12123,1.620
3,12124,1.822
3,12125,1.846
3,12126,1.564
3,12127,1.634
3,12128,2.234
3,12129,2.374
3,12130,2.162
3,12131,1.776
3,12132,1.843
3,12133,1.797
3,12134,1.745
3,12135,2.023
3,12136,1.945
3,12137,2.373
3,12138,2.427
3,12139,2.855
3,12140,2.278
3,12141,2.298
3,12142,2.341
3,12143,2.385
3,12144,3.142
3,12145,2.581
3,12146,2.438
3,12147,2.597
3,12148,1.937
3,12149,1.564
3,12150,2.152
3,12151,2.148
3,12152,3.227
3,12153,2.426
3,12154,2.100
3,12155,1.822
3,12156,1.925
3,12157,2.128
3,12158,1.806
3,12159,1.796
3,12160,2.452
3,12161,2.370
3,12162,1.904
3,12163,2.102
3,12164,2.227
3,12165,3.024
3,12166,2.511
3,12167,2.212
3,12168,2.585
3,12169,2.414
3,12170,2.373
3,12171,2.570
3,12172,2.506
3,12173,2.144
3,12174,2.472
3,12175,2.700
3,12176,2.417
3,12177,3.154
3,12178,2.984
3,12179,4.427
3,12180,2.944
3,12181,2.847
3,12182,2.470
3,12183,2.122
3,12184,2.215
3,12185,2.124
3,12186,1.769
3,12187,1.743
3,12188,1.896
3,12189,2.694
3,12190,2.118
3,12191,2.043
3,12192,1.883
3,12193,1.880
3,12194,2.073
3,12195,2.136
3,12196,1.943
3,12197,2.537
3,12198,2.216
3,12199,3.909
3,12200,3.363
3,12201,2.973
3,12202,3.498
3,12203,3.129
3,12204,2.676
3,12205,2.754
3,12206,2.830
3,12207,4.244
3,12208,3.981
3,12209,3.371
3,12210,4.216
3,12211,3.438
3,12212,3.359
3,12213,2.838
3,12214,3.375
3,12215,1.928
3,12216,1.688
3,12217,1.778
3,12218,1.916
3,12219,2.242
3,12220,1.854
3,12221,2.074
3,12222,2.324
3,12223,2.080
3,12224,1.860
3,12225,2.181
3,12226,2.031
3,12227,1.755
3,12228,2.091
3,12229,1.784
3,12230,1.598
3,12231,1.909
3,12232,1.735
3,12233,2.345
3,12234,2.185
3,12235,1.867
3,12236,1.776
3,12237,1.771
3,12238,1.691
3,12239,2.021
3,12240,2.130
3,12241,2.589
3,12242,2.134
3,12243,2.064
3,12244,2.095
3,12245,1.954
3,12246,2.414
3,12247,2.263
3,12248,2.641
3,12249,2.038
3,12250,1.797
3,12251,1.598
3,12252,1.651
3,12253,1.881
3,12254,1.699
3,12255,1.573
3,12256,1.754
3,12257,3.030
3,12258,2.814
3,12259,1.972
3,12260,1.697
3,12261,1.630
3,12262,1.560
3,12263,1.827
3,12264,1.771
3,12265,2.312
3,12266,2.363
3,12267,2.338
3,12268,2.273
3,12269,1.827
3,12270,1.891
3,12271,1.862
3,12272,1.977
3,12273,2.428
3,12274,1.954
3,12275,1.832
3,12276,2.103
3,12277,1.852
3,12278,1.924
3,12279,1.567
3,12280,1.960
3,12281,1.967
3,12282,1.697
3,12283,1.810
3,12284,2.020
3,12285,2.505
3,12286,1.943
3,12287,1.706
3,12288,2.199
3,12289,2.169
3,12290,1.953
3,12291,1.985
3,12292,1.798
3,12293,1.871
3,12294,2.565
3,12295,2.666
3,12296,3.296
3,12297,3.092
3,12298,3.471
3,12299,3.503
3,12300,3.724
3,12301,2.639
3,12302,2.424
3,12303,2.890
3,12304,3.624
3,12305,2.506
3,12306,2.982
3,12307,2.409
3,12308,2.196
3,12309,2.225
3,12310,2.126
3,12311,2.324
3,12312,2.712
3,12313,3.105
3,12314,2.142
3,12315,1.996
3,12316,1.802
3,12317,1.842
3,12318,1.793
3,12319,1.672
3,12320,1.815
3,12321,2.500
3,12322,2.336
3,12323,1.899
3,12324,1.886
3,12325,2.092
3,12326,1.960
3,12327,1.705
3,12328,2.050
3,12329,2.488
3,12330,2.502
3,12331,2.593
3,12332,2.271
3,12333,2.097
3,12334,2.133
3,12335,2.376
3,12336,1.986
3,12337,2.130
3,12338,1.954
3,12339,2.308
3,12340,1.790
3,12341,1.891
3,12342,1.878
3,12343,1.969
3,12344,2.179
3,12345,1.822
3,12346,1.582
3,12347,1.528
3,12348,2.028
3,12349,1.726
3,12350,1.978
3,12351,1.718
3,12352,2.492
3,12353,1.964
3,12354,1.805
3,12355,1.996
3,12356,1.761
3,12357,1.988
3,12358,1.861
3,12359,1.913
3,12360,3.062
3,12361,2.029
3,12362,2.153
3,12363,2.002
3,12364,1.885
3,12365,2.305
3,12366,1.988
3,12367,1.981
3,12368,2.309
3,12369,2.128
3,12370,1.842
3,12371,1.585
3,12372,1.698
3,12373,1.809
3,12374,2.202
3,12375,1.955
3,12376,2.501
3,12377,2.052
3,12378,1.785
3,12379,1.987
3,12380,1.800
3,12381,1.495
3,12382,1.620
3,12383,2.266
3,12384,2.401
3,12385,2.403
3,12386,2.012
3,12387,2.069
3,12388,1.908
3,12389,1.985
3,12390,1.957
3,12391,2.347
3,12392,1.978
3,12393,1.869
3,12394,1.858
3,12395,1.715
3,12396,1.499
3,12397,1.737
3,12398,1.710
3,12399,1.779
3,12400,2.626
3,12401,2.876
3,12402,2.324
3,12403,2.303
3,12404,2.128
3,12405,1.685
3,12406,1.635
3,12407,2.865
3,12408,2.558
3,12409,3.080
3,12410,2.271
3,12411,1.908
3,12412,1.698
3,12413,2.253
3,12414,2.405
3,12415,2.409
3,12416,2.093
3,12417,2.297
3,12418,2.036
3,12419,2.246
3,12420,2.274
3,12421,2.875
3,12422,2.672
3,12423,2.342
3,12424,2.746
3,12425,2.361
3,12426,2.133
3,12427,2.796
3,12428,2.983
3,12429,2.703
3,12430,3.788
3,12431,3.238
3,12432,3.074
3,12433,2.910
3,12434,3.232
3,12435,3.462
3,12436,3.394
3,12437,3.384
3,12438,3.295
3,12439,2.794
3,12440,2.573
3,12441,2.393
3,12442,2.278
3,12443,3.636
3,12444,2.663
3,12445,2.667
3,12446,2.993
3,12447,2.429
3,12448,2.671
3,12449,3.432
3,12450,3.456
3,12451,2.658
3,12452,2.250
3,12453,2.336
3,12454,2.807
3,12455,3.032
3,12456,2.736
3,12457,2.661
3,12458,2.541
3,12459,2.307
3,12460,2.702
3,12461,2.604
3,12462,2.427
3,12463,2.387
3,12464,2.643
3,12465,2.590
3,12466,3.166
3,12467,3.088
3,12468,3.117
3,12469,3.051
3,12470,2.336
3,12471,2.794
3,12472,2.587
3,12473,2.217
3,12474,2.410
3,12475,2.439
3,12476,2.913
3,12477,2.345
3,12478,2.626
3,12479,2.942
3,12480,2.452
3,12481,2.346
3,12482,2.419
3,12483,2.789
3,12484,2.958
3,12485,2.658
3,12486,2.484
3,12487,2.716
3,12488,2.488
3,12489,2.273
3,12490,3.318
3,12491,2.754
3,12492,2.618
3,12493,2.537
3,12494,2.457
3,12495,2.622
3,12496,2.980
3,12497,3.700
3,12498,2.552
3,12499,2.104
3,12500,2.601
3,12501,2.475
3,12502,3.252
3,12503,3.218
3,12504,2.619
3,12505,2.813
3,12506,2.542
3,12507,2.835
3,12508,2.622
3,12509,2.618
3,12510,2.992
3,12511,2.402
3,12512,2.540
3,12513,3.215
3,12514,2.418
3,12515,2.588
3,12516,2.644
3,12517,2.773
3,12518,2.818
3,12519,3.004
3,12520,3.007
3,12521,2.491
3,12522,2.481
3,12523,2.851
3,12524,3.456
3,12525,5.172
3,12526,2.885
3,12527,2.574
3,12528,2.458
3,12529,2.877
3,12530,2.978
3,12531,2.383
3,12532,2.851
3,12533,2.456
3,12534,2.363
3,12535,2.650
3,12536,2.819
3,12537,3.187
3,12538,2.714
3,12539,2.461
3,12540,2.653
3,12541,3.326
3,12542,2.734
3,12543,2.745
3,12544,2.339
3,12545,2.494
3,12546,2.329
3,12547,2.936
3,12548,2.798
3,12549,2.812
3,12550,3.046
3,12551,2.246
3,12552,2.864
3,12553,2.762
3,12554,2.707
3,12555,2.746
3,12556,2.865
3,12557,2.994
3,12558,3.632
3,12559,3.215
3,12560,3.021
3,12561,3.146
3,12562,3.394
3,12563,3.577
3,12564,3.067
3,12565,3.085
3,12566,2.974
3,12567,2.929
3,12568,2.916
3,12569,2.763
3,12570,2.234
3,12571,2.484
3,12572,2.461
3,12573,2.882
3,12574,3.218
3,12575,2.643
3,12576,2.956
3,12577,2.408
3,12578,2.422
3,12579,2.759
3,12580,2.407
3,12581,2.221
3,12582,2.425
3,12583,2.885
3,12584,2.630
3,12585,2.591
3,12586,2.766
3,12587,2.900
3,12588,2.359
3,12589,2.205
3,12590,2.971
3,12591,2.510
3,12592,3.379
3,12593,2.492
3,12594,2.345
3,12595,2.642
3,12596,2.360
3,12597,2.960
3,12598,3.128
3,12599,2.468
3,12600,2.458
3,12601,2.330
3,12602,2.260
3,12603,2.678
3,12604,2.904
3,12605,2.784
3,12606,2.718
3,12607,2.589
3,12608,2.668
3,12609,2.579
3,12610,2.976
3,12611,3.269
3,12612,2.784
3,12613,2.866
3,12614,2.571
3,12615,2.944
3,12616,2.824
3,12617,3.167
3,12618,2.641
3,12619,2.255
3,12620,2.443
3,12621,2.731
3,12622,2.382
3,12623,2.574
3,12624,2.767
3,12625,2.385
3,12626,2.446
3,12627,2.659
3,12628,2.558
3,12629,2.964
3,12630,2.442
3,12631,3.274
3,12632,2.570
3,12633,2.575
3,12634,2.650
3,12635,2.331
3,12636,2.581
3,12637,2.376
3,12638,2.547
3,12639,2.542
3,12640,2.626
3,12641,2.179
3,12642,2.531
3,12643,2.279
3,12644,2.439
3,12645,2.867
3,12646,2.496
3,12647,2.515
3,12648,2.532
3,12649,2.648
3,12650,2.750
3,12651,2.531
3,12652,3.874
3,12653,2.914
3,12654,2.207
3,12655,2.432
3,12656,2.389
3,12657,2.114
3,12658,3.124
3,12659,3.327
3,12660,2.845
3,12661,2.686
3,12662,2.750
3,12663,3.059
3,12664,2.908
3,12665,3.738
3,12666,3.258
3,12667,2.949
3,12668,2.770
3,12669,2.669
3,12670,2.568
3,12671,2.645
3,12672,2.635
3,12673,2.403
3,12674,2.424
3,12675,2.740
3,12676,2.452
3,12677,2.709
3,12678,2.800
3,12679,2.348
3,12680,2.689
3,12681,2.603
3,12682,2.309
3,12683,2.453
3,12684,2.342
3,12685,3.576
3,12686,3.617
3,12687,3.356
3,12688,3.108
3,12689,3.061
3,12690,2.714
3,12691,2.729
3,12692,3.036
3,12693,2.412
3,12694,2.170
3,12695,2.671
3,12696,2.654
3,12697,4.813
3,12698,2.832
3,12699,2.448
3,12700,2.345
3,12701,2.168
3,12702,2.381
3,12703,3.951
3,12704,2.872
3,12705,2.428
3,12706,2.393
3,12707,2.448
3,12708,2.179
3,12709,2.523
3,12710,3.009
3,12711,2.258
3,12712,2.333
3,12713,2.429
3,12714,2.360
3,12715,2.298
3,12716,2.563
3,12717,2.570
3,12718,2.411
3,12719,2.197
3,12720,2.210
3,12721,2.286
3,12722,3.020
3,12723,2.413
3,12724,2.767
3,12725,2.320
3,12726,2.307
3,12727,2.242
3,12728,2.489
3,12729,2.479
3,12730,2.628
3,12731,2.640
3,12732,2.204
3,12733,2.342
3,12734,2.585
3,12735,2.411
3,12736,2.401
3,12737,2.098
3,12738,2.218
3,12739,2.570
3,12740,1.868
3,12741,1.980
3,12742,2.617
3,12743,2.433
3,12744,1.868
3,12745,2.177
3,12746,1.970
3,12747,2.492
3,12748,2.307
3,12749,2.265
3,12750,1.980
3,12751,1.839
3,12752,2.027
3,12753,1.816
3,12754,1.618
3,12755,1.724
3,12756,2.626
3,12757,2.084
3,12758,1.984
3,12759,1.814
3,12760,2.069
3,12761,1.994
3,12762,2.100
3,12763,1.856
3,12764,3.269
3,12765,3.777
3,12766,3.111
3,12767,3.055
3,12768,2.997
3,12769,3.036
3,12770,2.148
3,12771,2.120
3,12772,1.753
3,12773,1.697
3,12774,1.877
3,12775,1.679
3,12776,2.022
3,12777,1.960
3,12778,1.738
3,12779,1.933
3,12780,2.291
3,12781,1.759
3,12782,1.713
3,12783,1.704
3,12784,2.034
3,12785,2.422
3,12786,1.715
3,12787,1.940
3,12788,2.014
3,12789,2.277
3,12790,2.348
3,12791,2.110
3,12792,2.677
3,12793,2.720
3,12794,2.248
3,12795,2.081
3,12796,2.258
3,12797,2.613
3,12798,2.199
3,12799,2.389
3,12800,2.285
3,12801,1.980
3,12802,2.390
3,12803,2.275
3,12804,1.990
3,12805,2.524
3,12806,2.633
3,12807,2.324
3,12808,2.397
3,12809,2.399
3,12810,2.248
3,12811,2.750
3,12812,2.998
3,12813,2.456
3,12814,2.385
3,12815,2.015
3,12816,1.743
3,12817,2.097
3,12818,1.939
3,12819,1.797
3,12820,2.751
3,12821,2.039
3,12822,1.707
3,12823,1.621
3,12824,1.857
3,12825,2.168
3,12826,2.361
3,12827,2.567
3,12828,3.066
3,12829,2.371
3,12830,2.156
3,12831,1.817
3,12832,1.794
3,12833,2.066
3,12834,3.234
3,12835,2.683
3,12836,3.090
3,12837,3.217
3,12838,2.799
3,12839,3.042
3,12840,2.699
3,12841,2.884
3,12842,3.143
3,12843,2.368
3,12844,2.245
3,12845,3.126
3,12846,2.314
3,12847,1.998
3,12848,2.237
3,12849,2.388
3,12850,1.897
3,12851,2.484
3,12852,2.581
3,12853,2.269
3,12854,1.948
3,12855,2.314
3,12856,2.068
3,12857,4.044
3,12858,2.760
3,12859,2.066
3,12860,2.160
3,12861,2.107
3,12862,1.724
3,12863,1.699
3,12864,1.910
3,12865,3.388
3,12866,2.911
3,12867,2.117
3,12868,1.709
3,12869,1.804
3,12870,2.253
3,12871,1.866
3,12872,2.021
3,12873,2.676
3,12874,2.038
3,12875,2.042
3,12876,2.182
3,12877,2.305
3,12878,1.972
3,12879,2.678
3,12880,3.247
3,12881,5.514
3,12882,2.507
3,12883,2.023
3,12884,2.166
3,12885,2.278
3,12886,2.303
3,12887,4.387
3,12888,3.818
3,12889,2.863
3,12890,2.931
3,12891,2.495
3,12892,2.393
3,12893,3.261
3,12894,2.732
3,12895,3.036
3,12896,2.606
3,12897,1.783
3,12898,1.859
3,12899,1.838
3,12900,2.544
3,12901,1.971
3,12902,2.213
3,12903,2.138
3,12904,1.818
3,12905,1.921
3,12906,1.927
3,12907,1.608
3,12908,2.052
3,12909,2.176
3,12910,1.890
3,12911,2.597
3,12912,2.158
3,12913,2.128
3,12914,1.961
3,12915,2.030
3,12916,2.199
3,12917,2.225
3,12918,2.394
3,12919,2.651
3,12920,2.735
3,12921,2.972
3,12922,2.620
3,12923,2.611
3,12924,2.876
3,12925,2.416
3,12926,16.635
3,12927,3.203
3,12928,2.429
3,12929,2.694
3,12930,3.214
3,12931,2.968
3,12932,2.450
3,12933,2.471
3,12934,2.323
3,12935,2.218
3,12936,2.227
3,12937,2.938
3,12938,2.017
3,12939,2.155
3,12940,2.221
3,12941,2.799
3,12942,2.115
3,12943,2.486
3,12944,2.339
3,12945,2.336
3,12946,2.415
3,12947,2.018
3,12948,2.289
3,12949,2.861
3,12950,2.874
3,12951,2.757
3,12952,2.619
3,12953,2.554
3,12954,2.387
3,12955,2.347
3,12956,2.902
3,12957,2.654
3,12958,2.377
3,12959,2.255
3,12960,2.415
3,12961,2.419
3,12962,2.414
3,12963,2.956
3,12964,2.426
3,12965,2.854
3,12966,2.558
3,12967,2.790
3,12968,2.593
3,12969,3.315
3,12970,3.036
3,12971,2.657
3,12972,2.429
3,12973,2.512
3,12974,2.357
3,12975,2.733
3,12976,2.852
3,12977,3.087
3,12978,2.616
3,12979,2.845
3,12980,2.899
3,12981,2.746
3,12982,2.977
3,12983,3.144
3,12984,2.394
3,12985,3.011
3,12986,2.752
3,12987,3.086
3,12988,2.822
3,12989,3.103
3,12990,2.702
3,12991,3.311
3,12992,2.898
3,12993,2.647
3,12994,2.640
3,12995,3.048
3,12996,2.731
3,12997,2.927
3,12998,2.532
3,12999,2.449
3,13000,2.513
3,13001,2.581
3,13002,2.980
3,13003,2.619
3,13004,2.442
3,13005,3.034
3,13006,2.607
3,13007,2.864
3,13008,3.608
3,13009,3.036
3,13010,2.613
3,13011,2.232
3,13012,2.302
3,13013,2.437
3,13014,2.420
3,13015,2.527
3,13016,2.798
3,13017,2.023
3,13018,2.136
3,13019,2.161
3,13020,2.415
3,13021,2.449
3,13022,2.214
3,13023,2.351
3,13024,2.820
3,13025,2.540
3,13026,2.254
3,13027,2.762
3,13028,2.489
3,13029,2.242
3,13030,2.323
3,13031,2.741
3,13032,2.427
3,13033,2.315
3,13034,2.799
3,13035,2.342
3,13036,2.192
3,13037,2.078
3,13038,2.674
3,13039,2.034
3,13040,2.039
3,13041,2.288
3,13042,2.029
3,13043,1.797
3,13044,1.853
3,13045,1.974
3,13046,3.467
3,13047,2.433
3,13048,2.719
3,13049,2.321
3,13050,2.226
3,13051,2.092
3,13052,1.977
3,13053,2.278
3,13054,2.097
3,13055,2.660
3,13056,2.641
3,13057,2.637
3,13058,2.451
3,13059,2.458
3,13060,2.908
3,13061,2.513
3,13062,2.547
3,13063,1.809
3,13064,1.702
3,13065,1.916
3,13066,1.938
3,13067,2.457
3,13068,2.947
3,13069,2.382
3,13070,2.077
3,13071,2.102
3,13072,2.249
3,13073,1.933
3,13074,1.992
3,13075,2.184
3,13076,2.482
3,13077,1.718
3,13078,1.877
3,13079,1.873
3,13080,1.730
3,13081,2.022
3,13082,2.352
3,13083,2.124
3,13084,1.900
3,13085,2.425
3,13086,2.017
3,13087,1.655
3,13088,1.682
3,13089,1.907
3,13090,1.952
3,13091,2.526
3,13092,2.191
3,13093,2.001
3,13094,2.340
3,13095,2.091
3,13096,2.013
3,13097,1.967
3,13098,2.901
3,13099,2.300
3,13100,2.359
3,13101,2.260
3,13102,2.473
3,13103,1.798
3,13104,2.632
3,13105,2.669
3,13106,2.058
3,13107,1.835
3,13108,1.743
3,13109,1.932
3,13110,2.132
3,13111,1.890
3,13112,2.254
3,13113,2.505
3,13114,2.984
3,13115,2.407
3,13116,2.419
3,13117,2.380
3,13118,2.866
3,13119,2.673
3,13120,2.901
3,13121,2.726
3,13122,2.659
3,13123,2.494
3,13124,2.967
3,13125,3.155
3,13126,2.100
3,13127,2.126
3,13128,2.132
3,13129,2.005
3,13130,2.332
3,13131,2.741
3,13132,2.250
3,13133,2.779
3,13134,1.997
3,13135,1.775
3,13136,1.966
3,13137,2.159
3,13138,2.695
3,13139,2.297
3,13140,2.384
3,13141,2.730
3,13142,2.555
3,13143,2.055
3,13144,2.021
3,13145,2.414
3,13146,2.437
3,13147,2.014
3,13148,1.789
3,13149,2.759
3,13150,1.753
3,13151,2.200
3,13152,2.473
3,13153,1.906
3,13154,1.895
3,13155,2.075
3,13156,2.551
3,13157,2.384
3,13158,2.845
3,13159,2.396
3,13160,2.139
3,13161,2.410
4,1,2.709
4,2,2.107
4,3,2.749
4,4,2.189
4,5,2.000
4,6,2.050
4,7,1.950
4,8,2.043
4,9,2.035
4,10,2.001
4,11,2.187
4,12,2.763
4,13,2.161
4,14,1.716
4,15,1.680
4,16,1.964
4,17,2.351
4,18,2.011
4,19,2.884
4,20,2.335
4,21,1.893
4,22,2.187
4,23,1.986
4,24,1.891
4,25,1.920
4,26,2.657
4,27,2.634
4,28,2.364
4,29,2.447
4,30,2.390
4,31,2.517
4,32,2.507
4,33,2.442
4,34,2.728
4,35,2.325
4,36,1.904
4,37,2.223
4,38,2.018
4,39,2.001
4,40,2.515
4,41,2.253
4,42,2.408
4,43,2.456
4,44,2.778
4,45,2.512
4,46,2.549
4,47,2.238
4,48,2.114
4,49,2.728
4,50,2.333
4,51,2.276
4,52,2.710
4,53,2.065
4,54,1.798
4,55,1.950
4,56,1.890
4,57,2.698
4,58,2.119
4,59,2.429
4,60,2.289
4,61,2.578
4,62,2.127
4,63,1.930
4,64,1.978
4,65,2.619
4,66,2.165
4,67,2.235
4,68,2.130
4,69,1.858
4,70,1.993
4,71,1.949
4,72,1.772
4,73,2.820
4,74,2.434
4,75,2.036
4,76,1.612
4,77,1.817
4,78,1.993
4,79,1.927
4,80,1.929
4,81,2.235
4,82,2.622
4,83,1.991
4,84,2.264
4,85,2.428
4,86,1.981
4,87,2.268
4,88,2.155
4,89,2.940
4,90,3.071
4,91,2.249
4,92,2.272
4,93,2.503
4,94,2.107
4,95,2.407
4,96,2.892
4,97,2.635
4,98,2.579
4,99,3.057
4,100,3.352
4,101,3.532
4,102,3.396
4,103,3.412
4,104,2.263
4,105,2.581
4,106,2.671
4,107,2.456
4,108,2.249
4,109,1.952
4,110,2.152
4,111,2.183
4,112,1.955
4,113,2.046
4,114,2.341
4,115,2.029
4,116,2.110
4,117,1.946
4,118,2.314
4,119,1.771
4,120,1.594
4,121,2.361
4,122,2.107
4,123,1.753
4,124,1.870
4,125,2.020
4,126,2.044
4,127,2.648
4,128,2.888
4,129,2.287
4,130,2.244
4,131,2.303
4,132,2.030
4,133,1.923
4,134,2.068
4,135,2.702
4,136,2.184
4,137,2.201
4,138,2.051
4,139,2.068
4,140,2.204
4,141,2.110
4,142,2.729
4,143,3.292
4,144,2.393
4,145,2.413
4,146,2.494
4,147,2.156
4,148,2.566
4,149,2.908
4,150,2.631
4,151,2.358
4,152,2.066
4,153,1.777
4,154,1.864
4,155,2.039
4,156,2.135
4,157,1.898
4,158,2.565
4,159,2.035
4,160,1.832
4,161,2.228
4,162,2.017
4,163,1.831
4,164,2.295
4,165,2.659
4,166,3.010
4,167,2.563
4,168,2.535
4,169,2.856
4,170,2.840
4,171,2.072
4,172,1.967
4,173,2.731
4,174,1.969
4,175,1.763
4,176,2.324
4,177,2.334
4,178,1.926
4,179,2.021
4,180,1.786
4,181,2.183
4,182,1.811
4,183,2.286
4,184,2.248
4,185,2.316
4,186,2.258
4,187,1.916
4,188,1.933
4,189,2.315
4,190,1.970
4,191,2.365
4,192,3.309
4,193,3.067
4,194,2.298
4,195,2.095
4,196,2.476
4,197,2.216
4,198,3.118
4,199,2.107
4,200,2.018
4,201,1.707
4,202,1.552
4,203,1.642
4,204,1.956
4,205,1.652
4,206,3.382
4,207,2.588
4,208,2.521
4,209,2.406
4,210,2.129
4,211,1.642
4,212,2.413
4,213,2.204
4,214,2.099
4,215,2.160
4,216,2.022
4,217,2.404
4,218,2.094
4,219,2.471
4,220,3.051
4,221,2.165
4,222,2.184
4,223,2.386
4,224,1.946
4,225,1.941
4,226,2.439
4,227,2.731
4,228,2.523
4,229,2.116
4,230,2.082
4,231,2.230
4,232,2.310
4,233,2.423
4,234,2.766
4,235,2.300
4,236,3.068
4,237,2.386
4,238,2.362
4,239,2.602
4,240,2.581
4,241,2.082
4,242,1.868
4,243,2.567
4,244,2.075
4,245,1.735
4,246,1.884
4,247,2.197
4,248,1.809
4,249,1.859
4,250,2.011
4,251,1.723
4,252,2.027
4,253,1.827
4,254,1.893
4,255,2.988
4,256,2.045
4,257,1.991
4,258,1.676
4,259,1.911
4,260,2.236
4,261,2.423
4,262,2.280
4,263,2.234
4,264,2.050
4,265,1.758
4,266,1.841
4,267,1.931
4,268,1.685
4,269,1.797
4,270,2.801
4,271,2.234
4,272,1.741
4,273,1.854
4,274,2.169
4,275,1.743
4,276,1.707
4,277,2.008
4,278,2.638
4,279,2.712
4,280,2.793
4,281,3.024
4,282,2.594
4,283,2.849
4,284,2.851
4,285,2.949
4,286,2.386
4,287,2.337
4,288,2.377
4,289,2.479
4,290,2.495
4,291,2.132
4,292,2.562
4,293,2.194
4,294,2.458
4,295,2.189
4,296,2.321
4,297,2.311
4,298,2.449
4,299,2.903
4,300,3.409
4,301,2.548
4,302,2.914
4,303,2.374
4,304,2.427
4,305,2.453
4,306,2.405
4,307,2.861
4,308,2.697
4,309,2.426
4,310,2.394
4,311,2.052
4,312,1.951
4,313,2.111
4,314,2.282
4,315,3.201
4,316,2.985
4,317,2.864
4,318,2.566
4,319,2.283
4,320,2.686
4,321,2.743
4,322,3.176
4,323,2.787
4,324,2.637
4,325,2.633
4,326,2.942
4,327,3.117
4,328,3.175
4,329,2.444
4,330,2.381
4,331,2.516
4,332,2.733
4,333,3.160
4,334,3.235
4,335,3.131
4,336,2.454
4,337,2.446
4,338,2.542
4,339,2.415
4,340,2.516
4,341,2.474
4,342,2.758
4,343,2.957
4,344,2.906
4,345,2.571
4,346,2.749
4,347,2.663
4,348,2.618
4,349,3.337
4,350,2.872
4,351,2.787
4,352,2.450
4,353,2.524
4,354,3.136
4,355,3.185
4,356,3.187
4,357,2.735
4,358,2.990
4,359,2.725
4,360,2.824
4,361,3.161
4,362,2.366
4,363,2.587
4,364,2.602
4,365,2.390
4,366,2.646
4,367,2.395
4,368,3.207
4,369,2.586
4,370,2.309
4,371,2.859
4,372,3.092
4,373,2.581
4,374,2.562
4,375,2.870
4,376,2.800
4,377,2.639
4,378,2.897
4,379,2.861
4,380,2.566
4,381,2.709
4,382,2.889
4,383,3.106
4,384,2.539
4,385,2.324
4,386,2.411
4,387,2.759
4,388,2.290
4,389,3.255
4,390,2.483
4,391,2.433
4,392,2.462
4,393,2.404
4,394,2.555
4,395,3.095
4,396,2.722
4,397,2.747
4,398,2.705
4,399,2.391
4,400,2.528
4,401,2.852
4,402,2.904
4,403,2.619
4,404,2.122
4,405,2.483
4,406,2.720
4,407,2.789
4,408,2.476
4,409,2.033
4,410,2.539
4,411,2.173
4,412,2.073
4,413,2.132
4,414,2.721
4,415,2.629
4,416,2.472
4,417,2.592
4,418,2.388
4,419,2.330
4,420,2.482
4,421,2.307
4,422,2.258
4,423,2.176
4,424,1.944
4,425,2.585
4,426,1.846
4,427,2.114
4,428,2.628
4,429,2.412
4,430,2.359
4,431,2.534
4,432,2.069
4,433,1.866
4,434,2.421
4,435,2.178
4,436,2.199
4,437,2.313
4,438,2.188
4,439,1.986
4,440,2.212
4,441,2.828
4,442,2.140
4,443,1.741
4,444,1.834
4,445,1.893
4,446,1.749
4,447,1.529
4,448,1.704
4,449,1.641
4,450,2.565
4,451,2.343
4,452,1.809
4,453,1.730
4,454,1.763
4,455,1.785
4,456,1.892
4,457,1.727
4,458,2.001
4,459,2.503
4,460,1.918
4,461,1.828
4,462,2.425
4,463,2.004
4,464,1.967
4,465,1.904
4,466,2.742
4,467,2.834
4,468,2.353
4,469,4.016
4,470,2.671
4,471,2.241
4,472,2.416
4,473,2.763
4,474,2.525
4,475,1.932
4,476,2.068
4,477,2.128
4,478,2.615
4,479,2.259
4,480,2.391
4,481,2.286
4,482,3.174
4,483,2.230
4,484,2.477
4,485,2.310
4,486,2.013
4,487,2.130
4,488,2.552
4,489,2.676
4,490,2.513
4,491,2.555
4,492,2.159
4,493,2.285
4,494,2.534
4,495,2.309
4,496,2.823
4,497,2.296
4,498,2.423
4,499,2.386
4,500,2.189
4,501,1.995
4,502,1.899
4,503,2.415
4,504,2.393
4,505,2.266
4,506,2.238
4,507,2.087
4,508,1.895
4,509,2.021
4,510,1.778
4,511,1.624
4,512,1.532
4,513,2.784
4,514,1.839
4,515,1.721
4,516,1.862
4,517,1.848
4,518,2.036
4,519,1.712
4,520,1.796
4,521,2.112
4,522,3.119
4,523,2.755
4,524,2.117
4,525,1.838
4,526,2.539
4,527,3.009
4,528,2.281
4,529,2.570
4,530,1.896
4,531,1.947
4,532,2.018
4,533,1.820
4,534,1.713
4,535,2.157
4,536,2.284
4,537,1.743
4,538,2.063
4,539,1.902
4,540,1.649
4,541,1.803
4,542,1.874
4,543,2.632
4,544,2.137
4,545,1.964
4,546,2.227
4,547,2.172
4,548,1.735
4,549,1.951
4,550,2.339
4,551,2.651
4,552,2.068
4,553,1.992
4,554,1.925
4,555,2.457
4,556,2.159
4,557,2.325
4,558,2.503
4,559,2.430
4,560,2.470
4,561,2.506
4,562,2.737
4,563,2.170
4,564,2.696
4,565,2.971
4,566,3.066
4,567,3.105
4,568,3.173
4,569,2.790
4,570,2.720
4,571,2.553
4,572,2.166
4,573,2.122
4,574,1.947
4,575,2.712
4,576,2.464
4,577,2.744
4,578,2.469
4,579,2.426
4,580,2.361
4,581,2.194
4,582,3.300
4,583,3.102
4,584,1.857
4,585,1.722
4,586,1.747
4,587,1.836
4,588,1.969
4,589,1.840
4,590,2.699
4,591,2.639
4,592,2.598
4,593,2.065
4,594,1.996
4,595,2.126
4,596,3.675
4,597,3.702
4,598,2.545
4,599,2.279
4,600,2.338
4,601,2.199
4,602,3.003
4,603,3.266
4,604,3.002
4,605,2.681
4,606,2.277
4,607,2.224
4,608,2.315
4,609,2.810
4,610,2.324
4,611,3.454
4,612,2.135
4,613,2.553
4,614,2.592
4,615,2.819
4,616,3.100
4,617,3.569
4,618,3.389
4,619,2.790
4,620,2.962
4,621,2.906
4,622,1.883
4,623,2.038
4,624,1.919
4,625,1.905
4,626,1.982
4,627,2.057
4,628,2.070
4,629,1.813
4,630,1.850
4,631,2.248
4,632,2.284
4,633,1.904
4,634,2.143
4,635,2.189
4,636,2.263
4,637,2.051
4,638,1.794
4,639,1.697
4,640,1.667
4,641,2.288
4,642,1.779
4,643,1.755
4,644,1.872
4,645,1.827
4,646,1.903
4,647,1.931
4,648,1.803
4,649,1.670
4,650,1.966
4,651,2.211
4,652,2.245
4,653,1.726
4,654,1.571
4,655,1.838
4,656,1.868
4,657,2.210
4,658,1.952
4,659,2.559
4,660,2.175
4,661,1.880
4,662,2.009
4,663,1.734
4,664,1.714
4,665,1.652
4,666,1.744
4,667,1.762
4,668,2.345
4,669,1.779
4,670,1.763
4,671,1.670
4,672,1.637
4,673,1.949
4,674,1.936
4,675,1.658
4,676,1.785
4,677,2.054
4,678,2.340
4,679,1.735
4,680,1.586
4,681,1.769
4,682,1.834
4,683,1.864
4,684,2.455
4,685,2.769
4,686,2.451
4,687,2.837
4,688,2.354
4,689,2.379
4,690,2.665
4,691,2.639
4,692,2.121
4,693,1.810
4,694,1.939
4,695,1.560
4,696,1.722
4,697,2.096
4,698,1.694
4,699,2.435
4,700,2.280
4,701,1.968
4,702,1.813
4,703,1.994
4,704,1.992
4,705,1.959
4,706,2.070
4,707,2.570
4,708,1.999
4,709,2.717
4,710,2.316
4,711,2.968
4,712,2.606
4,713,2.841
4,714,2.101
4,715,1.936
4,716,1.923
4,717,1.841
4,718,1.726
4,719,2.327
4,720,2.154
4,721,2.012
4,722,1.865
4,723,1.923
4,724,1.697
4,725,1.816
4,726,1.814
4,727,1.829
4,728,2.269
4,729,2.791
4,730,2.377
4,731,1.880
4,732,1.894
4,733,2.019
4,734,2.023
4,735,1.818
4,736,2.774
4,737,2.570
4,738,2.297
4,739,2.593
4,740,1.966
4,741,1.992
4,742,2.525
4,743,3.168
4,744,1.838
4,745,1.905
4,746,2.108
4,747,2.767
4,748,2.669
4,749,3.140
4,750,3.276
4,751,3.010
4,752,2.601
4,753,2.621
4,754,2.961
4,755,3.165
4,756,3.056
4,757,2.799
4,758,2.584
4,759,2.161
4,760,2.815
4,761,3.180
4,762,3.133
4,763,2.834
4,764,2.359
4,765,2.809
4,766,2.477
4,767,2.679
4,768,2.814
4,769,2.844
4,770,2.985
4,771,2.758
4,772,2.753
4,773,2.635
4,774,2.831
4,775,2.655
4,776,2.674
4,777,3.282
4,778,2.618
4,779,2.220
4,780,2.543
4,781,2.417
4,782,2.182
4,783,2.610
4,784,3.655
4,785,2.347
4,786,2.827
4,787,2.960
4,788,2.587
4,789,2.987
4,790,3.366
4,791,2.472
4,792,2.754
4,793,3.065
4,794,2.963
4,795,3.250
4,796,2.702
4,797,2.007
4,798,2.243
4,799,1.858
4,800,1.570
4,801,1.582
4,802,4.379
4,803,2.626
4,804,2.873
4,805,2.001
4,806,2.205
4,807,2.172
4,808,2.690
4,809,2.622
4,810,2.366
4,811,2.294
4,812,1.935
4,813,2.010
4,814,2.188
4,815,2.432
4,816,2.158
4,817,1.805
4,818,1.617
4,819,1.679
4,820,2.657
4,821,1.796
4,822,1.986
4,823,2.452
4,824,1.876
4,825,1.928
4,826,1.964
4,827,1.765
4,828,1.704
4,829,2.288
4,830,2.810
4,831,2.245
4,832,2.148
4,833,2.174
4,834,2.176
4,835,1.946
4,836,2.581
4,837,6.079
4,838,2.602
4,839,2.502
4,840,2.537
4,841,2.277
4,842,2.543
4,843,2.690
4,844,1.798
4,845,1.799
4,846,1.897
4,847,1.676
4,848,1.606
4,849,1.796
4,850,2.510
4,851,2.469
4,852,2.058
4,853,2.142
4,854,2.005
4,855,1.857
4,856,1.903
4,857,2.385
4,858,2.123
4,859,1.864
4,860,1.999
4,861,2.049
4,862,1.591
4,863,1.620
4,864,1.788
4,865,3.087
4,866,2.874
4,867,2.612
4,868,2.560
4,869,3.278
4,870,2.736
4,871,2.908
4,872,2.819
4,873,2.756
4,874,2.579
4,875,2.727
4,876,2.667
4,877,3.308
4,878,3.059
4,879,2.863
4,880,2.312
4,881,2.788
4,882,3.061
4,883,3.273
4,884,2.812
4,885,2.858
4,886,2.602
4,887,2.850
4,888,2.747
4,889,2.544
4,890,2.795
4,891,2.816
4,892,2.636
4,893,2.613
4,894,3.479
4,895,2.827
4,896,4.794
4,897,2.693
4,898,2.635
4,899,2.373
4,900,2.980
4,901,2.393
4,902,2.127
4,903,2.420
4,904,2.554
4,905,2.302
4,906,2.325
4,907,2.875
4,908,2.450
4,909,2.674
4,910,2.198
4,911,2.749
4,912,2.631
4,913,2.363
4,914,2.795
4,915,2.638
4,916,2.336
4,917,2.758
4,918,2.555
4,919,2.617
4,920,2.761
4,921,2.767
4,922,2.573
4,923,2.747
4,924,2.657
4,925,2.466
4,926,2.392
4,927,2.336
4,928,3.171
4,929,2.505
4,930,2.621
4,931,2.492
4,932,2.355
4,933,2.335
4,934,2.354
4,935,2.648
4,936,2.510
4,937,2.288
4,938,2.307
4,939,2.347
4,940,2.459
4,941,2.344
4,942,2.834
4,943,2.459
4,944,2.478
4,945,2.280
4,946,2.229
4,947,2.309
4,948,2.409
4,949,3.618
4,950,2.852
4,951,2.568
4,952,2.536
4,953,2.509
4,954,2.706
4,955,3.586
4,956,2.439
4,957,2.470
4,958,2.555
4,959,2.724
4,960,3.119
4,961,2.749
4,962,2.479
4,963,2.279
4,964,1.824
4,965,1.834
4,966,2.139
4,967,2.448
4,968,2.791
4,969,3.040
4,970,2.279
4,971,2.339
4,972,2.752
4,973,3.119
4,974,2.372
4,975,2.096
4,976,1.988
4,977,2.087
4,978,1.643
4,979,1.596
4,980,2.544
4,981,2.609
4,982,2.495
4,983,2.386
4,984,2.906
4,985,1.929
4,986,1.696
4,987,1.850
4,988,2.211
4,989,2.880
4,990,2.198
4,991,2.124
4,992,2.460
4,993,2.334
4,994,2.399
4,995,2.329
4,996,2.152
4,997,2.166
4,998,2.080
4,999,2.027
4,1000,2.209
4,1001,2.181
4,1002,3.072
4,1003,1.972
4,1004,1.858
4,1005,2.155
4,1006,2.160
4,1007,1.947
4,1008,2.414
4,1009,2.791
4,1010,1.945
4,1011,2.382
4,1012,1.925
4,1013,1.839
4,1014,1.900
4,1015,1.893
4,1016,2.478
4,1017,2.101
4,1018,2.057
4,1019,1.744
4,1020,1.566
4,1021,1.823
4,1022,1.923
4,1023,1.637
4,1024,1.675
4,1025,2.442
4,1026,2.261
4,1027,1.860
4,1028,1.532
4,1029,1.657
4,1030,1.696
4,1031,1.502
4,1032,1.712
4,1033,1.724
4,1034,1.888
4,1035,2.156
4,1036,1.847
4,1037,2.029
4,1038,2.220
4,1039,1.837
4,1040,1.892
4,1041,2.008
4,1042,1.987
4,1043,1.768
4,1044,2.705
4,1045,1.858
4,1046,1.609
4,1047,1.751
4,1048,1.792
4,1049,1.892
4,1050,2.227
4,1051,2.454
4,1052,2.632
4,1053,2.670
4,1054,2.466
4,1055,2.112
4,1056,2.959
4,1057,2.107
4,1058,1.648
4,1059,1.583
4,1060,1.721
4,1061,2.068
4,1062,2.039
4,1063,2.042
4,1064,2.320
4,1065,2.035
4,1066,1.850
4,1067,1.962
4,1068,1.869
4,1069,1.766
4,1070,1.968
4,1071,2.353
4,1072,2.136
4,1073,1.704
4,1074,1.722
4,1075,1.815
4,1076,1.911
4,1077,1.909
4,1078,1.886
4,1079,2.401
4,1080,1.959
4,1081,1.909
4,1082,2.122
4,1083,1.640
4,1084,1.565
4,1085,1.807
4,1086,1.850
4,1087,1.882
4,1088,2.805
4,1089,2.477
4,1090,1.997
4,1091,1.792
4,1092,2.020
4,1093,1.865
4,1094,1.796
4,1095,1.758
4,1096,2.395
4,1097,2.460
4,1098,2.078
4,1099,1.876
4,1100,1.843
4,1101,1.748
4,1102,2.040
4,1103,1.908
4,1104,1.964
4,1105,1.938
4,1106,2.470
4,1107,1.909
4,1108,1.516
4,1109,1.584
4,1110,1.955
4,1111,1.909
4,1112,2.261
4,1113,2.827
4,1114,2.527
4,1115,2.704
4,1116,2.612
4,1117,2.356
4,1118,2.577
4,1119,2.587
4,1120,2.096
4,1121,1.825
4,1122,2.282
4,1123,2.115
4,1124,1.814
4,1125,2.212
4,1126,2.733
4,1127,1.828
4,1128,1.960
4,1129,1.905
4,1130,2.147
4,1131,1.667
4,1132,1.794
4,1133,2.090
4,1134,2.689
4,1135,2.686
4,1136,2.176
4,1137,2.740
4,1138,2.811
4,1139,1.999
4,1140,2.526
4,1141,2.131
4,1142,2.001
4,1143,2.171
4,1144,2.006
4,1145,1.821
4,1146,2.123
4,1147,2.460
4,1148,2.166
4,1149,1.779
4,1150,1.909
4,1151,2.198
4,1152,2.068
4,1153,2.076
4,1154,2.596
4,1155,2.025
4,1156,1.717
4,1157,1.868
4,1158,2.139
4,1159,1.635
4,1160,1.892
4,1161,1.905
4,1162,2.103
4,1163,2.963
4,1164,2.370
4,1165,2.200
4,1166,2.407
4,1167,2.370
4,1168,2.225
4,1169,2.828
4,1170,3.017
4,1171,1.806
4,1172,1.590
4,1173,1.614
4,1174,1.638
4,1175,1.488
4,1176,1.732
4,1177,1.724
4,1178,3.091
4,1179,3.002
4,1180,2.696
4,1181,3.458
4,1182,2.703
4,1183,3.032
4,1184,2.611
4,1185,2.344
4,1186,1.687
4,1187,1.742
4,1188,1.908
4,1189,1.727
4,1190,1.609
4,1191,3.590
4,1192,3.021
4,1193,2.933
4,1194,2.408
4,1195,2.528
4,1196,2.890
4,1197,2.786
4,1198,2.637
4,1199,2.674
4,1200,3.634
4,1201,2.747
4,1202,3.338
4,1203,4.244
4,1204,3.038
4,1205,3.974
4,1206,2.764
4,1207,3.101
4,1208,1.898
4,1209,1.589
4,1210,1.964
4,1211,1.789
4,1212,1.897
4,1213,1.595
4,1214,2.033
4,1215,2.103
4,1216,1.699
4,1217,1.465
4,1218,1.606
4,1219,1.651
4,1220,1.527
4,1221,1.739
4,1222,2.729
4,1223,2.961
4,1224,2.851
4,1225,2.254
4,1226,1.756
4,1227,1.620
4,1228,1.662
4,1229,1.620
4,1230,2.209
4,1231,2.404
4,1232,1.792
4,1233,1.613
4,1234,1.552
4,1235,1.547
4,1236,1.990
4,1237,1.678
4,1238,1.474
4,1239,1.791
4,1240,2.398
4,1241,2.064
4,1242,1.992
4,1243,2.309
4,1244,2.396
4,1245,2.180
4,1246,3.131
4,1247,2.172
4,1248,2.335
4,1249,2.075
4,1250,2.131
4,1251,1.732
4,1252,1.703
4,1253,1.724
4,1254,1.959
4,1255,2.338
4,1256,2.081
4,1257,1.819
4,1258,1.504
4,1259,1.560
4,1260,1.931
4,1261,2.029
4,1262,1.636
4,1263,1.942
4,1264,2.074
4,1265,1.662
4,1266,1.796
4,1267,1.963
4,1268,1.660
4,1269,1.615
4,1270,1.578
4,1271,1.588
4,1272,2.589
4,1273,2.264
4,1274,2.355
4,1275,2.282
4,1276,2.500
4,1277,2.160
4,1278,2.071
4,1279,2.426
4,1280,2.613
4,1281,2.155
4,1282,1.824
4,1283,1.892
4,1284,2.404
4,1285,2.071
4,1286,2.245
4,1287,2.640
4,1288,2.038
4,1289,1.880
4,1290,2.158
4,1291,1.921
4,1292,2.455
4,1293,2.495
4,1294,2.656
4,1295,2.548
4,1296,2.409
4,1297,2.171
4,1298,1.898
4,1299,1.817
4,1300,2.888
4,1301,2.763
4,1302,2.701
4,1303,2.543
4,1304,2.394
4,1305,2.307
4,1306,2.913
4,1307,2.918
4,1308,1.907
4,1309,1.658
4,1310,1.621
4,1311,1.884
4,1312,1.663
4,1313,1.751
4,1314,2.418
4,1315,2.084
4,1316,2.261
4,1317,2.094
4,1318,1.930
4,1319,1.923
4,1320,1.770
4,1321,2.324
4,1322,1.985
4,1323,1.767
4,1324,1.701
4,1325,2.510
4,1326,1.921
4,1327,1.756
4,1328,1.711
4,1329,1.990
4,1330,1.575
4,1331,1.564
4,1332,1.853
4,1333,1.713
4,1334,1.537
4,1335,1.766
4,1336,1.602
4,1337,1.756
4,1338,3.195
4,1339,2.306
4,1340,1.940
4,1341,1.723
4,1342,1.761
4,1343,2.146
4,1344,2.187
4,1345,2.355
4,1346,2.337
4,1347,2.019
4,1348,1.618
4,1349,1.623
4,1350,1.705
4,1351,1.591
4,1352,1.742
4,1353,2.145
4,1354,2.175
4,1355,2.030
4,1356,1.698
4,1357,1.705
4,1358,2.094
4,1359,1.671
4,1360,1.509
4,1361,1.525
4,1362,1.920
4,1363,2.172
4,1364,1.668
4,1365,1.561
4,1366,1.896
4,1367,2.257
4,1368,1.986
4,1369,2.365
4,1370,2.122
4,1371,2.075
4,1372,2.311
4,1373,1.937
4,1374,1.662
4,1375,1.522
4,1376,1.728
4,1377,1.687
4,1378,1.518
4,1379,1.927
4,1380,2.339
4,1381,2.136
4,1382,2.585
4,1383,2.481
4,1384,2.272
4,1385,2.105
4,1386,2.475
4,1387,2.178
4,1388,1.933
4,1389,1.753
4,1390,2.276
4,1391,1.769
4,1392,1.666
4,1393,1.830
4,1394,2.402
4,1395,1.997
4,1396,2.012
4,1397,1.853
4,1398,1.836
4,1399,1.931
4,1400,1.707
4,1401,1.618
4,1402,1.573
4,1403,1.810
4,1404,1.999
4,1405,1.641
4,1406,1.474
4,1407,1.473
4,1408,1.542
4,1409,1.840
4,1410,1.929
4,1411,1.737
4,1412,1.823
4,1413,1.916
4,1414,1.622
4,1415,1.670
4,1416,1.858
4,1417,1.599
4,1418,1.467
4,1419,2.301
4,1420,1.798
4,1421,2.867
4,1422,2.174
4,1423,2.289
4,1424,2.243
4,1425,1.982
4,1426,2.088
4,1427,2.759
4,1428,2.326
4,1429,2.404
4,1430,2.306
4,1431,1.928
4,1432,1.946
4,1433,2.027
4,1434,2.345
4,1435,2.595
4,1436,2.104
4,1437,1.892
4,1438,2.062
4,1439,2.302
4,1440,1.836
4,1441,1.690
4,1442,3.060
4,1443,2.480
4,1444,2.020
4,1445,1.815
4,1446,2.284
4,1447,2.430
4,1448,2.704
4,1449,2.700
4,1450,2.258
4,1451,2.767
4,1452,2.343
4,1453,2.061
4,1454,2.345
4,1455,2.462
4,1456,2.836
4,1457,3.006
4,1458,2.626
4,1459,2.343
4,1460,2.150
4,1461,1.825
4,1462,2.987
4,1463,2.531
4,1464,2.606
4,1465,2.691
4,1466,2.208
4,1467,2.016
4,1468,2.497
4,1469,2.240
4,1470,2.230
4,1471,2.306
4,1472,2.172
4,1473,2.508
4,1474,2.204
4,1475,2.420
4,1476,2.131
4,1477,2.674
4,1478,1.982
4,1479,1.989
4,1480,2.319
4,1481,2.522
4,1482,2.320
4,1483,2.393
4,1484,2.553
4,1485,2.341
4,1486,2.651
4,1487,2.441
4,1488,3.394
4,1489,2.584
4,1490,2.085
4,1491,2.284
4,1492,2.302
4,1493,2.182
4,1494,2.382
4,1495,2.657
4,1496,2.269
4,1497,2.483
4,1498,2.274
4,1499,1.935
4,1500,2.330
4,1501,2.681
4,1502,2.950
4,1503,3.130
4,1504,2.217
4,1505,2.307
4,1506,2.670
4,1507,2.341
4,1508,2.574
4,1509,2.392
4,1510,2.450
4,1511,2.388
4,1512,2.285
4,1513,2.092
4,1514,3.128
4,1515,2.317
4,1516,2.148
4,1517,2.690
4,1518,2.404
4,1519,2.188
4,1520,2.559
4,1521,2.843
4,1522,2.575
4,1523,2.353
4,1524,2.610
4,1525,2.395
4,1526,2.942
4,1527,2.551
4,1528,2.567
4,1529,2.263
4,1530,2.369
4,1531,2.698
4,1532,2.346
4,1533,3.435
4,1534,2.310
4,1535,2.119
4,1536,2.264
4,1537,2.149
4,1538,2.804
4,1539,2.410
4,1540,2.193
4,1541,2.064
4,1542,2.519
4,1543,2.140
4,1544,1.989
4,1545,2.392
4,1546,4.013
4,1547,2.377
4,1548,2.547
4,1549,2.225
4,1550,2.470
4,1551,2.335
4,1552,2.331
4,1553,2.614
4,1554,2.362
4,1555,2.044
4,1556,2.363
4,1557,2.298
4,1558,2.633
4,1559,2.554
4,1560,2.555
4,1561,2.171
4,1562,2.411
4,1563,2.261
4,1564,1.998
4,1565,2.624
4,1566,2.377
4,1567,2.665
4,1568,2.999
4,1569,2.076
4,1570,2.174
4,1571,2.760
4,1572,2.442
4,1573,1.992
4,1574,2.016
4,1575,1.697
4,1576,1.820
4,1577,1.652
4,1578,1.676
4,1579,1.615
4,1580,1.687
4,1581,2.666
4,1582,1.906
4,1583,1.598
4,1584,1.535
4,1585,1.700
4,1586,2.041
4,1587,1.705
4,1588,1.660
4,1589,2.235
4,1590,2.707
4,1591,2.654
4,1592,3.038
4,1593,2.540
4,1594,2.520
4,1595,2.293
4,1596,2.214
4,1597,2.211
4,1598,1.797
4,1599,1.758
4,1600,1.931
4,1601,1.857
4,1602,1.757
4,1603,2.187
4,1604,1.941
4,1605,2.074
4,1606,1.582
4,1607,1.388
4,1608,1.594
4,1609,1.786
4,1610,1.591
4,1611,2.025
4,1612,2.149
4,1613,2.176
4,1614,1.707
4,1615,1.562
4,1616,1.897
4,1617,2.256
4,1618,1.942
4,1619,2.074
4,1620,2.477
4,1621,2.023
4,1622,2.465
4,1623,1.855
4,1624,1.661
4,1625,1.447
4,1626,1.864
4,1627,1.889
4,1628,1.881
4,1629,2.060
4,1630,2.049
4,1631,2.339
4,1632,1.661
4,1633,1.653
4,1634,1.811
4,1635,1.699
4,1636,1.840
4,1637,2.490
4,1638,2.257
4,1639,2.173
4,1640,2.602
4,1641,2.432
4,1642,1.626
4,1643,1.729
4,1644,3.053
4,1645,1.978
4,1646,1.775
4,1647,1.918
4,1648,2.538
4,1649,1.767
4,1650,1.997
4,1651,2.042
4,1652,1.782
4,1653,1.656
4,1654,1.795
4,1655,1.606
4,1656,1.596
4,1657,1.859
4,1658,1.729
4,1659,1.676
4,1660,1.560
4,1661,1.837
4,1662,2.199
4,1663,1.765
4,1664,1.539
4,1665,1.509
4,1666,2.208
4,1667,2.164
4,1668,2.293
4,1669,2.217
4,1670,1.948
4,1671,1.640
4,1672,1.772
4,1673,1.821
4,1674,1.597
4,1675,1.608
4,1676,1.994
4,1677,2.166
4,1678,1.920
4,1679,1.511
4,1680,1.513
4,1681,1.596
4,1682,1.460
4,1683,1.457
4,1684,1.801
4,1685,1.826
4,1686,2.381
4,1687,1.945
4,1688,1.825
4,1689,1.822
4,1690,1.638
4,1691,1.532
4,1692,1.569
4,1693,1.598
4,1694,1.787
4,1695,1.868
4,1696,2.419
4,1697,1.775
4,1698,1.855
4,1699,1.864
4,1700,1.947
4,1701,1.789
4,1702,1.684
4,1703,3.050
4,1704,2.022
4,1705,2.718
4,1706,1.968
4,1707,2.012
4,1708,1.871
4,1709,1.949
4,1710,3.050
4,1711,2.342
4,1712,2.484
4,1713,2.795
4,1714,2.029
4,1715,1.867
4,1716,2.144
4,1717,2.996
4,1718,2.771
4,1719,2.067
4,1720,1.962
4,1721,2.787
4,1722,2.298
4,1723,2.175
4,1724,2.205
4,1725,1.826
4,1726,1.573
4,1727,1.735
4,1728,1.765
4,1729,1.519
4,1730,1.859
4,1731,1.917
4,1732,2.598
4,1733,2.119
4,1734,1.599
4,1735,1.616
4,1736,1.665
4,1737,1.570
4,1738,1.516
4,1739,1.545
4,1740,2.246
4,1741,1.695
4,1742,1.656
4,1743,1.715
4,1744,2.321
4,1745,1.816
4,1746,1.914
4,1747,2.167
4,1748,2.370
4,1749,2.803
4,1750,2.454
4,1751,2.393
4,1752,2.510
4,1753,2.386
4,1754,2.045
4,1755,2.169
4,1756,2.383
4,1757,2.106
4,1758,2.012
4,1759,2.017
4,1760,1.973
4,1761,1.844
4,1762,2.367
4,1763,2.309
4,1764,2.628
4,1765,2.033
4,1766,2.089
4,1767,2.292
4,1768,2.026
4,1769,2.522
4,1770,2.238
4,1771,2.225
4,1772,2.682
4,1773,2.183
4,1774,2.032
4,1775,2.090
4,1776,2.176
4,1777,2.286
4,1778,2.291
4,1779,2.202
4,1780,3.053
4,1781,2.246
4,1782,2.060
4,1783,2.884
4,1784,2.652
4,1785,2.476
4,1786,2.448
4,1787,2.767
4,1788,2.559
4,1789,2.270
4,1790,2.042
4,1791,1.631
4,1792,1.860
4,1793,1.766
4,1794,1.543
4,1795,1.592
4,1796,1.973
4,1797,1.869
4,1798,2.029
4,1799,1.687
4,1800,1.617
4,1801,1.615
4,1802,1.539
4,1803,1.507
4,1804,1.867
4,1805,1.859
4,1806,2.265
4,1807,1.892
4,1808,2.010
4,1809,2.016
4,1810,1.648
4,1811,1.540
4,1812,1.708
4,1813,1.684
4,1814,1.566
4,1815,1.888
4,1816,2.923
4,1817,2.801
4,1818,2.058
4,1819,2.040
4,1820,1.722
4,1821,1.614
4,1822,1.564
4,1823,1.527
4,1824,2.423
4,1825,3.103
4,1826,2.710
4,1827,2.433
4,1828,2.703
4,1829,2.681
4,1830,2.354
4,1831,2.511
4,1832,2.624
4,1833,2.084
4,1834,2.204
4,1835,2.600
4,1836,2.762
4,1837,2.834
4,1838,2.320
4,1839,2.626
4,1840,2.180
4,1841,2.042
4,1842,2.053
4,1843,2.543
4,1844,2.650
4,1845,2.387
4,1846,2.223
4,1847,2.375
4,1848,2.670
4,1849,2.542
4,1850,2.183
4,1851,2.502
4,1852,2.250
4,1853,2.357
4,1854,3.220
4,1855,2.846
4,1856,2.800
4,1857,3.306
4,1858,2.774
4,1859,2.735
4,1860,3.211
4,1861,3.167
4,1862,3.020
4,1863,2.882
4,1864,2.272
4,1865,1.909
4,1866,2.694
4,1867,2.823
4,1868,1.872
4,1869,1.896
4,1870,1.907
4,1871,1.640
4,1872,1.774
4,1873,2.139
4,1874,2.039
4,1875,1.809
4,1876,2.080
4,1877,2.075
4,1878,2.196
4,1879,1.804
4,1880,2.101
4,1881,2.587
4,1882,2.301
4,1883,2.154
4,1884,2.169
4,1885,2.752
4,1886,2.440
4,1887,1.835
4,1888,1.940
4,1889,2.168
4,1890,2.035
4,1891,2.281
4,1892,2.185
4,1893,1.839
4,1894,1.711
4,1895,1.741
4,1896,2.087
4,1897,2.044
4,1898,1.707
4,1899,1.679
4,1900,1.887
4,1901,2.118
4,1902,2.074
4,1903,1.716
4,1904,2.996
4,1905,2.580
4,1906,2.613
4,1907,2.363
4,1908,2.111
4,1909,2.627
4,1910,2.652
4,1911,2.348
4,1912,1.992
4,1913,1.651
4,1914,2.132
4,1915,1.914
4,1916,1.588
4,1917,2.205
4,1918,2.691
4,1919,2.770
4,1920,1.969
4,1921,1.627
4,1922,1.759
4,1923,1.616
4,1924,1.538
4,1925,2.084
4,1926,2.521
4,1927,2.098
4,1928,1.639
4,1929,1.680
4,1930,1.821
4,1931,1.561
4,1932,1.537
4,1933,1.655
4,1934,1.814
4,1935,2.192
4,1936,2.140
4,1937,1.669
4,1938,1.482
4,1939,1.461
4,1940,1.442
4,1941,1.766
4,1942,1.832
4,1943,1.772
4,1944,1.810
4,1945,1.791
4,1946,2.158
4,1947,1.858
4,1948,1.530
4,1949,1.678
4,1950,1.940
4,1951,1.907
4,1952,1.922
4,1953,2.231
4,1954,1.776
4,1955,2.141
4,1956,1.844
4,1957,1.803
4,1958,1.701
4,1959,1.610
4,1960,2.113
4,1961,1.888
4,1962,1.504
4,1963,1.450
4,1964,2.829
4,1965,2.533
4,1966,1.660
4,1967,1.823
4,1968,2.245
4,1969,17.441
4,1970,3.637
4,1971,2.715
4,1972,2.976
4,1973,3.145
4,1974,2.636
4,1975,2.266
4,1976,2.348
4,1977,2.208
4,1978,2.280
4,1979,2.383
4,1980,2.278
4,1981,2.751
4,1982,3.027
4,1983,2.590
4,1984,2.128
4,1985,2.245
4,1986,2.348
4,1987,2.202
4,1988,2.847
4,1989,2.288
4,1990,2.553
4,1991,2.862
4,1992,2.337
4,1993,2.189
4,1994,2.870
4,1995,2.255
4,1996,2.730
4,1997,2.639
4,1998,2.567
4,1999,2.741
4,2000,2.880
4,2001,2.710
4,2002,2.421
4,2003,2.200
4,2004,1.873
4,2005,2.155
4,2006,1.783
4,2007,2.256
4,2008,2.389
4,2009,2.046
4,2010,1.875
4,2011,1.993
4,2012,2.087
4,2013,2.142
4,2014,4.040
4,2015,3.057
4,2016,2.916
4,2017,3.992
4,2018,2.337
4,2019,2.771
4,2020,2.049
4,2021,1.693
4,2022,1.825
4,2023,1.739
4,2024,1.666
4,2025,1.633
4,2026,1.774
4,2027,2.136
4,2028,1.752
4,2029,1.463
4,2030,1.940
4,2031,1.703
4,2032,1.573
4,2033,1.742
4,2034,2.011
4,2035,1.776
4,2036,1.687
4,2037,1.737
4,2038,1.920
4,2039,1.884
4,2040,2.220
4,2041,1.608
4,2042,1.657
4,2043,1.513
4,2044,1.852
4,2045,2.166
4,2046,1.958
4,2047,1.841
4,2048,1.770
4,2049,2.210
4,2050,2.407
4,2051,1.814
4,2052,2.148
4,2053,2.079
4,2054,2.142
4,2055,2.222
4,2056,2.431
4,2057,2.458
4,2058,2.722
4,2059,3.700
4,2060,3.212
4,2061,2.489
4,2062,2.414
4,2063,2.409
4,2064,2.694
4,2065,3.086
4,2066,2.558
4,2067,2.302
4,2068,2.188
4,2069,2.567
4,2070,2.033
4,2071,2.914
4,2072,2.528
4,2073,2.212
4,2074,2.367
4,2075,2.302
4,2076,2.220
4,2077,2.316
4,2078,3.377
4,2079,2.373
4,2080,2.343
4,2081,2.238
4,2082,2.232
4,2083,2.241
4,2084,1.983
4,2085,2.498
4,2086,2.400
4,2087,2.105
4,2088,2.116
4,2089,2.228
4,2090,2.218
4,2091,2.266
4,2092,2.307
4,2093,2.548
4,2094,2.132
4,2095,2.183
4,2096,1.968
4,2097,2.086
4,2098,2.269
4,2099,2.427
4,2100,2.603
4,2101,2.643
4,2102,2.221
4,2103,2.350
4,2104,2.329
4,2105,2.101
4,2106,2.463
4,2107,2.192
4,2108,2.280
4,2109,2.506
4,2110,2.164
4,2111,2.176
4,2112,2.294
4,2113,3.029
4,2114,2.198
4,2115,2.039
4,2116,2.197
4,2117,2.671
4,2118,2.049
4,2119,2.418
4,2120,2.180
4,2121,2.540
4,2122,2.279
4,2123,2.434
4,2124,2.267
4,2125,2.839
4,2126,2.438
4,2127,2.249
4,2128,2.296
4,2129,2.331
4,2130,2.172
4,2131,1.913
4,2132,2.178
4,2133,2.474
4,2134,2.311
4,2135,2.074
4,2136,2.021
4,2137,2.064
4,2138,2.067
4,2139,2.053
4,2140,2.014
4,2141,2.412
4,2142,1.984
4,2143,1.938
4,2144,2.212
4,2145,1.866
4,2146,1.958
4,2147,2.091
4,2148,2.530
4,2149,2.337
4,2150,1.820
4,2151,1.795
4,2152,1.663
4,2153,1.785
4,2154,1.782
4,2155,1.657
4,2156,2.510
4,2157,1.991
4,2158,2.549
4,2159,2.016
4,2160,1.722
4,2161,1.694
4,2162,1.600
4,2163,1.602
4,2164,2.701
4,2165,3.118
4,2166,2.999
4,2167,2.399
4,2168,2.589
4,2169,2.184
4,2170,2.244
4,2171,2.207
4,2172,2.168
4,2173,2.672
4,2174,2.404
4,2175,2.391
4,2176,2.448
4,2177,2.158
4,2178,1.953
4,2179,2.288
4,2180,1.874
4,2181,2.378
4,2182,1.731
4,2183,1.572
4,2184,2.210
4,2185,2.301
4,2186,1.809
4,2187,1.468
4,2188,1.462
4,2189,1.473
4,2190,1.610
4,2191,1.973
4,2192,2.272
4,2193,2.131
4,2194,2.016
4,2195,1.861
4,2196,1.881
4,2197,1.791
4,2198,2.086
4,2199,2.510
4,2200,2.931
4,2201,2.363
4,2202,1.984
4,2203,1.946
4,2204,2.016
4,2205,2.220
4,2206,2.485
4,2207,2.237
4,2208,2.409
4,2209,1.928
4,2210,2.078
4,2211,1.865
4,2212,1.727
4,2213,1.817
4,2214,2.442
4,2215,2.857
4,2216,2.735
4,2217,2.590
4,2218,2.471
4,2219,2.363
4,2220,2.245
4,2221,2.599
4,2222,2.231
4,2223,2.577
4,2224,2.017
4,2225,2.123
4,2226,2.146
4,2227,2.550
4,2228,2.509
4,2229,2.021
4,2230,2.139
4,2231,2.569
4,2232,2.228
4,2233,1.808
4,2234,1.699
4,2235,2.792
4,2236,2.157
4,2237,2.058
4,2238,1.656
4,2239,2.051
4,2240,1.885
4,2241,1.655
4,2242,1.565
4,2243,1.790
4,2244,2.286
4,2245,2.201
4,2246,2.273
4,2247,2.225
4,2248,2.305
4,2249,1.534
4,2250,1.506
4,2251,1.990
4,2252,2.240
4,2253,1.755
4,2254,1.541
4,2255,1.392
4,2256,1.565
4,2257,1.950
4,2258,2.128
4,2259,1.565
4,2260,1.857
4,2261,2.149
4,2262,1.799
4,2263,2.127
4,2264,1.955
4,2265,1.895
4,2266,1.753
4,2267,1.977
4,2268,2.460
4,2269,2.037
4,2270,1.690
4,2271,1.872
4,2272,1.654
4,2273,1.764
4,2274,1.659
4,2275,1.775
4,2276,2.290
4,2277,2.995
4,2278,2.417
4,2279,1.960
4,2280,1.793
4,2281,1.972
4,2282,2.027
4,2283,1.948
4,2284,2.623
4,2285,2.351
4,2286,1.976
4,2287,2.051
4,2288,2.664
4,2289,2.359
4,2290,2.651
4,2291,2.793
4,2292,2.069
4,2293,2.228
4,2294,2.290
4,2295,2.007
4,2296,2.010
4,2297,1.928
4,2298,2.124
4,2299,2.305
4,2300,2.274
4,2301,2.220
4,2302,1.817
4,2303,2.021
4,2304,2.104
4,2305,2.186
4,2306,2.244
4,2307,2.508
4,2308,2.328
4,2309,2.601
4,2310,3.145
4,2311,2.161
4,2312,2.693
4,2313,2.410
4,2314,2.480
4,2315,2.223
4,2316,2.076
4,2317,1.889
4,2318,2.010
4,2319,2.308
4,2320,2.164
4,2321,2.242
4,2322,2.549
4,2323,2.127
4,2324,2.087
4,2325,2.144
4,2326,2.892
4,2327,2.455
4,2328,2.150
4,2329,2.150
4,2330,2.458
4,2331,2.445
4,2332,1.628
4,2333,2.222
4,2334,2.265
4,2335,1.951
4,2336,1.982
4,2337,2.073
4,2338,2.426
4,2339,1.670
4,2340,1.909
4,2341,2.516
4,2342,2.122
4,2343,2.270
4,2344,2.106
4,2345,2.129
4,2346,2.368
4,2347,2.140
4,2348,2.519
4,2349,2.199
4,2350,2.465
4,2351,1.810
4,2352,1.796
4,2353,2.195
4,2354,2.627
4,2355,2.860
4,2356,2.623
4,2357,2.064
4,2358,2.056
4,2359,2.217
4,2360,1.985
4,2361,2.017
4,2362,2.996
4,2363,1.898
4,2364,1.425
4,2365,1.527
4,2366,1.771
4,2367,1.589
4,2368,1.675
4,2369,2.135
4,2370,2.375
4,2371,2.796
4,2372,2.639
4,2373,2.311
4,2374,1.591
4,2375,1.695
4,2376,1.946
4,2377,2.458
4,2378,2.381
4,2379,2.423
4,2380,1.923
4,2381,1.625
4,2382,1.788
4,2383,1.981
4,2384,1.671
4,2385,2.854
4,2386,2.253
4,2387,1.869
4,2388,1.938
4,2389,1.779
4,2390,1.663
4,2391,1.506
4,2392,1.419
4,2393,1.992
4,2394,1.954
4,2395,1.573
4,2396,1.497
4,2397,1.883
4,2398,2.236
4,2399,1.905
4,2400,1.635
4,2401,1.789
4,2402,2.305
4,2403,2.073
4,2404,2.433
4,2405,2.591
4,2406,2.281
4,2407,1.997
4,2408,1.943
4,2409,2.017
4,2410,1.993
4,2411,2.052
4,2412,1.730
4,2413,1.609
4,2414,1.917
4,2415,2.045
4,2416,1.720
4,2417,1.694
4,2418,2.043
4,2419,2.040
4,2420,1.508
4,2421,1.488
4,2422,1.930
4,2423,1.726
4,2424,1.673
4,2425,1.991
4,2426,2.073
4,2427,1.867
4,2428,1.663
4,2429,1.586
4,2430,2.379
4,2431,1.755
4,2432,1.552
4,2433,1.813
4,2434,3.540
4,2435,2.851
4,2436,2.825
4,2437,2.490
4,2438,2.178
4,2439,1.964
4,2440,2.466
4,2441,2.509
4,2442,2.067
4,2443,1.922
4,2444,1.518
4,2445,1.691
4,2446,1.806
4,2447,1.646
4,2448,2.188
4,2449,2.047
4,2450,1.957
4,2451,1.549
4,2452,1.637
4,2453,1.927
4,2454,2.239
4,2455,1.672
4,2456,2.360
4,2457,2.171
4,2458,1.867
4,2459,2.164
4,2460,1.962
4,2461,1.758
4,2462,1.702
4,2463,2.076
4,2464,2.583
4,2465,1.769
4,2466,1.535
4,2467,1.710
4,2468,1.940
4,2469,2.062
4,2470,1.902
4,2471,1.980
4,2472,1.758
4,2473,1.621
4,2474,1.678
4,2475,1.807
4,2476,1.496
4,2477,1.438
4,2478,1.827
4,2479,1.849
4,2480,2.204
4,2481,2.368
4,2482,2.023
4,2483,1.946
4,2484,1.772
4,2485,1.891
4,2486,1.986
4,2487,1.963
4,2488,2.009
4,2489,2.336
4,2490,2.118
4,2491,1.638
4,2492,1.475
4,2493,1.753
4,2494,1.574
4,2495,1.405
4,2496,1.740
4,2497,3.081
4,2498,2.716
4,2499,2.499
4,2500,2.563
4,2501,1.983
4,2502,1.847
4,2503,2.054
4,2504,2.578
4,2505,2.590
4,2506,2.058
4,2507,2.088
4,2508,2.134
4,2509,2.281
4,2510,2.087
4,2511,2.484
4,2512,2.557
4,2513,2.042
4,2514,1.962
4,2515,1.951
4,2516,1.949
4,2517,1.996
4,2518,2.178
4,2519,2.527
4,2520,2.089
4,2521,1.628
4,2522,1.636
4,2523,1.604
4,2524,1.678
4,2525,1.505
4,2526,1.585
4,2527,1.839
4,2528,2.311
4,2529,1.979
4,2530,2.503
4,2531,1.851
4,2532,1.742
4,2533,1.919
4,2534,1.718
4,2535,1.691
4,2536,1.753
4,2537,2.106
4,2538,1.833
4,2539,1.907
4,2540,1.840
4,2541,1.631
4,2542,1.625
4,2543,1.538
4,2544,1.536
4,2545,2.762
4,2546,1.997
4,2547,1.502
4,2548,1.597
4,2549,1.978
4,2550,1.664
4,2551,1.779
4,2552,1.663
4,2553,1.957
4,2554,2.206
4,2555,1.756
4,2556,1.783
4,2557,2.012
4,2558,1.966
4,2559,1.851
4,2560,1.962
4,2561,2.510
4,2562,2.267
4,2563,2.088
4,2564,1.800
4,2565,1.515
4,2566,1.745
4,2567,2.003
4,2568,1.480
4,2569,1.432
4,2570,1.753
4,2571,1.764
4,2572,1.808
4,2573,1.718
4,2574,1.489
4,2575,1.641
4,2576,1.538
4,2577,1.496
4,2578,1.943
4,2579,2.034
4,2580,1.635
4,2581,1.524
4,2582,1.520
4,2583,2.204
4,2584,2.235
4,2585,1.664
4,2586,1.760
4,2587,1.883
4,2588,2.398
4,2589,2.088
4,2590,1.944
4,2591,1.697
4,2592,1.505
4,2593,1.493
4,2594,1.692
4,2595,1.761
4,2596,1.714
4,2597,1.696
4,2598,2.071
4,2599,1.632
4,2600,1.578
4,2601,1.841
4,2602,1.699
4,2603,1.553
4,2604,1.505
4,2605,1.974
4,2606,2.609
4,2607,1.941
4,2608,1.947
4,2609,2.072
4,2610,1.963
4,2611,2.401
4,2612,2.427
4,2613,2.459
4,2614,1.949
4,2615,2.271
4,2616,2.414
4,2617,1.924
4,2618,1.797
4,2619,2.080
4,2620,2.197
4,2621,1.894
4,2622,1.873
4,2623,1.894
4,2624,2.107
4,2625,3.255
4,2626,2.952
4,2627,2.399
4,2628,2.261
4,2629,2.142
4,2630,1.800
4,2631,1.883
4,2632,2.261
4,2633,2.206
4,2634,2.636
4,2635,2.249
4,2636,2.238
4,2637,3.016
4,2638,2.727
4,2639,3.181
4,2640,2.565
4,2641,2.526
4,2642,2.436
4,2643,2.306
4,2644,2.275
4,2645,2.624
4,2646,3.571
4,2647,3.689
4,2648,4.268
4,2649,3.759
4,2650,3.379
4,2651,3.927
4,2652,3.094
4,2653,2.880
4,2654,2.985
4,2655,3.992
4,2656,3.946
4,2657,3.112
4,2658,2.867
4,2659,3.463
4,2660,2.898
4,2661,2.863
4,2662,4.150
4,2663,3.531
4,2664,3.761
4,2665,3.911
4,2666,3.876
4,2667,3.762
4,2668,3.387
4,2669,2.870
4,2670,2.840
4,2671,2.974
4,2672,2.788
4,2673,3.272
4,2674,3.282
4,2675,2.683
4,2676,2.919
4,2677,2.853
4,2678,2.818
4,2679,3.119
4,2680,2.557
4,2681,2.694
4,2682,2.944
4,2683,2.501
4,2684,2.679
4,2685,3.374
4,2686,3.238
4,2687,2.474
4,2688,2.655
4,2689,5.973
4,2690,3.473
4,2691,4.263
4,2692,3.212
4,2693,2.747
4,2694,3.041
4,2695,2.915
4,2696,3.029
4,2697,3.484
4,2698,3.435
4,2699,3.442
4,2700,3.519
4,2701,3.566
4,2702,3.178
4,2703,2.715
4,2704,3.163
4,2705,2.706
4,2706,2.714
4,2707,2.762
4,2708,2.768
4,2709,2.589
4,2710,2.655
4,2711,2.384
4,2712,2.445
4,2713,2.492
4,2714,2.572
4,2715,3.428
4,2716,2.630
4,2717,2.397
4,2718,2.584
4,2719,2.415
4,2720,2.428
4,2721,3.303
4,2722,4.594
4,2723,3.328
4,2724,2.799
4,2725,3.042
4,2726,3.902
4,2727,3.313
4,2728,2.762
4,2729,2.646
4,2730,3.672
4,2731,3.516
4,2732,2.794
4,2733,3.449
4,2734,2.595
4,2735,2.513
4,2736,2.578
4,2737,2.205
4,2738,2.359
4,2739,2.169
4,2740,2.357
4,2741,2.329
4,2742,3.214
4,2743,2.611
4,2744,2.648
4,2745,2.727
4,2746,2.677
4,2747,2.856
4,2748,3.654
4,2749,3.625
4,2750,2.927
4,2751,2.667
4,2752,2.620
4,2753,3.323
4,2754,2.302
4,2755,2.180
4,2756,2.559
4,2757,2.365
4,2758,2.144
4,2759,2.319
4,2760,3.472
4,2761,2.422
4,2762,2.322
4,2763,2.291
4,2764,2.847
4,2765,2.384
4,2766,2.850
4,2767,2.859
4,2768,2.741
4,2769,2.519
4,2770,2.195
4,2771,2.025
4,2772,2.209
4,2773,2.139
4,2774,1.812
4,2775,1.934
4,2776,1.600
4,2777,1.778
4,2778,1.668
4,2779,1.530
4,2780,1.855
4,2781,2.296
4,2782,2.160
4,2783,1.884
4,2784,2.105
4,2785,1.665
4,2786,1.622
4,2787,1.757
4,2788,2.274
4,2789,1.827
4,2790,1.575
4,2791,1.627
4,2792,1.812
4,2793,1.874
4,2794,2.521
4,2795,1.896
4,2796,2.058
4,2797,1.906
4,2798,2.099
4,2799,2.235
4,2800,2.222
4,2801,2.162
4,2802,2.651
4,2803,2.361
4,2804,2.029
4,2805,2.133
4,2806,2.129
4,2807,2.299
4,2808,2.453
4,2809,2.530
4,2810,2.908
4,2811,2.305
4,2812,2.004
4,2813,2.142
4,2814,2.335
4,2815,2.366
4,2816,2.610
4,2817,2.583
4,2818,1.892
4,2819,1.606
4,2820,1.794
4,2821,1.731
4,2822,1.571
4,2823,1.593
4,2824,1.726
4,2825,2.677
4,2826,2.286
4,2827,1.870
4,2828,1.671
4,2829,1.567
4,2830,1.533
4,2831,1.668
4,2832,1.947
4,2833,1.993
4,2834,2.208
4,2835,2.533
4,2836,2.027
4,2837,1.685
4,2838,1.649
4,2839,1.767
4,2840,1.870
4,2841,2.180
4,2842,2.652
4,2843,1.996
4,2844,1.987
4,2845,1.727
4,2846,1.721
4,2847,1.688
4,2848,1.657
4,2849,2.477
4,2850,2.098
4,2851,1.776
4,2852,1.791
4,2853,1.979
4,2854,1.555
4,2855,1.512
4,2856,1.606
4,2857,1.957
4,2858,1.970
4,2859,1.669
4,2860,1.594
4,2861,1.654
4,2862,1.582
4,2863,2.376
4,2864,1.785
4,2865,1.591
4,2866,1.887
4,2867,1.807
4,2868,1.963
4,2869,2.368
4,2870,1.978
4,2871,2.006
4,2872,2.296
4,2873,1.999
4,2874,2.249
4,2875,2.052
4,2876,1.708
4,2877,1.544
4,2878,1.663
4,2879,1.756
4,2880,1.551
4,2881,1.763
4,2882,1.819
4,2883,2.158
4,2884,2.070
4,2885,1.707
4,2886,1.612
4,2887,1.641
4,2888,1.584
4,2889,1.554
4,2890,1.824
4,2891,2.175
4,2892,1.702
4,2893,1.677
4,2894,1.822
4,2895,1.851
4,2896,2.095
4,2897,1.648
4,2898,1.816
4,2899,1.997
4,2900,2.728
4,2901,2.183
4,2902,2.047
4,2903,1.940
4,2904,1.843
4,2905,2.109
4,2906,1.997
4,2907,2.234
4,2908,2.762
4,2909,2.027
4,2910,2.312
4,2911,2.087
4,2912,1.868
4,2913,1.702
4,2914,1.990
4,2915,2.479
4,2916,2.396
4,2917,2.248
4,2918,2.072
4,2919,2.154
4,2920,2.389
4,2921,2.148
4,2922,2.309
4,2923,1.835
4,2924,2.331
4,2925,1.680
4,2926,1.598
4,2927,1.608
4,2928,1.723
4,2929,1.710
4,2930,1.793
4,2931,2.187
4,2932,2.100
4,2933,2.096
4,2934,1.730
4,2935,1.844
4,2936,1.882
4,2937,1.783
4,2938,1.600
4,2939,2.158
4,2940,2.512
4,2941,2.250
4,2942,2.808
4,2943,2.200
4,2944,2.721
4,2945,2.471
4,2946,2.264
4,2947,2.101
4,2948,2.086
4,2949,1.713
4,2950,1.865
4,2951,1.690
4,2952,1.684
4,2953,1.611
4,2954,1.861
4,2955,1.763
4,2956,1.628
4,2957,1.613
4,2958,1.573
4,2959,1.569
4,2960,2.392
4,2961,1.618
4,2962,1.760
4,2963,1.931
4,2964,1.850
4,2965,1.923
4,2966,1.591
4,2967,1.524
4,2968,1.677
4,2969,1.677
4,2970,1.967
4,2971,2.964
4,2972,1.926
4,2973,1.610
4,2974,1.550
4,2975,1.559
4,2976,1.539
4,2977,1.493
4,2978,1.485
4,2979,1.836
4,2980,2.684
4,2981,1.836
4,2982,1.824
4,2983,1.739
4,2984,1.541
4,2985,1.609
4,2986,1.689
4,2987,1.884
4,2988,2.097
4,2989,2.420
4,2990,1.895
4,2991,1.583
4,2992,1.638
4,2993,1.739
4,2994,1.677
4,2995,1.631
4,2996,1.915
4,2997,2.240
4,2998,3.243
4,2999,2.181
4,3000,2.165
4,3001,1.881
4,3002,1.776
4,3003,1.609
4,3004,1.989
4,3005,1.941
4,3006,1.973
4,3007,1.612
4,3008,1.992
4,3009,1.706
4,3010,1.510
4,3011,1.526
4,3012,1.589
4,3013,2.144
4,3014,2.224
4,3015,1.872
4,3016,2.560
4,3017,2.375
4,3018,2.315
4,3019,2.478
4,3020,2.241
4,3021,2.438
4,3022,2.536
4,3023,2.668
4,3024,2.511
4,3025,2.730
4,3026,2.914
4,3027,2.513
4,3028,2.344
4,3029,2.341
4,3030,3.033
4,3031,2.392
4,3032,3.438
4,3033,2.836
4,3034,2.073
4,3035,2.358
4,3036,2.137
4,3037,2.636
4,3038,2.642
4,3039,1.988
4,3040,2.415
4,3041,2.544
4,3042,2.809
4,3043,2.545
4,3044,3.031
4,3045,2.702
4,3046,2.883
4,3047,2.325
4,3048,2.605
4,3049,2.650
4,3050,2.988
4,3051,2.935
4,3052,2.254
4,3053,2.739
4,3054,2.491
4,3055,2.560
4,3056,3.005
4,3057,2.563
4,3058,2.772
4,3059,3.134
4,3060,2.721
4,3061,3.929
4,3062,2.656
4,3063,2.878
4,3064,3.012
4,3065,2.725
4,3066,2.854
4,3067,2.942
4,3068,2.675
4,3069,2.021
4,3070,1.586
4,3071,2.141
4,3072,2.002
4,3073,1.688
4,3074,3.156
4,3075,2.813
4,3076,2.127
4,3077,1.801
4,3078,1.967
4,3079,2.282
4,3080,2.104
4,3081,2.692
4,3082,1.833
4,3083,1.629
4,3084,1.831
4,3085,1.913
4,3086,1.744
4,3087,1.593
4,3088,2.644
4,3089,1.885
4,3090,1.682
4,3091,1.727
4,3092,1.820
4,3093,1.696
4,3094,1.611
4,3095,1.942
4,3096,2.624
4,3097,2.167
4,3098,1.628
4,3099,1.821
4,3100,1.636
4,3101,1.738
4,3102,1.738
4,3103,1.828
4,3104,2.225
4,3105,2.553
4,3106,3.313
4,3107,1.900
4,3108,1.669
4,3109,2.162
4,3110,3.028
4,3111,2.297
4,3112,2.410
4,3113,2.266
4,3114,1.706
4,3115,2.010
4,3116,1.680
4,3117,1.550
4,3118,1.636
4,3119,2.159
4,3120,2.231
4,3121,1.749
4,3122,1.843
4,3123,1.783
4,3124,1.725
4,3125,1.734
4,3126,2.038
4,3127,2.291
4,3128,2.374
4,3129,2.246
4,3130,2.412
4,3131,3.320
4,3132,2.478
4,3133,2.340
4,3134,2.400
4,3135,2.084
4,3136,1.849
4,3137,1.711
4,3138,1.604
4,3139,2.805
4,3140,1.685
4,3141,2.004
4,3142,2.441
4,3143,2.246
4,3144,2.285
4,3145,2.166
4,3146,2.001
4,3147,2.071
4,3148,2.346
4,3149,2.524
4,3150,1.617
4,3151,1.638
4,3152,1.847
4,3153,1.896
4,3154,2.205
4,3155,2.169
4,3156,2.280
4,3157,1.785
4,3158,1.838
4,3159,1.945
4,3160,1.778
4,3161,1.665
4,3162,1.623
4,3163,2.220
4,3164,2.171
4,3165,1.950
4,3166,1.922
4,3167,1.802
4,3168,1.584
4,3169,1.918
4,3170,1.944
4,3171,1.895
4,3172,1.768
4,3173,1.686
4,3174,1.997
4,3175,2.243
4,3176,1.576
4,3177,1.814
4,3178,1.907
4,3179,2.307
4,3180,3.132
4,3181,1.973
4,3182,1.700
4,3183,1.564
4,3184,2.238
4,3185,1.749
4,3186,1.565
4,3187,1.592
4,3188,2.776
4,3189,2.272
4,3190,2.073
4,3191,2.091
4,3192,2.033
4,3193,2.163
4,3194,3.052
4,3195,3.092
4,3196,2.918
4,3197,2.811
4,3198,2.092
4,3199,2.156
4,3200,3.136
4,3201,2.800
4,3202,3.183
4,3203,2.610
4,3204,2.735
4,3205,2.464
4,3206,3.202
4,3207,2.342
4,3208,1.990
4,3209,2.242
4,3210,2.524
4,3211,2.400
4,3212,2.116
4,3213,2.719
4,3214,1.674
4,3215,1.533
4,3216,1.781
4,3217,1.793
4,3218,1.876
4,3219,1.851
4,3220,1.792
4,3221,2.048
4,3222,2.383
4,3223,2.209
4,3224,2.552
4,3225,1.915
4,3226,1.972
4,3227,1.879
4,3228,2.096
4,3229,2.339
4,3230,2.796
4,3231,1.857
4,3232,1.537
4,3233,1.937
4,3234,1.808
4,3235,1.669
4,3236,1.913
4,3237,2.156
4,3238,2.128
4,3239,2.070
4,3240,1.899
4,3241,1.762
4,3242,1.526
4,3243,1.648
4,3244,1.903
4,3245,2.277
4,3246,2.326
4,3247,2.446
4,3248,2.962
4,3249,2.113
4,3250,2.108
4,3251,1.877
4,3252,2.981
4,3253,2.569
4,3254,2.335
4,3255,2.871
4,3256,2.563
4,3257,2.283
4,3258,2.405
4,3259,2.242
4,3260,2.319
4,3261,2.385
4,3262,2.953
4,3263,2.428
4,3264,2.681
4,3265,2.324
4,3266,1.909
4,3267,2.252
4,3268,2.032
4,3269,2.301
4,3270,2.871
4,3271,2.373
4,3272,2.315
4,3273,2.318
4,3274,2.031
4,3275,2.164
4,3276,2.061
4,3277,2.142
4,3278,3.033
4,3279,2.892
4,3280,2.615
4,3281,2.342
4,3282,2.449
4,3283,2.801
4,3284,3.094
4,3285,2.893
4,3286,1.919
4,3287,2.234
4,3288,2.157
4,3289,2.140
4,3290,2.870
4,3291,2.328
4,3292,2.117
4,3293,2.673
4,3294,2.191
4,3295,2.141
4,3296,2.121
4,3297,3.059
4,3298,2.210
4,3299,2.099
4,3300,2.165
4,3301,2.569
4,3302,2.516
4,3303,2.254
4,3304,2.267
4,3305,2.200
4,3306,2.134
4,3307,2.216
4,3308,2.142
4,3309,2.927
4,3310,2.608
4,3311,2.711
4,3312,1.980
4,3313,2.144
4,3314,2.350
4,3315,2.230
4,3316,2.751
4,3317,2.333
4,3318,2.284
4,3319,2.382
4,3320,2.095
4,3321,2.181
4,3322,2.067
4,3323,2.581
4,3324,3.035
4,3325,2.773
4,3326,2.679
4,3327,2.566
4,3328,2.462
4,3329,2.536
4,3330,2.400
4,3331,3.470
4,3332,2.355
4,3333,2.464
4,3334,2.490
4,3335,2.249
4,3336,2.687
4,3337,2.425
4,3338,2.801
4,3339,2.261
4,3340,1.930
4,3341,1.949
4,3342,2.287
4,3343,2.916
4,3344,2.013
4,3345,1.899
4,3346,2.154
4,3347,1.775
4,3348,2.129
4,3349,2.158
4,3350,2.474
4,3351,2.163
4,3352,2.184
4,3353,2.373
4,3354,2.428
4,3355,2.107
4,3356,2.578
4,3357,2.255
4,3358,1.940
4,3359,1.864
4,3360,1.732
4,3361,1.876
4,3362,2.300
4,3363,1.964
4,3364,2.162
4,3365,2.152
4,3366,2.319
4,3367,2.308
4,3368,2.191
4,3369,2.252
4,3370,2.336
4,3371,2.177
4,3372,1.610
4,3373,1.492
4,3374,1.595
4,3375,1.704
4,3376,1.791
4,3377,2.246
4,3378,1.806
4,3379,2.362
4,3380,1.628
4,3381,1.633
4,3382,1.977
4,3383,1.619
4,3384,1.625
4,3385,1.671
4,3386,1.709
4,3387,1.657
4,3388,1.915
4,3389,2.128
4,3390,1.845
4,3391,1.608
4,3392,1.491
4,3393,1.662
4,3394,2.022
4,3395,1.755
4,3396,1.713
4,3397,1.909
4,3398,2.334
4,3399,2.287
4,3400,1.557
4,3401,1.672
4,3402,1.917
4,3403,1.728
4,3404,2.184
4,3405,2.246
4,3406,2.059
4,3407,1.802
4,3408,2.456
4,3409,1.994
4,3410,1.613
4,3411,1.552
4,3412,1.739
4,3413,1.683
4,3414,1.844
4,3415,1.930
4,3416,2.103
4,3417,2.375
4,3418,1.651
4,3419,1.994
4,3420,2.026
4,3421,1.562
4,3422,1.509
4,3423,2.152
4,3424,1.988
4,3425,1.865
4,3426,2.002
4,3427,1.892
4,3428,1.767
4,3429,1.631
4,3430,1.946
4,3431,2.499
4,3432,2.018
4,3433,1.768
4,3434,1.917
4,3435,2.385
4,3436,1.659
4,3437,1.678
4,3438,1.910
4,3439,1.791
4,3440,1.931
4,3441,1.954
4,3442,1.683
4,3443,1.585
4,3444,1.712
4,3445,2.379
4,3446,2.038
4,3447,1.552
4,3448,1.839
4,3449,2.362
4,3450,1.918
4,3451,1.816
4,3452,2.058
4,3453,2.065
4,3454,2.161
4,3455,1.842
4,3456,3.840
4,3457,2.301
4,3458,2.305
4,3459,2.413
4,3460,5.081
4,3461,3.286
4,3462,2.760
4,3463,2.514
4,3464,2.406
4,3465,2.631
4,3466,3.473
4,3467,3.231
4,3468,2.532
4,3469,2.608
4,3470,2.629
4,3471,3.351
4,3472,3.077
4,3473,4.875
4,3474,2.966
4,3475,3.067
4,3476,3.908
4,3477,2.422
4,3478,2.465
4,3479,2.243
4,3480,1.818
4,3481,1.874
4,3482,2.499
4,3483,2.258
4,3484,2.134
4,3485,1.991
4,3486,2.300
4,3487,1.926
4,3488,2.021
4,3489,2.245
4,3490,2.363
4,3491,2.469
4,3492,2.167
4,3493,2.537
4,3494,2.952
4,3495,2.024
4,3496,2.610
4,3497,2.241
4,3498,1.805
4,3499,1.589
4,3500,1.507
4,3501,1.610
4,3502,1.620
4,3503,2.003
4,3504,1.749
4,3505,2.563
4,3506,2.174
4,3507,2.507
4,3508,2.239
4,3509,1.755
4,3510,1.513
4,3511,1.572
4,3512,2.313
4,3513,2.112
4,3514,1.610
4,3515,1.744
4,3516,1.746
4,3517,1.672
4,3518,2.168
4,3519,2.234
4,3520,1.810
4,3521,2.004
4,3522,1.829
4,3523,1.814
4,3524,1.597
4,3525,1.568
4,3526,1.682
4,3527,1.629
4,3528,1.639
4,3529,1.709
4,3530,2.072
4,3531,2.265
4,3532,1.668
4,3533,1.495
4,3534,1.847
4,3535,1.770
4,3536,1.448
4,3537,1.454
4,3538,1.682
4,3539,2.008
4,3540,2.120
4,3541,2.052
4,3542,1.747
4,3543,1.636
4,3544,1.638
4,3545,1.830
4,3546,2.344
4,3547,2.086
4,3548,2.063
4,3549,2.134
4,3550,2.586
4,3551,1.890
4,3552,1.774
4,3553,1.651
4,3554,1.553
4,3555,2.602
4,3556,2.313
4,3557,2.183
4,3558,2.226
4,3559,2.859
4,3560,2.253
4,3561,3.077
4,3562,2.324
4,3563,1.810
4,3564,1.573
4,3565,1.632
4,3566,1.588
4,3567,1.979
4,3568,1.760
4,3569,2.310
4,3570,2.659
4,3571,1.737
4,3572,1.645
4,3573,1.639
4,3574,1.836
4,3575,1.806
4,3576,2.396
4,3577,2.143
4,3578,1.666
4,3579,1.675
4,3580,1.863
4,3581,1.541
4,3582,1.436
4,3583,1.582
4,3584,1.673
4,3585,1.628
4,3586,2.612
4,3587,2.071
4,3588,1.700
4,3589,1.520
4,3590,1.432
4,3591,1.694
4,3592,1.749
4,3593,1.559
4,3594,1.691
4,3595,1.811
4,3596,2.313
4,3597,2.279
4,3598,1.803
4,3599,1.830
4,3600,1.649
4,3601,1.463
4,3602,1.709
4,3603,2.231
4,3604,2.271
4,3605,2.225
4,3606,1.676
4,3607,1.909
4,3608,1.686
4,3609,1.557
4,3610,1.581
4,3611,1.659
4,3612,2.252
4,3613,1.977
4,3614,1.756
4,3615,1.879
4,3616,1.566
4,3617,1.455
4,3618,1.616
4,3619,1.836
4,3620,1.791
4,3621,3.149
4,3622,2.126
4,3623,1.877
4,3624,2.969
4,3625,2.474
4,3626,1.866
4,3627,1.603
4,3628,2.750
4,3629,2.669
4,3630,2.083
4,3631,2.041
4,3632,2.923
4,3633,2.023
4,3634,2.168
4,3635,2.531
4,3636,2.274
4,3637,2.155
4,3638,1.764
4,3639,1.740
4,3640,2.580
4,3641,2.198
4,3642,2.162
4,3643,2.055
4,3644,2.170
4,3645,1.989
4,3646,2.309
4,3647,2.127
4,3648,2.628
4,3649,2.039
4,3650,2.139
4,3651,1.748
4,3652,1.577
4,3653,1.667
4,3654,1.891
4,3655,1.755
4,3656,1.729
4,3657,1.863
4,3658,1.869
4,3659,2.212
4,3660,2.069
4,3661,2.256
4,3662,1.647
4,3663,1.532
4,3664,1.438
4,3665,1.599
4,3666,1.572
4,3667,2.250
4,3668,1.853
4,3669,17.811
4,3670,2.682
4,3671,1.844
4,3672,1.635
4,3673,1.851
4,3674,2.272
4,3675,1.859
4,3676,1.934
4,3677,1.769
4,3678,1.728
4,3679,2.319
4,3680,1.741
4,3681,1.484
4,3682,1.629
4,3683,1.654
4,3684,1.518
4,3685,2.137
4,3686,1.763
4,3687,1.594
4,3688,1.555
4,3689,1.847
4,3690,1.700
4,3691,2.158
4,3692,1.755
4,3693,1.625
4,3694,2.412
4,3695,1.990
4,3696,1.874
4,3697,1.662
4,3698,2.079
4,3699,1.658
4,3700,1.499
4,3701,1.603
4,3702,1.940
4,3703,1.927
4,3704,1.755
4,3705,1.776
4,3706,1.629
4,3707,1.843
4,3708,1.979
4,3709,1.719
4,3710,1.518
4,3711,1.413
4,3712,1.683
4,3713,2.069
4,3714,2.020
4,3715,1.704
4,3716,1.712
4,3717,1.768
4,3718,2.342
4,3719,2.220
4,3720,2.304
4,3721,2.012
4,3722,1.726
4,3723,1.567
4,3724,1.544
4,3725,1.524
4,3726,1.547
4,3727,1.872
4,3728,1.687
4,3729,2.159
4,3730,2.196
4,3731,2.267
4,3732,2.260
4,3733,2.438
4,3734,2.003
4,3735,1.956
4,3736,1.774
4,3737,1.625
4,3738,1.544
4,3739,1.924
4,3740,1.704
4,3741,1.472
4,3742,1.579
4,3743,1.758
4,3744,1.560
4,3745,2.931
4,3746,2.166
4,3747,1.741
4,3748,1.472
4,3749,1.430
4,3750,1.741
4,3751,1.760
4,3752,1.632
4,3753,1.664
4,3754,2.270
4,3755,2.520
4,3756,1.674
4,3757,1.442
4,3758,1.655
4,3759,1.626
4,3760,1.471
4,3761,1.603
4,3762,1.770
4,3763,2.186
4,3764,3.367
4,3765,3.096
4,3766,1.800
4,3767,1.399
4,3768,1.402
4,3769,1.469
4,3770,1.474
4,3771,1.966
4,3772,2.367
4,3773,1.884
4,3774,1.975
4,3775,1.554
4,3776,1.593
4,3777,1.896
4,3778,1.566
4,3779,2.027
4,3780,2.922
4,3781,2.789
4,3782,2.679
4,3783,2.397
4,3784,1.938
4,3785,1.753
4,3786,2.555
4,3787,2.420
4,3788,2.398
4,3789,2.332
4,3790,2.405
4,3791,2.312
4,3792,2.425
4,3793,2.248
4,3794,2.083
4,3795,2.606
4,3796,2.009
4,3797,1.786
4,3798,1.873
4,3799,2.418
4,3800,2.252
4,3801,2.222
4,3802,2.094
4,3803,1.676
4,3804,1.557
4,3805,1.674
4,3806,1.559
4,3807,1.517
4,3808,2.241
4,3809,2.235
4,3810,1.989
4,3811,1.535
4,3812,1.508
4,3813,1.716
4,3814,1.547
4,3815,1.629
4,3816,1.716
4,3817,1.751
4,3818,2.350
4,3819,1.988
4,3820,1.821
4,3821,2.426
4,3822,1.839
4,3823,1.598
4,3824,1.763
4,3825,1.673
4,3826,2.042
4,3827,2.091
4,3828,1.946
4,3829,1.792
4,3830,1.492
4,3831,1.594
4,3832,1.874
4,3833,1.591
4,3834,1.649
4,3835,1.870
4,3836,1.905
4,3837,2.600
4,3838,1.687
4,3839,1.679
4,3840,1.736
4,3841,1.596
4,3842,1.524
4,3843,2.023
4,3844,1.980
4,3845,1.646
4,3846,1.611
4,3847,2.198
4,3848,1.972
4,3849,2.002
4,3850,1.821
4,3851,2.147
4,3852,2.130
4,3853,2.010
4,3854,1.947
4,3855,1.789
4,3856,1.872
4,3857,1.518
4,3858,1.822
4,3859,2.001
4,3860,2.442
4,3861,2.273
4,3862,2.066
4,3863,2.069
4,3864,2.008
4,3865,2.408
4,3866,1.809
4,3867,2.052
4,3868,2.259
4,3869,1.890
4,3870,1.946
4,3871,2.192
4,3872,2.246
4,3873,2.810
4,3874,2.756
4,3875,2.212
4,3876,1.983
4,3877,2.287
4,3878,2.099
4,3879,1.843
4,3880,2.015
4,3881,2.636
4,3882,2.641
4,3883,2.307
4,3884,1.971
4,3885,2.208
4,3886,2.141
4,3887,2.033
4,3888,2.092
4,3889,2.594
4,3890,2.401
4,3891,2.101
4,3892,1.904
4,3893,2.419
4,3894,2.111
4,3895,2.618
4,3896,3.024
4,3897,2.686
4,3898,2.321
4,3899,2.264
4,3900,1.811
4,3901,2.261
4,3902,2.448
4,3903,2.340
4,3904,2.245
4,3905,2.570
4,3906,1.919
4,3907,2.528
4,3908,2.396
4,3909,2.203
4,3910,2.555
4,3911,2.702
4,3912,2.611
4,3913,2.324
4,3914,2.274
4,3915,2.244
4,3916,2.878
4,3917,2.278
4,3918,2.034
4,3919,2.357
4,3920,2.804
4,3921,2.137
4,3922,2.584
4,3923,2.379
4,3924,2.502
4,3925,2.482
4,3926,2.346
4,3927,3.051
4,3928,2.693
4,3929,2.343
4,3930,2.574
4,3931,2.422
4,3932,2.391
4,3933,2.499
4,3934,3.250
4,3935,2.824
4,3936,2.782
4,3937,2.254
4,3938,2.419
4,3939,2.268
4,3940,2.727
4,3941,3.005
4,3942,2.293
4,3943,2.373
4,3944,2.505
4,3945,2.059
4,3946,2.161
4,3947,2.988
4,3948,2.644
4,3949,2.261
4,3950,2.258
4,3951,2.084
4,3952,2.199
4,3953,2.051
4,3954,2.543
4,3955,2.269
4,3956,2.579
4,3957,2.358
4,3958,2.095
4,3959,2.057
4,3960,1.980
4,3961,2.519
4,3962,2.524
4,3963,2.058
4,3964,2.205
4,3965,2.280
4,3966,1.806
4,3967,1.554
4,3968,2.023
4,3969,2.100
4,3970,2.076
4,3971,1.992
4,3972,2.047
4,3973,2.273
4,3974,1.842
4,3975,2.466
4,3976,2.449
4,3977,2.302
4,3978,2.502
4,3979,2.628
4,3980,2.802
4,3981,2.389
4,3982,2.202
4,3983,2.798
4,3984,2.332
4,3985,2.081
4,3986,2.342
4,3987,2.266
4,3988,1.849
4,3989,2.013
4,3990,3.077
4,3991,2.430
4,3992,2.417
4,3993,2.168
4,3994,1.743
4,3995,1.902
4,3996,2.003
4,3997,2.707
4,3998,2.451
4,3999,2.176
4,4000,1.690
4,4001,1.870
4,4002,2.353
4,4003,1.897
4,4004,1.778
4,4005,2.225
4,4006,2.391
4,4007,3.463
4,4008,2.280
4,4009,1.864
4,4010,1.738
4,4011,1.508
4,4012,1.864
4,4013,2.075
4,4014,1.531
4,4015,1.582
4,4016,1.982
4,4017,1.662
4,4018,1.484
4,4019,1.550
4,4020,1.755
4,4021,2.369
4,4022,1.860
4,4023,1.875
4,4024,1.833
4,4025,1.683
4,4026,1.583
4,4027,1.583
4,4028,2.171
4,4029,1.971
4,4030,1.783
4,4031,1.804
4,4032,1.871
4,4033,2.086
4,4034,1.652
4,4035,1.687
4,4036,1.498
4,4037,1.416
4,4038,1.753
4,4039,1.890
4,4040,1.617
4,4041,1.460
4,4042,1.398
4,4043,1.502
4,4044,2.126
4,4045,1.768
4,4046,1.438
4,4047,1.531
4,4048,1.897
4,4049,1.762
4,4050,1.719
4,4051,1.834
4,4052,1.892
4,4053,1.750
4,4054,1.910
4,4055,1.735
4,4056,2.206
4,4057,2.315
4,4058,2.953
4,4059,2.375
4,4060,2.197
4,4061,2.161
4,4062,2.169
4,4063,1.563
4,4064,1.915
4,4065,2.427
4,4066,1.833
4,4067,1.739
4,4068,1.992
4,4069,2.086
4,4070,2.096
4,4071,2.337
4,4072,2.157
4,4073,1.880
4,4074,1.759
4,4075,2.092
4,4076,1.824
4,4077,1.639
4,4078,1.850
4,4079,2.077
4,4080,3.347
4,4081,2.002
4,4082,1.991
4,4083,1.797
4,4084,1.811
4,4085,1.941
4,4086,1.991
4,4087,2.293
4,4088,2.253
4,4089,1.730
4,4090,1.641
4,4091,1.489
4,4092,1.490
4,4093,1.627
4,4094,1.465
4,4095,1.514
4,4096,1.889
4,4097,1.929
4,4098,1.987
4,4099,1.937
4,4100,1.792
4,4101,2.120
4,4102,1.533
4,4103,1.372
4,4104,1.426
4,4105,1.791
4,4106,2.006
4,4107,2.179
4,4108,2.123
4,4109,1.727
4,4110,1.539
4,4111,1.451
4,4112,1.855
4,4113,1.521
4,4114,1.670
4,4115,1.552
4,4116,1.512
4,4117,1.635
4,4118,1.600
4,4119,2.054
4,4120,1.568
4,4121,1.587
4,4122,1.452
4,4123,1.741
4,4124,2.039
4,4125,1.880
4,4126,1.524
4,4127,1.501
4,4128,1.466
4,4129,2.284
4,4130,1.793
4,4131,1.606
4,4132,1.656
4,4133,1.810
4,4134,1.862
4,4135,1.828
4,4136,2.248
4,4137,2.168
4,4138,2.378
4,4139,1.866
4,4140,1.989
4,4141,1.845
4,4142,1.538
4,4143,1.461
4,4144,1.634
4,4145,1.439
4,4146,1.468
4,4147,1.635
4,4148,2.204
4,4149,1.593
4,4150,1.871
4,4151,1.781
4,4152,1.901
4,4153,1.789
4,4154,1.516
4,4155,1.436
4,4156,1.444
4,4157,1.488
4,4158,1.737
4,4159,1.684
4,4160,2.832
4,4161,2.784
4,4162,2.247
4,4163,2.908
4,4164,1.915
4,4165,1.533
4,4166,1.916
4,4167,2.619
4,4168,1.890
4,4169,1.703
4,4170,1.983
4,4171,1.747
4,4172,1.571
4,4173,1.761
4,4174,1.583
4,4175,2.180
4,4176,1.707
4,4177,1.783
4,4178,1.817
4,4179,1.756
4,4180,1.484
4,4181,1.446
4,4182,1.628
4,4183,1.579
4,4184,1.477
4,4185,3.206
4,4186,1.686
4,4187,1.422
4,4188,1.466
4,4189,1.524
4,4190,1.725
4,4191,2.038
4,4192,1.716
4,4193,1.900
4,4194,2.663
4,4195,1.975
4,4196,1.579
4,4197,1.639
4,4198,1.763
4,4199,1.540
4,4200,1.372
4,4201,1.414
4,4202,1.430
4,4203,2.222
4,4204,2.437
4,4205,1.947
4,4206,1.862
4,4207,1.757
4,4208,1.470
4,4209,1.543
4,4210,1.437
4,4211,1.547
4,4212,1.844
4,4213,1.942
4,4214,1.865
4,4215,1.483
4,4216,1.486
4,4217,1.555
4,4218,1.807
4,4219,2.271
4,4220,2.136
4,4221,2.213
4,4222,1.923
4,4223,1.976
4,4224,1.883
4,4225,1.764
4,4226,3.434
4,4227,2.928
4,4228,2.229
4,4229,1.819
4,4230,1.845
4,4231,2.507
4,4232,2.017
4,4233,1.924
4,4234,2.228
4,4235,2.158
4,4236,1.971
4,4237,2.242
4,4238,1.887
4,4239,1.963
4,4240,2.112
4,4241,2.326
4,4242,3.141
4,4243,2.152
4,4244,2.042
4,4245,1.785
4,4246,1.920
4,4247,2.674
4,4248,2.067
4,4249,2.858
4,4250,2.266
4,4251,1.843
4,4252,1.494
4,4253,1.674
4,4254,1.637
4,4255,1.455
4,4256,2.912
4,4257,2.068
4,4258,1.909
4,4259,2.067
4,4260,2.016
4,4261,2.077
4,4262,1.942
4,4263,1.970
4,4264,2.728
4,4265,2.172
4,4266,2.396
4,4267,2.087
4,4268,1.635
4,4269,1.425
4,4270,1.622
4,4271,1.782
4,4272,1.736
4,4273,2.203
4,4274,1.966
4,4275,1.697
4,4276,1.683
4,4277,1.510
4,4278,1.557
4,4279,1.640
4,4280,1.572
4,4281,1.601
4,4282,2.942
4,4283,2.570
4,4284,2.034
4,4285,2.231
4,4286,2.176
4,4287,2.194
4,4288,2.371
4,4289,2.412
4,4290,1.758
4,4291,2.889
4,4292,1.833
4,4293,1.584
4,4294,1.482
4,4295,1.658
4,4296,1.896
4,4297,2.113
4,4298,1.876
4,4299,1.850
4,4300,2.252
4,4301,1.667
4,4302,1.691
4,4303,2.308
4,4304,1.945
4,4305,1.792
4,4306,1.920
4,4307,1.826
4,4308,1.445
4,4309,1.905
4,4310,1.634
4,4311,1.440
4,4312,1.463
4,4313,1.675
4,4314,1.858
4,4315,1.648
4,4316,1.636
4,4317,1.619
4,4318,1.700
4,4319,2.090
4,4320,1.884
4,4321,2.081
4,4322,2.020
4,4323,2.002
4,4324,1.734
4,4325,1.596
4,4326,1.616
4,4327,1.550
4,4328,1.489
4,4329,1.464
4,4330,2.520
4,4331,1.725
4,4332,1.539
4,4333,1.518
4,4334,1.577
4,4335,1.555
4,4336,1.697
4,4337,1.426
4,4338,1.550
4,4339,1.566
4,4340,1.436
4,4341,1.922
4,4342,1.882
4,4343,1.607
4,4344,1.381
4,4345,1.451
4,4346,1.480
4,4347,1.505
4,4348,1.477
4,4349,2.016
4,4350,1.900
4,4351,2.197
4,4352,2.245
4,4353,1.745
4,4354,1.633
4,4355,1.733
4,4356,1.530
4,4357,1.474
4,4358,1.403
4,4359,2.041
4,4360,2.418
4,4361,2.020
4,4362,2.657
4,4363,2.152
4,4364,2.352
4,4365,2.223
4,4366,2.512
4,4367,2.340
4,4368,1.892
4,4369,1.526
4,4370,2.013
4,4371,1.635
4,4372,1.754
4,4373,1.484
4,4374,1.680
4,4375,2.315
4,4376,2.088
4,4377,1.682
4,4378,1.487
4,4379,1.715
4,4380,2.241
4,4381,1.608
4,4382,1.467
4,4383,1.829
4,4384,2.206
4,4385,2.227
4,4386,1.861
4,4387,2.036
4,4388,1.963
4,4389,2.298
4,4390,2.134
4,4391,2.326
4,4392,2.621
4,4393,2.975
4,4394,2.700
4,4395,2.449
4,4396,2.353
4,4397,2.197
4,4398,2.600
4,4399,2.213
4,4400,1.956
4,4401,1.726
4,4402,1.853
4,4403,1.934
4,4404,3.279
4,4405,2.290
4,4406,1.552
4,4407,1.513
4,4408,1.570
4,4409,1.513
4,4410,1.461
4,4411,1.403
4,4412,1.381
4,4413,1.809
4,4414,2.495
4,4415,1.656
4,4416,1.479
4,4417,1.547
4,4418,1.633
4,4419,1.630
4,4420,1.582
4,4421,1.381
4,4422,2.770
4,4423,1.971
4,4424,2.385
4,4425,2.373
4,4426,2.104
4,4427,1.979
4,4428,1.960
4,4429,2.261
4,4430,2.207
4,4431,2.360
4,4432,2.177
4,4433,1.834
4,4434,2.543
4,4435,2.006
4,4436,1.663
4,4437,1.542
4,4438,1.677
4,4439,1.971
4,4440,1.671
4,4441,1.731
4,4442,1.692
4,4443,1.706
4,4444,2.134
4,4445,2.411
4,4446,2.159
4,4447,1.791
4,4448,1.617
4,4449,1.638
4,4450,2.893
4,4451,2.156
4,4452,3.119
4,4453,3.261
4,4454,2.958
4,4455,2.625
4,4456,2.835
4,4457,2.693
4,4458,2.513
4,4459,2.030
4,4460,2.178
4,4461,2.177
4,4462,2.101
4,4463,1.966
4,4464,2.195
4,4465,2.044
4,4466,2.240
4,4467,2.177
4,4468,1.868
4,4469,2.149
4,4470,2.196
4,4471,2.492
4,4472,2.678
4,4473,2.265
4,4474,1.853
4,4475,1.901
4,4476,2.029
4,4477,1.969
4,4478,1.944
4,4479,2.050
4,4480,2.903
4,4481,1.852
4,4482,1.502
4,4483,1.583
4,4484,1.445
4,4485,1.509
4,4486,1.788
4,4487,1.635
4,4488,1.509
4,4489,1.800
4,4490,1.946
4,4491,1.793
4,4492,1.737
4,4493,1.434
4,4494,1.374
4,4495,1.425
4,4496,1.683
4,4497,1.517
4,4498,2.313
4,4499,2.311
4,4500,2.770
4,4501,1.790
4,4502,1.893
4,4503,1.891
4,4504,1.779
4,4505,1.749
4,4506,2.075
4,4507,2.041
4,4508,2.086
4,4509,2.168
4,4510,1.918
4,4511,1.906
4,4512,1.922
4,4513,2.365
4,4514,2.521
4,4515,2.027
4,4516,1.941
4,4517,2.638
4,4518,1.833
4,4519,2.109
4,4520,2.203
4,4521,2.021
4,4522,2.681
4,4523,2.127
4,4524,2.061
4,4525,2.395
4,4526,1.914
4,4527,1.972
4,4528,2.302
4,4529,2.985
4,4530,2.839
4,4531,2.385
4,4532,2.458
4,4533,1.828
4,4534,2.117
4,4535,2.343
4,4536,1.744
4,4537,1.852
4,4538,2.069
4,4539,2.039
4,4540,2.062
4,4541,3.056
4,4542,2.475
4,4543,2.049
4,4544,2.821
4,4545,2.352
4,4546,2.785
4,4547,2.850
4,4548,2.700
4,4549,2.372
4,4550,2.440
4,4551,2.221
4,4552,2.372
4,4553,2.262
4,4554,2.339
4,4555,2.750
4,4556,2.465
4,4557,2.051
4,4558,2.048
4,4559,2.174
4,4560,2.134
4,4561,2.795
4,4562,2.367
4,4563,2.742
4,4564,2.418
4,4565,2.795
4,4566,2.215
4,4567,2.658
4,4568,2.532
4,4569,2.523
4,4570,2.952
4,4571,2.025
4,4572,2.137
4,4573,2.242
4,4574,2.173
4,4575,2.291
4,4576,2.166
4,4577,2.237
4,4578,2.501
4,4579,2.049
4,4580,1.971
4,4581,2.352
4,4582,2.233
4,4583,1.963
4,4584,2.354
4,4585,2.365
4,4586,3.138
4,4587,2.306
4,4588,2.451
4,4589,2.269
4,4590,2.277
4,4591,2.128
4,4592,2.116
4,4593,2.728
4,4594,2.091
4,4595,2.691
4,4596,2.243
4,4597,2.093
4,4598,2.178
4,4599,2.252
4,4600,2.047
4,4601,2.515
4,4602,2.478
4,4603,2.318
4,4604,1.920
4,4605,1.867
4,4606,2.704
4,4607,2.477
4,4608,3.275
4,4609,2.834
4,4610,2.285
4,4611,2.689
4,4612,2.492
4,4613,2.343
4,4614,2.445
4,4615,2.260
4,4616,2.303
4,4617,2.017
4,4618,1.942
4,4619,1.730
4,4620,2.036
4,4621,2.028
4,4622,2.077
4,4623,2.240
4,4624,2.473
4,4625,2.626
4,4626,1.949
4,4627,1.987
4,4628,1.723
4,4629,1.790
4,4630,2.403
4,4631,2.015
4,4632,1.879
4,4633,1.503
4,4634,2.570
4,4635,1.898
4,4636,1.592
4,4637,1.501
4,4638,1.937
4,4639,1.957
4,4640,1.825
4,4641,1.612
4,4642,1.746
4,4643,1.621
4,4644,1.812
4,4645,1.960
4,4646,1.920
4,4647,1.780
4,4648,1.538
4,4649,1.551
4,4650,1.777
4,4651,1.833
4,4652,1.662
4,4653,1.521
4,4654,2.367
4,4655,1.696
4,4656,1.923
4,4657,2.607
4,4658,1.803
4,4659,1.462
4,4660,1.404
4,4661,1.643
4,4662,1.665
4,4663,1.622
4,4664,2.277
4,4665,2.797
4,4666,1.832
4,4667,1.615
4,4668,2.197
4,4669,2.057
4,4670,1.673
4,4671,1.537
4,4672,1.754
4,4673,2.243
4,4674,1.719
4,4675,1.573
4,4676,1.782
4,4677,1.609
4,4678,1.654
4,4679,1.665
4,4680,1.699
4,4681,1.559
4,4682,1.609
4,4683,2.171
4,4684,2.000
4,4685,2.181
4,4686,1.710
4,4687,1.723
4,4688,1.911
4,4689,1.794
4,4690,1.715
4,4691,1.984
4,4692,2.408
4,4693,1.556
4,4694,1.465
4,4695,1.777
4,4696,1.676
4,4697,1.475
4,4698,1.561
4,4699,1.542
4,4700,2.062
4,4701,1.962
4,4702,1.852
4,4703,1.723
4,4704,1.729
4,4705,1.570
4,4706,1.622
4,4707,1.895
4,4708,1.633
4,4709,1.914
4,4710,1.838
4,4711,1.881
4,4712,2.683
4,4713,1.765
4,4714,1.653
4,4715,1.950
4,4716,1.743
4,4717,1.916
4,4718,1.972
4,4719,1.763
4,4720,1.552
4,4721,1.715
4,4722,1.670
4,4723,1.835
4,4724,1.570
4,4725,1.458
4,4726,1.905
4,4727,2.033
4,4728,1.949
4,4729,1.646
4,4730,1.693
4,4731,1.985
4,4732,1.838
4,4733,1.438
4,4734,1.801
4,4735,1.944
4,4736,1.715
4,4737,1.544
4,4738,1.976
4,4739,1.834
4,4740,2.443
4,4741,2.431
4,4742,1.883
4,4743,1.837
4,4744,1.918
4,4745,1.988
4,4746,1.666
4,4747,1.549
4,4748,1.529
4,4749,1.691
4,4750,1.702
4,4751,2.362
4,4752,2.439
4,4753,2.027
4,4754,1.598
4,4755,1.818
4,4756,2.128
4,4757,2.307
4,4758,2.123
4,4759,3.191
4,4760,2.095
4,4761,1.752
4,4762,2.070
4,4763,2.080
4,4764,1.967
4,4765,2.569
4,4766,2.502
4,4767,2.356
4,4768,2.042
4,4769,2.193
4,4770,1.902
4,4771,1.798
4,4772,2.055
4,4773,2.636
4,4774,2.794
4,4775,2.986
4,4776,1.930
4,4777,1.972
4,4778,2.322
4,4779,1.854
4,4780,20.493
4,4781,2.167
4,4782,1.690
4,4783,1.809
4,4784,1.628
4,4785,1.527
4,4786,1.666
4,4787,1.902
4,4788,1.729
4,4789,1.714
4,4790,1.789
4,4791,1.987
4,4792,1.619
4,4793,1.480
4,4794,1.605
4,4795,1.861
4,4796,1.835
4,4797,1.640
4,4798,1.698
4,4799,1.784
4,4800,1.523
4,4801,2.048
4,4802,1.751
4,4803,2.021
4,4804,1.879
4,4805,2.379
4,4806,2.933
4,4807,1.853
4,4808,1.614
4,4809,1.745
4,4810,1.953
4,4811,1.713
4,4812,1.627
4,4813,2.026
4,4814,2.501
4,4815,2.076
4,4816,2.190
4,4817,1.818
4,4818,1.499
4,4819,1.789
4,4820,1.778
4,4821,1.851
4,4822,2.324
4,4823,2.091
4,4824,1.832
4,4825,1.631
4,4826,1.581
4,4827,1.818
4,4828,2.014
4,4829,1.707
4,4830,1.672
4,4831,2.046
4,4832,1.887
4,4833,2.053
4,4834,1.956
4,4835,1.992
4,4836,1.648
4,4837,1.908
4,4838,2.218
4,4839,2.746
4,4840,2.161
4,4841,2.282
4,4842,2.236
4,4843,1.965
4,4844,2.074
4,4845,2.863
4,4846,2.492
4,4847,2.088
4,4848,1.703
4,4849,1.591
4,4850,1.550
4,4851,1.863
4,4852,1.794
4,4853,1.548
4,4854,2.091
4,4855,1.989
4,4856,1.888
4,4857,2.133
4,4858,1.768
4,4859,1.958
4,4860,1.766
4,4861,1.466
4,4862,2.013
4,4863,2.427
4,4864,1.650
4,4865,1.419
4,4866,1.541
4,4867,1.871
4,4868,1.834
4,4869,1.487
4,4870,1.467
4,4871,2.096
4,4872,2.017
4,4873,2.112
4,4874,1.907
4,4875,1.559
4,4876,1.466
4,4877,1.371
4,4878,1.484
4,4879,1.554
4,4880,1.678
4,4881,2.081
4,4882,1.879
4,4883,2.236
4,4884,1.648
4,4885,2.104
4,4886,1.738
4,4887,1.709
4,4888,1.490
4,4889,1.736
4,4890,1.998
4,4891,1.696
4,4892,1.460
4,4893,1.796
4,4894,1.733
4,4895,1.476
4,4896,1.578
4,4897,1.569
4,4898,1.690
4,4899,2.004
4,4900,1.675
4,4901,1.426
4,4902,1.661
4,4903,1.763
4,4904,1.748
4,4905,1.739
4,4906,1.595
4,4907,1.762
4,4908,2.856
4,4909,2.327
4,4910,2.233
4,4911,2.078
4,4912,2.393
4,4913,3.043
4,4914,2.101
4,4915,2.276
4,4916,2.029
4,4917,1.947
4,4918,1.705
4,4919,2.134
4,4920,2.710
4,4921,3.137
4,4922,2.160
4,4923,1.812
4,4924,1.598
4,4925,1.843
4,4926,2.217
4,4927,1.732
4,4928,1.597
4,4929,2.046
4,4930,2.439
4,4931,1.929
4,4932,1.619
4,4933,1.444
4,4934,1.394
4,4935,1.553
4,4936,1.520
4,4937,1.568
4,4938,2.282
4,4939,2.089
4,4940,2.222
4,4941,1.716
4,4942,1.656
4,4943,1.600
4,4944,1.561
4,4945,1.634
4,4946,1.452
4,4947,1.408
4,4948,2.783
4,4949,2.073
4,4950,2.123
4,4951,1.473
4,4952,1.565
4,4953,1.644
4,4954,2.249
4,4955,1.947
4,4956,2.264
4,4957,2.134
4,4958,1.915
4,4959,2.347
4,4960,1.906
4,4961,1.698
4,4962,1.692
4,4963,1.800
4,4964,2.541
4,4965,1.913
4,4966,1.899
4,4967,1.646
4,4968,1.779
4,4969,1.727
4,4970,1.657
4,4971,1.630
4,4972,1.538
4,4973,1.852
4,4974,1.967
4,4975,1.859
4,4976,1.599
4,4977,1.416
4,4978,2.214
4,4979,1.511
4,4980,1.496
4,4981,1.670
4,4982,1.706
4,4983,1.820
4,4984,1.637
4,4985,1.531
4,4986,1.642
4,4987,1.780
4,4988,1.765
4,4989,3.502
4,4990,2.184
4,4991,1.891
4,4992,2.017
4,4993,1.898
4,4994,1.772
4,4995,1.624
4,4996,1.512
4,4997,2.361
4,4998,1.651
4,4999,1.802
4,5000,1.867
4,5001,1.715
4,5002,1.484
4,5003,1.422
4,5004,1.459
4,5005,1.600
4,5006,1.567
4,5007,1.750
4,5008,1.513
4,5009,2.387
4,5010,1.847
4,5011,1.806
4,5012,1.885
4,5013,1.868
4,5014,1.841
4,5015,1.535
4,5016,1.462
4,5017,1.907
4,5018,2.162
4,5019,1.945
4,5020,2.209
4,5021,1.906
4,5022,1.640
4,5023,1.530
4,5024,1.629
4,5025,1.799
4,5026,1.935
4,5027,2.242
4,5028,1.858
4,5029,1.557
4,5030,1.595
4,5031,1.568
4,5032,1.483
4,5033,1.486
4,5034,1.467
4,5035,1.462
4,5036,2.328
4,5037,2.265
4,5038,1.464
4,5039,1.367
4,5040,1.430
4,5041,1.463
4,5042,1.424
4,5043,1.593
4,5044,1.481
4,5045,1.659
4,5046,1.792
4,5047,1.628
4,5048,1.872
4,5049,2.243
4,5050,1.774
4,5051,1.660
4,5052,1.518
4,5053,1.618
4,5054,1.936
4,5055,1.867
4,5056,1.518
4,5057,1.740
4,5058,2.080
4,5059,1.580
4,5060,1.737
4,5061,1.995
4,5062,1.741
4,5063,1.872
4,5064,1.662
4,5065,1.941
4,5066,2.036
4,5067,1.517
4,5068,1.734
4,5069,1.769
4,5070,1.604
4,5071,1.697
4,5072,2.944
4,5073,2.753
4,5074,1.915
4,5075,2.456
4,5076,2.815
4,5077,2.110
4,5078,2.555
4,5079,2.272
4,5080,2.241
4,5081,2.426
4,5082,2.194
4,5083,1.915
4,5084,3.800
4,5085,2.837
4,5086,2.511
4,5087,2.280
4,5088,2.076
4,5089,2.070
4,5090,2.735
4,5091,3.162
4,5092,2.593
4,5093,1.929
4,5094,2.194
4,5095,2.492
4,5096,2.584
4,5097,2.813
4,5098,2.857
4,5099,2.477
4,5100,2.949
4,5101,2.556
4,5102,1.981
4,5103,2.591
4,5104,2.127
4,5105,2.113
4,5106,2.133
4,5107,2.028
4,5108,2.030
4,5109,2.346
4,5110,2.693
4,5111,2.726
4,5112,2.633
4,5113,2.564
4,5114,1.924
4,5115,2.264
4,5116,2.605
4,5117,2.340
4,5118,2.254
4,5119,2.125
4,5120,1.881
4,5121,2.980
4,5122,2.789
4,5123,3.149
4,5124,2.206
4,5125,1.960
4,5126,1.876
4,5127,2.056
4,5128,2.283
4,5129,2.035
4,5130,2.606
4,5131,2.840
4,5132,2.932
4,5133,2.929
4,5134,2.625
4,5135,3.409
4,5136,2.715
4,5137,3.048
4,5138,2.517
4,5139,2.141
4,5140,2.359
4,5141,2.737
4,5142,3.421
4,5143,2.986
4,5144,2.588
4,5145,2.006
4,5146,1.948
4,5147,2.038
4,5148,2.358
4,5149,2.478
4,5150,1.776
4,5151,1.997
4,5152,1.996
4,5153,1.810
4,5154,1.872
4,5155,2.335
4,5156,2.408
4,5157,2.780
4,5158,2.599
4,5159,2.207
4,5160,2.064
4,5161,2.016
4,5162,3.105
4,5163,2.362
4,5164,2.563
4,5165,2.111
4,5166,2.289
4,5167,2.032
4,5168,2.316
4,5169,2.449
4,5170,2.279
4,5171,2.141
4,5172,2.272
4,5173,2.035
4,5174,2.075
4,5175,2.464
4,5176,2.411
4,5177,2.432
4,5178,3.089
4,5179,3.284
4,5180,2.386
4,5181,2.652
4,5182,2.654
4,5183,2.416
4,5184,2.577
4,5185,2.604
4,5186,3.008
4,5187,2.543
4,5188,2.272
4,5189,2.255
4,5190,2.471
4,5191,2.203
4,5192,2.030
4,5193,2.492
4,5194,2.221
4,5195,2.355
4,5196,1.993
4,5197,1.930
4,5198,2.030
4,5199,2.213
4,5200,2.548
4,5201,3.054
4,5202,2.459
4,5203,2.402
4,5204,2.447
4,5205,2.427
4,5206,2.268
4,5207,2.613
4,5208,2.914
4,5209,2.333
4,5210,2.418
4,5211,2.466
4,5212,2.468
4,5213,2.309
4,5214,2.749
4,5215,3.158
4,5216,2.302
4,5217,2.327
4,5218,2.504
4,5219,2.349
4,5220,2.826
4,5221,2.581
4,5222,2.581
4,5223,2.137
4,5224,2.079
4,5225,1.972
4,5226,1.974
4,5227,2.668
4,5228,2.489
4,5229,2.101
4,5230,2.342
4,5231,2.097
4,5232,1.862
4,5233,2.097
4,5234,3.503
4,5235,2.301
4,5236,2.060
4,5237,1.855
4,5238,1.908
4,5239,1.861
4,5240,1.969
4,5241,2.294
4,5242,2.449
4,5243,2.043
4,5244,1.827
4,5245,1.687
4,5246,1.881
4,5247,2.320
4,5248,2.014
4,5249,2.064
4,5250,1.869
4,5251,1.798
4,5252,1.719
4,5253,1.705
4,5254,1.708
4,5255,1.648
4,5256,2.037
4,5257,2.092
4,5258,1.717
4,5259,1.515
4,5260,1.424
4,5261,1.577
4,5262,1.546
4,5263,1.600
4,5264,1.615
4,5265,1.655
4,5266,2.288
4,5267,2.255
4,5268,1.806
4,5269,2.243
4,5270,1.823
4,5271,1.559
4,5272,1.495
4,5273,1.604
4,5274,1.985
4,5275,2.235
4,5276,1.649
4,5277,1.596
4,5278,1.415
4,5279,1.383
4,5280,1.530
4,5281,1.661
4,5282,1.465
4,5283,1.555
4,5284,2.160
4,5285,1.770
4,5286,2.237
4,5287,1.569
4,5288,1.416
4,5289,1.521
4,5290,1.478
4,5291,1.386
4,5292,1.520
4,5293,2.048
4,5294,1.785
4,5295,1.622
4,5296,1.637
4,5297,1.931
4,5298,2.288
4,5299,1.757
4,5300,1.653
4,5301,1.899
4,5302,1.821
4,5303,1.650
4,5304,1.438
4,5305,1.477
4,5306,1.613
4,5307,1.878
4,5308,1.448
4,5309,1.526
4,5310,1.774
4,5311,2.089
4,5312,2.002
4,5313,1.766
4,5314,1.633
4,5315,1.841
4,5316,1.536
4,5317,2.202
4,5318,1.618
4,5319,1.474
4,5320,1.857
4,5321,1.992
4,5322,1.607
4,5323,1.413
4,5324,1.415
4,5325,1.575
4,5326,1.550
4,5327,2.460
4,5328,1.666
4,5329,1.837
4,5330,2.206
4,5331,1.844
4,5332,1.788
4,5333,1.686
4,5334,1.631
4,5335,1.616
4,5336,1.832
4,5337,1.659
4,5338,1.853
4,5339,1.879
4,5340,1.515
4,5341,1.627
4,5342,1.528
4,5343,1.382
4,5344,1.788
4,5345,1.613
4,5346,1.773
4,5347,1.453
4,5348,1.926
4,5349,2.018
4,5350,2.008
4,5351,1.593
4,5352,1.408
4,5353,1.451
4,5354,1.633
4,5355,1.452
4,5356,2.616
4,5357,2.793
4,5358,1.948
4,5359,1.568
4,5360,1.530
4,5361,1.710
4,5362,1.512
4,5363,1.460
4,5364,1.421
4,5365,1.642
4,5366,2.612
4,5367,2.100
4,5368,1.816
4,5369,2.071
4,5370,2.032
4,5371,2.440
4,5372,2.591
4,5373,2.198
4,5374,2.485
4,5375,2.101
4,5376,1.958
4,5377,1.722
4,5378,1.718
4,5379,2.116
4,5380,2.663
4,5381,2.892
4,5382,2.744
4,5383,1.879
4,5384,1.923
4,5385,2.059
4,5386,1.850
4,5387,2.106
4,5388,2.210
4,5389,1.653
4,5390,1.430
4,5391,1.652
4,5392,1.452
4,5393,1.460
4,5394,1.362
4,5395,1.366
4,5396,1.592
4,5397,2.013
4,5398,1.637
4,5399,1.468
4,5400,1.390
4,5401,1.532
4,5402,1.802
4,5403,1.729
4,5404,1.680
4,5405,1.660
4,5406,1.542
4,5407,2.010
4,5408,2.264
4,5409,2.628
4,5410,2.142
4,5411,2.483
4,5412,2.112
4,5413,2.269
4,5414,2.504
4,5415,2.255
4,5416,1.655
4,5417,1.586
4,5418,1.648
4,5419,1.570
4,5420,1.796
4,5421,1.542
4,5422,1.662
4,5423,2.505
4,5424,1.910
4,5425,1.667
4,5426,1.815
4,5427,1.687
4,5428,1.546
4,5429,1.768
4,5430,2.453
4,5431,2.118
4,5432,1.673
4,5433,1.522
4,5434,1.745
4,5435,2.019
4,5436,1.725
4,5437,1.717
4,5438,1.725
4,5439,2.302
4,5440,2.048
4,5441,1.932
4,5442,1.612
4,5443,1.543
4,5444,1.743
4,5445,1.997
4,5446,1.678
4,5447,1.389
4,5448,2.327
4,5449,2.528
4,5450,1.882
4,5451,1.614
4,5452,1.472
4,5453,1.578
4,5454,1.479
4,5455,1.377
4,5456,1.429
4,5457,1.938
4,5458,1.909
4,5459,2.694
4,5460,2.285
4,5461,2.861
4,5462,2.718
4,5463,2.572
4,5464,2.645
4,5465,2.375
4,5466,2.790
4,5467,1.982
4,5468,1.838
4,5469,2.489
4,5470,2.425
4,5471,2.341
4,5472,2.639
4,5473,2.535
4,5474,2.957
4,5475,2.422
4,5476,2.981
4,5477,3.435
4,5478,2.611
4,5479,2.526
4,5480,2.917
4,5481,3.062
4,5482,2.990
4,5483,2.621
4,5484,3.546
4,5485,3.228
4,5486,3.511
4,5487,2.585
4,5488,2.516
4,5489,3.979
4,5490,2.679
4,5491,2.566
4,5492,3.222
4,5493,2.633
4,5494,2.291
4,5495,1.875
4,5496,2.042
4,5497,2.325
4,5498,2.099
4,5499,3.372
4,5500,2.985
4,5501,2.187
4,5502,2.557
4,5503,2.129
4,5504,2.079
4,5505,2.934
4,5506,3.075
4,5507,3.589
4,5508,2.607
4,5509,2.712
4,5510,3.305
4,5511,2.855
4,5512,2.864
4,5513,2.953
4,5514,2.115
4,5515,2.240
4,5516,2.038
4,5517,2.172
4,5518,2.668
4,5519,1.945
4,5520,1.928
4,5521,2.694
4,5522,1.910
4,5523,2.318
4,5524,2.776
4,5525,2.326
4,5526,2.085
4,5527,1.875
4,5528,1.638
4,5529,1.704
4,5530,1.575
4,5531,2.008
4,5532,1.825
4,5533,1.497
4,5534,1.532
4,5535,1.718
4,5536,1.568
4,5537,1.470
4,5538,1.415
4,5539,1.581
4,5540,1.814
4,5541,2.117
4,5542,1.964
4,5543,2.615
4,5544,1.847
4,5545,1.556
4,5546,2.038
4,5547,2.070
4,5548,2.026
4,5549,2.199
4,5550,1.969
4,5551,1.709
4,5552,1.485
4,5553,1.674
4,5554,1.815
4,5555,1.513
4,5556,1.436
4,5557,1.951
4,5558,2.488
4,5559,2.569
4,5560,1.646
4,5561,1.716
4,5562,1.606
4,5563,1.548
4,5564,1.593
4,5565,1.892
4,5566,2.732
4,5567,1.712
4,5568,2.093
4,5569,1.859
4,5570,2.073
4,5571,1.705
4,5572,1.926
4,5573,1.977
4,5574,1.956
4,5575,1.843
4,5576,1.846
4,5577,1.966
4,5578,1.507
4,5579,1.549
4,5580,1.778
4,5581,1.852
4,5582,1.862
4,5583,2.064
4,5584,2.157
4,5585,2.218
4,5586,2.700
4,5587,2.127
4,5588,1.723
4,5589,1.872
4,5590,2.169
4,5591,1.675
4,5592,1.424
4,5593,1.408
4,5594,1.763
4,5595,2.248
4,5596,2.142
4,5597,2.184
4,5598,2.460
4,5599,1.630
4,5600,1.692
4,5601,2.093
4,5602,1.712
4,5603,1.604
4,5604,1.877
4,5605,1.779
4,5606,2.050
4,5607,1.795
4,5608,1.607
4,5609,1.741
4,5610,1.511
4,5611,1.445
4,5612,1.825
4,5613,1.835
4,5614,1.906
4,5615,2.304
4,5616,2.559
4,5617,2.204
4,5618,1.883
4,5619,2.136
4,5620,2.051
4,5621,1.594
4,5622,1.805
4,5623,3.334
4,5624,1.816
4,5625,1.494
4,5626,1.607
4,5627,1.949
4,5628,1.527
4,5629,1.509
4,5630,1.536
4,5631,1.873
4,5632,2.299
4,5633,1.789
4,5634,1.667
4,5635,1.622
4,5636,1.540
4,5637,1.482
4,5638,1.655
4,5639,1.945
4,5640,1.807
4,5641,1.629
4,5642,2.025
4,5643,1.831
4,5644,1.798
4,5645,1.597
4,5646,1.562
4,5647,2.190
4,5648,1.865
4,5649,1.977
4,5650,2.278
4,5651,2.566
4,5652,1.818
4,5653,1.801
4,5654,1.819
4,5655,1.701
4,5656,1.639
4,5657,3.460
4,5658,1.746
4,5659,1.621
4,5660,2.353
4,5661,1.849
4,5662,1.563
4,5663,1.829
4,5664,2.154
4,5665,2.670
4,5666,2.013
4,5667,2.040
4,5668,1.860
4,5669,2.998
4,5670,2.177
4,5671,2.031
4,5672,2.150
4,5673,2.421
4,5674,2.419
4,5675,1.945
4,5676,2.070
4,5677,2.446
4,5678,2.004
4,5679,2.519
4,5680,2.550
4,5681,2.285
4,5682,2.648
4,5683,2.244
4,5684,2.282
4,5685,2.385
4,5686,2.340
4,5687,1.760
4,5688,1.612
4,5689,1.716
4,5690,1.556
4,5691,1.443
4,5692,1.680
4,5693,2.104
4,5694,1.484
4,5695,2.449
4,5696,2.064
4,5697,1.936
4,5698,2.045
4,5699,1.842
4,5700,2.037
4,5701,1.830
4,5702,2.101
4,5703,1.913
4,5704,1.761
4,5705,1.594
4,5706,1.539
4,5707,1.531
4,5708,1.787
4,5709,1.643
4,5710,1.482
4,5711,1.716
4,5712,2.762
4,5713,2.028
4,5714,1.782
4,5715,1.708
4,5716,1.582
4,5717,1.558
4,5718,2.370
4,5719,2.750
4,5720,2.780
4,5721,2.660
4,5722,1.904
4,5723,2.224
4,5724,1.934
4,5725,1.978
4,5726,2.071
4,5727,1.977
4,5728,2.086
4,5729,1.993
4,5730,1.665
4,5731,1.536
4,5732,1.665
4,5733,1.772
4,5734,1.691
4,5735,1.996
4,5736,2.123
4,5737,2.095
4,5738,2.318
4,5739,2.779
4,5740,2.473
4,5741,2.764
4,5742,2.992
4,5743,1.783
4,5744,1.853
4,5745,2.291
4,5746,2.658
4,5747,2.624
4,5748,2.423
4,5749,2.154
4,5750,1.978
4,5751,1.972
4,5752,1.646
4,5753,1.642
4,5754,2.029
4,5755,1.677
4,5756,1.701
4,5757,2.377
4,5758,1.899
4,5759,1.678
4,5760,1.501
4,5761,1.498
4,5762,1.874
4,5763,1.841
4,5764,1.875
4,5765,2.005
4,5766,2.645
4,5767,2.428
4,5768,4.333
4,5769,3.270
4,5770,3.748
4,5771,3.261
4,5772,3.040
4,5773,2.784
4,5774,2.580
4,5775,2.650
4,5776,2.756
4,5777,3.093
4,5778,2.939
4,5779,2.790
4,5780,2.792
4,5781,4.268
4,5782,3.183
4,5783,4.387
4,5784,3.626
4,5785,2.687
4,5786,3.206
4,5787,2.370
4,5788,2.268
4,5789,2.332
4,5790,2.155
4,5791,2.169
4,5792,2.013
4,5793,2.103
4,5794,2.145
4,5795,2.111
4,5796,1.972
4,5797,2.340
4,5798,2.230
4,5799,2.260
4,5800,1.823
4,5801,2.626
4,5802,2.358
4,5803,2.304
4,5804,2.640
4,5805,3.087
4,5806,2.555
4,5807,2.658
4,5808,2.869
4,5809,2.554
4,5810,2.176
4,5811,2.479
4,5812,2.804
4,5813,2.679
4,5814,2.463
4,5815,2.421
4,5816,2.150
4,5817,2.202
4,5818,2.183
4,5819,3.064
4,5820,2.613
4,5821,2.102
4,5822,2.151
4,5823,2.246
4,5824,2.086
4,5825,1.898
4,5826,2.473
4,5827,2.667
4,5828,2.443
4,5829,2.308
4,5830,2.105
4,5831,1.993
4,5832,2.162
4,5833,2.596
4,5834,2.941
4,5835,2.861
4,5836,2.256
4,5837,2.041
4,5838,2.086
4,5839,2.074
4,5840,2.377
4,5841,2.465
4,5842,2.267
4,5843,2.571
4,5844,2.370
4,5845,2.285
4,5846,1.976
4,5847,2.697
4,5848,2.234
4,5849,2.145
4,5850,2.785
4,5851,3.019
4,5852,2.139
4,5853,2.593
4,5854,2.363
4,5855,1.964
4,5856,2.017
4,5857,1.819
4,5858,1.888
4,5859,2.853
4,5860,2.347
4,5861,2.044
4,5862,2.392
4,5863,2.016
4,5864,1.721
4,5865,1.699
4,5866,1.967
4,5867,2.494
4,5868,2.312
4,5869,2.550
4,5870,2.030
4,5871,1.895
4,5872,2.514
4,5873,2.087
4,5874,1.788
4,5875,2.652
4,5876,2.322
4,5877,2.292
4,5878,3.038
4,5879,2.070
4,5880,1.759
4,5881,1.806
4,5882,1.891
4,5883,2.174
4,5884,1.598
4,5885,1.925
4,5886,1.774
4,5887,1.447
4,5888,1.426
4,5889,1.789
4,5890,1.737
4,5891,2.309
4,5892,2.021
4,5893,2.604
4,5894,1.939
4,5895,1.593
4,5896,1.893
4,5897,2.177
4,5898,1.686
4,5899,2.127
4,5900,2.543
4,5901,2.579
4,5902,2.530
4,5903,2.206
4,5904,1.786
4,5905,1.646
4,5906,2.932
4,5907,2.003
4,5908,2.063
4,5909,2.437
4,5910,2.850
4,5911,2.082
4,5912,2.290
4,5913,2.383
4,5914,1.839
4,5915,1.817
4,5916,1.537
4,5917,1.465
4,5918,1.749
4,5919,2.197
4,5920,2.375
4,5921,2.260
4,5922,2.415
4,5923,2.039
4,5924,1.786
4,5925,1.759
4,5926,1.659
4,5927,1.631
4,5928,1.921
4,5929,2.363
4,5930,1.968
4,5931,1.503
4,5932,1.398
4,5933,1.509
4,5934,1.527
4,5935,1.423
4,5936,1.696
4,5937,1.674
4,5938,3.302
4,5939,2.448
4,5940,2.715
4,5941,2.285
4,5942,1.771
4,5943,1.845
4,5944,2.458
4,5945,3.073
4,5946,2.168
4,5947,1.982
4,5948,1.827
4,5949,1.982
4,5950,2.149
4,5951,2.193
4,5952,2.250
4,5953,2.597
4,5954,2.082
4,5955,1.725
4,5956,1.770
4,5957,1.832
4,5958,1.815
4,5959,2.300
4,5960,2.592
4,5961,2.373
4,5962,1.519
4,5963,1.580
4,5964,1.696
4,5965,1.608
4,5966,1.395
4,5967,1.438
4,5968,1.924
4,5969,1.801
4,5970,2.156
4,5971,2.272
4,5972,1.871
4,5973,1.639
4,5974,1.511
4,5975,1.581
4,5976,1.922
4,5977,1.846
4,5978,1.707
4,5979,1.745
4,5980,1.519
4,5981,1.890
4,5982,1.662
4,5983,1.658
4,5984,1.556
4,5985,1.495
4,5986,1.615
4,5987,1.986
4,5988,1.863
4,5989,1.497
4,5990,1.428
4,5991,1.472
4,5992,1.787
4,5993,1.630
4,5994,1.640
4,5995,1.470
4,5996,1.888
4,5997,1.953
4,5998,1.739
4,5999,2.051
4,6000,1.758
4,6001,1.726
4,6002,1.871
4,6003,1.576
4,6004,1.589
4,6005,2.286
4,6006,1.683
4,6007,1.697
4,6008,1.600
4,6009,1.472
4,6010,1.445
4,6011,1.706
4,6012,1.876
4,6013,1.574
4,6014,2.103
4,6015,1.776
4,6016,1.861
4,6017,1.739
4,6018,1.461
4,6019,1.820
4,6020,1.630
4,6021,1.425
4,6022,1.801
4,6023,2.026
4,6024,2.482
4,6025,2.443
4,6026,2.519
4,6027,2.851
4,6028,2.229
4,6029,2.362
4,6030,2.706
4,6031,1.945
4,6032,2.272
4,6033,2.201
4,6034,1.663
4,6035,1.521
4,6036,1.778
4,6037,1.516
4,6038,1.728
4,6039,2.144
4,6040,1.794
4,6041,1.485
4,6042,1.790
4,6043,1.575
4,6044,1.645
4,6045,1.621
4,6046,1.511
4,6047,1.511
4,6048,2.541
4,6049,2.795
4,6050,1.636
4,6051,1.720
4,6052,1.768
4,6053,2.112
4,6054,1.679
4,6055,1.803
4,6056,2.048
4,6057,1.941
4,6058,2.566
4,6059,1.712
4,6060,1.623
4,6061,1.536
4,6062,1.535
4,6063,1.632
4,6064,1.715
4,6065,1.603
4,6066,1.463
4,6067,1.671
4,6068,1.890
4,6069,1.771
4,6070,1.711
4,6071,1.648
4,6072,1.482
4,6073,1.411
4,6074,1.961
4,6075,2.154
4,6076,1.727
4,6077,1.437
4,6078,1.754
4,6079,1.724
4,6080,1.565
4,6081,1.769
4,6082,2.081
4,6083,2.099
4,6084,1.752
4,6085,1.537
4,6086,1.486
4,6087,1.557
4,6088,1.783
4,6089,1.571
4,6090,1.544
4,6091,1.665
4,6092,1.616
4,6093,2.155
4,6094,1.969
4,6095,1.768
4,6096,1.565
4,6097,1.438
4,6098,1.943
4,6099,1.850
4,6100,1.570
4,6101,1.452
4,6102,1.664
4,6103,2.252
4,6104,2.417
4,6105,2.531
4,6106,2.185
4,6107,2.433
4,6108,1.987
4,6109,2.824
4,6110,2.597
4,6111,2.248
4,6112,2.324
4,6113,2.159
4,6114,1.842
4,6115,2.362
4,6116,2.195
4,6117,2.323
4,6118,1.973
4,6119,1.793
4,6120,1.721
4,6121,1.723
4,6122,2.099
4,6123,2.015
4,6124,2.727
4,6125,2.091
4,6126,2.022
4,6127,3.525
4,6128,2.485
4,6129,1.896
4,6130,1.546
4,6131,1.946
4,6132,2.600
4,6133,1.983
4,6134,1.827
4,6135,1.717
4,6136,1.785
4,6137,1.539
4,6138,1.538
4,6139,1.678
4,6140,2.587
4,6141,3.187
4,6142,2.337
4,6143,2.321
4,6144,2.108
4,6145,2.011
4,6146,1.857
4,6147,2.374
4,6148,2.173
4,6149,1.967
4,6150,1.653
4,6151,1.590
4,6152,1.549
4,6153,1.440
4,6154,1.572
4,6155,1.527
4,6156,1.953
4,6157,2.385
4,6158,1.868
4,6159,2.667
4,6160,2.296
4,6161,2.014
4,6162,1.768
4,6163,2.381
4,6164,2.240
4,6165,1.662
4,6166,1.644
4,6167,1.546
4,6168,2.654
4,6169,1.772
4,6170,1.596
4,6171,1.657
4,6172,3.042
4,6173,1.988
4,6174,1.562
4,6175,1.426
4,6176,1.426
4,6177,2.372
4,6178,1.796
4,6179,1.599
4,6180,1.955
4,6181,2.446
4,6182,2.620
4,6183,2.255
4,6184,2.345
4,6185,2.778
4,6186,2.098
4,6187,2.065
4,6188,2.067
4,6189,2.001
4,6190,2.245
4,6191,2.156
4,6192,1.988
4,6193,2.302
4,6194,1.963
4,6195,2.138
4,6196,1.853
4,6197,1.475
4,6198,1.456
4,6199,1.434
4,6200,1.468
4,6201,1.534
4,6202,1.529
4,6203,1.720
4,6204,1.663
4,6205,1.731
4,6206,1.606
4,6207,1.666
4,6208,2.001
4,6209,1.706
4,6210,1.743
4,6211,1.667
4,6212,1.539
4,6213,2.308
4,6214,1.858
4,6215,1.624
4,6216,1.571
4,6217,1.499
4,6218,1.416
4,6219,1.526
4,6220,1.560
4,6221,1.394
4,6222,1.486
4,6223,2.298
4,6224,2.595
4,6225,2.135
4,6226,1.802
4,6227,1.952
4,6228,2.132
4,6229,1.813
4,6230,2.976
4,6231,2.308
4,6232,2.692
4,6233,2.153
4,6234,2.504
4,6235,1.901
4,6236,1.812
4,6237,2.311
4,6238,2.068
4,6239,2.031
4,6240,2.015
4,6241,1.691
4,6242,1.705
4,6243,1.546
4,6244,2.312
4,6245,1.794
4,6246,1.540
4,6247,1.425
4,6248,1.399
4,6249,1.345
4,6250,2.444
4,6251,1.496
4,6252,1.450
4,6253,1.957
4,6254,2.276
4,6255,2.173
4,6256,1.970
4,6257,1.868
4,6258,2.031
4,6259,2.316
4,6260,2.326
4,6261,2.613
4,6262,2.098
4,6263,1.854
4,6264,1.851
4,6265,2.026
4,6266,1.844
4,6267,2.319
4,6268,2.334
4,6269,2.086
4,6270,1.990
4,6271,1.719
4,6272,1.748
4,6273,1.736
4,6274,2.360
4,6275,2.438
4,6276,2.413
4,6277,1.807
4,6278,1.573
4,6279,1.673
4,6280,1.763
4,6281,1.516
4,6282,1.457
4,6283,1.490
4,6284,1.857
4,6285,1.827
4,6286,2.505
4,6287,1.807
4,6288,1.721
4,6289,1.650
4,6290,1.600
4,6291,1.748
4,6292,1.733
4,6293,1.862
4,6294,2.074
4,6295,2.622
4,6296,2.340
4,6297,2.110
4,6298,2.216
4,6299,1.943
4,6300,1.644
4,6301,2.530
4,6302,2.162
4,6303,2.567
4,6304,1.631
4,6305,1.733
4,6306,2.145
4,6307,1.839
4,6308,1.522
4,6309,2.137
4,6310,2.375
4,6311,2.625
4,6312,2.560
4,6313,2.301
4,6314,2.827
4,6315,2.423
4,6316,2.292
4,6317,1.915
4,6318,1.633
4,6319,1.893
4,6320,2.134
4,6321,1.931
4,6322,1.710
4,6323,2.158
4,6324,2.157
4,6325,1.889
4,6326,1.861
4,6327,1.775
4,6328,1.699
4,6329,2.130
4,6330,1.923
4,6331,1.502
4,6332,1.865
4,6333,2.101
4,6334,1.912
4,6335,1.884
4,6336,2.021
4,6337,2.056
4,6338,2.282
4,6339,1.592
4,6340,2.034
4,6341,2.129
4,6342,1.829
4,6343,1.691
4,6344,1.826
4,6345,1.855
4,6346,1.795
4,6347,1.826
4,6348,1.793
4,6349,2.661
4,6350,2.185
4,6351,2.215
4,6352,1.821
4,6353,1.593
4,6354,1.573
4,6355,1.819
4,6356,2.283
4,6357,2.186
4,6358,2.439
4,6359,2.167
4,6360,2.134
4,6361,2.498
4,6362,2.046
4,6363,1.759
4,6364,2.957
4,6365,2.210
4,6366,1.712
4,6367,1.649
4,6368,1.793
4,6369,2.431
4,6370,2.171
4,6371,1.983
4,6372,2.245
4,6373,1.730
4,6374,1.700
4,6375,2.191
4,6376,1.712
4,6377,1.483
4,6378,1.505
4,6379,1.749
4,6380,2.133
4,6381,1.787
4,6382,1.974
4,6383,1.916
4,6384,1.812
4,6385,1.706
4,6386,2.341
4,6387,2.087
4,6388,2.296
4,6389,2.132
4,6390,1.983
4,6391,2.165
4,6392,1.754
4,6393,1.913
4,6394,1.724
4,6395,1.650
4,6396,2.948
4,6397,2.232
4,6398,1.814
4,6399,1.818
4,6400,2.681
4,6401,1.996
4,6402,1.833
4,6403,2.606
4,6404,2.533
4,6405,2.419
4,6406,2.500
4,6407,2.361
4,6408,2.754
4,6409,2.978
4,6410,2.637
4,6411,2.604
4,6412,2.436
4,6413,2.478
4,6414,2.301
4,6415,2.862
4,6416,2.738
4,6417,2.485
4,6418,2.214
4,6419,2.550
4,6420,2.740
4,6421,2.975
4,6422,3.323
4,6423,2.281
4,6424,2.342
4,6425,2.118
4,6426,2.015
4,6427,2.485
4,6428,2.762
4,6429,3.324
4,6430,2.515
4,6431,2.053
4,6432,2.354
4,6433,2.308
4,6434,2.505
4,6435,2.385
4,6436,2.997
4,6437,2.124
4,6438,2.195
4,6439,2.255
4,6440,2.437
4,6441,2.479
4,6442,2.300
4,6443,2.752
4,6444,2.460
4,6445,2.198
4,6446,2.067
4,6447,2.944
4,6448,2.334
4,6449,2.666
4,6450,2.941
4,6451,2.356
4,6452,2.386
4,6453,2.762
4,6454,2.185
4,6455,2.384
4,6456,2.475
4,6457,2.597
4,6458,2.584
4,6459,2.485
4,6460,2.506
4,6461,2.412
4,6462,3.976
4,6463,3.583
4,6464,3.074
4,6465,3.090
4,6466,2.746
4,6467,3.375
4,6468,2.706
4,6469,2.342
4,6470,3.088
4,6471,2.290
4,6472,2.187
4,6473,2.310
4,6474,2.278
4,6475,2.279
4,6476,2.379
4,6477,2.713
4,6478,2.421
4,6479,2.500
4,6480,2.096
4,6481,2.336
4,6482,2.709
4,6483,2.404
4,6484,2.609
4,6485,2.207
4,6486,1.776
4,6487,1.943
4,6488,2.633
4,6489,2.566
4,6490,2.927
4,6491,4.163
4,6492,3.227
4,6493,2.328
4,6494,2.483
4,6495,2.632
4,6496,2.334
4,6497,2.449
4,6498,2.319
4,6499,2.065
4,6500,1.731
4,6501,2.279
4,6502,2.312
4,6503,2.116
4,6504,2.101
4,6505,2.342
4,6506,2.063
4,6507,2.129
4,6508,2.772
4,6509,2.220
4,6510,1.968
4,6511,1.880
4,6512,1.831
4,6513,2.032
4,6514,1.870
4,6515,1.756
4,6516,1.869
4,6517,2.535
4,6518,3.086
4,6519,2.095
4,6520,2.269
4,6521,2.351
4,6522,1.832
4,6523,1.873
4,6524,2.450
4,6525,1.960
4,6526,1.816
4,6527,2.068
4,6528,1.829
4,6529,1.606
4,6530,2.098
4,6531,2.067
4,6532,3.527
4,6533,2.884
4,6534,2.514
4,6535,2.519
4,6536,2.604
4,6537,3.004
4,6538,2.404
4,6539,2.286
4,6540,2.122
4,6541,2.223
4,6542,2.399
4,6543,2.335
4,6544,4.228
4,6545,3.141
4,6546,2.682
4,6547,2.288
4,6548,2.134
4,6549,2.517
4,6550,3.555
4,6551,2.999
4,6552,2.620
4,6553,2.372
4,6554,2.520
4,6555,2.721
4,6556,2.920
4,6557,2.527
4,6558,2.185
4,6559,2.238
4,6560,2.222
4,6561,2.087
4,6562,2.390
4,6563,2.329
4,6564,2.393
4,6565,2.135
4,6566,2.960
4,6567,2.414
4,6568,2.207
4,6569,3.194
4,6570,2.423
4,6571,3.188
4,6572,2.290
4,6573,2.183
4,6574,2.272
4,6575,2.493
4,6576,2.715
4,6577,2.512
4,6578,2.933
4,6579,2.436
4,6580,2.140
4,6581,2.217
4,6582,2.508
4,6583,2.225
4,6584,1.971
4,6585,2.159
4,6586,2.638
4,6587,2.148
4,6588,2.315
4,6589,2.588
4,6590,2.230
4,6591,2.932
4,6592,2.288
4,6593,2.590
4,6594,2.454
4,6595,2.484
4,6596,2.292
4,6597,2.211
4,6598,2.045
4,6599,2.114
4,6600,2.217
4,6601,3.439
4,6602,3.122
4,6603,2.860
4,6604,2.693
4,6605,2.276
4,6606,2.066
4,6607,2.770
4,6608,2.731
4,6609,2.231
4,6610,2.179
4,6611,2.762
4,6612,2.248
4,6613,2.582
4,6614,2.400
4,6615,2.707
4,6616,2.293
4,6617,2.166
4,6618,2.055
4,6619,2.209
4,6620,2.358
4,6621,2.320
4,6622,2.455
4,6623,2.684
4,6624,2.283
4,6625,2.185
4,6626,2.164
4,6627,2.633
4,6628,2.665
4,6629,3.095
4,6630,2.912
4,6631,2.295
4,6632,2.725
4,6633,3.144
4,6634,2.239
4,6635,2.317
4,6636,2.307
4,6637,2.629
4,6638,2.278
4,6639,2.741
4,6640,2.086
4,6641,2.147
4,6642,2.173
4,6643,2.108
4,6644,2.373
4,6645,2.888
4,6646,2.307
4,6647,2.256
4,6648,2.415
4,6649,2.059
4,6650,2.050
4,6651,2.447
4,6652,2.670
4,6653,3.200
4,6654,2.430
4,6655,2.283
4,6656,2.349
4,6657,2.164
4,6658,2.130
4,6659,2.520
4,6660,3.078
4,6661,2.300
4,6662,2.465
4,6663,2.297
4,6664,2.561
4,6665,2.745
4,6666,3.828
4,6667,3.279
4,6668,2.130
4,6669,2.415
4,6670,2.470
4,6671,2.763
4,6672,2.977
4,6673,2.607
4,6674,2.806
4,6675,2.691
4,6676,2.160
4,6677,2.949
4,6678,2.431
4,6679,2.242
4,6680,2.145
4,6681,2.692
4,6682,2.156
4,6683,2.591
4,6684,2.400
4,6685,2.006
4,6686,2.232
4,6687,2.401
4,6688,2.163
4,6689,2.523
4,6690,2.642
4,6691,2.353
4,6692,2.769
4,6693,2.349
4,6694,2.234
4,6695,2.282
4,6696,2.944
4,6697,2.236
4,6698,2.437
4,6699,2.256
4,6700,2.198
4,6701,2.441
4,6702,2.120
4,6703,2.178
4,6704,3.179
4,6705,2.482
4,6706,2.132
4,6707,2.340
4,6708,2.192
4,6709,2.444
4,6710,2.478
4,6711,2.615
4,6712,2.478
4,6713,2.748
4,6714,2.265
4,6715,2.628
4,6716,2.876
4,6717,2.301
4,6718,2.851
4,6719,2.789
4,6720,2.737
4,6721,2.583
4,6722,2.948
4,6723,2.877
4,6724,2.891
4,6725,2.567
4,6726,2.505
4,6727,2.771
4,6728,3.192
4,6729,3.405
4,6730,3.120
4,6731,3.044
4,6732,2.987
4,6733,2.890
4,6734,2.451
4,6735,2.822
4,6736,2.520
4,6737,2.416
4,6738,2.687
4,6739,2.283
4,6740,2.308
4,6741,2.177
4,6742,2.335
4,6743,2.688
4,6744,2.125
4,6745,2.305
4,6746,2.740
4,6747,2.384
4,6748,2.252
4,6749,2.468
4,6750,3.224
4,6751,3.576
4,6752,2.615
4,6753,2.421
4,6754,2.269
4,6755,2.250
4,6756,2.155
4,6757,3.474
4,6758,2.720
4,6759,3.231
4,6760,2.915
4,6761,3.139
4,6762,3.044
4,6763,2.826
4,6764,2.327
4,6765,2.173
4,6766,2.088
4,6767,2.289
4,6768,2.921
4,6769,3.105
4,6770,2.532
4,6771,2.057
4,6772,2.109
4,6773,2.045
4,6774,1.692
4,6775,2.032
4,6776,2.925
4,6777,2.417
4,6778,2.684
4,6779,2.394
4,6780,2.457
4,6781,3.216
4,6782,3.227
4,6783,2.607
4,6784,2.220
4,6785,2.607
4,6786,2.135
4,6787,2.606
4,6788,2.742
4,6789,2.929
4,6790,2.220
4,6791,2.050
4,6792,2.633
4,6793,2.102
4,6794,2.305
4,6795,2.461
4,6796,2.020
4,6797,2.000
4,6798,2.308
4,6799,1.981
4,6800,2.441
4,6801,2.457
4,6802,2.626
4,6803,1.712
4,6804,1.704
4,6805,1.576
4,6806,1.505
4,6807,1.801
4,6808,1.868
4,6809,2.280
4,6810,2.147
4,6811,1.951
4,6812,2.081
4,6813,2.242
4,6814,1.991
4,6815,2.071
4,6816,1.785
4,6817,2.159
4,6818,2.434
4,6819,1.920
4,6820,1.718
4,6821,1.642
4,6822,2.061
4,6823,1.872
4,6824,1.667
4,6825,2.010
4,6826,1.977
4,6827,2.661
4,6828,1.956
4,6829,1.828
4,6830,1.729
4,6831,1.647
4,6832,1.687
4,6833,2.027
4,6834,1.895
4,6835,1.700
4,6836,2.188
4,6837,2.048
4,6838,2.241
4,6839,1.736
4,6840,2.028
4,6841,2.174
4,6842,2.492
4,6843,2.168
4,6844,2.213
4,6845,1.749
4,6846,1.606
4,6847,1.816
4,6848,1.725
4,6849,1.546
4,6850,2.280
4,6851,2.986
4,6852,2.476
4,6853,2.831
4,6854,2.278
4,6855,2.085
4,6856,2.730
4,6857,2.898
4,6858,2.761
4,6859,2.468
4,6860,2.886
4,6861,2.341
4,6862,2.150
4,6863,2.575
4,6864,2.401
4,6865,2.238
4,6866,2.065
4,6867,2.129
4,6868,2.424
4,6869,2.031
4,6870,2.794
4,6871,2.216
4,6872,1.905
4,6873,2.330
4,6874,2.129
4,6875,1.978
4,6876,2.460
4,6877,2.520
4,6878,1.919
4,6879,1.631
4,6880,1.861
4,6881,1.789
4,6882,1.714
4,6883,2.208
4,6884,2.081
4,6885,3.154
4,6886,1.967
4,6887,1.980
4,6888,1.787
4,6889,1.737
4,6890,1.784
4,6891,1.744
4,6892,1.710
4,6893,1.948
4,6894,2.397
4,6895,1.853
4,6896,1.651
4,6897,1.588
4,6898,2.113
4,6899,1.704
4,6900,1.552
4,6901,1.586
4,6902,1.992
4,6903,1.968
4,6904,2.236
4,6905,1.786
4,6906,1.704
4,6907,1.757
4,6908,1.644
4,6909,2.189
4,6910,3.087
4,6911,2.917
4,6912,2.713
4,6913,3.142
4,6914,2.364
4,6915,2.275
4,6916,2.333
4,6917,2.621
4,6918,2.282
4,6919,2.977
4,6920,2.635
4,6921,2.336
4,6922,2.034
4,6923,2.382
4,6924,2.348
4,6925,2.299
4,6926,2.608
4,6927,2.286
4,6928,2.152
4,6929,2.918
4,6930,2.622
4,6931,2.795
4,6932,2.674
4,6933,3.024
4,6934,2.285
4,6935,1.952
4,6936,2.374
4,6937,2.432
4,6938,2.045
4,6939,2.269
4,6940,3.592
4,6941,2.694
4,6942,2.526
4,6943,2.460
4,6944,2.127
4,6945,2.431
4,6946,2.080
4,6947,2.071
4,6948,2.313
4,6949,4.141
4,6950,2.804
4,6951,2.363
4,6952,2.298
4,6953,2.556
4,6954,2.345
4,6955,3.173
4,6956,3.450
4,6957,2.480
4,6958,2.436
4,6959,2.606
4,6960,2.689
4,6961,2.510
4,6962,2.294
4,6963,2.663
4,6964,2.545
4,6965,2.096
4,6966,2.093
4,6967,2.653
4,6968,3.054
4,6969,3.562
4,6970,3.387
4,6971,2.682
4,6972,2.626
4,6973,2.724
4,6974,2.537
4,6975,2.400
4,6976,2.140
4,6977,2.796
4,6978,2.884
4,6979,3.560
4,6980,2.756
4,6981,2.333
4,6982,2.533
4,6983,2.733
4,6984,2.861
4,6985,2.930
4,6986,3.226
4,6987,2.919
4,6988,2.835
4,6989,3.737
4,6990,2.620
4,6991,2.672
4,6992,2.567
4,6993,2.570
4,6994,2.505
4,6995,3.839
4,6996,3.012
4,6997,2.569
4,6998,2.619
4,6999,2.599
4,7000,2.642
4,7001,3.191
4,7002,2.520
4,7003,2.539
4,7004,2.885
4,7005,2.515
4,7006,2.723
4,7007,2.674
4,7008,3.410
4,7009,2.551
4,7010,2.411
4,7011,2.535
4,7012,2.453
4,7013,2.463
4,7014,2.380
4,7015,2.654
4,7016,1.910
4,7017,2.802
4,7018,3.394
4,7019,3.962
4,7020,2.787
4,7021,3.211
4,7022,2.998
4,7023,3.383
4,7024,3.362
4,7025,2.817
4,7026,2.567
4,7027,2.545
4,7028,2.594
4,7029,2.489
4,7030,2.306
4,7031,2.387
4,7032,2.459
4,7033,2.135
4,7034,2.773
4,7035,2.004
4,7036,2.169
4,7037,2.344
4,7038,1.916
4,7039,1.724
4,7040,1.833
4,7041,2.296
4,7042,2.774
4,7043,2.397
4,7044,2.315
4,7045,1.882
4,7046,1.850
4,7047,2.046
4,7048,1.948
4,7049,1.828
4,7050,2.252
4,7051,2.475
4,7052,1.828
4,7053,1.648
4,7054,2.101
4,7055,1.957
4,7056,2.133
4,7057,1.969
4,7058,2.284
4,7059,2.377
4,7060,1.956
4,7061,2.159
4,7062,1.763
4,7063,1.589
4,7064,1.856
4,7065,2.026
4,7066,2.229
4,7067,2.433
4,7068,2.695
4,7069,2.703
4,7070,4.497
4,7071,2.522
4,7072,3.207
4,7073,2.242
4,7074,2.576
4,7075,2.106
4,7076,1.819
4,7077,1.725
4,7078,2.489
4,7079,2.443
4,7080,2.570
4,7081,2.939
4,7082,2.352
4,7083,1.802
4,7084,1.980
4,7085,2.161
4,7086,2.238
4,7087,2.529
4,7088,2.180
4,7089,1.976
4,7090,2.469
4,7091,2.173
4,7092,2.184
4,7093,2.192
4,7094,2.079
4,7095,1.972
4,7096,1.860
4,7097,1.989
4,7098,2.284
4,7099,1.936
4,7100,2.529
4,7101,2.098
4,7102,1.650
4,7103,1.608
4,7104,1.848
4,7105,1.914
4,7106,1.765
4,7107,2.526
4,7108,3.012
4,7109,2.110
4,7110,2.523
4,7111,2.041
4,7112,1.879
4,7113,1.805
4,7114,2.038
4,7115,4.634
4,7116,2.676
4,7117,2.013
4,7118,2.283
4,7119,2.291
4,7120,1.997
4,7121,2.598
4,7122,3.308
4,7123,2.014
4,7124,2.097
4,7125,2.332
4,7126,2.077
4,7127,2.056
4,7128,2.775
4,7129,2.223
4,7130,2.574
4,7131,2.701
4,7132,2.076
4,7133,2.340
4,7134,2.511
4,7135,2.068
4,7136,2.176
4,7137,2.286
4,7138,2.499
4,7139,1.923
4,7140,1.974
4,7141,1.965
4,7142,1.827
4,7143,2.016
4,7144,2.082
4,7145,1.860
4,7146,1.683
4,7147,2.535
4,7148,1.904
4,7149,2.182
4,7150,2.219
4,7151,1.818
4,7152,1.714
4,7153,1.802
4,7154,1.950
4,7155,2.287
4,7156,2.928
4,7157,2.589
4,7158,1.931
4,7159,1.843
4,7160,2.068
4,7161,1.890
4,7162,1.640
4,7163,1.619
4,7164,2.034
4,7165,2.987
4,7166,2.265
4,7167,2.323
4,7168,2.149
4,7169,1.938
4,7170,1.980
4,7171,1.749
4,7172,1.906
4,7173,2.552
4,7174,2.056
4,7175,1.612
4,7176,1.779
4,7177,2.051
4,7178,1.982
4,7179,2.146
4,7180,2.447
4,7181,2.265
4,7182,2.010
4,7183,2.189
4,7184,2.001
4,7185,1.742
4,7186,1.705
4,7187,1.852
4,7188,2.129
4,7189,1.963
4,7190,1.744
4,7191,2.346
4,7192,2.056
4,7193,1.917
4,7194,1.966
4,7195,1.661
4,7196,1.928
4,7197,2.125
4,7198,2.285
4,7199,1.858
4,7200,1.883
4,7201,1.983
4,7202,1.949
4,7203,1.874
4,7204,2.469
4,7205,2.300
4,7206,1.943
4,7207,1.729
4,7208,2.034
4,7209,2.264
4,7210,1.828
4,7211,1.889
4,7212,2.467
4,7213,2.501
4,7214,2.488
4,7215,2.394
4,7216,2.237
4,7217,2.962
4,7218,1.906
4,7219,1.793
4,7220,1.877
4,7221,1.845
4,7222,1.933
4,7223,1.628
4,7224,1.813
4,7225,1.909
4,7226,2.167
4,7227,2.009
4,7228,3.297
4,7229,2.201
4,7230,1.970
4,7231,2.068
4,7232,1.956
4,7233,1.843
4,7234,2.722
4,7235,2.619
4,7236,2.350
4,7237,2.114
4,7238,1.740
4,7239,1.678
4,7240,1.944
4,7241,2.187
4,7242,2.253
4,7243,1.953
4,7244,1.808
4,7245,1.580
4,7246,1.752
4,7247,1.741
4,7248,1.732
4,7249,1.726
4,7250,1.804
4,7251,2.042
4,7252,3.077
4,7253,1.982
4,7254,1.801
4,7255,1.670
4,7256,1.870
4,7257,1.958
4,7258,1.888
4,7259,2.412
4,7260,2.504
4,7261,3.003
4,7262,2.099
4,7263,1.900
4,7264,2.025
4,7265,2.576
4,7266,2.410
4,7267,2.267
4,7268,2.161
4,7269,2.421
4,7270,2.400
4,7271,2.068
4,7272,2.149
4,7273,2.536
4,7274,2.396
4,7275,2.535
4,7276,2.393
4,7277,2.499
4,7278,2.194
4,7279,2.713
4,7280,2.653
4,7281,2.339
4,7282,2.442
4,7283,2.184
4,7284,2.107
4,7285,1.892
4,7286,1.947
4,7287,1.969
4,7288,1.800
4,7289,1.682
4,7290,1.564
4,7291,1.585
4,7292,1.637
4,7293,1.926
4,7294,2.257
4,7295,2.021
4,7296,2.139
4,7297,2.038
4,7298,2.158
4,7299,1.884
4,7300,1.965
4,7301,1.863
4,7302,1.860
4,7303,2.708
4,7304,1.954
4,7305,1.680
4,7306,1.602
4,7307,1.568
4,7308,1.727
4,7309,1.774
4,7310,2.148
4,7311,2.294
4,7312,2.948
4,7313,2.311
4,7314,2.325
4,7315,2.000
4,7316,1.870
4,7317,2.042
4,7318,2.006
4,7319,1.619
4,7320,2.264
4,7321,1.901
4,7322,1.877
4,7323,2.314
4,7324,2.091
4,7325,1.961
4,7326,1.848
4,7327,1.917
4,7328,1.967
4,7329,2.893
4,7330,2.695
4,7331,3.855
4,7332,3.025
4,7333,1.979
4,7334,1.654
4,7335,1.916
4,7336,2.245
4,7337,1.615
4,7338,1.555
4,7339,1.755
4,7340,2.033
4,7341,2.145
4,7342,1.730
4,7343,2.256
4,7344,1.779
4,7345,1.911
4,7346,2.353
4,7347,1.864
4,7348,1.915
4,7349,2.429
4,7350,2.037
4,7351,1.823
4,7352,1.653
4,7353,1.793
4,7354,1.998
4,7355,1.667
4,7356,1.674
4,7357,2.028
4,7358,1.837
4,7359,1.677
4,7360,1.672
4,7361,2.045
4,7362,2.048
4,7363,1.679
4,7364,1.958
4,7365,1.761
4,7366,2.441
4,7367,1.883
4,7368,1.744
4,7369,1.624
4,7370,1.777
4,7371,1.745
4,7372,1.935
4,7373,2.671
4,7374,2.745
4,7375,2.458
4,7376,2.058
4,7377,1.822
4,7378,1.883
4,7379,1.807
4,7380,1.609
4,7381,1.917
4,7382,2.177
4,7383,2.142
4,7384,1.637
4,7385,1.736
4,7386,1.825
4,7387,1.916
4,7388,1.827
4,7389,2.109
4,7390,2.894
4,7391,2.156
4,7392,2.072
4,7393,1.740
4,7394,1.670
4,7395,1.869
4,7396,1.967
4,7397,1.875
4,7398,2.462
4,7399,2.691
4,7400,2.031
4,7401,1.793
4,7402,1.966
4,7403,1.822
4,7404,1.734
4,7405,2.269
4,7406,2.952
4,7407,2.639
4,7408,1.986
4,7409,2.218
4,7410,2.264
4,7411,2.256
4,7412,3.002
4,7413,2.339
4,7414,2.734
4,7415,2.786
4,7416,2.229
4,7417,2.088
4,7418,2.668
4,7419,2.716
4,7420,2.430
4,7421,2.779
4,7422,2.194
4,7423,2.395
4,7424,2.407
4,7425,2.229
4,7426,2.142
4,7427,2.106
4,7428,1.675
4,7429,1.987
4,7430,1.858
4,7431,2.044
4,7432,2.806
4,7433,2.372
4,7434,1.805
4,7435,1.620
4,7436,1.809
4,7437,2.006
4,7438,1.939
4,7439,1.667
4,7440,2.189
4,7441,2.140
4,7442,1.812
4,7443,2.257
4,7444,2.031
4,7445,1.890
4,7446,1.720
4,7447,2.676
4,7448,2.183
4,7449,2.044
4,7450,2.037
4,7451,1.870
4,7452,1.869
4,7453,1.870
4,7454,2.181
4,7455,2.738
4,7456,3.690
4,7457,2.649
4,7458,2.503
4,7459,2.632
4,7460,2.441
4,7461,2.459
4,7462,2.806
4,7463,2.356
4,7464,2.965
4,7465,2.355
4,7466,2.068
4,7467,2.507
4,7468,2.535
4,7469,2.771
4,7470,2.569
4,7471,2.824
4,7472,2.944
4,7473,2.592
4,7474,2.558
4,7475,2.973
4,7476,2.969
4,7477,2.822
4,7478,2.979
4,7479,2.962
4,7480,2.958
4,7481,2.976
4,7482,3.564
4,7483,2.912
4,7484,3.186
4,7485,2.817
4,7486,2.669
4,7487,2.611
4,7488,3.118
4,7489,3.157
4,7490,2.809
4,7491,2.704
4,7492,2.467
4,7493,2.230
4,7494,2.229
4,7495,3.226
4,7496,2.766
4,7497,2.298
4,7498,2.385
4,7499,2.455
4,7500,2.635
4,7501,3.140
4,7502,2.981
4,7503,2.468
4,7504,2.431
4,7505,2.547
4,7506,2.524
4,7507,2.996
4,7508,3.080
4,7509,3.025
4,7510,2.405
4,7511,2.581
4,7512,2.526
4,7513,2.353
4,7514,1.994
4,7515,2.324
4,7516,2.412
4,7517,2.140
4,7518,2.461
4,7519,2.554
4,7520,2.864
4,7521,2.298
4,7522,2.339
4,7523,2.796
4,7524,2.315
4,7525,2.346
4,7526,2.738
4,7527,2.717
4,7528,2.390
4,7529,2.418
4,7530,3.077
4,7531,2.606
4,7532,3.443
4,7533,3.580
4,7534,2.816
4,7535,2.630
4,7536,3.288
4,7537,2.850
4,7538,2.993
4,7539,2.535
4,7540,2.628
4,7541,2.694
4,7542,2.956
4,7543,2.637
4,7544,2.513
4,7545,2.539
4,7546,2.380
4,7547,2.258
4,7548,2.090
4,7549,3.238
4,7550,2.406
4,7551,2.115
4,7552,2.373
4,7553,2.436
4,7554,2.286
4,7555,2.483
4,7556,3.024
4,7557,2.502
4,7558,2.774
4,7559,2.456
4,7560,2.402
4,7561,2.639
4,7562,2.669
4,7563,3.388
4,7564,2.603
4,7565,2.467
4,7566,2.412
4,7567,2.449
4,7568,2.583
4,7569,2.539
4,7570,2.947
4,7571,2.299
4,7572,2.199
4,7573,2.785
4,7574,2.329
4,7575,2.434
4,7576,2.528
4,7577,3.230
4,7578,2.434
4,7579,2.675
4,7580,2.462
4,7581,2.551
4,7582,2.405
4,7583,2.359
4,7584,2.910
4,7585,2.615
4,7586,2.313
4,7587,2.321
4,7588,2.314
4,7589,2.107
4,7590,2.034
4,7591,2.141
4,7592,2.621
4,7593,2.324
4,7594,1.953
4,7595,1.821
4,7596,2.212
4,7597,2.253
4,7598,2.539
4,7599,2.444
4,7600,2.696
4,7601,2.187
4,7602,2.160
4,7603,2.152
4,7604,2.009
4,7605,1.817
4,7606,2.005
4,7607,2.611
4,7608,2.405
4,7609,1.958
4,7610,1.695
4,7611,1.871
4,7612,1.923
4,7613,1.816
4,7614,1.793
4,7615,2.059
4,7616,2.337
4,7617,2.648
4,7618,1.844
4,7619,1.928
4,7620,1.869
4,7621,1.916
4,7622,2.549
4,7623,2.358
4,7624,1.860
4,7625,2.121
4,7626,2.148
4,7627,1.843
4,7628,1.706
4,7629,1.714
4,7630,2.013
4,7631,2.242
4,7632,1.780
4,7633,1.714
4,7634,1.996
4,7635,1.625
4,7636,1.498
4,7637,1.744
4,7638,1.636
4,7639,1.707
4,7640,1.807
4,7641,1.825
4,7642,1.877
4,7643,1.730
4,7644,1.869
4,7645,1.725
4,7646,1.761
4,7647,1.668
4,7648,2.542
4,7649,2.488
4,7650,1.980
4,7651,1.681
4,7652,1.863
4,7653,2.287
4,7654,1.664
4,7655,1.654
4,7656,2.080
4,7657,2.668
4,7658,2.480
4,7659,2.346
4,7660,2.197
4,7661,2.325
4,7662,2.091
4,7663,2.117
4,7664,2.336
4,7665,2.401
4,7666,2.148
4,7667,2.045
4,7668,2.030
4,7669,2.500
4,7670,2.283
4,7671,2.940
4,7672,2.209
4,7673,2.148
4,7674,2.196
4,7675,2.165
4,7676,1.929
4,7677,2.742
4,7678,2.337
4,7679,2.117
4,7680,2.161
4,7681,1.997
4,7682,1.881
4,7683,1.948
4,7684,2.378
4,7685,3.016
4,7686,2.033
4,7687,1.942
4,7688,1.599
4,7689,1.825
4,7690,1.755
4,7691,1.624
4,7692,1.803
4,7693,2.046
4,7694,2.504
4,7695,2.265
4,7696,1.826
4,7697,1.855
4,7698,1.717
4,7699,1.749
4,7700,1.732
4,7701,1.977
4,7702,2.241
4,7703,2.175
4,7704,1.926
4,7705,1.921
4,7706,1.565
4,7707,1.533
4,7708,1.623
4,7709,1.741
4,7710,2.167
4,7711,1.931
4,7712,1.770
4,7713,2.098
4,7714,1.757
4,7715,1.642
4,7716,1.680
4,7717,1.538
4,7718,2.162
4,7719,2.610
4,7720,2.677
4,7721,3.064
4,7722,3.376
4,7723,2.551
4,7724,2.806
4,7725,2.908
4,7726,2.904
4,7727,2.913
4,7728,2.983
4,7729,2.833
4,7730,2.959
4,7731,2.947
4,7732,3.231
4,7733,2.753
4,7734,3.703
4,7735,2.562
4,7736,2.858
4,7737,3.276
4,7738,3.851
4,7739,2.994
4,7740,3.138
4,7741,2.644
4,7742,2.587
4,7743,2.951
4,7744,2.802
4,7745,3.343
4,7746,3.201
4,7747,3.051
4,7748,2.740
4,7749,2.610
4,7750,3.202
4,7751,2.715
4,7752,3.179
4,7753,2.876
4,7754,3.204
4,7755,3.238
4,7756,2.558
4,7757,2.655
4,7758,2.789
4,7759,2.925
4,7760,2.741
4,7761,2.549
4,7762,2.715
4,7763,2.518
4,7764,2.360
4,7765,3.625
4,7766,2.521
4,7767,2.870
4,7768,3.110
4,7769,3.230
4,7770,2.925
4,7771,3.108
4,7772,2.646
4,7773,3.023
4,7774,2.648
4,7775,2.554
4,7776,2.333
4,7777,2.513
4,7778,3.217
4,7779,3.043
4,7780,2.517
4,7781,1.981
4,7782,1.970
4,7783,2.293
4,7784,1.686
4,7785,2.871
4,7786,2.565
4,7787,2.260
4,7788,2.424
4,7789,2.312
4,7790,2.208
4,7791,2.792
4,7792,3.130
4,7793,2.523
4,7794,2.804
4,7795,2.339
4,7796,2.308
4,7797,2.551
4,7798,2.337
4,7799,2.727
4,7800,2.243
4,7801,1.928
4,7802,2.132
4,7803,2.502
4,7804,2.521
4,7805,2.715
4,7806,2.520
4,7807,1.863
4,7808,2.061
4,7809,1.905
4,7810,1.698
4,7811,2.264
4,7812,2.657
4,7813,2.503
4,7814,2.546
4,7815,2.248
4,7816,2.739
4,7817,4.456
4,7818,2.474
4,7819,2.062
4,7820,2.193
4,7821,2.557
4,7822,2.140
4,7823,2.685
4,7824,2.985
4,7825,2.257
4,7826,2.050
4,7827,1.875
4,7828,2.312
4,7829,2.658
4,7830,2.214
4,7831,2.400
4,7832,2.591
4,7833,2.846
4,7834,2.664
4,7835,2.113
4,7836,3.071
4,7837,2.170
4,7838,1.821
4,7839,1.713
4,7840,2.004
4,7841,2.116
4,7842,1.826
4,7843,1.958
4,7844,2.452
4,7845,4.415
4,7846,3.189
4,7847,2.843
4,7848,3.375
4,7849,2.698
4,7850,3.384
4,7851,2.803
4,7852,3.587
4,7853,3.021
4,7854,3.137
4,7855,2.834
4,7856,2.847
4,7857,4.079
4,7858,3.590
4,7859,3.189
4,7860,2.742
4,7861,3.211
4,7862,2.391
4,7863,1.659
4,7864,2.143
4,7865,2.434
4,7866,2.883
4,7867,2.879
4,7868,2.626
4,7869,2.661
4,7870,2.851
4,7871,2.173
4,7872,2.108
4,7873,2.047
4,7874,1.822
4,7875,1.735
4,7876,1.909
4,7877,2.265
4,7878,3.009
4,7879,2.245
4,7880,2.028
4,7881,1.722
4,7882,1.925
4,7883,2.389
4,7884,1.826
4,7885,2.985
4,7886,2.116
4,7887,1.949
4,7888,1.812
4,7889,1.907
4,7890,1.700
4,7891,1.723
4,7892,1.791
4,7893,2.737
4,7894,2.379
4,7895,2.068
4,7896,2.103
4,7897,2.021
4,7898,1.787
4,7899,2.041
4,7900,2.518
4,7901,3.564
4,7902,2.867
4,7903,1.977
4,7904,2.229
4,7905,2.294
4,7906,2.038
4,7907,2.531
4,7908,2.536
4,7909,2.217
4,7910,3.046
4,7911,2.226
4,7912,2.283
4,7913,2.769
4,7914,2.844
4,7915,2.847
4,7916,2.593
4,7917,2.583
4,7918,2.502
4,7919,2.359
4,7920,2.189
4,7921,2.748
4,7922,2.327
4,7923,2.044
4,7924,3.019
4,7925,2.559
4,7926,2.460
4,7927,2.194
4,7928,1.803
4,7929,1.648
4,7930,2.021
4,7931,1.865
4,7932,2.390
4,7933,2.465
4,7934,2.306
4,7935,2.416
4,7936,2.276
4,7937,2.300
4,7938,2.079
4,7939,3.025
4,7940,2.954
4,7941,1.847
4,7942,1.952
4,7943,2.059
4,7944,1.824
4,7945,1.587
4,7946,1.806
4,7947,1.932
4,7948,2.633
4,7949,2.569
4,7950,2.198
4,7951,2.308
4,7952,2.209
4,7953,2.013
4,7954,1.586
4,7955,1.994
4,7956,2.190
4,7957,2.424
4,7958,2.488
4,7959,2.235
4,7960,1.874
4,7961,1.712
4,7962,1.936
4,7963,2.624
4,7964,2.040
4,7965,2.307
4,7966,1.654
4,7967,1.809
4,7968,1.756
4,7969,1.664
4,7970,1.676
4,7971,2.068
4,7972,1.866
4,7973,1.978
4,7974,1.854
4,7975,1.557
4,7976,1.572
4,7977,1.668
4,7978,1.738
4,7979,1.983
4,7980,2.643
4,7981,2.615
4,7982,2.384
4,7983,3.202
4,7984,1.887
4,7985,1.743
4,7986,2.163
4,7987,2.114
4,7988,1.797
4,7989,1.654
4,7990,1.740
4,7991,1.561
4,7992,1.873
4,7993,1.729
4,7994,2.062
4,7995,1.907
4,7996,1.742
4,7997,1.778
4,7998,2.006
4,7999,1.866
4,8000,1.540
4,8001,1.561
4,8002,2.143
4,8003,2.191
4,8004,2.250
4,8005,1.838
4,8006,1.665
4,8007,1.867
4,8008,1.846
4,8009,2.038
4,8010,2.060
4,8011,3.065
4,8012,2.025
4,8013,1.835
4,8014,1.722
4,8015,1.769
4,8016,1.840
4,8017,1.728
4,8018,1.597
4,8019,2.304
4,8020,2.815
4,8021,2.322
4,8022,2.317
4,8023,2.542
4,8024,1.834
4,8025,1.803
4,8026,2.180
4,8027,3.325
4,8028,2.758
4,8029,1.764
4,8030,1.608
4,8031,1.801
4,8032,1.860
4,8033,2.090
4,8034,2.021
4,8035,2.407
4,8036,1.894
4,8037,2.124
4,8038,1.851
4,8039,1.757
4,8040,1.604
4,8041,1.718
4,8042,1.993
4,8043,1.986
4,8044,1.603
4,8045,1.573
4,8046,1.761
4,8047,2.070
4,8048,1.781
4,8049,1.733
4,8050,1.950
4,8051,2.312
4,8052,2.106
4,8053,2.086
4,8054,1.927
4,8055,1.759
4,8056,2.887
4,8057,2.054
4,8058,2.620
4,8059,3.192
4,8060,2.414
4,8061,2.267
4,8062,2.485
4,8063,2.918
4,8064,2.641
4,8065,2.750
4,8066,2.262
4,8067,2.472
4,8068,2.377
4,8069,2.510
4,8070,3.087
4,8071,2.718
4,8072,2.448
4,8073,2.559
4,8074,2.378
4,8075,2.356
4,8076,2.760
4,8077,3.192
4,8078,3.010
4,8079,2.853
4,8080,2.453
4,8081,2.208
4,8082,2.513
4,8083,2.791
4,8084,2.661
4,8085,2.466
4,8086,2.538
4,8087,2.519
4,8088,2.533
4,8089,3.156
4,8090,3.121
4,8091,2.948
4,8092,2.378
4,8093,2.203
4,8094,2.435
4,8095,2.822
4,8096,2.882
4,8097,2.301
4,8098,2.965
4,8099,2.465
4,8100,2.537
4,8101,2.743
4,8102,2.394
4,8103,2.313
4,8104,2.494
4,8105,2.763
4,8106,2.273
4,8107,2.892
4,8108,2.441
4,8109,1.982
4,8110,2.340
4,8111,2.617
4,8112,2.825
4,8113,3.089
4,8114,2.634
4,8115,2.488
4,8116,2.580
4,8117,2.442
4,8118,2.526
4,8119,3.288
4,8120,2.472
4,8121,2.408
4,8122,2.254
4,8123,2.544
4,8124,2.349
4,8125,2.918
4,8126,3.149
4,8127,2.496
4,8128,2.342
4,8129,2.404
4,8130,2.248
4,8131,2.718
4,8132,2.401
4,8133,2.639
4,8134,2.532
4,8135,2.844
4,8136,2.374
4,8137,2.775
4,8138,2.569
4,8139,2.435
4,8140,2.662
4,8141,2.263
4,8142,2.272
4,8143,2.312
4,8144,2.349
4,8145,2.307
4,8146,2.216
4,8147,2.175
4,8148,2.718
4,8149,2.174
4,8150,1.960
4,8151,3.411
4,8152,2.249
4,8153,1.814
4,8154,2.164
4,8155,2.261
4,8156,2.940
4,8157,2.522
4,8158,2.665
4,8159,2.316
4,8160,2.228
4,8161,1.871
4,8162,1.704
4,8163,1.653
4,8164,2.439
4,8165,2.078
4,8166,1.774
4,8167,1.924
4,8168,1.814
4,8169,1.715
4,8170,2.124
4,8171,1.989
4,8172,1.906
4,8173,2.183
4,8174,2.009
4,8175,2.088
4,8176,1.659
4,8177,1.611
4,8178,1.844
4,8179,1.898
4,8180,2.104
4,8181,2.726
4,8182,3.780
4,8183,2.350
4,8184,2.066
4,8185,1.864
4,8186,1.939
4,8187,2.492
4,8188,2.341
4,8189,2.559
4,8190,2.207
4,8191,1.924
4,8192,1.798
4,8193,2.416
4,8194,2.575
4,8195,2.301
4,8196,2.301
4,8197,2.679
4,8198,2.014
4,8199,2.036
4,8200,2.117
4,8201,2.611
4,8202,2.734
4,8203,2.141
4,8204,1.727
4,8205,2.191
4,8206,1.883
4,8207,1.688
4,8208,1.923
4,8209,2.811
4,8210,3.084
4,8211,2.877
4,8212,2.205
4,8213,2.179
4,8214,1.756
4,8215,2.188
4,8216,1.889
4,8217,1.648
4,8218,1.798
4,8219,1.727
4,8220,1.658
4,8221,1.781
4,8222,1.777
4,8223,1.945
4,8224,2.354
4,8225,2.457
4,8226,2.671
4,8227,2.305
4,8228,2.402
4,8229,2.039
4,8230,1.807
4,8231,2.483
4,8232,2.094
4,8233,1.805
4,8234,1.726
4,8235,1.921
4,8236,1.612
4,8237,1.597
4,8238,1.793
4,8239,2.180
4,8240,2.764
4,8241,2.068
4,8242,2.118
4,8243,2.175
4,8244,2.266
4,8245,2.919
4,8246,2.400
4,8247,2.411
4,8248,2.238
4,8249,2.288
4,8250,1.930
4,8251,1.978
4,8252,1.758
4,8253,2.491
4,8254,2.121
4,8255,2.207
4,8256,1.669
4,8257,1.653
4,8258,1.792
4,8259,1.726
4,8260,1.637
4,8261,2.012
4,8262,2.367
4,8263,2.389
4,8264,2.777
4,8265,2.169
4,8266,1.703
4,8267,1.570
4,8268,1.772
4,8269,2.428
4,8270,1.976
4,8271,2.466
4,8272,2.307
4,8273,2.008
4,8274,2.190
4,8275,2.028
4,8276,2.006
4,8277,1.894
4,8278,2.084
4,8279,1.696
4,8280,1.649
4,8281,2.043
4,8282,1.947
4,8283,1.840
4,8284,1.696
4,8285,1.784
4,8286,1.811
4,8287,1.671
4,8288,1.538
4,8289,1.912
4,8290,1.858
4,8291,1.884
4,8292,1.596
4,8293,1.704
4,8294,2.297
4,8295,2.255
4,8296,1.845
4,8297,1.994
4,8298,1.992
4,8299,2.102
4,8300,3.104
4,8301,2.615
4,8302,2.378
4,8303,2.769
4,8304,3.029
4,8305,2.806
4,8306,5.506
4,8307,2.518
4,8308,1.772
4,8309,1.579
4,8310,1.871
4,8311,1.847
4,8312,1.523
4,8313,1.645
4,8314,2.322
4,8315,1.681
4,8316,1.759
4,8317,1.740
4,8318,1.700
4,8319,1.644
4,8320,1.828
4,8321,1.812
4,8322,2.813
4,8323,2.990
4,8324,2.243
4,8325,2.373
4,8326,2.265
4,8327,2.454
4,8328,2.207
4,8329,3.323
4,8330,2.612
4,8331,1.983
4,8332,1.886
4,8333,2.031
4,8334,2.214
4,8335,1.939
4,8336,2.371
4,8337,2.335
4,8338,2.813
4,8339,2.184
4,8340,1.967
4,8341,1.860
4,8342,2.141
4,8343,2.440
4,8344,2.482
4,8345,2.024
4,8346,2.203
4,8347,2.490
4,8348,1.938
4,8349,1.977
4,8350,2.359
4,8351,2.635
4,8352,2.407
4,8353,1.646
4,8354,1.879
4,8355,1.690
4,8356,1.610
4,8357,1.843
4,8358,2.916
4,8359,2.801
4,8360,2.141
4,8361,1.972
4,8362,2.317
4,8363,1.728
4,8364,1.674
4,8365,2.301
4,8366,2.379
4,8367,2.402
4,8368,2.404
4,8369,2.585
4,8370,2.700
4,8371,2.250
4,8372,2.354
4,8373,2.063
4,8374,2.236
4,8375,2.332
4,8376,2.066
4,8377,2.388
4,8378,2.345
4,8379,2.349
4,8380,2.141
4,8381,1.823
4,8382,1.604
4,8383,1.539
4,8384,1.822
4,8385,1.790
4,8386,1.568
4,8387,1.834
4,8388,2.456
4,8389,2.069
4,8390,2.205
4,8391,2.012
4,8392,2.048
4,8393,1.965
4,8394,1.846
4,8395,1.890
4,8396,3.127
4,8397,2.366
4,8398,2.365
4,8399,2.346
4,8400,2.188
4,8401,2.215
4,8402,2.051
4,8403,2.891
4,8404,2.345
4,8405,2.557
4,8406,2.524
4,8407,2.314
4,8408,1.772
4,8409,2.066
4,8410,2.331
4,8411,2.220
4,8412,2.414
4,8413,2.356
4,8414,2.269
4,8415,2.016
4,8416,2.222
4,8417,1.934
4,8418,1.706
4,8419,2.223
4,8420,1.834
4,8421,1.853
4,8422,1.800
4,8423,1.738
4,8424,1.635
4,8425,1.840
4,8426,1.846
4,8427,2.036
4,8428,2.147
4,8429,1.656
4,8430,1.862
4,8431,1.819
4,8432,1.822
4,8433,1.793
4,8434,2.179
4,8435,2.078
4,8436,2.021
4,8437,2.505
4,8438,2.357
4,8439,2.119
4,8440,2.099
4,8441,2.493
4,8442,2.175
4,8443,2.114
4,8444,1.969
4,8445,1.905
4,8446,1.745
4,8447,1.836
4,8448,1.599
4,8449,1.995
4,8450,1.963
4,8451,1.993
4,8452,2.051
4,8453,1.736
4,8454,1.928
4,8455,2.162
4,8456,2.302
4,8457,2.462
4,8458,1.968
4,8459,1.696
4,8460,1.766
4,8461,1.864
4,8462,2.279
4,8463,2.576
4,8464,1.959
4,8465,2.500
4,8466,2.398
4,8467,2.224
4,8468,2.066
4,8469,2.174
4,8470,2.074
4,8471,2.767
4,8472,2.490
4,8473,2.205
4,8474,2.086
4,8475,2.308
4,8476,2.088
4,8477,2.026
4,8478,2.237
4,8479,2.807
4,8480,2.225
4,8481,1.863
4,8482,1.928
4,8483,2.229
4,8484,2.014
4,8485,3.515
4,8486,2.877
4,8487,2.773
4,8488,2.407
4,8489,2.052
4,8490,1.747
4,8491,1.717
4,8492,2.218
4,8493,2.059
4,8494,1.660
4,8495,1.701
4,8496,2.252
4,8497,1.917
4,8498,1.920
4,8499,1.888
4,8500,2.358
4,8501,2.094
4,8502,2.034
4,8503,2.013
4,8504,1.643
4,8505,1.984
4,8506,2.000
4,8507,1.873
4,8508,2.516
4,8509,2.319
4,8510,2.192
4,8511,2.018
4,8512,2.026
4,8513,2.421
4,8514,1.854
4,8515,2.073
4,8516,2.484
4,8517,2.123
4,8518,1.715
4,8519,1.902
4,8520,1.924
4,8521,1.810
4,8522,2.598
4,8523,2.391
4,8524,2.479
4,8525,2.453
4,8526,2.504
4,8527,2.080
4,8528,2.008
4,8529,2.191
4,8530,2.550
4,8531,2.535
4,8532,2.188
4,8533,1.766
4,8534,1.612
4,8535,2.005
4,8536,1.916
4,8537,1.690
4,8538,2.953
4,8539,2.330
4,8540,1.897
4,8541,1.786
4,8542,1.832
4,8543,1.715
4,8544,1.628
4,8545,2.187
4,8546,2.201
4,8547,1.777
4,8548,2.025
4,8549,2.011
4,8550,1.892
4,8551,1.774
4,8552,1.630
4,8553,1.796
4,8554,2.305
4,8555,2.067
4,8556,2.461
4,8557,2.766
4,8558,2.056
4,8559,2.087
4,8560,1.791
4,8561,2.201
4,8562,2.858
4,8563,1.973
4,8564,1.863
4,8565,2.362
4,8566,1.900
4,8567,1.703
4,8568,1.806
4,8569,2.356
4,8570,2.083
4,8571,1.609
4,8572,1.609
4,8573,1.891
4,8574,2.009
4,8575,1.894
4,8576,2.333
4,8577,2.384
4,8578,1.958
4,8579,1.956
4,8580,2.463
4,8581,1.794
4,8582,2.847
4,8583,2.356
4,8584,2.249
4,8585,2.168
4,8586,2.253
4,8587,1.684
4,8588,1.558
4,8589,2.102
4,8590,2.109
4,8591,3.039
4,8592,2.381
4,8593,2.375
4,8594,2.083
4,8595,2.206
4,8596,2.188
4,8597,2.276
4,8598,3.007
4,8599,2.412
4,8600,4.274
4,8601,3.836
4,8602,3.937
4,8603,3.004
4,8604,2.259
4,8605,2.369
4,8606,2.063
4,8607,2.058
4,8608,2.430
4,8609,2.671
4,8610,2.677
4,8611,2.143
4,8612,2.387
4,8613,2.316
4,8614,2.116
4,8615,1.985
4,8616,2.903
4,8617,2.674
4,8618,2.438
4,8619,2.518
4,8620,2.246
4,8621,2.740
4,8622,2.693
4,8623,2.060
4,8624,1.844
4,8625,2.110
4,8626,2.272
4,8627,1.719
4,8628,1.726
4,8629,2.257
4,8630,2.144
4,8631,1.919
4,8632,2.161
4,8633,2.013
4,8634,2.155
4,8635,2.775
4,8636,2.263
4,8637,2.066
4,8638,2.342
4,8639,2.142
4,8640,1.957
4,8641,2.170
4,8642,2.264
4,8643,2.653
4,8644,3.015
4,8645,2.405
4,8646,2.197
4,8647,2.399
4,8648,2.292
4,8649,2.533
4,8650,3.228
4,8651,2.374
4,8652,2.288
4,8653,2.348
4,8654,2.097
4,8655,2.560
4,8656,2.658
4,8657,2.589
4,8658,2.384
4,8659,2.264
4,8660,2.288
4,8661,2.307
4,8662,3.091
4,8663,2.751
4,8664,3.253
4,8665,2.452
4,8666,2.378
4,8667,2.509
4,8668,2.556
4,8669,2.515
4,8670,2.302
4,8671,3.094
4,8672,2.348
4,8673,2.214
4,8674,2.311
4,8675,2.681
4,8676,2.240
4,8677,2.271
4,8678,2.761
4,8679,2.445
4,8680,2.325
4,8681,2.832
4,8682,2.417
4,8683,2.980
4,8684,2.355
4,8685,2.921
4,8686,2.670
4,8687,2.640
4,8688,2.568
4,8689,2.182
4,8690,2.138
4,8691,2.483
4,8692,2.625
4,8693,2.545
4,8694,2.580
4,8695,2.373
4,8696,2.233
4,8697,2.369
4,8698,2.229
4,8699,3.154
4,8700,2.554
4,8701,2.427
4,8702,2.492
4,8703,2.809
4,8704,2.389
4,8705,2.823
4,8706,2.851
4,8707,2.558
4,8708,2.394
4,8709,2.177
4,8710,2.415
4,8711,2.801
4,8712,3.320
4,8713,3.092
4,8714,2.632
4,8715,2.411
4,8716,2.258
4,8717,2.460
4,8718,2.540
4,8719,2.069
4,8720,2.222
4,8721,2.749
4,8722,2.234
4,8723,2.421
4,8724,2.976
4,8725,3.211
4,8726,2.896
4,8727,3.134
4,8728,2.972
4,8729,3.214
4,8730,2.743
4,8731,2.662
4,8732,2.275
4,8733,2.868
4,8734,2.238
4,8735,2.263
4,8736,2.374
4,8737,2.597
4,8738,2.139
4,8739,2.188
4,8740,2.293
4,8741,2.587
4,8742,3.300
4,8743,2.318
4,8744,1.895
4,8745,2.057
4,8746,1.905
4,8747,1.772
4,8748,1.775
4,8749,2.434
4,8750,1.936
4,8751,1.737
4,8752,1.708
4,8753,1.639
4,8754,1.663
4,8755,1.641
4,8756,2.010
4,8757,2.115
4,8758,2.680
4,8759,2.440
4,8760,2.311
4,8761,2.247
4,8762,2.259
4,8763,2.507
4,8764,2.913
4,8765,3.107
4,8766,1.862
4,8767,1.762
4,8768,1.879
4,8769,1.881
4,8770,1.785
4,8771,1.712
4,8772,2.613
4,8773,2.446
4,8774,2.986
4,8775,2.234
4,8776,1.966
4,8777,2.051
4,8778,2.140
4,8779,2.385
4,8780,1.993
4,8781,1.904
4,8782,2.070
4,8783,1.873
4,8784,1.796
4,8785,1.647
4,8786,1.692
4,8787,2.238
4,8788,2.501
4,8789,3.327
4,8790,3.307
4,8791,2.527
4,8792,2.291
4,8793,2.346
4,8794,2.261
4,8795,1.846
4,8796,1.859
4,8797,2.019
4,8798,1.908
4,8799,1.635
4,8800,1.732
4,8801,2.073
4,8802,2.183
4,8803,1.902
4,8804,1.754
4,8805,1.728
4,8806,1.616
4,8807,1.862
4,8808,2.144
4,8809,2.223
4,8810,3.185
4,8811,2.638
4,8812,2.523
4,8813,2.525
4,8814,2.297
4,8815,2.860
4,8816,2.714
4,8817,2.420
4,8818,2.072
4,8819,2.303
4,8820,1.988
4,8821,1.735
4,8822,2.269
4,8823,2.286
4,8824,2.147
4,8825,1.945
4,8826,1.755
4,8827,1.661
4,8828,1.640
4,8829,1.828
4,8830,3.264
4,8831,2.643
4,8832,2.968
4,8833,1.961
4,8834,2.138
4,8835,2.178
4,8836,2.391
4,8837,2.282
4,8838,2.316
4,8839,1.925
4,8840,2.208
4,8841,1.859
4,8842,1.790
4,8843,1.748
4,8844,1.900
4,8845,2.499
4,8846,2.490
4,8847,2.579
4,8848,2.764
4,8849,2.561
4,8850,2.633
4,8851,2.680
4,8852,1.885
4,8853,1.764
4,8854,1.957
4,8855,1.765
4,8856,2.638
4,8857,2.536
4,8858,2.567
4,8859,2.277
4,8860,2.519
4,8861,2.166
4,8862,2.308
4,8863,3.247
4,8864,2.834
4,8865,2.506
4,8866,2.141
4,8867,1.952
4,8868,2.890
4,8869,2.406
4,8870,3.113
4,8871,2.586
4,8872,2.212
4,8873,2.103
4,8874,2.498
4,8875,2.226
4,8876,2.453
4,8877,3.075
4,8878,2.304
4,8879,2.221
4,8880,2.125
4,8881,1.772
4,8882,1.850
4,8883,2.111
4,8884,1.969
4,8885,2.459
4,8886,2.125
4,8887,1.830
4,8888,1.706
4,8889,1.755
4,8890,2.080
4,8891,1.920
4,8892,1.836
4,8893,2.083
4,8894,2.333
4,8895,1.917
4,8896,1.858
4,8897,1.862
4,8898,1.852
4,8899,1.852
4,8900,2.473
4,8901,2.793
4,8902,2.822
4,8903,2.651
4,8904,2.416
4,8905,1.891
4,8906,1.975
4,8907,2.073
4,8908,1.939
4,8909,2.304
4,8910,2.254
4,8911,1.758
4,8912,1.723
4,8913,2.273
4,8914,2.253
4,8915,2.232
4,8916,2.090
4,8917,1.741
4,8918,1.709
4,8919,2.868
4,8920,1.810
4,8921,1.637
4,8922,2.298
4,8923,2.671
4,8924,2.534
4,8925,2.290
4,8926,2.092
4,8927,2.307
4,8928,2.372
4,8929,2.653
4,8930,2.028
4,8931,1.838
4,8932,2.273
4,8933,1.889
4,8934,1.621
4,8935,2.014
4,8936,2.064
4,8937,2.211
4,8938,1.980
4,8939,1.765
4,8940,1.612
4,8941,1.679
4,8942,1.962
4,8943,1.946
4,8944,2.328
4,8945,2.266
4,8946,2.314
4,8947,2.336
4,8948,2.653
4,8949,2.352
4,8950,2.648
4,8951,3.166
4,8952,2.108
4,8953,2.780
4,8954,2.410
4,8955,2.146
4,8956,2.411
4,8957,4.256
4,8958,2.997
4,8959,2.724
4,8960,2.086
4,8961,2.032
4,8962,3.266
4,8963,2.286
4,8964,1.869
4,8965,2.303
4,8966,1.848
4,8967,2.402
4,8968,1.873
4,8969,1.705
4,8970,2.384
4,8971,2.552
4,8972,2.079
4,8973,2.424
4,8974,2.002
4,8975,2.044
4,8976,1.723
4,8977,2.029
4,8978,2.356
4,8979,2.292
4,8980,2.511
4,8981,2.856
4,8982,2.255
4,8983,2.531
4,8984,2.480
4,8985,2.166
4,8986,1.787
4,8987,1.708
4,8988,1.721
4,8989,2.234
4,8990,2.783
4,8991,2.502
4,8992,2.585
4,8993,2.300
4,8994,2.236
4,8995,2.126
4,8996,2.608
4,8997,2.293
4,8998,3.222
4,8999,2.246
4,9000,1.975
4,9001,2.069
4,9002,2.372
4,9003,2.578
4,9004,2.474
4,9005,2.530
4,9006,2.431
4,9007,2.463
4,9008,2.342
4,9009,2.366
4,9010,2.897
4,9011,4.046
4,9012,2.947
4,9013,2.612
4,9014,2.627
4,9015,2.352
4,9016,2.929
4,9017,2.491
4,9018,2.288
4,9019,2.319
4,9020,2.586
4,9021,2.582
4,9022,2.520
4,9023,3.887
4,9024,3.482
4,9025,3.525
4,9026,6.027
4,9027,3.973
4,9028,3.045
4,9029,2.969
4,9030,2.856
4,9031,3.415
4,9032,2.583
4,9033,3.048
4,9034,2.396
4,9035,2.271
4,9036,2.121
4,9037,2.117
4,9038,2.097
4,9039,2.183
4,9040,2.300
4,9041,2.889
4,9042,2.174
4,9043,1.793
4,9044,3.145
4,9045,2.787
4,9046,2.644
4,9047,2.439
4,9048,2.868
4,9049,2.660
4,9050,2.704
4,9051,2.462
4,9052,2.679
4,9053,2.409
4,9054,2.580
4,9055,4.767
4,9056,4.454
4,9057,2.623
4,9058,2.849
4,9059,3.752
4,9060,4.912
4,9061,3.034
4,9062,3.163
4,9063,2.786
4,9064,3.217
4,9065,3.332
4,9066,2.731
4,9067,2.633
4,9068,2.576
4,9069,2.524
4,9070,2.964
4,9071,3.078
4,9072,2.819
4,9073,2.377
4,9074,2.419
4,9075,2.455
4,9076,2.879
4,9077,3.031
4,9078,3.534
4,9079,3.238
4,9080,3.217
4,9081,3.502
4,9082,3.229
4,9083,3.316
4,9084,3.000
4,9085,2.922
4,9086,3.090
4,9087,2.648
4,9088,3.318
4,9089,3.252
4,9090,2.662
4,9091,2.886
4,9092,2.697
4,9093,2.631
4,9094,2.424
4,9095,2.474
4,9096,3.628
4,9097,3.334
4,9098,3.156
4,9099,2.839
4,9100,2.731
4,9101,2.567
4,9102,3.400
4,9103,3.337
4,9104,2.924
4,9105,3.035
4,9106,2.534
4,9107,2.421
4,9108,3.676
4,9109,3.328
4,9110,2.647
4,9111,3.080
4,9112,3.054
4,9113,3.951
4,9114,3.331
4,9115,2.774
4,9116,3.131
4,9117,2.660
4,9118,2.771
4,9119,3.111
4,9120,3.095
4,9121,2.991
4,9122,3.586
4,9123,3.068
4,9124,2.686
4,9125,3.032
4,9126,3.084
4,9127,3.430
4,9128,4.302
4,9129,4.339
4,9130,3.862
4,9131,3.649
4,9132,3.304
4,9133,3.341
4,9134,2.357
4,9135,2.589
4,9136,2.836
4,9137,4.089
4,9138,3.977
4,9139,4.051
4,9140,2.733
4,9141,2.565
4,9142,3.665
4,9143,3.333
4,9144,3.097
4,9145,3.089
4,9146,3.533
4,9147,3.471
4,9148,3.273
4,9149,3.114
4,9150,3.288
4,9151,3.896
4,9152,4.036
4,9153,3.527
4,9154,3.653
4,9155,2.994
4,9156,2.885
4,9157,3.498
4,9158,3.540
4,9159,4.552
4,9160,6.859
4,9161,4.783
4,9162,3.771
4,9163,3.052
4,9164,3.124
4,9165,2.874
4,9166,2.997
4,9167,2.790
4,9168,2.853
4,9169,2.783
4,9170,3.018
4,9171,3.007
4,9172,3.491
4,9173,3.363
4,9174,2.836
4,9175,2.770
4,9176,2.912
4,9177,2.440
4,9178,3.360
4,9179,2.507
4,9180,2.082
4,9181,2.484
4,9182,2.634
4,9183,2.331
4,9184,3.230
4,9185,3.203
4,9186,2.746
4,9187,2.553
4,9188,2.527
4,9189,2.716
4,9190,5.061
4,9191,3.285
4,9192,2.415
4,9193,2.571
4,9194,2.489
4,9195,3.677
4,9196,2.742
4,9197,3.225
4,9198,2.655
4,9199,2.967
4,9200,2.925
4,9201,2.601
4,9202,2.512
4,9203,3.228
4,9204,2.256
4,9205,2.579
4,9206,3.306
4,9207,3.920
4,9208,3.412
4,9209,3.508
4,9210,3.024
4,9211,3.653
4,9212,3.062
4,9213,3.705
4,9214,3.400
4,9215,3.097
4,9216,2.855
4,9217,2.596
4,9218,2.753
4,9219,2.566
4,9220,2.351
4,9221,2.521
4,9222,2.626
4,9223,2.802
4,9224,2.532
4,9225,2.291
4,9226,2.384
4,9227,2.893
4,9228,2.246
4,9229,2.431
4,9230,2.375
4,9231,2.324
4,9232,2.362
4,9233,2.263
4,9234,3.331
4,9235,2.884
4,9236,2.115
4,9237,2.210
4,9238,2.467
4,9239,2.251
4,9240,2.261
4,9241,3.569
4,9242,2.603
4,9243,3.500
4,9244,3.601
4,9245,2.761
4,9246,2.499
4,9247,2.990
4,9248,2.142
4,9249,1.809
4,9250,1.787
4,9251,1.880
4,9252,1.711
4,9253,1.790
4,9254,2.714
4,9255,2.783
4,9256,1.927
4,9257,2.142
4,9258,1.970
4,9259,1.853
4,9260,1.918
4,9261,2.231
4,9262,2.032
4,9263,2.283
4,9264,2.270
4,9265,2.330
4,9266,1.870
4,9267,2.283
4,9268,2.451
4,9269,2.102
4,9270,2.074
4,9271,2.492
4,9272,1.875
4,9273,2.149
4,9274,2.088
4,9275,1.954
4,9276,2.510
4,9277,2.828
4,9278,2.436
4,9279,2.937
4,9280,2.333
4,9281,2.337
4,9282,3.509
4,9283,2.215
4,9284,2.431
4,9285,2.666
4,9286,2.930
4,9287,3.263
4,9288,2.469
4,9289,2.406
4,9290,2.478
4,9291,2.407
4,9292,2.301
4,9293,3.288
4,9294,2.517
4,9295,2.671
4,9296,2.650
4,9297,2.568
4,9298,2.409
4,9299,2.601
4,9300,2.851
4,9301,2.254
4,9302,1.845
4,9303,1.961
4,9304,2.144
4,9305,2.010
4,9306,2.568
4,9307,2.444
4,9308,2.234
4,9309,1.978
4,9310,2.194
4,9311,1.975
4,9312,4.280
4,9313,2.556
4,9314,1.945
4,9315,2.552
4,9316,2.070
4,9317,1.865
4,9318,1.965
4,9319,1.953
4,9320,2.131
4,9321,1.972
4,9322,2.210
4,9323,2.518
4,9324,2.345
4,9325,2.627
4,9326,2.533
4,9327,3.680
4,9328,2.735
4,9329,2.295
4,9330,2.784
4,9331,2.041
4,9332,1.806
4,9333,2.320
4,9334,2.316
4,9335,2.121
4,9336,2.023
4,9337,1.980
4,9338,2.268
4,9339,2.252
4,9340,2.158
4,9341,2.076
4,9342,1.890
4,9343,2.556
4,9344,2.922
4,9345,2.689
4,9346,2.462
4,9347,2.791
4,9348,3.759
4,9349,2.888
4,9350,2.822
4,9351,2.771
4,9352,3.093
4,9353,2.561
4,9354,2.042
4,9355,2.243
4,9356,2.102
4,9357,1.817
4,9358,1.698
4,9359,2.126
4,9360,3.034
4,9361,1.962
4,9362,1.982
4,9363,1.793
4,9364,1.898
4,9365,1.977
4,9366,1.814
4,9367,1.920
4,9368,1.931
4,9369,2.511
4,9370,2.353
4,9371,1.996
4,9372,2.185
4,9373,2.040
4,9374,2.057
4,9375,2.805
4,9376,2.191
4,9377,2.496
4,9378,2.067
4,9379,1.956
4,9380,1.722
4,9381,1.858
4,9382,2.305
4,9383,2.593
4,9384,2.017
4,9385,2.262
4,9386,1.809
4,9387,1.700
4,9388,1.771
4,9389,1.741
4,9390,2.229
4,9391,2.588
4,9392,2.447
4,9393,2.552
4,9394,3.042
4,9395,2.473
4,9396,2.600
4,9397,2.839
4,9398,2.499
4,9399,2.411
4,9400,2.763
4,9401,2.726
4,9402,2.775
4,9403,2.599
4,9404,2.453
4,9405,2.446
4,9406,2.180
4,9407,2.012
4,9408,2.920
4,9409,2.827
4,9410,2.427
4,9411,2.580
4,9412,2.469
4,9413,2.702
4,9414,2.500
4,9415,3.594
4,9416,2.411
4,9417,2.212
4,9418,2.285
4,9419,2.260
4,9420,2.877
4,9421,3.543
4,9422,2.882
4,9423,2.775
4,9424,2.785
4,9425,2.297
4,9426,2.101
4,9427,2.620
4,9428,1.966
4,9429,2.610
4,9430,1.956
4,9431,1.896
4,9432,2.319
4,9433,2.104
4,9434,3.418
4,9435,2.641
4,9436,2.348
4,9437,1.901
4,9438,1.941
4,9439,1.896
4,9440,1.906
4,9441,2.286
4,9442,2.278
4,9443,1.926
4,9444,1.756
4,9445,2.795
4,9446,1.996
4,9447,1.748
4,9448,1.861
4,9449,2.078
4,9450,2.135
4,9451,1.808
4,9452,1.845
4,9453,1.968
4,9454,2.346
4,9455,2.047
4,9456,2.192
4,9457,2.576
4,9458,2.797
4,9459,2.153
4,9460,1.833
4,9461,1.880
4,9462,2.198
4,9463,2.102
4,9464,2.575
4,9465,2.187
4,9466,1.752
4,9467,1.785
4,9468,1.876
4,9469,2.091
4,9470,1.830
4,9471,1.943
4,9472,1.879
4,9473,2.751
4,9474,2.413
4,9475,2.090
4,9476,1.865
4,9477,1.950
4,9478,2.097
4,9479,2.757
4,9480,2.175
4,9481,2.275
4,9482,2.115
4,9483,2.119
4,9484,1.898
4,9485,1.928
4,9486,1.763
4,9487,1.999
4,9488,2.390
4,9489,2.118
4,9490,1.744
4,9491,1.724
4,9492,1.693
4,9493,1.948
4,9494,1.958
4,9495,1.846
4,9496,3.515
4,9497,2.394
4,9498,2.367
4,9499,1.776
4,9500,1.786
4,9501,1.844
4,9502,1.886
4,9503,2.690
4,9504,3.112
4,9505,2.398
4,9506,2.021
4,9507,1.964
4,9508,1.928
4,9509,1.816
4,9510,2.010
4,9511,3.013
4,9512,2.437
4,9513,2.020
4,9514,2.545
4,9515,2.230
4,9516,2.046
4,9517,2.413
4,9518,2.059
4,9519,1.792
4,9520,2.499
4,9521,1.991
4,9522,1.636
4,9523,1.634
4,9524,2.319
4,9525,2.869
4,9526,2.867
4,9527,2.439
4,9528,2.225
4,9529,1.914
4,9530,1.897
4,9531,2.021
4,9532,2.354
4,9533,2.275
4,9534,2.105
4,9535,1.685
4,9536,1.857
4,9537,2.260
4,9538,1.863
4,9539,3.318
4,9540,2.585
4,9541,2.052
4,9542,2.359
4,9543,2.426
4,9544,2.663
4,9545,3.275
4,9546,2.506
4,9547,2.771
4,9548,2.465
4,9549,2.178
4,9550,2.359
4,9551,3.236
4,9552,2.509
4,9553,2.471
4,9554,2.344
4,9555,2.283
4,9556,2.345
4,9557,2.473
4,9558,2.782
4,9559,2.306
4,9560,1.843
4,9561,1.801
4,9562,2.043
4,9563,1.922
4,9564,2.041
4,9565,2.430
4,9566,2.455
4,9567,1.913
4,9568,2.645
4,9569,2.471
4,9570,2.133
4,9571,2.534
4,9572,2.506
4,9573,1.952
4,9574,2.608
4,9575,1.996
4,9576,1.842
4,9577,2.017
4,9578,2.173
4,9579,2.159
4,9580,1.975
4,9581,2.559
4,9582,2.306
4,9583,1.775
4,9584,2.022
4,9585,1.861
4,9586,2.132
4,9587,2.051
4,9588,1.759
4,9589,1.822
4,9590,1.951
4,9591,2.468
4,9592,2.208
4,9593,1.884
4,9594,2.594
4,9595,2.624
4,9596,2.422
4,9597,2.558
4,9598,2.757
4,9599,2.347
4,9600,2.610
4,9601,2.466
4,9602,2.521
4,9603,2.589
4,9604,2.160
4,9605,2.311
4,9606,2.492
4,9607,2.901
4,9608,2.179
4,9609,1.731
4,9610,1.701
4,9611,1.904
4,9612,1.936
4,9613,3.591
4,9614,3.650
4,9615,2.738
4,9616,2.572
4,9617,2.857
4,9618,2.941
4,9619,3.388
4,9620,2.112
4,9621,1.920
4,9622,2.006
4,9623,2.281
4,9624,2.554
4,9625,2.595
4,9626,2.915
4,9627,2.647
4,9628,2.857
4,9629,2.969
4,9630,2.611
4,9631,2.733
4,9632,3.784
4,9633,2.806
4,9634,2.738
4,9635,2.429
4,9636,2.061
4,9637,3.050
4,9638,3.666
4,9639,3.164
4,9640,2.650
4,9641,2.620
4,9642,2.624
4,9643,2.631
4,9644,3.299
4,9645,2.804
4,9646,2.750
4,9647,2.659
4,9648,2.663
4,9649,2.779
4,9650,2.744
4,9651,2.584
4,9652,2.502
4,9653,2.613
4,9654,2.497
4,9655,2.575
4,9656,2.845
4,9657,3.491
4,9658,2.167
4,9659,2.986
4,9660,2.943
4,9661,2.859
4,9662,3.094
4,9663,3.353
4,9664,3.061
4,9665,3.139
4,9666,3.105
4,9667,2.908
4,9668,2.679
4,9669,3.705
4,9670,3.840
4,9671,3.596
4,9672,3.490
4,9673,3.292
4,9674,4.045
4,9675,2.813
4,9676,2.322
4,9677,2.542
4,9678,2.654
4,9679,2.782
4,9680,2.781
4,9681,2.232
4,9682,2.297
4,9683,2.739
4,9684,2.394
4,9685,2.589
4,9686,2.592
4,9687,2.666
4,9688,2.373
4,9689,2.304
4,9690,2.016
4,9691,2.507
4,9692,2.373
4,9693,2.619
4,9694,2.892
4,9695,2.459
4,9696,2.354
4,9697,2.316
4,9698,2.102
4,9699,2.797
4,9700,2.377
4,9701,3.015
4,9702,2.622
4,9703,3.124
4,9704,2.844
4,9705,3.351
4,9706,2.691
4,9707,2.886
4,9708,2.271
4,9709,2.480
4,9710,2.508
4,9711,2.342
4,9712,2.518
4,9713,2.365
4,9714,2.862
4,9715,2.461
4,9716,2.220
4,9717,2.663
4,9718,2.578
4,9719,2.106
4,9720,2.309
4,9721,2.863
4,9722,2.457
4,9723,2.818
4,9724,3.205
4,9725,2.653
4,9726,2.513
4,9727,2.325
4,9728,2.812
4,9729,2.908
4,9730,2.754
4,9731,2.437
4,9732,2.370
4,9733,2.714
4,9734,2.554
4,9735,2.963
4,9736,2.689
4,9737,2.655
4,9738,2.325
4,9739,2.492
4,9740,2.435
4,9741,3.163
4,9742,2.900
4,9743,2.711
4,9744,2.672
4,9745,2.446
4,9746,2.583
4,9747,2.860
4,9748,2.548
4,9749,3.024
4,9750,2.626
4,9751,2.474
4,9752,2.999
4,9753,2.613
4,9754,2.437
4,9755,2.467
4,9756,2.824
4,9757,2.354
4,9758,2.127
4,9759,3.161
4,9760,2.764
4,9761,2.157
4,9762,2.176
4,9763,2.798
4,9764,2.595
4,9765,2.677
4,9766,2.233
4,9767,2.047
4,9768,2.301
4,9769,2.077
4,9770,2.284
4,9771,2.155
4,9772,2.830
4,9773,2.236
4,9774,2.091
4,9775,2.375
4,9776,2.241
4,9777,2.237
4,9778,2.746
4,9779,2.799
4,9780,2.580
4,9781,2.646
4,9782,2.378
4,9783,2.297
4,9784,2.622
4,9785,2.789
4,9786,2.276
4,9787,2.082
4,9788,2.126
4,9789,2.350
4,9790,1.954
4,9791,2.895
4,9792,2.363
4,9793,2.792
4,9794,2.126
4,9795,1.975
4,9796,2.030
4,9797,2.242
4,9798,2.936
4,9799,2.105
4,9800,1.794
4,9801,1.994
4,9802,2.374
4,9803,2.392
4,9804,2.110
4,9805,2.704
4,9806,2.503
4,9807,2.299
4,9808,2.492
4,9809,2.875
4,9810,2.734
4,9811,2.800
4,9812,2.600
4,9813,2.488
4,9814,2.436
4,9815,2.120
4,9816,2.886
4,9817,3.053
4,9818,2.641
4,9819,2.391
4,9820,2.629
4,9821,2.609
4,9822,3.811
4,9823,3.668
4,9824,2.455
4,9825,2.811
4,9826,4.149
4,9827,3.128
4,9828,3.490
4,9829,3.193
4,9830,2.656
4,9831,2.513
4,9832,2.284
4,9833,2.389
4,9834,3.016
4,9835,2.426
4,9836,2.695
4,9837,2.431
4,9838,2.320
4,9839,2.645
4,9840,2.882
4,9841,3.318
4,9842,3.274
4,9843,2.815
4,9844,2.400
4,9845,2.638
4,9846,2.561
4,9847,2.505
4,9848,2.491
4,9849,2.886
4,9850,2.964
4,9851,3.402
4,9852,3.394
4,9853,3.320
4,9854,2.760
4,9855,2.507
4,9856,3.366
4,9857,3.023
4,9858,2.436
4,9859,1.979
4,9860,2.004
4,9861,1.809
4,9862,1.738
4,9863,1.711
4,9864,3.480
4,9865,3.437
4,9866,2.039
4,9867,1.830
4,9868,1.738
4,9869,1.998
4,9870,1.758
4,9871,2.284
4,9872,2.462
4,9873,1.874
4,9874,1.944
4,9875,1.952
4,9876,1.778
4,9877,1.850
4,9878,2.367
4,9879,3.067
4,9880,2.864
4,9881,2.716
4,9882,2.335
4,9883,1.857
4,9884,2.153
4,9885,2.464
4,9886,1.959
4,9887,2.485
4,9888,2.569
4,9889,1.983
4,9890,2.021
4,9891,2.074
4,9892,2.668
4,9893,2.707
4,9894,2.403
4,9895,1.990
4,9896,2.634
4,9897,2.080
4,9898,1.843
4,9899,4.431
4,9900,2.774
4,9901,2.532
4,9902,2.484
4,9903,2.849
4,9904,4.025
4,9905,3.351
4,9906,2.737
4,9907,2.011
4,9908,1.990
4,9909,3.048
4,9910,2.468
4,9911,2.658
4,9912,2.328
4,9913,2.150
4,9914,2.555
4,9915,2.521
4,9916,2.811
4,9917,2.643
4,9918,2.195
4,9919,2.215
4,9920,2.238
4,9921,2.163
4,9922,2.805
4,9923,3.253
4,9924,2.477
4,9925,2.575
4,9926,2.555
4,9927,2.011
4,9928,2.402
4,9929,2.198
4,9930,2.317
4,9931,2.251
4,9932,2.015
4,9933,1.750
4,9934,1.686
4,9935,2.226
4,9936,2.162
4,9937,1.718
4,9938,1.937
4,9939,3.082
4,9940,2.555
4,9941,2.883
4,9942,2.375
4,9943,2.129
4,9944,2.265
4,9945,2.047
4,9946,2.186
4,9947,2.113
4,9948,1.978
4,9949,2.473
4,9950,2.141
4,9951,1.933
4,9952,1.700
4,9953,1.818
4,9954,2.472
4,9955,2.187
4,9956,2.179
4,9957,2.233
4,9958,2.065
4,9959,1.799
4,9960,1.862
4,9961,1.946
4,9962,1.844
4,9963,2.091
4,9964,3.223
4,9965,2.129
4,9966,2.161
4,9967,2.340
4,9968,2.168
4,9969,1.928
4,9970,2.190
4,9971,1.993
4,9972,2.219
4,9973,2.147
4,9974,1.911
4,9975,1.737
4,9976,1.764
4,9977,2.056
4,9978,2.413
4,9979,2.274
4,9980,2.192
4,9981,2.502
4,9982,2.501
4,9983,2.320
4,9984,2.169
4,9985,3.014
4,9986,2.870
4,9987,2.263
4,9988,2.895
4,9989,2.393
4,9990,2.076
4,9991,3.680
4,9992,5.476
4,9993,3.177
4,9994,2.910
4,9995,4.126
4,9996,2.363
4,9997,2.073
4,9998,1.821
4,9999,1.686
4,10000,2.043
4,10001,2.360
4,10002,2.909
4,10003,2.352
4,10004,2.300
4,10005,2.174
4,10006,2.194
4,10007,2.228
4,10008,2.382
4,10009,3.680
4,10010,2.241
4,10011,1.794
4,10012,2.131
4,10013,1.999
4,10014,1.645
4,10015,1.974
4,10016,2.158
4,10017,2.520
4,10018,2.056
4,10019,2.017
4,10020,1.901
4,10021,4.582
4,10022,3.635
4,10023,3.226
4,10024,2.843
4,10025,3.314
4,10026,3.125
4,10027,3.243
4,10028,3.097
4,10029,3.290
4,10030,3.044
4,10031,3.085
4,10032,3.263
4,10033,4.767
4,10034,3.687
4,10035,3.287
4,10036,4.276
4,10037,2.463
4,10038,2.721
4,10039,2.431
4,10040,3.442
4,10041,2.913
4,10042,2.455
4,10043,2.551
4,10044,1.974
4,10045,1.805
4,10046,2.015
4,10047,2.133
4,10048,2.236
4,10049,2.155
4,10050,1.986
4,10051,1.843
4,10052,1.821
4,10053,2.393
4,10054,1.914
4,10055,1.678
4,10056,2.336
4,10057,2.358
4,10058,1.934
4,10059,1.701
4,10060,1.959
4,10061,2.216
4,10062,1.944
4,10063,2.479
4,10064,2.964
4,10065,2.240
4,10066,2.417
4,10067,2.094
4,10068,1.760
4,10069,2.017
4,10070,2.165
4,10071,2.095
4,10072,2.682
4,10073,1.978
4,10074,1.704
4,10075,1.758
4,10076,2.113
4,10077,1.985
4,10078,1.745
4,10079,2.241
4,10080,2.144
4,10081,2.311
4,10082,1.933
4,10083,1.783
4,10084,1.685
4,10085,1.766
4,10086,2.093
4,10087,3.104
4,10088,2.524
4,10089,3.030
4,10090,2.369
4,10091,2.011
4,10092,2.187
4,10093,2.318
4,10094,1.828
4,10095,2.157
4,10096,1.783
4,10097,2.143
4,10098,2.130
4,10099,2.040
4,10100,2.782
4,10101,1.947
4,10102,1.770
4,10103,1.656
4,10104,1.602
4,10105,1.992
4,10106,2.447
4,10107,1.905
4,10108,2.395
4,10109,2.204
4,10110,2.155
4,10111,1.819
4,10112,2.035
4,10113,1.877
4,10114,2.332
4,10115,2.444
4,10116,2.576
4,10117,2.346
4,10118,2.478
4,10119,2.658
4,10120,2.466
4,10121,2.761
4,10122,2.857
4,10123,2.219
4,10124,1.845
4,10125,1.639
4,10126,1.618
4,10127,1.860
4,10128,1.876
4,10129,1.614
4,10130,2.245
4,10131,2.470
4,10132,2.118
4,10133,2.178
4,10134,2.019
4,10135,2.055
4,10136,1.843
4,10137,2.161
4,10138,3.142
4,10139,2.451
4,10140,2.037
4,10141,2.329
4,10142,2.425
4,10143,2.227
4,10144,2.273
4,10145,2.284
4,10146,2.298
4,10147,1.898
4,10148,1.758
4,10149,1.826
4,10150,2.137
4,10151,2.031
4,10152,2.026
4,10153,2.077
4,10154,2.640
4,10155,2.271
4,10156,2.301
4,10157,1.958
4,10158,2.011
4,10159,2.512
4,10160,2.627
4,10161,2.221
4,10162,2.639
4,10163,2.244
4,10164,2.324
4,10165,2.452
4,10166,2.608
4,10167,2.259
4,10168,2.704
4,10169,2.514
4,10170,2.069
4,10171,2.209
4,10172,3.157
4,10173,3.128
4,10174,3.020
4,10175,3.123
4,10176,2.994
4,10177,2.842
4,10178,2.549
4,10179,2.012
4,10180,1.744
4,10181,1.789
4,10182,1.729
4,10183,1.701
4,10184,2.213
4,10185,2.655
4,10186,2.222
4,10187,2.148
4,10188,2.665
4,10189,2.531
4,10190,2.262
4,10191,2.452
4,10192,2.264
4,10193,2.161
4,10194,2.329
4,10195,1.841
4,10196,2.011
4,10197,1.898
4,10198,2.338
4,10199,2.412
4,10200,2.733
4,10201,2.411
4,10202,2.276
4,10203,2.323
4,10204,2.194
4,10205,2.071
4,10206,2.432
4,10207,2.620
4,10208,2.082
4,10209,2.367
4,10210,2.755
4,10211,2.623
4,10212,3.109
4,10213,3.579
4,10214,3.071
4,10215,2.031
4,10216,2.295
4,10217,2.274
4,10218,2.739
4,10219,3.026
4,10220,2.638
4,10221,2.733
4,10222,2.508
4,10223,2.232
4,10224,2.133
4,10225,3.217
4,10226,2.276
4,10227,2.316
4,10228,3.000
4,10229,2.729
4,10230,2.746
4,10231,2.592
4,10232,2.471
4,10233,2.630
4,10234,2.368
4,10235,3.248
4,10236,3.063
4,10237,3.108
4,10238,2.661
4,10239,2.485
4,10240,2.688
4,10241,2.993
4,10242,2.668
4,10243,2.658
4,10244,2.374
4,10245,2.341
4,10246,2.496
4,10247,2.406
4,10248,3.258
4,10249,3.126
4,10250,2.446
4,10251,2.643
4,10252,2.350
4,10253,2.432
4,10254,2.776
4,10255,3.150
4,10256,2.962
4,10257,2.635
4,10258,2.749
4,10259,2.710
4,10260,3.088
4,10261,3.359
4,10262,2.712
4,10263,2.575
4,10264,2.446
4,10265,2.361
4,10266,2.947
4,10267,2.475
4,10268,3.258
4,10269,2.640
4,10270,2.434
4,10271,2.549
4,10272,3.318
4,10273,2.834
4,10274,3.335
4,10275,2.699
4,10276,2.776
4,10277,3.681
4,10278,5.293
4,10279,3.756
4,10280,2.657
4,10281,2.592
4,10282,2.840
4,10283,2.313
4,10284,2.496
4,10285,2.616
4,10286,3.209
4,10287,2.712
4,10288,2.715
4,10289,2.955
4,10290,2.834
4,10291,2.400
4,10292,3.027
4,10293,2.791
4,10294,2.618
4,10295,2.290
4,10296,2.088
4,10297,2.284
4,10298,2.199
4,10299,2.460
4,10300,2.240
4,10301,2.112
4,10302,2.013
4,10303,2.012
4,10304,2.031
4,10305,1.883
4,10306,1.684
4,10307,2.321
4,10308,2.574
4,10309,1.880
4,10310,1.874
4,10311,2.027
4,10312,2.194
4,10313,1.829
4,10314,2.306
4,10315,2.998
4,10316,3.593
4,10317,2.784
4,10318,2.764
4,10319,2.752
4,10320,2.817
4,10321,2.527
4,10322,2.608
4,10323,2.359
4,10324,2.107
4,10325,1.821
4,10326,2.180
4,10327,2.891
4,10328,2.299
4,10329,1.900
4,10330,2.406
4,10331,2.073
4,10332,2.051
4,10333,2.758
4,10334,2.422
4,10335,2.075
4,10336,1.931
4,10337,2.031
4,10338,2.323
4,10339,2.040
4,10340,2.160
4,10341,2.261
4,10342,1.845
4,10343,1.836
4,10344,1.837
4,10345,1.775
4,10346,1.931
4,10347,2.339
4,10348,2.079
4,10349,2.368
4,10350,2.685
4,10351,2.479
4,10352,2.468
4,10353,2.572
4,10354,3.183
4,10355,4.002
4,10356,2.879
4,10357,2.727
4,10358,2.023
4,10359,1.871
4,10360,2.084
4,10361,3.054
4,10362,2.270
4,10363,1.942
4,10364,1.786
4,10365,1.665
4,10366,1.601
4,10367,1.937
4,10368,2.083
4,10369,1.810
4,10370,2.303
4,10371,1.921
4,10372,1.763
4,10373,1.813
4,10374,1.827
4,10375,1.767
4,10376,2.581
4,10377,2.272
4,10378,2.369
4,10379,2.210
4,10380,1.993
4,10381,2.076
4,10382,2.046
4,10383,2.143
4,10384,2.411
4,10385,2.024
4,10386,1.778
4,10387,2.315
4,10388,1.814
4,10389,1.650
4,10390,1.611
4,10391,2.142
4,10392,2.359
4,10393,2.156
4,10394,2.021
4,10395,1.962
4,10396,2.132
4,10397,1.967
4,10398,2.176
4,10399,2.008
4,10400,1.945
4,10401,1.972
4,10402,2.304
4,10403,1.805
4,10404,1.926
4,10405,2.889
4,10406,2.637
4,10407,2.669
4,10408,2.339
4,10409,2.194
4,10410,2.177
4,10411,1.926
4,10412,3.122
4,10413,2.657
4,10414,2.408
4,10415,2.319
4,10416,2.225
4,10417,2.076
4,10418,2.385
4,10419,2.954
4,10420,2.118
4,10421,2.154
4,10422,2.510
4,10423,2.633
4,10424,2.212
4,10425,3.026
4,10426,3.018
4,10427,2.674
4,10428,2.599
4,10429,2.748
4,10430,3.032
4,10431,3.288
4,10432,3.554
4,10433,3.196
4,10434,2.579
4,10435,2.289
4,10436,3.083
4,10437,3.066
4,10438,2.568
4,10439,1.920
4,10440,1.879
4,10441,1.769
4,10442,2.063
4,10443,2.264
4,10444,2.255
4,10445,2.014
4,10446,2.555
4,10447,1.890
4,10448,1.842
4,10449,1.861
4,10450,1.740
4,10451,3.096
4,10452,3.086
4,10453,3.181
4,10454,3.490
4,10455,2.249
4,10456,2.628
4,10457,3.418
4,10458,3.006
4,10459,2.465
4,10460,2.841
4,10461,2.184
4,10462,2.850
4,10463,2.411
4,10464,2.087
4,10465,2.082
4,10466,1.908
4,10467,1.808
4,10468,2.209
4,10469,2.678
4,10470,2.388
4,10471,2.082
4,10472,1.822
4,10473,1.883
4,10474,1.752
4,10475,2.236
4,10476,2.392
4,10477,1.937
4,10478,1.924
4,10479,1.782
4,10480,1.915
4,10481,1.767
4,10482,1.851
4,10483,2.250
4,10484,2.578
4,10485,3.117
4,10486,2.305
4,10487,1.929
4,10488,1.913
4,10489,1.891
4,10490,1.819
4,10491,2.059
4,10492,2.134
4,10493,2.612
4,10494,2.020
4,10495,2.054
4,10496,1.768
4,10497,1.718
4,10498,1.768
4,10499,2.353
4,10500,2.049
4,10501,1.782
4,10502,2.450
4,10503,1.910
4,10504,2.004
4,10505,1.976
4,10506,2.236
4,10507,2.423
4,10508,2.174
4,10509,2.314
4,10510,2.699
4,10511,2.222
4,10512,2.015
4,10513,1.736
4,10514,1.990
4,10515,2.155
4,10516,1.933
4,10517,1.756
4,10518,1.946
4,10519,2.167
4,10520,1.678
4,10521,1.664
4,10522,2.039
4,10523,2.125
4,10524,1.951
4,10525,1.746
4,10526,1.773
4,10527,1.740
4,10528,2.090
4,10529,2.116
4,10530,2.036
4,10531,1.905
4,10532,1.901
4,10533,2.049
4,10534,2.319
4,10535,1.739
4,10536,1.920
4,10537,2.753
4,10538,2.255
4,10539,2.246
4,10540,1.968
4,10541,2.102
4,10542,2.265
4,10543,2.257
4,10544,1.729
4,10545,2.177
4,10546,2.616
4,10547,2.568
4,10548,2.346
4,10549,2.140
4,10550,2.027
4,10551,2.113
4,10552,2.511
4,10553,2.709
4,10554,2.448
4,10555,2.360
4,10556,2.342
4,10557,2.592
4,10558,2.316
4,10559,2.623
4,10560,3.295
4,10561,2.224
4,10562,2.131
4,10563,2.322
4,10564,2.293
4,10565,2.570
4,10566,2.761
4,10567,2.985
4,10568,2.960
4,10569,2.695
4,10570,1.998
4,10571,2.289
4,10572,2.176
4,10573,1.633
4,10574,2.240
4,10575,1.803
4,10576,1.826
4,10577,1.975
4,10578,2.199
4,10579,2.145
4,10580,2.151
4,10581,2.294
4,10582,2.150
4,10583,2.199
4,10584,1.937
4,10585,2.033
4,10586,1.827
4,10587,2.875
4,10588,3.329
4,10589,2.771
4,10590,2.778
4,10591,1.885
4,10592,1.674
4,10593,1.969
4,10594,2.008
4,10595,2.218
4,10596,1.763
4,10597,1.974
4,10598,1.847
4,10599,2.270
4,10600,2.587
4,10601,2.471
4,10602,2.902
4,10603,2.762
4,10604,2.650
4,10605,2.786
4,10606,3.212
4,10607,2.748
4,10608,2.228
4,10609,1.792
4,10610,1.690
4,10611,1.928
4,10612,2.210
4,10613,1.773
4,10614,3.149
4,10615,2.368
4,10616,2.019
4,10617,1.983
4,10618,2.076
4,10619,1.973
4,10620,1.830
4,10621,2.588
4,10622,2.357
4,10623,1.861
4,10624,2.267
4,10625,2.090
4,10626,2.052
4,10627,2.171
4,10628,2.385
4,10629,2.254
4,10630,3.171
4,10631,2.000
4,10632,1.714
4,10633,1.857
4,10634,1.880
4,10635,2.327
4,10636,2.195
4,10637,2.510
4,10638,2.253
4,10639,1.977
4,10640,2.073
4,10641,1.765
4,10642,1.751
4,10643,2.478
4,10644,2.674
4,10645,2.156
4,10646,3.037
4,10647,2.869
4,10648,3.279
4,10649,2.669
4,10650,1.892
4,10651,2.118
4,10652,2.205
4,10653,2.371
4,10654,1.762
4,10655,1.987
4,10656,3.010
4,10657,2.053
4,10658,2.047
4,10659,1.813
4,10660,1.646
4,10661,2.727
4,10662,2.062
4,10663,2.498
4,10664,2.334
4,10665,2.177
4,10666,2.204
4,10667,2.060
4,10668,2.140
4,10669,2.421
4,10670,2.555
4,10671,2.284
4,10672,1.865
4,10673,1.789
4,10674,1.919
4,10675,2.403
4,10676,1.965
4,10677,2.687
4,10678,2.525
4,10679,2.590
4,10680,2.806
4,10681,2.133
4,10682,2.205
4,10683,2.451
4,10684,3.718
4,10685,2.584
4,10686,2.367
4,10687,2.962
4,10688,2.425
4,10689,2.958
4,10690,5.484
4,10691,2.893
4,10692,2.371
4,10693,2.319
4,10694,2.603
4,10695,2.910
4,10696,2.355
4,10697,2.549
4,10698,2.171
4,10699,1.996
4,10700,2.242
4,10701,2.449
4,10702,2.516
4,10703,2.332
4,10704,2.524
4,10705,2.035
4,10706,2.551
4,10707,2.081
4,10708,2.366
4,10709,2.516
4,10710,2.637
4,10711,3.330
4,10712,2.442
4,10713,2.083
4,10714,2.526
4,10715,2.610
4,10716,1.879
4,10717,1.905
4,10718,3.080
4,10719,1.853
4,10720,1.758
4,10721,4.198
4,10722,2.125
4,10723,1.844
4,10724,1.730
4,10725,1.795
4,10726,2.374
4,10727,2.594
4,10728,2.122
4,10729,2.129
4,10730,2.363
4,10731,2.080
4,10732,1.823
4,10733,2.054
4,10734,2.199
4,10735,2.008
4,10736,2.447
4,10737,2.008
4,10738,1.673
4,10739,1.658
4,10740,1.880
4,10741,2.026
4,10742,1.839
4,10743,2.347
4,10744,2.681
4,10745,2.253
4,10746,2.227
4,10747,1.940
4,10748,1.738
4,10749,1.868
4,10750,2.261
4,10751,3.250
4,10752,2.547
4,10753,2.385
4,10754,2.161
4,10755,2.367
4,10756,2.402
4,10757,2.603
4,10758,3.198
4,10759,2.420
4,10760,2.062
4,10761,2.362
4,10762,2.154
4,10763,2.939
4,10764,2.663
4,10765,2.970
4,10766,2.503
4,10767,2.279
4,10768,2.194
4,10769,2.817
4,10770,2.803
4,10771,2.995
4,10772,2.972
4,10773,2.258
4,10774,2.573
4,10775,2.751
4,10776,2.347
4,10777,2.505
4,10778,2.561
4,10779,3.023
4,10780,2.435
4,10781,2.641
4,10782,2.600
4,10783,2.246
4,10784,2.321
4,10785,2.432
4,10786,2.779
4,10787,2.519
4,10788,2.619
4,10789,2.389
4,10790,2.714
4,10791,2.436
4,10792,2.385
4,10793,3.355
4,10794,5.236
4,10795,2.456
4,10796,2.310
4,10797,2.506
4,10798,2.431
4,10799,4.244
4,10800,2.862
4,10801,2.640
4,10802,2.922
4,10803,3.028
4,10804,2.719
4,10805,3.149
4,10806,2.797
4,10807,3.103
4,10808,2.583
4,10809,2.888
4,10810,2.718
4,10811,3.024
4,10812,2.765
4,10813,2.698
4,10814,2.648
4,10815,2.412
4,10816,2.483
4,10817,2.575
4,10818,2.983
4,10819,2.344
4,10820,2.445
4,10821,2.450
4,10822,2.460
4,10823,2.241
4,10824,2.300
4,10825,2.827
4,10826,2.737
4,10827,2.736
4,10828,2.667
4,10829,2.636
4,10830,2.439
4,10831,2.788
4,10832,3.131
4,10833,2.930
4,10834,2.483
4,10835,2.534
4,10836,2.786
4,10837,2.634
4,10838,3.029
4,10839,3.006
4,10840,2.268
4,10841,2.266
4,10842,2.056
4,10843,2.185
4,10844,2.572
4,10845,3.211
4,10846,3.037
4,10847,2.573
4,10848,2.444
4,10849,2.362
4,10850,2.532
4,10851,2.622
4,10852,2.457
4,10853,2.418
4,10854,2.026
4,10855,2.088
4,10856,2.193
4,10857,3.052
4,10858,3.269
4,10859,3.498
4,10860,3.015
4,10861,1.847
4,10862,1.915
4,10863,2.231
4,10864,2.151
4,10865,2.367
4,10866,2.067
4,10867,2.020
4,10868,1.990
4,10869,2.267
4,10870,2.013
4,10871,2.312
4,10872,2.260
4,10873,2.050
4,10874,2.014
4,10875,1.697
4,10876,1.729
4,10877,1.968
4,10878,1.954
4,10879,2.871
4,10880,2.122
4,10881,1.941
4,10882,2.054
4,10883,2.044
4,10884,1.874
4,10885,2.202
4,10886,1.981
4,10887,2.349
4,10888,2.098
4,10889,2.439
4,10890,1.996
4,10891,2.178
4,10892,1.998
4,10893,2.484
4,10894,2.593
4,10895,2.037
4,10896,1.814
4,10897,1.846
4,10898,1.825
4,10899,1.741
4,10900,1.631
4,10901,1.797
4,10902,2.350
4,10903,2.234
4,10904,1.770
4,10905,1.603
4,10906,1.738
4,10907,1.695
4,10908,1.759
4,10909,1.713
4,10910,2.039
4,10911,2.729
4,10912,1.852
4,10913,1.944
4,10914,2.222
4,10915,1.904
4,10916,1.861
4,10917,2.174
4,10918,2.215
4,10919,2.230
4,10920,1.954
4,10921,1.845
4,10922,1.691
4,10923,1.703
4,10924,1.725
4,10925,1.574
4,10926,2.029
4,10927,1.901
4,10928,2.026
4,10929,2.424
4,10930,1.735
4,10931,1.772
4,10932,1.696
4,10933,1.644
4,10934,2.226
4,10935,2.537
4,10936,2.227
4,10937,2.725
4,10938,3.566
4,10939,2.618
4,10940,2.766
4,10941,2.409
4,10942,2.160
4,10943,2.439
4,10944,2.256
4,10945,2.437
4,10946,2.498
4,10947,2.551
4,10948,2.153
4,10949,2.226
4,10950,2.422
4,10951,2.003
4,10952,2.139
4,10953,2.708
4,10954,2.976
4,10955,2.154
4,10956,1.707
4,10957,1.735
4,10958,1.957
4,10959,2.005
4,10960,2.137
4,10961,2.886
4,10962,2.485
4,10963,2.258
4,10964,2.125
4,10965,2.026
4,10966,1.710
4,10967,1.608
4,10968,2.065
4,10969,2.455
4,10970,1.768
4,10971,1.789
4,10972,1.977
4,10973,1.974
4,10974,1.998
4,10975,1.970
4,10976,2.262
4,10977,2.192
4,10978,2.864
4,10979,1.960
4,10980,1.578
4,10981,1.689
4,10982,1.993
4,10983,2.255
4,10984,2.780
4,10985,2.203
4,10986,2.342
4,10987,2.132
4,10988,2.132
4,10989,1.950
4,10990,2.561
4,10991,2.753
4,10992,2.077
4,10993,1.620
4,10994,2.277
4,10995,1.835
4,10996,1.575
4,10997,1.695
4,10998,2.156
4,10999,1.980
4,11000,1.761
4,11001,1.862
4,11002,2.142
4,11003,2.171
4,11004,1.635
4,11005,1.918
4,11006,2.282
4,11007,2.214
4,11008,2.381
4,11009,2.078
4,11010,1.968
4,11011,2.002
4,11012,2.538
4,11013,1.774
4,11014,2.019
4,11015,1.986
4,11016,1.740
4,11017,1.780
4,11018,1.799
4,11019,1.697
4,11020,1.600
4,11021,1.876
4,11022,1.955
4,11023,2.651
4,11024,1.997
4,11025,1.808
4,11026,1.970
4,11027,2.095
4,11028,1.905
4,11029,1.705
4,11030,2.209
4,11031,2.444
4,11032,2.139
4,11033,2.207
4,11034,1.942
4,11035,2.005
4,11036,2.004
4,11037,2.094
4,11038,2.327
4,11039,2.159
4,11040,1.808
4,11041,1.587
4,11042,1.852
4,11043,1.829
4,11044,1.676
4,11045,1.598
4,11046,1.777
4,11047,2.887
4,11048,2.369
4,11049,1.693
4,11050,1.789
4,11051,1.626
4,11052,1.759
4,11053,1.903
4,11054,2.025
4,11055,2.893
4,11056,2.611
4,11057,3.222
4,11058,2.341
4,11059,2.624
4,11060,2.762
4,11061,2.520
4,11062,2.180
4,11063,1.903
4,11064,2.247
4,11065,2.200
4,11066,1.861
4,11067,1.723
4,11068,2.229
4,11069,2.257
4,11070,2.232
4,11071,1.804
4,11072,1.838
4,11073,2.167
4,11074,1.796
4,11075,2.164
4,11076,2.424
4,11077,2.288
4,11078,2.352
4,11079,2.415
4,11080,2.442
4,11081,3.120
4,11082,3.191
4,11083,2.731
4,11084,2.734
4,11085,4.425
4,11086,2.766
4,11087,3.018
4,11088,2.722
4,11089,2.327
4,11090,2.399
4,11091,2.199
4,11092,2.124
4,11093,2.940
4,11094,2.936
4,11095,2.316
4,11096,2.475
4,11097,2.566
4,11098,2.799
4,11099,2.678
4,11100,2.612
4,11101,2.626
4,11102,2.104
4,11103,1.877
4,11104,1.758
4,11105,1.774
4,11106,2.242
4,11107,2.316
4,11108,2.084
4,11109,2.121
4,11110,1.784
4,11111,2.150
4,11112,1.965
4,11113,1.733
4,11114,1.828
4,11115,2.294
4,11116,2.173
4,11117,1.819
4,11118,2.601
4,11119,2.008
4,11120,1.853
4,11121,2.385
4,11122,2.566
4,11123,2.636
4,11124,1.982
4,11125,2.010
4,11126,2.236
4,11127,1.816
4,11128,1.946
4,11129,2.147
4,11130,2.172
4,11131,1.952
4,11132,1.787
4,11133,1.799
4,11134,1.637
4,11135,2.468
4,11136,1.870
4,11137,1.923
4,11138,2.066
4,11139,1.936
4,11140,1.968
4,11141,1.769
4,11142,1.782
4,11143,1.806
4,11144,2.151
4,11145,1.838
4,11146,2.277
4,11147,1.864
4,11148,2.031
4,11149,2.213
4,11150,2.067
4,11151,1.785
4,11152,1.771
4,11153,2.423
4,11154,2.485
4,11155,2.429
4,11156,2.396
4,11157,2.327
4,11158,2.365
4,11159,2.537
4,11160,2.901
4,11161,2.420
4,11162,2.286
4,11163,2.302
4,11164,2.279
4,11165,2.078
4,11166,2.292
4,11167,2.675
4,11168,2.976
4,11169,2.175
4,11170,2.517
4,11171,2.332
4,11172,2.309
4,11173,2.637
4,11174,2.334
4,11175,2.786
4,11176,2.260
4,11177,1.986
4,11178,2.316
4,11179,2.375
4,11180,2.647
4,11181,2.284
4,11182,1.832
4,11183,1.922
4,11184,1.763
4,11185,2.156
4,11186,1.693
4,11187,2.490
4,11188,2.503
4,11189,2.257
4,11190,2.145
4,11191,2.404
4,11192,2.122
4,11193,2.178
4,11194,2.551
4,11195,1.975
4,11196,1.846
4,11197,1.758
4,11198,2.208
4,11199,2.179
4,11200,2.057
4,11201,2.421
4,11202,2.214
4,11203,2.140
4,11204,1.960
4,11205,1.797
4,11206,1.743
4,11207,1.758
4,11208,2.453
4,11209,2.463
4,11210,1.760
4,11211,1.968
4,11212,1.806
4,11213,1.917
4,11214,2.215
4,11215,2.097
4,11216,2.664
4,11217,2.378
4,11218,2.243
4,11219,2.064
4,11220,1.690
4,11221,1.791
4,11222,2.077
4,11223,2.011
4,11224,2.292
4,11225,2.006
4,11226,1.719
4,11227,1.645
4,11228,1.990
4,11229,1.854
4,11230,1.676
4,11231,1.691
4,11232,2.009
4,11233,2.805
4,11234,1.834
4,11235,1.725
4,11236,1.722
4,11237,1.707
4,11238,1.729
4,11239,2.381
4,11240,2.376
4,11241,2.339
4,11242,2.551
4,11243,2.112
4,11244,1.812
4,11245,1.819
4,11246,1.848
4,11247,1.743
4,11248,3.095
4,11249,2.525
4,11250,2.131
4,11251,1.765
4,11252,2.194
4,11253,1.916
4,11254,1.593
4,11255,2.024
4,11256,2.189
4,11257,2.027
4,11258,1.762
4,11259,2.403
4,11260,1.847
4,11261,1.833
4,11262,2.024
4,11263,2.973
4,11264,2.188
4,11265,2.247
4,11266,2.057
4,11267,2.148
4,11268,1.840
4,11269,1.876
4,11270,1.955
4,11271,2.190
4,11272,2.153
4,11273,1.761
4,11274,1.660
4,11275,1.615
4,11276,2.070
4,11277,2.056
4,11278,1.718
4,11279,2.068
4,11280,2.353
4,11281,2.045
4,11282,1.942
4,11283,1.851
4,11284,1.609
4,11285,2.419
4,11286,1.802
4,11287,3.327
4,11288,2.477
4,11289,2.745
4,11290,2.530
4,11291,2.340
4,11292,2.451
4,11293,2.288
4,11294,2.042
4,11295,1.959
4,11296,1.634
4,11297,1.625
4,11298,1.925
4,11299,2.007
4,11300,2.034
4,11301,3.131
4,11302,2.472
4,11303,2.082
4,11304,2.196
4,11305,2.293
4,11306,2.064
4,11307,2.951
4,11308,3.192
4,11309,2.580
4,11310,2.836
4,11311,2.409
4,11312,2.336
4,11313,2.523
4,11314,2.468
4,11315,3.003
4,11316,2.655
4,11317,2.417
4,11318,2.762
4,11319,3.689
4,11320,3.568
4,11321,2.686
4,11322,1.738
4,11323,2.047
4,11324,1.907
4,11325,2.106
4,11326,3.168
4,11327,2.442
4,11328,2.393
4,11329,2.669
4,11330,2.301
4,11331,2.184
4,11332,2.779
4,11333,2.422
4,11334,2.296
4,11335,2.423
4,11336,2.596
4,11337,2.119
4,11338,2.639
4,11339,2.277
4,11340,2.582
4,11341,2.834
4,11342,2.804
4,11343,2.946
4,11344,2.758
4,11345,2.567
4,11346,2.484
4,11347,2.312
4,11348,2.765
4,11349,2.311
4,11350,3.367
4,11351,2.942
4,11352,2.449
4,11353,2.566
4,11354,2.646
4,11355,2.608
4,11356,2.854
4,11357,3.024
4,11358,2.720
4,11359,2.539
4,11360,2.198
4,11361,2.374
4,11362,2.706
4,11363,2.392
4,11364,2.742
4,11365,2.536
4,11366,2.355
4,11367,2.970
4,11368,2.629
4,11369,2.738
4,11370,2.563
4,11371,3.067
4,11372,2.492
4,11373,2.292
4,11374,2.608
4,11375,2.491
4,11376,2.497
4,11377,2.674
4,11378,2.801
4,11379,2.266
4,11380,2.508
4,11381,3.019
4,11382,2.530
4,11383,2.374
4,11384,2.403
4,11385,2.974
4,11386,2.815
4,11387,2.899
4,11388,2.633
4,11389,2.432
4,11390,2.574
4,11391,2.627
4,11392,3.341
4,11393,2.691
4,11394,2.572
4,11395,3.052
4,11396,2.716
4,11397,2.402
4,11398,3.142
4,11399,2.475
4,11400,2.656
4,11401,2.457
4,11402,2.326
4,11403,2.473
4,11404,2.520
4,11405,3.613
4,11406,2.837
4,11407,2.588
4,11408,2.692
4,11409,2.474
4,11410,2.126
4,11411,3.019
4,11412,2.466
4,11413,1.941
4,11414,2.474
4,11415,2.332
4,11416,2.156
4,11417,2.683
4,11418,2.583
4,11419,2.550
4,11420,2.813
4,11421,2.159
4,11422,2.647
4,11423,2.797
4,11424,2.693
4,11425,2.669
4,11426,2.525
4,11427,3.162
4,11428,2.736
4,11429,2.551
4,11430,2.382
4,11431,2.456
4,11432,2.193
4,11433,2.511
4,11434,2.755
4,11435,3.272
4,11436,2.538
4,11437,2.140
4,11438,2.174
4,11439,2.170
4,11440,1.776
4,11441,2.071
4,11442,2.416
4,11443,2.175
4,11444,2.372
4,11445,2.078
4,11446,4.402
4,11447,2.300
4,11448,2.585
4,11449,2.171
4,11450,2.132
4,11451,2.068
4,11452,1.873
4,11453,1.858
4,11454,1.866
4,11455,1.712
4,11456,1.806
4,11457,2.805
4,11458,1.843
4,11459,1.601
4,11460,2.198
4,11461,2.014
4,11462,1.987
4,11463,1.720
4,11464,2.248
4,11465,2.247
4,11466,2.364
4,11467,2.528
4,11468,1.932
4,11469,1.858
4,11470,2.210
4,11471,2.301
4,11472,2.025
4,11473,2.037
4,11474,2.320
4,11475,1.762
4,11476,1.921
4,11477,1.972
4,11478,1.830
4,11479,1.995
4,11480,2.073
4,11481,2.340
4,11482,1.836
4,11483,2.080
4,11484,2.053
4,11485,1.848
4,11486,1.890
4,11487,2.666
4,11488,2.115
4,11489,2.096
4,11490,1.979
4,11491,2.546
4,11492,1.829
4,11493,1.918
4,11494,2.910
4,11495,2.551
4,11496,2.105
4,11497,2.029
4,11498,1.722
4,11499,2.020
4,11500,2.231
4,11501,2.128
4,11502,2.114
4,11503,2.356
4,11504,2.691
4,11505,4.023
4,11506,2.671
4,11507,2.326
4,11508,2.405
4,11509,1.919
4,11510,1.703
4,11511,1.897
4,11512,2.121
4,11513,2.240
4,11514,2.112
4,11515,2.977
4,11516,2.113
4,11517,1.997
4,11518,2.998
4,11519,2.466
4,11520,2.047
4,11521,2.884
4,11522,2.648
4,11523,2.715
4,11524,2.074
4,11525,2.075
4,11526,1.871
4,11527,1.663
4,11528,1.666
4,11529,2.712
4,11530,2.463
4,11531,1.809
4,11532,1.646
4,11533,1.823
4,11534,1.793
4,11535,1.831
4,11536,2.072
4,11537,2.587
4,11538,2.478
4,11539,2.032
4,11540,2.088
4,11541,1.806
4,11542,1.696
4,11543,1.683
4,11544,2.041
4,11545,2.108
4,11546,1.873
4,11547,2.495
4,11548,1.929
4,11549,1.813
4,11550,2.097
4,11551,1.894
4,11552,2.894
4,11553,2.637
4,11554,2.533
4,11555,2.602
4,11556,2.107
4,11557,2.495
4,11558,2.590
4,11559,2.747
4,11560,2.307
4,11561,2.350
4,11562,2.584
4,11563,2.079
4,11564,2.765
4,11565,2.514
4,11566,2.236
4,11567,2.192
4,11568,2.104
4,11569,2.095
4,11570,2.897
4,11571,2.656
4,11572,2.076
4,11573,2.055
4,11574,2.252
4,11575,2.314
4,11576,2.174
4,11577,2.404
4,11578,2.617
4,11579,2.206
4,11580,2.258
4,11581,1.886
4,11582,1.939
4,11583,1.939
4,11584,1.926
4,11585,2.222
4,11586,2.560
4,11587,1.943
4,11588,1.793
4,11589,1.982
4,11590,1.859
4,11591,1.861
4,11592,1.955
4,11593,2.877
4,11594,2.822
4,11595,2.219
4,11596,2.409
4,11597,1.863
4,11598,1.768
4,11599,2.177
4,11600,2.113
4,11601,1.897
4,11602,2.310
4,11603,2.356
4,11604,1.807
4,11605,1.857
4,11606,2.065
4,11607,2.344
4,11608,2.091
4,11609,1.966
4,11610,2.101
4,11611,1.639
4,11612,1.660
4,11613,1.970
4,11614,1.671
4,11615,1.688
4,11616,2.930
4,11617,2.166
4,11618,2.071
4,11619,2.400
4,11620,1.793
4,11621,1.703
4,11622,1.569
4,11623,2.714
4,11624,1.978
4,11625,1.784
4,11626,1.949
4,11627,2.513
4,11628,5.202
4,11629,2.730
4,11630,2.088
4,11631,1.952
4,11632,1.825
4,11633,1.825
4,11634,1.733
4,11635,2.209
4,11636,2.011
4,11637,2.137
4,11638,2.716
4,11639,2.396
4,11640,2.329
4,11641,2.054
4,11642,1.695
4,11643,2.421
4,11644,1.907
4,11645,2.042
4,11646,1.756
4,11647,1.580
4,11648,1.838
4,11649,1.990
4,11650,1.917
4,11651,2.500
4,11652,2.839
4,11653,2.050
4,11654,1.797
4,11655,2.094
4,11656,1.779
4,11657,1.721
4,11658,2.098
4,11659,2.201
4,11660,2.310
4,11661,2.506
4,11662,1.856
4,11663,1.740
4,11664,1.754
4,11665,2.396
4,11666,2.232
4,11667,1.888
4,11668,1.849
4,11669,1.932
4,11670,2.235
4,11671,1.657
4,11672,1.770
4,11673,2.001
4,11674,2.439
4,11675,2.498
4,11676,1.921
4,11677,1.970
4,11678,2.300
4,11679,3.439
4,11680,2.274
4,11681,2.233
4,11682,2.082
4,11683,1.973
4,11684,1.794
4,11685,1.935
4,11686,1.794
4,11687,2.146
4,11688,2.405
4,11689,2.531
4,11690,1.900
4,11691,1.837
4,11692,1.835
4,11693,1.923
4,11694,1.708
4,11695,1.887
4,11696,2.984
4,11697,2.587
4,11698,2.820
4,11699,2.182
4,11700,2.167
4,11701,2.658
4,11702,2.865
4,11703,2.959
4,11704,2.416
4,11705,2.527
4,11706,2.362
4,11707,2.148
4,11708,2.432
4,11709,2.639
4,11710,2.564
4,11711,2.017
4,11712,2.249
4,11713,2.238
4,11714,2.525
4,11715,2.692
4,11716,2.106
4,11717,1.813
4,11718,2.688
4,11719,2.158
4,11720,1.761
4,11721,2.301
4,11722,3.120
4,11723,2.103
4,11724,2.072
4,11725,1.929
4,11726,2.330
4,11727,2.464
4,11728,2.859
4,11729,2.628
4,11730,2.642
4,11731,2.493
4,11732,2.257
4,11733,3.229
4,11734,3.421
4,11735,2.739
4,11736,2.191
4,11737,2.414
4,11738,2.452
4,11739,2.979
4,11740,3.142
4,11741,2.624
4,11742,2.914
4,11743,3.907
4,11744,4.182
4,11745,3.848
4,11746,3.770
4,11747,4.090
4,11748,3.743
4,11749,2.845
4,11750,3.344
4,11751,2.612
4,11752,2.830
4,11753,3.356
4,11754,3.277
4,11755,2.911
4,11756,3.279
4,11757,2.628
4,11758,2.711
4,11759,3.384
4,11760,2.881
4,11761,2.477
4,11762,2.655
4,11763,2.380
4,11764,3.147
4,11765,2.976
4,11766,3.011
4,11767,2.455
4,11768,2.492
4,11769,3.289
4,11770,2.320
4,11771,2.312
4,11772,2.588
4,11773,2.115
4,11774,2.179
4,11775,2.449
4,11776,2.896
4,11777,2.233
4,11778,2.305
4,11779,2.228
4,11780,2.184
4,11781,2.054
4,11782,2.028
4,11783,2.492
4,11784,2.919
4,11785,2.125
4,11786,2.693
4,11787,4.344
4,11788,2.678
4,11789,2.513
4,11790,2.717
4,11791,2.876
4,11792,2.532
4,11793,2.548
4,11794,2.746
4,11795,2.721
4,11796,2.253
4,11797,2.266
4,11798,1.723
4,11799,1.826
4,11800,1.894
4,11801,1.599
4,11802,1.566
4,11803,2.370
4,11804,2.219
4,11805,1.909
4,11806,1.897
4,11807,1.785
4,11808,1.703
4,11809,1.565
4,11810,1.948
4,11811,2.558
4,11812,2.759
4,11813,3.051
4,11814,3.412
4,11815,2.513
4,11816,2.913
4,11817,2.851
4,11818,2.672
4,11819,2.517
4,11820,2.839
4,11821,2.679
4,11822,2.349
4,11823,2.803
4,11824,3.124
4,11825,3.253
4,11826,2.890
4,11827,2.294
4,11828,2.884
4,11829,2.862
4,11830,2.648
4,11831,2.708
4,11832,2.840
4,11833,3.426
4,11834,2.817
4,11835,2.805
4,11836,2.390
4,11837,2.097
4,11838,2.151
4,11839,2.443
4,11840,3.642
4,11841,2.332
4,11842,2.848
4,11843,2.976
4,11844,2.310
4,11845,2.088
4,11846,2.446
4,11847,2.883
4,11848,2.106
4,11849,2.152
4,11850,2.225
4,11851,2.227
4,11852,2.790
4,11853,2.569
4,11854,2.602
4,11855,2.457
4,11856,2.247
4,11857,2.075
4,11858,2.075
4,11859,2.787
4,11860,2.858
4,11861,3.419
4,11862,2.140
4,11863,2.526
4,11864,2.203
4,11865,2.678
4,11866,2.491
4,11867,2.283
4,11868,2.563
4,11869,2.065
4,11870,2.351
4,11871,2.149
4,11872,2.845
4,11873,2.809
4,11874,3.216
4,11875,3.012
4,11876,2.257
4,11877,2.308
4,11878,2.935
4,11879,2.271
4,11880,2.250
4,11881,2.078
4,11882,2.445
4,11883,2.485
4,11884,2.385
4,11885,2.731
4,11886,2.336
4,11887,2.414
4,11888,2.066
4,11889,2.762
4,11890,2.292
4,11891,2.618
4,11892,2.767
4,11893,2.162
4,11894,2.694
4,11895,2.265
4,11896,2.547
4,11897,2.535
4,11898,2.498
4,11899,2.416
4,11900,2.425
4,11901,2.028
4,11902,2.120
4,11903,2.576
4,11904,2.789
4,11905,2.424
4,11906,2.410
4,11907,2.282
4,11908,2.493
4,11909,2.282
4,11910,2.193
4,11911,3.006
4,11912,2.686
4,11913,2.351
4,11914,2.517
4,11915,2.309
4,11916,2.322
4,11917,2.361
4,11918,2.871
4,11919,2.496
4,11920,2.547
4,11921,2.098
4,11922,2.401
4,11923,2.451
4,11924,2.888
4,11925,2.841
4,11926,2.588
4,11927,2.292
4,11928,2.447
4,11929,2.269
4,11930,3.086
4,11931,3.159
4,11932,3.186
4,11933,2.732
4,11934,2.549
4,11935,2.704
4,11936,3.214
4,11937,2.944
4,11938,3.538
4,11939,2.915
4,11940,3.476
4,11941,4.117
4,11942,2.879
4,11943,3.247
4,11944,2.880
4,11945,2.590
4,11946,3.157
4,11947,2.809
4,11948,3.217
4,11949,3.155
4,11950,2.844
4,11951,2.997
4,11952,2.715
4,11953,3.645
4,11954,2.881
4,11955,2.683
4,11956,2.446
4,11957,2.663
4,11958,2.796
4,11959,2.546
4,11960,2.600
4,11961,2.759
4,11962,2.905
4,11963,3.051
4,11964,34.077
4,11965,3.243
4,11966,2.577
4,11967,3.080
4,11968,3.052
4,11969,2.946
4,11970,2.889
4,11971,3.699
4,11972,3.705
4,11973,3.520
4,11974,2.791
4,11975,2.299
4,11976,2.111
4,11977,2.173
4,11978,1.881
4,11979,2.920
4,11980,5.066
4,11981,2.817
4,11982,1.942
4,11983,1.844
4,11984,1.695
4,11985,1.953
4,11986,2.385
4,11987,3.092
4,11988,2.936
4,11989,2.568
4,11990,2.813
4,11991,3.058
4,11992,2.492
4,11993,2.307
4,11994,2.026
4,11995,1.862
4,11996,2.047
4,11997,1.761
4,11998,1.823
4,11999,3.188
4,12000,2.305
4,12001,2.518
4,12002,2.456
4,12003,2.350
4,12004,2.338
4,12005,2.740
4,12006,2.318
4,12007,2.179
4,12008,2.075
4,12009,1.699
4,12010,1.656
4,12011,1.910
4,12012,2.368
4,12013,2.309
4,12014,2.122
4,12015,2.574
4,12016,2.064
4,12017,2.003
4,12018,1.992
4,12019,1.965
4,12020,1.871
4,12021,1.969
4,12022,2.022
4,12023,1.649
4,12024,1.921
4,12025,2.008
4,12026,1.957
4,12027,2.039
4,12028,3.281
4,12029,2.197
4,12030,1.741
4,12031,2.012
4,12032,2.072
4,12033,1.612
4,12034,1.682
4,12035,3.201
4,12036,3.312
4,12037,2.531
4,12038,2.072
4,12039,1.776
4,12040,2.553
4,12041,2.587
4,12042,2.842
4,12043,2.829
4,12044,2.540
4,12045,2.595
4,12046,2.546
4,12047,3.537
4,12048,2.710
4,12049,2.595
4,12050,2.657
4,12051,2.652
4,12052,2.601
4,12053,3.045
4,12054,2.331
4,12055,2.736
4,12056,2.375
4,12057,2.187
4,12058,2.610
4,12059,2.680
4,12060,2.510
4,12061,2.329
4,12062,1.953
4,12063,1.898
4,12064,2.060
4,12065,2.825
4,12066,2.288
4,12067,2.720
4,12068,2.649
4,12069,2.002
4,12070,2.342
4,12071,2.802
4,12072,2.765
4,12073,2.044
4,12074,2.119
4,12075,2.648
4,12076,2.521
4,12077,2.007
4,12078,2.243
4,12079,3.003
4,12080,2.667
4,12081,2.556
4,12082,2.285
4,12083,1.766
4,12084,1.900
4,12085,2.164
4,12086,1.838
4,12087,1.659
4,12088,1.851
4,12089,2.123
4,12090,1.839
4,12091,1.900
4,12092,1.889
4,12093,1.967
4,12094,2.651
4,12095,2.343
4,12096,1.918
4,12097,2.248
4,12098,2.233
4,12099,2.812
4,12100,2.304
4,12101,2.410
4,12102,2.122
4,12103,1.966
4,12104,1.827
4,12105,2.049
4,12106,1.842
4,12107,2.356
4,12108,2.420
4,12109,2.354
4,12110,3.679
4,12111,2.575
4,12112,1.997
4,12113,2.315
4,12114,2.772
4,12115,4.449
4,12116,2.900
4,12117,2.675
4,12118,3.486
4,12119,3.597
4,12120,3.364
4,12121,3.007
4,12122,3.060
4,12123,3.733
4,12124,3.071
4,12125,2.833
4,12126,4.139
4,12127,4.700
4,12128,3.671
4,12129,4.163
4,12130,2.901
4,12131,1.802
4,12132,2.320
4,12133,2.665
4,12134,2.974
4,12135,4.382
4,12136,3.152
4,12137,3.143
4,12138,2.450
4,12139,2.104
4,12140,2.031
4,12141,1.854
4,12142,1.742
4,12143,1.978
4,12144,2.193
4,12145,2.022
4,12146,2.304
4,12147,2.129
4,12148,2.098
4,12149,2.122
4,12150,2.105
4,12151,1.801
4,12152,2.633
4,12153,2.321
4,12154,1.998
4,12155,2.323
4,12156,2.739
4,12157,2.705
4,12158,2.575
4,12159,2.575
4,12160,1.839
4,12161,1.913
4,12162,2.038
4,12163,1.868
4,12164,1.774
4,12165,1.845
4,12166,2.816
4,12167,2.327
4,12168,3.227
4,12169,2.120
4,12170,1.844
4,12171,2.321
4,12172,2.436
4,12173,2.298
4,12174,2.318
4,12175,2.487
4,12176,3.061
4,12177,2.610
4,12178,2.397
4,12179,2.920
4,12180,2.541
4,12181,1.995
4,12182,2.370
4,12183,2.564
4,12184,2.136
4,12185,3.242
4,12186,2.210
4,12187,1.846
4,12188,2.091
4,12189,2.027
4,12190,1.657
4,12191,2.352
4,12192,2.206
4,12193,2.171
4,12194,1.974
4,12195,1.703
4,12196,1.657
4,12197,1.823
4,12198,1.782
4,12199,1.949
4,12200,2.727
4,12201,2.326
4,12202,2.148
4,12203,1.786
4,12204,1.563
4,12205,1.637
4,12206,1.738
4,12207,1.692
4,12208,1.707
4,12209,2.503
4,12210,1.975
4,12211,1.681
4,12212,1.658
4,12213,1.710
4,12214,1.761
4,12215,1.867
4,12216,1.669
4,12217,1.730
4,12218,1.952
4,12219,2.581
4,12220,2.180
4,12221,1.773
4,12222,1.651
4,12223,2.298
4,12224,2.092
4,12225,2.942
4,12226,4.577
4,12227,3.138
4,12228,2.316
4,12229,2.425
4,12230,2.198
4,12231,3.071
4,12232,2.050
4,12233,1.994
4,12234,2.293
4,12235,1.848
4,12236,1.896
4,12237,2.141
4,12238,2.568
4,12239,2.438
4,12240,2.713
4,12241,2.626
4,12242,2.666
4,12243,2.472
4,12244,2.705
4,12245,2.719
4,12246,2.065
4,12247,2.067
4,12248,1.935
4,12249,2.129
4,12250,2.204
4,12251,2.106
4,12252,1.978
4,12253,1.893
4,12254,1.810
4,12255,1.598
4,12256,1.719
4,12257,1.683
4,12258,1.724
4,12259,2.338
4,12260,2.157
4,12261,1.815
4,12262,1.634
4,12263,1.648
4,12264,1.892
4,12265,1.835
4,12266,1.594
4,12267,1.828
4,12268,2.458
4,12269,1.973
4,12270,2.366
4,12271,1.956
4,12272,1.913
4,12273,1.856
4,12274,1.853
4,12275,2.189
4,12276,2.092
4,12277,2.451
4,12278,1.923
4,12279,1.666
4,12280,1.753
4,12281,1.789
4,12282,1.686
4,12283,1.608
4,12284,1.992
4,12285,2.960
4,12286,2.855
4,12287,3.063
4,12288,2.806
4,12289,2.432
4,12290,2.464
4,12291,2.430
4,12292,2.001
4,12293,2.908
4,12294,1.834
4,12295,1.864
4,12296,2.044
4,12297,2.181
4,12298,2.799
4,12299,2.556
4,12300,2.165
4,12301,2.349
4,12302,2.121
4,12303,1.801
4,12304,1.703
4,12305,2.735
4,12306,2.764
4,12307,2.289
4,12308,2.353
4,12309,2.603
4,12310,2.267
4,12311,2.395
4,12312,2.541
4,12313,2.308
4,12314,2.418
4,12315,2.603
4,12316,2.981
4,12317,2.710
4,12318,2.650
4,12319,2.332
4,12320,2.276
4,12321,2.053
4,12322,2.266
4,12323,2.549
4,12324,2.473
4,12325,2.446
4,12326,2.489
4,12327,2.478
4,12328,2.425
4,12329,2.237
4,12330,2.823
4,12331,2.385
4,12332,1.939
4,12333,1.895
4,12334,2.112
4,12335,2.147
4,12336,2.198
4,12337,2.038
4,12338,3.046
4,12339,2.413
4,12340,2.230
4,12341,1.932
4,12342,1.794
4,12343,2.958
4,12344,2.781
4,12345,3.048
4,12346,2.399
4,12347,1.999
4,12348,1.880
4,12349,2.079
4,12350,1.996
4,12351,1.905
4,12352,3.049
4,12353,2.649
4,12354,1.902
4,12355,2.198
4,12356,2.291
4,12357,2.347
4,12358,2.396
4,12359,2.483
4,12360,1.942
4,12361,2.825
4,12362,2.335
4,12363,2.023
4,12364,2.131
4,12365,2.764
4,12366,2.043
4,12367,1.922
4,12368,1.911
4,12369,1.953
4,12370,1.928
4,12371,2.095
4,12372,1.844
4,12373,2.553
4,12374,2.187
4,12375,2.092
4,12376,1.704
4,12377,1.653
4,12378,2.262
4,12379,1.839
4,12380,2.104
4,12381,2.599
4,12382,2.249
4,12383,1.966
4,12384,2.102
4,12385,2.115
4,12386,2.424
4,12387,2.234
4,12388,2.359
4,12389,2.042
4,12390,1.791
4,12391,2.102
4,12392,2.011
4,12393,2.406
4,12394,5.107
4,12395,3.141
4,12396,2.423
4,12397,2.163
4,12398,2.157
4,12399,2.307
4,12400,2.873
4,12401,2.855
4,12402,2.259
4,12403,2.327
4,12404,2.449
4,12405,2.306
4,12406,2.416
4,12407,2.889
4,12408,2.389
4,12409,2.451
4,12410,2.318
4,12411,2.069
4,12412,2.318
4,12413,2.699
4,12414,2.551
4,12415,2.519
4,12416,2.273
4,12417,2.294
4,12418,2.156
4,12419,3.013
4,12420,2.375
4,12421,2.881
4,12422,2.636
4,12423,2.507
4,12424,2.436
4,12425,2.488
4,12426,2.502
4,12427,2.388
4,12428,2.575
4,12429,2.581
4,12430,2.108
4,12431,2.109
4,12432,3.145
4,12433,2.737
4,12434,2.628
4,12435,2.994
4,12436,2.652
4,12437,2.842
4,12438,2.814
4,12439,2.685
4,12440,2.683
4,12441,3.665
4,12442,3.055
4,12443,2.786
4,12444,2.513
4,12445,2.625
4,12446,2.583
4,12447,2.937
4,12448,2.617
4,12449,3.166
4,12450,2.606
4,12451,2.652
4,12452,2.419
4,12453,2.210
4,12454,3.102
4,12455,9.112
4,12456,2.662
4,12457,3.105
4,12458,3.128
4,12459,2.879
4,12460,2.545
4,12461,2.324
4,12462,2.709
4,12463,2.614
4,12464,2.705
4,12465,2.767
4,12466,2.208
4,12467,2.570
4,12468,2.448
4,12469,2.444
4,12470,2.624
4,12471,2.548
4,12472,2.634
4,12473,2.384
4,12474,2.387
4,12475,2.346
4,12476,2.915
4,12477,2.748
4,12478,2.712
4,12479,2.877
4,12480,2.375
4,12481,2.250
4,12482,2.499
4,12483,2.527
4,12484,2.342
4,12485,2.015
4,12486,2.284
4,12487,2.278
4,12488,2.345
4,12489,2.131
4,12490,2.258
4,12491,2.211
4,12492,2.107
4,12493,1.960
4,12494,2.420
4,12495,2.249
4,12496,3.028
4,12497,2.525
4,12498,2.082
4,12499,2.298
4,12500,2.299
4,12501,2.493
4,12502,2.318
4,12503,2.057
4,12504,1.766
4,12505,1.935
4,12506,1.900
4,12507,2.190
4,12508,2.081
4,12509,2.400
4,12510,2.498
4,12511,2.011
4,12512,1.883
4,12513,2.040
4,12514,2.186
4,12515,2.007
4,12516,1.835
4,12517,2.448
4,12518,2.447
4,12519,2.961
4,12520,2.396
4,12521,2.551
4,12522,1.991
4,12523,1.933
4,12524,2.854
4,12525,2.013
4,12526,1.785
4,12527,1.687
4,12528,2.311
4,12529,2.361
4,12530,2.136
4,12531,2.458
4,12532,2.744
4,12533,2.077
4,12534,1.922
4,12535,1.832
4,12536,1.735
4,12537,2.005
4,12538,1.785
4,12539,1.981
4,12540,1.916
4,12541,2.312
4,12542,2.094
4,12543,2.022
4,12544,1.818
4,12545,2.177
4,12546,2.350
4,12547,2.261
4,12548,2.234
4,12549,2.671
4,12550,2.423
4,12551,2.523
4,12552,1.997
4,12553,2.628
4,12554,2.697
4,12555,2.623
4,12556,2.889
4,12557,2.488
4,12558,2.405
4,12559,2.745
4,12560,2.558
4,12561,2.361
4,12562,2.145
4,12563,3.461
4,12564,2.359
4,12565,2.512
4,12566,2.648
4,12567,2.367
4,12568,2.064
4,12569,2.040
4,12570,2.804
4,12571,2.273
4,12572,3.713
4,12573,3.343
4,12574,4.028
4,12575,4.044
4,12576,3.394
4,12577,2.334
4,12578,1.938
4,12579,2.135
4,12580,2.241
4,12581,2.781
4,12582,2.696
4,12583,2.836
4,12584,2.015
4,12585,2.052
4,12586,1.766
4,12587,1.839
4,12588,2.131
4,12589,2.033
4,12590,2.357
4,12591,2.563
4,12592,1.770
4,12593,1.587
4,12594,1.469
4,12595,1.848
4,12596,1.884
4,12597,1.630
4,12598,3.342
4,12599,2.391
4,12600,2.263
4,12601,1.832
4,12602,1.778
4,12603,1.818
4,12604,1.782
4,12605,2.773
4,12606,2.200
4,12607,2.410
4,12608,3.250
4,12609,2.422
4,12610,2.189
4,12611,2.780
4,12612,1.970
4,12613,1.664
4,12614,2.191
4,12615,1.727
4,12616,1.865
4,12617,1.917
4,12618,2.186
4,12619,2.007
4,12620,1.726
4,12621,1.970
4,12622,1.785
4,12623,1.832
4,12624,1.879
4,12625,2.480
4,12626,2.120
4,12627,2.144
4,12628,2.521
4,12629,1.909
4,12630,1.769
4,12631,2.069
4,12632,2.038
4,12633,2.321
4,12634,2.317
4,12635,2.000
4,12636,1.730
4,12637,1.578
4,12638,1.981
4,12639,1.742
4,12640,1.641
4,12641,1.628
4,12642,2.653
4,12643,2.139
4,12644,1.905
4,12645,2.007
4,12646,1.811
4,12647,1.753
4,12648,1.781
4,12649,1.938
4,12650,2.110
4,12651,2.274
4,12652,2.064
4,12653,1.992
4,12654,2.155
4,12655,1.853
4,12656,2.059
4,12657,1.967
4,12658,2.358
4,12659,2.372
4,12660,1.922
4,12661,1.896
4,12662,1.838
4,12663,1.969
4,12664,1.716
4,12665,1.878
4,12666,2.053
4,12667,1.786
4,12668,2.648
4,12669,1.965
4,12670,1.716
4,12671,1.643
4,12672,1.624
4,12673,2.267
4,12674,2.160
4,12675,1.571
4,12676,1.495
4,12677,2.219
4,12678,1.881
4,12679,2.200
4,12680,1.897
4,12681,2.567
4,12682,2.280
4,12683,2.125
4,12684,1.906
4,12685,2.573
4,12686,1.842
4,12687,1.799
4,12688,1.974
4,12689,2.071
4,12690,1.899
4,12691,1.757
4,12692,1.753
4,12693,1.725
4,12694,2.367
4,12695,1.664
4,12696,1.609
4,12697,1.794
4,12698,2.160
4,12699,2.057
4,12700,1.635
4,12701,2.005
4,12702,2.320
4,12703,2.371
4,12704,2.730
4,12705,2.802
4,12706,2.760
4,12707,2.669
4,12708,2.294
4,12709,1.977
4,12710,2.928
4,12711,2.415
4,12712,2.355
4,12713,2.443
4,12714,2.194
4,12715,2.129
4,12716,2.658
4,12717,3.254
4,12718,2.601
4,12719,2.790
4,12720,2.181
4,12721,2.226
4,12722,2.363
4,12723,2.609
4,12724,3.196
4,12725,2.077
4,12726,1.958
4,12727,2.198
4,12728,2.009
4,12729,1.698
4,12730,2.081
4,12731,3.136
4,12732,3.130
4,12733,2.557
4,12734,2.138
4,12735,1.861
4,12736,2.203
4,12737,2.297
4,12738,1.744
4,12739,2.004
4,12740,2.319
4,12741,1.994
4,12742,1.965
4,12743,1.869
4,12744,1.822
4,12745,2.294
4,12746,2.497
4,12747,2.166
4,12748,2.320
4,12749,2.420
4,12750,2.341
4,12751,2.021
4,12752,2.722
4,12753,1.956
4,12754,1.596
4,12755,1.937
4,12756,2.324
4,12757,1.772
4,12758,1.699
4,12759,2.316
4,12760,2.744
4,12761,2.459
4,12762,2.460
4,12763,1.907
4,12764,1.983
4,12765,1.940
4,12766,1.737
4,12767,2.179
4,12768,2.761
4,12769,3.011
4,12770,2.499
4,12771,2.540
4,12772,2.376
4,12773,2.385
4,12774,2.742
4,12775,2.484
4,12776,2.810
4,12777,2.747
4,12778,2.010
4,12779,2.869
4,12780,2.802
4,12781,2.115
4,12782,1.979
4,12783,1.805
4,12784,1.735
4,12785,3.752
4,12786,2.797
4,12787,2.800
4,12788,2.293
4,12789,2.197
4,12790,1.952
4,12791,2.430
4,12792,2.090
4,12793,2.177
4,12794,2.719
4,12795,1.956
4,12796,1.835
4,12797,1.983
4,12798,1.978
4,12799,1.822
4,12800,1.715
4,12801,2.346
4,12802,2.671
4,12803,3.009
4,12804,2.009
4,12805,1.763
4,12806,1.767
4,12807,2.031
4,12808,1.888
4,12809,1.876
4,12810,1.978
4,12811,2.001
4,12812,2.373
4,12813,2.426
4,12814,2.275
4,12815,2.220
4,12816,2.349
4,12817,2.341
4,12818,1.688
4,12819,1.705
4,12820,2.697
4,12821,2.010
4,12822,1.966
4,12823,1.914
4,12824,1.995
4,12825,1.991
4,12826,1.949
4,12827,2.252
4,12828,2.123
4,12829,2.034
4,12830,1.949
4,12831,2.084
4,12832,3.652
4,12833,2.429
4,12834,2.112
4,12835,1.912
4,12836,2.581
4,12837,1.913
4,12838,2.227
4,12839,2.761
4,12840,2.367
4,12841,2.106
4,12842,2.403
4,12843,2.271
4,12844,2.730
4,12845,2.651
4,12846,2.446
4,12847,2.324
4,12848,2.601
4,12849,2.140
4,12850,1.947
4,12851,2.870
4,12852,2.476
4,12853,2.502
4,12854,2.271
4,12855,2.265
4,12856,2.824
4,12857,2.932
4,12858,2.860
4,12859,2.330
4,12860,2.065
4,12861,1.799
4,12862,1.940
4,12863,1.926
4,12864,2.108
4,12865,2.589
4,12866,2.343
4,12867,1.753
4,12868,1.815
4,12869,1.859
4,12870,2.021
4,12871,1.844
4,12872,2.151
4,12873,2.245
4,12874,1.929
4,12875,2.829
4,12876,1.923
4,12877,1.660
4,12878,1.668
4,12879,2.097
4,12880,3.182
4,12881,2.048
4,12882,2.387
4,12883,2.711
4,12884,2.275
4,12885,2.144
4,12886,2.142
4,12887,2.130
4,12888,2.274
4,12889,1.935
4,12890,1.613
4,12891,2.585
4,12892,2.020
4,12893,2.054
4,12894,2.465
4,12895,2.312
4,12896,2.151
4,12897,2.212
4,12898,2.161
4,12899,2.108
4,12900,2.214
4,12901,2.692
4,12902,2.469
4,12903,2.361
4,12904,3.135
4,12905,3.249
4,12906,3.640
4,12907,3.703
4,12908,3.575
4,12909,3.412
4,12910,3.115
4,12911,3.952
4,12912,2.973
4,12913,2.901
4,12914,2.976
4,12915,2.439
4,12916,3.121
4,12917,3.196
4,12918,3.234
4,12919,2.847
4,12920,2.565
4,12921,2.857
4,12922,2.610
4,12923,2.879
4,12924,2.674
4,12925,2.807
4,12926,2.260
4,12927,1.791
4,12928,1.941
4,12929,2.448
4,12930,2.662
4,12931,1.924
4,12932,1.954
4,12933,1.936
4,12934,2.029
4,12935,1.788
4,12936,2.128
4,12937,1.971
4,12938,1.797
4,12939,2.815
4,12940,1.884
4,12941,1.745
4,12942,2.018
4,12943,2.725
4,12944,2.515
4,12945,2.030
4,12946,1.913
4,12947,2.045
4,12948,1.862
4,12949,1.901
4,12950,1.792
4,12951,2.590
4,12952,2.343
4,12953,2.378
4,12954,2.119
4,12955,2.686
4,12956,2.135
4,12957,2.356
4,12958,2.331
4,12959,2.193
4,12960,2.260
4,12961,2.344
4,12962,2.599
4,12963,2.530
4,12964,2.927
4,12965,3.012
4,12966,3.270
4,12967,3.853
4,12968,2.953
4,12969,4.036
4,12970,3.825
4,12971,3.075
4,12972,3.432
4,12973,3.476
4,12974,3.393
4,12975,2.875
4,12976,2.818
4,12977,2.772
4,12978,3.750
4,12979,3.270
4,12980,3.144
4,12981,2.610
4,12982,2.305
4,12983,2.853
4,12984,2.951
4,12985,2.599
4,12986,2.594
4,12987,2.821
4,12988,2.704
4,12989,2.691
4,12990,2.463
4,12991,2.613
4,12992,2.465
4,12993,2.222
4,12994,2.811
4,12995,2.462
4,12996,4.027
4,12997,2.996
4,12998,2.803
4,12999,2.877
4,13000,3.444
4,13001,3.824
4,13002,2.755
4,13003,2.361
4,13004,2.480
4,13005,2.456
4,13006,3.348
4,13007,3.031
4,13008,2.590
4,13009,2.616
4,13010,2.390
4,13011,2.464
4,13012,2.655
4,13013,3.711
4,13014,2.476
4,13015,2.482
4,13016,2.597
4,13017,2.595
4,13018,2.541
4,13019,2.580
4,13020,2.885
4,13021,2.502
4,13022,2.432
4,13023,2.336
4,13024,3.630
4,13025,4.535
4,13026,4.209
4,13027,3.310
4,13028,4.399
4,13029,4.591
4,13030,3.758
4,13031,3.292
4,13032,4.424
4,13033,4.104
4,13034,2.407
4,13035,2.298
4,13036,2.034
4,13037,2.595
4,13038,2.794
4,13039,2.275
4,13040,2.023
4,13041,2.219
4,13042,1.983
4,13043,2.290
4,13044,2.475
4,13045,2.697
4,13046,2.273
4,13047,2.872
4,13048,2.153
4,13049,2.183
4,13050,2.680
4,13051,2.747
4,13052,2.564
4,13053,2.171
4,13054,1.800
4,13055,1.758
4,13056,2.155
4,13057,1.858
4,13058,1.915
4,13059,2.254
4,13060,2.311
4,13061,2.310
4,13062,1.864
4,13063,1.961
4,13064,1.715
4,13065,1.801
4,13066,2.348
4,13067,2.074
4,13068,1.761
4,13069,2.110
4,13070,2.547
4,13071,2.255
4,13072,1.828
4,13073,2.216
4,13074,2.802
4,13075,2.645
4,13076,2.401
4,13077,2.608
4,13078,2.404
4,13079,2.456
4,13080,2.472
4,13081,2.567
4,13082,2.291
4,13083,2.501
4,13084,2.703
4,13085,2.220
4,13086,2.881
4,13087,2.800
4,13088,2.110
4,13089,2.168
4,13090,2.477
4,13091,3.012
4,13092,2.787
4,13093,3.052
4,13094,2.479
4,13095,2.423
4,13096,1.942
4,13097,1.936
4,13098,3.202
4,13099,2.245
4,13100,1.954
4,13101,2.166
4,13102,1.710
4,13103,1.819
4,13104,2.160
4,13105,1.860
4,13106,2.859
4,13107,2.517
4,13108,2.180
4,13109,1.789
4,13110,1.912
4,13111,1.962
4,13112,2.127
4,13113,2.830
4,13114,2.550
4,13115,2.029
4,13116,2.119
4,13117,2.483
4,13118,1.886
4,13119,1.740
4,13120,2.334
4,13121,2.528
4,13122,2.610
4,13123,2.336
4,13124,2.390
4,13125,2.719
4,13126,3.200
4,13127,2.370
4,13128,2.421
4,13129,2.791
4,13130,2.340
4,13131,2.296
4,13132,2.395
4,13133,3.482
4,13134,2.352
4,13135,2.273
4,13136,2.889
4,13137,2.414
4,13138,2.320
4,13139,2.619
4,13140,2.294
4,13141,2.380
4,13142,2.412
4,13143,2.610
4,13144,2.295
4,13145,3.130
4,13146,2.926
4,13147,2.456
4,13148,2.329
4,13149,2.421
4,13150,2.715
4,13151,2.647
4,13152,2.570
4,13153,2.682
4,13154,2.266
4,13155,2.528
4,13156,2.512
4,13157,3.312
4,13158,2.465
4,13159,2.275
4,13160,2.311
4,13161,2.423
4,13162,2.084
4,13163,2.130
4,13164,3.257
4,13165,2.487
4,13166,2.322
4,13167,2.308
4,13168,2.113
4,13169,2.511
4,13170,2.707
4,13171,2.866
4,13172,2.623
4,13173,2.738
4,13174,2.463
4,13175,2.778
4,13176,2.637
4,13177,2.522
4,13178,2.924
4,13179,2.265
4,13180,2.416
4,13181,2.282
4,13182,2.811
4,13183,2.678
4,13184,3.533
4,13185,2.911
4,13186,2.213
4,13187,2.451
4,13188,2.842
4,13189,2.642
4,13190,2.859
4,13191,2.679
4,13192,3.145
4,13193,2.993
4,13194,2.561
4,13195,2.732
4,13196,2.380
4,13197,2.358
4,13198,2.737
4,13199,3.139
4,13200,2.466
4,13201,2.606
4,13202,2.570
4,13203,2.893
4,13204,2.726
4,13205,3.011
4,13206,3.446
4,13207,2.659
4,13208,2.618
4,13209,3.168
4,13210,3.192
4,13211,3.164
4,13212,3.703
4,13213,2.700
4,13214,4.067
4,13215,5.618
4,13216,3.600
4,13217,2.923
4,13218,2.928
4,13219,2.353
4,13220,2.374
4,13221,2.362
4,13222,2.333
4,13223,2.318
4,13224,2.849
4,13225,2.772
4,13226,2.941
4,13227,2.455
4,13228,2.811
4,13229,2.661
4,13230,2.839
4,13231,2.992
4,13232,2.279
4,13233,2.398
4,13234,2.407
4,13235,2.213
4,13236,2.575
4,13237,2.588
4,13238,2.587
4,13239,2.301
4,13240,2.267
4,13241,2.251
4,13242,2.361
4,13243,2.917
4,13244,3.154
4,13245,3.513
4,13246,2.302
4,13247,2.510
4,13248,2.453
4,13249,2.672
4,13250,2.521
4,13251,2.420
4,13252,2.596
4,13253,2.457
4,13254,2.222
4,13255,2.554
4,13256,2.707
4,13257,2.652
4,13258,2.589
4,13259,3.246
4,13260,2.773
4,13261,2.852
4,13262,2.741
4,13263,2.605
4,13264,2.939
4,13265,3.301
4,13266,2.672
4,13267,2.947
4,13268,2.806
4,13269,2.543
5,1,2.932
5,2,2.915
5,3,2.547
5,4,3.015
5,5,2.674
5,6,2.727
5,7,2.445
5,8,2.336
5,9,3.104
5,10,2.564
5,11,2.456
5,12,2.559
5,13,2.705
5,14,2.814
5,15,2.872
5,16,3.286
5,17,2.501
5,18,2.392
5,19,2.295
5,20,2.339
5,21,2.493
5,22,2.331
5,23,2.647
5,24,2.295
5,25,2.530
5,26,2.281
5,27,2.446
5,28,2.583
5,29,2.466
5,30,2.628
5,31,2.447
5,32,2.524
5,33,2.954
5,34,2.841
5,35,2.415
5,36,2.750
5,37,2.906
5,38,2.279
5,39,2.574
5,40,2.579
5,41,2.243
5,42,2.027
5,43,2.042
5,44,2.066
5,45,3.212
5,46,2.457
5,47,2.801
5,48,2.889
5,49,2.633
5,50,2.277
5,51,2.619
5,52,3.544
5,53,3.045
5,54,2.736
5,55,2.446
5,56,2.281
5,57,2.241
5,58,2.762
5,59,3.175
5,60,2.328
5,61,2.121
5,62,2.175
5,63,2.276
5,64,2.432
5,65,2.367
5,66,2.635
5,67,2.121
5,68,2.209
5,69,2.169
5,70,2.098
5,71,2.188
5,72,2.804
5,73,2.607
5,74,2.575
5,75,2.419
5,76,2.617
5,77,2.607
5,78,2.592
5,79,2.070
5,80,1.854
5,81,2.436
5,82,1.758
5,83,1.601
5,84,1.744
5,85,2.082
5,86,2.536
5,87,1.944
5,88,1.626
5,89,1.602
5,90,1.929
5,91,1.885
5,92,1.772
5,93,1.574
5,94,2.489
5,95,2.780
5,96,3.260
5,97,2.863
5,98,2.977
5,99,2.531
5,100,2.252
5,101,1.802
5,102,1.648
5,103,1.646
5,104,1.752
5,105,1.772
5,106,1.609
5,107,2.703
5,108,2.445
5,109,2.521
5,110,2.251
5,111,1.974
5,112,1.860
5,113,1.823
5,114,2.278
5,115,2.273
5,116,1.721
5,117,1.777
5,118,1.628
5,119,2.180
5,120,2.152
5,121,2.698
5,122,3.042
5,123,2.969
5,124,2.227
5,125,2.109
5,126,2.080
5,127,2.250
5,128,2.667
5,129,2.409
5,130,2.508
5,131,2.335
5,132,2.340
5,133,2.196
5,134,2.382
5,135,2.950
5,136,2.334
5,137,2.562
5,138,2.498
5,139,3.026
5,140,3.185
5,141,4.506
5,142,5.769
5,143,3.188
5,144,2.474
5,145,2.428
5,146,2.185
5,147,1.814
5,148,1.711
5,149,1.826
5,150,2.394
5,151,2.119
5,152,1.589
5,153,2.069
5,154,2.167
5,155,2.008
5,156,1.811
5,157,1.945
5,158,2.167
5,159,1.962
5,160,3.031
5,161,2.261
5,162,1.921
5,163,2.232
5,164,2.268
5,165,1.850
5,166,2.074
5,167,2.035
5,168,2.483
5,169,2.250
5,170,2.022
5,171,1.768
5,172,1.753
5,173,1.962
5,174,2.067
5,175,1.785
5,176,3.129
5,177,2.840
5,178,2.471
5,179,2.373
5,180,2.004
5,181,1.834
5,182,2.442
5,183,2.506
5,184,2.177
5,185,2.728
5,186,2.209
5,187,1.876
5,188,2.074
5,189,2.147
5,190,2.757
5,191,2.642
5,192,2.077
5,193,2.381
5,194,2.385
5,195,2.453
5,196,2.703
5,197,2.378
5,198,2.208
5,199,2.200
5,200,2.718
5,201,1.999
5,202,2.761
5,203,3.122
5,204,2.174
5,205,2.394
5,206,2.515
5,207,3.037
5,208,2.868
5,209,2.369
5,210,2.348
5,211,2.509
5,212,2.358
5,213,2.169
5,214,3.701
5,215,2.644
5,216,2.379
5,217,2.357
5,218,2.033
5,219,2.618
5,220,2.365
5,221,3.310
5,222,2.946
5,223,4.502
5,224,2.695
5,225,2.628
5,226,2.717
5,227,2.881
5,228,2.592
5,229,2.525
5,230,2.150
5,231,2.618
5,232,2.759
5,233,2.533
5,234,2.956
5,235,2.282
5,236,2.554
5,237,2.787
5,238,2.482
5,239,2.627
5,240,2.567
5,241,3.334
5,242,2.603
5,243,2.913
5,244,3.016
5,245,2.622
5,246,2.734
5,247,2.885
5,248,2.523
5,249,2.978
5,250,2.838
5,251,3.148
5,252,2.684
5,253,3.225
5,254,3.432
5,255,2.853
5,256,2.867
5,257,3.009
5,258,3.348
5,259,3.159
5,260,3.071
5,261,2.607
5,262,2.347
5,263,2.615
5,264,2.472
5,265,2.646
5,266,2.976
5,267,2.274
5,268,2.426
5,269,2.661
5,270,2.328
5,271,2.616
5,272,3.108
5,273,2.995
5,274,2.436
5,275,2.220
5,276,2.411
5,277,3.013
5,278,2.983
5,279,2.671
5,280,3.071
5,281,2.950
5,282,2.478
5,283,2.234
5,284,2.776
5,285,2.584
5,286,2.192
5,287,2.873
5,288,2.709
5,289,3.077
5,290,2.518
5,291,1.998
5,292,2.308
5,293,2.148
5,294,2.315
5,295,2.377
5,296,2.918
5,297,2.355
5,298,2.797
5,299,2.658
5,300,2.652
5,301,2.993
5,302,2.004
5,303,1.928
5,304,2.246
5,305,1.772
5,306,1.603
5,307,1.806
5,308,1.896
5,309,2.290
5,310,3.000
5,311,2.043
5,312,1.669
5,313,1.737
5,314,2.279
5,315,1.809
5,316,1.648
5,317,2.431
5,318,2.934
5,319,3.292
5,320,2.329
5,321,2.015
5,322,2.083
5,323,2.254
5,324,3.129
5,325,2.317
5,326,2.527
5,327,1.797
5,328,1.626
5,329,1.820
5,330,1.899
5,331,2.055
5,332,2.426
5,333,2.076
5,334,1.751
5,335,1.965
5,336,2.055
5,337,1.965
5,338,1.598
5,339,2.990
5,340,2.663
5,341,3.141
5,342,2.700
5,343,3.089
5,344,3.171
5,345,2.698
5,346,2.290
5,347,2.192
5,348,1.961
5,349,1.757
5,350,2.207
5,351,1.888
5,352,1.909
5,353,2.015
5,354,2.096
5,355,1.699
5,356,1.585
5,357,1.756
5,358,1.784
5,359,2.442
5,360,2.283
5,361,1.952
5,362,1.882
5,363,1.700
5,364,2.310
5,365,1.852
5,366,1.703
5,367,1.973
5,368,3.916
5,369,2.408
5,370,2.460
5,371,2.223
5,372,2.003
5,373,2.100
5,374,2.224
5,375,2.641
5,376,2.387
5,377,2.535
5,378,2.187
5,379,2.132
5,380,2.250
5,381,2.369
5,382,2.319
5,383,2.799
5,384,2.151
5,385,2.449
5,386,2.440
5,387,2.563
5,388,2.553
5,389,2.345
5,390,2.699
5,391,2.269
5,392,2.161
5,393,2.212
5,394,2.553
5,395,1.935
5,396,1.606
5,397,1.729
5,398,1.969
5,399,1.800
5,400,1.690
5,401,1.754
5,402,1.674
5,403,2.277
5,404,2.355
5,405,1.918
5,406,1.614
5,407,1.891
5,408,1.903
5,409,1.896
5,410,2.156
5,411,2.784
5,412,2.623
5,413,2.506
5,414,2.521
5,415,2.363
5,416,1.933
5,417,2.524
5,418,2.717
5,419,1.728
5,420,1.822
5,421,1.689
5,422,1.664
5,423,1.854
5,424,2.194
5,425,2.071
5,426,2.348
5,427,2.685
5,428,2.500
5,429,2.246
5,430,2.439
5,431,1.961
5,432,3.142
5,433,2.216
5,434,1.963
5,435,1.890
5,436,2.388
5,437,2.198
5,438,1.898
5,439,2.182
5,440,2.380
5,441,1.984
5,442,1.671
5,443,1.808
5,444,1.917
5,445,3.501
5,446,2.969
5,447,2.121
5,448,2.110
5,449,1.908
5,450,1.844
5,451,1.565
5,452,1.615
5,453,1.792
5,454,2.253
5,455,2.666
5,456,2.052
5,457,2.173
5,458,2.048
5,459,2.106
5,460,2.099
5,461,1.968
5,462,3.129
5,463,2.000
5,464,1.908
5,465,2.033
5,466,1.739
5,467,1.575
5,468,1.567
5,469,1.733
5,470,3.018
5,471,1.818
5,472,1.730
5,473,1.819
5,474,1.953
5,475,1.617
5,476,1.635
5,477,1.667
5,478,1.810
5,479,2.036
5,480,2.457
5,481,1.901
5,482,1.623
5,483,2.329
5,484,1.997
5,485,2.035
5,486,2.097
5,487,2.297
5,488,2.215
5,489,2.151
5,490,2.125
5,491,2.334
5,492,1.619
5,493,1.737
5,494,2.727
5,495,2.613
5,496,2.328
5,497,2.642
5,498,2.362
5,499,2.662
5,500,2.453
5,501,2.044
5,502,2.160
5,503,2.485
5,504,1.939
5,505,2.007
5,506,2.165
5,507,2.811
5,508,2.077
5,509,2.020
5,510,1.825
5,511,1.649
5,512,1.987
5,513,1.975
5,514,1.647
5,515,3.046
5,516,2.981
5,517,2.272
5,518,2.697
5,519,2.573
5,520,2.947
5,521,2.850
5,522,2.521
5,523,3.169
5,524,3.127
5,525,2.981
5,526,2.773
5,527,2.435
5,528,2.576
5,529,2.588
5,530,2.301
5,531,2.619
5,532,2.244
5,533,2.320
5,534,2.334
5,535,2.009
5,536,2.054
5,537,2.701
5,538,2.278
5,539,2.624
5,540,2.601
5,541,2.151
5,542,2.062
5,543,2.204
5,544,1.807
5,545,2.602
5,546,2.240
5,547,2.115
5,548,2.102
5,549,2.338
5,550,1.967
5,551,1.741
5,552,2.450
5,553,2.776
5,554,1.790
5,555,1.673
5,556,1.855
5,557,1.730
5,558,1.559
5,559,1.911
5,560,2.318
5,561,2.644
5,562,2.491
5,563,2.084
5,564,1.893
5,565,1.559
5,566,1.854
5,567,1.848
5,568,2.905
5,569,2.580
5,570,2.436
5,571,2.065
5,572,2.122
5,573,2.097
5,574,1.737
5,575,2.077
5,576,2.033
5,577,1.837
5,578,1.872
5,579,2.402
5,580,1.844
5,581,1.690
5,582,1.654
5,583,2.279
5,584,2.033
5,585,1.728
5,586,1.811
5,587,1.717
5,588,2.456
5,589,1.770
5,590,1.716
5,591,1.649
5,592,2.325
5,593,2.615
5,594,2.028
5,595,1.835
5,596,1.909
5,597,2.223
5,598,2.006
5,599,1.679
5,600,2.683
5,601,2.338
5,602,1.840
5,603,1.922
5,604,1.723
5,605,1.586
5,606,1.869
5,607,1.905
5,608,2.208
5,609,1.871
5,610,1.622
5,611,1.788
5,612,1.779
5,613,1.701
5,614,1.862
5,615,1.980
5,616,2.792
5,617,2.022
5,618,2.099
5,619,2.178
5,620,1.799
5,621,1.995
5,622,1.987
5,623,2.743
5,624,2.703
5,625,2.377
5,626,2.296
5,627,2.192
5,628,1.828
5,629,1.993
5,630,2.029
5,631,1.847
5,632,2.313
5,633,1.837
5,634,1.826
5,635,1.707
5,636,1.637
5,637,1.671
5,638,2.488
5,639,1.777
5,640,1.561
5,641,1.932
5,642,1.898
5,643,2.288
5,644,1.762
5,645,1.861
5,646,2.327
5,647,2.259
5,648,2.140
5,649,1.824
5,650,2.299
5,651,1.667
5,652,1.748
5,653,1.906
5,654,1.848
5,655,2.044
5,656,1.983
5,657,1.741
5,658,1.936
5,659,2.285
5,660,1.824
5,661,1.646
5,662,1.608
5,663,2.577
5,664,2.335
5,665,1.927
5,666,2.215
5,667,2.274
5,668,2.858
5,669,2.442
5,670,2.796
5,671,2.972
5,672,2.594
5,673,2.379
5,674,2.388
5,675,2.813
5,676,2.414
5,677,2.227
5,678,2.047
5,679,1.931
5,680,2.259
5,681,2.181
5,682,1.964
5,683,3.001
5,684,2.459
5,685,2.068
5,686,2.025
5,687,2.352
5,688,2.401
5,689,2.997
5,690,2.698
5,691,2.428
5,692,2.548
5,693,2.235
5,694,1.926
5,695,2.079
5,696,2.621
5,697,2.810
5,698,3.105
5,699,2.184
5,700,2.145
5,701,2.557
5,702,2.355
5,703,2.427
5,704,2.189
5,705,2.538
5,706,2.038
5,707,1.971
5,708,2.026
5,709,2.538
5,710,2.732
5,711,2.250
5,712,2.311
5,713,2.645
5,714,2.330
5,715,2.899
5,716,3.434
5,717,3.341
5,718,2.817
5,719,2.830
5,720,2.494
5,721,2.783
5,722,2.195
5,723,2.082
5,724,1.902
5,725,2.198
5,726,2.089
5,727,2.836
5,728,2.587
5,729,2.788
5,730,2.135
5,731,2.194
5,732,2.413
5,733,2.780
5,734,3.625
5,735,2.296
5,736,2.010
5,737,2.376
5,738,2.052
5,739,2.050
5,740,2.097
5,741,2.721
5,742,2.585
5,743,1.902
5,744,1.754
5,745,1.642
5,746,1.826
5,747,1.801
5,748,1.857
5,749,1.758
5,750,1.822
5,751,2.285
5,752,2.227
5,753,1.653
5,754,1.954
5,755,2.007
5,756,2.528
5,757,2.354
5,758,2.072
5,759,2.252
5,760,1.977
5,761,2.205
5,762,2.034
5,763,2.412
5,764,2.554
5,765,2.384
5,766,2.507
5,767,3.086
5,768,3.456
5,769,2.933
5,770,2.575
5,771,2.671
5,772,2.578
5,773,3.366
5,774,3.751
5,775,3.107
5,776,2.895
5,777,2.538
5,778,2.872
5,779,3.079
5,780,3.667
5,781,3.271
5,782,2.988
5,783,2.475
5,784,2.562
5,785,3.256
5,786,2.972
5,787,2.955
5,788,3.435
5,789,3.563
5,790,3.155
5,791,3.917
5,792,2.928
5,793,3.263
5,794,3.003
5,795,3.252
5,796,2.988
5,797,3.100
5,798,3.118
5,799,2.696
5,800,3.316
5,801,3.029
5,802,2.867
5,803,3.736
5,804,3.448
5,805,3.710
5,806,3.524
5,807,3.306
5,808,3.552
5,809,2.892
5,810,3.499
5,811,3.252
5,812,2.936
5,813,3.222
5,814,3.178
5,815,3.618
5,816,2.632
5,817,2.378
5,818,2.276
5,819,2.359
5,820,2.853
5,821,3.090
5,822,2.371
5,823,2.485
5,824,2.512
5,825,2.394
5,826,2.510
5,827,2.370
5,828,3.097
5,829,2.437
5,830,2.148
5,831,2.388
5,832,2.397
5,833,4.814
5,834,3.441
5,835,3.252
5,836,2.847
5,837,3.374
5,838,3.114
5,839,3.405
5,840,3.171
5,841,2.778
5,842,2.811
5,843,3.671
5,844,3.209
5,845,4.355
5,846,4.269
5,847,4.267
5,848,3.108
5,849,3.816
5,850,2.608
5,851,2.231
5,852,2.299
5,853,2.340
5,854,2.887
5,855,2.355
5,856,2.309
5,857,2.222
5,858,2.311
5,859,2.742
5,860,2.140
5,861,2.543
5,862,2.242
5,863,1.640
5,864,1.897
5,865,1.866
5,866,2.037
5,867,2.651
5,868,2.168
5,869,1.714
5,870,1.572
5,871,1.704
5,872,1.885
5,873,1.737
5,874,1.565
5,875,2.089
5,876,2.857
5,877,2.513
5,878,2.431
5,879,2.379
5,880,2.356
5,881,2.529
5,882,2.103
5,883,2.196
5,884,2.101
5,885,1.861
5,886,1.868
5,887,1.728
5,888,1.816
5,889,2.003
5,890,2.538
5,891,2.789
5,892,2.924
5,893,2.303
5,894,2.410
5,895,2.381
5,896,3.118
5,897,2.738
5,898,2.263
5,899,3.056
5,900,2.096
5,901,2.155
5,902,2.937
5,903,2.342
5,904,2.163
5,905,2.431
5,906,2.505
5,907,2.320
5,908,2.384
5,909,2.971
5,910,3.310
5,911,2.520
5,912,2.104
5,913,2.843
5,914,2.734
5,915,2.886
5,916,2.245
5,917,2.009
5,918,2.265
5,919,2.505
5,920,2.039
5,921,2.519
5,922,2.360
5,923,1.832
5,924,1.674
5,925,1.982
5,926,1.753
5,927,1.558
5,928,1.749
5,929,2.491
5,930,1.900
5,931,1.661
5,932,1.990
5,933,1.980
5,934,1.808
5,935,1.582
5,936,1.797
5,937,2.014
5,938,2.400
5,939,2.202
5,940,1.769
5,941,1.505
5,942,1.699
5,943,1.995
5,944,2.289
5,945,2.112
5,946,2.466
5,947,2.528
5,948,1.794
5,949,1.658
5,950,1.829
5,951,1.734
5,952,1.770
5,953,2.509
5,954,2.176
5,955,1.609
5,956,1.950
5,957,1.925
5,958,1.792
5,959,1.977
5,960,1.906
5,961,2.308
5,962,1.866
5,963,1.590
5,964,2.019
5,965,2.233
5,966,1.596
5,967,1.708
5,968,2.258
5,969,3.023
5,970,2.617
5,971,2.198
5,972,1.885
5,973,2.291
5,974,2.189
5,975,2.159
5,976,2.220
5,977,2.180
5,978,1.978
5,979,1.631
5,980,1.674
5,981,1.733
5,982,1.901
5,983,1.979
5,984,2.618
5,985,1.972
5,986,1.952
5,987,2.025
5,988,2.099
5,989,1.773
5,990,1.554
5,991,2.639
5,992,2.011
5,993,2.322
5,994,2.120
5,995,1.972
5,996,2.014
5,997,2.076
5,998,2.836
5,999,3.290
5,1000,2.365
5,1001,1.933
5,1002,1.881
5,1003,1.801
5,1004,1.765
5,1005,1.945
5,1006,1.950
5,1007,2.782
5,1008,1.855
5,1009,1.517
5,1010,1.540
5,1011,1.773
5,1012,1.792
5,1013,1.875
5,1014,2.201
5,1015,2.300
5,1016,2.512
5,1017,2.483
5,1018,2.310
5,1019,1.848
5,1020,2.136
5,1021,2.220
5,1022,1.774
5,1023,1.555
5,1024,2.436
5,1025,1.861
5,1026,1.618
5,1027,1.617
5,1028,2.462
5,1029,2.699
5,1030,2.357
5,1031,2.716
5,1032,2.788
5,1033,2.015
5,1034,1.874
5,1035,2.122
5,1036,2.622
5,1037,2.247
5,1038,2.180
5,1039,2.219
5,1040,3.149
5,1041,1.975
5,1042,2.729
5,1043,2.439
5,1044,2.144
5,1045,2.221
5,1046,2.248
5,1047,2.232
5,1048,2.518
5,1049,2.335
5,1050,1.957
5,1051,2.121
5,1052,2.434
5,1053,2.102
5,1054,2.065
5,1055,2.880
5,1056,2.415
5,1057,2.418
5,1058,1.856
5,1059,1.595
5,1060,2.146
5,1061,1.923
5,1062,2.385
5,1063,2.215
5,1064,2.279
5,1065,2.048
5,1066,1.845
5,1067,1.873
5,1068,1.872
5,1069,1.727
5,1070,1.793
5,1071,2.189
5,1072,2.543
5,1073,1.662
5,1074,1.697
5,1075,1.798
5,1076,1.607
5,1077,1.766
5,1078,2.018
5,1079,2.046
5,1080,1.745
5,1081,2.021
5,1082,1.800
5,1083,1.854
5,1084,1.571
5,1085,1.485
5,1086,1.780
5,1087,2.124
5,1088,2.414
5,1089,1.930
5,1090,2.303
5,1091,1.894
5,1092,1.874
5,1093,2.022
5,1094,1.739
5,1095,1.823
5,1096,1.914
5,1097,1.825
5,1098,1.836
5,1099,2.003
5,1100,1.651
5,1101,1.606
5,1102,1.556
5,1103,1.645
5,1104,2.856
5,1105,2.295
5,1106,2.179
5,1107,2.340
5,1108,2.577
5,1109,1.645
5,1110,1.532
5,1111,1.998
5,1112,1.895
5,1113,1.762
5,1114,2.210
5,1115,1.861
5,1116,1.765
5,1117,1.954
5,1118,2.083
5,1119,2.010
5,1120,1.701
5,1121,1.713
5,1122,1.736
5,1123,1.579
5,1124,1.779
5,1125,1.900
5,1126,1.823
5,1127,2.241
5,1128,1.719
5,1129,1.816
5,1130,1.956
5,1131,1.534
5,1132,1.448
5,1133,1.600
5,1134,1.724
5,1135,1.722
5,1136,1.927
5,1137,2.162
5,1138,1.750
5,1139,1.672
5,1140,1.531
5,1141,2.239
5,1142,1.797
5,1143,1.651
5,1144,1.947
5,1145,2.314
5,1146,2.324
5,1147,1.727
5,1148,1.847
5,1149,1.684
5,1150,1.523
5,1151,1.554
5,1152,1.762
5,1153,1.891
5,1154,1.733
5,1155,1.577
5,1156,1.975
5,1157,2.125
5,1158,1.848
5,1159,1.524
5,1160,1.657
5,1161,1.611
5,1162,1.882
5,1163,2.360
5,1164,2.274
5,1165,2.970
5,1166,2.253
5,1167,2.328
5,1168,1.693
5,1169,2.879
5,1170,2.230
5,1171,1.910
5,1172,1.704
5,1173,2.438
5,1174,1.783
5,1175,1.646
5,1176,1.669
5,1177,2.471
5,1178,2.195
5,1179,1.765
5,1180,1.857
5,1181,2.290
5,1182,2.676
5,1183,2.542
5,1184,2.845
5,1185,2.452
5,1186,2.127
5,1187,1.910
5,1188,2.572
5,1189,2.808
5,1190,2.670
5,1191,2.524
5,1192,2.289
5,1193,2.012
5,1194,2.171
5,1195,2.042
5,1196,1.886
5,1197,2.775
5,1198,2.940
5,1199,2.818
5,1200,2.523
5,1201,2.390
5,1202,2.477
5,1203,2.594
5,1204,2.763
5,1205,2.170
5,1206,2.236
5,1207,1.683
5,1208,1.504
5,1209,1.524
5,1210,1.664
5,1211,1.651
5,1212,3.310
5,1213,2.920
5,1214,2.096
5,1215,1.833
5,1216,2.074
5,1217,1.795
5,1218,1.631
5,1219,1.870
5,1220,2.002
5,1221,1.965
5,1222,2.201
5,1223,1.786
5,1224,1.709
5,1225,1.677
5,1226,1.708
5,1227,1.885
5,1228,2.290
5,1229,1.971
5,1230,1.738
5,1231,2.354
5,1232,1.804
5,1233,1.510
5,1234,1.509
5,1235,1.513
5,1236,1.888
5,1237,2.032
5,1238,2.207
5,1239,1.845
5,1240,1.728
5,1241,2.031
5,1242,2.115
5,1243,1.865
5,1244,1.665
5,1245,1.910
5,1246,2.003
5,1247,1.835
5,1248,1.825
5,1249,1.711
5,1250,2.410
5,1251,1.639
5,1252,1.463
5,1253,2.083
5,1254,2.211
5,1255,1.657
5,1256,1.556
5,1257,1.880
5,1258,1.766
5,1259,1.776
5,1260,1.960
5,1261,1.862
5,1262,2.044
5,1263,1.843
5,1264,2.228
5,1265,1.874
5,1266,1.621
5,1267,1.646
5,1268,1.945
5,1269,2.415
5,1270,2.003
5,1271,2.331
5,1272,1.918
5,1273,1.564
5,1274,1.641
5,1275,1.792
5,1276,1.628
5,1277,1.532
5,1278,1.789
5,1279,2.270
5,1280,2.528
5,1281,1.603
5,1282,1.554
5,1283,1.836
5,1284,1.663
5,1285,1.692
5,1286,1.723
5,1287,2.079
5,1288,2.341
5,1289,1.807
5,1290,2.026
5,1291,2.200
5,1292,1.548
5,1293,1.456
5,1294,2.459
5,1295,2.385
5,1296,2.039
5,1297,2.399
5,1298,1.795
5,1299,1.575
5,1300,1.799
5,1301,2.084
5,1302,1.683
5,1303,1.949
5,1304,2.674
5,1305,2.694
5,1306,2.184
5,1307,1.976
5,1308,1.734
5,1309,1.558
5,1310,1.683
5,1311,2.414
5,1312,1.922
5,1313,1.675
5,1314,1.843
5,1315,2.423
5,1316,2.126
5,1317,1.652
5,1318,1.997
5,1319,2.221
5,1320,2.069
5,1321,2.052
5,1322,1.942
5,1323,1.684
5,1324,1.973
5,1325,1.882
5,1326,2.062
5,1327,2.313
5,1328,2.005
5,1329,1.818
5,1330,1.740
5,1331,1.805
5,1332,1.850
5,1333,1.897
5,1334,1.618
5,1335,1.964
5,1336,2.553
5,1337,2.137
5,1338,1.996
5,1339,2.304
5,1340,2.113
5,1341,2.256
5,1342,2.764
5,1343,2.843
5,1344,2.288
5,1345,1.964
5,1346,1.810
5,1347,1.863
5,1348,1.957
5,1349,2.064
5,1350,3.450
5,1351,2.692
5,1352,2.457
5,1353,2.906
5,1354,2.447
5,1355,2.601
5,1356,2.327
5,1357,2.774
5,1358,2.023
5,1359,2.117
5,1360,1.980
5,1361,2.047
5,1362,2.553
5,1363,2.196
5,1364,2.104
5,1365,2.751
5,1366,2.212
5,1367,2.031
5,1368,2.034
5,1369,2.664
5,1370,2.917
5,1371,2.929
5,1372,2.472
5,1373,2.135
5,1374,2.423
5,1375,2.308
5,1376,2.588
5,1377,2.137
5,1378,2.240
5,1379,2.201
5,1380,2.756
5,1381,2.389
5,1382,3.380
5,1383,2.367
5,1384,2.326
5,1385,2.545
5,1386,2.338
5,1387,2.454
5,1388,2.765
5,1389,2.327
5,1390,2.231
5,1391,2.339
5,1392,2.087
5,1393,2.137
5,1394,2.529
5,1395,2.670
5,1396,2.040
5,1397,2.406
5,1398,2.112
5,1399,2.134
5,1400,2.567
5,1401,2.749
5,1402,2.800
5,1403,2.803
5,1404,2.361
5,1405,3.015
5,1406,3.207
5,1407,2.338
5,1408,2.233
5,1409,2.478
5,1410,2.055
5,1411,2.070
5,1412,1.896
5,1413,2.019
5,1414,2.827
5,1415,2.303
5,1416,2.236
5,1417,2.811
5,1418,2.158
5,1419,2.182
5,1420,2.683
5,1421,2.612
5,1422,2.566
5,1423,2.534
5,1424,2.967
5,1425,2.304
5,1426,2.723
5,1427,2.771
5,1428,2.297
5,1429,2.112
5,1430,2.112
5,1431,2.689
5,1432,2.139
5,1433,2.583
5,1434,2.248
5,1435,2.184
5,1436,2.307
5,1437,2.110
5,1438,2.103
5,1439,2.626
5,1440,2.524
5,1441,2.227
5,1442,1.911
5,1443,2.179
5,1444,2.039
5,1445,2.302
5,1446,2.026
5,1447,2.694
5,1448,2.121
5,1449,2.256
5,1450,1.929
5,1451,1.784
5,1452,1.861
5,1453,1.956
5,1454,2.229
5,1455,2.506
5,1456,2.090
5,1457,1.836
5,1458,1.651
5,1459,2.022
5,1460,2.175
5,1461,2.023
5,1462,2.742
5,1463,2.851
5,1464,2.124
5,1465,2.162
5,1466,2.321
5,1467,2.075
5,1468,2.646
5,1469,2.317
5,1470,2.175
5,1471,2.713
5,1472,2.249
5,1473,1.865
5,1474,1.892
5,1475,2.083
5,1476,3.351
5,1477,2.607
5,1478,2.221
5,1479,2.079
5,1480,2.013
5,1481,2.036
5,1482,1.890
5,1483,2.479
5,1484,2.806
5,1485,2.652
5,1486,2.411
5,1487,1.897
5,1488,1.688
5,1489,1.573
5,1490,2.420
5,1491,1.806
5,1492,1.606
5,1493,1.626
5,1494,1.882
5,1495,2.246
5,1496,1.791
5,1497,1.659
5,1498,1.716
5,1499,1.693
5,1500,1.832
5,1501,1.911
5,1502,1.735
5,1503,1.555
5,1504,2.056
5,1505,2.438
5,1506,2.182
5,1507,1.671
5,1508,2.333
5,1509,2.428
5,1510,2.342
5,1511,2.524
5,1512,1.728
5,1513,1.904
5,1514,1.726
5,1515,2.079
5,1516,2.373
5,1517,1.720
5,1518,1.821
5,1519,1.944
5,1520,1.808
5,1521,1.808
5,1522,1.995
5,1523,2.018
5,1524,1.741
5,1525,1.538
5,1526,1.757
5,1527,1.701
5,1528,1.433
5,1529,1.388
5,1530,1.382
5,1531,1.621
5,1532,1.697
5,1533,2.665
5,1534,1.727
5,1535,1.671
5,1536,3.418
5,1537,2.326
5,1538,1.612
5,1539,1.463
5,1540,1.993
5,1541,2.387
5,1542,2.150
5,1543,1.686
5,1544,1.697
5,1545,1.962
5,1546,1.810
5,1547,1.701
5,1548,1.953
5,1549,1.979
5,1550,2.130
5,1551,1.607
5,1552,1.768
5,1553,1.887
5,1554,1.525
5,1555,1.421
5,1556,1.597
5,1557,1.878
5,1558,2.180
5,1559,2.017
5,1560,2.092
5,1561,1.575
5,1562,1.520
5,1563,1.476
5,1564,1.591
5,1565,1.602
5,1566,1.507
5,1567,1.661
5,1568,2.305
5,1569,1.937
5,1570,2.464
5,1571,1.735
5,1572,1.717
5,1573,1.766
5,1574,1.640
5,1575,1.810
5,1576,2.485
5,1577,1.835
5,1578,1.634
5,1579,2.200
5,1580,1.849
5,1581,1.656
5,1582,1.408
5,1583,1.553
5,1584,1.567
5,1585,1.865
5,1586,1.995
5,1587,1.925
5,1588,1.517
5,1589,1.945
5,1590,1.517
5,1591,1.615
5,1592,1.769
5,1593,1.675
5,1594,2.132
5,1595,2.239
5,1596,1.809
5,1597,1.749
5,1598,2.043
5,1599,2.539
5,1600,1.827
5,1601,1.800
5,1602,2.678
5,1603,1.664
5,1604,1.494
5,1605,1.618
5,1606,1.636
5,1607,1.534
5,1608,1.972
5,1609,1.764
5,1610,1.772
5,1611,1.956
5,1612,1.632
5,1613,1.859
5,1614,1.886
5,1615,1.541
5,1616,1.464
5,1617,1.482
5,1618,2.017
5,1619,2.080
5,1620,2.251
5,1621,2.343
5,1622,2.019
5,1623,1.916
5,1624,2.573
5,1625,1.998
5,1626,2.397
5,1627,2.430
5,1628,2.231
5,1629,1.981
5,1630,2.049
5,1631,2.027
5,1632,1.814
5,1633,1.895
5,1634,2.635
5,1635,2.016
5,1636,1.933
5,1637,2.052
5,1638,2.241
5,1639,1.882
5,1640,1.830
5,1641,1.972
5,1642,2.084
5,1643,2.522
5,1644,2.073
5,1645,1.814
5,1646,1.710
5,1647,1.673
5,1648,2.151
5,1649,1.645
5,1650,1.430
5,1651,2.814
5,1652,2.549
5,1653,1.911
5,1654,1.737
5,1655,1.833
5,1656,1.591
5,1657,1.451
5,1658,1.564
5,1659,2.248
5,1660,2.186
5,1661,2.601
5,1662,2.465
5,1663,2.259
5,1664,1.748
5,1665,1.824
5,1666,1.962
5,1667,2.523
5,1668,2.430
5,1669,2.223
5,1670,1.676
5,1671,1.699
5,1672,1.922
5,1673,2.455
5,1674,2.106
5,1675,2.130
5,1676,1.950
5,1677,1.705
5,1678,2.263
5,1679,1.944
5,1680,1.728
5,1681,1.640
5,1682,2.169
5,1683,2.162
5,1684,1.545
5,1685,1.436
5,1686,1.702
5,1687,1.693
5,1688,2.223
5,1689,2.207
5,1690,2.296
5,1691,2.281
5,1692,2.331
5,1693,2.605
5,1694,3.276
5,1695,2.888
5,1696,2.119
5,1697,2.117
5,1698,1.996
5,1699,1.889
5,1700,1.853
5,1701,1.950
5,1702,2.209
5,1703,2.367
5,1704,2.657
5,1705,4.994
5,1706,2.867
5,1707,2.282
5,1708,1.772
5,1709,2.338
5,1710,2.516
5,1711,1.906
5,1712,1.599
5,1713,1.724
5,1714,1.888
5,1715,1.574
5,1716,1.440
5,1717,1.710
5,1718,2.336
5,1719,2.252
5,1720,2.376
5,1721,1.970
5,1722,1.811
5,1723,1.696
5,1724,1.823
5,1725,1.676
5,1726,1.783
5,1727,2.147
5,1728,2.058
5,1729,1.794
5,1730,1.762
5,1731,1.610
5,1732,1.783
5,1733,1.553
5,1734,1.445
5,1735,2.782
5,1736,2.428
5,1737,1.647
5,1738,1.603
5,1739,1.800
5,1740,1.938
5,1741,1.886
5,1742,1.964
5,1743,2.325
5,1744,2.226
5,1745,2.275
5,1746,2.412
5,1747,1.919
5,1748,1.820
5,1749,2.446
5,1750,2.551
5,1751,2.095
5,1752,2.365
5,1753,2.336
5,1754,1.879
5,1755,2.064
5,1756,2.083
5,1757,1.813
5,1758,1.787
5,1759,2.146
5,1760,1.906
5,1761,1.541
5,1762,3.127
5,1763,2.165
5,1764,3.484
5,1765,2.331
5,1766,2.170
5,1767,2.099
5,1768,2.784
5,1769,2.846
5,1770,2.699
5,1771,2.402
5,1772,2.031
5,1773,2.340
5,1774,2.143
5,1775,1.842
5,1776,2.437
5,1777,2.730
5,1778,1.954
5,1779,2.040
5,1780,2.273
5,1781,2.335
5,1782,2.103
5,1783,2.335
5,1784,2.493
5,1785,2.461
5,1786,2.033
5,1787,1.689
5,1788,1.724
5,1789,1.997
5,1790,2.385
5,1791,2.234
5,1792,2.762
5,1793,2.525
5,1794,1.921
5,1795,2.071
5,1796,2.003
5,1797,1.746
5,1798,2.101
5,1799,2.274
5,1800,1.766
5,1801,1.520
5,1802,2.283
5,1803,1.805
5,1804,1.895
5,1805,1.984
5,1806,2.270
5,1807,2.017
5,1808,1.773
5,1809,1.955
5,1810,1.977
5,1811,1.981
5,1812,1.632
5,1813,2.027
5,1814,2.021
5,1815,2.846
5,1816,2.104
5,1817,1.799
5,1818,1.633
5,1819,1.735
5,1820,2.283
5,1821,1.734
5,1822,1.914
5,1823,1.959
5,1824,1.980
5,1825,1.787
5,1826,1.526
5,1827,1.707
5,1828,1.687
5,1829,1.526
5,1830,1.841
5,1831,2.481
5,1832,2.176
5,1833,1.691
5,1834,1.627
5,1835,1.799
5,1836,1.830
5,1837,1.525
5,1838,1.577
5,1839,1.806
5,1840,2.326
5,1841,2.315
5,1842,2.101
5,1843,1.916
5,1844,1.879
5,1845,1.785
5,1846,1.998
5,1847,1.724
5,1848,1.551
5,1849,2.259
5,1850,2.041
5,1851,1.803
5,1852,1.663
5,1853,1.666
5,1854,1.680
5,1855,1.577
5,1856,1.577
5,1857,2.189
5,1858,2.217
5,1859,2.252
5,1860,1.623
5,1861,1.688
5,1862,1.715
5,1863,1.716
5,1864,1.595
5,1865,2.163
5,1866,2.104
5,1867,1.845
5,1868,2.845
5,1869,1.817
5,1870,1.671
5,1871,1.690
5,1872,1.820
5,1873,2.082
5,1874,1.785
5,1875,1.792
5,1876,2.023
5,1877,1.963
5,1878,1.836
5,1879,1.867
5,1880,1.628
5,1881,1.497
5,1882,1.692
5,1883,1.895
5,1884,1.852
5,1885,1.526
5,1886,1.470
5,1887,2.084
5,1888,1.800
5,1889,1.647
5,1890,1.705
5,1891,1.900
5,1892,2.070
5,1893,1.674
5,1894,1.700
5,1895,2.178
5,1896,1.999
5,1897,1.661
5,1898,1.777
5,1899,1.733
5,1900,2.377
5,1901,2.155
5,1902,1.691
5,1903,1.602
5,1904,1.569
5,1905,1.559
5,1906,2.481
5,1907,1.670
5,1908,2.554
5,1909,2.171
5,1910,2.133
5,1911,1.951
5,1912,1.646
5,1913,1.620
5,1914,1.506
5,1915,1.854
5,1916,2.417
5,1917,2.891
5,1918,2.732
5,1919,2.690
5,1920,3.084
5,1921,2.442
5,1922,3.188
5,1923,2.755
5,1924,2.659
5,1925,2.441
5,1926,2.750
5,1927,2.785
5,1928,2.644
5,1929,2.890
5,1930,2.692
5,1931,2.875
5,1932,2.715
5,1933,2.757
5,1934,2.633
5,1935,1.999
5,1936,2.314
5,1937,2.495
5,1938,2.036
5,1939,2.460
5,1940,2.319
5,1941,2.486
5,1942,1.991
5,1943,2.173
5,1944,2.818
5,1945,2.177
5,1946,2.218
5,1947,2.834
5,1948,2.966
5,1949,2.718
5,1950,2.671
5,1951,3.990
5,1952,3.842
5,1953,3.265
5,1954,2.044
5,1955,2.100
5,1956,2.709
5,1957,2.749
5,1958,3.115
5,1959,2.485
5,1960,2.105
5,1961,2.415
5,1962,2.019
5,1963,1.741
5,1964,1.833
5,1965,2.481
5,1966,2.214
5,1967,1.957
5,1968,1.967
5,1969,1.741
5,1970,1.729
5,1971,1.959
5,1972,2.131
5,1973,2.535
5,1974,2.854
5,1975,2.398
5,1976,2.375
5,1977,2.570
5,1978,2.520
5,1979,2.329
5,1980,3.007
5,1981,2.821
5,1982,2.082
5,1983,2.252
5,1984,2.098
5,1985,1.998
5,1986,2.262
5,1987,2.443
5,1988,2.575
5,1989,2.331
5,1990,1.853
5,1991,2.015
5,1992,2.051
5,1993,2.222
5,1994,2.679
5,1995,2.057
5,1996,2.021
5,1997,2.399
5,1998,2.064
5,1999,2.068
5,2000,2.058
5,2001,2.464
5,2002,2.761
5,2003,2.057
5,2004,2.023
5,2005,2.667
5,2006,2.170
5,2007,2.355
5,2008,2.354
5,2009,2.142
5,2010,2.279
5,2011,2.223
5,2012,2.643
5,2013,2.473
5,2014,2.324
5,2015,2.299
5,2016,2.023
5,2017,2.110
5,2018,2.100
5,2019,2.227
5,2020,2.265
5,2021,2.626
5,2022,2.717
5,2023,2.184
5,2024,2.362
5,2025,2.302
5,2026,2.229
5,2027,2.280
5,2028,2.935
5,2029,2.224
5,2030,2.036
5,2031,2.106
5,2032,2.242
5,2033,1.992
5,2034,1.968
5,2035,2.524
5,2036,2.885
5,2037,2.286
5,2038,2.433
5,2039,2.195
5,2040,2.251
5,2041,2.508
5,2042,2.915
5,2043,3.418
5,2044,3.136
5,2045,3.064
5,2046,2.916
5,2047,3.385
5,2048,3.035
5,2049,3.696
5,2050,2.891
5,2051,3.047
5,2052,6.076
5,2053,3.150
5,2054,2.641
5,2055,2.313
5,2056,2.679
5,2057,2.598
5,2058,2.391
5,2059,2.599
5,2060,2.560
5,2061,3.161
5,2062,2.452
5,2063,2.904
5,2064,2.821
5,2065,2.251
5,2066,3.128
5,2067,2.872
5,2068,2.172
5,2069,2.768
5,2070,2.778
5,2071,3.263
5,2072,2.758
5,2073,2.502
5,2074,3.398
5,2075,2.646
5,2076,2.114
5,2077,2.120
5,2078,2.162
5,2079,2.585
5,2080,2.297
5,2081,3.056
5,2082,2.603
5,2083,2.438
5,2084,1.740
5,2085,1.882
5,2086,1.797
5,2087,1.673
5,2088,1.741
5,2089,2.283
5,2090,1.797
5,2091,1.502
5,2092,1.541
5,2093,1.821
5,2094,1.966
5,2095,1.590
5,2096,1.484
5,2097,1.755
5,2098,1.947
5,2099,2.442
5,2100,2.040
5,2101,1.817
5,2102,1.561
5,2103,1.559
5,2104,1.637
5,2105,2.121
5,2106,1.659
5,2107,2.183
5,2108,2.504
5,2109,1.880
5,2110,1.749
5,2111,1.631
5,2112,1.730
5,2113,1.503
5,2114,1.455
5,2115,1.494
5,2116,2.072
5,2117,1.850
5,2118,2.225
5,2119,1.623
5,2120,1.596
5,2121,1.686
5,2122,1.763
5,2123,1.755
5,2124,1.686
5,2125,1.728
5,2126,1.679
5,2127,1.827
5,2128,2.003
5,2129,1.511
5,2130,1.464
5,2131,1.561
5,2132,1.763
5,2133,2.162
5,2134,1.631
5,2135,2.685
5,2136,2.507
5,2137,2.440
5,2138,1.962
5,2139,1.607
5,2140,1.524
5,2141,1.595
5,2142,1.705
5,2143,2.082
5,2144,1.838
5,2145,1.873
5,2146,2.139
5,2147,2.421
5,2148,2.364
5,2149,1.953
5,2150,1.976
5,2151,1.760
5,2152,1.613
5,2153,1.895
5,2154,1.622
5,2155,1.374
5,2156,2.324
5,2157,1.676
5,2158,1.600
5,2159,2.305
5,2160,6.790
5,2161,2.093
5,2162,1.951
5,2163,1.576
5,2164,1.551
5,2165,1.961
5,2166,1.969
5,2167,1.686
5,2168,1.446
5,2169,1.465
5,2170,1.485
5,2171,1.519
5,2172,1.464
5,2173,2.527
5,2174,1.936
5,2175,2.229
5,2176,1.601
5,2177,1.588
5,2178,1.726
5,2179,1.620
5,2180,1.395
5,2181,1.517
5,2182,1.559
5,2183,2.319
5,2184,2.943
5,2185,2.353
5,2186,2.314
5,2187,2.792
5,2188,2.548
5,2189,2.181
5,2190,3.169
5,2191,2.725
5,2192,2.047
5,2193,1.916
5,2194,1.850
5,2195,1.793
5,2196,1.866
5,2197,2.611
5,2198,2.546
5,2199,2.070
5,2200,1.974
5,2201,1.973
5,2202,1.893
5,2203,1.839
5,2204,1.931
5,2205,2.315
5,2206,2.330
5,2207,3.145
5,2208,1.999
5,2209,2.232
5,2210,2.162
5,2211,2.072
5,2212,2.120
5,2213,1.795
5,2214,1.702
5,2215,2.007
5,2216,1.819
5,2217,1.520
5,2218,1.467
5,2219,1.710
5,2220,2.019
5,2221,2.279
5,2222,1.825
5,2223,1.446
5,2224,1.609
5,2225,2.005
5,2226,1.594
5,2227,1.680
5,2228,1.718
5,2229,3.245
5,2230,4.196
5,2231,2.630
5,2232,2.442
5,2233,2.085
5,2234,2.128
5,2235,2.044
5,2236,1.784
5,2237,1.789
5,2238,1.588
5,2239,1.491
5,2240,1.658
5,2241,2.163
5,2242,1.512
5,2243,1.677
5,2244,2.085
5,2245,1.802
5,2246,1.665
5,2247,1.590
5,2248,1.488
5,2249,1.540
5,2250,1.445
5,2251,1.754
5,2252,1.888
5,2253,2.061
5,2254,1.635
5,2255,1.524
5,2256,1.518
5,2257,1.672
5,2258,1.681
5,2259,1.975
5,2260,1.642
5,2261,2.597
5,2262,1.999
5,2263,1.899
5,2264,2.240
5,2265,2.405
5,2266,3.629
5,2267,2.481
5,2268,2.515
5,2269,3.427
5,2270,2.071
5,2271,2.172
5,2272,1.857
5,2273,1.588
5,2274,2.218
5,2275,2.050
5,2276,2.346
5,2277,1.645
5,2278,1.447
5,2279,1.557
5,2280,1.809
5,2281,1.658
5,2282,2.302
5,2283,2.185
5,2284,2.151
5,2285,2.584
5,2286,2.387
5,2287,2.225
5,2288,2.008
5,2289,2.482
5,2290,2.400
5,2291,3.086
5,2292,2.533
5,2293,1.939
5,2294,1.790
5,2295,2.420
5,2296,2.284
5,2297,1.987
5,2298,2.474
5,2299,2.528
5,2300,2.159
5,2301,1.941
5,2302,2.975
5,2303,2.188
5,2304,2.431
5,2305,2.162
5,2306,2.094
5,2307,2.071
5,2308,2.602
5,2309,2.060
5,2310,1.842
5,2311,1.705
5,2312,2.133
5,2313,1.892
5,2314,1.716
5,2315,1.546
5,2316,1.437
5,2317,2.263
5,2318,1.970
5,2319,1.876
5,2320,1.519
5,2321,1.403
5,2322,1.487
5,2323,1.545
5,2324,1.562
5,2325,1.626
5,2326,1.499
5,2327,2.298
5,2328,2.005
5,2329,1.687
5,2330,2.217
5,2331,1.883
5,2332,1.652
5,2333,1.627
5,2334,1.822
5,2335,2.009
5,2336,2.141
5,2337,1.917
5,2338,1.793
5,2339,1.556
5,2340,1.412
5,2341,1.745
5,2342,1.765
5,2343,1.471
5,2344,1.429
5,2345,2.207
5,2346,2.290
5,2347,1.918
5,2348,1.579
5,2349,1.766
5,2350,1.944
5,2351,1.702
5,2352,1.811
5,2353,2.364
5,2354,2.147
5,2355,2.351
5,2356,1.927
5,2357,2.231
5,2358,1.698
5,2359,1.651
5,2360,2.140
5,2361,2.067
5,2362,1.901
5,2363,1.728
5,2364,2.115
5,2365,1.627
5,2366,1.567
5,2367,1.719
5,2368,1.749
5,2369,1.897
5,2370,2.147
5,2371,1.762
5,2372,1.566
5,2373,1.772
5,2374,1.988
5,2375,1.690
5,2376,1.585
5,2377,1.948
5,2378,2.058
5,2379,16.543
5,2380,2.471
5,2381,2.572
5,2382,2.054
5,2383,1.685
5,2384,1.504
5,2385,1.815
5,2386,1.995
5,2387,1.673
5,2388,1.454
5,2389,2.044
5,2390,1.874
5,2391,2.182
5,2392,2.019
5,2393,2.215
5,2394,2.508
5,2395,2.089
5,2396,2.490
5,2397,2.684
5,2398,2.202
5,2399,2.427
5,2400,2.255
5,2401,3.110
5,2402,2.249
5,2403,2.206
5,2404,2.340
5,2405,1.791
5,2406,1.657
5,2407,1.580
5,2408,2.419
5,2409,2.256
5,2410,1.673
5,2411,1.499
5,2412,1.570
5,2413,1.785
5,2414,1.665
5,2415,1.760
5,2416,2.052
5,2417,2.584
5,2418,2.389
5,2419,2.133
5,2420,2.104
5,2421,1.754
5,2422,2.490
5,2423,2.051
5,2424,1.969
5,2425,2.197
5,2426,1.777
5,2427,1.690
5,2428,1.673
5,2429,1.739
5,2430,2.261
5,2431,2.730
5,2432,2.437
5,2433,2.275
5,2434,2.078
5,2435,1.942
5,2436,2.086
5,2437,1.945
5,2438,1.874
5,2439,2.885
5,2440,2.011
5,2441,1.682
5,2442,2.211
5,2443,2.168
5,2444,1.994
5,2445,1.812
5,2446,3.478
5,2447,2.993
5,2448,2.713
5,2449,2.241
5,2450,2.422
5,2451,2.802
5,2452,2.426
5,2453,2.491
5,2454,2.756
5,2455,2.307
5,2456,2.434
5,2457,2.431
5,2458,2.661
5,2459,3.026
5,2460,2.349
5,2461,2.174
5,2462,2.150
5,2463,1.851
5,2464,1.947
5,2465,2.862
5,2466,2.182
5,2467,1.846
5,2468,2.503
5,2469,2.531
5,2470,1.646
5,2471,1.873
5,2472,2.175
5,2473,1.901
5,2474,1.576
5,2475,1.721
5,2476,1.670
5,2477,1.568
5,2478,1.480
5,2479,2.381
5,2480,1.863
5,2481,1.735
5,2482,1.751
5,2483,1.879
5,2484,1.969
5,2485,1.794
5,2486,1.571
5,2487,1.733
5,2488,1.930
5,2489,1.579
5,2490,1.925
5,2491,2.013
5,2492,1.697
5,2493,1.552
5,2494,1.720
5,2495,1.935
5,2496,2.166
5,2497,1.551
5,2498,2.322
5,2499,2.380
5,2500,2.366
5,2501,2.369
5,2502,2.356
5,2503,2.202
5,2504,2.340
5,2505,2.365
5,2506,3.685
5,2507,2.197
5,2508,1.749
5,2509,1.794
5,2510,1.727
5,2511,1.697
5,2512,1.544
5,2513,1.720
5,2514,3.958
5,2515,2.952
5,2516,2.013
5,2517,2.360
5,2518,2.667
5,2519,2.309
5,2520,2.223
5,2521,1.908
5,2522,1.867
5,2523,2.504
5,2524,1.721
5,2525,1.467
5,2526,1.582
5,2527,1.690
5,2528,2.017
5,2529,1.665
5,2530,1.748
5,2531,1.774
5,2532,1.584
5,2533,2.022
5,2534,2.128
5,2535,1.823
5,2536,1.902
5,2537,2.768
5,2538,2.331
5,2539,1.737
5,2540,1.489
5,2541,1.738
5,2542,2.345
5,2543,1.802
5,2544,2.400
5,2545,1.924
5,2546,1.713
5,2547,1.723
5,2548,2.115
5,2549,1.881
5,2550,1.586
5,2551,2.053
5,2552,2.203
5,2553,1.905
5,2554,1.544
5,2555,1.499
5,2556,1.702
5,2557,1.607
5,2558,1.496
5,2559,1.425
5,2560,1.892
5,2561,2.803
5,2562,1.868
5,2563,1.842
5,2564,1.711
5,2565,1.847
5,2566,1.682
5,2567,1.775
5,2568,1.713
5,2569,2.230
5,2570,3.134
5,2571,2.075
5,2572,1.858
5,2573,2.069
5,2574,2.115
5,2575,2.148
5,2576,2.372
5,2577,2.567
5,2578,2.938
5,2579,2.397
5,2580,2.349
5,2581,2.016
5,2582,2.188
5,2583,2.786
5,2584,2.160
5,2585,2.682
5,2586,2.344
5,2587,2.586
5,2588,2.364
5,2589,3.051
5,2590,2.753
5,2591,2.934
5,2592,2.887
5,2593,2.715
5,2594,3.009
5,2595,2.892
5,2596,2.603
5,2597,2.275
5,2598,2.586
5,2599,2.496
5,2600,2.290
5,2601,2.327
5,2602,2.332
5,2603,2.170
5,2604,2.123
5,2605,2.145
5,2606,2.107
5,2607,3.382
5,2608,2.166
5,2609,2.109
5,2610,2.235
5,2611,2.681
5,2612,2.088
5,2613,2.217
5,2614,3.129
5,2615,2.393
5,2616,2.264
5,2617,2.191
5,2618,2.133
5,2619,2.345
5,2620,2.484
5,2621,2.784
5,2622,2.459
5,2623,2.184
5,2624,2.212
5,2625,2.193
5,2626,2.062
5,2627,2.432
5,2628,2.458
5,2629,2.305
5,2630,2.566
5,2631,2.592
5,2632,2.527
5,2633,2.429
5,2634,2.370
5,2635,2.149
5,2636,3.153
5,2637,2.439
5,2638,2.214
5,2639,2.329
5,2640,2.644
5,2641,2.275
5,2642,2.295
5,2643,2.610
5,2644,2.531
5,2645,2.316
5,2646,1.992
5,2647,2.360
5,2648,2.553
5,2649,2.176
5,2650,2.009
5,2651,2.666
5,2652,2.167
5,2653,2.697
5,2654,3.210
5,2655,2.393
5,2656,2.493
5,2657,2.176
5,2658,2.526
5,2659,2.452
5,2660,2.268
5,2661,2.177
5,2662,1.945
5,2663,1.750
5,2664,1.710
5,2665,1.693
5,2666,2.279
5,2667,2.549
5,2668,2.054
5,2669,2.728
5,2670,2.718
5,2671,2.299
5,2672,2.068
5,2673,2.240
5,2674,2.990
5,2675,3.965
5,2676,2.726
5,2677,2.683
5,2678,3.946
5,2679,2.607
5,2680,2.056
5,2681,2.931
5,2682,2.328
5,2683,2.042
5,2684,1.957
5,2685,2.353
5,2686,2.371
5,2687,1.942
5,2688,1.955
5,2689,2.267
5,2690,1.817
5,2691,1.720
5,2692,1.738
5,2693,1.661
5,2694,2.916
5,2695,2.857
5,2696,1.786
5,2697,2.461
5,2698,1.930
5,2699,1.824
5,2700,1.686
5,2701,1.877
5,2702,2.882
5,2703,2.361
5,2704,2.472
5,2705,3.004
5,2706,2.051
5,2707,1.931
5,2708,2.355
5,2709,2.225
5,2710,2.006
5,2711,2.061
5,2712,2.016
5,2713,2.613
5,2714,1.949
5,2715,2.269
5,2716,2.463
5,2717,2.213
5,2718,2.306
5,2719,1.879
5,2720,2.121
5,2721,2.386
5,2722,2.488
5,2723,2.073
5,2724,1.676
5,2725,1.450
5,2726,1.506
5,2727,1.558
5,2728,1.710
5,2729,1.596
5,2730,1.472
5,2731,2.765
5,2732,2.226
5,2733,1.981
5,2734,1.872
5,2735,2.149
5,2736,2.048
5,2737,2.617
5,2738,2.621
5,2739,2.293
5,2740,1.922
5,2741,1.784
5,2742,1.734
5,2743,2.001
5,2744,1.757
5,2745,1.730
5,2746,1.760
5,2747,1.932
5,2748,2.401
5,2749,1.666
5,2750,1.611
5,2751,1.599
5,2752,1.639
5,2753,1.663
5,2754,1.613
5,2755,1.498
5,2756,1.832
5,2757,2.719
5,2758,3.074
5,2759,2.267
5,2760,2.007
5,2761,1.732
5,2762,1.658
5,2763,1.742
5,2764,1.986
5,2765,1.732
5,2766,2.242
5,2767,2.343
5,2768,1.660
5,2769,1.960
5,2770,1.622
5,2771,1.697
5,2772,1.899
5,2773,2.176
5,2774,1.998
5,2775,1.653
5,2776,1.919
5,2777,1.748
5,2778,1.547
5,2779,1.586
5,2780,1.608
5,2781,1.703
5,2782,1.898
5,2783,1.723
5,2784,1.542
5,2785,1.866
5,2786,2.172
5,2787,1.629
5,2788,1.553
5,2789,1.725
5,2790,1.809
5,2791,1.801
5,2792,1.703
5,2793,1.721
5,2794,1.551
5,2795,1.480
5,2796,1.916
5,2797,2.202
5,2798,1.640
5,2799,1.828
5,2800,2.107
5,2801,2.171
5,2802,1.974
5,2803,1.549
5,2804,1.675
5,2805,2.024
5,2806,1.664
5,2807,1.807
5,2808,1.882
5,2809,1.579
5,2810,1.490
5,2811,1.547
5,2812,1.618
5,2813,1.686
5,2814,1.763
5,2815,1.859
5,2816,1.788
5,2817,2.074
5,2818,1.692
5,2819,1.750
5,2820,1.745
5,2821,1.839
5,2822,1.625
5,2823,1.894
5,2824,2.924
5,2825,3.201
5,2826,2.280
5,2827,2.628
5,2828,2.241
5,2829,2.142
5,2830,2.166
5,2831,2.407
5,2832,2.601
5,2833,2.190
5,2834,1.735
5,2835,1.694
5,2836,2.017
5,2837,2.216
5,2838,2.073
5,2839,2.352
5,2840,2.542
5,2841,1.619
5,2842,1.824
5,2843,1.865
5,2844,1.931
5,2845,2.035
5,2846,3.003
5,2847,3.132
5,2848,2.926
5,2849,2.259
5,2850,4.365
5,2851,3.275
5,2852,3.541
5,2853,2.916
5,2854,2.926
5,2855,2.775
5,2856,2.661
5,2857,2.970
5,2858,2.634
5,2859,2.832
5,2860,4.496
5,2861,4.887
5,2862,5.677
5,2863,3.365
5,2864,4.074
5,2865,3.856
5,2866,2.817
5,2867,2.378
5,2868,1.859
5,2869,1.514
5,2870,1.720
5,2871,2.012
5,2872,2.513
5,2873,2.557
5,2874,2.329
5,2875,2.125
5,2876,2.154
5,2877,2.131
5,2878,1.631
5,2879,2.387
5,2880,2.068
5,2881,1.753
5,2882,2.312
5,2883,2.098
5,2884,1.706
5,2885,1.508
5,2886,1.920
5,2887,3.167
5,2888,2.581
5,2889,2.459
5,2890,1.948
5,2891,1.886
5,2892,1.801
5,2893,2.176
5,2894,2.233
5,2895,2.092
5,2896,2.878
5,2897,2.322
5,2898,2.104
5,2899,1.974
5,2900,1.931
5,2901,1.854
5,2902,1.683
5,2903,1.786
5,2904,1.614
5,2905,2.037
5,2906,2.277
5,2907,1.733
5,2908,1.520
5,2909,3.332
5,2910,2.478
5,2911,2.132
5,2912,2.239
5,2913,2.462
5,2914,1.931
5,2915,2.022
5,2916,1.977
5,2917,1.976
5,2918,1.810
5,2919,2.207
5,2920,2.211
5,2921,1.900
5,2922,2.813
5,2923,2.487
5,2924,2.097
5,2925,2.012
5,2926,1.877
5,2927,1.720
5,2928,1.877
5,2929,2.189
5,2930,3.037
5,2931,2.857
5,2932,2.823
5,2933,2.297
5,2934,1.707
5,2935,1.699
5,2936,1.534
5,2937,1.459
5,2938,2.386
5,2939,1.766
5,2940,1.490
5,2941,1.452
5,2942,1.573
5,2943,1.639
5,2944,1.665
5,2945,1.718
5,2946,1.478
5,2947,1.815
5,2948,1.944
5,2949,1.546
5,2950,1.560
5,2951,1.849
5,2952,1.533
5,2953,1.447
5,2954,1.538
5,2955,1.692
5,2956,2.107
5,2957,2.304
5,2958,2.098
5,2959,1.904
5,2960,1.839
5,2961,1.795
5,2962,1.813
5,2963,1.687
5,2964,1.971
5,2965,2.604
5,2966,2.393
5,2967,2.557
5,2968,2.015
5,2969,1.882
5,2970,1.664
5,2971,1.717
5,2972,2.318
5,2973,1.771
5,2974,1.596
5,2975,1.571
5,2976,2.170
5,2977,1.841
5,2978,1.558
5,2979,1.501
5,2980,1.538
5,2981,2.601
5,2982,3.347
5,2983,2.507
5,2984,2.748
5,2985,2.284
5,2986,2.035
5,2987,1.704
5,2988,2.104
5,2989,1.913
5,2990,1.711
5,2991,1.831
5,2992,1.555
5,2993,1.883
5,2994,1.667
5,2995,1.606
5,2996,1.543
5,2997,2.049
5,2998,2.253
5,2999,1.980
5,3000,1.858
5,3001,2.039
5,3002,2.451
5,3003,1.851
5,3004,1.863
5,3005,2.528
5,3006,2.320
5,3007,2.454
5,3008,2.118
5,3009,2.206
5,3010,2.618
5,3011,2.209
5,3012,2.236
5,3013,2.170
5,3014,2.040
5,3015,1.945
5,3016,2.063
5,3017,1.963
5,3018,2.245
5,3019,3.087
5,3020,2.633
5,3021,2.113
5,3022,2.168
5,3023,1.966
5,3024,1.758
5,3025,1.623
5,3026,2.467
5,3027,1.880
5,3028,1.845
5,3029,1.853
5,3030,2.209
5,3031,1.625
5,3032,1.599
5,3033,1.726
5,3034,1.795
5,3035,2.692
5,3036,2.046
5,3037,1.882
5,3038,1.665
5,3039,1.535
5,3040,1.728
5,3041,1.762
5,3042,1.565
5,3043,1.631
5,3044,1.609
5,3045,2.048
5,3046,2.339
5,3047,1.651
5,3048,1.535
5,3049,1.610
5,3050,1.563
5,3051,1.533
5,3052,1.686
5,3053,2.175
5,3054,1.791
5,3055,1.899
5,3056,1.607
5,3057,1.739
5,3058,1.957
5,3059,1.524
5,3060,1.587
5,3061,2.209
5,3062,2.127
5,3063,1.902
5,3064,1.812
5,3065,1.945
5,3066,1.597
5,3067,1.486
5,3068,1.702
5,3069,1.743
5,3070,1.831
5,3071,1.775
5,3072,2.321
5,3073,2.620
5,3074,2.560
5,3075,2.051
5,3076,1.933
5,3077,2.159
5,3078,2.206
5,3079,1.930
5,3080,1.818
5,3081,2.046
5,3082,3.024
5,3083,2.480
5,3084,2.631
5,3085,2.711
5,3086,2.984
5,3087,2.888
5,3088,2.465
5,3089,1.851
5,3090,2.143
5,3091,2.599
5,3092,2.014
5,3093,2.118
5,3094,1.992
5,3095,2.302
5,3096,2.567
5,3097,1.954
5,3098,2.322
5,3099,2.788
5,3100,2.341
5,3101,2.030
5,3102,2.269
5,3103,2.159
5,3104,3.205
5,3105,2.726
5,3106,2.768
5,3107,2.584
5,3108,2.631
5,3109,2.736
5,3110,2.887
5,3111,3.113
5,3112,2.459
5,3113,2.846
5,3114,2.674
5,3115,2.651
5,3116,2.573
5,3117,2.541
5,3118,3.036
5,3119,2.418
5,3120,2.584
5,3121,2.778
5,3122,3.477
5,3123,3.770
5,3124,4.049
5,3125,3.717
5,3126,3.065
5,3127,2.449
5,3128,2.834
5,3129,2.527
5,3130,2.887
5,3131,3.348
5,3132,2.743
5,3133,2.683
5,3134,2.489
5,3135,2.406
5,3136,2.373
5,3137,3.128
5,3138,2.689
5,3139,2.864
5,3140,2.472
5,3141,2.565
5,3142,2.934
5,3143,2.975
5,3144,2.557
5,3145,2.451
5,3146,2.600
5,3147,2.532
5,3148,2.424
5,3149,3.166
5,3150,3.591
5,3151,2.571
5,3152,2.868
5,3153,3.089
5,3154,2.658
5,3155,2.918
5,3156,3.416
5,3157,3.040
5,3158,2.950
5,3159,5.061
5,3160,2.995
5,3161,2.323
5,3162,2.096
5,3163,2.159
5,3164,2.454
5,3165,2.114
5,3166,2.142
5,3167,2.524
5,3168,2.204
5,3169,2.432
5,3170,2.082
5,3171,2.439
5,3172,2.352
5,3173,2.032
5,3174,2.132
5,3175,2.079
5,3176,2.266
5,3177,2.923
5,3178,2.861
5,3179,2.596
5,3180,2.231
5,3181,2.457
5,3182,2.084
5,3183,1.906
5,3184,3.156
5,3185,2.640
5,3186,2.191
5,3187,2.812
5,3188,2.505
5,3189,2.269
5,3190,2.488
5,3191,2.543
5,3192,2.479
5,3193,2.251
5,3194,1.906
5,3195,2.337
5,3196,2.392
5,3197,3.221
5,3198,3.213
5,3199,2.352
5,3200,2.228
5,3201,2.467
5,3202,2.135
5,3203,2.467
5,3204,3.231
5,3205,2.715
5,3206,2.409
5,3207,2.358
5,3208,2.397
5,3209,2.349
5,3210,4.480
5,3211,3.107
5,3212,2.190
5,3213,2.400
5,3214,2.706
5,3215,2.498
5,3216,2.895
5,3217,2.289
5,3218,3.624
5,3219,2.844
5,3220,2.545
5,3221,2.511
5,3222,2.361
5,3223,2.362
5,3224,2.424
5,3225,2.799
5,3226,2.856
5,3227,3.375
5,3228,2.402
5,3229,2.530
5,3230,3.116
5,3231,3.382
5,3232,2.607
5,3233,2.265
5,3234,2.950
5,3235,2.268
5,3236,2.508
5,3237,3.049
5,3238,2.854
5,3239,2.469
5,3240,2.261
5,3241,1.968
5,3242,2.270
5,3243,2.315
5,3244,2.311
5,3245,3.605
5,3246,3.051
5,3247,2.449
5,3248,2.618
5,3249,2.362
5,3250,2.888
5,3251,2.988
5,3252,2.713
5,3253,3.541
5,3254,2.634
5,3255,2.976
5,3256,2.761
5,3257,2.806
5,3258,2.817
5,3259,3.427
5,3260,2.695
5,3261,2.240
5,3262,2.167
5,3263,2.579
5,3264,2.187
5,3265,1.897
5,3266,2.625
5,3267,2.553
5,3268,2.697
5,3269,2.161
5,3270,1.794
5,3271,1.861
5,3272,2.072
5,3273,2.248
5,3274,2.291
5,3275,2.318
5,3276,2.087
5,3277,1.919
5,3278,1.979
5,3279,1.881
5,3280,1.710
5,3281,1.649
5,3282,2.085
5,3283,2.493
5,3284,1.854
5,3285,1.933
5,3286,2.375
5,3287,2.023
5,3288,1.955
5,3289,1.854
5,3290,2.499
5,3291,3.084
5,3292,2.182
5,3293,1.584
5,3294,1.487
5,3295,1.744
5,3296,1.867
5,3297,2.271
5,3298,1.968
5,3299,1.952
5,3300,2.197
5,3301,1.867
5,3302,2.174
5,3303,2.021
5,3304,2.017
5,3305,2.302
5,3306,2.143
5,3307,1.878
5,3308,1.497
5,3309,1.958
5,3310,1.689
5,3311,2.009
5,3312,2.216
5,3313,3.147
5,3314,2.734
5,3315,2.602
5,3316,2.013
5,3317,2.008
5,3318,1.646
5,3319,1.982
5,3320,2.145
5,3321,2.506
5,3322,2.027
5,3323,1.873
5,3324,1.784
5,3325,1.826
5,3326,2.551
5,3327,1.731
5,3328,2.042
5,3329,2.270
5,3330,1.889
5,3331,1.779
5,3332,1.658
5,3333,1.752
5,3334,1.578
5,3335,1.855
5,3336,1.774
5,3337,2.148
5,3338,1.881
5,3339,1.690
5,3340,1.896
5,3341,1.798
5,3342,1.803
5,3343,1.569
5,3344,1.743
5,3345,2.287
5,3346,1.955
5,3347,2.448
5,3348,1.983
5,3349,1.693
5,3350,1.668
5,3351,1.911
5,3352,1.938
5,3353,1.690
5,3354,3.519
5,3355,2.170
5,3356,1.632
5,3357,1.838
5,3358,1.835
5,3359,1.572
5,3360,1.531
5,3361,1.577
5,3362,2.370
5,3363,2.242
5,3364,1.561
5,3365,1.684
5,3366,1.768
5,3367,1.646
5,3368,1.829
5,3369,1.777
5,3370,1.995
5,3371,1.766
5,3372,1.721
5,3373,2.415
5,3374,2.166
5,3375,1.703
5,3376,1.985
5,3377,2.030
5,3378,2.169
5,3379,2.036
5,3380,2.066
5,3381,1.779
5,3382,2.399
5,3383,1.987
5,3384,1.772
5,3385,1.515
5,3386,1.728
5,3387,2.019
5,3388,2.000
5,3389,1.826
5,3390,1.843
5,3391,2.203
5,3392,1.967
5,3393,1.655
5,3394,2.075
5,3395,2.119
5,3396,1.681
5,3397,2.239
5,3398,2.080
5,3399,2.272
5,3400,1.970
5,3401,1.969
5,3402,2.365
5,3403,2.313
5,3404,2.336
5,3405,2.156
5,3406,2.029
5,3407,2.152
5,3408,2.618
5,3409,2.885
5,3410,3.927
5,3411,3.769
5,3412,3.592
5,3413,3.503
5,3414,3.099
5,3415,3.027
5,3416,3.246
5,3417,3.132
5,3418,4.334
5,3419,5.564
5,3420,3.159
5,3421,2.933
5,3422,2.432
5,3423,1.905
5,3424,1.594
5,3425,2.095
5,3426,1.557
5,3427,1.473
5,3428,1.789
5,3429,1.796
5,3430,1.674
5,3431,1.648
5,3432,1.696
5,3433,1.767
5,3434,1.787
5,3435,2.238
5,3436,1.612
5,3437,1.698
5,3438,1.588
5,3439,2.024
5,3440,2.523
5,3441,1.748
5,3442,1.528
5,3443,1.586
5,3444,1.903
5,3445,2.307
5,3446,1.954
5,3447,1.689
5,3448,1.936
5,3449,1.815
5,3450,1.867
5,3451,1.761
5,3452,1.624
5,3453,1.539
5,3454,1.482
5,3455,1.969
5,3456,1.885
5,3457,2.149
5,3458,2.313
5,3459,2.217
5,3460,2.262
5,3461,2.032
5,3462,1.752
5,3463,1.558
5,3464,2.249
5,3465,2.701
5,3466,2.245
5,3467,1.633
5,3468,1.554
5,3469,1.748
5,3470,1.888
5,3471,1.761
5,3472,1.690
5,3473,2.585
5,3474,1.990
5,3475,1.822
5,3476,1.863
5,3477,1.599
5,3478,1.500
5,3479,1.449
5,3480,1.551
5,3481,1.757
5,3482,1.988
5,3483,2.050
5,3484,1.697
5,3485,1.671
5,3486,1.593
5,3487,1.694
5,3488,2.037
5,3489,2.005
5,3490,2.185
5,3491,2.167
5,3492,2.619
5,3493,1.661
5,3494,1.484
5,3495,1.697
5,3496,1.912
5,3497,2.041
5,3498,2.157
5,3499,2.997
5,3500,2.143
5,3501,3.828
5,3502,2.427
5,3503,1.503
5,3504,1.497
5,3505,2.027
5,3506,1.848
5,3507,1.787
5,3508,1.647
5,3509,1.648
5,3510,1.955
5,3511,1.682
5,3512,1.931
5,3513,1.927
5,3514,2.112
5,3515,2.317
5,3516,2.349
5,3517,2.592
5,3518,2.250
5,3519,1.898
5,3520,2.196
5,3521,2.060
5,3522,1.999
5,3523,1.707
5,3524,1.623
5,3525,1.590
5,3526,1.704
5,3527,2.162
5,3528,2.245
5,3529,2.257
5,3530,1.867
5,3531,1.667
5,3532,1.780
5,3533,1.718
5,3534,1.599
5,3535,1.492
5,3536,1.795
5,3537,2.575
5,3538,2.040
5,3539,1.528
5,3540,1.494
5,3541,1.818
5,3542,1.624
5,3543,2.098
5,3544,1.813
5,3545,3.340
5,3546,2.462
5,3547,2.438
5,3548,2.221
5,3549,2.099
5,3550,2.225
5,3551,1.842
5,3552,2.384
5,3553,2.545
5,3554,2.079
5,3555,1.868
5,3556,2.148
5,3557,2.170
5,3558,1.903
5,3559,2.024
5,3560,2.239
5,3561,2.854
5,3562,1.899
5,3563,1.878
5,3564,1.935
5,3565,1.997
5,3566,2.672
5,3567,2.280
5,3568,2.204
5,3569,3.143
5,3570,2.155
5,3571,1.885
5,3572,1.979
5,3573,2.530
5,3574,2.198
5,3575,1.810
5,3576,1.835
5,3577,1.954
5,3578,1.563
5,3579,1.554
5,3580,2.120
5,3581,2.014
5,3582,1.756
5,3583,1.795
5,3584,1.903
5,3585,1.857
5,3586,1.678
5,3587,2.181
5,3588,1.804
5,3589,1.656
5,3590,2.133
5,3591,2.382
5,3592,1.858
5,3593,1.722
5,3594,1.938
5,3595,1.938
5,3596,2.094
5,3597,1.645
5,3598,2.140
5,3599,1.806
5,3600,1.514
5,3601,1.747
5,3602,1.814
5,3603,1.592
5,3604,1.763
5,3605,1.832
5,3606,3.517
5,3607,2.475
5,3608,2.168
5,3609,2.521
5,3610,2.532
5,3611,2.775
5,3612,3.166
5,3613,2.863
5,3614,2.769
5,3615,1.963
5,3616,2.084
5,3617,2.018
5,3618,2.378
5,3619,2.357
5,3620,2.037
5,3621,2.640
5,3622,1.892
5,3623,2.080
5,3624,1.619
5,3625,1.521
5,3626,1.883
5,3627,2.645
5,3628,2.129
5,3629,1.607
5,3630,2.224
5,3631,1.842
5,3632,1.663
5,3633,1.915
5,3634,1.958
5,3635,1.744
5,3636,1.580
5,3637,1.809
5,3638,1.886
5,3639,2.012
5,3640,1.861
5,3641,1.927
5,3642,2.108
5,3643,2.130
5,3644,1.956
5,3645,1.838
5,3646,1.694
5,3647,1.561
5,3648,1.644
5,3649,2.028
5,3650,1.828
5,3651,1.729
5,3652,2.082
5,3653,1.843
5,3654,1.724
5,3655,1.788
5,3656,1.696
5,3657,1.535
5,3658,1.474
5,3659,1.770
5,3660,2.041
5,3661,1.979
5,3662,1.621
5,3663,1.504
5,3664,1.691
5,3665,1.572
5,3666,2.090
5,3667,1.825
5,3668,1.704
5,3669,2.929
5,3670,2.079
5,3671,2.007
5,3672,1.748
5,3673,1.592
5,3674,1.508
5,3675,1.727
5,3676,1.651
5,3677,1.881
5,3678,2.179
5,3679,1.858
5,3680,1.664
5,3681,1.543
5,3682,1.680
5,3683,1.733
5,3684,1.490
5,3685,1.451
5,3686,1.429
5,3687,2.315
5,3688,2.700
5,3689,1.613
5,3690,1.812
5,3691,2.179
5,3692,1.767
5,3693,2.074
5,3694,1.847
5,3695,1.923
5,3696,2.197
5,3697,2.877
5,3698,2.277
5,3699,2.088
5,3700,2.177
5,3701,2.162
5,3702,2.251
5,3703,2.629
5,3704,2.098
5,3705,2.267
5,3706,2.108
5,3707,2.211
5,3708,1.872
5,3709,1.790
5,3710,3.204
5,3711,2.928
5,3712,2.723
5,3713,2.694
5,3714,1.934
5,3715,2.503
5,3716,2.509
5,3717,2.517
5,3718,2.316
5,3719,2.161
5,3720,1.896
5,3721,2.365
5,3722,1.998
5,3723,3.668
5,3724,3.617
5,3725,3.652
5,3726,3.240
5,3727,3.732
5,3728,3.749
5,3729,3.847
5,3730,2.646
5,3731,2.555
5,3732,3.951
5,3733,4.084
5,3734,2.089
5,3735,1.742
5,3736,2.198
5,3737,1.730
5,3738,1.664
5,3739,1.882
5,3740,1.822
5,3741,2.990
5,3742,2.175
5,3743,2.246
5,3744,2.282
5,3745,2.434
5,3746,2.315
5,3747,2.212
5,3748,1.928
5,3749,2.285
5,3750,2.030
5,3751,1.700
5,3752,1.789
5,3753,1.944
5,3754,2.641
5,3755,2.953
5,3756,2.313
5,3757,2.484
5,3758,2.193
5,3759,2.199
5,3760,2.343
5,3761,2.168
5,3762,2.247
5,3763,2.218
5,3764,2.283
5,3765,2.653
5,3766,2.148
5,3767,2.462
5,3768,2.771
5,3769,2.327
5,3770,2.208
5,3771,2.365
5,3772,2.357
5,3773,2.020
5,3774,2.390
5,3775,2.376
5,3776,2.733
5,3777,2.322
5,3778,2.356
5,3779,2.292
5,3780,2.907
5,3781,2.574
5,3782,2.589
5,3783,2.500
5,3784,2.374
5,3785,2.024
5,3786,2.146
5,3787,3.000
5,3788,2.369
5,3789,2.265
5,3790,2.391
5,3791,2.214
5,3792,1.972
5,3793,1.888
5,3794,2.287
5,3795,2.703
5,3796,2.234
5,3797,2.694
5,3798,2.120
5,3799,2.141
5,3800,2.570
5,3801,2.396
5,3802,2.474
5,3803,2.217
5,3804,2.077
5,3805,2.178
5,3806,2.269
5,3807,2.223
5,3808,3.072
5,3809,2.584
5,3810,2.665
5,3811,1.958
5,3812,2.198
5,3813,2.331
5,3814,2.297
5,3815,2.154
5,3816,2.393
5,3817,2.731
5,3818,3.228
5,3819,2.320
5,3820,2.295
5,3821,3.119
5,3822,2.054
5,3823,2.114
5,3824,2.162
5,3825,2.438
5,3826,2.300
5,3827,2.283
5,3828,3.373
5,3829,2.521
5,3830,2.522
5,3831,2.328
5,3832,2.767
5,3833,2.349
5,3834,2.733
5,3835,2.284
5,3836,2.242
5,3837,2.415
5,3838,2.859
5,3839,2.679
5,3840,2.600
5,3841,2.271
5,3842,2.087
5,3843,2.212
5,3844,2.022
5,3845,1.966
5,3846,2.363
5,3847,2.721
5,3848,2.218
5,3849,2.213
5,3850,2.120
5,3851,2.081
5,3852,1.881
5,3853,1.761
5,3854,1.731
5,3855,2.525
5,3856,2.346
5,3857,1.798
5,3858,1.710
5,3859,2.384
5,3860,2.076
5,3861,2.354
5,3862,2.126
5,3863,2.657
5,3864,2.075
5,3865,2.082
5,3866,1.900
5,3867,1.654
5,3868,1.536
5,3869,1.688
5,3870,2.077
5,3871,1.984
5,3872,2.378
5,3873,2.282
5,3874,1.892
5,3875,1.907
5,3876,1.735
5,3877,1.548
5,3878,1.672
5,3879,2.063
5,3880,1.684
5,3881,2.626
5,3882,1.600
5,3883,1.407
5,3884,1.642
5,3885,1.596
5,3886,1.604
5,3887,2.206
5,3888,2.046
5,3889,1.838
5,3890,1.769
5,3891,2.030
5,3892,1.794
5,3893,1.457
5,3894,1.481
5,3895,1.524
5,3896,1.524
5,3897,1.996
5,3898,2.425
5,3899,1.813
5,3900,1.627
5,3901,1.883
5,3902,1.588
5,3903,1.917
5,3904,1.834
5,3905,1.660
5,3906,2.556
5,3907,1.971
5,3908,1.931
5,3909,1.750
5,3910,1.830
5,3911,1.594
5,3912,1.725
5,3913,1.691
5,3914,2.575
5,3915,1.926
5,3916,1.684
5,3917,1.769
5,3918,1.734
5,3919,1.935
5,3920,2.493
5,3921,1.716
5,3922,1.778
5,3923,1.792
5,3924,1.833
5,3925,1.763
5,3926,1.520
5,3927,1.504
5,3928,1.584
5,3929,1.950
5,3930,2.647
5,3931,2.305
5,3932,1.781
5,3933,1.590
5,3934,1.518
5,3935,1.699
5,3936,1.709
5,3937,1.555
5,3938,1.574
5,3939,1.720
5,3940,2.505
5,3941,2.465
5,3942,1.663
5,3943,1.661
5,3944,1.685
5,3945,1.690
5,3946,1.649
5,3947,1.600
5,3948,1.768
5,3949,2.210
5,3950,1.756
5,3951,1.658
5,3952,1.813
5,3953,1.658
5,3954,1.554
5,3955,1.626
5,3956,1.639
5,3957,1.920
5,3958,2.066
5,3959,1.958
5,3960,1.541
5,3961,1.550
5,3962,1.500
5,3963,1.644
5,3964,1.845
5,3965,1.654
5,3966,1.855
5,3967,1.889
5,3968,1.843
5,3969,2.310
5,3970,2.022
5,3971,1.683
5,3972,1.774
5,3973,1.799
5,3974,2.036
5,3975,1.887
5,3976,1.697
5,3977,1.744
5,3978,1.993
5,3979,1.868
5,3980,1.815
5,3981,1.514
5,3982,1.755
5,3983,1.953
5,3984,1.714
5,3985,1.803
5,3986,1.766
5,3987,1.462
5,3988,2.218
5,3989,1.483
5,3990,1.515
5,3991,1.623
5,3992,3.005
5,3993,2.333
5,3994,2.465
5,3995,2.469
5,3996,2.711
5,3997,2.034
5,3998,2.350
5,3999,2.336
5,4000,1.970
5,4001,1.722
5,4002,1.775
5,4003,1.730
5,4004,1.681
5,4005,2.648
5,4006,2.311
5,4007,2.346
5,4008,1.987
5,4009,1.906
5,4010,2.156
5,4011,2.112
5,4012,1.914
5,4013,2.408
5,4014,2.356
5,4015,1.802
5,4016,1.484
5,4017,1.417
5,4018,1.790
5,4019,1.745
5,4020,1.731
5,4021,1.995
5,4022,3.507
5,4023,2.184
5,4024,2.454
5,4025,2.253
5,4026,2.123
5,4027,2.018
5,4028,1.789
5,4029,2.384
5,4030,2.360
5,4031,1.946
5,4032,1.621
5,4033,1.441
5,4034,1.825
5,4035,1.867
5,4036,1.562
5,4037,1.625
5,4038,1.631
5,4039,1.846
5,4040,2.321
5,4041,1.535
5,4042,1.506
5,4043,1.817
5,4044,1.715
5,4045,1.653
5,4046,2.377
5,4047,2.130
5,4048,1.802
5,4049,2.032
5,4050,2.078
5,4051,1.758
5,4052,1.512
5,4053,1.528
5,4054,1.912
5,4055,2.837
5,4056,2.451
5,4057,2.347
5,4058,2.523
5,4059,1.786
5,4060,2.097
5,4061,1.837
5,4062,1.978
5,4063,2.033
5,4064,1.907
5,4065,1.889
5,4066,1.549
5,4067,1.954
5,4068,1.708
5,4069,1.617
5,4070,1.807
5,4071,2.668
5,4072,1.799
5,4073,1.515
5,4074,1.867
5,4075,1.946
5,4076,2.289
5,4077,1.591
5,4078,1.923
5,4079,2.173
5,4080,1.579
5,4081,1.602
5,4082,1.749
5,4083,1.633
5,4084,1.516
5,4085,1.434
5,4086,1.997
5,4087,2.158
5,4088,1.755
5,4089,1.430
5,4090,1.572
5,4091,1.667
5,4092,1.459
5,4093,1.573
5,4094,1.658
5,4095,1.680
5,4096,1.878
5,4097,2.027
5,4098,2.132
5,4099,2.366
5,4100,1.546
5,4101,1.445
5,4102,1.800
5,4103,1.893
5,4104,1.790
5,4105,1.937
5,4106,3.047
5,4107,1.909
5,4108,1.442
5,4109,1.786
5,4110,1.720
5,4111,1.524
5,4112,1.541
5,4113,1.708
5,4114,2.006
5,4115,2.187
5,4116,1.565
5,4117,1.653
5,4118,1.604
5,4119,1.509
5,4120,1.480
5,4121,1.915
5,4122,1.748
5,4123,1.614
5,4124,1.837
5,4125,2.234
5,4126,1.959
5,4127,1.973
5,4128,1.524
5,4129,1.865
5,4130,1.871
5,4131,1.831
5,4132,2.107
5,4133,2.232
5,4134,2.506
5,4135,1.914
5,4136,1.938
5,4137,1.862
5,4138,1.532
5,4139,1.490
5,4140,2.388
5,4141,1.821
5,4142,1.781
5,4143,2.217
5,4144,1.736
5,4145,1.663
5,4146,1.802
5,4147,2.051
5,4148,2.124
5,4149,2.028
5,4150,2.155
5,4151,2.132
5,4152,2.843
5,4153,2.365
5,4154,2.095
5,4155,2.231
5,4156,2.345
5,4157,2.237
5,4158,1.923
5,4159,1.831
5,4160,4.523
5,4161,2.360
5,4162,2.791
5,4163,2.929
5,4164,2.968
5,4165,2.391
5,4166,1.978
5,4167,1.963
5,4168,2.444
5,4169,1.900
5,4170,1.517
5,4171,1.898
5,4172,1.728
5,4173,1.712
5,4174,2.448
5,4175,2.460
5,4176,2.426
5,4177,1.968
5,4178,2.064
5,4179,1.630
5,4180,1.515
5,4181,1.594
5,4182,1.842
5,4183,2.125
5,4184,2.737
5,4185,2.328
5,4186,2.204
5,4187,2.429
5,4188,2.609
5,4189,1.690
5,4190,1.412
5,4191,2.731
5,4192,2.361
5,4193,1.498
5,4194,1.454
5,4195,1.582
5,4196,1.789
5,4197,1.579
5,4198,1.738
5,4199,2.499
5,4200,2.107
5,4201,1.829
5,4202,2.324
5,4203,1.995
5,4204,1.581
5,4205,1.528
5,4206,1.724
5,4207,1.875
5,4208,1.811
5,4209,1.850
5,4210,1.817
5,4211,1.554
5,4212,1.860
5,4213,1.685
5,4214,1.877
5,4215,1.802
5,4216,1.676
5,4217,2.152
5,4218,1.913
5,4219,1.504
5,4220,1.669
5,4221,1.724
5,4222,2.027
5,4223,1.571
5,4224,1.499
5,4225,1.953
5,4226,2.359
5,4227,1.557
5,4228,1.479
5,4229,1.753
5,4230,1.996
5,4231,1.869
5,4232,1.960
5,4233,1.917
5,4234,2.310
5,4235,1.605
5,4236,1.686
5,4237,1.835
5,4238,1.522
5,4239,1.381
5,4240,1.502
5,4241,1.773
5,4242,2.147
5,4243,1.961
5,4244,1.670
5,4245,1.766
5,4246,1.524
5,4247,1.392
5,4248,1.600
5,4249,1.796
5,4250,1.534
5,4251,1.451
5,4252,2.172
5,4253,2.537
5,4254,2.552
5,4255,2.305
5,4256,2.565
5,4257,1.870
5,4258,1.747
5,4259,2.310
5,4260,2.729
5,4261,1.743
5,4262,1.775
5,4263,1.914
5,4264,1.533
5,4265,1.411
5,4266,1.607
5,4267,1.629
5,4268,2.703
5,4269,2.295
5,4270,1.638
5,4271,1.472
5,4272,1.404
5,4273,1.477
5,4274,1.643
5,4275,1.577
5,4276,1.457
5,4277,2.608
5,4278,2.450
5,4279,2.713
5,4280,2.348
5,4281,2.019
5,4282,1.754
5,4283,1.651
5,4284,2.177
5,4285,2.342
5,4286,1.916
5,4287,1.922
5,4288,1.646
5,4289,1.660
5,4290,1.626
5,4291,1.410
5,4292,1.497
5,4293,1.590
5,4294,2.053
5,4295,1.866
5,4296,1.898
5,4297,2.106
5,4298,1.912
5,4299,1.827
5,4300,1.768
5,4301,2.632
5,4302,2.473
5,4303,2.239
5,4304,1.994
5,4305,2.439
5,4306,2.292
5,4307,1.916
5,4308,2.784
5,4309,2.457
5,4310,1.777
5,4311,1.707
5,4312,1.910
5,4313,2.297
5,4314,1.899
5,4315,1.914
5,4316,2.147
5,4317,2.057
5,4318,1.874
5,4319,2.280
5,4320,2.012
5,4321,1.583
5,4322,2.104
5,4323,2.036
5,4324,1.900
5,4325,1.613
5,4326,1.540
5,4327,1.562
5,4328,1.601
5,4329,1.704
5,4330,1.718
5,4331,1.990
5,4332,2.372
5,4333,2.102
5,4334,2.060
5,4335,1.886
5,4336,1.603
5,4337,1.444
5,4338,1.684
5,4339,1.507
5,4340,1.453
5,4341,1.533
5,4342,2.705
5,4343,2.081
5,4344,1.953
5,4345,2.096
5,4346,2.225
5,4347,1.690
5,4348,1.389
5,4349,1.486
5,4350,1.925
5,4351,2.275
5,4352,1.807
5,4353,1.669
5,4354,1.510
5,4355,1.445
5,4356,1.562
5,4357,1.573
5,4358,1.720
5,4359,1.967
5,4360,1.843
5,4361,2.289
5,4362,1.770
5,4363,1.563
5,4364,1.441
5,4365,1.520
5,4366,1.512
5,4367,1.433
5,4368,1.398
5,4369,1.729
5,4370,1.989
5,4371,1.519
5,4372,1.656
5,4373,1.410
5,4374,1.595
5,4375,1.502
5,4376,1.823
5,4377,1.562
5,4378,1.700
5,4379,2.009
5,4380,1.643
5,4381,1.588
5,4382,1.765
5,4383,1.835
5,4384,1.688
5,4385,1.574
5,4386,1.568
5,4387,1.563
5,4388,1.894
5,4389,2.080
5,4390,1.775
5,4391,1.804
5,4392,1.697
5,4393,2.088
5,4394,1.864
5,4395,1.533
5,4396,1.592
5,4397,2.645
5,4398,2.088
5,4399,1.889
5,4400,1.752
5,4401,1.975
5,4402,2.154
5,4403,2.365
5,4404,2.394
5,4405,1.981
5,4406,1.872
5,4407,1.685
5,4408,1.965
5,4409,1.889
5,4410,1.722
5,4411,2.762
5,4412,2.582
5,4413,2.440
5,4414,2.021
5,4415,2.089
5,4416,1.897
5,4417,2.215
5,4418,2.173
5,4419,2.416
5,4420,2.086
5,4421,2.008
5,4422,2.144
5,4423,1.861
5,4424,1.886
5,4425,1.996
5,4426,2.399
5,4427,3.400
5,4428,2.451
5,4429,2.330
5,4430,2.349
5,4431,2.088
5,4432,1.708
5,4433,2.218
5,4434,2.321
5,4435,2.338
5,4436,2.548
5,4437,2.146
5,4438,1.951
5,4439,2.325
5,4440,2.566
5,4441,1.963
5,4442,2.118
5,4443,2.672
5,4444,1.846
5,4445,1.968
5,4446,2.157
5,4447,1.897
5,4448,2.469
5,4449,2.708
5,4450,1.988
5,4451,2.807
5,4452,2.261
5,4453,2.118
5,4454,2.039
5,4455,2.569
5,4456,2.517
5,4457,2.508
5,4458,3.418
5,4459,3.194
5,4460,3.393
5,4461,2.302
5,4462,2.519
5,4463,2.301
5,4464,2.588
5,4465,2.498
5,4466,2.171
5,4467,2.377
5,4468,2.704
5,4469,2.522
5,4470,2.188
5,4471,2.817
5,4472,2.341
5,4473,2.381
5,4474,2.761
5,4475,2.594
5,4476,2.402
5,4477,2.598
5,4478,2.358
5,4479,2.344
5,4480,2.677
5,4481,2.226
5,4482,2.267
5,4483,2.116
5,4484,2.124
5,4485,2.468
5,4486,2.766
5,4487,2.223
5,4488,2.205
5,4489,2.205
5,4490,2.029
5,4491,2.061
5,4492,2.249
5,4493,2.208
5,4494,2.766
5,4495,1.965
5,4496,1.744
5,4497,1.864
5,4498,2.284
5,4499,2.508
5,4500,2.146
5,4501,2.389
5,4502,2.511
5,4503,2.208
5,4504,2.107
5,4505,1.969
5,4506,1.761
5,4507,1.807
5,4508,2.355
5,4509,1.898
5,4510,1.742
5,4511,2.426
5,4512,1.932
5,4513,1.935
5,4514,1.974
5,4515,1.804
5,4516,2.305
5,4517,1.970
5,4518,2.102
5,4519,1.732
5,4520,1.810
5,4521,1.648
5,4522,1.644
5,4523,1.625
5,4524,2.193
5,4525,1.990
5,4526,2.338
5,4527,2.806
5,4528,2.399
5,4529,2.169
5,4530,1.579
5,4531,1.683
5,4532,2.329
5,4533,2.059
5,4534,1.506
5,4535,1.541
5,4536,1.545
5,4537,1.528
5,4538,1.516
5,4539,2.105
5,4540,1.659
5,4541,2.593
5,4542,1.957
5,4543,1.748
5,4544,1.761
5,4545,1.519
5,4546,1.495
5,4547,1.675
5,4548,1.707
5,4549,2.255
5,4550,2.629
5,4551,2.127
5,4552,2.121
5,4553,2.320
5,4554,2.269
5,4555,2.127
5,4556,2.248
5,4557,3.359
5,4558,1.941
5,4559,1.620
5,4560,1.591
5,4561,1.641
5,4562,1.593
5,4563,1.584
5,4564,1.937
5,4565,2.623
5,4566,2.218
5,4567,1.780
5,4568,1.707
5,4569,1.797
5,4570,1.524
5,4571,1.494
5,4572,1.540
5,4573,1.439
5,4574,2.531
5,4575,2.642
5,4576,2.344
5,4577,2.130
5,4578,2.406
5,4579,2.273
5,4580,1.886
5,4581,2.630
5,4582,2.169
5,4583,1.493
5,4584,2.507
5,4585,1.563
5,4586,1.452
5,4587,1.453
5,4588,1.561
5,4589,2.258
5,4590,1.891
5,4591,1.476
5,4592,1.530
5,4593,1.540
5,4594,2.538
5,4595,1.813
5,4596,1.684
5,4597,1.628
5,4598,2.032
5,4599,1.806
5,4600,1.885
5,4601,2.046
5,4602,1.964
5,4603,2.693
5,4604,1.850
5,4605,2.312
5,4606,2.256
5,4607,2.127
5,4608,1.909
5,4609,1.793
5,4610,2.081
5,4611,2.236
5,4612,1.792
5,4613,3.323
5,4614,2.540
5,4615,2.339
5,4616,2.302
5,4617,1.888
5,4618,1.577
5,4619,3.006
5,4620,2.392
5,4621,2.109
5,4622,2.219
5,4623,2.124
5,4624,2.256
5,4625,1.840
5,4626,2.156
5,4627,2.504
5,4628,2.119
5,4629,1.704
5,4630,1.535
5,4631,1.504
5,4632,1.611
5,4633,1.600
5,4634,1.618
5,4635,1.845
5,4636,2.657
5,4637,2.305
5,4638,1.808
5,4639,1.993
5,4640,1.834
5,4641,1.653
5,4642,1.680
5,4643,1.977
5,4644,2.183
5,4645,1.707
5,4646,2.222
5,4647,1.736
5,4648,1.677
5,4649,1.742
5,4650,2.030
5,4651,2.007
5,4652,2.061
5,4653,2.135
5,4654,2.170
5,4655,2.272
5,4656,2.126
5,4657,2.295
5,4658,2.109
5,4659,3.007
5,4660,2.766
5,4661,2.441
5,4662,2.622
5,4663,2.444
5,4664,2.081
5,4665,2.241
5,4666,2.307
5,4667,2.031
5,4668,1.677
5,4669,1.744
5,4670,2.237
5,4671,1.843
5,4672,1.745
5,4673,2.379
5,4674,2.042
5,4675,2.048
5,4676,2.294
5,4677,2.165
5,4678,2.193
5,4679,1.862
5,4680,2.346
5,4681,2.265
5,4682,2.403
5,4683,2.258
5,4684,2.205
5,4685,2.301
5,4686,2.600
5,4687,2.542
5,4688,2.115
5,4689,2.037
5,4690,2.305
5,4691,2.339
5,4692,2.692
5,4693,3.327
5,4694,3.441
5,4695,2.355
5,4696,2.190
5,4697,2.273
5,4698,2.069
5,4699,2.165
5,4700,2.289
5,4701,2.726
5,4702,2.288
5,4703,2.108
5,4704,2.261
5,4705,2.050
5,4706,2.477
5,4707,2.202
5,4708,1.718
5,4709,2.206
5,4710,1.768
5,4711,1.710
5,4712,1.884
5,4713,1.760
5,4714,1.579
5,4715,1.941
5,4716,2.248
5,4717,2.402
5,4718,2.875
5,4719,2.203
5,4720,2.205
5,4721,2.091
5,4722,2.205
5,4723,1.917
5,4724,1.546
5,4725,1.406
5,4726,1.379
5,4727,2.173
5,4728,1.550
5,4729,1.412
5,4730,1.401
5,4731,1.864
5,4732,1.896
5,4733,1.768
5,4734,1.477
5,4735,1.631
5,4736,1.486
5,4737,1.383
5,4738,1.609
5,4739,1.656
5,4740,1.556
5,4741,1.838
5,4742,1.846
5,4743,1.881
5,4744,1.788
5,4745,1.686
5,4746,1.790
5,4747,1.641
5,4748,2.062
5,4749,2.042
5,4750,2.209
5,4751,1.970
5,4752,1.971
5,4753,2.064
5,4754,2.155
5,4755,2.378
5,4756,2.300
5,4757,2.304
5,4758,2.500
5,4759,2.336
5,4760,2.222
5,4761,1.957
5,4762,1.932
5,4763,1.962
5,4764,3.055
5,4765,1.682
5,4766,1.449
5,4767,1.656
5,4768,1.640
5,4769,1.640
5,4770,2.017
5,4771,1.731
5,4772,1.694
5,4773,2.963
5,4774,2.815
5,4775,1.854
5,4776,1.632
5,4777,1.507
5,4778,1.668
5,4779,1.621
5,4780,1.589
5,4781,2.010
5,4782,1.937
5,4783,2.016
5,4784,2.733
5,4785,2.442
5,4786,2.508
5,4787,2.851
5,4788,2.735
5,4789,1.962
5,4790,1.822
5,4791,2.633
5,4792,2.092
5,4793,2.251
5,4794,2.283
5,4795,2.690
5,4796,2.424
5,4797,2.270
5,4798,2.132
5,4799,2.617
5,4800,2.200
5,4801,1.754
5,4802,2.310
5,4803,2.348
5,4804,1.926
5,4805,1.834
5,4806,2.197
5,4807,2.313
5,4808,1.541
5,4809,1.657
5,4810,1.801
5,4811,1.568
5,4812,1.756
5,4813,1.505
5,4814,1.523
5,4815,1.490
5,4816,1.713
5,4817,2.010
5,4818,1.967
5,4819,2.283
5,4820,1.646
5,4821,1.739
5,4822,1.827
5,4823,1.770
5,4824,1.613
5,4825,1.498
5,4826,1.657
5,4827,2.168
5,4828,2.338
5,4829,2.192
5,4830,2.005
5,4831,1.983
5,4832,2.223
5,4833,2.212
5,4834,2.227
5,4835,2.741
5,4836,2.300
5,4837,1.873
5,4838,2.010
5,4839,2.089
5,4840,1.934
5,4841,1.854
5,4842,2.627
5,4843,3.072
5,4844,1.909
5,4845,2.146
5,4846,2.098
5,4847,1.879
5,4848,1.879
5,4849,2.376
5,4850,2.224
5,4851,2.479
5,4852,2.257
5,4853,1.794
5,4854,1.636
5,4855,1.898
5,4856,2.046
5,4857,2.244
5,4858,2.065
5,4859,1.947
5,4860,1.929
5,4861,1.573
5,4862,2.029
5,4863,3.625
5,4864,3.666
5,4865,2.801
5,4866,3.185
5,4867,3.248
5,4868,2.331
5,4869,2.492
5,4870,3.579
5,4871,3.066
5,4872,2.630
5,4873,2.489
5,4874,2.556
5,4875,3.037
5,4876,3.775
5,4877,2.831
5,4878,3.044
5,4879,3.246
5,4880,3.024
5,4881,3.300
5,4882,2.326
5,4883,2.721
5,4884,1.986
5,4885,1.681
5,4886,2.139
5,4887,2.767
5,4888,1.786
5,4889,1.544
5,4890,1.724
5,4891,1.755
5,4892,1.704
5,4893,1.427
5,4894,1.484
5,4895,1.638
5,4896,2.763
5,4897,1.844
5,4898,2.037
5,4899,1.696
5,4900,1.498
5,4901,1.634
5,4902,1.679
5,4903,1.826
5,4904,2.360
5,4905,3.035
5,4906,2.013
5,4907,1.710
5,4908,2.097
5,4909,1.755
5,4910,1.584
5,4911,1.533
5,4912,2.400
5,4913,2.234
5,4914,2.302
5,4915,1.703
5,4916,2.422
5,4917,1.794
5,4918,1.663
5,4919,1.670
5,4920,1.901
5,4921,1.705
5,4922,1.533
5,4923,2.248
5,4924,1.923
5,4925,1.481
5,4926,1.395
5,4927,1.676
5,4928,1.668
5,4929,1.892
5,4930,1.705
5,4931,1.693
5,4932,1.631
5,4933,1.874
5,4934,1.655
5,4935,1.959
5,4936,2.054
5,4937,1.552
5,4938,1.840
5,4939,2.520
5,4940,2.026
5,4941,1.519
5,4942,1.946
5,4943,2.298
5,4944,1.648
5,4945,1.608
5,4946,1.963
5,4947,1.805
5,4948,1.592
5,4949,1.513
5,4950,1.637
5,4951,2.018
5,4952,2.019
5,4953,1.466
5,4954,1.638
5,4955,1.612
5,4956,2.060
5,4957,2.132
5,4958,1.875
5,4959,1.601
5,4960,1.709
5,4961,1.638
5,4962,2.212
5,4963,2.091
5,4964,1.532
5,4965,2.066
5,4966,2.110
5,4967,1.942
5,4968,1.627
5,4969,1.791
5,4970,1.827
5,4971,1.903
5,4972,1.564
5,4973,1.820
5,4974,2.434
5,4975,1.712
5,4976,1.630
5,4977,1.721
5,4978,1.878
5,4979,1.719
5,4980,1.489
5,4981,2.050
5,4982,1.681
5,4983,1.943
5,4984,2.256
5,4985,2.017
5,4986,1.754
5,4987,1.770
5,4988,2.139
5,4989,2.162
5,4990,2.726
5,4991,2.424
5,4992,2.187
5,4993,2.087
5,4994,2.106
5,4995,1.909
5,4996,1.773
5,4997,2.295
5,4998,3.016
5,4999,1.794
5,5000,1.661
5,5001,2.090
5,5002,1.879
5,5003,2.065
5,5004,2.045
5,5005,2.400
5,5006,2.187
5,5007,2.003
5,5008,1.886
5,5009,1.511
5,5010,1.434
5,5011,1.573
5,5012,1.886
5,5013,2.159
5,5014,2.582
5,5015,2.624
5,5016,2.097
5,5017,2.144
5,5018,2.218
5,5019,1.938
5,5020,2.056
5,5021,2.367
5,5022,2.048
5,5023,2.357
5,5024,1.879
5,5025,2.078
5,5026,1.945
5,5027,2.465
5,5028,2.356
5,5029,1.737
5,5030,1.814
5,5031,2.035
5,5032,2.626
5,5033,2.099
5,5034,2.185
5,5035,2.445
5,5036,2.277
5,5037,2.658
5,5038,2.164
5,5039,2.028
5,5040,2.983
5,5041,2.233
5,5042,2.101
5,5043,2.362
5,5044,2.125
5,5045,2.146
5,5046,2.142
5,5047,1.982
5,5048,2.667
5,5049,2.586
5,5050,2.284
5,5051,1.993
5,5052,2.135
5,5053,2.239
5,5054,2.205
5,5055,2.648
5,5056,2.748
5,5057,2.086
5,5058,2.106
5,5059,2.490
5,5060,2.133
5,5061,2.455
5,5062,2.597
5,5063,2.051
5,5064,2.622
5,5065,2.176
5,5066,2.227
5,5067,2.196
5,5068,2.308
5,5069,2.269
5,5070,2.328
5,5071,2.444
5,5072,2.430
5,5073,2.346
5,5074,2.303
5,5075,2.228
5,5076,2.214
5,5077,1.970
5,5078,2.067
5,5079,2.195
5,5080,3.051
5,5081,2.291
5,5082,2.523
5,5083,2.340
5,5084,2.149
5,5085,2.176
5,5086,2.100
5,5087,1.990
5,5088,2.923
5,5089,2.367
5,5090,2.050
5,5091,2.218
5,5092,2.292
5,5093,2.175
5,5094,2.036
5,5095,2.664
5,5096,3.323
5,5097,2.377
5,5098,2.230
5,5099,2.689
5,5100,2.569
5,5101,2.833
5,5102,2.388
5,5103,2.784
5,5104,2.358
5,5105,2.226
5,5106,2.232
5,5107,2.290
5,5108,2.398
5,5109,2.230
5,5110,1.928
5,5111,2.191
5,5112,1.828
5,5113,1.681
5,5114,1.926
5,5115,2.543
5,5116,2.049
5,5117,1.798
5,5118,1.801
5,5119,2.010
5,5120,2.155
5,5121,1.717
5,5122,1.881
5,5123,2.432
5,5124,2.819
5,5125,2.381
5,5126,2.212
5,5127,2.168
5,5128,2.598
5,5129,1.964
5,5130,2.077
5,5131,2.385
5,5132,2.503
5,5133,2.008
5,5134,2.083
5,5135,2.026
5,5136,2.348
5,5137,2.494
5,5138,2.109
5,5139,1.824
5,5140,1.775
5,5141,1.986
5,5142,2.067
5,5143,1.682
5,5144,1.683
5,5145,3.227
5,5146,2.629
5,5147,2.633
5,5148,2.200
5,5149,2.017
5,5150,1.912
5,5151,1.779
5,5152,2.374
5,5153,2.493
5,5154,2.106
5,5155,1.818
5,5156,1.595
5,5157,1.568
5,5158,1.454
5,5159,1.519
5,5160,1.585
5,5161,2.379
5,5162,2.049
5,5163,2.023
5,5164,1.499
5,5165,1.578
5,5166,1.539
5,5167,1.627
5,5168,1.534
5,5169,1.451
5,5170,1.639
5,5171,1.905
5,5172,1.822
5,5173,1.938
5,5174,2.440
5,5175,1.589
5,5176,1.608
5,5177,1.773
5,5178,1.810
5,5179,2.260
5,5180,2.131
5,5181,1.819
5,5182,1.717
5,5183,1.983
5,5184,1.837
5,5185,1.528
5,5186,1.398
5,5187,1.378
5,5188,1.542
5,5189,1.697
5,5190,1.698
5,5191,1.646
5,5192,1.434
5,5193,1.576
5,5194,1.887
5,5195,1.521
5,5196,1.665
5,5197,1.644
5,5198,1.937
5,5199,1.512
5,5200,1.581
5,5201,1.634
5,5202,1.826
5,5203,1.971
5,5204,1.878
5,5205,1.823
5,5206,2.091
5,5207,2.306
5,5208,1.846
5,5209,1.727
5,5210,1.474
5,5211,1.390
5,5212,1.388
5,5213,1.508
5,5214,1.971
5,5215,2.053
5,5216,1.967
5,5217,1.830
5,5218,1.730
5,5219,2.102
5,5220,1.924
5,5221,1.799
5,5222,1.532
5,5223,1.716
5,5224,1.943
5,5225,2.031
5,5226,1.800
5,5227,1.596
5,5228,1.651
5,5229,1.740
5,5230,1.725
5,5231,1.844
5,5232,1.718
5,5233,2.706
5,5234,2.408
5,5235,2.206
5,5236,2.078
5,5237,2.057
5,5238,2.096
5,5239,2.007
5,5240,2.161
5,5241,2.473
5,5242,2.230
5,5243,2.091
5,5244,2.057
5,5245,1.913
5,5246,1.686
5,5247,1.512
5,5248,1.814
5,5249,2.333
5,5250,2.448
5,5251,1.453
5,5252,1.549
5,5253,2.411
5,5254,1.839
5,5255,2.077
5,5256,2.156
5,5257,2.101
5,5258,1.791
5,5259,2.218
5,5260,1.930
5,5261,1.628
5,5262,1.458
5,5263,1.590
5,5264,2.314
5,5265,2.553
5,5266,2.145
5,5267,1.905
5,5268,2.227
5,5269,2.233
5,5270,1.960
5,5271,1.642
5,5272,2.139
5,5273,2.874
5,5274,2.354
5,5275,1.751
5,5276,2.354
5,5277,1.826
5,5278,1.662
5,5279,1.842
5,5280,2.906
5,5281,2.256
5,5282,2.141
5,5283,2.262
5,5284,2.708
5,5285,1.831
5,5286,2.217
5,5287,2.024
5,5288,2.112
5,5289,2.108
5,5290,1.980
5,5291,2.019
5,5292,2.330
5,5293,2.064
5,5294,2.374
5,5295,2.437
5,5296,2.549
5,5297,2.170
5,5298,1.983
5,5299,2.069
5,5300,2.665
5,5301,2.362
5,5302,2.498
5,5303,1.783
5,5304,1.774
5,5305,1.891
5,5306,1.833
5,5307,1.552
5,5308,1.369
5,5309,2.484
5,5310,1.704
5,5311,1.474
5,5312,1.508
5,5313,1.922
5,5314,1.599
5,5315,1.445
5,5316,1.417
5,5317,1.744
5,5318,2.212
5,5319,2.286
5,5320,1.714
5,5321,1.748
5,5322,1.686
5,5323,1.665
5,5324,1.666
5,5325,1.664
5,5326,1.550
5,5327,1.422
5,5328,2.319
5,5329,2.501
5,5330,1.969
5,5331,1.574
5,5332,1.673
5,5333,1.759
5,5334,1.751
5,5335,1.661
5,5336,2.281
5,5337,2.125
5,5338,2.406
5,5339,1.842
5,5340,1.724
5,5341,1.474
5,5342,1.424
5,5343,1.463
5,5344,1.520
5,5345,2.038
5,5346,1.896
5,5347,1.550
5,5348,1.886
5,5349,1.539
5,5350,1.504
5,5351,1.573
5,5352,1.843
5,5353,1.509
5,5354,1.565
5,5355,1.646
5,5356,1.748
5,5357,1.667
5,5358,2.086
5,5359,1.821
5,5360,1.720
5,5361,1.894
5,5362,1.857
5,5363,2.079
5,5364,1.806
5,5365,1.653
5,5366,1.515
5,5367,1.482
5,5368,1.530
5,5369,1.959
5,5370,1.664
5,5371,1.484
5,5372,1.856
5,5373,1.979
5,5374,1.828
5,5375,1.800
5,5376,1.692
5,5377,1.497
5,5378,1.455
5,5379,1.735
5,5380,1.491
5,5381,1.596
5,5382,2.271
5,5383,1.717
5,5384,1.795
5,5385,1.618
5,5386,1.640
5,5387,1.926
5,5388,1.715
5,5389,2.046
5,5390,1.982
5,5391,2.577
5,5392,2.227
5,5393,2.034
5,5394,2.054
5,5395,2.161
5,5396,2.325
5,5397,2.747
5,5398,2.330
5,5399,1.957
5,5400,1.834
5,5401,1.883
5,5402,1.504
5,5403,1.417
5,5404,1.438
5,5405,1.754
5,5406,2.294
5,5407,1.754
5,5408,1.478
5,5409,1.524
5,5410,1.544
5,5411,1.539
5,5412,1.644
5,5413,2.139
5,5414,2.107
5,5415,2.108
5,5416,2.261
5,5417,1.986
5,5418,1.700
5,5419,1.552
5,5420,1.546
5,5421,1.576
5,5422,1.550
5,5423,2.070
5,5424,1.701
5,5425,1.585
5,5426,1.794
5,5427,1.421
5,5428,1.362
5,5429,1.755
5,5430,1.729
5,5431,1.486
5,5432,1.679
5,5433,1.659
5,5434,1.697
5,5435,1.723
5,5436,1.631
5,5437,1.773
5,5438,1.535
5,5439,1.481
5,5440,1.528
5,5441,1.906
5,5442,2.689
5,5443,2.117
5,5444,2.315
5,5445,2.224
5,5446,2.687
5,5447,2.310
5,5448,2.425
5,5449,2.378
5,5450,2.287
5,5451,1.918
5,5452,1.709
5,5453,1.728
5,5454,2.523
5,5455,2.122
5,5456,2.631
5,5457,2.245
5,5458,1.859
5,5459,1.845
5,5460,1.994
5,5461,1.822
5,5462,2.213
5,5463,2.161
5,5464,2.246
5,5465,2.267
5,5466,1.858
5,5467,2.076
5,5468,2.057
5,5469,1.968
5,5470,2.588
5,5471,2.227
5,5472,1.758
5,5473,1.487
5,5474,1.664
5,5475,1.673
5,5476,1.495
5,5477,1.496
5,5478,1.621
5,5479,1.886
5,5480,2.419
5,5481,1.913
5,5482,1.708
5,5483,1.505
5,5484,1.475
5,5485,1.494
5,5486,1.816
5,5487,1.642
5,5488,1.403
5,5489,1.963
5,5490,2.252
5,5491,1.900
5,5492,1.999
5,5493,1.468
5,5494,1.584
5,5495,1.688
5,5496,1.698
5,5497,1.767
5,5498,1.949
5,5499,1.860
5,5500,1.850
5,5501,1.610
5,5502,1.611
5,5503,1.775
5,5504,1.607
5,5505,1.412
5,5506,1.516
5,5507,1.986
5,5508,1.822
5,5509,1.785
5,5510,2.151
5,5511,1.887
5,5512,1.450
5,5513,1.530
5,5514,2.027
5,5515,1.900
5,5516,2.356
5,5517,2.019
5,5518,2.147
5,5519,2.652
5,5520,2.701
5,5521,2.505
5,5522,2.608
5,5523,2.545
5,5524,2.488
5,5525,2.830
5,5526,2.708
5,5527,2.253
5,5528,2.783
5,5529,2.496
5,5530,2.288
5,5531,2.772
5,5532,2.123
5,5533,2.357
5,5534,2.759
5,5535,3.174
5,5536,2.180
5,5537,2.047
5,5538,2.047
5,5539,3.620
5,5540,3.537
5,5541,2.399
5,5542,2.438
5,5543,2.047
5,5544,2.040
5,5545,2.297
5,5546,2.008
5,5547,2.902
5,5548,2.221
5,5549,2.028
5,5550,1.943
5,5551,2.352
5,5552,2.287
5,5553,2.030
5,5554,2.780
5,5555,2.944
5,5556,2.395
5,5557,2.279
5,5558,2.690
5,5559,2.723
5,5560,3.424
5,5561,3.294
5,5562,3.258
5,5563,2.401
5,5564,2.544
5,5565,3.073
5,5566,3.194
5,5567,3.025
5,5568,3.065
5,5569,2.922
5,5570,2.729
5,5571,3.240
5,5572,2.708
5,5573,2.568
5,5574,2.426
5,5575,1.839
5,5576,2.047
5,5577,2.727
5,5578,3.207
5,5579,2.705
5,5580,2.437
5,5581,2.571
5,5582,2.152
5,5583,2.315
5,5584,2.416
5,5585,2.836
5,5586,2.724
5,5587,2.865
5,5588,2.711
5,5589,2.584
5,5590,2.369
5,5591,2.188
5,5592,2.169
5,5593,2.431
5,5594,2.075
5,5595,1.951
5,5596,3.616
5,5597,2.967
5,5598,2.172
5,5599,2.421
5,5600,2.350
5,5601,2.362
5,5602,2.470
5,5603,2.803
5,5604,2.305
5,5605,2.445
5,5606,2.498
5,5607,2.334
5,5608,1.731
5,5609,2.438
5,5610,2.242
5,5611,2.218
5,5612,1.790
5,5613,1.703
5,5614,2.041
5,5615,1.867
5,5616,1.461
5,5617,1.738
5,5618,2.030
5,5619,1.977
5,5620,2.434
5,5621,1.884
5,5622,1.723
5,5623,1.651
5,5624,1.599
5,5625,1.875
5,5626,2.653
5,5627,1.908
5,5628,1.798
5,5629,1.936
5,5630,1.728
5,5631,1.529
5,5632,1.482
5,5633,1.495
5,5634,1.438
5,5635,1.638
5,5636,1.965
5,5637,1.952
5,5638,1.548
5,5639,1.731
5,5640,1.497
5,5641,1.560
5,5642,1.700
5,5643,1.538
5,5644,1.646
5,5645,2.121
5,5646,1.971
5,5647,1.772
5,5648,2.251
5,5649,2.248
5,5650,1.986
5,5651,2.057
5,5652,2.441
5,5653,2.068
5,5654,1.848
5,5655,2.006
5,5656,1.943
5,5657,1.831
5,5658,2.625
5,5659,3.076
5,5660,3.271
5,5661,3.110
5,5662,2.459
5,5663,2.369
5,5664,2.523
5,5665,2.137
5,5666,2.327
5,5667,2.309
5,5668,2.363
5,5669,3.031
5,5670,2.361
5,5671,2.777
5,5672,2.777
5,5673,2.189
5,5674,1.976
5,5675,2.235
5,5676,2.174
5,5677,2.775
5,5678,2.855
5,5679,2.386
5,5680,1.986
5,5681,2.376
5,5682,1.986
5,5683,1.829
5,5684,2.842
5,5685,2.186
5,5686,2.755
5,5687,2.257
5,5688,1.887
5,5689,2.183
5,5690,2.782
5,5691,1.947
5,5692,2.043
5,5693,2.639
5,5694,2.794
5,5695,2.235
5,5696,2.519
5,5697,2.256
5,5698,2.370
5,5699,2.507
5,5700,3.008
5,5701,3.104
5,5702,2.629
5,5703,2.324
5,5704,2.369
5,5705,2.345
5,5706,2.765
5,5707,2.309
5,5708,2.563
5,5709,2.260
5,5710,2.755
5,5711,2.050
5,5712,2.704
5,5713,2.359
5,5714,2.216
5,5715,2.710
5,5716,2.244
5,5717,2.152
5,5718,2.492
5,5719,2.520
5,5720,2.353
5,5721,2.516
5,5722,2.814
5,5723,2.436
5,5724,2.414
5,5725,2.242
5,5726,2.750
5,5727,2.376
5,5728,2.116
5,5729,3.629
5,5730,3.639
5,5731,2.757
5,5732,2.562
5,5733,2.585
5,5734,2.482
5,5735,3.100
5,5736,2.716
5,5737,2.414
5,5738,2.314
5,5739,2.233
5,5740,2.127
5,5741,1.998
5,5742,3.014
5,5743,2.531
5,5744,2.745
5,5745,2.380
5,5746,1.838
5,5747,1.568
5,5748,1.623
5,5749,1.957
5,5750,2.636
5,5751,2.907
5,5752,2.194
5,5753,2.090
5,5754,2.114
5,5755,2.484
5,5756,1.832
5,5757,1.851
5,5758,2.567
5,5759,2.015
5,5760,1.998
5,5761,1.937
5,5762,1.870
5,5763,1.705
5,5764,1.695
5,5765,2.368
5,5766,2.131
5,5767,1.903
5,5768,1.854
5,5769,2.020
5,5770,2.025
5,5771,1.724
5,5772,1.758
5,5773,1.856
5,5774,1.926
5,5775,1.902
5,5776,2.686
5,5777,1.676
5,5778,1.658
5,5779,1.992
5,5780,1.989
5,5781,1.772
5,5782,2.165
5,5783,1.999
5,5784,1.660
5,5785,1.941
5,5786,1.793
5,5787,1.739
5,5788,1.528
5,5789,1.505
5,5790,1.739
5,5791,2.039
5,5792,1.870
5,5793,1.500
5,5794,1.497
5,5795,2.002
5,5796,1.580
5,5797,1.629
5,5798,1.664
5,5799,1.939
5,5800,1.785
5,5801,1.911
5,5802,1.825
5,5803,2.375
5,5804,1.972
5,5805,1.718
5,5806,2.028
5,5807,2.075
5,5808,1.941
5,5809,1.716
5,5810,1.893
5,5811,1.689
5,5812,1.571
5,5813,1.729
5,5814,2.217
5,5815,1.563
5,5816,2.132
5,5817,2.159
5,5818,1.930
5,5819,1.755
5,5820,1.507
5,5821,1.692
5,5822,1.586
5,5823,1.511
5,5824,1.940
5,5825,2.314
5,5826,1.746
5,5827,1.478
5,5828,1.721
5,5829,1.994
5,5830,1.958
5,5831,1.502
5,5832,1.476
5,5833,1.875
5,5834,2.595
5,5835,1.985
5,5836,1.920
5,5837,1.813
5,5838,1.551
5,5839,1.468
5,5840,1.612
5,5841,1.800
5,5842,1.549
5,5843,1.923
5,5844,2.553
5,5845,1.775
5,5846,1.884
5,5847,1.755
5,5848,1.740
5,5849,1.510
5,5850,1.473
5,5851,1.685
5,5852,2.051
5,5853,1.801
5,5854,1.912
5,5855,1.602
5,5856,1.850
5,5857,1.704
5,5858,2.017
5,5859,1.776
5,5860,2.492
5,5861,1.978
5,5862,1.924
5,5863,2.422
5,5864,1.785
5,5865,1.541
5,5866,1.546
5,5867,1.671
5,5868,2.024
5,5869,1.895
5,5870,1.735
5,5871,1.808
5,5872,1.655
5,5873,1.902
5,5874,2.056
5,5875,1.754
5,5876,1.729
5,5877,2.020
5,5878,2.305
5,5879,2.033
5,5880,1.735
5,5881,1.834
5,5882,2.462
5,5883,2.034
5,5884,2.954
5,5885,2.187
5,5886,2.030
5,5887,2.002
5,5888,2.322
5,5889,1.844
5,5890,2.141
5,5891,2.679
5,5892,2.642
5,5893,2.623
5,5894,2.347
5,5895,2.107
5,5896,2.045
5,5897,2.158
5,5898,2.248
5,5899,2.203
5,5900,2.016
5,5901,1.852
5,5902,1.584
5,5903,1.449
5,5904,1.561
5,5905,1.403
5,5906,1.728
5,5907,1.921
5,5908,2.618
5,5909,1.631
5,5910,1.547
5,5911,1.916
5,5912,1.736
5,5913,1.517
5,5914,1.404
5,5915,1.798
5,5916,2.135
5,5917,1.669
5,5918,1.933
5,5919,1.781
5,5920,1.556
5,5921,1.406
5,5922,1.362
5,5923,1.450
5,5924,1.571
5,5925,2.264
5,5926,2.204
5,5927,2.255
5,5928,2.584
5,5929,2.103
5,5930,1.888
5,5931,1.534
5,5932,1.700
5,5933,1.810
5,5934,1.638
5,5935,2.177
5,5936,1.746
5,5937,1.883
5,5938,1.840
5,5939,1.831
5,5940,1.801
5,5941,2.166
5,5942,2.047
5,5943,1.680
5,5944,1.471
5,5945,1.361
5,5946,1.702
5,5947,1.973
5,5948,1.490
5,5949,1.436
5,5950,1.837
5,5951,2.048
5,5952,2.214
5,5953,2.165
5,5954,2.071
5,5955,2.033
5,5956,2.684
5,5957,1.995
5,5958,2.048
5,5959,1.761
5,5960,1.872
5,5961,1.790
5,5962,2.000
5,5963,1.495
5,5964,1.666
5,5965,2.380
5,5966,3.078
5,5967,2.722
5,5968,2.166
5,5969,1.767
5,5970,1.666
5,5971,1.731
5,5972,1.572
5,5973,1.787
5,5974,2.406
5,5975,1.879
5,5976,1.712
5,5977,1.677
5,5978,1.675
5,5979,1.564
5,5980,1.466
5,5981,1.510
5,5982,1.658
5,5983,3.256
5,5984,2.142
5,5985,2.196
5,5986,2.122
5,5987,2.417
5,5988,1.804
5,5989,1.774
5,5990,2.172
5,5991,2.844
5,5992,2.095
5,5993,1.768
5,5994,1.608
5,5995,1.672
5,5996,1.583
5,5997,1.496
5,5998,1.392
5,5999,1.713
5,6000,1.756
5,6001,1.923
5,6002,1.598
5,6003,1.938
5,6004,1.792
5,6005,1.549
5,6006,1.435
5,6007,1.437
5,6008,1.808
5,6009,2.397
5,6010,1.975
5,6011,2.524
5,6012,2.291
5,6013,2.240
5,6014,2.523
5,6015,1.883
5,6016,1.834
5,6017,1.788
5,6018,1.867
5,6019,2.165
5,6020,1.619
5,6021,1.641
5,6022,1.633
5,6023,1.717
5,6024,1.888
5,6025,1.718
5,6026,1.617
5,6027,1.521
5,6028,1.527
5,6029,1.842
5,6030,2.107
5,6031,1.894
5,6032,2.111
5,6033,2.109
5,6034,1.738
5,6035,2.070
5,6036,2.027
5,6037,1.854
5,6038,2.022
5,6039,1.702
5,6040,1.803
5,6041,2.592
5,6042,2.355
5,6043,2.111
5,6044,2.278
5,6045,2.064
5,6046,2.481
5,6047,2.216
5,6048,2.375
5,6049,2.541
5,6050,2.007
5,6051,1.750
5,6052,1.844
5,6053,2.014
5,6054,2.919
5,6055,1.976
5,6056,2.155
5,6057,2.048
5,6058,1.978
5,6059,2.045
5,6060,2.070
5,6061,1.875
5,6062,2.695
5,6063,2.896
5,6064,1.745
5,6065,1.592
5,6066,2.007
5,6067,1.938
5,6068,1.907
5,6069,1.595
5,6070,1.846
5,6071,2.208
5,6072,1.769
5,6073,1.797
5,6074,1.949
5,6075,1.642
5,6076,1.642
5,6077,1.934
5,6078,1.854
5,6079,1.746
5,6080,1.853
5,6081,2.171
5,6082,1.749
5,6083,1.503
5,6084,1.623
5,6085,1.996
5,6086,1.770
5,6087,1.547
5,6088,1.789
5,6089,2.662
5,6090,2.669
5,6091,1.554
5,6092,1.810
5,6093,1.887
5,6094,1.868
5,6095,1.998
5,6096,2.965
5,6097,1.916
5,6098,1.510
5,6099,2.215
5,6100,1.808
5,6101,1.464
5,6102,1.460
5,6103,1.880
5,6104,2.008
5,6105,2.139
5,6106,2.016
5,6107,2.034
5,6108,2.292
5,6109,1.525
5,6110,1.835
5,6111,1.797
5,6112,1.915
5,6113,1.933
5,6114,2.217
5,6115,1.887
5,6116,2.018
5,6117,2.489
5,6118,2.250
5,6119,3.206
5,6120,2.495
5,6121,1.765
5,6122,1.472
5,6123,1.688
5,6124,1.818
5,6125,2.146
5,6126,1.524
5,6127,1.900
5,6128,2.162
5,6129,1.847
5,6130,2.254
5,6131,2.008
5,6132,1.612
5,6133,1.611
5,6134,1.970
5,6135,1.844
5,6136,1.941
5,6137,1.601
5,6138,1.721
5,6139,1.774
5,6140,1.618
5,6141,2.070
5,6142,1.952
5,6143,1.704
5,6144,2.123
5,6145,2.738
5,6146,2.109
5,6147,1.536
5,6148,1.535
5,6149,1.684
5,6150,1.555
5,6151,1.498
5,6152,1.701
5,6153,1.637
5,6154,2.321
5,6155,1.762
5,6156,1.575
5,6157,2.392
5,6158,1.972
5,6159,1.463
5,6160,1.391
5,6161,1.486
5,6162,1.568
5,6163,2.015
5,6164,2.256
5,6165,2.058
5,6166,2.122
5,6167,2.183
5,6168,2.769
5,6169,2.215
5,6170,1.969
5,6171,2.149
5,6172,2.414
5,6173,1.675
5,6174,1.559
5,6175,1.608
5,6176,1.447
5,6177,1.433
5,6178,1.882
5,6179,2.570
5,6180,2.282
5,6181,1.900
5,6182,1.715
5,6183,1.960
5,6184,1.722
5,6185,1.464
5,6186,1.592
5,6187,2.034
5,6188,1.731
5,6189,1.742
5,6190,1.649
5,6191,1.731
5,6192,1.519
5,6193,1.625
5,6194,1.744
5,6195,2.120
5,6196,1.899
5,6197,2.285
5,6198,2.394
5,6199,2.105
5,6200,3.729
5,6201,2.574
5,6202,2.128
5,6203,2.587
5,6204,2.010
5,6205,1.705
5,6206,1.928
5,6207,2.111
5,6208,2.693
5,6209,1.984
5,6210,3.055
5,6211,2.558
5,6212,2.489
5,6213,2.250
5,6214,2.334
5,6215,3.074
5,6216,3.202
5,6217,2.135
5,6218,2.015
5,6219,1.862
5,6220,1.840
5,6221,1.864
5,6222,1.712
5,6223,2.231
5,6224,1.898
5,6225,1.889
5,6226,1.671
5,6227,1.443
5,6228,1.455
5,6229,1.571
5,6230,1.586
5,6231,1.641
5,6232,1.971
5,6233,2.220
5,6234,1.609
5,6235,1.432
5,6236,1.456
5,6237,1.640
5,6238,1.702
5,6239,1.451
5,6240,1.386
5,6241,1.475
5,6242,2.449
5,6243,2.098
5,6244,1.933
5,6245,1.634
5,6246,1.538
5,6247,1.648
5,6248,1.704
5,6249,1.995
5,6250,2.134
5,6251,2.777
5,6252,12.322
5,6253,3.122
5,6254,1.971
5,6255,1.920
5,6256,1.869
5,6257,2.253
5,6258,2.170
5,6259,1.676
5,6260,1.871
5,6261,2.365
5,6262,2.297
5,6263,2.677
5,6264,2.557
5,6265,2.252
5,6266,2.638
5,6267,2.652
5,6268,2.304
5,6269,2.210
5,6270,1.843
5,6271,1.754
5,6272,2.052
5,6273,1.625
5,6274,1.460
5,6275,1.781
5,6276,1.894
5,6277,2.055
5,6278,1.726
5,6279,1.515
5,6280,1.540
5,6281,1.664
5,6282,2.011
5,6283,1.788
5,6284,1.986
5,6285,2.598
5,6286,2.460
5,6287,2.663
5,6288,2.036
5,6289,1.820
5,6290,2.384
5,6291,2.410
5,6292,2.518
5,6293,2.438
5,6294,2.326
5,6295,2.159
5,6296,2.299
5,6297,2.322
5,6298,2.574
5,6299,2.256
5,6300,2.378
5,6301,1.914
5,6302,1.996
5,6303,1.872
5,6304,2.209
5,6305,2.328
5,6306,2.467
5,6307,2.222
5,6308,1.972
5,6309,2.305
5,6310,2.450
5,6311,2.398
5,6312,2.318
5,6313,2.029
5,6314,2.629
5,6315,2.285
5,6316,2.042
5,6317,2.046
5,6318,2.829
5,6319,2.165
5,6320,2.102
5,6321,2.701
5,6322,3.087
5,6323,2.171
5,6324,2.654
5,6325,2.184
5,6326,2.125
5,6327,2.200
5,6328,2.125
5,6329,2.255
5,6330,3.054
5,6331,2.902
5,6332,2.434
5,6333,2.493
5,6334,2.328
5,6335,2.404
5,6336,2.069
5,6337,2.768
5,6338,2.642
5,6339,2.412
5,6340,2.163
5,6341,2.365
5,6342,2.491
5,6343,2.521
5,6344,2.871
5,6345,2.449
5,6346,2.586
5,6347,2.438
5,6348,2.314
5,6349,2.503
5,6350,2.904
5,6351,3.175
5,6352,2.289
5,6353,2.302
5,6354,2.457
5,6355,2.227
5,6356,2.344
5,6357,2.368
5,6358,2.618
5,6359,2.163
5,6360,2.153
5,6361,2.256
5,6362,2.185
5,6363,2.588
5,6364,2.334
5,6365,2.909
5,6366,3.098
5,6367,2.332
5,6368,2.211
5,6369,2.181
5,6370,2.812
5,6371,2.944
5,6372,2.594
5,6373,2.780
5,6374,2.662
5,6375,2.392
5,6376,2.345
5,6377,2.283
5,6378,1.832
5,6379,1.690
5,6380,1.725
5,6381,2.385
5,6382,2.112
5,6383,2.018
5,6384,2.645
5,6385,2.057
5,6386,1.875
5,6387,2.097
5,6388,2.191
5,6389,2.442
5,6390,2.186
5,6391,2.673
5,6392,2.550
5,6393,2.645
5,6394,2.120
5,6395,2.202
5,6396,2.495
5,6397,2.314
5,6398,2.008
5,6399,2.080
5,6400,2.042
5,6401,2.003
5,6402,2.056
5,6403,1.659
5,6404,1.483
5,6405,1.800
5,6406,2.386
5,6407,2.517
5,6408,1.730
5,6409,1.630
5,6410,1.657
5,6411,1.597
5,6412,1.592
5,6413,1.742
5,6414,1.669
5,6415,3.168
5,6416,2.174
5,6417,1.925
5,6418,2.084
5,6419,1.623
5,6420,1.744
5,6421,1.860
5,6422,1.938
5,6423,2.280
5,6424,2.539
5,6425,2.101
5,6426,1.810
5,6427,1.874
5,6428,1.823
5,6429,1.528
5,6430,1.546
5,6431,2.023
5,6432,2.102
5,6433,2.402
5,6434,1.704
5,6435,1.589
5,6436,1.521
5,6437,1.475
5,6438,1.642
5,6439,1.913
5,6440,1.785
5,6441,1.621
5,6442,1.759
5,6443,2.153
5,6444,2.281
5,6445,1.705
5,6446,1.600
5,6447,1.718
5,6448,2.529
5,6449,2.117
5,6450,1.919
5,6451,1.674
5,6452,1.837
5,6453,1.686
5,6454,1.711
5,6455,1.740
5,6456,1.723
5,6457,1.924
5,6458,2.072
5,6459,1.802
5,6460,1.730
5,6461,1.602
5,6462,2.017
5,6463,1.566
5,6464,1.590
5,6465,1.947
5,6466,2.314
5,6467,1.660
5,6468,1.552
5,6469,1.707
5,6470,1.865
5,6471,1.737
5,6472,2.418
5,6473,3.356
5,6474,2.499
5,6475,2.758
5,6476,2.496
5,6477,1.980
5,6478,2.324
5,6479,3.745
5,6480,2.389
5,6481,2.371
5,6482,1.998
5,6483,2.303
5,6484,2.353
5,6485,2.237
5,6486,2.833
5,6487,2.254
5,6488,2.046
5,6489,1.816
5,6490,2.153
5,6491,2.052
5,6492,2.735
5,6493,2.271
5,6494,2.189
5,6495,1.768
5,6496,2.095
5,6497,1.925
5,6498,1.640
5,6499,1.794
5,6500,2.472
5,6501,1.895
5,6502,1.775
5,6503,2.454
5,6504,1.821
5,6505,1.605
5,6506,1.569
5,6507,2.025
5,6508,2.214
5,6509,1.877
5,6510,1.714
5,6511,1.863
5,6512,2.207
5,6513,1.712
5,6514,1.658
5,6515,1.691
5,6516,2.512
5,6517,2.378
5,6518,2.616
5,6519,1.823
5,6520,1.763
5,6521,2.324
5,6522,2.022
5,6523,1.830
5,6524,2.352
5,6525,2.824
5,6526,2.347
5,6527,2.394
5,6528,2.096
5,6529,2.134
5,6530,2.302
5,6531,2.577
5,6532,1.846
5,6533,1.880
5,6534,2.097
5,6535,1.709
5,6536,1.597
5,6537,1.696
5,6538,2.183
5,6539,2.020
5,6540,1.838
5,6541,2.471
5,6542,1.861
5,6543,1.644
5,6544,1.916
5,6545,1.894
5,6546,1.979
5,6547,2.261
5,6548,2.061
5,6549,1.772
5,6550,1.580
5,6551,1.766
5,6552,1.985
5,6553,1.563
5,6554,1.487
5,6555,1.776
5,6556,2.591
5,6557,2.650
5,6558,1.768
5,6559,1.886
5,6560,1.674
5,6561,1.545
5,6562,1.849
5,6563,2.104
5,6564,1.756
5,6565,1.526
5,6566,2.569
5,6567,2.400
5,6568,1.792
5,6569,1.764
5,6570,2.177
5,6571,2.184
5,6572,2.298
5,6573,2.084
5,6574,2.155
5,6575,1.650
5,6576,1.659
5,6577,1.889
5,6578,1.896
5,6579,2.132
5,6580,2.856
5,6581,2.086
5,6582,1.973
5,6583,2.294
5,6584,1.757
5,6585,1.572
5,6586,1.982
5,6587,2.345
5,6588,1.734
5,6589,1.506
5,6590,1.785
5,6591,1.887
5,6592,2.584
5,6593,1.873
5,6594,2.203
5,6595,2.124
5,6596,1.849
5,6597,2.017
5,6598,1.869
5,6599,1.767
5,6600,1.707
5,6601,2.254
5,6602,2.214
5,6603,1.854
5,6604,1.882
5,6605,1.771
5,6606,1.571
5,6607,1.627
5,6608,2.160
5,6609,1.803
5,6610,1.882
5,6611,1.942
5,6612,2.618
5,6613,1.860
5,6614,1.424
5,6615,1.486
5,6616,1.777
5,6617,1.815
5,6618,1.685
5,6619,2.126
5,6620,2.835
5,6621,2.497
5,6622,2.587
5,6623,2.163
5,6624,2.004
5,6625,2.150
5,6626,2.450
5,6627,2.836
5,6628,2.286
5,6629,2.051
5,6630,2.000
5,6631,2.481
5,6632,2.328
5,6633,2.095
5,6634,2.573
5,6635,2.836
5,6636,1.992
5,6637,2.078
5,6638,2.023
5,6639,2.154
5,6640,2.915
5,6641,2.053
5,6642,1.570
5,6643,2.579
5,6644,2.188
5,6645,1.964
5,6646,1.882
5,6647,2.019
5,6648,2.013
5,6649,1.870
5,6650,2.031
5,6651,1.769
5,6652,2.278
5,6653,1.627
5,6654,1.842
5,6655,2.021
5,6656,2.134
5,6657,1.929
5,6658,1.895
5,6659,1.570
5,6660,1.774
5,6661,2.234
5,6662,1.828
5,6663,1.766
5,6664,2.195
5,6665,3.643
5,6666,2.517
5,6667,2.589
5,6668,2.554
5,6669,1.893
5,6670,2.075
5,6671,2.329
5,6672,1.799
5,6673,1.788
5,6674,2.323
5,6675,1.682
5,6676,1.563
5,6677,2.160
5,6678,1.887
5,6679,2.185
5,6680,2.057
5,6681,1.961
5,6682,1.777
5,6683,1.721
5,6684,2.048
5,6685,1.881
5,6686,1.902
5,6687,1.849
5,6688,2.788
5,6689,2.342
5,6690,1.710
5,6691,1.942
5,6692,2.148
5,6693,1.849
5,6694,1.700
5,6695,2.605
5,6696,2.169
5,6697,1.795
5,6698,2.056
5,6699,1.909
5,6700,1.567
5,6701,1.565
5,6702,1.669
5,6703,1.643
5,6704,2.338
5,6705,2.001
5,6706,1.708
5,6707,1.552
5,6708,1.579
5,6709,1.611
5,6710,1.905
5,6711,1.836
5,6712,2.197
5,6713,3.091
5,6714,2.498
5,6715,2.478
5,6716,1.990
5,6717,1.924
5,6718,1.748
5,6719,2.560
5,6720,2.965
5,6721,2.260
5,6722,1.862
5,6723,1.834
5,6724,1.752
5,6725,1.583
5,6726,1.628
5,6727,1.870
5,6728,2.379
5,6729,2.355
5,6730,2.492
5,6731,1.957
5,6732,2.107
5,6733,1.935
5,6734,2.009
5,6735,1.752
5,6736,1.893
5,6737,1.817
5,6738,1.769
5,6739,2.720
5,6740,1.909
5,6741,1.786
5,6742,2.147
5,6743,2.420
5,6744,2.276
5,6745,2.262
5,6746,2.440
5,6747,2.702
5,6748,2.349
5,6749,3.007
5,6750,1.947
5,6751,1.616
5,6752,2.007
5,6753,1.742
5,6754,1.539
5,6755,1.874
5,6756,1.772
5,6757,2.021
5,6758,1.914
5,6759,1.703
5,6760,1.581
5,6761,1.543
5,6762,1.820
5,6763,1.934
5,6764,2.169
5,6765,3.072
5,6766,3.140
5,6767,2.539
5,6768,3.155
5,6769,2.509
5,6770,2.006
5,6771,2.273
5,6772,2.980
5,6773,2.214
5,6774,2.362
5,6775,2.493
5,6776,2.010
5,6777,2.069
5,6778,2.196
5,6779,2.171
5,6780,2.540
5,6781,2.011
5,6782,1.853
5,6783,1.984
5,6784,2.249
5,6785,2.719
5,6786,1.955
5,6787,2.031
5,6788,2.431
5,6789,1.946
5,6790,1.819
5,6791,1.745
5,6792,1.913
5,6793,2.508
5,6794,2.543
5,6795,2.161
5,6796,2.533
5,6797,1.782
5,6798,1.785
5,6799,1.968
5,6800,2.290
5,6801,2.223
5,6802,2.187
5,6803,2.729
5,6804,2.910
5,6805,2.725
5,6806,2.687
5,6807,2.513
5,6808,1.862
5,6809,1.924
5,6810,1.865
5,6811,1.869
5,6812,2.291
5,6813,2.280
5,6814,1.932
5,6815,1.867
5,6816,1.916
5,6817,1.784
5,6818,1.577
5,6819,1.654
5,6820,1.664
5,6821,2.785
5,6822,2.180
5,6823,1.776
5,6824,1.705
5,6825,1.634
5,6826,1.667
5,6827,1.803
5,6828,1.807
5,6829,1.582
5,6830,2.823
5,6831,1.925
5,6832,2.212
5,6833,1.871
5,6834,1.985
5,6835,1.894
5,6836,1.688
5,6837,2.131
5,6838,2.056
5,6839,2.099
5,6840,1.663
5,6841,1.767
5,6842,1.840
5,6843,1.739
5,6844,1.525
5,6845,1.635
5,6846,1.997
5,6847,1.934
5,6848,1.970
5,6849,2.120
5,6850,2.045
5,6851,1.580
5,6852,1.727
5,6853,1.825
5,6854,1.771
5,6855,2.918
5,6856,2.745
5,6857,2.557
5,6858,2.387
5,6859,1.845
5,6860,1.837
5,6861,2.099
5,6862,2.766
5,6863,1.941
5,6864,1.716
5,6865,2.249
5,6866,1.858
5,6867,3.865
5,6868,3.501
5,6869,2.721
5,6870,3.136
5,6871,3.615
5,6872,3.065
5,6873,3.539
5,6874,3.354
5,6875,3.924
5,6876,5.076
5,6877,3.073
5,6878,4.136
5,6879,3.838
5,6880,3.109
5,6881,4.282
5,6882,2.589
5,6883,2.071
5,6884,2.249
5,6885,2.280
5,6886,1.985
5,6887,2.180
5,6888,3.352
5,6889,2.366
5,6890,2.351
5,6891,2.237
5,6892,2.194
5,6893,3.127
5,6894,3.435
5,6895,3.246
5,6896,2.553
5,6897,2.630
5,6898,2.452
5,6899,2.619
5,6900,2.924
5,6901,2.462
5,6902,3.058
5,6903,2.744
5,6904,2.589
5,6905,3.143
5,6906,2.761
5,6907,2.677
5,6908,2.944
5,6909,2.673
5,6910,3.110
5,6911,2.971
5,6912,2.587
5,6913,2.503
5,6914,2.662
5,6915,2.838
5,6916,2.549
5,6917,2.384
5,6918,2.566
5,6919,2.244
5,6920,2.220
5,6921,3.407
5,6922,2.647
5,6923,2.464
5,6924,2.272
5,6925,2.190
5,6926,2.438
5,6927,2.256
5,6928,3.437
5,6929,2.752
5,6930,2.763
5,6931,2.543
5,6932,2.496
5,6933,2.943
5,6934,2.891
5,6935,2.302
5,6936,2.415
5,6937,2.454
5,6938,2.280
5,6939,2.194
5,6940,2.753
5,6941,2.798
5,6942,2.460
5,6943,2.484
5,6944,2.399
5,6945,2.450
5,6946,2.476
5,6947,2.280
5,6948,2.721
5,6949,2.228
5,6950,2.794
5,6951,2.585
5,6952,2.610
5,6953,2.881
5,6954,2.363
5,6955,2.873
5,6956,2.442
5,6957,2.437
5,6958,2.323
5,6959,2.530
5,6960,2.338
5,6961,2.574
5,6962,2.784
5,6963,2.286
5,6964,2.414
5,6965,2.569
5,6966,2.611
5,6967,2.330
5,6968,2.802
5,6969,3.044
5,6970,2.190
5,6971,3.420
5,6972,2.654
5,6973,2.203
5,6974,2.132
5,6975,2.142
5,6976,2.352
5,6977,2.053
5,6978,3.101
5,6979,2.600
5,6980,2.869
5,6981,2.739
5,6982,2.179
5,6983,2.512
5,6984,2.615
5,6985,2.699
5,6986,2.120
5,6987,2.001
5,6988,2.120
5,6989,2.114
5,6990,2.287
5,6991,2.679
5,6992,2.226
5,6993,2.084
5,6994,2.008
5,6995,1.914
5,6996,1.835
5,6997,1.779
5,6998,1.655
5,6999,2.400
5,7000,2.255
5,7001,1.629
5,7002,1.648
5,7003,1.728
5,7004,1.856
5,7005,1.845
5,7006,1.667
5,7007,1.867
5,7008,1.978
5,7009,1.827
5,7010,2.465
5,7011,1.762
5,7012,1.608
5,7013,1.681
5,7014,1.815
5,7015,1.814
5,7016,2.501
5,7017,2.271
5,7018,2.128
5,7019,2.325
5,7020,2.001
5,7021,1.808
5,7022,1.739
5,7023,1.881
5,7024,2.439
5,7025,2.504
5,7026,2.032
5,7027,2.964
5,7028,2.178
5,7029,2.427
5,7030,3.064
5,7031,2.511
5,7032,2.204
5,7033,2.378
5,7034,2.298
5,7035,2.094
5,7036,2.512
5,7037,3.158
5,7038,2.804
5,7039,2.727
5,7040,2.431
5,7041,2.464
5,7042,2.283
5,7043,2.334
5,7044,2.022
5,7045,1.973
5,7046,1.645
5,7047,1.646
5,7048,1.710
5,7049,1.649
5,7050,2.844
5,7051,3.051
5,7052,2.099
5,7053,1.824
5,7054,1.910
5,7055,1.905
5,7056,1.595
5,7057,1.635
5,7058,2.397
5,7059,1.992
5,7060,2.344
5,7061,1.928
5,7062,1.865
5,7063,1.864
5,7064,1.863
5,7065,2.217
5,7066,2.310
5,7067,2.440
5,7068,2.032
5,7069,1.845
5,7070,1.939
5,7071,1.866
5,7072,2.061
5,7073,2.314
5,7074,2.265
5,7075,2.479
5,7076,1.708
5,7077,1.647
5,7078,1.886
5,7079,1.730
5,7080,2.000
5,7081,2.242
5,7082,2.174
5,7083,2.076
5,7084,2.427
5,7085,2.342
5,7086,1.841
5,7087,1.821
5,7088,2.490
5,7089,2.332
5,7090,1.683
5,7091,1.799
5,7092,2.137
5,7093,1.706
5,7094,1.794
5,7095,1.939
5,7096,2.080
5,7097,2.423
5,7098,2.870
5,7099,2.372
5,7100,2.034
5,7101,1.855
5,7102,1.721
5,7103,2.020
5,7104,2.600
5,7105,2.162
5,7106,2.388
5,7107,2.629
5,7108,3.247
5,7109,2.077
5,7110,2.795
5,7111,2.535
5,7112,2.276
5,7113,2.342
5,7114,2.061
5,7115,2.447
5,7116,2.480
5,7117,2.433
5,7118,2.213
5,7119,2.248
5,7120,2.549
5,7121,2.345
5,7122,2.974
5,7123,2.631
5,7124,2.792
5,7125,2.345
5,7126,2.268
5,7127,2.782
5,7128,3.220
5,7129,2.917
5,7130,2.564
5,7131,2.405
5,7132,2.662
5,7133,2.316
5,7134,2.504
5,7135,2.612
5,7136,2.774
5,7137,2.292
5,7138,2.509
5,7139,2.455
5,7140,2.640
5,7141,2.390
5,7142,2.339
5,7143,2.923
5,7144,2.321
5,7145,2.079
5,7146,2.247
5,7147,2.518
5,7148,2.905
5,7149,2.525
5,7150,2.814
5,7151,2.528
5,7152,2.337
5,7153,2.515
5,7154,2.629
5,7155,2.426
5,7156,2.328
5,7157,2.632
5,7158,2.280
5,7159,2.459
5,7160,2.865
5,7161,3.042
5,7162,3.488
5,7163,3.140
5,7164,2.196
5,7165,2.513
5,7166,3.399
5,7167,2.817
5,7168,2.719
5,7169,3.007
5,7170,2.441
5,7171,2.624
5,7172,3.117
5,7173,2.724
5,7174,2.764
5,7175,2.955
5,7176,2.551
5,7177,2.594
5,7178,2.308
5,7179,2.195
5,7180,2.378
5,7181,2.395
5,7182,2.719
5,7183,2.279
5,7184,2.713
5,7185,3.348
5,7186,2.555
5,7187,2.710
5,7188,2.612
5,7189,3.449
5,7190,3.521
5,7191,3.146
5,7192,2.651
5,7193,2.284
5,7194,2.324
5,7195,3.247
5,7196,2.749
5,7197,2.518
5,7198,2.679
5,7199,2.598
5,7200,2.551
5,7201,2.660
5,7202,2.911
5,7203,3.042
5,7204,2.279
5,7205,2.530
5,7206,2.668
5,7207,2.738
5,7208,2.705
5,7209,2.782
5,7210,2.457
5,7211,2.637
5,7212,2.324
5,7213,2.767
5,7214,2.890
5,7215,2.605
5,7216,3.229
5,7217,2.564
5,7218,2.659
5,7219,2.595
5,7220,2.239
5,7221,3.133
5,7222,2.974
5,7223,2.926
5,7224,3.180
5,7225,2.866
5,7226,2.781
5,7227,2.493
5,7228,2.777
5,7229,2.943
5,7230,2.949
5,7231,2.687
5,7232,2.608
5,7233,2.706
5,7234,2.452
5,7235,2.656
5,7236,3.092
5,7237,2.524
5,7238,2.733
5,7239,2.677
5,7240,2.923
5,7241,2.947
5,7242,2.975
5,7243,2.545
5,7244,2.490
5,7245,2.173
5,7246,2.505
5,7247,2.793
5,7248,2.423
5,7249,3.208
5,7250,2.328
5,7251,2.650
5,7252,2.485
5,7253,2.384
5,7254,2.644
5,7255,2.685
5,7256,2.467
5,7257,2.455
5,7258,2.347
5,7259,3.195
5,7260,2.593
5,7261,2.763
5,7262,2.985
5,7263,2.778
5,7264,2.414
5,7265,3.402
5,7266,3.663
5,7267,3.443
5,7268,2.790
5,7269,3.454
5,7270,2.790
5,7271,2.843
5,7272,2.506
5,7273,2.358
5,7274,2.491
5,7275,2.403
5,7276,3.788
5,7277,3.139
5,7278,2.420
5,7279,2.738
5,7280,2.261
5,7281,2.362
5,7282,3.135
5,7283,2.341
5,7284,2.499
5,7285,2.417
5,7286,2.194
5,7287,2.522
5,7288,2.560
5,7289,2.656
5,7290,2.424
5,7291,2.266
5,7292,2.361
5,7293,2.417
5,7294,2.307
5,7295,2.918
5,7296,3.084
5,7297,2.201
5,7298,2.564
5,7299,2.529
5,7300,2.454
5,7301,2.806
5,7302,2.430
5,7303,2.758
5,7304,2.353
5,7305,2.152
5,7306,2.234
5,7307,2.521
5,7308,2.898
5,7309,2.604
5,7310,2.625
5,7311,2.286
5,7312,2.564
5,7313,2.297
5,7314,2.522
5,7315,2.778
5,7316,2.617
5,7317,2.822
5,7318,2.621
5,7319,2.495
5,7320,2.815
5,7321,2.447
5,7322,2.302
5,7323,2.582
5,7324,2.519
5,7325,2.154
5,7326,2.631
5,7327,2.883
5,7328,2.521
5,7329,2.268
5,7330,2.140
5,7331,2.969
5,7332,2.349
5,7333,2.884
5,7334,2.981
5,7335,2.788
5,7336,2.601
5,7337,2.433
5,7338,3.026
5,7339,2.800
5,7340,2.669
5,7341,2.796
5,7342,2.727
5,7343,2.373
5,7344,2.792
5,7345,3.019
5,7346,2.883
5,7347,2.427
5,7348,2.189
5,7349,2.956
5,7350,2.945
5,7351,2.315
5,7352,3.198
5,7353,2.247
5,7354,2.928
5,7355,2.629
5,7356,3.056
5,7357,2.571
5,7358,1.974
5,7359,2.697
5,7360,2.551
5,7361,4.341
5,7362,2.456
5,7363,1.897
5,7364,1.842
5,7365,2.352
5,7366,2.266
5,7367,2.001
5,7368,2.359
5,7369,2.150
5,7370,1.834
5,7371,2.023
5,7372,1.941
5,7373,1.887
5,7374,2.062
5,7375,2.984
5,7376,1.891
5,7377,1.890
5,7378,2.389
5,7379,2.159
5,7380,1.651
5,7381,2.011
5,7382,2.101
5,7383,2.385
5,7384,2.192
5,7385,1.952
5,7386,1.755
5,7387,1.800
5,7388,2.103
5,7389,2.165
5,7390,1.995
5,7391,2.287
5,7392,2.379
5,7393,1.997
5,7394,1.961
5,7395,1.847
5,7396,1.804
5,7397,2.510
5,7398,3.641
5,7399,2.169
5,7400,2.680
5,7401,2.540
5,7402,2.324
5,7403,2.509
5,7404,2.761
5,7405,2.157
5,7406,2.366
5,7407,2.354
5,7408,2.135
5,7409,2.162
5,7410,2.603
5,7411,2.494
5,7412,2.304
5,7413,2.151
5,7414,2.380
5,7415,2.718
5,7416,2.214
5,7417,2.372
5,7418,2.485
5,7419,2.558
5,7420,2.439
5,7421,2.331
5,7422,2.949
5,7423,2.607
5,7424,2.491
5,7425,2.354
5,7426,2.296
5,7427,2.236
5,7428,2.074
5,7429,2.930
5,7430,3.094
5,7431,2.537
5,7432,2.303
5,7433,2.196
5,7434,2.431
5,7435,2.461
5,7436,3.234
5,7437,3.194
5,7438,3.245
5,7439,3.013
5,7440,2.968
5,7441,3.752
5,7442,3.024
5,7443,2.597
5,7444,2.660
5,7445,2.716
5,7446,2.755
5,7447,2.858
5,7448,2.919
5,7449,2.965
5,7450,2.447
5,7451,2.685
5,7452,2.850
5,7453,3.033
5,7454,2.930
5,7455,3.364
5,7456,2.672
5,7457,2.754
5,7458,2.984
5,7459,2.865
5,7460,2.604
5,7461,3.019
5,7462,2.709
5,7463,3.069
5,7464,2.909
5,7465,3.087
5,7466,2.811
5,7467,3.502
5,7468,2.900
5,7469,2.999
5,7470,2.882
5,7471,2.915
5,7472,3.179
5,7473,3.631
5,7474,3.342
5,7475,3.239
5,7476,3.118
5,7477,2.994
5,7478,2.898
5,7479,3.567
5,7480,2.847
5,7481,3.058
5,7482,2.333
5,7483,2.116
5,7484,2.353
5,7485,3.596
5,7486,3.618
5,7487,2.855
5,7488,3.088
5,7489,3.064
5,7490,2.533
5,7491,2.695
5,7492,2.871
5,7493,2.517
5,7494,2.414
5,7495,2.469
5,7496,2.911
5,7497,2.505
5,7498,2.606
5,7499,3.244
5,7500,2.696
5,7501,4.299
5,7502,2.796
5,7503,2.499
5,7504,2.086
5,7505,2.524
5,7506,2.336
5,7507,3.853
5,7508,3.527
5,7509,3.026
5,7510,2.911
5,7511,3.172
5,7512,3.949
5,7513,3.099
5,7514,3.265
5,7515,3.535
5,7516,4.162
5,7517,2.761
5,7518,2.363
5,7519,2.611
5,7520,2.297
5,7521,1.936
5,7522,2.609
5,7523,3.544
5,7524,2.772
5,7525,2.561
5,7526,2.711
5,7527,2.804
5,7528,2.418
5,7529,2.810
5,7530,2.418
5,7531,2.316
5,7532,2.357
5,7533,2.320
5,7534,1.858
5,7535,3.202
5,7536,2.739
5,7537,2.436
5,7538,2.534
5,7539,2.241
5,7540,1.983
5,7541,2.726
5,7542,2.825
5,7543,3.187
5,7544,2.471
5,7545,2.291
5,7546,2.755
5,7547,2.311
5,7548,2.435
5,7549,2.294
5,7550,2.286
5,7551,1.921
5,7552,1.902
5,7553,1.769
5,7554,1.910
5,7555,2.602
5,7556,2.327
5,7557,1.788
5,7558,1.631
5,7559,2.218
5,7560,1.868
5,7561,1.790
5,7562,1.725
5,7563,2.198
5,7564,2.320
5,7565,2.057
5,7566,2.503
5,7567,2.250
5,7568,1.842
5,7569,2.166
5,7570,2.597
5,7571,1.866
5,7572,1.981
5,7573,1.958
5,7574,1.744
5,7575,1.881
5,7576,2.366
5,7577,2.056
5,7578,2.168
5,7579,2.354
5,7580,2.423
5,7581,1.823
5,7582,1.884
5,7583,1.906
5,7584,2.265
5,7585,2.850
5,7586,2.666
5,7587,2.278
5,7588,2.707
5,7589,2.603
5,7590,2.025
5,7591,3.016
5,7592,2.328
5,7593,2.306
5,7594,2.109
5,7595,1.994
5,7596,1.869
5,7597,2.368
5,7598,2.336
5,7599,2.700
5,7600,2.912
5,7601,2.474
5,7602,2.031
5,7603,1.894
5,7604,2.103
5,7605,2.397
5,7606,2.177
5,7607,2.383
5,7608,1.720
5,7609,1.899
5,7610,1.762
5,7611,2.032
5,7612,2.130
5,7613,2.089
5,7614,2.035
5,7615,1.839
5,7616,2.424
5,7617,1.896
5,7618,1.659
5,7619,2.169
5,7620,2.244
5,7621,1.832
5,7622,1.527
5,7623,1.582
5,7624,1.744
5,7625,2.061
5,7626,1.931
5,7627,1.885
5,7628,2.938
5,7629,2.304
5,7630,2.034
5,7631,1.860
5,7632,1.731
5,7633,2.165
5,7634,2.055
5,7635,2.265
5,7636,2.416
5,7637,2.008
5,7638,1.860
5,7639,1.874
5,7640,1.967
5,7641,1.945
5,7642,2.285
5,7643,2.093
5,7644,2.089
5,7645,2.048
5,7646,1.741
5,7647,1.636
5,7648,1.681
5,7649,1.641
5,7650,1.663
5,7651,2.521
5,7652,1.984
5,7653,1.669
5,7654,1.702
5,7655,1.753
5,7656,1.848
5,7657,1.697
5,7658,1.651
5,7659,1.797
5,7660,2.584
5,7661,3.354
5,7662,2.363
5,7663,2.456
5,7664,2.488
5,7665,2.222
5,7666,2.162
5,7667,2.276
5,7668,2.599
5,7669,1.962
5,7670,1.868
5,7671,1.758
5,7672,1.623
5,7673,1.633
5,7674,1.949
5,7675,2.294
5,7676,1.781
5,7677,1.859
5,7678,1.678
5,7679,1.728
5,7680,1.741
5,7681,1.720
5,7682,1.661
5,7683,1.967
5,7684,2.062
5,7685,2.030
5,7686,2.420
5,7687,2.246
5,7688,1.785
5,7689,1.945
5,7690,1.974
5,7691,2.716
5,7692,2.971
5,7693,2.026
5,7694,1.825
5,7695,2.598
5,7696,1.790
5,7697,1.637
5,7698,1.848
5,7699,2.113
5,7700,2.156
5,7701,1.704
5,7702,1.719
5,7703,1.695
5,7704,1.838
5,7705,2.009
5,7706,1.835
5,7707,1.835
5,7708,1.789
5,7709,1.940
5,7710,1.983
5,7711,2.245
5,7712,1.811
5,7713,2.738
5,7714,1.971
5,7715,2.239
5,7716,2.219
5,7717,1.940
5,7718,1.766
5,7719,1.612
5,7720,1.855
5,7721,1.801
5,7722,2.467
5,7723,2.008
5,7724,2.076
5,7725,2.087
5,7726,1.776
5,7727,1.693
5,7728,1.651
5,7729,1.689
5,7730,1.685
5,7731,2.324
5,7732,2.155
5,7733,2.263
5,7734,2.374
5,7735,2.231
5,7736,2.419
5,7737,2.229
5,7738,2.379
5,7739,3.651
5,7740,2.599
5,7741,2.420
5,7742,2.396
5,7743,2.426
5,7744,1.929
5,7745,2.422
5,7746,2.679
5,7747,2.279
5,7748,2.243
5,7749,2.035
5,7750,1.838
5,7751,1.886
5,7752,2.456
5,7753,2.207
5,7754,2.113
5,7755,1.940
5,7756,1.799
5,7757,2.609
5,7758,1.892
5,7759,2.171
5,7760,3.097
5,7761,2.920
5,7762,3.877
5,7763,3.254
5,7764,4.738
5,7765,2.757
5,7766,2.216
5,7767,2.848
5,7768,2.183
5,7769,2.275
5,7770,2.925
5,7771,2.633
5,7772,2.317
5,7773,2.429
5,7774,3.107
5,7775,4.136
5,7776,3.008
5,7777,2.425
5,7778,2.550
5,7779,2.075
5,7780,2.768
5,7781,2.547
5,7782,2.578
5,7783,2.492
5,7784,2.335
5,7785,2.312
5,7786,2.626
5,7787,2.751
5,7788,2.698
5,7789,2.358
5,7790,2.414
5,7791,2.373
5,7792,2.542
5,7793,2.326
5,7794,3.316
5,7795,2.357
5,7796,2.215
5,7797,3.088
5,7798,2.521
5,7799,2.431
5,7800,2.413
5,7801,2.720
5,7802,2.375
5,7803,2.326
5,7804,2.618
5,7805,2.924
5,7806,2.916
5,7807,2.943
5,7808,2.933
5,7809,2.696
5,7810,2.823
5,7811,2.142
5,7812,2.870
5,7813,2.645
5,7814,1.853
5,7815,2.453
5,7816,1.915
5,7817,1.839
5,7818,1.880
5,7819,2.628
5,7820,2.728
5,7821,3.515
5,7822,2.389
5,7823,1.733
5,7824,1.570
5,7825,1.688
5,7826,1.956
5,7827,1.805
5,7828,1.627
5,7829,1.563
5,7830,1.579
5,7831,1.551
5,7832,2.092
5,7833,1.773
5,7834,1.696
5,7835,2.378
5,7836,1.917
5,7837,1.876
5,7838,2.125
5,7839,1.695
5,7840,1.758
5,7841,2.175
5,7842,1.776
5,7843,2.255
5,7844,1.998
5,7845,1.840
5,7846,1.734
5,7847,1.646
5,7848,1.804
5,7849,2.071
5,7850,2.540
5,7851,2.324
5,7852,2.132
5,7853,2.119
5,7854,1.728
5,7855,1.580
5,7856,1.590
5,7857,1.622
5,7858,1.674
5,7859,1.959
5,7860,2.505
5,7861,2.635
5,7862,2.431
5,7863,2.910
5,7864,2.443
5,7865,2.542
5,7866,3.574
5,7867,2.694
5,7868,2.344
5,7869,2.446
5,7870,2.857
5,7871,3.387
5,7872,3.104
5,7873,2.570
5,7874,2.551
5,7875,2.187
5,7876,2.180
5,7877,2.386
5,7878,3.098
5,7879,2.667
5,7880,2.369
5,7881,2.141
5,7882,2.440
5,7883,2.004
5,7884,2.406
5,7885,2.426
5,7886,2.323
5,7887,2.962
5,7888,2.861
5,7889,2.755
5,7890,2.314
5,7891,2.161
5,7892,2.156
5,7893,1.977
5,7894,2.732
5,7895,2.058
5,7896,1.886
5,7897,1.915
5,7898,2.893
5,7899,2.483
5,7900,2.257
5,7901,2.109
5,7902,2.523
5,7903,2.567
5,7904,3.014
5,7905,3.673
5,7906,3.155
5,7907,2.964
5,7908,3.026
5,7909,2.926
5,7910,2.671
5,7911,2.600
5,7912,2.549
5,7913,2.625
5,7914,2.449
5,7915,2.640
5,7916,2.110
5,7917,1.895
5,7918,1.740
5,7919,1.577
5,7920,1.564
5,7921,1.639
5,7922,1.776
5,7923,2.761
5,7924,2.326
5,7925,2.207
5,7926,2.010
5,7927,2.078
5,7928,1.972
5,7929,2.352
5,7930,2.511
5,7931,2.091
5,7932,2.933
5,7933,1.806
5,7934,1.880
5,7935,2.198
5,7936,2.335
5,7937,2.194
5,7938,1.994
5,7939,1.811
5,7940,2.283
5,7941,2.162
5,7942,2.022
5,7943,1.695
5,7944,2.028
5,7945,2.741
5,7946,2.742
5,7947,1.982
5,7948,3.177
5,7949,2.385
5,7950,3.115
5,7951,2.791
5,7952,4.575
5,7953,2.584
5,7954,2.593
5,7955,2.967
5,7956,2.459
5,7957,2.373
5,7958,2.101
5,7959,2.061
5,7960,1.997
5,7961,2.373
5,7962,3.052
5,7963,2.170
5,7964,2.451
5,7965,2.404
5,7966,2.278
5,7967,2.354
5,7968,2.445
5,7969,3.186
5,7970,2.203
5,7971,2.199
5,7972,2.414
5,7973,2.321
5,7974,2.252
5,7975,2.685
5,7976,2.890
5,7977,2.852
5,7978,2.526
5,7979,2.607
5,7980,3.083
5,7981,2.740
5,7982,3.233
5,7983,2.327
5,7984,2.238
5,7985,2.813
5,7986,2.251
5,7987,2.757
5,7988,3.505
5,7989,2.871
5,7990,2.735
5,7991,2.520
5,7992,2.559
5,7993,2.940
5,7994,2.617
5,7995,3.163
5,7996,2.930
5,7997,2.344
5,7998,2.730
5,7999,2.782
5,8000,2.658
5,8001,2.666
5,8002,2.534
5,8003,3.444
5,8004,2.587
5,8005,2.771
5,8006,2.749
5,8007,2.306
5,8008,2.443
5,8009,2.303
5,8010,2.862
5,8011,2.513
5,8012,2.192
5,8013,2.336
5,8014,2.528
5,8015,2.273
5,8016,2.317
5,8017,3.111
5,8018,2.478
5,8019,2.444
5,8020,2.357
5,8021,2.316
5,8022,2.547
5,8023,3.439
5,8024,3.483
5,8025,2.863
5,8026,2.603
5,8027,2.593
5,8028,2.341
5,8029,2.998
5,8030,2.754
5,8031,2.180
5,8032,2.377
5,8033,2.715
5,8034,2.333
5,8035,2.675
5,8036,2.119
5,8037,2.374
5,8038,2.208
5,8039,2.003
5,8040,1.978
5,8041,2.216
5,8042,2.808
5,8043,2.071
5,8044,2.067
5,8045,2.976
5,8046,2.463
5,8047,2.373
5,8048,2.065
5,8049,2.464
5,8050,2.409
5,8051,2.021
5,8052,2.267
5,8053,2.246
5,8054,1.965
5,8055,2.116
5,8056,2.850
5,8057,2.216
5,8058,1.838
5,8059,2.017
5,8060,2.427
5,8061,1.623
5,8062,1.685
5,8063,2.211
5,8064,2.060
5,8065,2.118
5,8066,1.940
5,8067,1.966
5,8068,1.896
5,8069,2.358
5,8070,2.304
5,8071,2.024
5,8072,1.814
5,8073,2.031
5,8074,1.984
5,8075,1.690
5,8076,1.558
5,8077,1.808
5,8078,1.954
5,8079,2.480
5,8080,2.249
5,8081,1.785
5,8082,1.693
5,8083,1.674
5,8084,1.960
5,8085,1.908
5,8086,1.549
5,8087,2.617
5,8088,2.308
5,8089,1.897
5,8090,2.369
5,8091,2.082
5,8092,1.864
5,8093,1.884
5,8094,2.192
5,8095,3.239
5,8096,2.091
5,8097,2.023
5,8098,1.805
5,8099,1.628
5,8100,1.723
5,8101,1.806
5,8102,1.652
5,8103,1.887
5,8104,2.671
5,8105,2.125
5,8106,1.694
5,8107,1.621
5,8108,1.877
5,8109,1.850
5,8110,1.854
5,8111,2.575
5,8112,1.936
5,8113,2.628
5,8114,2.486
5,8115,1.937
5,8116,1.669
5,8117,1.770
5,8118,2.524
5,8119,2.104
5,8120,1.932
5,8121,2.505
5,8122,1.984
5,8123,1.981
5,8124,1.948
5,8125,3.438
5,8126,2.111
5,8127,2.516
5,8128,2.350
5,8129,2.845
5,8130,2.655
5,8131,2.383
5,8132,2.268
5,8133,2.266
5,8134,2.011
5,8135,2.323
5,8136,3.288
5,8137,2.452
5,8138,2.580
5,8139,2.192
5,8140,2.216
5,8141,2.141
5,8142,2.174
5,8143,2.926
5,8144,2.754
5,8145,2.301
5,8146,2.148
5,8147,2.279
5,8148,2.040
5,8149,1.966
5,8150,1.989
5,8151,2.418
5,8152,1.869
5,8153,1.916
5,8154,1.878
5,8155,1.607
5,8156,1.536
5,8157,3.412
5,8158,3.039
5,8159,2.513
5,8160,1.971
5,8161,1.969
5,8162,1.949
5,8163,1.905
5,8164,1.853
5,8165,2.102
5,8166,2.008
5,8167,1.944
5,8168,2.183
5,8169,1.694
5,8170,1.737
5,8171,1.769
5,8172,1.671
5,8173,1.921
5,8174,2.139
5,8175,1.760
5,8176,1.625
5,8177,1.532
5,8178,2.509
5,8179,1.725
5,8180,1.536
5,8181,1.551
5,8182,2.380
5,8183,2.336
5,8184,2.288
5,8185,2.011
5,8186,1.892
5,8187,2.155
5,8188,2.078
5,8189,2.245
5,8190,2.294
5,8191,1.991
5,8192,1.806
5,8193,1.833
5,8194,1.611
5,8195,1.598
5,8196,2.430
5,8197,1.836
5,8198,2.599
5,8199,1.944
5,8200,1.706
5,8201,1.557
5,8202,1.622
5,8203,1.698
5,8204,2.364
5,8205,3.610
5,8206,2.346
5,8207,1.839
5,8208,2.225
5,8209,1.808
5,8210,1.919
5,8211,2.038
5,8212,2.158
5,8213,2.862
5,8214,2.323
5,8215,2.234
5,8216,1.919
5,8217,1.980
5,8218,1.831
5,8219,1.660
5,8220,1.828
5,8221,1.939
5,8222,2.407
5,8223,1.952
5,8224,1.652
5,8225,1.542
5,8226,1.731
5,8227,1.693
5,8228,1.791
5,8229,1.770
5,8230,2.421
5,8231,3.209
5,8232,2.711
5,8233,3.051
5,8234,2.655
5,8235,2.957
5,8236,2.369
5,8237,2.716
5,8238,1.919
5,8239,1.675
5,8240,1.722
5,8241,1.787
5,8242,1.737
5,8243,1.974
5,8244,1.839
5,8245,1.962
5,8246,2.448
5,8247,1.704
5,8248,1.657
5,8249,1.626
5,8250,1.712
5,8251,1.797
5,8252,1.734
5,8253,1.632
5,8254,1.561
5,8255,1.652
5,8256,2.083
5,8257,2.404
5,8258,1.739
5,8259,1.861
5,8260,2.214
5,8261,2.089
5,8262,2.004
5,8263,2.095
5,8264,2.288
5,8265,2.260
5,8266,1.928
5,8267,2.646
5,8268,2.334
5,8269,2.208
5,8270,2.161
5,8271,2.345
5,8272,2.148
5,8273,2.363
5,8274,2.334
5,8275,2.515
5,8276,2.118
5,8277,1.822
5,8278,2.014
5,8279,2.256
5,8280,2.584
5,8281,2.985
5,8282,2.471
5,8283,2.094
5,8284,2.241
5,8285,2.066
5,8286,2.024
5,8287,2.108
5,8288,2.338
5,8289,2.505
5,8290,1.795
5,8291,1.734
5,8292,1.611
5,8293,1.586
5,8294,1.822
5,8295,1.785
5,8296,1.643
5,8297,1.892
5,8298,2.395
5,8299,2.492
5,8300,1.748
5,8301,1.555
5,8302,1.723
5,8303,2.051
5,8304,2.435
5,8305,3.029
5,8306,2.328
5,8307,2.241
5,8308,1.984
5,8309,2.373
5,8310,1.886
5,8311,1.884
5,8312,2.110
5,8313,2.667
5,8314,1.807
5,8315,2.627
5,8316,1.984
5,8317,1.773
5,8318,2.153
5,8319,2.151
5,8320,1.893
5,8321,1.748
5,8322,2.005
5,8323,1.901
5,8324,2.256
5,8325,1.813
5,8326,1.903
5,8327,2.051
5,8328,2.325
5,8329,2.003
5,8330,1.865
5,8331,1.822
5,8332,1.944
5,8333,2.411
5,8334,1.967
5,8335,1.978
5,8336,2.023
5,8337,1.788
5,8338,1.818
5,8339,1.808
5,8340,1.772
5,8341,1.614
5,8342,2.747
5,8343,2.531
5,8344,1.826
5,8345,1.530
5,8346,1.678
5,8347,1.742
5,8348,1.685
5,8349,1.782
5,8350,2.251
5,8351,2.531
5,8352,1.935
5,8353,2.400
5,8354,2.029
5,8355,1.839
5,8356,1.836
5,8357,1.951
5,8358,2.630
5,8359,3.404
5,8360,2.680
5,8361,2.838
5,8362,2.727
5,8363,2.570
5,8364,2.802
5,8365,2.924
5,8366,1.923
5,8367,1.781
5,8368,2.013
5,8369,1.977
5,8370,2.270
5,8371,2.318
5,8372,1.955
5,8373,2.567
5,8374,2.146
5,8375,2.193
5,8376,2.104
5,8377,2.193
5,8378,2.443
5,8379,2.115
5,8380,1.889
5,8381,2.121
5,8382,1.745
5,8383,1.585
5,8384,1.847
5,8385,1.700
5,8386,1.813
5,8387,1.959
5,8388,2.571
5,8389,2.084
5,8390,2.229
5,8391,1.879
5,8392,1.667
5,8393,1.548
5,8394,2.015
5,8395,2.256
5,8396,1.726
5,8397,1.586
5,8398,1.818
5,8399,2.228
5,8400,2.240
5,8401,1.685
5,8402,2.247
5,8403,2.350
5,8404,1.860
5,8405,1.753
5,8406,1.603
5,8407,1.680
5,8408,2.105
5,8409,2.047
5,8410,2.219
5,8411,2.694
5,8412,2.704
5,8413,2.511
5,8414,2.815
5,8415,2.879
5,8416,2.567
5,8417,3.323
5,8418,2.682
5,8419,2.031
5,8420,2.848
5,8421,2.677
5,8422,2.715
5,8423,2.366
5,8424,2.264
5,8425,2.299
5,8426,2.175
5,8427,1.911
5,8428,2.166
5,8429,2.761
5,8430,2.490
5,8431,1.739
5,8432,1.668
5,8433,1.563
5,8434,1.564
5,8435,2.025
5,8436,1.790
5,8437,2.563
5,8438,2.257
5,8439,2.364
5,8440,1.833
5,8441,1.523
5,8442,1.552
5,8443,1.591
5,8444,1.814
5,8445,2.570
5,8446,2.344
5,8447,1.845
5,8448,2.277
5,8449,2.086
5,8450,2.045
5,8451,1.703
5,8452,2.585
5,8453,2.485
5,8454,1.979
5,8455,1.797
5,8456,2.279
5,8457,1.636
5,8458,1.632
5,8459,1.689
5,8460,2.495
5,8461,2.112
5,8462,1.756
5,8463,1.771
5,8464,1.615
5,8465,2.333
5,8466,1.774
5,8467,1.662
5,8468,1.929
5,8469,2.479
5,8470,2.720
5,8471,1.785
5,8472,1.632
5,8473,1.701
5,8474,2.180
5,8475,1.960
5,8476,1.935
5,8477,1.989
5,8478,1.844
5,8479,1.723
5,8480,1.653
5,8481,1.723
5,8482,1.534
5,8483,1.482
5,8484,1.818
5,8485,1.806
5,8486,2.093
5,8487,1.882
5,8488,1.602
5,8489,1.882
5,8490,2.151
5,8491,2.091
5,8492,1.901
5,8493,1.970
5,8494,2.538
5,8495,2.086
5,8496,2.522
5,8497,1.891
5,8498,1.683
5,8499,1.870
5,8500,1.812
5,8501,2.161
5,8502,3.072
5,8503,2.680
5,8504,2.717
5,8505,2.636
5,8506,2.245
5,8507,2.545
5,8508,2.772
5,8509,2.799
5,8510,1.918
5,8511,1.732
5,8512,1.672
5,8513,1.579
5,8514,1.880
5,8515,1.927
5,8516,1.716
5,8517,1.559
5,8518,2.328
5,8519,1.804
5,8520,2.159
5,8521,1.763
5,8522,1.812
5,8523,2.071
5,8524,2.095
5,8525,1.970
5,8526,1.784
5,8527,2.078
5,8528,1.788
5,8529,1.817
5,8530,1.776
5,8531,1.757
5,8532,1.849
5,8533,1.820
5,8534,1.706
5,8535,1.882
5,8536,1.849
5,8537,1.974
5,8538,1.634
5,8539,1.576
5,8540,2.535
5,8541,2.398
5,8542,1.849
5,8543,1.905
5,8544,2.136
5,8545,2.166
5,8546,2.964
5,8547,2.741
5,8548,2.825
5,8549,3.088
5,8550,2.065
5,8551,2.003
5,8552,2.220
5,8553,2.982
5,8554,2.504
5,8555,2.402
5,8556,2.162
5,8557,2.193
5,8558,2.345
5,8559,1.991
5,8560,3.112
5,8561,3.025
5,8562,2.219
5,8563,2.431
5,8564,2.397
5,8565,2.394
5,8566,2.974
5,8567,2.521
5,8568,2.987
5,8569,2.510
5,8570,2.399
5,8571,2.555
5,8572,3.180
5,8573,2.677
5,8574,2.346
5,8575,2.471
5,8576,2.214
5,8577,2.425
5,8578,2.437
5,8579,2.207
5,8580,2.269
5,8581,2.366
5,8582,2.113
5,8583,2.480
5,8584,2.551
5,8585,2.425
5,8586,3.025
5,8587,2.282
5,8588,2.507
5,8589,2.452
5,8590,2.651
5,8591,2.473
5,8592,2.294
5,8593,2.331
5,8594,2.337
5,8595,2.167
5,8596,2.211
5,8597,2.778
5,8598,3.661
5,8599,2.835
5,8600,2.799
5,8601,2.555
5,8602,2.242
5,8603,2.452
5,8604,3.029
5,8605,3.040
5,8606,2.182
5,8607,2.545
5,8608,2.597
5,8609,2.792
5,8610,2.526
5,8611,2.324
5,8612,3.597
5,8613,2.344
5,8614,2.150
5,8615,2.516
5,8616,2.548
5,8617,2.362
5,8618,2.377
5,8619,2.732
5,8620,2.295
5,8621,2.263
5,8622,2.213
5,8623,2.326
5,8624,2.427
5,8625,2.682
5,8626,2.947
5,8627,2.493
5,8628,2.554
5,8629,2.576
5,8630,2.193
5,8631,2.225
5,8632,2.358
5,8633,2.432
5,8634,1.858
5,8635,2.204
5,8636,2.170
5,8637,2.177
5,8638,2.184
5,8639,2.406
5,8640,2.305
5,8641,2.603
5,8642,2.351
5,8643,2.221
5,8644,2.247
5,8645,2.221
5,8646,2.467
5,8647,2.122
5,8648,2.083
5,8649,3.029
5,8650,2.591
5,8651,1.986
5,8652,1.840
5,8653,1.858
5,8654,1.966
5,8655,1.988
5,8656,1.656
5,8657,2.562
5,8658,2.295
5,8659,1.930
5,8660,2.150
5,8661,1.775
5,8662,1.566
5,8663,1.570
5,8664,1.663
5,8665,2.025
5,8666,2.681
5,8667,2.314
5,8668,2.878
5,8669,2.360
5,8670,2.320
5,8671,2.116
5,8672,2.360
5,8673,2.532
5,8674,2.023
5,8675,1.686
5,8676,1.761
5,8677,1.791
5,8678,1.638
5,8679,1.747
5,8680,2.192
5,8681,2.184
5,8682,2.456
5,8683,1.722
5,8684,2.302
5,8685,1.849
5,8686,1.613
5,8687,2.360
5,8688,2.742
5,8689,2.179
5,8690,2.591
5,8691,2.335
5,8692,2.058
5,8693,2.445
5,8694,2.482
5,8695,2.775
5,8696,2.574
5,8697,2.583
5,8698,2.195
5,8699,2.277
5,8700,2.194
5,8701,2.359
5,8702,2.443
5,8703,2.064
5,8704,1.986
5,8705,2.846
5,8706,2.366
5,8707,2.327
5,8708,2.544
5,8709,2.071
5,8710,1.872
5,8711,1.852
5,8712,1.697
5,8713,2.201
5,8714,1.973
5,8715,3.011
5,8716,1.871
5,8717,1.952
5,8718,2.275
5,8719,2.034
5,8720,1.791
5,8721,2.464
5,8722,2.073
5,8723,2.023
5,8724,2.250
5,8725,1.928
5,8726,1.687
5,8727,1.740
5,8728,1.971
5,8729,2.046
5,8730,2.226
5,8731,2.497
5,8732,2.065
5,8733,1.748
5,8734,2.113
5,8735,1.942
5,8736,1.676
5,8737,1.638
5,8738,2.146
5,8739,3.021
5,8740,1.811
5,8741,1.909
5,8742,2.150
5,8743,2.044
5,8744,2.138
5,8745,2.048
5,8746,2.303
5,8747,2.322
5,8748,2.212
5,8749,1.928
5,8750,1.657
5,8751,1.768
5,8752,1.897
5,8753,1.721
5,8754,2.252
5,8755,2.641
5,8756,2.926
5,8757,2.717
5,8758,2.358
5,8759,1.720
5,8760,1.606
5,8761,2.055
5,8762,1.999
5,8763,2.211
5,8764,2.342
5,8765,2.234
5,8766,1.985
5,8767,1.876
5,8768,1.878
5,8769,2.245
5,8770,2.277
5,8771,2.220
5,8772,2.461
5,8773,1.857
5,8774,2.100
5,8775,1.950
5,8776,2.520
5,8777,2.792
5,8778,1.852
5,8779,1.610
5,8780,2.100
5,8781,2.133
5,8782,1.830
5,8783,1.524
5,8784,2.757
5,8785,2.059
5,8786,1.807
5,8787,2.405
5,8788,1.999
5,8789,2.277
5,8790,2.147
5,8791,2.362
5,8792,1.989
5,8793,1.916
5,8794,1.956
5,8795,1.900
5,8796,1.936
5,8797,1.902
5,8798,2.128
5,8799,1.967
5,8800,2.075
5,8801,2.493
5,8802,1.818
5,8803,1.545
5,8804,1.738
5,8805,1.850
5,8806,2.110
5,8807,2.460
5,8808,2.672
5,8809,2.518
5,8810,2.560
5,8811,2.569
5,8812,2.324
5,8813,3.172
5,8814,2.775
5,8815,1.855
5,8816,2.122
5,8817,2.113
5,8818,1.930
5,8819,2.977
5,8820,2.407
5,8821,1.840
5,8822,2.359
5,8823,2.220
5,8824,1.860
5,8825,2.126
5,8826,2.417
5,8827,2.464
5,8828,2.394
5,8829,2.555
5,8830,2.865
5,8831,2.404
5,8832,3.138
5,8833,2.792
5,8834,2.426
5,8835,2.236
5,8836,4.196
5,8837,3.802
5,8838,4.054
5,8839,3.984
5,8840,3.615
5,8841,2.934
5,8842,3.847
5,8843,3.553
5,8844,2.884
5,8845,2.790
5,8846,3.243
5,8847,4.656
5,8848,3.532
5,8849,4.118
5,8850,3.483
5,8851,3.584
5,8852,2.462
5,8853,2.605
5,8854,2.281
5,8855,1.921
5,8856,2.063
5,8857,2.459
5,8858,2.986
5,8859,1.898
5,8860,2.167
5,8861,2.339
5,8862,1.643
5,8863,1.895
5,8864,2.276
5,8865,2.676
5,8866,2.041
5,8867,1.947
5,8868,1.797
5,8869,1.817
5,8870,2.932
5,8871,2.527
5,8872,2.356
5,8873,2.858
5,8874,2.217
5,8875,1.865
5,8876,2.050
5,8877,2.119
5,8878,1.777
5,8879,2.841
5,8880,2.090
5,8881,2.012
5,8882,2.218
5,8883,2.132
5,8884,1.834
5,8885,2.076
5,8886,2.543
5,8887,2.267
5,8888,2.467
5,8889,2.105
5,8890,1.996
5,8891,1.972
5,8892,2.260
5,8893,2.490
5,8894,2.259
5,8895,2.230
5,8896,1.959
5,8897,1.890
5,8898,1.787
5,8899,1.689
5,8900,1.692
5,8901,2.107
5,8902,3.145
5,8903,2.103
5,8904,1.802
5,8905,1.872
5,8906,1.676
5,8907,1.958
5,8908,1.793
5,8909,2.933
5,8910,3.869
5,8911,3.652
5,8912,2.295
5,8913,2.305
5,8914,2.412
5,8915,2.089
5,8916,1.803
5,8917,2.064
5,8918,1.664
5,8919,1.677
5,8920,1.854
5,8921,1.677
5,8922,1.578
5,8923,1.836
5,8924,1.983
5,8925,2.065
5,8926,1.873
5,8927,1.924
5,8928,1.795
5,8929,1.618
5,8930,1.653
5,8931,2.143
5,8932,2.147
5,8933,1.895
5,8934,1.799
5,8935,2.228
5,8936,2.665
5,8937,1.970
5,8938,1.878
5,8939,2.572
5,8940,2.369
5,8941,2.030
5,8942,1.843
5,8943,1.921
5,8944,2.395
5,8945,2.115
5,8946,2.495
5,8947,2.533
5,8948,2.468
5,8949,2.568
5,8950,2.278
5,8951,2.199
5,8952,1.932
5,8953,2.249
5,8954,2.247
5,8955,2.010
5,8956,1.812
5,8957,1.884
5,8958,1.938
5,8959,2.158
5,8960,2.490
5,8961,2.634
5,8962,2.419
5,8963,2.482
5,8964,2.165
5,8965,2.014
5,8966,2.019
5,8967,2.374
5,8968,2.745
5,8969,2.180
5,8970,2.195
5,8971,2.486
5,8972,2.498
5,8973,2.574
5,8974,3.102
5,8975,3.191
5,8976,2.037
5,8977,2.626
5,8978,2.675
5,8979,2.854
5,8980,2.627
5,8981,2.079
5,8982,2.794
5,8983,2.323
5,8984,1.778
5,8985,1.692
5,8986,2.276
5,8987,2.095
5,8988,1.935
5,8989,1.608
5,8990,1.731
5,8991,1.995
5,8992,1.769
5,8993,1.948
5,8994,2.336
5,8995,2.326
5,8996,2.368
5,8997,2.446
5,8998,2.194
5,8999,2.313
5,9000,2.007
5,9001,2.172
5,9002,2.844
5,9003,1.988
5,9004,1.778
5,9005,1.730
5,9006,1.882
5,9007,2.473
5,9008,1.745
5,9009,2.514
5,9010,2.123
5,9011,1.885
5,9012,1.864
5,9013,1.743
5,9014,1.700
5,9015,1.674
5,9016,1.964
5,9017,2.403
5,9018,2.095
5,9019,1.701
5,9020,1.728
5,9021,1.754
5,9022,1.776
5,9023,1.740
5,9024,1.658
5,9025,2.349
5,9026,2.054
5,9027,2.032
5,9028,2.278
5,9029,1.755
5,9030,1.672
5,9031,2.116
5,9032,2.105
5,9033,2.386
5,9034,2.692
5,9035,1.922
5,9036,1.654
5,9037,1.786
5,9038,1.809
5,9039,1.631
5,9040,1.603
5,9041,1.730
5,9042,2.379
5,9043,2.484
5,9044,1.777
5,9045,1.839
5,9046,1.692
5,9047,1.653
5,9048,1.884
5,9049,2.323
5,9050,3.077
5,9051,3.419
5,9052,2.739
5,9053,1.708
5,9054,1.821
5,9055,2.252
5,9056,2.454
5,9057,2.117
5,9058,2.206
5,9059,2.221
5,9060,1.827
5,9061,2.243
5,9062,1.896
5,9063,1.977
5,9064,2.824
5,9065,2.283
5,9066,1.951
5,9067,2.271
5,9068,1.942
5,9069,1.687
5,9070,1.785
5,9071,2.525
5,9072,2.065
5,9073,1.899
5,9074,2.129
5,9075,2.188
5,9076,2.602
5,9077,2.225
5,9078,2.326
5,9079,2.092
5,9080,2.189
5,9081,2.114
5,9082,1.797
5,9083,1.714
5,9084,2.378
5,9085,1.921
5,9086,1.912
5,9087,2.210
5,9088,2.039
5,9089,2.035
5,9090,1.981
5,9091,2.052
5,9092,1.868
5,9093,2.199
5,9094,2.318
5,9095,1.980
5,9096,1.648
5,9097,1.731
5,9098,2.072
5,9099,2.072
5,9100,2.332
5,9101,2.467
5,9102,3.639
5,9103,3.378
5,9104,3.133
5,9105,2.949
5,9106,2.919
5,9107,2.519
5,9108,2.927
5,9109,2.479
5,9110,2.776
5,9111,2.461
5,9112,2.388
5,9113,2.780
5,9114,2.995
5,9115,4.608
5,9116,2.972
5,9117,3.300
5,9118,3.548
5,9119,2.936
5,9120,2.734
5,9121,2.248
5,9122,2.627
5,9123,3.180
5,9124,2.370
5,9125,2.553
5,9126,2.097
5,9127,2.782
5,9128,2.354
5,9129,2.406
5,9130,2.468
5,9131,2.118
5,9132,2.325
5,9133,2.317
5,9134,2.682
5,9135,2.583
5,9136,2.868
5,9137,2.412
5,9138,2.374
5,9139,2.620
5,9140,2.415
5,9141,3.288
5,9142,2.523
5,9143,2.336
5,9144,2.480
5,9145,2.312
5,9146,2.464
5,9147,2.820
5,9148,2.824
5,9149,2.493
5,9150,2.510
5,9151,2.387
5,9152,2.474
5,9153,2.647
5,9154,2.811
5,9155,4.412
5,9156,3.592
5,9157,3.284
5,9158,2.853
5,9159,2.731
5,9160,3.106
5,9161,3.058
5,9162,2.449
5,9163,3.263
5,9164,4.097
5,9165,3.761
5,9166,2.793
5,9167,2.463
5,9168,2.852
5,9169,2.806
5,9170,2.868
5,9171,2.981
5,9172,3.110
5,9173,2.584
5,9174,2.798
5,9175,2.633
5,9176,2.307
5,9177,2.351
5,9178,2.484
5,9179,2.665
5,9180,2.635
5,9181,2.581
5,9182,2.595
5,9183,2.483
5,9184,2.331
5,9185,2.349
5,9186,3.452
5,9187,2.539
5,9188,2.221
5,9189,2.434
5,9190,2.280
5,9191,2.488
5,9192,2.232
5,9193,3.108
5,9194,2.627
5,9195,2.306
5,9196,2.061
5,9197,2.173
5,9198,2.220
5,9199,2.333
5,9200,2.837
5,9201,2.205
5,9202,2.129
5,9203,2.389
5,9204,2.129
5,9205,2.533
5,9206,3.791
5,9207,2.796
5,9208,2.332
5,9209,2.385
5,9210,2.327
5,9211,2.597
5,9212,2.843
5,9213,2.300
5,9214,2.840
5,9215,2.077
5,9216,1.921
5,9217,2.110
5,9218,2.235
5,9219,2.653
5,9220,2.469
5,9221,2.156
5,9222,2.743
5,9223,2.645
5,9224,2.472
5,9225,2.727
5,9226,2.761
5,9227,2.676
5,9228,2.480
5,9229,2.562
5,9230,2.723
5,9231,2.844
5,9232,2.207
5,9233,2.365
5,9234,2.517
5,9235,2.130
5,9236,3.125
5,9237,2.359
5,9238,1.970
5,9239,1.998
5,9240,1.731
5,9241,1.672
5,9242,1.652
5,9243,2.256
5,9244,2.754
5,9245,1.860
5,9246,1.938
5,9247,1.815
5,9248,1.771
5,9249,1.962
5,9250,1.876
5,9251,1.725
5,9252,2.182
5,9253,2.593
5,9254,2.429
5,9255,1.703
5,9256,1.734
5,9257,2.149
5,9258,2.133
5,9259,2.212
5,9260,2.674
5,9261,2.410
5,9262,1.859
5,9263,2.041
5,9264,1.824
5,9265,1.696
5,9266,1.674
5,9267,1.913
5,9268,2.759
5,9269,2.126
5,9270,2.159
5,9271,1.732
5,9272,1.805
5,9273,1.986
5,9274,1.964
5,9275,1.667
5,9276,2.882
5,9277,2.341
5,9278,2.355
5,9279,2.165
5,9280,2.095
5,9281,2.070
5,9282,2.230
5,9283,2.470
5,9284,2.333
5,9285,2.338
5,9286,2.541
5,9287,2.830
5,9288,2.502
5,9289,2.975
5,9290,2.380
5,9291,2.375
5,9292,2.138
5,9293,1.936
5,9294,2.459
5,9295,2.596
5,9296,2.260
5,9297,2.493
5,9298,2.341
5,9299,2.543
5,9300,2.330
5,9301,3.349
5,9302,2.774
5,9303,2.643
5,9304,3.048
5,9305,2.702
5,9306,2.820
5,9307,4.527
5,9308,2.699
5,9309,2.595
5,9310,2.323
5,9311,4.341
5,9312,2.629
5,9313,2.435
5,9314,1.939
5,9315,1.792
5,9316,1.803
5,9317,1.953
5,9318,2.327
5,9319,2.110
5,9320,2.222
5,9321,2.238
5,9322,2.569
5,9323,1.831
5,9324,1.929
5,9325,2.342
5,9326,2.190
5,9327,2.115
5,9328,2.093
5,9329,2.083
5,9330,2.826
5,9331,2.509
5,9332,2.018
5,9333,3.215
5,9334,2.374
5,9335,2.044
5,9336,1.762
5,9337,2.500
5,9338,2.003
5,9339,2.016
5,9340,2.670
5,9341,1.930
5,9342,1.773
5,9343,2.184
5,9344,2.217
5,9345,2.390
5,9346,2.011
5,9347,2.398
5,9348,2.114
5,9349,2.419
5,9350,2.484
5,9351,2.390
5,9352,2.623
5,9353,2.858
5,9354,2.056
5,9355,2.040
5,9356,1.812
5,9357,1.848
5,9358,1.899
5,9359,1.769
5,9360,1.710
5,9361,2.100
5,9362,2.646
5,9363,2.389
5,9364,1.769
5,9365,1.924
5,9366,1.978
5,9367,2.081
5,9368,2.094
5,9369,2.573
5,9370,2.548
5,9371,1.994
5,9372,2.060
5,9373,1.717
5,9374,1.643
5,9375,1.758
5,9376,1.784
5,9377,2.212
5,9378,2.554
5,9379,2.806
5,9380,2.235
5,9381,2.310
5,9382,2.079
5,9383,1.776
5,9384,2.071
5,9385,2.819
5,9386,6.468
5,9387,3.449
5,9388,2.816
5,9389,2.830
5,9390,2.104
5,9391,1.863
5,9392,2.026
5,9393,1.734
5,9394,2.319
5,9395,1.971
5,9396,2.096
5,9397,2.280
5,9398,2.034
5,9399,1.724
5,9400,1.762
5,9401,1.778
5,9402,2.242
5,9403,2.704
5,9404,2.251
5,9405,2.290
5,9406,2.187
5,9407,2.278
5,9408,3.195
5,9409,3.277
5,9410,3.552
5,9411,2.189
5,9412,3.014
5,9413,2.685
5,9414,1.943
5,9415,1.927
5,9416,3.161
5,9417,2.914
5,9418,2.557
5,9419,2.214
5,9420,2.098
5,9421,2.534
5,9422,2.770
5,9423,2.597
5,9424,3.205
5,9425,2.582
5,9426,3.129
5,9427,2.729
5,9428,3.049
5,9429,2.896
5,9430,3.197
5,9431,2.822
5,9432,4.424
5,9433,3.501
5,9434,1.962
5,9435,2.460
5,9436,2.472
5,9437,2.137
5,9438,2.140
5,9439,2.356
5,9440,2.037
5,9441,1.999
5,9442,2.041
5,9443,2.008
5,9444,2.464
5,9445,2.406
5,9446,2.595
5,9447,2.557
5,9448,2.306
5,9449,1.836
5,9450,1.874
5,9451,2.039
5,9452,2.209
5,9453,2.121
5,9454,2.328
5,9455,1.997
5,9456,1.787
5,9457,2.004
5,9458,2.248
5,9459,1.891
5,9460,1.749
5,9461,2.896
5,9462,2.667
5,9463,2.587
5,9464,2.428
5,9465,2.265
5,9466,2.304
5,9467,2.649
5,9468,2.341
5,9469,2.404
5,9470,2.426
5,9471,2.197
5,9472,2.242
5,9473,2.020
5,9474,1.987
5,9475,2.373
5,9476,2.496
5,9477,1.792
5,9478,3.834
5,9479,3.278
5,9480,2.751
5,9481,2.272
5,9482,1.996
5,9483,2.956
5,9484,2.095
5,9485,1.769
5,9486,1.986
5,9487,2.436
5,9488,2.521
5,9489,2.030
5,9490,2.196
5,9491,2.496
5,9492,2.309
5,9493,2.235
5,9494,2.095
5,9495,2.600
5,9496,2.547
5,9497,1.908
5,9498,1.722
5,9499,2.410
5,9500,1.894
5,9501,2.025
5,9502,2.575
5,9503,2.186
5,9504,1.988
5,9505,2.659
5,9506,2.719
5,9507,2.961
5,9508,3.001
5,9509,2.742
5,9510,2.284
5,9511,2.182
5,9512,2.100
5,9513,2.287
5,9514,2.471
5,9515,2.474
5,9516,2.190
5,9517,2.084
5,9518,1.802
5,9519,1.669
5,9520,1.915
5,9521,1.916
5,9522,2.061
5,9523,3.197
5,9524,2.031
5,9525,1.716
5,9526,1.763
5,9527,2.044
5,9528,2.006
5,9529,1.818
5,9530,2.348
5,9531,3.203
5,9532,2.894
5,9533,2.326
5,9534,1.926
5,9535,2.107
5,9536,3.046
5,9537,3.206
5,9538,3.315
5,9539,2.450
5,9540,2.439
5,9541,2.418
5,9542,2.952
5,9543,3.270
5,9544,2.836
5,9545,2.748
5,9546,2.804
5,9547,2.515
5,9548,3.002
5,9549,3.019
5,9550,3.550
5,9551,2.505
5,9552,2.518
5,9553,3.048
5,9554,3.357
5,9555,3.054
5,9556,3.219
5,9557,2.797
5,9558,2.502
5,9559,2.807
5,9560,2.864
5,9561,2.373
5,9562,2.292
5,9563,2.752
5,9564,2.424
5,9565,2.896
5,9566,2.919
5,9567,2.843
5,9568,3.113
5,9569,2.510
5,9570,2.695
5,9571,2.558
5,9572,2.025
5,9573,2.068
5,9574,1.938
5,9575,1.871
5,9576,2.098
5,9577,2.347
5,9578,2.193
5,9579,2.388
5,9580,2.240
5,9581,1.922
5,9582,2.228
5,9583,2.503
5,9584,2.477
5,9585,3.664
5,9586,2.410
5,9587,2.228
5,9588,2.505
5,9589,2.469
5,9590,1.875
5,9591,2.021
5,9592,2.620
5,9593,2.236
5,9594,2.283
5,9595,2.083
5,9596,1.966
5,9597,2.161
5,9598,2.096
5,9599,2.039
5,9600,2.572
5,9601,2.251
5,9602,2.327
5,9603,2.231
5,9604,2.050
5,9605,1.745
5,9606,1.811
5,9607,2.209
5,9608,2.284
5,9609,1.872
5,9610,1.970
5,9611,2.003
5,9612,2.082
5,9613,2.413
5,9614,2.431
5,9615,1.987
5,9616,2.154
5,9617,2.119
5,9618,1.847
5,9619,1.790
5,9620,1.913
5,9621,1.845
5,9622,2.391
5,9623,2.459
5,9624,2.435
5,9625,2.767
5,9626,2.752
5,9627,2.548
5,9628,2.739
5,9629,2.631
5,9630,1.948
5,9631,1.597
5,9632,2.404
5,9633,2.166
5,9634,1.946
5,9635,2.365
5,9636,3.010
5,9637,2.690
5,9638,2.491
5,9639,2.521
5,9640,2.096
5,9641,2.184
5,9642,2.744
5,9643,2.522
5,9644,2.165
5,9645,2.089
5,9646,2.145
5,9647,2.893
5,9648,2.682
5,9649,2.537
5,9650,2.306
5,9651,2.150
5,9652,2.186
5,9653,2.189
5,9654,2.657
5,9655,3.306
5,9656,2.725
5,9657,2.363
5,9658,2.411
5,9659,2.427
5,9660,2.265
5,9661,3.119
5,9662,2.445
5,9663,2.604
5,9664,2.167
5,9665,2.289
5,9666,2.775
5,9667,2.993
5,9668,3.029
5,9669,2.531
5,9670,2.540
5,9671,2.665
5,9672,2.328
5,9673,3.332
5,9674,3.305
5,9675,3.145
5,9676,2.659
5,9677,2.473
5,9678,2.977
5,9679,2.903
5,9680,2.662
5,9681,3.245
5,9682,2.393
5,9683,2.544
5,9684,3.108
5,9685,2.646
5,9686,2.476
5,9687,2.699
5,9688,3.204
5,9689,2.393
5,9690,3.166
5,9691,2.900
5,9692,3.008
5,9693,2.876
5,9694,3.366
5,9695,3.274
5,9696,3.060
5,9697,2.845
5,9698,2.778
5,9699,2.862
5,9700,3.695
5,9701,3.810
5,9702,3.071
5,9703,2.593
5,9704,2.657
5,9705,2.665
5,9706,2.957
5,9707,2.744
5,9708,2.351
5,9709,2.789
5,9710,2.559
5,9711,2.675
5,9712,3.250
5,9713,2.802
5,9714,2.432
5,9715,2.456
5,9716,2.499
5,9717,2.864
5,9718,3.434
5,9719,3.514
5,9720,3.321
5,9721,2.742
5,9722,2.757
5,9723,2.432
5,9724,2.465
5,9725,2.905
5,9726,2.794
5,9727,3.319
5,9728,2.536
5,9729,2.593
5,9730,2.332
5,9731,2.041
5,9732,2.196
5,9733,2.203
5,9734,2.808
5,9735,3.367
5,9736,2.298
5,9737,2.012
5,9738,2.602
5,9739,2.124
5,9740,1.716
5,9741,2.571
5,9742,2.971
5,9743,2.102
5,9744,2.374
5,9745,2.148
5,9746,1.975
5,9747,2.600
5,9748,3.300
5,9749,2.758
5,9750,2.396
5,9751,1.864
5,9752,1.814
5,9753,2.031
5,9754,1.845
5,9755,2.823
5,9756,2.953
5,9757,1.892
5,9758,1.933
5,9759,2.190
5,9760,2.206
5,9761,1.753
5,9762,2.158
5,9763,2.142
5,9764,2.347
5,9765,2.070
5,9766,2.004
5,9767,1.849
5,9768,1.879
5,9769,2.231
5,9770,2.958
5,9771,2.170
5,9772,2.458
5,9773,2.224
5,9774,1.798
5,9775,2.126
5,9776,2.021
5,9777,2.482
5,9778,2.447
5,9779,2.066
5,9780,2.531
5,9781,2.011
5,9782,1.962
5,9783,2.022
5,9784,2.864
5,9785,3.364
5,9786,2.937
5,9787,3.112
5,9788,2.136
5,9789,2.533
5,9790,2.816
5,9791,2.481
5,9792,2.537
5,9793,2.228
5,9794,2.820
5,9795,2.706
5,9796,3.275
5,9797,3.565
5,9798,2.324
5,9799,2.083
5,9800,2.566
5,9801,2.569
5,9802,2.734
5,9803,2.056
5,9804,1.939
5,9805,1.957
5,9806,2.236
5,9807,1.884
5,9808,2.230
5,9809,2.299
5,9810,2.150
5,9811,2.320
5,9812,2.118
5,9813,1.898
5,9814,1.779
5,9815,1.913
5,9816,2.920
5,9817,2.652
5,9818,2.530
5,9819,2.571
5,9820,2.474
5,9821,2.689
5,9822,2.923
5,9823,3.176
5,9824,2.414
5,9825,2.039
5,9826,2.198
5,9827,2.319
5,9828,1.841
5,9829,2.063
5,9830,2.149
5,9831,2.407
5,9832,2.587
5,9833,2.022
5,9834,1.724
5,9835,1.765
5,9836,1.844
5,9837,2.308
5,9838,1.995
5,9839,1.900
5,9840,2.290
5,9841,1.796
5,9842,1.670
5,9843,1.764
5,9844,1.703
5,9845,1.922
5,9846,2.279
5,9847,2.490
5,9848,1.947
5,9849,2.058
5,9850,2.038
5,9851,1.964
5,9852,1.984
5,9853,2.533
5,9854,3.321
5,9855,3.436
5,9856,3.181
5,9857,1.925
5,9858,1.827
5,9859,2.322
5,9860,2.003
5,9861,1.875
5,9862,1.907
5,9863,1.975
5,9864,2.279
5,9865,2.077
5,9866,2.085
5,9867,1.921
5,9868,1.867
5,9869,2.126
5,9870,1.976
5,9871,1.668
5,9872,1.864
5,9873,2.265
5,9874,2.614
5,9875,2.155
5,9876,1.774
5,9877,1.663
5,9878,1.860
5,9879,2.090
5,9880,2.228
5,9881,2.291
5,9882,2.651
5,9883,2.136
5,9884,2.288
5,9885,2.115
5,9886,1.872
5,9887,1.681
5,9888,1.740
5,9889,2.294
5,9890,2.226
5,9891,1.792
5,9892,1.910
5,9893,1.924
5,9894,2.128
5,9895,1.936
5,9896,1.819
5,9897,2.311
5,9898,1.967
5,9899,3.282
5,9900,2.114
5,9901,1.980
5,9902,2.012
5,9903,2.432
5,9904,2.436
5,9905,2.304
5,9906,1.859
5,9907,2.088
5,9908,1.979
5,9909,1.830
5,9910,1.787
5,9911,2.535
5,9912,2.798
5,9913,2.763
5,9914,2.964
5,9915,2.401
5,9916,2.547
5,9917,2.697
5,9918,2.612
5,9919,2.499
5,9920,2.456
5,9921,2.044
5,9922,2.419
5,9923,2.609
5,9924,3.043
5,9925,2.642
5,9926,2.222
5,9927,2.106
5,9928,2.456
5,9929,2.518
5,9930,2.802
5,9931,2.955
5,9932,3.001
5,9933,2.902
5,9934,2.639
5,9935,3.154
5,9936,2.802
5,9937,2.523
5,9938,2.804
5,9939,2.482
5,9940,2.076
5,9941,2.841
5,9942,3.604
5,9943,3.210
5,9944,2.584
5,9945,2.517
5,9946,2.535
5,9947,4.146
5,9948,3.475
5,9949,2.685
5,9950,3.102
5,9951,2.670
5,9952,3.616
5,9953,3.606
5,9954,3.108
5,9955,3.345
5,9956,2.998
5,9957,3.873
5,9958,4.119
5,9959,3.833
5,9960,3.081
5,9961,3.598
5,9962,3.730
5,9963,3.305
5,9964,3.539
5,9965,3.369
5,9966,4.277
5,9967,3.405
5,9968,3.140
5,9969,3.528
5,9970,3.931
5,9971,3.410
5,9972,3.939
5,9973,3.811
5,9974,4.543
5,9975,3.465
5,9976,3.783
5,9977,3.501
5,9978,3.616
5,9979,3.658
5,9980,3.067
5,9981,2.657
5,9982,2.989
5,9983,3.059
5,9984,4.420
5,9985,4.289
5,9986,3.401
5,9987,3.036
5,9988,3.879
5,9989,3.091
5,9990,2.933
5,9991,2.939
5,9992,3.104
5,9993,2.868
5,9994,3.285
5,9995,2.763
5,9996,3.632
5,9997,3.095
5,9998,3.653
5,9999,3.031
5,10000,3.157
5,10001,3.161
5,10002,3.552
5,10003,3.045
5,10004,2.997
5,10005,3.168
5,10006,3.046
5,10007,2.958
5,10008,3.778
5,10009,3.036
5,10010,2.907
5,10011,3.019
5,10012,2.608
5,10013,3.180
5,10014,3.629
5,10015,2.588
5,10016,2.500
5,10017,2.454
5,10018,2.550
5,10019,3.061
5,10020,2.781
5,10021,2.627
5,10022,2.534
5,10023,2.459
5,10024,2.810
5,10025,3.188
5,10026,2.513
5,10027,2.783
5,10028,2.228
5,10029,2.718
5,10030,3.468
5,10031,3.012
5,10032,2.951
5,10033,2.702
5,10034,2.793
5,10035,2.777
5,10036,3.584
5,10037,2.751
5,10038,2.796
5,10039,3.447
5,10040,2.653
5,10041,3.065
5,10042,3.082
5,10043,2.922
5,10044,3.027
5,10045,3.020
5,10046,3.120
5,10047,2.209
5,10048,2.644
5,10049,2.286
5,10050,2.468
5,10051,2.289
5,10052,2.938
5,10053,2.950
5,10054,3.126
5,10055,2.811
5,10056,2.979
5,10057,2.883
5,10058,4.880
5,10059,3.405
5,10060,3.056
5,10061,2.643
5,10062,3.100
5,10063,3.351
5,10064,2.830
5,10065,2.714
5,10066,2.556
5,10067,2.695
5,10068,2.794
5,10069,3.115
5,10070,2.896
5,10071,2.429
5,10072,2.593
5,10073,3.041
5,10074,3.166
5,10075,3.065
5,10076,2.146
5,10077,2.506
5,10078,2.418
5,10079,2.684
5,10080,2.604
5,10081,2.413
5,10082,2.942
5,10083,2.398
5,10084,2.147
5,10085,3.341
5,10086,2.528
5,10087,2.231
5,10088,2.436
5,10089,3.529
5,10090,3.653
5,10091,2.981
5,10092,2.995
5,10093,2.330
5,10094,2.211
5,10095,2.924
5,10096,2.810
5,10097,2.592
5,10098,2.438
5,10099,2.184
5,10100,2.756
5,10101,2.099
5,10102,2.707
5,10103,2.554
5,10104,2.238
5,10105,1.734
5,10106,1.925
5,10107,2.385
5,10108,2.145
5,10109,2.689
5,10110,2.744
5,10111,1.921
5,10112,1.846
5,10113,2.149
5,10114,1.728
5,10115,1.694
5,10116,1.992
5,10117,2.370
5,10118,2.645
5,10119,3.024
5,10120,2.530
5,10121,2.532
5,10122,2.462
5,10123,2.232
5,10124,2.673
5,10125,2.624
5,10126,2.653
5,10127,2.314
5,10128,2.166
5,10129,2.786
5,10130,3.837
5,10131,2.583
5,10132,2.733
5,10133,3.104
5,10134,2.629
5,10135,3.192
5,10136,2.643
5,10137,2.661
5,10138,2.524
5,10139,2.857
5,10140,3.026
5,10141,2.607
5,10142,2.821
5,10143,2.672
5,10144,2.691
5,10145,2.814
5,10146,2.948
5,10147,3.142
5,10148,2.755
5,10149,2.483
5,10150,2.617
5,10151,2.862
5,10152,2.711
5,10153,2.409
5,10154,2.173
5,10155,2.966
5,10156,2.298
5,10157,5.367
5,10158,3.063
5,10159,2.507
5,10160,2.503
5,10161,2.472
5,10162,2.588
5,10163,2.556
5,10164,2.812
5,10165,3.386
5,10166,3.216
5,10167,2.760
5,10168,2.562
5,10169,3.048
5,10170,2.554
5,10171,2.922
5,10172,3.000
5,10173,2.377
5,10174,2.790
5,10175,2.628
5,10176,2.692
5,10177,2.603
5,10178,2.821
5,10179,2.688
5,10180,2.804
5,10181,2.674
5,10182,2.884
5,10183,3.119
5,10184,3.072
5,10185,2.794
5,10186,2.956
5,10187,2.518
5,10188,2.295
5,10189,2.436
5,10190,2.531
5,10191,3.009
5,10192,3.191
5,10193,2.909
5,10194,2.786
5,10195,2.404
5,10196,2.349
5,10197,2.815
5,10198,3.397
5,10199,2.580
5,10200,2.652
5,10201,2.551
5,10202,3.027
5,10203,2.697
5,10204,3.164
5,10205,2.528
5,10206,2.428
5,10207,2.595
5,10208,2.467
5,10209,2.691
5,10210,2.574
5,10211,2.495
5,10212,2.331
5,10213,2.491
5,10214,2.086
5,10215,2.051
5,10216,2.540
5,10217,2.406
5,10218,2.175
5,10219,2.710
5,10220,2.264
5,10221,2.927
5,10222,2.726
5,10223,2.396
5,10224,2.486
5,10225,2.360
5,10226,2.795
5,10227,2.473
5,10228,2.120
5,10229,2.555
5,10230,2.424
5,10231,1.971
5,10232,1.995
5,10233,2.345
5,10234,2.355
5,10235,1.817
5,10236,2.002
5,10237,2.841
5,10238,2.317
5,10239,2.097
5,10240,1.813
5,10241,1.746
5,10242,2.392
5,10243,2.601
5,10244,2.621
5,10245,2.595
5,10246,2.318
5,10247,2.227
5,10248,2.342
5,10249,2.576
5,10250,3.494
5,10251,3.132
5,10252,2.746
5,10253,2.744
5,10254,2.307
5,10255,2.562
5,10256,2.982
5,10257,2.333
5,10258,2.234
5,10259,2.459
5,10260,2.579
5,10261,3.403
5,10262,3.445
5,10263,2.144
5,10264,1.829
5,10265,1.765
5,10266,2.117
5,10267,1.835
5,10268,1.723
5,10269,2.399
5,10270,3.039
5,10271,2.043
5,10272,1.648
5,10273,1.756
5,10274,2.228
5,10275,1.963
5,10276,2.161
5,10277,2.957
5,10278,3.078
5,10279,2.647
5,10280,2.451
5,10281,2.331
5,10282,3.061
5,10283,3.286
5,10284,2.569
5,10285,1.826
5,10286,1.745
5,10287,1.856
5,10288,1.962
5,10289,1.760
5,10290,2.674
5,10291,2.983
5,10292,2.513
5,10293,1.953
5,10294,1.852
5,10295,1.667
5,10296,1.617
5,10297,2.694
5,10298,2.363
5,10299,2.007
5,10300,1.907
5,10301,2.559
5,10302,1.988
5,10303,1.781
5,10304,2.146
5,10305,2.034
5,10306,2.039
5,10307,2.527
5,10308,2.039
5,10309,2.195
5,10310,1.973
5,10311,2.517
5,10312,2.038
5,10313,2.015
5,10314,1.954
5,10315,1.857
5,10316,1.928
5,10317,1.839
5,10318,2.028
5,10319,2.163
5,10320,2.325
5,10321,2.222
5,10322,1.772
5,10323,1.643
5,10324,1.849
5,10325,1.670
5,10326,1.867
5,10327,2.353
5,10328,1.912
5,10329,1.950
5,10330,1.887
5,10331,2.197
5,10332,1.976
5,10333,1.883
5,10334,2.060
5,10335,2.081
5,10336,2.394
5,10337,1.772
5,10338,1.948
5,10339,1.834
5,10340,1.715
5,10341,1.868
5,10342,2.599
5,10343,2.419
5,10344,2.750
5,10345,3.222
5,10346,2.376
5,10347,2.654
5,10348,2.622
5,10349,2.945
5,10350,2.557
5,10351,2.446
5,10352,2.901
5,10353,3.001
5,10354,2.402
5,10355,2.574
5,10356,2.540
5,10357,2.334
5,10358,2.134
5,10359,3.093
5,10360,2.577
5,10361,2.419
5,10362,2.411
5,10363,2.058
5,10364,1.901
5,10365,1.972
5,10366,1.774
5,10367,2.377
5,10368,1.985
5,10369,2.012
5,10370,2.151
5,10371,1.812
5,10372,1.658
5,10373,1.773
5,10374,2.241
5,10375,2.830
5,10376,2.924
5,10377,2.099
5,10378,1.876
5,10379,2.175
5,10380,1.948
5,10381,1.806
5,10382,2.140
5,10383,2.586
5,10384,2.760
5,10385,2.223
5,10386,2.335
5,10387,2.286
5,10388,2.471
5,10389,2.732
5,10390,2.351
5,10391,2.643
5,10392,2.609
5,10393,2.140
5,10394,2.120
5,10395,2.994
5,10396,2.907
5,10397,2.682
5,10398,2.616
5,10399,2.178
5,10400,2.403
5,10401,2.428
5,10402,2.200
5,10403,2.605
5,10404,2.185
5,10405,1.785
5,10406,2.413
5,10407,1.902
5,10408,2.047
5,10409,2.421
5,10410,2.036
5,10411,1.730
5,10412,1.717
5,10413,2.057
5,10414,2.081
5,10415,2.136
5,10416,2.245
5,10417,2.263
5,10418,2.106
5,10419,2.568
5,10420,2.277
5,10421,1.851
5,10422,1.916
5,10423,2.917
5,10424,2.027
5,10425,2.264
5,10426,2.221
5,10427,2.043
5,10428,1.913
5,10429,1.935
5,10430,1.782
5,10431,4.075
5,10432,2.291
5,10433,1.786
5,10434,1.778
5,10435,2.037
5,10436,2.054
5,10437,1.871
5,10438,2.244
5,10439,2.566
5,10440,2.027
5,10441,2.551
5,10442,2.262
5,10443,1.868
5,10444,1.905
5,10445,2.392
5,10446,2.108
5,10447,2.604
5,10448,2.203
5,10449,2.633
5,10450,2.425
5,10451,1.978
5,10452,2.252
5,10453,2.250
5,10454,2.358
5,10455,2.370
5,10456,1.872
5,10457,2.032
5,10458,1.821
5,10459,2.412
5,10460,3.544
5,10461,3.139
5,10462,3.337
5,10463,2.892
5,10464,2.551
5,10465,3.343
5,10466,2.997
5,10467,2.721
5,10468,2.590
5,10469,1.966
5,10470,1.763
5,10471,2.488
5,10472,2.225
5,10473,1.948
5,10474,1.991
5,10475,1.843
5,10476,2.216
5,10477,1.746
5,10478,1.882
5,10479,2.500
5,10480,2.016
5,10481,1.667
5,10482,1.575
5,10483,1.858
5,10484,2.075
5,10485,2.734
5,10486,3.005
5,10487,2.944
5,10488,2.833
5,10489,2.609
5,10490,2.442
5,10491,2.380
5,10492,2.990
5,10493,1.920
5,10494,2.016
5,10495,1.847
5,10496,1.782
5,10497,2.009
5,10498,1.908
5,10499,2.036
5,10500,2.142
5,10501,2.530
5,10502,1.960
5,10503,1.751
5,10504,1.747
5,10505,1.901
5,10506,1.796
5,10507,2.511
5,10508,2.274
5,10509,1.823
5,10510,2.144
5,10511,2.110
5,10512,1.947
5,10513,1.688
5,10514,1.710
5,10515,2.473
5,10516,2.590
5,10517,2.173
5,10518,2.576
5,10519,2.241
5,10520,2.176
5,10521,2.640
5,10522,2.634
5,10523,2.493
5,10524,2.389
5,10525,2.554
5,10526,2.129
5,10527,2.215
5,10528,2.820
5,10529,3.113
5,10530,2.726
5,10531,2.799
5,10532,2.907
5,10533,2.198
5,10534,2.410
5,10535,2.119
5,10536,2.021
5,10537,1.881
5,10538,1.801
5,10539,1.732
5,10540,1.974
5,10541,1.923
5,10542,2.707
5,10543,1.887
5,10544,1.697
5,10545,1.839
5,10546,1.769
5,10547,1.943
5,10548,1.899
5,10549,2.417
5,10550,2.420
5,10551,2.155
5,10552,2.423
5,10553,1.977
5,10554,1.829
5,10555,1.892
5,10556,1.988
5,10557,3.412
5,10558,2.669
5,10559,2.601
5,10560,2.354
5,10561,2.058
5,10562,1.720
5,10563,2.006
5,10564,2.673
5,10565,2.189
5,10566,1.817
5,10567,1.796
5,10568,1.758
5,10569,1.795
5,10570,1.982
5,10571,2.140
5,10572,1.925
5,10573,2.171
5,10574,1.980
5,10575,2.560
5,10576,2.112
5,10577,1.925
5,10578,2.068
5,10579,2.689
5,10580,2.138
5,10581,2.377
5,10582,1.765
5,10583,1.618
5,10584,1.905
5,10585,1.780
5,10586,1.794
5,10587,1.886
5,10588,2.020
5,10589,2.129
5,10590,2.272
5,10591,1.933
5,10592,1.799
5,10593,1.724
5,10594,2.182
5,10595,2.601
5,10596,2.278
5,10597,2.362
5,10598,2.826
5,10599,2.354
5,10600,2.086
5,10601,2.755
5,10602,2.588
5,10603,2.598
5,10604,2.295
5,10605,2.409
5,10606,2.614
5,10607,2.367
5,10608,1.991
5,10609,1.939
5,10610,1.768
5,10611,1.704
5,10612,1.984
5,10613,2.268
5,10614,1.864
5,10615,1.971
5,10616,2.062
5,10617,1.893
5,10618,1.687
5,10619,1.613
5,10620,1.918
5,10621,1.868
5,10622,2.308
5,10623,2.553
5,10624,2.411
5,10625,2.176
5,10626,2.274
5,10627,2.046
5,10628,1.810
5,10629,1.663
5,10630,2.536
5,10631,2.348
5,10632,1.973
5,10633,1.794
5,10634,1.684
5,10635,1.565
5,10636,1.596
5,10637,2.078
5,10638,1.895
5,10639,3.711
5,10640,2.194
5,10641,2.015
5,10642,1.704
5,10643,1.694
5,10644,1.834
5,10645,1.812
5,10646,2.271
5,10647,3.219
5,10648,1.957
5,10649,1.739
5,10650,1.847
5,10651,1.983
5,10652,1.823
5,10653,1.895
5,10654,2.579
5,10655,2.947
5,10656,2.327
5,10657,2.103
5,10658,2.123
5,10659,2.349
5,10660,2.475
5,10661,2.641
5,10662,2.873
5,10663,2.195
5,10664,2.235
5,10665,2.172
5,10666,2.116
5,10667,2.807
5,10668,3.959
5,10669,2.761
5,10670,2.351
5,10671,2.319
5,10672,2.987
5,10673,4.865
5,10674,2.500
5,10675,2.402
5,10676,1.751
5,10677,1.703
5,10678,2.119
5,10679,2.463
5,10680,2.144
5,10681,2.007
5,10682,2.054
5,10683,2.076
5,10684,2.598
5,10685,2.290
5,10686,2.830
5,10687,2.384
5,10688,2.687
5,10689,2.344
5,10690,2.396
5,10691,3.075
5,10692,2.991
5,10693,2.397
5,10694,2.216
5,10695,2.337
5,10696,2.386
5,10697,2.217
5,10698,3.502
5,10699,3.304
5,10700,2.748
5,10701,2.696
5,10702,2.113
5,10703,2.550
5,10704,2.936
5,10705,2.348
5,10706,2.504
5,10707,2.792
5,10708,2.544
5,10709,2.647
5,10710,3.303
5,10711,2.960
5,10712,2.335
5,10713,2.349
5,10714,2.372
5,10715,2.516
5,10716,2.440
5,10717,2.987
5,10718,3.285
5,10719,2.484
5,10720,2.298
5,10721,2.580
5,10722,3.278
5,10723,2.967
5,10724,3.243
5,10725,2.543
5,10726,3.390
5,10727,2.526
5,10728,2.444
5,10729,2.502
5,10730,2.265
5,10731,2.843
5,10732,2.494
5,10733,3.418
5,10734,2.419
5,10735,2.272
5,10736,2.505
5,10737,2.480
5,10738,2.853
5,10739,2.686
5,10740,2.613
5,10741,2.274
5,10742,2.230
5,10743,2.427
5,10744,2.474
5,10745,3.393
5,10746,2.789
5,10747,2.469
5,10748,2.475
5,10749,2.315
5,10750,2.420
5,10751,2.455
5,10752,3.029
5,10753,2.678
5,10754,2.495
5,10755,2.798
5,10756,2.960
5,10757,2.600
5,10758,3.075
5,10759,3.032
5,10760,2.485
5,10761,2.587
5,10762,2.418
5,10763,3.239
5,10764,2.375
5,10765,1.928
5,10766,2.838
5,10767,2.514
5,10768,2.197
5,10769,3.295
5,10770,3.426
5,10771,5.319
5,10772,3.336
5,10773,2.983
5,10774,2.614
5,10775,2.533
5,10776,2.348
5,10777,2.546
5,10778,2.627
5,10779,3.011
5,10780,2.908
5,10781,2.738
5,10782,2.420
5,10783,2.546
5,10784,2.321
5,10785,2.660
5,10786,2.787
5,10787,1.990
5,10788,2.054
5,10789,2.073
5,10790,1.693
5,10791,1.644
5,10792,1.839
5,10793,2.752
5,10794,2.867
5,10795,2.554
5,10796,2.430
5,10797,2.211
5,10798,2.412
5,10799,2.335
5,10800,2.239
5,10801,2.524
5,10802,2.425
5,10803,2.090
5,10804,2.186
5,10805,1.930
5,10806,2.230
5,10807,2.342
5,10808,2.039
5,10809,2.135
5,10810,2.009
5,10811,1.839
5,10812,1.637
5,10813,1.543
5,10814,2.219
5,10815,2.547
5,10816,2.265
5,10817,2.167
5,10818,2.259
5,10819,1.828
5,10820,1.799
5,10821,2.092
5,10822,2.383
5,10823,2.791
5,10824,2.984
5,10825,2.825
5,10826,2.931
5,10827,2.077
5,10828,2.414
5,10829,2.336
5,10830,2.040
5,10831,4.569
5,10832,3.171
5,10833,3.379
5,10834,2.857
5,10835,2.722
5,10836,2.805
5,10837,2.484
5,10838,3.036
5,10839,3.162
5,10840,2.531
5,10841,2.821
5,10842,2.717
5,10843,3.479
5,10844,4.440
5,10845,3.616
5,10846,3.070
5,10847,3.151
5,10848,2.343
5,10849,2.790
5,10850,2.188
5,10851,2.019
5,10852,1.846
5,10853,2.355
5,10854,1.889
5,10855,1.673
5,10856,2.476
5,10857,2.963
5,10858,1.956
5,10859,2.279
5,10860,2.017
5,10861,1.910
5,10862,3.195
5,10863,3.093
5,10864,2.221
5,10865,2.330
5,10866,2.318
5,10867,1.985
5,10868,2.093
5,10869,2.157
5,10870,2.315
5,10871,2.234
5,10872,1.836
5,10873,1.648
5,10874,1.744
5,10875,2.346
5,10876,2.190
5,10877,2.315
5,10878,2.256
5,10879,1.805
5,10880,2.023
5,10881,2.105
5,10882,1.898
5,10883,2.312
5,10884,2.664
5,10885,2.578
5,10886,1.839
5,10887,1.935
5,10888,2.084
5,10889,1.968
5,10890,1.822
5,10891,3.041
5,10892,2.618
5,10893,2.823
5,10894,2.578
5,10895,2.129
5,10896,2.329
5,10897,2.566
5,10898,3.108
5,10899,2.471
5,10900,2.274
5,10901,2.335
5,10902,2.477
5,10903,2.041
5,10904,2.390
5,10905,3.202
5,10906,3.054
5,10907,2.520
5,10908,2.471
5,10909,2.496
5,10910,3.779
5,10911,5.846
5,10912,2.431
5,10913,1.965
5,10914,2.090
5,10915,2.516
5,10916,2.621
5,10917,3.185
5,10918,2.456
5,10919,2.511
5,10920,2.162
5,10921,2.157
5,10922,2.260
5,10923,2.103
5,10924,2.752
5,10925,2.203
5,10926,2.057
5,10927,2.018
5,10928,2.298
5,10929,2.197
5,10930,2.013
5,10931,1.797
5,10932,2.314
5,10933,2.051
5,10934,1.786
5,10935,2.039
5,10936,2.328
5,10937,1.876
5,10938,2.195
5,10939,2.112
5,10940,2.533
5,10941,2.196
5,10942,2.398
5,10943,2.501
5,10944,2.380
5,10945,2.558
5,10946,2.387
5,10947,3.043
5,10948,2.176
5,10949,1.998
5,10950,2.132
5,10951,2.122
5,10952,1.744
5,10953,1.771
5,10954,2.030
5,10955,2.230
5,10956,2.023
5,10957,2.064
5,10958,2.228
5,10959,1.899
5,10960,1.891
5,10961,2.218
5,10962,2.022
5,10963,1.775
5,10964,2.235
5,10965,2.738
5,10966,1.928
5,10967,1.777
5,10968,1.690
5,10969,2.100
5,10970,2.064
5,10971,2.438
5,10972,2.810
5,10973,2.436
5,10974,2.243
5,10975,1.971
5,10976,1.948
5,10977,2.313
5,10978,2.215
5,10979,3.030
5,10980,3.248
5,10981,2.020
5,10982,1.930
5,10983,2.117
5,10984,1.894
5,10985,1.722
5,10986,1.944
5,10987,2.442
5,10988,3.228
5,10989,2.088
5,10990,1.687
5,10991,1.639
5,10992,1.831
5,10993,2.394
5,10994,2.251
5,10995,2.218
5,10996,2.305
5,10997,1.908
5,10998,1.805
5,10999,1.831
5,11000,1.872
5,11001,1.738
5,11002,2.481
5,11003,1.971
5,11004,1.630
5,11005,1.937
5,11006,1.901
5,11007,1.802
5,11008,1.984
5,11009,1.977
5,11010,2.723
5,11011,2.373
5,11012,2.412
5,11013,2.663
5,11014,1.713
5,11015,1.685
5,11016,2.228
5,11017,2.414
5,11018,1.955
5,11019,2.249
5,11020,2.042
5,11021,2.374
5,11022,1.999
5,11023,1.973
5,11024,2.591
5,11025,2.487
5,11026,2.311
5,11027,2.089
5,11028,2.095
5,11029,2.372
5,11030,2.188
5,11031,2.593
5,11032,2.336
5,11033,2.047
5,11034,2.159
5,11035,2.312
5,11036,1.959
5,11037,2.349
5,11038,2.742
5,11039,2.840
5,11040,2.431
5,11041,2.157
5,11042,1.947
5,11043,2.171
5,11044,2.221
5,11045,2.892
5,11046,2.321
5,11047,2.403
5,11048,2.116
5,11049,2.021
5,11050,2.114
5,11051,2.277
5,11052,2.643
5,11053,2.542
5,11054,2.456
5,11055,4.219
5,11056,2.461
5,11057,2.806
5,11058,2.429
5,11059,2.423
5,11060,2.448
5,11061,2.069
5,11062,1.793
5,11063,1.763
5,11064,2.408
5,11065,3.330
5,11066,2.674
5,11067,3.054
5,11068,2.092
5,11069,1.745
5,11070,1.723
5,11071,2.232
5,11072,2.331
5,11073,2.077
5,11074,1.663
5,11075,1.940
5,11076,1.890
5,11077,1.785
5,11078,1.897
5,11079,2.052
5,11080,1.904
5,11081,1.928
5,11082,2.103
5,11083,2.465
5,11084,2.622
5,11085,1.729
5,11086,1.787
5,11087,2.248
5,11088,2.042
5,11089,1.835
5,11090,1.955
5,11091,1.766
5,11092,1.839
5,11093,2.293
5,11094,1.697
5,11095,1.818
5,11096,1.940
5,11097,2.175
5,11098,2.297
5,11099,1.774
5,11100,1.780
5,11101,1.701
5,11102,2.025
5,11103,2.327
5,11104,2.309
5,11105,1.870
5,11106,1.871
5,11107,2.050
5,11108,2.927
5,11109,2.026
5,11110,2.401
5,11111,2.972
5,11112,2.194
5,11113,2.160
5,11114,1.941
5,11115,1.770
5,11116,1.987
5,11117,2.137
5,11118,3.213
5,11119,2.278
5,11120,2.148
5,11121,2.081
5,11122,1.855
5,11123,2.026
5,11124,1.947
5,11125,2.258
5,11126,2.780
5,11127,1.844
5,11128,1.674
5,11129,1.925
5,11130,2.002
5,11131,2.264
5,11132,2.442
5,11133,2.457
5,11134,2.339
5,11135,2.082
5,11136,2.046
5,11137,1.920
5,11138,1.746
5,11139,1.975
5,11140,2.284
5,11141,1.833
5,11142,1.851
5,11143,2.337
5,11144,1.946
5,11145,2.142
5,11146,2.123
5,11147,2.162
5,11148,2.045
5,11149,2.318
5,11150,2.497
5,11151,4.749
5,11152,2.858
5,11153,3.140
5,11154,2.297
5,11155,1.872
5,11156,1.918
5,11157,2.479
5,11158,1.990
5,11159,1.901
5,11160,2.612
5,11161,2.321
5,11162,1.833
5,11163,1.934
5,11164,1.863
5,11165,1.942
5,11166,2.214
5,11167,2.611
5,11168,3.461
5,11169,2.669
5,11170,2.368
5,11171,2.023
5,11172,2.832
5,11173,2.552
5,11174,3.106
5,11175,2.584
5,11176,2.175
5,11177,2.289
5,11178,2.459
5,11179,2.487
5,11180,2.720
5,11181,2.659
5,11182,2.491
5,11183,2.457
5,11184,2.119
5,11185,2.040
5,11186,3.106
5,11187,2.118
5,11188,1.922
5,11189,1.902
5,11190,1.918
5,11191,1.821
5,11192,1.705
5,11193,1.638
5,11194,1.851
5,11195,2.436
5,11196,2.502
5,11197,1.953
5,11198,1.767
5,11199,1.941
5,11200,1.899
5,11201,1.926
5,11202,2.221
5,11203,2.035
5,11204,2.037
5,11205,1.816
5,11206,1.923
5,11207,1.720
5,11208,1.602
5,11209,1.618
5,11210,1.873
5,11211,3.313
5,11212,1.952
5,11213,2.350
5,11214,1.780
5,11215,1.748
5,11216,1.930
5,11217,1.805
5,11218,2.048
5,11219,2.020
5,11220,2.185
5,11221,2.540
5,11222,2.216
5,11223,1.862
5,11224,1.767
5,11225,2.050
5,11226,2.503
5,11227,2.290
5,11228,2.116
5,11229,2.031
5,11230,2.810
5,11231,2.105
5,11232,2.719
5,11233,2.283
5,11234,2.292
5,11235,2.063
5,11236,2.154
5,11237,2.101
5,11238,2.683
5,11239,2.553
5,11240,2.192
5,11241,2.178
5,11242,2.466
5,11243,2.643
5,11244,2.685
5,11245,3.087
5,11246,2.582
5,11247,2.529
5,11248,2.377
5,11249,2.236
5,11250,2.527
5,11251,2.538
5,11252,2.820
5,11253,2.392
5,11254,2.387
5,11255,2.470
5,11256,2.160
5,11257,2.507
5,11258,3.423
5,11259,3.211
5,11260,2.657
5,11261,2.592
5,11262,4.066
5,11263,3.315
5,11264,2.464
5,11265,3.018
5,11266,2.357
5,11267,2.316
5,11268,2.359
5,11269,2.869
5,11270,2.359
5,11271,2.366
5,11272,3.266
5,11273,2.633
5,11274,2.428
5,11275,2.563
5,11276,2.572
5,11277,2.420
5,11278,2.312
5,11279,2.828
5,11280,2.472
5,11281,3.071
5,11282,2.558
5,11283,2.356
5,11284,2.493
5,11285,2.373
5,11286,2.774
5,11287,2.679
5,11288,2.628
5,11289,2.486
5,11290,2.300
5,11291,2.214
5,11292,2.512
5,11293,2.766
5,11294,2.874
5,11295,2.733
5,11296,2.494
5,11297,2.542
5,11298,2.486
5,11299,2.707
5,11300,4.758
5,11301,2.705
5,11302,2.709
5,11303,2.532
5,11304,2.594
5,11305,3.420
5,11306,3.120
5,11307,2.695
5,11308,2.584
5,11309,2.379
5,11310,2.795
5,11311,19.699
5,11312,3.696
5,11313,2.722
5,11314,2.375
5,11315,2.083
5,11316,2.978
5,11317,2.345
5,11318,2.304
5,11319,2.727
5,11320,2.016
5,11321,1.980
5,11322,2.222
5,11323,2.251
5,11324,2.006
5,11325,1.963
5,11326,1.715
5,11327,2.394
5,11328,2.031
5,11329,1.721
5,11330,1.857
5,11331,1.850
5,11332,2.141
5,11333,2.175
5,11334,2.218
5,11335,2.243
5,11336,2.517
5,11337,2.006
5,11338,3.356
5,11339,2.121
5,11340,1.831
5,11341,1.871
5,11342,2.151
5,11343,1.792
5,11344,2.048
5,11345,2.332
5,11346,2.373
5,11347,2.315
5,11348,2.032
5,11349,1.781
5,11350,1.793
5,11351,1.829
5,11352,1.975
5,11353,2.260
5,11354,2.125
5,11355,2.083
5,11356,1.874
5,11357,2.088
5,11358,2.057
5,11359,1.810
5,11360,1.703
5,11361,2.133
5,11362,2.486
5,11363,1.868
5,11364,1.729
5,11365,1.717
5,11366,1.680
5,11367,1.869
5,11368,1.714
5,11369,2.314
5,11370,2.262
5,11371,2.617
5,11372,2.610
5,11373,2.577
5,11374,2.507
5,11375,2.802
5,11376,2.388
5,11377,2.122
5,11378,2.485
5,11379,2.162
5,11380,2.741
5,11381,2.607
5,11382,2.512
5,11383,2.399
5,11384,2.233
5,11385,2.635
5,11386,2.306
5,11387,2.293
5,11388,2.867
5,11389,2.595
5,11390,2.198
5,11391,2.092
5,11392,2.954
5,11393,2.189
5,11394,2.096
5,11395,2.387
5,11396,2.428
5,11397,1.892
5,11398,1.680
5,11399,1.623
5,11400,2.134
5,11401,1.953
5,11402,2.273
5,11403,2.106
5,11404,1.952
5,11405,1.734
5,11406,1.803
5,11407,1.735
5,11408,1.554
5,11409,2.276
5,11410,1.977
5,11411,2.274
5,11412,2.001
5,11413,1.641
5,11414,1.558
5,11415,1.563
5,11416,1.611
5,11417,1.898
5,11418,2.149
5,11419,2.429
5,11420,2.340
5,11421,1.803
5,11422,1.890
5,11423,1.732
5,11424,1.624
5,11425,1.542
5,11426,1.772
5,11427,2.826
5,11428,2.673
5,11429,1.959
5,11430,1.775
5,11431,1.782
5,11432,1.704
5,11433,1.579
5,11434,1.638
5,11435,2.068
5,11436,2.473
5,11437,2.406
5,11438,2.388
5,11439,2.280
5,11440,2.475
5,11441,2.088
5,11442,2.282
5,11443,1.997
5,11444,2.499
5,11445,1.766
5,11446,1.876
5,11447,1.803
5,11448,1.593
5,11449,1.495
5,11450,1.502
5,11451,3.197
5,11452,2.389
5,11453,2.572
5,11454,1.963
5,11455,1.840
5,11456,1.874
5,11457,1.937
5,11458,2.411
5,11459,2.274
5,11460,2.308
5,11461,2.734
5,11462,1.818
5,11463,1.658
5,11464,1.722
5,11465,2.063
5,11466,2.708
5,11467,2.253
5,11468,1.955
5,11469,2.394
5,11470,2.197
5,11471,1.855
5,11472,1.829
5,11473,1.755
5,11474,1.785
5,11475,1.891
5,11476,2.147
5,11477,1.845
5,11478,2.284
5,11479,1.764
5,11480,1.745
5,11481,2.043
5,11482,1.858
5,11483,1.779
5,11484,1.793
5,11485,1.666
5,11486,1.876
5,11487,2.141
5,11488,1.974
5,11489,1.527
5,11490,2.669
5,11491,2.580
5,11492,1.912
5,11493,1.630
5,11494,1.593
5,11495,1.622
5,11496,2.159
5,11497,2.077
5,11498,2.629
5,11499,2.631
5,11500,2.569
5,11501,4.275
5,11502,2.581
5,11503,3.354
5,11504,2.119
5,11505,1.731
5,11506,1.600
5,11507,1.538
5,11508,1.537
5,11509,1.534
5,11510,1.496
5,11511,1.480
5,11512,1.853
5,11513,2.712
5,11514,2.275
5,11515,1.975
5,11516,1.685
5,11517,1.652
5,11518,2.108
5,11519,2.047
5,11520,2.286
5,11521,3.096
5,11522,2.361
5,11523,2.336
5,11524,2.718
5,11525,2.228
5,11526,2.518
5,11527,3.081
5,11528,2.529
5,11529,2.439
5,11530,2.246
5,11531,2.137
5,11532,2.456
5,11533,2.438
5,11534,2.179
5,11535,2.455
5,11536,2.790
5,11537,1.966
5,11538,2.152
5,11539,2.269
5,11540,2.274
5,11541,2.229
5,11542,1.939
5,11543,1.690
5,11544,2.276
5,11545,2.491
5,11546,1.857
5,11547,1.760
5,11548,2.660
5,11549,2.428
5,11550,1.931
5,11551,2.013
5,11552,2.323
5,11553,1.791
5,11554,2.078
5,11555,2.255
5,11556,2.310
5,11557,2.598
5,11558,2.724
5,11559,2.826
5,11560,4.781
5,11561,2.729
5,11562,2.480
5,11563,1.868
5,11564,1.786
5,11565,1.998
5,11566,2.031
5,11567,2.477
5,11568,2.443
5,11569,2.407
5,11570,2.503
5,11571,2.495
5,11572,2.130
5,11573,1.797
5,11574,1.874
5,11575,2.740
5,11576,2.344
5,11577,2.255
5,11578,2.132
5,11579,1.951
5,11580,1.933
5,11581,1.925
5,11582,1.783
5,11583,2.593
5,11584,2.861
5,11585,2.258
5,11586,2.002
5,11587,2.303
5,11588,2.138
5,11589,2.287
5,11590,2.479
5,11591,2.504
5,11592,1.916
5,11593,2.123
5,11594,1.784
5,11595,1.727
5,11596,1.709
5,11597,1.949
5,11598,2.451
5,11599,2.810
5,11600,2.551
5,11601,1.873
5,11602,1.961
5,11603,2.323
5,11604,1.992
5,11605,2.323
5,11606,2.296
5,11607,2.165
5,11608,2.133
5,11609,1.940
5,11610,2.118
5,11611,1.993
5,11612,2.770
5,11613,2.427
5,11614,2.034
5,11615,1.849
5,11616,2.852
5,11617,2.012
5,11618,1.879
5,11619,2.287
5,11620,2.191
5,11621,2.000
5,11622,2.164
5,11623,2.971
5,11624,2.602
5,11625,2.598
5,11626,2.184
5,11627,2.067
5,11628,2.303
5,11629,2.125
5,11630,1.778
5,11631,1.858
5,11632,2.198
5,11633,2.014
5,11634,2.280
5,11635,2.360
5,11636,1.920
5,11637,2.127
5,11638,2.336
5,11639,2.122
5,11640,2.218
5,11641,2.672
5,11642,2.497
5,11643,2.616
5,11644,2.223
5,11645,1.920
5,11646,2.125
5,11647,2.862
5,11648,2.780
5,11649,2.253
5,11650,2.117
5,11651,2.161
5,11652,1.833
5,11653,1.844
5,11654,2.081
5,11655,2.904
5,11656,4.004
5,11657,2.503
5,11658,2.410
5,11659,2.244
5,11660,2.576
5,11661,2.615
5,11662,2.188
5,11663,2.544
5,11664,2.591
5,11665,2.037
5,11666,2.058
5,11667,2.928
5,11668,2.416
5,11669,2.347
5,11670,2.635
5,11671,2.111
5,11672,2.469
5,11673,2.510
5,11674,1.897
5,11675,1.983
5,11676,2.238
5,11677,2.302
5,11678,2.782
5,11679,2.317
5,11680,2.079
5,11681,2.064
5,11682,1.990
5,11683,1.864
5,11684,1.710
5,11685,1.977
5,11686,2.422
5,11687,1.932
5,11688,2.550
5,11689,2.183
5,11690,2.033
5,11691,2.023
5,11692,2.016
5,11693,1.691
5,11694,2.638
5,11695,2.710
5,11696,1.961
5,11697,1.647
5,11698,1.808
5,11699,1.907
5,11700,2.028
5,11701,2.215
5,11702,2.973
5,11703,2.312
5,11704,2.374
5,11705,2.244
5,11706,1.813
5,11707,1.805
5,11708,1.936
5,11709,2.236
5,11710,2.514
5,11711,2.129
5,11712,1.950
5,11713,1.767
5,11714,2.150
5,11715,2.065
5,11716,2.048
5,11717,2.002
5,11718,2.250
5,11719,2.374
5,11720,1.702
5,11721,1.865
5,11722,2.005
5,11723,1.851
5,11724,2.629
5,11725,2.296
5,11726,1.987
5,11727,2.206
5,11728,2.172
5,11729,1.887
5,11730,1.712
5,11731,1.988
5,11732,2.096
5,11733,1.957
5,11734,1.790
5,11735,2.035
5,11736,2.226
5,11737,1.764
5,11738,2.024
5,11739,1.947
5,11740,1.969
5,11741,1.941
5,11742,1.843
5,11743,1.802
5,11744,1.887
5,11745,2.052
5,11746,1.798
5,11747,1.693
5,11748,2.493
5,11749,2.909
5,11750,2.501
5,11751,2.471
5,11752,2.124
5,11753,2.302
5,11754,2.428
5,11755,2.855
5,11756,2.250
5,11757,2.211
5,11758,1.901
5,11759,1.652
5,11760,1.613
5,11761,2.372
5,11762,2.497
5,11763,2.076
5,11764,2.138
5,11765,2.124
5,11766,2.030
5,11767,1.940
5,11768,1.743
5,11769,2.650
5,11770,2.314
5,11771,2.178
5,11772,2.120
5,11773,1.795
5,11774,1.996
5,11775,2.235
5,11776,2.287
5,11777,2.968
5,11778,2.048
5,11779,1.789
5,11780,1.895
5,11781,1.858
5,11782,1.582
5,11783,1.570
5,11784,2.041
5,11785,2.503
5,11786,2.762
5,11787,2.459
5,11788,2.532
5,11789,2.681
5,11790,2.755
5,11791,3.037
5,11792,3.690
5,11793,3.487
5,11794,2.809
5,11795,3.165
5,11796,3.269
5,11797,3.045
5,11798,3.071
5,11799,3.316
5,11800,3.123
5,11801,3.118
5,11802,3.382
5,11803,3.055
5,11804,2.829
5,11805,3.544
5,11806,3.555
5,11807,3.076
5,11808,3.028
5,11809,3.057
5,11810,2.856
5,11811,3.082
5,11812,2.688
5,11813,2.707
5,11814,2.632
5,11815,2.522
5,11816,2.675
5,11817,2.896
5,11818,2.945
5,11819,2.738
5,11820,2.477
5,11821,3.084
5,11822,3.345
5,11823,2.540
5,11824,3.269
5,11825,2.493
5,11826,2.482
5,11827,3.059
5,11828,2.935
5,11829,3.673
5,11830,2.887
5,11831,2.353
5,11832,2.545
5,11833,3.327
5,11834,2.548
5,11835,2.426
5,11836,2.514
5,11837,3.136
5,11838,2.773
5,11839,2.831
5,11840,3.137
5,11841,3.939
5,11842,3.505
5,11843,3.766
5,11844,2.585
5,11845,2.427
5,11846,2.500
5,11847,2.368
5,11848,2.545
5,11849,2.573
5,11850,3.081
5,11851,2.436
5,11852,2.274
5,11853,2.242
5,11854,2.855
5,11855,2.591
5,11856,2.506
5,11857,2.632
5,11858,2.389
5,11859,2.603
5,11860,2.315
5,11861,2.416
5,11862,3.151
5,11863,2.735
5,11864,3.124
5,11865,2.507
5,11866,2.523
5,11867,2.416
5,11868,2.462
5,11869,2.170
5,11870,2.385
5,11871,2.582
5,11872,1.922
5,11873,2.174
5,11874,2.886
5,11875,2.364
5,11876,2.281
5,11877,2.073
5,11878,1.979
5,11879,2.855
5,11880,2.136
5,11881,2.118
5,11882,2.488
5,11883,2.750
5,11884,2.085
5,11885,2.284
5,11886,2.669
5,11887,2.251
5,11888,3.285
5,11889,2.177
5,11890,1.935
5,11891,2.113
5,11892,1.862
5,11893,1.626
5,11894,2.776
5,11895,2.959
5,11896,3.295
5,11897,2.583
5,11898,2.282
5,11899,2.406
5,11900,2.081
5,11901,2.467
5,11902,2.419
5,11903,2.512
5,11904,2.556
5,11905,2.456
5,11906,2.208
5,11907,1.860
5,11908,2.454
5,11909,2.753
5,11910,2.283
5,11911,2.470
5,11912,2.440
5,11913,2.052
5,11914,2.230
5,11915,2.556
5,11916,2.726
5,11917,2.392
5,11918,2.130
5,11919,2.002
5,11920,2.469
5,11921,2.582
5,11922,2.814
5,11923,2.983
5,11924,2.532
5,11925,3.074
5,11926,2.691
5,11927,2.992
5,11928,2.563
5,11929,2.471
5,11930,2.342
5,11931,2.204
5,11932,2.155
5,11933,2.669
5,11934,2.741
5,11935,2.322
5,11936,2.887
5,11937,1.877
5,11938,1.563
5,11939,1.680
5,11940,2.029
5,11941,2.248
5,11942,1.866
5,11943,1.788
5,11944,1.651
5,11945,1.976
5,11946,2.003
5,11947,2.474
5,11948,2.809
5,11949,2.325
5,11950,1.983
5,11951,1.914
5,11952,1.791
5,11953,2.273
5,11954,1.764
5,11955,2.030
5,11956,2.255
5,11957,1.833
5,11958,1.643
5,11959,1.740
5,11960,1.872
5,11961,2.041
5,11962,2.092
5,11963,2.266
5,11964,2.017
5,11965,1.803
5,11966,1.898
5,11967,1.825
5,11968,1.691
5,11969,1.768
5,11970,2.305
5,11971,3.716
5,11972,2.698
5,11973,2.597
5,11974,2.376
5,11975,1.966
5,11976,2.245
5,11977,2.498
5,11978,2.679
5,11979,2.183
5,11980,1.685
5,11981,1.536
5,11982,1.705
5,11983,1.807
5,11984,1.818
5,11985,2.138
5,11986,2.156
5,11987,2.272
5,11988,1.788
5,11989,1.722
5,11990,1.635
5,11991,1.505
5,11992,1.604
5,11993,1.675
5,11994,2.348
5,11995,2.367
5,11996,2.358
5,11997,2.097
5,11998,1.970
5,11999,1.756
5,12000,1.899
5,12001,2.121
5,12002,2.043
5,12003,1.920
5,12004,2.022
5,12005,2.206
5,12006,1.623
5,12007,1.681
5,12008,1.720
5,12009,1.618
5,12010,2.405
5,12011,2.194
5,12012,1.742
5,12013,1.636
5,12014,2.197
5,12015,1.940
5,12016,1.752
5,12017,1.565
5,12018,1.899
5,12019,2.337
5,12020,2.048
5,12021,2.180
5,12022,2.116
5,12023,2.259
5,12024,1.783
5,12025,2.082
5,12026,2.453
5,12027,1.792
5,12028,1.882
5,12029,1.764
5,12030,2.054
5,12031,2.097
5,12032,2.286
5,12033,2.183
5,12034,2.408
5,12035,2.501
5,12036,2.312
5,12037,2.454
5,12038,2.583
5,12039,3.095
5,12040,2.951
5,12041,2.875
5,12042,2.768
5,12043,2.936
5,12044,2.700
5,12045,3.781
5,12046,3.018
5,12047,3.108
5,12048,2.853
5,12049,2.755
5,12050,2.779
5,12051,3.905
5,12052,3.550
5,12053,2.699
5,12054,2.847
5,12055,2.923
5,12056,2.947
5,12057,3.804
5,12058,3.284
5,12059,3.191
5,12060,3.172
5,12061,2.929
5,12062,3.607
5,12063,3.130
5,12064,3.034
5,12065,3.196
5,12066,3.400
5,12067,4.946
5,12068,3.066
5,12069,2.546
5,12070,2.502
5,12071,2.664
5,12072,2.466
5,12073,2.338
5,12074,2.563
5,12075,3.560
5,12076,2.804
5,12077,2.492
5,12078,2.554
5,12079,2.654
5,12080,2.712
5,12081,3.541
5,12082,2.760
5,12083,2.562
5,12084,2.404
5,12085,2.094
5,12086,1.928
5,12087,1.967
5,12088,2.248
5,12089,1.741
5,12090,1.657
5,12091,1.953
5,12092,1.737
5,12093,1.644
5,12094,1.633
5,12095,2.211
5,12096,3.585
5,12097,3.569
5,12098,2.217
5,12099,2.012
5,12100,2.055
5,12101,1.747
5,12102,1.995
5,12103,2.115
5,12104,1.973
5,12105,2.360
5,12106,1.696
5,12107,1.695
5,12108,1.684
5,12109,1.641
5,12110,2.158
5,12111,2.782
5,12112,1.990
5,12113,1.666
5,12114,2.262
5,12115,1.867
5,12116,1.648
5,12117,1.625
5,12118,1.902
5,12119,2.191
5,12120,2.404
5,12121,1.949
5,12122,2.593
5,12123,2.309
5,12124,2.027
5,12125,1.764
5,12126,1.650
5,12127,2.285
5,12128,2.024
5,12129,1.905
5,12130,1.763
5,12131,1.620
5,12132,2.242
5,12133,1.674
5,12134,1.637
5,12135,2.340
5,12136,2.236
5,12137,1.932
5,12138,1.837
5,12139,1.911
5,12140,1.955
5,12141,1.945
5,12142,2.023
5,12143,2.247
5,12144,2.025
5,12145,2.335
5,12146,1.883
5,12147,1.794
5,12148,1.789
5,12149,1.779
5,12150,2.397
5,12151,2.153
5,12152,1.950
5,12153,1.871
5,12154,1.638
5,12155,1.834
5,12156,1.815
5,12157,2.330
5,12158,1.807
5,12159,2.306
5,12160,2.552
5,12161,2.040
5,12162,1.673
5,12163,1.876
5,12164,1.621
5,12165,1.768
5,12166,1.776
5,12167,4.087
5,12168,2.630
5,12169,15.266
5,12170,2.482
5,12171,1.745
5,12172,1.755
5,12173,1.852
5,12174,1.616
5,12175,1.593
5,12176,1.948
5,12177,2.999
5,12178,2.328
5,12179,2.497
5,12180,2.174
5,12181,2.072
5,12182,2.159
5,12183,2.345
5,12184,2.291
5,12185,2.328
5,12186,2.312
5,12187,2.752
5,12188,2.239
5,12189,2.210
5,12190,2.587
5,12191,2.454
5,12192,2.126
5,12193,1.979
5,12194,2.167
5,12195,2.886
5,12196,2.328
5,12197,2.901
5,12198,4.453
5,12199,2.774
5,12200,2.266
5,12201,2.544
5,12202,2.542
5,12203,2.246
5,12204,1.771
5,12205,2.025
5,12206,2.163
5,12207,2.243
5,12208,2.039
5,12209,2.743
5,12210,2.696
5,12211,2.700
5,12212,2.648
5,12213,2.957
5,12214,2.651
5,12215,2.650
5,12216,3.061
5,12217,3.144
5,12218,2.528
5,12219,2.310
5,12220,2.672
5,12221,2.882
5,12222,2.258
5,12223,1.977
5,12224,2.077
5,12225,2.411
5,12226,2.464
5,12227,2.662
5,12228,2.339
5,12229,2.134
5,12230,2.017
5,12231,2.392
5,12232,1.812
5,12233,1.841
5,12234,2.345
5,12235,2.399
5,12236,2.126
5,12237,2.383
5,12238,2.314
5,12239,2.989
5,12240,2.727
5,12241,2.730
5,12242,3.091
5,12243,2.728
5,12244,2.701
5,12245,3.200
5,12246,2.480
5,12247,3.359
5,12248,2.602
5,12249,3.103
5,12250,2.838
5,12251,2.962
5,12252,2.538
5,12253,2.437
5,12254,2.252
5,12255,2.228
5,12256,2.061
5,12257,2.197
5,12258,2.953
5,12259,2.370
5,12260,2.531
5,12261,2.386
5,12262,2.227
5,12263,2.410
5,12264,2.473
5,12265,2.977
5,12266,3.477
5,12267,3.066
5,12268,2.839
5,12269,2.524
5,12270,2.546
5,12271,2.844
5,12272,2.134
5,12273,2.299
5,12274,2.359
5,12275,2.551
5,12276,3.038
5,12277,2.721
5,12278,2.555
5,12279,2.419
5,12280,2.319
5,12281,2.395
5,12282,2.403
5,12283,3.039
5,12284,3.280
5,12285,3.187
5,12286,2.257
5,12287,2.526
5,12288,2.752
5,12289,2.996
5,12290,2.351
5,12291,2.254
5,12292,2.883
5,12293,2.144
5,12294,2.398
5,12295,3.038
5,12296,2.835
5,12297,2.755
5,12298,2.599
5,12299,2.498
5,12300,2.700
5,12301,2.386
5,12302,2.316
5,12303,2.450
5,12304,2.784
5,12305,3.210
5,12306,5.275
5,12307,2.854
5,12308,2.149
5,12309,2.029
5,12310,2.424
5,12311,2.244
5,12312,2.701
5,12313,2.656
5,12314,2.299
5,12315,2.179
5,12316,2.430
5,12317,2.456
5,12318,2.513
5,12319,3.051
5,12320,2.590
5,12321,2.859
5,12322,2.540
5,12323,2.725
5,12324,3.073
5,12325,2.820
5,12326,2.487
5,12327,2.208
5,12328,2.182
5,12329,2.302
5,12330,2.429
5,12331,2.436
5,12332,2.909
5,12333,2.342
5,12334,2.542
5,12335,2.354
5,12336,2.096
5,12337,2.854
5,12338,3.050
5,12339,2.631
5,12340,2.579
5,12341,2.333
5,12342,2.901
5,12343,2.632
5,12344,2.523
5,12345,2.681
5,12346,2.740
5,12347,2.397
5,12348,2.432
5,12349,2.675
5,12350,3.292
5,12351,3.154
5,12352,3.115
5,12353,2.556
5,12354,2.261
5,12355,3.113
5,12356,2.650
5,12357,2.327
5,12358,2.487
5,12359,2.710
5,12360,2.592
5,12361,3.013
5,12362,2.465
5,12363,2.649
5,12364,2.461
5,12365,2.337
5,12366,3.211
5,12367,2.685
5,12368,2.605
5,12369,2.377
5,12370,2.087
5,12371,2.540
5,12372,2.850
5,12373,2.790
5,12374,2.514
5,12375,2.393
5,12376,2.417
5,12377,2.488
5,12378,2.467
5,12379,2.725
5,12380,3.180
5,12381,2.466
5,12382,2.528
5,12383,2.404
5,12384,2.499
5,12385,2.796
5,12386,2.485
5,12387,2.920
5,12388,2.431
5,12389,2.163
5,12390,2.531
5,12391,2.519
5,12392,3.362
5,12393,2.854
5,12394,2.868
5,12395,2.766
5,12396,2.245
5,12397,2.456
5,12398,3.089
5,12399,2.755
5,12400,2.633
5,12401,2.622
5,12402,2.128
5,12403,2.307
5,12404,2.411
5,12405,2.155
5,12406,2.463
5,12407,2.260
5,12408,1.811
5,12409,2.703
5,12410,2.168
5,12411,2.647
5,12412,2.959
5,12413,2.350
5,12414,2.582
5,12415,2.618
5,12416,2.615
5,12417,2.553
5,12418,2.989
5,12419,2.701
5,12420,2.415
5,12421,2.425
5,12422,2.352
5,12423,2.723
5,12424,2.666
5,12425,2.395
5,12426,2.277
5,12427,2.163
5,12428,2.132
5,12429,2.102
5,12430,2.349
5,12431,3.246
5,12432,2.284
5,12433,2.157
5,12434,2.241
5,12435,2.058
5,12436,1.756
5,12437,1.998
5,12438,1.999
5,12439,2.324
5,12440,2.034
5,12441,2.279
5,12442,1.958
5,12443,1.880
5,12444,1.923
5,12445,2.799
5,12446,3.924
5,12447,2.611
5,12448,2.053
5,12449,1.819
5,12450,1.782
5,12451,1.896
5,12452,1.879
5,12453,1.864
5,12454,2.111
5,12455,1.709
5,12456,2.148
5,12457,1.835
5,12458,1.911
5,12459,2.295
5,12460,1.973
5,12461,1.846
5,12462,1.908
5,12463,1.787
5,12464,2.433
5,12465,2.182
5,12466,2.081
5,12467,2.219
5,12468,2.127
5,12469,1.896
5,12470,1.753
5,12471,1.828
5,12472,1.681
5,12473,1.768
5,12474,2.389
5,12475,2.105
5,12476,1.916
5,12477,1.667
5,12478,1.844
5,12479,2.059
5,12480,1.828
5,12481,1.699
5,12482,1.740
5,12483,2.387
5,12484,2.255
5,12485,2.089
5,12486,1.704
5,12487,1.643
5,12488,1.749
5,12489,2.001
5,12490,2.142
5,12491,1.965
5,12492,2.790
5,12493,2.018
5,12494,1.944
5,12495,1.737
5,12496,1.777
5,12497,1.861
5,12498,1.717
5,12499,2.045
5,12500,2.089
5,12501,1.903
5,12502,2.079
5,12503,1.990
5,12504,1.936
5,12505,2.005
5,12506,1.974
5,12507,2.625
5,12508,2.141
5,12509,2.461
5,12510,2.744
5,12511,2.221
5,12512,2.337
5,12513,2.412
5,12514,2.421
5,12515,2.105
5,12516,1.995
5,12517,1.795
5,12518,2.381
5,12519,1.847
5,12520,1.730
5,12521,2.187
5,12522,2.684
5,12523,2.325
5,12524,2.221
5,12525,1.964
5,12526,1.912
5,12527,1.865
5,12528,2.077
5,12529,3.066
5,12530,2.523
5,12531,2.538
5,12532,2.348
5,12533,1.801
5,12534,2.161
5,12535,2.325
5,12536,2.580
5,12537,2.025
5,12538,1.933
5,12539,1.799
5,12540,1.668
5,12541,2.012
5,12542,1.683
5,12543,2.903
5,12544,2.159
5,12545,2.093
5,12546,1.893
5,12547,1.653
5,12548,1.697
5,12549,1.548
5,12550,1.521
5,12551,2.024
5,12552,2.397
5,12553,1.780
5,12554,1.631
5,12555,1.814
5,12556,1.973
5,12557,1.900
5,12558,1.577
5,12559,1.655
5,12560,2.362
5,12561,2.842
5,12562,2.950
5,12563,2.367
5,12564,2.183
5,12565,2.322
5,12566,2.433
5,12567,2.567
5,12568,2.577
5,12569,2.240
5,12570,2.208
5,12571,2.051
5,12572,1.905
5,12573,1.992
5,12574,2.931
5,12575,2.275
5,12576,2.749
5,12577,2.399
5,12578,2.283
5,12579,2.254
5,12580,2.480
5,12581,2.267
5,12582,2.056
5,12583,2.538
5,12584,2.558
5,12585,2.269
5,12586,2.331
5,12587,2.741
5,12588,2.047
5,12589,2.079
5,12590,2.130
5,12591,2.656
5,12592,2.486
5,12593,1.933
5,12594,1.947
5,12595,2.091
5,12596,1.869
5,12597,1.723
5,12598,1.661
5,12599,1.930
5,12600,1.731
5,12601,2.289
5,12602,2.790
5,12603,2.040
5,12604,1.757
5,12605,1.968
5,12606,2.453
5,12607,2.050
5,12608,2.040
5,12609,2.738
5,12610,2.278
5,12611,1.928
5,12612,2.098
5,12613,1.931
5,12614,1.786
5,12615,2.079
5,12616,1.926
5,12617,3.003
5,12618,2.833
5,12619,2.500
5,12620,2.500
5,12621,2.565
5,12622,2.482
5,12623,2.868
5,12624,2.688
5,12625,1.883
5,12626,1.987
5,12627,2.228
5,12628,2.284
5,12629,2.705
5,12630,2.711
5,12631,2.310
5,12632,2.555
5,12633,2.122
5,12634,1.940
5,12635,1.854
5,12636,2.254
5,12637,2.527
5,12638,1.975
5,12639,2.105
5,12640,2.354
5,12641,2.097
5,12642,2.077
5,12643,1.804
5,12644,1.923
5,12645,2.460
5,12646,2.070
5,12647,1.675
5,12648,1.658
5,12649,2.718
5,12650,2.277
5,12651,2.241
5,12652,2.310
5,12653,2.179
5,12654,1.921
5,12655,2.062
5,12656,1.720
5,12657,2.022
5,12658,1.964
5,12659,1.932
5,12660,2.629
5,12661,2.236
5,12662,1.904
5,12663,1.658
5,12664,1.594
5,12665,2.058
5,12666,2.195
5,12667,2.139
5,12668,2.726
5,12669,2.246
5,12670,1.679
5,12671,1.512
5,12672,1.631
5,12673,1.505
5,12674,1.696
5,12675,2.271
5,12676,2.639
5,12677,2.233
5,12678,1.897
5,12679,1.936
5,12680,2.322
5,12681,2.154
5,12682,2.173
5,12683,2.370
5,12684,3.198
5,12685,2.663
5,12686,2.250
5,12687,2.231
5,12688,2.602
5,12689,1.946
5,12690,3.416
5,12691,2.564
5,12692,2.436
5,12693,2.240
5,12694,1.901
5,12695,1.785
5,12696,1.857
5,12697,2.924
5,12698,2.947
5,12699,2.406
5,12700,2.392
5,12701,2.192
5,12702,3.000
5,12703,4.902
5,12704,3.032
5,12705,2.309
5,12706,3.885
5,12707,2.759
5,12708,2.716
5,12709,2.387
5,12710,2.461
5,12711,2.235
5,12712,2.213
5,12713,2.041
5,12714,2.657
5,12715,2.765
5,12716,1.745
5,12717,1.674
5,12718,2.309
5,12719,1.868
5,12720,1.919
5,12721,2.094
5,12722,2.927
5,12723,2.156
5,12724,2.132
5,12725,1.872
5,12726,1.906
5,12727,1.634
5,12728,1.774
5,12729,1.876
5,12730,2.634
5,12731,2.026
5,12732,1.792
5,12733,1.670
5,12734,1.711
5,12735,2.340
5,12736,1.723
5,12737,1.699
5,12738,2.147
5,12739,2.001
5,12740,2.121
5,12741,1.673
5,12742,1.855
5,12743,2.050
5,12744,2.238
5,12745,2.670
5,12746,2.804
5,12747,2.665
5,12748,2.856
5,12749,2.694
5,12750,2.787
5,12751,3.068
5,12752,2.847
5,12753,2.586
5,12754,2.352
5,12755,2.095
5,12756,2.195
5,12757,2.156
5,12758,2.811
5,12759,2.547
5,12760,2.380
5,12761,2.639
5,12762,2.237
5,12763,1.890
5,12764,2.315
5,12765,2.492
5,12766,1.819
5,12767,1.701
5,12768,1.769
5,12769,1.768
5,12770,1.956
5,12771,1.785
5,12772,2.058
5,12773,1.866
5,12774,2.286
5,12775,2.083
5,12776,1.983
5,12777,1.696
5,12778,1.650
5,12779,1.888
5,12780,2.595
5,12781,2.451
5,12782,2.555
5,12783,2.787
5,12784,2.623
5,12785,2.145
5,12786,2.346
5,12787,2.123
5,12788,2.084
5,12789,1.797
5,12790,1.636
5,12791,2.146
5,12792,1.909
5,12793,1.899
5,12794,2.086
5,12795,2.095
5,12796,1.810
5,12797,1.688
5,12798,1.685
5,12799,2.027
5,12800,2.094
5,12801,1.599
5,12802,1.719
5,12803,2.523
5,12804,2.492
5,12805,2.165
5,12806,2.088
5,12807,1.827
5,12808,1.978
5,12809,5.387
5,12810,4.104
5,12811,3.780
5,12812,3.726
5,12813,3.452
5,12814,2.807
5,12815,2.476
5,12816,2.730
5,12817,2.738
5,12818,2.651
5,12819,4.035
5,12820,4.667
5,12821,3.192
5,12822,3.203
5,12823,3.404
5,12824,4.028
5,12825,2.531
5,12826,2.374
5,12827,2.295
5,12828,2.084
5,12829,2.321
5,12830,2.622
5,12831,2.940
5,12832,2.129
5,12833,2.399
5,12834,2.332
5,12835,2.459
5,12836,2.421
5,12837,2.249
5,12838,2.370
5,12839,2.427
5,12840,1.982
5,12841,1.923
5,12842,2.560
5,12843,2.348
5,12844,2.192
5,12845,2.021
5,12846,2.420
5,12847,1.870
5,12848,2.036
5,12849,1.785
5,12850,2.787
5,12851,3.297
5,12852,3.236
5,12853,2.935
5,12854,2.301
5,12855,1.682
5,12856,2.696
5,12857,2.058
5,12858,1.662
5,12859,1.760
5,12860,1.901
5,12861,2.443
5,12862,1.715
5,12863,2.098
5,12864,2.264
5,12865,2.322
5,12866,2.249
5,12867,2.120
5,12868,2.050
5,12869,2.149
5,12870,2.227
5,12871,2.194
5,12872,1.998
5,12873,1.906
5,12874,1.824
5,12875,1.678
5,12876,1.805
5,12877,1.879
5,12878,2.011
5,12879,2.054
5,12880,2.555
5,12881,2.205
5,12882,1.935
5,12883,1.912
5,12884,2.024
5,12885,2.179
5,12886,2.275
5,12887,2.496
5,12888,2.221
5,12889,2.348
5,12890,2.585
5,12891,2.416
5,12892,2.239
5,12893,2.593
5,12894,2.496
5,12895,2.212
5,12896,2.390
5,12897,2.367
5,12898,2.316
5,12899,2.439
5,12900,2.562
5,12901,3.247
5,12902,2.349
5,12903,2.089
5,12904,2.295
5,12905,2.151
5,12906,2.769
5,12907,2.217
5,12908,2.862
5,12909,2.657
5,12910,2.854
5,12911,2.473
5,12912,2.402
5,12913,2.664
5,12914,2.247
5,12915,3.098
5,12916,2.450
5,12917,2.464
5,12918,2.759
5,12919,2.268
5,12920,2.296
5,12921,2.696
5,12922,2.693
5,12923,2.365
5,12924,2.506
5,12925,2.637
5,12926,2.629
5,12927,2.464
5,12928,2.735
5,12929,3.184
5,12930,3.474
5,12931,2.788
5,12932,2.532
5,12933,2.330
5,12934,2.634
5,12935,3.023
5,12936,3.224
5,12937,3.231
5,12938,3.338
5,12939,3.260
5,12940,3.214
5,12941,3.343
5,12942,2.547
5,12943,2.565
5,12944,2.167
5,12945,2.600
5,12946,2.692
5,12947,3.335
5,12948,3.460
5,12949,2.843
5,12950,2.804
5,12951,2.504
5,12952,2.835
5,12953,2.896
5,12954,3.194
5,12955,2.700
5,12956,2.695
5,12957,2.945
5,12958,2.698
5,12959,2.808
5,12960,3.629
5,12961,2.509
5,12962,2.881
5,12963,3.079
5,12964,3.039
5,12965,2.521
5,12966,2.613
5,12967,2.410
5,12968,2.328
5,12969,2.743
5,12970,2.790
5,12971,2.695
5,12972,2.334
5,12973,2.783
5,12974,2.098
5,12975,3.089
5,12976,2.371
5,12977,2.042
5,12978,2.279
5,12979,2.427
5,12980,2.337
5,12981,2.314
5,12982,2.614
5,12983,2.274
5,12984,2.644
5,12985,2.219
5,12986,2.260
5,12987,2.770
5,12988,2.398
5,12989,2.227
5,12990,2.290
5,12991,2.073
5,12992,2.067
5,12993,1.994
5,12994,1.818
5,12995,2.260
5,12996,2.147
5,12997,2.314
5,12998,1.792
5,12999,1.665
5,13000,1.968
5,13001,1.851
5,13002,1.635
5,13003,1.543
5,13004,3.865
5,13005,2.691
5,13006,2.815
5,13007,2.846
5,13008,2.626
5,13009,2.721
5,13010,2.725
5,13011,2.096
5,13012,2.014
5,13013,1.754
5,13014,1.913
5,13015,2.089
5,13016,1.993
5,13017,1.939
5,13018,2.146
5,13019,2.992
5,13020,2.105
5,13021,2.010
5,13022,1.983
5,13023,2.546
5,13024,2.648
5,13025,2.124
5,13026,1.791
5,13027,2.846
5,13028,2.414
5,13029,1.939
5,13030,3.020
5,13031,3.459
5,13032,2.385
5,13033,2.878
5,13034,2.738
5,13035,3.349
5,13036,2.483
5,13037,3.117
5,13038,3.022
5,13039,2.130
5,13040,2.782
5,13041,2.220
5,13042,2.242
5,13043,2.329
5,13044,1.892
5,13045,1.624
5,13046,1.781
5,13047,2.104
5,13048,3.109
5,13049,2.797
5,13050,2.344
5,13051,1.999
5,13052,2.093
5,13053,2.028
5,13054,1.874
5,13055,1.718
5,13056,3.275
5,13057,2.199
5,13058,1.895
5,13059,2.144
5,13060,1.927
5,13061,2.113
5,13062,2.164
5,13063,2.129
5,13064,2.298
5,13065,2.371
5,13066,2.115
5,13067,1.623
5,13068,1.893
5,13069,2.494
5,13070,2.147
5,13071,2.464
5,13072,2.873
5,13073,2.042
5,13074,1.886
5,13075,2.138
5,13076,1.831
5,13077,1.794
5,13078,2.102
5,13079,3.343
5,13080,2.928
5,13081,2.442
5,13082,2.246
5,13083,2.411
5,13084,2.762
5,13085,2.513
5,13086,2.634
5,13087,2.860
5,13088,2.031
5,13089,2.327
5,13090,2.434
5,13091,2.688
5,13092,2.927
5,13093,2.281
5,13094,2.671
5,13095,2.565
5,13096,2.180
5,13097,2.405
5,13098,2.892
5,13099,2.131
5,13100,2.001
5,13101,2.361
5,13102,1.816
5,13103,1.791
5,13104,2.204
5,13105,2.110
5,13106,2.057
5,13107,2.540
5,13108,2.254
5,13109,2.233
5,13110,2.113
5,13111,2.052
5,13112,2.157
5,13113,2.567
5,13114,2.440
5,13115,1.912
5,13116,2.116
5,13117,2.509
5,13118,1.871
5,13119,1.834
5,13120,2.556
5,13121,1.970
5,13122,1.926
5,13123,2.125
5,13124,1.882
5,13125,1.731
5,13126,2.288
5,13127,2.489
5,13128,2.031
5,13129,1.786
5,13130,1.913
5,13131,1.737
5,13132,1.890
5,13133,2.082
5,13134,1.866
5,13135,2.342
5,13136,2.362
5,13137,2.398
5,13138,2.101
5,13139,2.050
5,13140,2.386
5,13141,2.016
5,13142,2.343
5,13143,2.301
5,13144,1.917
5,13145,1.692
5,13146,2.005
5,13147,1.852
5,13148,1.584
5,13149,2.533
5,13150,2.924
5,13151,2.749
5,13152,1.922
5,13153,1.753
5,13154,1.651
5,13155,1.583
5,13156,2.050
5,13157,2.504
5,13158,1.852
5,13159,2.329
5,13160,2.387
5,13161,2.313
5,13162,1.993
5,13163,2.088
5,13164,2.374
5,13165,2.700
5,13166,2.518
5,13167,2.422
5,13168,2.951
5,13169,2.558
5,13170,3.090
5,13171,2.302
5,13172,1.682
5,13173,1.887
5,13174,1.809
5,13175,1.739
5,13176,2.301
5,13177,2.002
5,13178,2.125
5,13179,1.902
5,13180,1.695
5,13181,1.764
5,13182,1.865
5,13183,1.884
5,13184,2.198
5,13185,3.102
5,13186,2.255
5,13187,2.079
5,13188,2.081
5,13189,1.743
5,13190,1.668
5,13191,1.679
5,13192,1.773
5,13193,1.982
5,13194,2.607
5,13195,2.373
5,13196,2.413
5,13197,2.705
5,13198,2.333
5,13199,1.975
5,13200,2.184
5,13201,2.265
5,13202,2.823
5,13203,2.053
5,13204,1.877
5,13205,1.994
5,13206,1.991
5,13207,2.512
5,13208,3.046
5,13209,2.196
5,13210,2.452
5,13211,1.971
5,13212,1.758
5,13213,1.851
5,13214,1.826
5,13215,2.153
5,13216,2.359
5,13217,2.313
5,13218,2.445
5,13219,2.256
5,13220,2.569
5,13221,2.154
5,13222,3.050
5,13223,2.329
5,13224,2.278
5,13225,2.568
5,13226,2.176
5,13227,2.179
5,13228,2.911
5,13229,2.790
5,13230,2.390
5,13231,2.322
5,13232,2.537
5,13233,2.541
5,13234,2.590
5,13235,2.547
5,13236,2.488
5,13237,2.161
5,13238,1.772
5,13239,1.678
5,13240,2.253
5,13241,2.341
5,13242,2.082
5,13243,2.009
5,13244,1.843
5,13245,1.890
5,13246,1.999
5,13247,1.754
5,13248,1.606
5,13249,2.350
5,13250,2.425
5,13251,2.383
5,13252,1.830
5,13253,2.105
5,13254,2.141
5,13255,1.957
5,13256,1.837
5,13257,3.123
5,13258,2.447
5,13259,2.590
5,13260,2.651
5,13261,2.250
5,13262,2.487
5,13263,2.815
5,13264,2.778
5,13265,1.990
5,13266,1.692
5,13267,1.566
5,13268,1.829
5,13269,2.105
5,13270,2.103
5,13271,2.358
5,13272,2.310
5,13273,2.473
5,13274,2.092
5,13275,2.146
5,13276,2.051
5,13277,2.098
5,13278,2.162
5,13279,1.940
5,13280,1.903
5,13281,2.262
5,13282,1.987
5,13283,1.861
5,13284,1.665
5,13285,2.296
5,13286,2.729
5,13287,2.071
5,13288,2.040
5,13289,2.068
5,13290,1.724
5,13291,1.669
5,13292,2.045
5,13293,2.142
5,13294,1.978
5,13295,2.190
5,13296,2.087
5,13297,2.055
5,13298,2.598
5,13299,2.308
5,13300,2.156
5,13301,2.327
5,13302,2.213
5,13303,1.835
5,13304,1.761
5,13305,2.143
5,13306,2.387
5,13307,1.932
5,13308,2.353
5,13309,2.158
5,13310,1.865
5,13311,2.142
5,13312,2.087
5,13313,1.716
5,13314,1.639
5,13315,3.297
5,13316,3.089
5,13317,3.124
5,13318,2.447
5,13319,1.979
5,13320,2.381
5,13321,3.357
5,13322,2.571
5,13323,2.520
5,13324,1.833
5,13325,1.733
5,13326,1.974
5,13327,2.167
5,13328,2.273
5,13329,2.112
5,13330,2.280
5,13331,1.837
5,13332,1.968
5,13333,2.316
5,13334,1.834
5,13335,2.836
5,13336,2.331
5,13337,2.174
5,13338,2.214
5,13339,1.984
5,13340,1.978
5,13341,1.847
5,13342,2.449
5,13343,2.451
5,13344,2.023
5,13345,2.148
5,13346,2.481
5,13347,1.886
5,13348,1.874
5,13349,2.533
5,13350,2.518
5,13351,2.583
5,13352,2.340
5,13353,2.085
5,13354,2.484
5,13355,2.851
5,13356,2.328
5,13357,2.305
5,13358,2.256
5,13359,2.075
5,13360,2.220
5,13361,2.156
5,13362,2.694
5,13363,2.928
5,13364,2.614
5,13365,2.309
5,13366,2.562
5,13367,2.372
5,13368,2.729
5,13369,2.669
5,13370,1.886
5,13371,1.929
5,13372,1.918
5,13373,1.611
5,13374,1.552
5,13375,1.996
5,13376,2.323
5,13377,2.972
5,13378,2.659
5,13379,1.953
5,13380,1.802
5,13381,1.941
5,13382,1.865
5,13383,1.622
5,13384,1.943
5,13385,2.086
5,13386,2.007
5,13387,2.511
5,13388,2.011
5,13389,2.099
5,13390,2.011
5,13391,2.549
5,13392,2.442
5,13393,2.284
5,13394,2.241
