pass,frame,ms
1,1,3.632
1,2,3.512
1,3,3.316
1,4,3.321
1,5,3.218
1,6,3.351
1,7,5.176
1,8,2.882
1,9,2.576
1,10,2.923
1,11,3.202
1,12,3.686
1,13,2.915
1,14,3.779
1,15,4.378
1,16,2.903
1,17,3.953
1,18,4.773
1,19,3.096
1,20,3.004
1,21,3.774
1,22,3.342
1,23,2.966
1,24,4.340
1,25,2.671
1,26,2.972
1,27,2.606
1,28,3.134
1,29,3.120
1,30,2.678
1,31,2.728
1,32,2.313
1,33,2.378
1,34,2.539
1,35,2.475
1,36,2.348
1,37,3.880
1,38,2.844
1,39,2.642
1,40,3.920
1,41,3.039
1,42,2.734
1,43,2.930
1,44,2.352
1,45,2.086
1,46,2.533
1,47,2.844
1,48,3.810
1,49,2.760
1,50,1.933
1,51,2.316
1,52,2.003
1,53,1.699
1,54,2.005
1,55,2.363
1,56,2.678
1,57,2.244
1,58,2.088
1,59,1.774
1,60,1.858
1,61,2.027
1,62,1.989
1,63,2.367
1,64,2.734
1,65,2.345
1,66,2.002
1,67,2.916
1,68,4.375
1,69,3.726
1,70,3.286
1,71,2.842
1,72,2.558
1,73,3.034
1,74,2.873
1,75,2.918
1,76,2.855
1,77,2.365
1,78,2.345
1,79,2.551
1,80,2.243
1,81,2.552
1,82,2.498
1,83,2.780
1,84,2.717
1,85,2.751
1,86,3.866
1,87,2.881
1,88,2.902
1,89,3.090
1,90,2.302
1,91,3.109
1,92,2.954
1,93,2.455
1,94,2.416
1,95,2.163
1,96,2.452
1,97,2.437
1,98,2.067
1,99,2.001
1,100,2.616
1,101,1.928
1,102,1.987
1,103,2.145
1,104,3.628
1,105,3.093
1,106,2.149
1,107,1.835
1,108,2.140
1,109,2.020
1,110,2.086
1,111,2.446
1,112,1.983
1,113,2.078
1,114,2.250
1,115,2.413
1,116,1.784
1,117,1.656
1,118,2.829
1,119,2.577
1,120,1.879
1,121,1.888
1,122,2.135
1,123,2.319
1,124,2.251
1,125,2.683
1,126,2.890
1,127,3.453
1,128,2.542
1,129,2.414
1,130,2.315
1,131,2.637
1,132,2.627
1,133,2.388
1,134,3.281
1,135,2.480
1,136,2.273
1,137,2.718
1,138,2.375
1,139,2.066
1,140,2.254
1,141,3.054
1,142,2.589
1,143,3.613
1,144,2.401
1,145,2.408
1,146,2.433
1,147,2.119
1,148,2.458
1,149,2.262
1,150,2.129
1,151,2.020
1,152,2.113
1,153,1.736
1,154,2.001
1,155,2.210
1,156,2.354
1,157,2.049
1,158,1.930
1,159,2.095
1,160,1.881
1,161,1.886
1,162,2.012
1,163,1.704
1,164,1.766
1,165,2.837
1,166,2.735
1,167,2.461
1,168,2.576
1,169,2.423
1,170,1.910
1,171,2.082
1,172,2.280
1,173,1.980
1,174,2.008
1,175,2.079
1,176,2.071
1,177,1.987
1,178,2.159
1,179,1.937
1,180,2.400
1,181,3.052
1,182,2.413
1,183,2.316
1,184,2.429
1,185,1.771
1,186,2.047
1,187,2.659
1,188,2.280
1,189,2.760
1,190,2.625
1,191,2.225
1,192,2.824
1,193,2.600
1,194,2.941
1,195,2.316
1,196,2.354
1,197,1.696
1,198,1.707
1,199,1.912
1,200,1.847
1,201,2.940
1,202,2.009
1,203,1.668
1,204,1.709
1,205,2.111
1,206,1.862
1,207,1.728
1,208,1.506
1,209,2.577
1,210,2.145
1,211,1.870
1,212,2.041
1,213,2.037
1,214,2.725
1,215,2.501
1,216,2.960
1,217,1.995
1,218,2.040
1,219,1.756
1,220,1.843
1,221,1.850
1,222,2.092
1,223,1.747
1,224,2.775
1,225,2.412
1,226,1.790
1,227,1.631
1,228,2.266
1,229,2.343
1,230,2.566
1,231,2.453
1,232,2.361
1,233,1.891
1,234,2.219
1,235,2.138
1,236,2.152
1,237,2.543
1,238,3.143
1,239,2.269
1,240,2.123
1,241,2.306
1,242,2.076
1,243,2.392
1,244,2.380
1,245,2.824
1,246,2.643
1,247,2.404
1,248,1.904
1,249,2.036
1,250,2.014
1,251,2.056
1,252,3.364
1,253,2.819
1,254,2.486
1,255,2.607
1,256,3.204
1,257,3.384
1,258,3.179
1,259,3.201
1,260,2.310
1,261,2.108
1,262,2.495
1,263,2.577
1,264,2.528
1,265,2.480
1,266,2.704
1,267,2.184
1,268,2.166
1,269,2.427
1,270,2.796
1,271,2.597
1,272,2.551
1,273,2.759
1,274,2.433
1,275,2.737
1,276,2.814
1,277,2.413
1,278,2.452
1,279,2.410
1,280,2.233
1,281,2.135
1,282,2.475
1,283,1.857
1,284,1.506
1,285,1.858
1,286,1.782
1,287,1.694
1,288,1.722
1,289,2.544
1,290,1.955
1,291,1.741
1,292,1.745
1,293,1.793
1,294,1.638
1,295,1.438
1,296,1.720
1,297,1.818
1,298,1.747
1,299,2.351
1,300,2.310
1,301,2.207
1,302,2.141
1,303,2.009
1,304,1.851
1,305,2.278
1,306,2.812
1,307,2.176
1,308,1.880
1,309,1.691
1,310,1.725
1,311,1.767
1,312,1.611
1,313,1.607
1,314,2.628
1,315,2.587
1,316,2.875
1,317,2.658
1,318,2.332
1,319,2.603
1,320,2.671
1,321,2.347
1,322,2.437
1,323,2.841
1,324,2.683
1,325,2.395
1,326,2.230
1,327,2.497
1,328,2.220
1,329,2.145
1,330,2.441
1,331,2.081
1,332,2.192
1,333,2.348
1,334,2.833
1,335,2.165
1,336,2.521
1,337,2.498
1,338,2.646
1,339,2.918
1,340,3.402
1,341,2.795
1,342,2.949
1,343,3.016
1,344,3.378
1,345,3.440
1,346,4.568
1,347,2.749
1,348,2.441
1,349,2.266
1,350,3.306
1,351,2.730
1,352,1.960
1,353,2.359
1,354,2.380
1,355,2.122
1,356,2.319
1,357,3.148
1,358,2.236
1,359,2.433
1,360,2.347
1,361,2.756
1,362,3.966
1,363,2.975
1,364,2.658
1,365,2.604
1,366,2.656
1,367,2.660
1,368,3.138
1,369,3.055
1,370,2.440
1,371,2.404
1,372,2.520
1,373,2.382
1,374,2.829
1,375,2.440
1,376,2.623
1,377,2.511
1,378,2.319
1,379,2.210
1,380,2.869
1,381,3.167
1,382,2.793
1,383,2.783
1,384,3.176
1,385,3.078
1,386,2.882
1,387,2.867
1,388,2.539
1,389,2.962
1,390,2.970
1,391,2.791
1,392,2.837
1,393,2.582
1,394,2.679
1,395,2.933
1,396,2.721
1,397,3.722
1,398,3.457
1,399,2.544
1,400,2.211
1,401,3.057
1,402,3.290
1,403,3.364
1,404,3.218
1,405,3.434
1,406,3.169
1,407,3.806
1,408,3.498
1,409,2.887
1,410,2.504
1,411,2.107
1,412,2.171
1,413,2.870
1,414,2.687
1,415,2.658
1,416,2.556
1,417,2.391
1,418,2.486
1,419,2.254
1,420,2.776
1,421,3.637
1,422,2.248
1,423,2.128
1,424,2.232
1,425,4.455
1,426,3.169
1,427,2.361
1,428,2.667
1,429,2.585
1,430,2.588
1,431,2.878
1,432,2.230
1,433,2.806
1,434,2.632
1,435,1.965
1,436,1.887
1,437,2.276
1,438,2.111
1,439,2.122
1,440,2.021
1,441,2.026
1,442,2.247
1,443,2.074
1,444,1.967
1,445,1.874
1,446,1.906
1,447,2.097
1,448,1.806
1,449,1.774
1,450,2.146
1,451,1.752
1,452,1.803
1,453,1.881
1,454,2.141
1,455,1.854
1,456,1.644
1,457,1.717
1,458,2.073
1,459,2.758
1,460,2.064
1,461,2.634
1,462,2.757
1,463,4.239
1,464,2.316
1,465,2.152
1,466,1.921
1,467,2.045
1,468,1.757
1,469,1.664
1,470,2.009
1,471,1.745
1,472,1.678
1,473,2.035
1,474,2.025
1,475,1.710
1,476,2.172
1,477,2.193
1,478,1.913
1,479,1.536
1,480,1.755
1,481,2.434
1,482,2.361
1,483,3.167
1,484,2.652
1,485,2.598
1,486,2.873
1,487,2.419
1,488,2.053
1,489,2.639
1,490,3.017
1,491,2.466
1,492,2.168
1,493,1.716
1,494,1.666
1,495,2.040
1,496,1.734
1,497,1.932
1,498,2.399
1,499,1.971
1,500,1.927
1,501,1.793
1,502,2.049
1,503,2.119
1,504,2.446
1,505,2.768
1,506,2.725
1,507,2.298
1,508,2.429
1,509,2.260
1,510,2.657
1,511,3.230
1,512,2.258
1,513,2.631
1,514,1.990
1,515,1.856
1,516,2.096
1,517,2.350
1,518,2.057
1,519,2.244
1,520,2.312
1,521,2.658
1,522,2.237
1,523,2.504
1,524,3.075
1,525,3.503
1,526,2.252
1,527,2.096
1,528,2.603
1,529,2.081
1,530,2.409
1,531,2.329
1,532,1.975
1,533,1.945
1,534,2.290
1,535,1.815
1,536,2.247
1,537,2.187
1,538,2.366
1,539,2.179
1,540,2.360
1,541,2.302
1,542,1.863
1,543,2.117
1,544,2.527
1,545,2.841
1,546,3.403
1,547,2.823
1,548,2.796
1,549,2.359
1,550,2.536
1,551,2.671
1,552,2.553
1,553,2.588
1,554,3.183
1,555,2.695
1,556,2.605
1,557,2.897
1,558,2.533
1,559,2.259
1,560,2.171
1,561,1.915
1,562,1.889
1,563,1.875
1,564,2.092
1,565,2.741
1,566,3.262
1,567,3.357
1,568,2.967
1,569,3.397
1,570,5.240
1,571,3.390
1,572,3.419
1,573,4.029
1,574,3.180
1,575,3.853
1,576,3.375
1,577,2.832
1,578,3.000
1,579,2.661
1,580,2.716
1,581,3.006
1,582,3.371
1,583,2.726
1,584,2.515
1,585,2.526
1,586,2.240
1,587,2.639
1,588,2.300
1,589,3.607
1,590,3.177
1,591,2.892
1,592,3.028
1,593,2.685
1,594,2.972
1,595,3.006
1,596,3.378
1,597,3.574
1,598,3.651
1,599,2.732
1,600,4.392
1,601,3.763
1,602,2.795
1,603,2.542
1,604,2.659
1,605,2.668
1,606,2.340
1,607,2.821
1,608,2.731
1,609,2.423
1,610,2.854
1,611,2.656
1,612,2.544
1,613,2.627
1,614,2.671
1,615,3.195
1,616,3.113
1,617,3.100
1,618,3.125
1,619,4.756
1,620,3.239
1,621,3.493
1,622,5.772
1,623,2.878
1,624,3.024
1,625,3.061
1,626,2.722
1,627,2.918
1,628,2.657
1,629,2.647
1,630,3.326
1,631,2.994
1,632,2.408
1,633,2.396
1,634,2.101
1,635,2.758
1,636,2.797
1,637,2.278
1,638,2.666
1,639,2.433
1,640,2.280
1,641,2.650
1,642,2.763
1,643,2.512
1,644,2.460
1,645,2.850
1,646,2.605
1,647,2.516
1,648,2.671
1,649,2.632
1,650,2.704
1,651,2.475
1,652,2.860
1,653,2.537
1,654,2.828
1,655,2.406
1,656,2.402
1,657,2.567
1,658,2.609
1,659,2.946
1,660,2.658
1,661,2.335
1,662,2.772
1,663,2.345
1,664,2.561
1,665,2.783
1,666,2.739
1,667,3.009
1,668,2.660
1,669,2.588
1,670,2.606
1,671,2.450
1,672,2.571
1,673,2.842
1,674,2.276
1,675,2.532
1,676,2.684
1,677,2.604
1,678,2.643
1,679,2.564
1,680,2.804
1,681,2.683
1,682,2.415
1,683,2.708
1,684,2.475
1,685,2.803
1,686,2.808
1,687,2.769
1,688,2.941
1,689,2.753
1,690,3.122
1,691,2.418
1,692,2.230
1,693,2.253
1,694,3.031
1,695,2.384
1,696,2.844
1,697,2.533
1,698,2.408
1,699,2.756
1,700,2.499
1,701,3.019
1,702,3.026
1,703,2.409
1,704,2.625
1,705,2.618
1,706,2.656
1,707,2.679
1,708,2.928
1,709,2.361
1,710,2.432
1,711,2.497
1,712,2.910
1,713,2.866
1,714,2.418
1,715,2.801
1,716,2.196
1,717,2.281
1,718,2.272
1,719,2.641
1,720,2.176
1,721,1.930
1,722,1.646
1,723,1.868
1,724,1.962
1,725,1.765
1,726,1.705
1,727,2.072
1,728,2.490
1,729,2.270
1,730,1.893
1,731,1.960
1,732,2.052
1,733,1.575
1,734,1.807
1,735,2.101
1,736,2.352
1,737,2.295
1,738,2.330
1,739,2.267
1,740,2.266
1,741,2.023
1,742,1.995
1,743,2.113
1,744,2.100
1,745,1.956
1,746,1.985
1,747,1.947
1,748,1.931
1,749,2.245
1,750,2.427
1,751,2.415
1,752,2.281
1,753,1.945
1,754,2.026
1,755,1.898
1,756,1.909
1,757,2.347
1,758,2.994
1,759,2.421
1,760,2.480
1,761,2.348
1,762,2.077
1,763,2.213
1,764,2.705
1,765,2.247
1,766,2.280
1,767,1.796
1,768,1.648
1,769,1.659
1,770,1.651
1,771,1.760
1,772,1.978
1,773,2.630
1,774,2.131
1,775,2.159
1,776,2.028
1,777,1.762
1,778,1.482
1,779,1.522
1,780,1.658
1,781,2.005
1,782,2.181
1,783,1.576
1,784,2.316
1,785,2.230
1,786,1.892
1,787,1.689
1,788,1.582
1,789,1.474
1,790,1.854
1,791,1.985
1,792,1.850
1,793,1.693
1,794,1.490
1,795,1.533
1,796,1.945
1,797,1.660
1,798,1.749
1,799,1.929
1,800,1.885
1,801,2.182
1,802,2.183
1,803,1.983
1,804,1.851
1,805,1.571
1,806,1.514
1,807,2.006
1,808,1.836
1,809,1.714
1,810,1.909
1,811,1.765
1,812,1.742
1,813,1.652
1,814,1.666
1,815,1.810
1,816,1.925
1,817,1.950
1,818,1.761
1,819,1.722
1,820,2.358
1,821,2.540
1,822,2.086
1,823,1.742
1,824,1.703
1,825,2.016
1,826,2.061
1,827,1.883
1,828,1.951
1,829,2.589
1,830,2.138
1,831,2.191
1,832,3.808
1,833,2.291
1,834,1.819
1,835,1.629
1,836,1.598
1,837,1.827
1,838,1.733
1,839,2.410
1,840,1.962
1,841,1.737
1,842,1.934
1,843,1.812
1,844,1.874
1,845,1.896
1,846,2.374
1,847,2.201
1,848,1.865
1,849,2.217
1,850,1.997
1,851,2.160
1,852,2.341
1,853,2.689
1,854,3.519
1,855,2.475
1,856,2.030
1,857,2.161
1,858,1.997
1,859,1.943
1,860,2.012
1,861,3.103
1,862,2.546
1,863,1.805
1,864,2.229
1,865,1.973
1,866,2.005
1,867,2.484
1,868,2.318
1,869,2.329
1,870,2.883
1,871,2.512
1,872,2.628
1,873,2.427
1,874,3.335
1,875,2.289
1,876,2.108
1,877,2.420
1,878,2.184
1,879,2.219
1,880,3.185
1,881,3.355
1,882,2.923
1,883,2.849
1,884,3.088
1,885,3.391
1,886,2.715
1,887,2.799
1,888,2.989
1,889,2.475
1,890,3.050
1,891,2.919
1,892,3.701
1,893,2.753
1,894,2.735
1,895,2.735
1,896,3.413
1,897,3.485
1,898,3.367
1,899,2.802
1,900,2.430
1,901,3.344
1,902,2.966
1,903,2.673
1,904,2.708
1,905,2.748
1,906,2.882
1,907,2.993
1,908,3.482
1,909,2.936
1,910,2.905
1,911,5.647
1,912,3.288
1,913,3.747
1,914,2.891
1,915,2.785
1,916,3.454
1,917,4.640
1,918,3.464
1,919,3.183
1,920,2.849
1,921,2.833
1,922,2.845
1,923,3.480
1,924,3.712
1,925,3.952
1,926,6.075
1,927,3.124
1,928,3.273
1,929,3.371
1,930,2.185
1,931,2.024
1,932,1.878
1,933,1.803
1,934,1.795
1,935,1.930
1,936,3.320
1,937,3.449
1,938,2.673
1,939,2.612
1,940,2.710
1,941,2.265
1,942,2.914
1,943,2.150
1,944,1.740
1,945,2.044
1,946,1.995
1,947,1.969
1,948,2.162
1,949,2.488
1,950,2.567
1,951,2.643
1,952,2.415
1,953,1.982
1,954,2.003
1,955,2.404
1,956,2.455
1,957,2.126
1,958,2.612
1,959,2.246
1,960,2.429
1,961,2.693
1,962,2.534
1,963,2.814
1,964,4.274
1,965,2.968
1,966,1.847
1,967,1.456
1,968,1.453
1,969,2.029
1,970,2.106
1,971,1.887
1,972,1.613
1,973,1.627
1,974,2.014
1,975,1.563
1,976,1.726
1,977,1.713
1,978,1.927
1,979,2.098
1,980,1.960
1,981,1.819
1,982,1.769
1,983,1.692
1,984,2.670
1,985,2.102
1,986,2.245
1,987,2.086
1,988,1.725
1,989,1.558
1,990,1.461
1,991,1.586
1,992,1.587
1,993,1.719
1,994,1.404
1,995,2.077
1,996,1.887
1,997,1.621
1,998,1.697
1,999,1.680
1,1000,1.557
1,1001,1.540
1,1002,1.516
1,1003,1.870
1,1004,2.438
1,1005,2.494
1,1006,2.620
1,1007,2.530
1,1008,2.384
1,1009,2.180
1,1010,3.377
1,1011,3.244
1,1012,3.128
1,1013,2.437
1,1014,2.406
1,1015,2.283
1,1016,2.697
1,1017,2.512
1,1018,2.732
1,1019,2.527
1,1020,2.422
1,1021,2.041
1,1022,2.168
1,1023,3.082
1,1024,2.350
1,1025,3.066
1,1026,2.696
1,1027,2.551
1,1028,2.457
1,1029,2.511
1,1030,3.254
1,1031,2.580
1,1032,2.266
1,1033,2.324
1,1034,2.189
1,1035,2.413
1,1036,2.623
1,1037,2.458
1,1038,2.226
1,1039,2.600
1,1040,2.559
1,1041,2.087
1,1042,2.589
1,1043,2.342
1,1044,1.725
1,1045,1.903
1,1046,2.010
1,1047,1.672
1,1048,1.926
1,1049,1.868
1,1050,2.296
1,1051,2.002
1,1052,2.475
1,1053,2.090
1,1054,1.745
1,1055,1.553
1,1056,1.793
1,1057,2.100
1,1058,2.288
1,1059,2.423
1,1060,2.132
1,1061,1.869
1,1062,1.914
1,1063,2.054
1,1064,1.750
1,1065,1.648
1,1066,2.324
1,1067,1.926
1,1068,1.772
1,1069,1.658
1,1070,1.701
1,1071,1.633
1,1072,1.729
1,1073,1.634
1,1074,2.149
1,1075,1.867
1,1076,2.001
1,1077,2.045
1,1078,2.431
1,1079,1.906
1,1080,1.758
1,1081,1.882
1,1082,2.256
1,1083,1.778
1,1084,1.825
1,1085,2.110
1,1086,1.515
1,1087,1.488
1,1088,1.682
1,1089,1.801
1,1090,1.896
1,1091,2.454
1,1092,2.074
1,1093,1.853
1,1094,1.863
1,1095,1.816
1,1096,2.094
1,1097,1.857
1,1098,2.020
1,1099,2.194
1,1100,1.889
1,1101,1.656
1,1102,1.669
1,1103,2.431
1,1104,2.093
1,1105,1.704
1,1106,2.126
1,1107,1.965
1,1108,1.784
1,1109,1.601
1,1110,1.811
1,1111,1.740
1,1112,1.699
1,1113,1.457
1,1114,1.732
1,1115,1.985
1,1116,2.137
1,1117,2.137
1,1118,2.062
1,1119,1.761
1,1120,1.526
1,1121,1.639
1,1122,2.075
1,1123,1.640
1,1124,1.861
1,1125,2.205
1,1126,1.846
1,1127,1.802
1,1128,1.738
1,1129,2.044
1,1130,2.016
1,1131,2.319
1,1132,2.567
1,1133,1.946
1,1134,1.838
1,1135,2.509
1,1136,2.146
1,1137,1.777
1,1138,1.725
1,1139,2.846
1,1140,1.945
1,1141,1.719
1,1142,1.901
1,1143,1.664
1,1144,1.483
1,1145,1.533
1,1146,1.900
1,1147,2.108
1,1148,2.024
1,1149,1.600
1,1150,2.008
1,1151,1.738
1,1152,1.625
1,1153,1.701
1,1154,1.825
1,1155,2.473
1,1156,3.400
1,1157,2.647
1,1158,1.912
1,1159,1.926
1,1160,2.127
1,1161,1.925
1,1162,2.573
1,1163,2.573
1,1164,2.015
1,1165,2.745
1,1166,2.415
1,1167,1.872
1,1168,1.826
1,1169,2.460
1,1170,2.212
1,1171,1.809
1,1172,2.458
1,1173,2.374
1,1174,1.774
1,1175,1.997
1,1176,2.795
1,1177,2.073
1,1178,1.960
1,1179,2.282
1,1180,1.627
1,1181,1.802
1,1182,1.782
1,1183,1.828
1,1184,2.193
1,1185,2.158
1,1186,2.336
1,1187,2.097
1,1188,1.832
1,1189,1.992
1,1190,2.100
1,1191,1.570
1,1192,2.050
1,1193,1.974
1,1194,1.589
1,1195,1.579
1,1196,1.629
1,1197,1.640
1,1198,1.602
1,1199,1.739
1,1200,2.462
1,1201,2.596
1,1202,2.355
1,1203,3.135
1,1204,3.008
1,1205,2.187
1,1206,2.315
1,1207,2.586
1,1208,2.068
1,1209,1.946
1,1210,1.546
1,1211,1.410
1,1212,1.509
1,1213,1.799
1,1214,1.732
1,1215,1.854
1,1216,1.875
1,1217,2.289
1,1218,1.817
1,1219,1.501
1,1220,1.713
1,1221,1.797
1,1222,1.626
1,1223,1.684
1,1224,1.859
1,1225,2.018
1,1226,1.741
1,1227,2.233
1,1228,2.060
1,1229,1.977
1,1230,2.434
1,1231,2.215
1,1232,2.172
1,1233,1.865
1,1234,1.692
1,1235,1.892
1,1236,2.095
1,1237,2.384
1,1238,2.249
1,1239,2.332
1,1240,2.115
1,1241,2.244
1,1242,2.014
1,1243,1.646
1,1244,1.787
1,1245,1.830
1,1246,1.638
1,1247,1.406
1,1248,2.229
1,1249,2.068
1,1250,1.638
1,1251,1.659
1,1252,1.705
1,1253,1.772
1,1254,2.651
1,1255,2.392
1,1256,2.107
1,1257,1.752
1,1258,1.536
1,1259,1.785
1,1260,1.613
1,1261,1.435
1,1262,1.369
1,1263,1.318
1,1264,1.898
1,1265,1.689
1,1266,1.892
1,1267,1.785
1,1268,2.061
1,1269,1.638
1,1270,1.530
1,1271,1.654
1,1272,1.769
1,1273,1.656
1,1274,1.945
1,1275,2.369
1,1276,2.384
1,1277,2.079
1,1278,2.279
1,1279,2.031
1,1280,1.742
1,1281,2.207
1,1282,3.031
1,1283,1.827
1,1284,1.471
1,1285,1.440
1,1286,1.694
1,1287,1.491
1,1288,1.665
1,1289,1.498
1,1290,1.528
1,1291,1.613
1,1292,1.873
1,1293,1.501
1,1294,1.881
1,1295,1.756
1,1296,1.426
1,1297,1.393
1,1298,1.624
1,1299,1.617
1,1300,1.665
1,1301,2.008
1,1302,2.481
1,1303,1.963
1,1304,1.596
1,1305,1.386
1,1306,1.646
1,1307,1.687
1,1308,1.629
1,1309,2.065
1,1310,2.798
1,1311,2.362
1,1312,1.855
1,1313,2.011
1,1314,4.343
1,1315,3.624
1,1316,2.732
1,1317,2.928
1,1318,2.708
1,1319,2.357
1,1320,2.802
1,1321,2.656
1,1322,2.650
1,1323,2.542
1,1324,3.832
1,1325,3.469
1,1326,2.642
1,1327,2.694
1,1328,5.818
1,1329,3.249
1,1330,3.320
1,1331,3.576
1,1332,2.869
1,1333,2.084
1,1334,1.667
1,1335,1.517
1,1336,1.619
1,1337,2.251
1,1338,2.747
1,1339,2.003
1,1340,1.986
1,1341,1.604
1,1342,1.525
1,1343,1.718
1,1344,1.722
1,1345,2.033
1,1346,1.727
1,1347,1.625
1,1348,1.905
1,1349,2.003
1,1350,2.638
1,1351,2.605
1,1352,1.959
1,1353,2.212
1,1354,2.412
1,1355,1.990
1,1356,1.515
1,1357,1.360
1,1358,1.620
1,1359,1.607
1,1360,1.536
1,1361,1.554
1,1362,1.586
1,1363,1.827
1,1364,2.030
1,1365,1.608
1,1366,1.705
1,1367,1.807
1,1368,1.598
1,1369,1.410
1,1370,1.569
1,1371,1.780
1,1372,1.808
1,1373,2.265
1,1374,2.516
1,1375,2.021
1,1376,2.162
1,1377,1.975
1,1378,2.063
1,1379,1.725
1,1380,2.000
1,1381,2.170
1,1382,1.921
1,1383,2.352
1,1384,2.464
1,1385,2.216
1,1386,2.000
1,1387,2.626
1,1388,1.966
1,1389,1.663
1,1390,1.515
1,1391,2.202
1,1392,1.717
1,1393,1.513
1,1394,1.350
1,1395,1.931
1,1396,2.521
1,1397,2.280
1,1398,2.389
1,1399,2.364
1,1400,2.912
1,1401,3.059
1,1402,2.417
1,1403,1.881
1,1404,1.812
1,1405,1.559
1,1406,1.648
1,1407,1.577
1,1408,2.331
1,1409,1.562
1,1410,1.463
1,1411,2.059
1,1412,2.372
1,1413,2.314
1,1414,2.198
1,1415,2.117
1,1416,1.775
1,1417,1.763
1,1418,1.485
1,1419,3.262
1,1420,1.914
1,1421,1.899
1,1422,1.923
1,1423,1.804
1,1424,1.825
1,1425,2.399
1,1426,2.641
1,1427,2.124
1,1428,2.600
1,1429,4.051
1,1430,2.473
1,1431,1.815
1,1432,1.582
1,1433,2.085
1,1434,2.160
1,1435,2.006
1,1436,1.466
1,1437,1.534
1,1438,1.824
1,1439,1.672
1,1440,1.582
1,1441,1.621
1,1442,2.587
1,1443,2.411
1,1444,1.959
1,1445,2.152
1,1446,2.161
1,1447,1.979
1,1448,2.401
1,1449,2.728
1,1450,2.370
1,1451,2.633
1,1452,2.120
1,1453,2.073
1,1454,2.427
1,1455,2.062
1,1456,2.391
1,1457,2.530
1,1458,2.435
1,1459,2.361
1,1460,2.485
1,1461,2.126
1,1462,2.476
1,1463,2.595
1,1464,2.332
1,1465,2.453
1,1466,2.682
1,1467,2.470
1,1468,2.542
1,1469,3.361
1,1470,2.754
1,1471,2.749
1,1472,2.384
1,1473,2.797
1,1474,2.522
1,1475,2.245
1,1476,2.404
1,1477,2.247
1,1478,2.074
1,1479,2.278
1,1480,2.242
1,1481,2.252
1,1482,2.852
1,1483,2.114
1,1484,1.860
1,1485,2.231
1,1486,2.274
1,1487,1.960
1,1488,2.293
1,1489,3.059
1,1490,2.454
1,1491,2.461
1,1492,1.959
1,1493,1.784
1,1494,2.102
1,1495,2.036
1,1496,2.348
1,1497,2.432
1,1498,2.168
1,1499,2.116
1,1500,2.200
1,1501,2.155
1,1502,1.932
1,1503,2.020
1,1504,2.525
1,1505,2.941
1,1506,2.189
1,1507,2.215
1,1508,2.070
1,1509,2.122
1,1510,2.571
1,1511,3.109
1,1512,3.439
1,1513,2.299
1,1514,2.051
1,1515,2.611
1,1516,2.618
1,1517,2.401
1,1518,2.264
1,1519,2.502
1,1520,2.176
1,1521,2.266
1,1522,1.989
1,1523,2.771
1,1524,2.545
1,1525,2.189
1,1526,2.117
1,1527,2.443
1,1528,2.522
1,1529,2.224
1,1530,2.680
1,1531,2.110
1,1532,2.339
1,1533,3.001
1,1534,2.481
1,1535,2.124
1,1536,2.425
1,1537,2.436
1,1538,2.387
1,1539,2.167
1,1540,2.107
1,1541,2.510
1,1542,2.453
1,1543,2.119
1,1544,2.299
1,1545,2.182
1,1546,1.955
1,1547,1.904
1,1548,1.891
1,1549,1.814
1,1550,1.989
1,1551,2.472
1,1552,2.068
1,1553,1.789
1,1554,2.102
1,1555,2.237
1,1556,2.247
1,1557,1.988
1,1558,2.098
1,1559,2.236
1,1560,1.753
1,1561,1.843
1,1562,1.818
1,1563,1.582
1,1564,1.478
1,1565,1.634
1,1566,1.629
1,1567,1.600
1,1568,2.467
1,1569,2.086
1,1570,1.743
1,1571,2.433
1,1572,2.024
1,1573,2.067
1,1574,1.798
1,1575,1.665
1,1576,2.048
1,1577,1.739
1,1578,1.880
1,1579,1.611
1,1580,1.796
1,1581,1.973
1,1582,1.915
1,1583,1.836
1,1584,2.158
1,1585,2.361
1,1586,2.249
1,1587,2.375
1,1588,1.952
1,1589,1.606
1,1590,1.800
1,1591,1.953
1,1592,2.554
1,1593,2.258
1,1594,1.893
1,1595,1.725
1,1596,2.101
1,1597,1.904
1,1598,2.042
1,1599,1.896
1,1600,2.302
1,1601,2.181
1,1602,1.901
1,1603,1.852
1,1604,2.113
1,1605,2.389
1,1606,2.342
1,1607,2.718
1,1608,2.020
1,1609,1.535
1,1610,1.598
1,1611,2.126
1,1612,2.168
1,1613,1.831
1,1614,2.018
1,1615,1.987
1,1616,1.888
1,1617,2.217
1,1618,2.119
1,1619,1.912
1,1620,2.196
1,1621,2.142
1,1622,2.601
1,1623,1.933
1,1624,1.803
1,1625,1.748
1,1626,1.501
1,1627,1.601
1,1628,1.702
1,1629,1.666
1,1630,1.884
1,1631,2.075
1,1632,2.810
1,1633,1.914
1,1634,1.481
1,1635,1.581
1,1636,1.554
1,1637,1.435
1,1638,1.404
1,1639,1.371
1,1640,1.720
1,1641,1.578
1,1642,2.057
1,1643,1.573
1,1644,1.811
1,1645,1.662
1,1646,1.377
1,1647,1.369
1,1648,1.520
1,1649,1.637
1,1650,1.610
1,1651,1.748
1,1652,1.541
1,1653,1.949
1,1654,1.729
1,1655,1.514
1,1656,1.389
1,1657,1.766
1,1658,1.587
1,1659,1.542
1,1660,1.921
1,1661,2.417
1,1662,1.750
1,1663,2.024
1,1664,1.561
1,1665,1.585
1,1666,1.580
1,1667,1.486
1,1668,1.495
1,1669,1.988
1,1670,2.132
1,1671,1.790
1,1672,1.551
1,1673,2.715
1,1674,1.678
1,1675,1.402
1,1676,1.386
1,1677,1.679
1,1678,2.375
1,1679,2.036
1,1680,1.807
1,1681,1.701
1,1682,2.049
1,1683,1.626
1,1684,1.711
1,1685,1.709
1,1686,1.810
1,1687,2.252
1,1688,2.245
1,1689,2.087
1,1690,1.696
1,1691,2.250
1,1692,1.641
1,1693,1.628
1,1694,1.724
1,1695,2.017
1,1696,1.774
1,1697,1.633
1,1698,2.296
1,1699,2.490
1,1700,2.402
1,1701,1.644
1,1702,1.922
1,1703,2.133
1,1704,1.659
1,1705,1.696
1,1706,1.696
1,1707,1.422
1,1708,1.396
1,1709,1.744
1,1710,2.027
1,1711,1.688
1,1712,2.411
1,1713,2.155
1,1714,1.910
1,1715,1.898
1,1716,1.698
1,1717,1.899
1,1718,1.703
1,1719,1.797
1,1720,1.710
1,1721,1.791
1,1722,1.776
1,1723,1.464
1,1724,1.590
1,1725,1.832
1,1726,1.654
1,1727,1.628
1,1728,1.634
1,1729,2.323
1,1730,1.690
1,1731,1.595
1,1732,1.468
1,1733,1.917
1,1734,2.274
1,1735,1.762
1,1736,1.726
1,1737,2.201
1,1738,2.365
1,1739,1.723
1,1740,1.693
1,1741,1.754
1,1742,1.856
1,1743,1.901
1,1744,1.920
1,1745,2.072
1,1746,2.428
1,1747,2.744
1,1748,2.384
1,1749,2.276
1,1750,2.292
1,1751,2.307
1,1752,2.429
1,1753,2.388
1,1754,1.943
1,1755,1.785
1,1756,1.932
1,1757,2.136
1,1758,2.500
1,1759,3.249
1,1760,2.600
1,1761,2.240
1,1762,3.701
1,1763,2.362
1,1764,2.902
1,1765,2.428
1,1766,1.857
1,1767,1.963
1,1768,1.940
1,1769,2.145
1,1770,2.037
1,1771,1.996
1,1772,2.170
1,1773,2.227
1,1774,2.547
1,1775,1.970
1,1776,1.557
1,1777,1.796
1,1778,2.521
1,1779,2.205
1,1780,2.081
1,1781,1.947
1,1782,1.912
1,1783,1.760
1,1784,1.914
1,1785,1.979
1,1786,2.052
1,1787,2.628
1,1788,2.595
1,1789,2.088
1,1790,2.005
1,1791,2.023
1,1792,1.998
1,1793,2.550
1,1794,2.647
1,1795,2.021
1,1796,1.878
1,1797,2.101
1,1798,2.175
1,1799,1.790
1,1800,1.716
1,1801,2.138
1,1802,1.925
1,1803,1.766
1,1804,2.231
1,1805,1.845
1,1806,1.884
1,1807,1.930
1,1808,2.233
1,1809,2.247
1,1810,2.044
1,1811,2.225
1,1812,2.799
1,1813,3.078
1,1814,2.956
1,1815,2.478
1,1816,2.799
1,1817,2.348
1,1818,2.362
1,1819,2.608
1,1820,2.882
1,1821,3.017
1,1822,2.790
1,1823,2.191
1,1824,2.462
1,1825,2.057
1,1826,2.166
1,1827,3.081
1,1828,2.615
1,1829,1.997
1,1830,2.485
1,1831,2.626
1,1832,2.487
1,1833,2.456
1,1834,2.672
1,1835,1.920
1,1836,1.876
1,1837,1.748
1,1838,1.603
1,1839,1.648
1,1840,1.773
1,1841,1.615
1,1842,1.961
1,1843,2.256
1,1844,1.747
1,1845,1.596
1,1846,1.465
1,1847,1.596
1,1848,1.868
1,1849,1.561
1,1850,1.358
1,1851,2.220
1,1852,1.988
1,1853,2.054
1,1854,1.706
1,1855,1.875
1,1856,2.006
1,1857,1.998
1,1858,1.679
1,1859,2.095
1,1860,1.867
1,1861,1.492
1,1862,1.860
1,1863,1.720
1,1864,1.691
1,1865,1.765
1,1866,1.992
1,1867,2.868
1,1868,2.728
1,1869,2.602
1,1870,2.927
1,1871,2.448
1,1872,2.043
1,1873,1.817
1,1874,1.432
1,1875,1.846
1,1876,2.080
1,1877,1.672
1,1878,1.436
1,1879,1.784
1,1880,1.839
1,1881,1.810
1,1882,1.919
1,1883,2.268
1,1884,2.910
1,1885,2.652
1,1886,2.640
1,1887,3.133
1,1888,2.073
1,1889,2.127
1,1890,2.051
1,1891,2.155
1,1892,2.316
1,1893,1.803
1,1894,1.634
1,1895,2.484
1,1896,2.025
1,1897,1.959
1,1898,2.517
1,1899,2.715
1,1900,1.941
1,1901,2.105
1,1902,2.247
1,1903,2.651
1,1904,2.187
1,1905,3.539
1,1906,1.816
1,1907,1.789
1,1908,1.869
1,1909,1.492
1,1910,1.557
1,1911,2.050
1,1912,1.842
1,1913,1.730
1,1914,1.494
1,1915,1.710
1,1916,1.964
1,1917,1.553
1,1918,1.338
1,1919,1.515
1,1920,1.700
1,1921,1.887
1,1922,1.756
1,1923,1.702
1,1924,1.730
1,1925,1.690
1,1926,1.629
1,1927,1.518
1,1928,1.825
1,1929,1.720
1,1930,1.962
1,1931,3.120
1,1932,2.425
1,1933,2.285
1,1934,2.095
1,1935,1.777
1,1936,1.494
1,1937,1.448
1,1938,2.135
1,1939,2.183
1,1940,1.549
1,1941,1.685
1,1942,1.805
1,1943,1.800
1,1944,1.566
1,1945,1.407
1,1946,1.614
1,1947,1.751
1,1948,1.700
1,1949,2.325
1,1950,1.857
1,1951,1.542
1,1952,1.605
1,1953,1.712
1,1954,1.672
1,1955,1.761
1,1956,1.916
1,1957,2.283
1,1958,2.449
1,1959,1.917
1,1960,1.640
1,1961,1.687
1,1962,1.494
1,1963,1.467
1,1964,1.482
1,1965,1.760
1,1966,2.196
1,1967,1.722
1,1968,1.655
1,1969,1.836
1,1970,1.741
1,1971,1.640
1,1972,1.626
1,1973,1.618
1,1974,1.727
1,1975,1.821
1,1976,1.572
1,1977,1.630
1,1978,2.275
1,1979,1.528
1,1980,1.411
1,1981,1.648
1,1982,1.764
1,1983,1.615
1,1984,2.488
1,1985,2.442
1,1986,2.410
1,1987,3.201
1,1988,2.464
1,1989,1.663
1,1990,1.457
1,1991,1.886
1,1992,1.963
1,1993,1.697
1,1994,1.357
1,1995,1.514
1,1996,2.624
1,1997,1.661
1,1998,1.648
1,1999,1.731
1,2000,1.713
1,2001,1.570
1,2002,1.517
1,2003,1.649
1,2004,1.726
1,2005,1.601
1,2006,1.657
1,2007,1.648
1,2008,1.862
1,2009,1.687
1,2010,1.649
1,2011,1.783
1,2012,2.029
1,2013,1.883
1,2014,1.994
1,2015,1.922
1,2016,2.058
1,2017,1.572
1,2018,1.891
1,2019,1.992
1,2020,1.606
1,2021,1.623
1,2022,1.502
1,2023,1.604
1,2024,1.623
1,2025,1.571
1,2026,1.772
1,2027,2.906
1,2028,2.112
1,2029,2.073
1,2030,2.210
1,2031,2.038
1,2032,1.632
1,2033,1.548
1,2034,1.906
1,2035,2.530
1,2036,1.955
1,2037,1.958
1,2038,1.819
1,2039,1.755
1,2040,1.786
1,2041,2.123
1,2042,1.913
1,2043,1.934
1,2044,2.666
1,2045,2.078
1,2046,1.764
1,2047,1.873
1,2048,1.931
1,2049,1.792
1,2050,1.808
1,2051,2.364
1,2052,2.275
1,2053,2.298
1,2054,2.283
1,2055,2.048
1,2056,1.888
1,2057,1.871
1,2058,2.022
1,2059,2.440
1,2060,2.109
1,2061,2.446
1,2062,1.993
1,2063,1.902
1,2064,2.448
1,2065,2.559
1,2066,2.578
1,2067,1.951
1,2068,1.616
1,2069,1.765
1,2070,1.435
1,2071,1.705
1,2072,1.496
1,2073,1.331
1,2074,1.378
1,2075,1.583
1,2076,2.164
1,2077,2.180
1,2078,1.773
1,2079,2.057
1,2080,1.861
1,2081,1.684
1,2082,1.872
1,2083,1.986
1,2084,2.123
1,2085,2.309
1,2086,2.206
1,2087,1.978
1,2088,2.672
1,2089,2.341
1,2090,2.804
1,2091,2.241
1,2092,2.346
1,2093,1.801
1,2094,1.904
1,2095,2.002
1,2096,2.269
1,2097,1.965
1,2098,2.393
1,2099,2.198
1,2100,2.136
1,2101,2.113
1,2102,2.032
1,2103,1.917
1,2104,2.150
1,2105,3.128
1,2106,2.465
1,2107,2.515
1,2108,2.306
1,2109,2.288
1,2110,2.342
1,2111,2.931
1,2112,3.183
1,2113,2.467
1,2114,2.019
1,2115,2.094
1,2116,2.510
1,2117,2.729
1,2118,3.179
1,2119,2.595
1,2120,2.771
1,2121,2.612
1,2122,2.400
1,2123,2.816
1,2124,2.847
1,2125,2.815
1,2126,2.668
1,2127,2.571
1,2128,2.661
1,2129,3.404
1,2130,2.767
1,2131,3.360
1,2132,2.607
1,2133,2.862
1,2134,2.767
1,2135,2.648
1,2136,2.857
1,2137,4.797
1,2138,2.729
1,2139,2.646
1,2140,3.320
1,2141,4.118
1,2142,5.382
1,2143,5.897
1,2144,5.239
1,2145,6.194
1,2146,7.036
1,2147,4.108
1,2148,3.442
1,2149,3.457
1,2150,3.775
1,2151,3.037
1,2152,3.402
1,2153,3.006
1,2154,3.279
1,2155,4.735
1,2156,4.171
1,2157,3.020
1,2158,3.086
1,2159,2.700
1,2160,2.566
1,2161,2.658
1,2162,2.725
1,2163,2.890
1,2164,3.774
1,2165,3.415
1,2166,3.028
1,2167,2.756
1,2168,2.945
1,2169,2.988
1,2170,2.787
1,2171,2.700
1,2172,2.743
1,2173,2.716
1,2174,3.725
1,2175,2.601
1,2176,2.461
1,2177,2.547
1,2178,2.555
1,2179,2.334
1,2180,4.010
1,2181,3.019
1,2182,2.683
1,2183,2.739
1,2184,2.647
1,2185,2.885
1,2186,2.615
1,2187,2.777
1,2188,2.958
1,2189,2.363
1,2190,2.303
1,2191,2.524
1,2192,2.861
1,2193,2.496
1,2194,1.960
1,2195,2.203
1,2196,2.100
1,2197,2.082
1,2198,2.027
1,2199,2.832
1,2200,2.155
1,2201,1.949
1,2202,2.445
1,2203,2.358
1,2204,1.942
1,2205,2.357
1,2206,2.277
1,2207,1.903
1,2208,2.204
1,2209,2.182
1,2210,1.836
1,2211,2.217
1,2212,2.353
1,2213,2.630
1,2214,3.085
1,2215,2.614
1,2216,2.280
1,2217,2.607
1,2218,2.609
1,2219,2.334
1,2220,2.152
1,2221,2.069
1,2222,1.928
1,2223,2.265
1,2224,2.004
1,2225,1.750
1,2226,2.608
1,2227,2.469
1,2228,2.032
1,2229,2.213
1,2230,2.341
1,2231,1.976
1,2232,1.762
1,2233,2.067
1,2234,3.303
1,2235,3.029
1,2236,2.993
1,2237,2.492
1,2238,2.646
1,2239,2.602
1,2240,3.151
1,2241,2.516
1,2242,2.494
1,2243,3.710
1,2244,2.762
1,2245,3.080
1,2246,2.905
1,2247,2.558
1,2248,2.407
1,2249,2.508
1,2250,2.444
1,2251,2.507
1,2252,2.015
1,2253,2.802
1,2254,2.488
1,2255,2.238
1,2256,2.389
1,2257,2.576
1,2258,2.264
1,2259,2.421
1,2260,2.244
1,2261,2.048
1,2262,2.084
1,2263,2.183
1,2264,2.410
1,2265,2.634
1,2266,2.376
1,2267,2.432
1,2268,3.156
1,2269,2.682
1,2270,2.718
1,2271,3.190
1,2272,3.075
1,2273,2.990
1,2274,3.597
1,2275,2.833
1,2276,3.513
1,2277,2.974
1,2278,2.225
1,2279,1.825
1,2280,2.557
1,2281,2.489
1,2282,2.285
1,2283,2.165
1,2284,2.197
1,2285,1.960
1,2286,2.035
1,2287,1.897
1,2288,2.367
1,2289,2.400
1,2290,2.137
1,2291,2.198
1,2292,2.000
1,2293,1.898
1,2294,2.057
1,2295,2.860
1,2296,2.719
1,2297,1.886
1,2298,1.854
1,2299,1.902
1,2300,2.004
1,2301,2.418
1,2302,3.074
1,2303,2.475
1,2304,2.489
1,2305,2.114
1,2306,1.730
1,2307,1.869
1,2308,2.086
1,2309,2.572
1,2310,2.516
1,2311,2.541
1,2312,2.360
1,2313,1.720
1,2314,1.878
1,2315,1.795
1,2316,1.747
1,2317,3.281
1,2318,2.509
1,2319,2.500
1,2320,3.006
1,2321,2.357
1,2322,2.413
1,2323,2.204
1,2324,2.151
1,2325,1.979
1,2326,2.098
1,2327,1.927
1,2328,2.637
1,2329,2.134
1,2330,2.218
1,2331,2.221
1,2332,2.116
1,2333,2.034
1,2334,1.969
1,2335,1.784
1,2336,2.754
1,2337,2.581
1,2338,2.923
1,2339,2.913
1,2340,2.505
1,2341,4.818
1,2342,3.285
1,2343,2.059
1,2344,1.766
1,2345,1.885
1,2346,2.006
1,2347,2.022
1,2348,1.746
1,2349,1.807
1,2350,2.548
1,2351,2.502
1,2352,2.188
1,2353,2.066
1,2354,2.305
1,2355,2.257
1,2356,2.662
1,2357,2.177
1,2358,2.122
1,2359,2.680
1,2360,2.487
1,2361,2.205
1,2362,1.942
1,2363,2.110
1,2364,1.957
1,2365,1.967
1,2366,2.010
1,2367,2.891
1,2368,2.312
1,2369,2.313
1,2370,2.051
1,2371,2.548
1,2372,2.517
1,2373,2.211
1,2374,2.860
1,2375,2.093
1,2376,2.339
1,2377,3.274
1,2378,2.421
1,2379,2.174
1,2380,2.057
1,2381,2.692
1,2382,2.399
1,2383,2.225
1,2384,2.386
1,2385,2.213
1,2386,2.334
1,2387,1.982
1,2388,1.689
1,2389,2.386
1,2390,2.122
1,2391,2.365
1,2392,2.011
1,2393,1.601
1,2394,1.486
1,2395,1.372
1,2396,1.445
1,2397,1.675
1,2398,1.503
1,2399,1.957
1,2400,2.060
1,2401,1.817
1,2402,2.047
1,2403,1.934
1,2404,1.935
1,2405,1.928
1,2406,2.282
1,2407,2.857
1,2408,2.566
1,2409,2.135
1,2410,2.362
1,2411,2.376
1,2412,1.973
1,2413,2.078
1,2414,2.025
1,2415,1.743
1,2416,2.387
1,2417,2.103
1,2418,1.802
1,2419,1.882
1,2420,2.068
1,2421,2.717
1,2422,2.174
1,2423,2.101
1,2424,2.304
1,2425,2.126
1,2426,2.271
1,2427,1.921
1,2428,2.247
1,2429,2.442
1,2430,2.273
1,2431,2.016
1,2432,2.377
1,2433,2.271
1,2434,1.953
1,2435,2.377
1,2436,2.168
1,2437,2.037
1,2438,2.069
1,2439,2.105
1,2440,2.173
1,2441,1.815
1,2442,1.913
1,2443,2.619
1,2444,2.589
1,2445,1.979
1,2446,2.574
1,2447,2.297
1,2448,2.576
1,2449,1.974
1,2450,2.434
1,2451,2.295
1,2452,2.788
1,2453,2.135
1,2454,1.959
1,2455,2.171
1,2456,2.766
1,2457,2.716
1,2458,1.942
1,2459,1.923
1,2460,2.266
1,2461,2.085
1,2462,1.780
1,2463,1.593
1,2464,2.709
1,2465,2.088
1,2466,1.982
1,2467,2.024
1,2468,1.830
1,2469,1.714
1,2470,1.686
1,2471,2.491
1,2472,2.293
1,2473,2.541
1,2474,2.412
1,2475,2.679
1,2476,2.312
1,2477,2.350
1,2478,2.613
1,2479,2.255
1,2480,2.342
1,2481,1.956
1,2482,2.137
1,2483,2.242
1,2484,1.959
1,2485,1.806
1,2486,1.959
1,2487,2.114
1,2488,2.073
1,2489,2.639
1,2490,2.665
1,2491,2.289
1,2492,2.948
1,2493,2.509
1,2494,2.040
1,2495,2.371
1,2496,3.242
1,2497,2.754
1,2498,2.620
1,2499,2.543
1,2500,2.273
1,2501,2.087
1,2502,2.008
1,2503,2.747
1,2504,2.117
1,2505,2.807
1,2506,2.477
1,2507,1.924
1,2508,2.003
1,2509,1.997
1,2510,1.875
1,2511,2.200
1,2512,3.203
1,2513,2.409
1,2514,2.265
1,2515,1.865
1,2516,1.719
1,2517,1.718
1,2518,2.113
1,2519,2.716
1,2520,1.998
1,2521,1.762
1,2522,1.957
1,2523,2.218
1,2524,2.376
1,2525,1.771
1,2526,1.691
1,2527,2.101
1,2528,2.383
1,2529,2.262
1,2530,1.804
1,2531,1.686
1,2532,1.856
1,2533,1.956
1,2534,2.127
1,2535,2.152
1,2536,1.988
1,2537,1.903
1,2538,1.467
1,2539,1.830
1,2540,1.825
1,2541,1.624
1,2542,1.686
1,2543,2.293
1,2544,2.328
1,2545,1.816
1,2546,1.681
1,2547,1.593
1,2548,1.559
1,2549,1.415
1,2550,1.518
1,2551,1.534
1,2552,1.676
1,2553,1.575
1,2554,1.578
1,2555,1.459
1,2556,1.745
1,2557,1.892
1,2558,1.374
1,2559,1.351
1,2560,1.591
1,2561,1.557
1,2562,2.452
1,2563,2.229
1,2564,2.537
1,2565,2.528
1,2566,3.229
1,2567,2.650
1,2568,3.054
1,2569,3.194
1,2570,2.433
1,2571,2.680
1,2572,2.872
1,2573,2.588
1,2574,2.879
1,2575,3.131
1,2576,2.744
1,2577,2.461
1,2578,2.458
1,2579,2.480
1,2580,2.501
1,2581,2.705
1,2582,2.715
1,2583,2.360
1,2584,2.484
1,2585,2.967
1,2586,2.300
1,2587,2.678
1,2588,3.000
1,2589,2.639
1,2590,2.577
1,2591,2.610
1,2592,2.942
1,2593,2.360
1,2594,2.229
1,2595,2.719
1,2596,2.510
1,2597,2.897
1,2598,2.966
1,2599,2.795
1,2600,2.527
1,2601,2.036
1,2602,1.943
1,2603,2.494
1,2604,2.889
1,2605,2.573
1,2606,2.966
1,2607,3.413
1,2608,3.011
1,2609,3.286
1,2610,3.895
1,2611,2.226
1,2612,1.772
1,2613,1.811
1,2614,1.867
1,2615,1.693
1,2616,2.268
1,2617,2.079
1,2618,1.907
1,2619,1.547
1,2620,1.572
1,2621,1.868
1,2622,1.880
1,2623,1.486
1,2624,1.636
1,2625,2.791
1,2626,2.449
1,2627,2.090
1,2628,2.323
1,2629,1.883
1,2630,1.979
1,2631,2.386
1,2632,2.023
1,2633,2.258
1,2634,2.277
1,2635,2.009
1,2636,1.845
1,2637,1.816
1,2638,1.986
1,2639,2.003
1,2640,2.923
1,2641,2.181
1,2642,1.931
1,2643,1.823
1,2644,2.006
1,2645,2.106
1,2646,1.911
1,2647,2.597
1,2648,2.701
1,2649,2.360
1,2650,2.337
1,2651,2.192
1,2652,2.087
1,2653,3.752
1,2654,3.359
1,2655,3.089
1,2656,2.513
1,2657,2.561
1,2658,2.624
1,2659,2.445
1,2660,2.705
1,2661,2.491
1,2662,2.819
1,2663,2.500
1,2664,2.320
1,2665,2.374
1,2666,2.428
1,2667,2.257
1,2668,2.264
1,2669,2.646
1,2670,2.026
1,2671,2.225
1,2672,3.507
1,2673,2.261
1,2674,1.942
1,2675,2.231
1,2676,2.379
1,2677,2.193
1,2678,2.486
1,2679,2.448
1,2680,2.313
1,2681,2.478
1,2682,2.239
1,2683,2.217
1,2684,3.253
1,2685,2.453
1,2686,2.387
1,2687,2.431
1,2688,2.226
1,2689,2.467
1,2690,2.102
1,2691,2.623
1,2692,2.869
1,2693,2.783
1,2694,2.287
1,2695,2.677
1,2696,2.700
1,2697,3.150
1,2698,2.533
1,2699,2.117
1,2700,2.772
1,2701,2.755
1,2702,2.438
1,2703,2.758
1,2704,2.120
1,2705,2.843
1,2706,2.381
1,2707,2.339
1,2708,2.509
1,2709,2.480
1,2710,2.177
1,2711,2.402
1,2712,2.821
1,2713,2.568
1,2714,2.429
1,2715,2.285
1,2716,3.161
1,2717,2.524
1,2718,2.290
1,2719,3.002
1,2720,2.527
1,2721,2.424
1,2722,2.961
1,2723,2.300
1,2724,2.201
1,2725,2.314
1,2726,1.966
1,2727,1.832
1,2728,2.190
1,2729,2.220
1,2730,2.004
1,2731,2.030
1,2732,1.988
1,2733,2.171
1,2734,1.986
1,2735,2.495
1,2736,2.149
1,2737,2.467
1,2738,2.529
1,2739,2.572
1,2740,3.157
1,2741,2.480
1,2742,2.505
1,2743,2.373
1,2744,2.099
1,2745,2.103
1,2746,2.294
1,2747,2.646
1,2748,2.623
1,2749,3.468
1,2750,3.071
1,2751,2.295
1,2752,2.188
1,2753,1.979
1,2754,2.438
1,2755,1.926
1,2756,1.898
1,2757,1.815
1,2758,1.841
1,2759,1.654
1,2760,1.654
1,2761,1.532
1,2762,1.665
1,2763,1.642
1,2764,1.595
1,2765,1.760
1,2766,3.151
1,2767,1.567
1,2768,1.405
1,2769,1.634
1,2770,1.545
1,2771,1.522
1,2772,1.515
1,2773,1.587
1,2774,1.812
1,2775,2.392
1,2776,2.772
1,2777,2.524
1,2778,2.249
1,2779,2.489
1,2780,2.848
1,2781,2.482
1,2782,2.749
1,2783,2.554
1,2784,1.930
1,2785,2.113
1,2786,1.998
1,2787,1.872
1,2788,2.000
1,2789,3.017
1,2790,1.914
1,2791,2.004
1,2792,2.125
1,2793,1.885
1,2794,1.915
1,2795,2.156
1,2796,2.126
1,2797,1.914
1,2798,1.765
1,2799,2.102
1,2800,1.969
1,2801,1.435
1,2802,1.660
1,2803,2.439
1,2804,2.183
1,2805,2.792
1,2806,2.211
1,2807,2.054
1,2808,2.529
1,2809,2.334
1,2810,1.881
1,2811,2.009
1,2812,2.457
1,2813,2.136
1,2814,1.526
1,2815,1.564
1,2816,1.807
1,2817,1.835
1,2818,1.718
1,2819,1.853
1,2820,1.564
1,2821,1.970
1,2822,2.353
1,2823,2.404
1,2824,2.305
1,2825,2.031
1,2826,2.235
1,2827,1.933
1,2828,1.637
1,2829,2.963
1,2830,2.086
1,2831,1.797
1,2832,1.698
1,2833,2.267
1,2834,1.876
1,2835,2.365
1,2836,2.107
1,2837,1.887
1,2838,1.784
1,2839,1.779
1,2840,1.605
1,2841,1.565
1,2842,1.534
1,2843,1.465
1,2844,1.609
1,2845,1.715
1,2846,2.495
1,2847,2.051
1,2848,1.761
1,2849,1.841
1,2850,1.838
1,2851,1.660
1,2852,1.618
1,2853,1.642
1,2854,2.371
1,2855,2.416
1,2856,1.660
1,2857,1.437
1,2858,1.650
1,2859,1.574
1,2860,1.462
1,2861,1.642
1,2862,1.434
1,2863,1.679
1,2864,2.279
1,2865,2.171
1,2866,1.891
1,2867,2.315
1,2868,1.941
1,2869,1.731
1,2870,1.718
1,2871,1.789
1,2872,1.670
1,2873,1.469
1,2874,2.078
1,2875,1.774
1,2876,1.596
1,2877,1.806
1,2878,1.775
1,2879,1.532
1,2880,1.457
1,2881,2.809
1,2882,2.371
1,2883,2.056
1,2884,1.507
1,2885,1.517
1,2886,1.670
1,2887,1.546
1,2888,1.643
1,2889,2.213
1,2890,7.962
1,2891,2.259
1,2892,1.446
1,2893,1.369
1,2894,1.588
1,2895,1.728
1,2896,1.615
1,2897,1.606
1,2898,1.612
1,2899,1.762
1,2900,1.534
1,2901,1.436
1,2902,2.128
1,2903,1.839
1,2904,1.759
1,2905,1.867
1,2906,1.787
1,2907,2.082
1,2908,1.817
1,2909,1.586
1,2910,1.667
1,2911,1.574
1,2912,1.648
1,2913,1.946
1,2914,2.206
1,2915,1.750
1,2916,1.701
1,2917,1.993
1,2918,2.100
1,2919,1.857
1,2920,1.499
1,2921,2.240
1,2922,2.277
1,2923,2.253
1,2924,2.208
1,2925,1.791
1,2926,1.707
1,2927,1.682
1,2928,1.888
1,2929,2.633
1,2930,2.280
1,2931,1.962
1,2932,2.255
1,2933,2.012
1,2934,2.006
1,2935,2.282
1,2936,2.591
1,2937,2.615
1,2938,2.654
1,2939,2.275
1,2940,2.448
1,2941,2.186
1,2942,2.304
1,2943,2.225
1,2944,2.225
1,2945,2.010
1,2946,2.361
1,2947,2.295
1,2948,2.010
1,2949,2.327
1,2950,2.457
1,2951,2.237
1,2952,2.249
1,2953,2.133
1,2954,3.112
1,2955,2.355
1,2956,2.283
1,2957,2.244
1,2958,2.098
1,2959,2.007
1,2960,1.987
1,2961,1.721
1,2962,2.130
1,2963,1.696
1,2964,1.971
1,2965,1.773
1,2966,1.654
1,2967,1.530
1,2968,1.517
1,2969,1.449
1,2970,1.503
1,2971,1.580
1,2972,1.732
1,2973,1.386
1,2974,2.385
1,2975,1.979
1,2976,2.010
1,2977,1.691
1,2978,1.641
1,2979,1.508
1,2980,1.560
1,2981,1.815
1,2982,2.557
1,2983,2.067
1,2984,1.581
1,2985,1.612
1,2986,1.818
1,2987,1.772
1,2988,2.240
1,2989,2.041
1,2990,1.773
1,2991,2.744
1,2992,1.988
1,2993,2.048
1,2994,1.663
1,2995,1.532
1,2996,1.527
1,2997,1.615
1,2998,1.716
1,2999,1.619
1,3000,1.577
1,3001,2.633
1,3002,1.807
1,3003,1.813
1,3004,1.830
1,3005,1.860
1,3006,1.819
1,3007,1.878
1,3008,2.382
1,3009,2.032
1,3010,1.806
1,3011,1.681
1,3012,1.861
1,3013,1.650
1,3014,1.677
1,3015,1.659
1,3016,3.274
1,3017,2.336
1,3018,2.441
1,3019,2.491
1,3020,2.021
1,3021,2.275
1,3022,2.587
1,3023,2.303
1,3024,2.096
1,3025,1.945
1,3026,1.747
1,3027,2.069
1,3028,1.919
1,3029,1.666
1,3030,2.547
1,3031,3.116
1,3032,2.135
1,3033,1.821
1,3034,2.171
1,3035,2.564
1,3036,2.225
1,3037,2.772
1,3038,2.498
1,3039,2.195
1,3040,2.240
1,3041,1.838
1,3042,1.442
1,3043,2.383
1,3044,2.696
1,3045,1.929
1,3046,1.747
1,3047,1.717
1,3048,1.721
1,3049,1.799
1,3050,1.847
1,3051,2.107
1,3052,2.681
1,3053,1.988
1,3054,2.193
1,3055,2.281
1,3056,2.001
1,3057,2.083
1,3058,1.965
1,3059,1.846
1,3060,2.962
1,3061,2.310
1,3062,2.154
1,3063,2.277
1,3064,2.363
1,3065,1.973
1,3066,2.703
1,3067,2.722
1,3068,2.031
1,3069,2.119
1,3070,1.757
1,3071,1.542
1,3072,1.945
1,3073,1.967
1,3074,2.409
1,3075,1.868
1,3076,2.153
1,3077,2.040
1,3078,2.302
1,3079,2.309
1,3080,1.995
1,3081,2.287
1,3082,2.223
1,3083,2.225
1,3084,2.373
1,3085,1.956
1,3086,1.996
1,3087,2.003
1,3088,2.424
1,3089,2.265
1,3090,1.866
1,3091,1.722
1,3092,1.893
1,3093,2.849
1,3094,1.864
1,3095,2.511
1,3096,2.782
1,3097,2.607
1,3098,2.535
1,3099,2.434
1,3100,2.808
1,3101,2.835
1,3102,1.956
1,3103,1.800
1,3104,1.769
1,3105,1.618
1,3106,1.602
1,3107,1.710
1,3108,1.937
1,3109,2.881
1,3110,2.392
1,3111,1.953
1,3112,1.515
1,3113,1.424
1,3114,1.634
1,3115,1.659
1,3116,1.553
1,3117,1.727
1,3118,2.261
1,3119,2.400
1,3120,1.809
1,3121,1.798
1,3122,2.103
1,3123,1.766
1,3124,1.555
1,3125,1.563
1,3126,2.399
1,3127,2.360
1,3128,1.731
1,3129,1.655
1,3130,2.237
1,3131,1.728
1,3132,1.667
1,3133,1.680
1,3134,2.295
1,3135,2.290
1,3136,3.151
1,3137,2.016
1,3138,1.459
1,3139,1.430
1,3140,1.669
1,3141,1.546
1,3142,1.976
1,3143,1.763
1,3144,1.562
1,3145,1.663
1,3146,1.978
1,3147,1.583
1,3148,1.677
1,3149,1.928
1,3150,1.511
1,3151,1.712
1,3152,1.894
1,3153,2.171
1,3154,1.865
1,3155,1.560
1,3156,2.401
1,3157,1.708
1,3158,1.523
1,3159,1.598
1,3160,2.698
1,3161,1.619
1,3162,1.541
1,3163,1.545
1,3164,1.693
1,3165,1.843
1,3166,1.833
1,3167,1.532
1,3168,1.638
1,3169,1.756
1,3170,1.656
1,3171,1.714
1,3172,1.722
1,3173,1.446
1,3174,1.680
1,3175,1.627
1,3176,1.840
1,3177,2.191
1,3178,1.514
1,3179,1.820
1,3180,1.944
1,3181,1.940
1,3182,1.732
1,3183,1.775
1,3184,1.677
1,3185,1.586
1,3186,1.553
1,3187,1.714
1,3188,2.688
1,3189,1.889
1,3190,1.876
1,3191,2.287
1,3192,2.305
1,3193,2.030
1,3194,1.895
1,3195,2.563
1,3196,2.085
1,3197,2.080
1,3198,2.102
1,3199,2.414
1,3200,2.443
1,3201,2.621
1,3202,2.387
1,3203,2.446
1,3204,2.259
1,3205,2.431
1,3206,2.301
1,3207,2.382
1,3208,2.262
1,3209,2.477
1,3210,2.287
1,3211,2.478
1,3212,2.531
1,3213,2.238
1,3214,2.758
1,3215,4.272
1,3216,2.414
1,3217,2.804
1,3218,2.074
1,3219,2.060
1,3220,2.680
1,3221,2.947
1,3222,2.599
1,3223,2.395
1,3224,3.074
1,3225,2.855
1,3226,2.441
1,3227,2.610
1,3228,2.351
1,3229,2.571
1,3230,2.798
1,3231,2.860
1,3232,2.847
1,3233,2.606
1,3234,2.155
1,3235,2.483
1,3236,2.423
1,3237,2.426
1,3238,3.400
1,3239,2.674
1,3240,2.493
1,3241,2.242
1,3242,2.654
1,3243,2.437
1,3244,3.334
1,3245,2.948
1,3246,2.660
1,3247,2.688
1,3248,2.710
1,3249,2.636
1,3250,3.107
1,3251,2.888
1,3252,2.387
1,3253,2.005
1,3254,2.084
1,3255,1.902
1,3256,1.835
1,3257,5.570
1,3258,3.907
1,3259,2.535
1,3260,1.995
1,3261,2.577
1,3262,3.235
1,3263,2.964
1,3264,3.229
1,3265,2.271
1,3266,2.513
1,3267,2.279
1,3268,2.427
1,3269,2.686
1,3270,2.137
1,3271,2.269
1,3272,2.353
1,3273,2.056
1,3274,2.342
1,3275,2.690
1,3276,2.626
1,3277,2.463
1,3278,3.212
1,3279,2.245
1,3280,2.113
1,3281,2.788
1,3282,2.381
1,3283,2.265
1,3284,2.375
1,3285,2.427
1,3286,2.127
1,3287,2.274
1,3288,2.468
1,3289,2.363
1,3290,2.394
1,3291,2.160
1,3292,1.932
1,3293,3.001
1,3294,2.388
1,3295,3.021
1,3296,2.249
1,3297,2.321
1,3298,2.920
1,3299,2.346
1,3300,2.575
1,3301,2.249
1,3302,2.407
1,3303,2.496
1,3304,2.123
1,3305,1.949
1,3306,2.140
1,3307,2.329
1,3308,2.589
1,3309,2.102
1,3310,2.254
1,3311,2.461
1,3312,2.432
1,3313,2.219
1,3314,2.116
1,3315,2.438
1,3316,2.553
1,3317,1.959
1,3318,2.378
1,3319,2.261
1,3320,2.228
1,3321,2.240
1,3322,2.186
1,3323,2.292
1,3324,2.930
1,3325,2.250
1,3326,2.076
1,3327,2.310
1,3328,2.971
1,3329,2.304
1,3330,2.062
1,3331,2.640
1,3332,2.241
1,3333,2.396
1,3334,2.037
1,3335,2.359
1,3336,2.565
1,3337,2.402
1,3338,2.163
1,3339,3.029
1,3340,2.317
1,3341,2.950
1,3342,2.591
1,3343,2.365
1,3344,2.788
1,3345,2.617
1,3346,2.495
1,3347,2.657
1,3348,2.819
1,3349,2.659
1,3350,2.575
1,3351,2.569
1,3352,2.624
1,3353,3.367
1,3354,4.536
1,3355,3.154
1,3356,3.890
1,3357,4.905
1,3358,3.563
1,3359,2.920
1,3360,3.091
1,3361,2.350
1,3362,2.187
1,3363,2.442
1,3364,1.960
1,3365,2.084
1,3366,1.983
1,3367,1.811
1,3368,1.721
1,3369,1.830
1,3370,2.206
1,3371,2.084
1,3372,1.786
1,3373,1.955
1,3374,2.023
1,3375,1.632
1,3376,1.763
1,3377,1.705
1,3378,1.744
1,3379,2.241
1,3380,2.022
1,3381,2.310
1,3382,1.734
1,3383,2.220
1,3384,1.779
1,3385,2.003
1,3386,2.057
1,3387,2.113
1,3388,1.957
1,3389,1.787
1,3390,1.524
1,3391,1.781
1,3392,2.102
1,3393,1.847
1,3394,1.584
1,3395,2.217
1,3396,2.049
1,3397,1.772
1,3398,1.697
1,3399,1.987
1,3400,1.791
1,3401,1.715
1,3402,1.902
1,3403,2.177
1,3404,2.444
1,3405,1.923
1,3406,2.023
1,3407,2.098
1,3408,1.747
1,3409,2.106
1,3410,2.307
1,3411,2.578
1,3412,3.887
1,3413,2.342
1,3414,2.002
1,3415,1.946
1,3416,1.633
1,3417,1.937
1,3418,2.775
1,3419,2.192
1,3420,2.251
1,3421,2.389
1,3422,2.208
1,3423,2.036
1,3424,2.616
1,3425,2.452
1,3426,1.615
1,3427,1.712
1,3428,1.830
1,3429,1.895
1,3430,1.861
1,3431,1.750
1,3432,1.973
1,3433,1.860
1,3434,2.374
1,3435,2.033
1,3436,1.767
1,3437,1.641
1,3438,1.712
1,3439,1.788
1,3440,1.715
1,3441,2.813
1,3442,2.681
1,3443,2.025
1,3444,1.716
1,3445,1.847
1,3446,1.667
1,3447,1.513
1,3448,1.562
1,3449,2.685
1,3450,2.363
1,3451,2.002
1,3452,3.052
1,3453,2.531
1,3454,2.606
1,3455,3.760
1,3456,3.224
1,3457,3.177
1,3458,2.608
1,3459,2.641
1,3460,2.994
1,3461,2.121
1,3462,2.550
1,3463,2.126
1,3464,1.975
1,3465,2.890
1,3466,2.102
1,3467,2.295
1,3468,2.128
1,3469,1.783
1,3470,1.547
1,3471,1.453
1,3472,1.577
1,3473,1.886
1,3474,2.191
1,3475,2.490
1,3476,2.633
1,3477,2.307
1,3478,2.766
1,3479,2.347
1,3480,1.798
1,3481,2.716
1,3482,2.633
1,3483,2.120
1,3484,2.187
1,3485,1.880
1,3486,1.793
1,3487,1.981
1,3488,2.443
1,3489,2.333
1,3490,2.440
1,3491,2.216
1,3492,1.935
1,3493,2.025
1,3494,2.083
1,3495,2.032
1,3496,2.242
1,3497,2.560
1,3498,2.233
1,3499,1.628
1,3500,2.107
1,3501,2.409
1,3502,2.080
1,3503,2.231
1,3504,2.125
1,3505,1.876
1,3506,2.811
1,3507,2.355
1,3508,1.647
1,3509,1.576
1,3510,1.930
1,3511,2.251
1,3512,1.950
1,3513,1.729
1,3514,1.877
1,3515,2.292
1,3516,1.772
1,3517,1.986
1,3518,1.956
1,3519,2.127
1,3520,3.031
1,3521,2.941
1,3522,2.756
1,3523,2.857
1,3524,2.018
1,3525,2.001
1,3526,2.320
1,3527,2.004
1,3528,1.811
1,3529,1.943
1,3530,2.046
1,3531,2.367
1,3532,2.290
1,3533,2.336
1,3534,2.019
1,3535,2.072
1,3536,2.111
1,3537,1.797
1,3538,1.594
1,3539,1.791
1,3540,2.841
1,3541,3.460
1,3542,2.434
1,3543,2.635
1,3544,2.492
1,3545,2.472
1,3546,2.993
1,3547,3.604
1,3548,2.159
1,3549,2.080
1,3550,2.087
1,3551,1.986
1,3552,1.535
1,3553,1.539
1,3554,3.885
1,3555,2.716
1,3556,2.614
1,3557,2.074
1,3558,2.193
1,3559,2.549
1,3560,2.332
1,3561,2.367
1,3562,3.937
1,3563,2.727
1,3564,2.489
1,3565,1.804
1,3566,1.578
1,3567,1.849
1,3568,1.961
1,3569,1.755
1,3570,1.685
1,3571,1.682
1,3572,1.769
1,3573,1.478
1,3574,1.583
1,3575,2.801
1,3576,1.902
1,3577,1.581
1,3578,1.540
1,3579,1.823
1,3580,1.891
1,3581,1.483
1,3582,1.402
1,3583,1.800
1,3584,1.855
1,3585,1.732
1,3586,1.440
1,3587,1.644
1,3588,2.005
1,3589,1.601
1,3590,1.910
1,3591,2.151
1,3592,2.696
1,3593,1.868
1,3594,2.301
1,3595,1.995
1,3596,1.783
1,3597,1.500
1,3598,1.597
1,3599,1.917
1,3600,1.550
1,3601,2.169
1,3602,2.216
1,3603,1.514
1,3604,1.440
1,3605,1.548
1,3606,1.915
1,3607,1.815
1,3608,1.451
1,3609,1.905
1,3610,2.677
1,3611,2.113
1,3612,2.122
1,3613,2.007
1,3614,1.905
1,3615,1.719
1,3616,1.640
1,3617,1.924
1,3618,2.533
1,3619,1.693
1,3620,1.755
1,3621,1.834
1,3622,1.607
1,3623,1.662
1,3624,1.782
1,3625,1.569
1,3626,1.572
1,3627,2.463
1,3628,2.733
1,3629,1.810
1,3630,1.696
1,3631,2.333
1,3632,2.307
1,3633,2.151
1,3634,3.258
1,3635,2.124
1,3636,2.313
1,3637,2.163
1,3638,1.810
1,3639,1.812
1,3640,2.026
1,3641,2.563
1,3642,2.209
1,3643,2.099
1,3644,2.466
1,3645,2.248
1,3646,2.161
1,3647,1.937
1,3648,2.120
1,3649,1.871
1,3650,1.871
1,3651,1.874
1,3652,1.607
1,3653,1.776
1,3654,1.726
1,3655,1.645
1,3656,1.684
1,3657,1.821
1,3658,1.733
1,3659,1.545
1,3660,1.682
1,3661,1.457
1,3662,1.533
1,3663,1.662
1,3664,1.648
1,3665,1.459
1,3666,1.991
1,3667,4.092
1,3668,2.545
1,3669,2.174
1,3670,2.303
1,3671,3.018
1,3672,2.593
1,3673,1.763
1,3674,1.749
1,3675,1.666
1,3676,1.644
1,3677,1.666
1,3678,1.883
1,3679,2.177
1,3680,1.908
1,3681,2.520
1,3682,1.982
1,3683,1.615
1,3684,1.472
1,3685,1.565
1,3686,1.671
1,3687,1.555
1,3688,1.518
1,3689,1.416
1,3690,1.742
1,3691,2.353
1,3692,1.691
1,3693,1.615
1,3694,1.558
1,3695,1.527
1,3696,1.500
1,3697,1.659
1,3698,1.984
1,3699,8.023
1,3700,2.956
1,3701,2.445
1,3702,2.400
1,3703,3.049
1,3704,2.795
1,3705,2.368
1,3706,2.014
1,3707,2.636
1,3708,2.857
1,3709,2.780
1,3710,2.460
1,3711,2.566
1,3712,2.617
1,3713,2.459
1,3714,7.048
1,3715,4.106
1,3716,2.883
1,3717,3.386
1,3718,3.939
1,3719,2.006
1,3720,2.529
1,3721,1.969
1,3722,1.679
1,3723,1.386
1,3724,1.563
1,3725,1.626
1,3726,1.890
1,3727,2.371
1,3728,2.120
1,3729,1.880
1,3730,1.804
1,3731,1.543
1,3732,1.792
1,3733,1.881
1,3734,1.699
1,3735,2.650
1,3736,2.354
1,3737,1.913
1,3738,2.114
1,3739,1.887
1,3740,1.617
1,3741,1.428
1,3742,1.429
1,3743,1.869
1,3744,1.814
1,3745,1.542
1,3746,1.866
1,3747,1.670
1,3748,1.641
1,3749,1.612
1,3750,1.362
1,3751,1.491
1,3752,1.903
1,3753,1.959
1,3754,1.614
1,3755,1.847
1,3756,1.861
1,3757,1.592
1,3758,1.662
1,3759,2.011
1,3760,1.937
1,3761,1.928
1,3762,2.331
1,3763,2.329
1,3764,2.032
1,3765,1.821
1,3766,1.689
1,3767,1.573
1,3768,1.467
1,3769,2.007
1,3770,2.404
1,3771,2.098
1,3772,1.686
1,3773,2.129
1,3774,2.437
1,3775,1.944
1,3776,1.854
1,3777,2.190
1,3778,2.016
1,3779,1.946
1,3780,2.106
1,3781,1.947
1,3782,1.604
1,3783,2.341
1,3784,2.462
1,3785,2.295
1,3786,1.927
1,3787,2.115
1,3788,2.215
1,3789,2.345
1,3790,2.253
1,3791,2.345
1,3792,2.443
1,3793,2.352
1,3794,2.476
1,3795,2.306
1,3796,2.186
1,3797,1.766
1,3798,1.527
1,3799,2.322
1,3800,1.809
1,3801,1.467
1,3802,1.525
1,3803,1.606
1,3804,1.650
1,3805,1.656
1,3806,1.482
1,3807,1.468
1,3808,2.620
1,3809,3.261
1,3810,2.228
1,3811,1.892
1,3812,1.659
1,3813,1.476
1,3814,2.009
1,3815,2.132
1,3816,1.645
1,3817,1.398
1,3818,2.477
1,3819,1.719
1,3820,1.643
1,3821,1.568
1,3822,1.628
1,3823,1.599
1,3824,1.817
1,3825,2.087
1,3826,2.300
1,3827,1.935
1,3828,1.687
1,3829,2.193
1,3830,1.988
1,3831,1.906
1,3832,1.925
1,3833,1.991
1,3834,1.877
1,3835,1.541
1,3836,2.808
1,3837,2.264
1,3838,1.712
1,3839,1.835
1,3840,2.712
1,3841,2.057
1,3842,1.633
1,3843,1.631
1,3844,1.548
1,3845,1.578
1,3846,1.379
1,3847,1.503
1,3848,1.433
1,3849,2.152
1,3850,2.272
1,3851,2.221
1,3852,1.940
1,3853,1.631
1,3854,1.605
1,3855,2.208
1,3856,1.909
1,3857,2.338
1,3858,2.100
1,3859,1.862
1,3860,1.855
1,3861,1.928
1,3862,2.211
1,3863,1.778
1,3864,2.943
1,3865,3.166
1,3866,2.358
1,3867,2.169
1,3868,2.194
1,3869,1.839
1,3870,1.819
1,3871,2.482
1,3872,2.339
1,3873,1.938
1,3874,2.086
1,3875,1.954
1,3876,1.834
1,3877,1.959
1,3878,1.979
1,3879,2.337
1,3880,2.515
1,3881,2.709
1,3882,2.351
1,3883,2.323
1,3884,2.140
1,3885,2.030
1,3886,2.152
1,3887,2.144
1,3888,2.230
1,3889,2.646
1,3890,1.992
1,3891,1.810
1,3892,1.935
1,3893,2.400
1,3894,2.177
1,3895,1.851
1,3896,2.486
1,3897,2.346
1,3898,2.034
1,3899,2.146
1,3900,2.034
1,3901,2.594
1,3902,2.320
1,3903,2.078
1,3904,1.841
1,3905,2.922
1,3906,2.338
1,3907,2.573
1,3908,2.448
1,3909,2.098
1,3910,1.922
1,3911,2.559
1,3912,2.538
1,3913,1.805
1,3914,2.674
1,3915,2.417
1,3916,2.511
1,3917,2.682
1,3918,2.300
1,3919,2.397
1,3920,2.379
1,3921,2.294
1,3922,2.304
1,3923,2.273
1,3924,2.281
1,3925,2.132
1,3926,2.212
1,3927,2.726
1,3928,2.556
1,3929,2.406
1,3930,2.084
1,3931,2.298
1,3932,2.756
1,3933,2.422
1,3934,2.587
1,3935,2.272
1,3936,2.070
1,3937,2.146
1,3938,2.003
1,3939,1.998
1,3940,2.357
1,3941,2.435
1,3942,2.633
1,3943,2.321
1,3944,2.454
1,3945,2.144
1,3946,1.967
1,3947,2.343
1,3948,2.608
1,3949,2.157
1,3950,2.787
1,3951,1.793
1,3952,1.790
1,3953,2.122
1,3954,2.788
1,3955,2.187
1,3956,2.055
1,3957,2.084
1,3958,2.205
1,3959,2.280
1,3960,2.042
1,3961,2.245
1,3962,2.298
1,3963,2.229
1,3964,2.093
1,3965,1.841
1,3966,2.509
1,3967,1.917
1,3968,2.327
1,3969,2.516
1,3970,2.487
1,3971,2.264
1,3972,2.446
1,3973,2.077
1,3974,2.317
1,3975,3.748
1,3976,3.559
1,3977,2.118
1,3978,1.818
1,3979,1.545
1,3980,1.460
1,3981,1.758
1,3982,2.044
1,3983,1.632
1,3984,1.619
1,3985,1.830
1,3986,1.823
1,3987,1.658
1,3988,1.447
1,3989,1.459
1,3990,1.480
1,3991,1.412
1,3992,1.854
1,3993,2.204
1,3994,1.576
1,3995,1.455
1,3996,1.486
1,3997,1.587
1,3998,1.664
1,3999,1.786
1,4000,1.564
1,4001,2.249
1,4002,3.492
1,4003,2.789
1,4004,2.080
1,4005,1.619
1,4006,1.732
1,4007,1.642
1,4008,1.884
1,4009,1.738
1,4010,1.443
1,4011,1.419
1,4012,1.603
1,4013,1.812
1,4014,1.557
1,4015,1.556
1,4016,1.527
1,4017,1.402
1,4018,1.398
1,4019,1.945
1,4020,1.949
1,4021,2.012
1,4022,1.697
1,4023,1.758
1,4024,1.715
1,4025,1.616
1,4026,1.793
1,4027,1.667
1,4028,1.834
1,4029,1.680
1,4030,1.667
1,4031,1.802
1,4032,1.707
1,4033,2.162
1,4034,1.505
1,4035,1.402
1,4036,1.829
1,4037,2.234
1,4038,1.856
1,4039,1.653
1,4040,1.794
1,4041,1.600
1,4042,1.548
1,4043,1.887
1,4044,1.807
1,4045,1.520
1,4046,1.777
1,4047,1.793
1,4048,1.731
1,4049,1.692
1,4050,1.527
1,4051,1.326
1,4052,1.431
1,4053,1.669
1,4054,1.849
1,4055,1.779
1,4056,2.475
1,4057,1.722
1,4058,1.453
1,4059,1.461
1,4060,1.805
1,4061,1.667
1,4062,1.616
1,4063,1.462
1,4064,1.729
1,4065,1.965
1,4066,2.044
1,4067,2.103
1,4068,1.847
1,4069,1.794
1,4070,1.860
1,4071,1.741
1,4072,2.010
1,4073,2.558
1,4074,2.434
1,4075,2.420
1,4076,2.214
1,4077,2.429
1,4078,2.471
1,4079,1.929
1,4080,1.980
1,4081,3.078
1,4082,2.185
1,4083,2.020
1,4084,2.531
1,4085,2.035
1,4086,1.802
1,4087,1.973
1,4088,2.018
1,4089,1.904
1,4090,1.944
1,4091,1.695
1,4092,1.512
1,4093,1.411
1,4094,1.473
1,4095,1.515
1,4096,1.876
1,4097,2.046
1,4098,1.901
1,4099,1.926
1,4100,1.591
1,4101,1.409
1,4102,1.555
1,4103,1.802
1,4104,1.525
1,4105,1.449
1,4106,2.017
1,4107,2.061
1,4108,2.032
1,4109,1.902
1,4110,1.519
1,4111,1.675
1,4112,1.931
1,4113,1.560
1,4114,1.618
1,4115,2.348
1,4116,1.999
1,4117,1.712
1,4118,1.376
1,4119,1.963
1,4120,1.572
1,4121,1.490
1,4122,1.746
1,4123,1.638
1,4124,2.960
1,4125,1.850
1,4126,1.577
1,4127,1.817
1,4128,2.080
1,4129,1.845
1,4130,1.967
1,4131,1.933
1,4132,2.738
1,4133,3.054
1,4134,2.741
1,4135,2.229
1,4136,2.599
1,4137,3.293
1,4138,2.534
1,4139,2.183
1,4140,2.373
1,4141,2.740
1,4142,2.705
1,4143,2.475
1,4144,2.955
1,4145,2.157
1,4146,2.105
1,4147,1.943
1,4148,1.983
1,4149,2.076
1,4150,2.637
1,4151,2.073
1,4152,2.069
1,4153,2.146
1,4154,1.931
1,4155,2.038
1,4156,2.007
1,4157,1.842
1,4158,2.698
1,4159,3.404
1,4160,2.735
1,4161,2.607
1,4162,2.676
1,4163,2.636
1,4164,3.370
1,4165,2.912
1,4166,2.745
1,4167,2.144
1,4168,1.933
1,4169,1.832
1,4170,2.227
1,4171,2.208
1,4172,1.817
1,4173,1.777
1,4174,2.137
1,4175,2.274
1,4176,2.165
1,4177,2.275
1,4178,2.629
1,4179,3.270
1,4180,5.008
1,4181,3.402
1,4182,2.284
1,4183,3.083
1,4184,2.177
1,4185,1.827
1,4186,1.883
1,4187,2.279
1,4188,2.300
1,4189,2.155
1,4190,2.778
1,4191,2.165
1,4192,1.805
1,4193,2.064
1,4194,2.040
1,4195,1.813
1,4196,2.546
1,4197,2.165
1,4198,1.871
1,4199,1.740
1,4200,2.151
1,4201,1.858
1,4202,1.796
1,4203,1.832
1,4204,1.883
1,4205,2.000
1,4206,3.616
1,4207,2.694
1,4208,2.529
1,4209,2.734
1,4210,2.488
1,4211,2.308
1,4212,3.390
1,4213,2.468
1,4214,2.496
1,4215,2.254
1,4216,2.239
1,4217,2.249
1,4218,2.468
1,4219,2.472
1,4220,2.359
1,4221,2.379
1,4222,1.998
1,4223,1.870
1,4224,2.187
1,4225,2.529
1,4226,2.102
1,4227,2.283
1,4228,1.557
1,4229,1.506
1,4230,1.598
1,4231,1.654
1,4232,1.664
1,4233,1.663
1,4234,1.972
1,4235,2.102
1,4236,1.712
1,4237,1.803
1,4238,1.788
1,4239,1.585
1,4240,1.395
1,4241,1.563
1,4242,1.747
1,4243,2.090
1,4244,2.009
1,4245,1.656
1,4246,1.718
1,4247,2.095
1,4248,1.936
1,4249,1.817
1,4250,1.854
1,4251,1.836
1,4252,1.794
1,4253,1.618
1,4254,1.797
1,4255,1.675
1,4256,1.567
1,4257,1.722
1,4258,2.148
1,4259,1.920
1,4260,2.015
1,4261,14.499
1,4262,2.258
1,4263,1.783
1,4264,1.756
1,4265,1.601
1,4266,1.760
1,4267,2.289
1,4268,2.190
1,4269,2.318
1,4270,1.914
1,4271,1.743
1,4272,1.573
1,4273,1.655
1,4274,1.622
1,4275,1.527
1,4276,1.407
1,4277,1.551
1,4278,1.743
1,4279,1.988
1,4280,1.748
1,4281,1.862
1,4282,1.922
1,4283,1.556
1,4284,1.554
1,4285,1.636
1,4286,1.835
1,4287,1.558
1,4288,1.536
1,4289,2.437
1,4290,1.959
1,4291,1.541
1,4292,2.598
1,4293,1.831
1,4294,1.687
1,4295,1.643
1,4296,2.578
1,4297,2.069
1,4298,1.507
1,4299,1.328
1,4300,1.684
1,4301,1.977
1,4302,1.669
1,4303,1.709
1,4304,1.714
1,4305,1.927
1,4306,2.446
1,4307,2.212
1,4308,2.180
1,4309,1.775
1,4310,2.237
1,4311,1.922
1,4312,1.791
1,4313,1.856
1,4314,1.658
1,4315,2.011
1,4316,2.021
1,4317,1.645
1,4318,1.914
1,4319,2.211
1,4320,1.458
1,4321,1.511
1,4322,3.002
1,4323,2.025
1,4324,1.611
1,4325,1.545
1,4326,1.757
1,4327,1.628
1,4328,1.640
1,4329,1.556
1,4330,1.796
1,4331,1.648
1,4332,1.629
1,4333,1.592
1,4334,1.901
1,4335,1.834
1,4336,1.446
1,4337,1.283
1,4338,1.766
1,4339,2.207
1,4340,1.688
1,4341,1.594
1,4342,1.716
1,4343,1.622
1,4344,1.650
1,4345,1.584
1,4346,2.489
1,4347,1.850
1,4348,1.674
1,4349,2.614
1,4350,2.787
1,4351,2.283
1,4352,2.153
1,4353,1.803
1,4354,1.532
1,4355,1.584
1,4356,2.400
1,4357,2.466
1,4358,2.135
1,4359,2.134
1,4360,2.155
1,4361,1.769
1,4362,1.676
1,4363,2.299
1,4364,2.054
1,4365,2.143
1,4366,2.291
1,4367,2.043
1,4368,1.861
1,4369,2.006
1,4370,2.707
1,4371,1.985
1,4372,1.714
1,4373,2.713
1,4374,2.383
1,4375,2.324
1,4376,3.089
1,4377,3.957
1,4378,2.067
1,4379,1.542
1,4380,1.564
1,4381,1.683
1,4382,1.792
1,4383,1.594
1,4384,1.686
1,4385,2.315
1,4386,1.789
1,4387,1.558
1,4388,1.450
1,4389,1.607
1,4390,2.950
1,4391,1.614
1,4392,1.539
1,4393,1.950
1,4394,2.052
1,4395,2.062
1,4396,1.960
1,4397,1.928
1,4398,1.583
1,4399,2.082
1,4400,1.988
1,4401,1.903
1,4402,1.680
1,4403,1.579
1,4404,1.735
1,4405,1.669
1,4406,1.643
1,4407,1.555
1,4408,2.424
1,4409,2.239
1,4410,1.876
1,4411,1.992
1,4412,1.597
1,4413,1.351
1,4414,1.458
1,4415,1.550
1,4416,1.894
1,4417,2.031
1,4418,1.401
1,4419,1.808
1,4420,2.090
1,4421,1.646
1,4422,1.757
1,4423,1.780
1,4424,1.654
1,4425,1.662
1,4426,1.779
1,4427,1.988
1,4428,2.893
1,4429,2.053
1,4430,1.576
1,4431,1.525
1,4432,1.351
1,4433,1.379
1,4434,1.460
1,4435,1.477
1,4436,1.505
1,4437,1.793
1,4438,2.782
1,4439,2.732
1,4440,1.912
1,4441,2.070
1,4442,2.237
1,4443,2.053
1,4444,1.858
1,4445,1.716
1,4446,1.764
1,4447,1.662
1,4448,1.942
1,4449,2.016
1,4450,1.735
1,4451,1.410
1,4452,1.436
1,4453,1.538
1,4454,2.267
1,4455,2.196
1,4456,1.842
1,4457,1.777
1,4458,2.013
1,4459,1.547
1,4460,1.540
1,4461,1.692
1,4462,1.461
1,4463,1.480
1,4464,2.284
1,4465,2.083
1,4466,2.152
1,4467,1.969
1,4468,2.405
1,4469,2.112
1,4470,1.789
1,4471,2.471
1,4472,2.225
1,4473,2.008
1,4474,1.747
1,4475,1.962
1,4476,2.317
1,4477,1.604
1,4478,1.741
1,4479,2.194
1,4480,2.555
1,4481,2.109
1,4482,1.897
1,4483,1.724
1,4484,1.706
1,4485,2.156
1,4486,2.001
1,4487,1.658
1,4488,2.974
1,4489,2.329
1,4490,2.136
1,4491,2.002
1,4492,1.946
1,4493,2.517
1,4494,1.934
1,4495,2.674
1,4496,1.861
1,4497,1.757
1,4498,1.911
1,4499,1.952
1,4500,2.170
1,4501,1.952
1,4502,2.361
1,4503,2.538
1,4504,2.533
1,4505,2.378
1,4506,1.964
1,4507,1.930
1,4508,1.884
1,4509,2.622
1,4510,2.091
1,4511,2.129
1,4512,2.081
1,4513,1.819
1,4514,2.153
1,4515,1.939
1,4516,1.930
1,4517,2.413
1,4518,2.304
1,4519,2.007
1,4520,1.900
1,4521,1.979
1,4522,1.990
1,4523,2.118
1,4524,2.377
1,4525,2.728
1,4526,2.214
1,4527,2.541
1,4528,2.196
1,4529,3.589
1,4530,2.703
1,4531,2.241
1,4532,2.733
1,4533,2.116
1,4534,2.014
1,4535,1.937
1,4536,2.082
1,4537,1.882
1,4538,2.352
1,4539,2.153
1,4540,2.527
1,4541,2.019
1,4542,1.892
1,4543,2.285
1,4544,2.184
1,4545,2.985
1,4546,2.184
1,4547,2.057
1,4548,3.146
1,4549,2.136
1,4550,1.909
1,4551,2.131
1,4552,2.026
1,4553,2.410
1,4554,2.450
1,4555,2.056
1,4556,2.509
1,4557,2.225
1,4558,2.221
1,4559,2.119
1,4560,2.119
1,4561,2.099
1,4562,1.976
1,4563,1.992
1,4564,2.758
1,4565,2.192
1,4566,2.135
1,4567,2.471
1,4568,1.974
1,4569,1.854
1,4570,2.210
1,4571,2.626
1,4572,2.536
1,4573,2.366
1,4574,2.275
1,4575,2.090
1,4576,2.364
1,4577,2.249
1,4578,2.400
1,4579,2.446
1,4580,2.895
1,4581,1.798
1,4582,2.100
1,4583,2.086
1,4584,1.981
1,4585,2.181
1,4586,2.223
1,4587,2.151
1,4588,19.272
1,4589,2.116
1,4590,1.730
1,4591,2.027
1,4592,1.736
1,4593,1.696
1,4594,2.012
1,4595,2.390
1,4596,3.114
1,4597,2.945
1,4598,2.007
1,4599,1.666
1,4600,1.884
1,4601,2.271
1,4602,2.357
1,4603,2.377
1,4604,2.345
1,4605,2.346
1,4606,1.868
1,4607,2.180
1,4608,2.734
1,4609,2.388
1,4610,2.675
1,4611,2.018
1,4612,1.798
1,4613,2.536
1,4614,1.818
1,4615,2.031
1,4616,2.519
1,4617,2.749
1,4618,2.395
1,4619,2.304
1,4620,2.005
1,4621,2.113
1,4622,2.519
1,4623,2.176
1,4624,1.783
1,4625,1.960
1,4626,1.783
1,4627,1.855
1,4628,1.629
1,4629,1.780
1,4630,2.504
1,4631,2.684
1,4632,2.132
1,4633,1.637
1,4634,1.438
1,4635,1.751
1,4636,1.923
1,4637,1.721
1,4638,2.413
1,4639,3.459
1,4640,1.927
1,4641,1.506
1,4642,1.675
1,4643,1.475
1,4644,1.321
1,4645,1.321
1,4646,1.409
1,4647,1.852
1,4648,1.751
1,4649,1.913
1,4650,1.521
1,4651,1.697
1,4652,1.705
1,4653,1.500
1,4654,1.622
1,4655,1.796
1,4656,1.568
1,4657,1.725
1,4658,1.687
1,4659,2.724
1,4660,1.950
1,4661,1.758
1,4662,1.712
1,4663,2.030
1,4664,1.786
1,4665,1.873
1,4666,1.812
1,4667,1.519
1,4668,1.666
1,4669,1.453
1,4670,1.542
1,4671,1.803
1,4672,1.907
1,4673,1.711
1,4674,1.724
1,4675,1.974
1,4676,1.707
1,4677,1.707
1,4678,1.854
1,4679,1.565
1,4680,1.634
1,4681,1.469
1,4682,1.524
1,4683,1.976
1,4684,1.917
1,4685,1.945
1,4686,1.872
1,4687,2.215
1,4688,2.102
1,4689,1.569
1,4690,1.637
1,4691,1.579
1,4692,1.684
1,4693,1.892
1,4694,1.821
1,4695,1.499
1,4696,1.328
1,4697,1.458
1,4698,1.577
1,4699,1.965
1,4700,1.486
1,4701,1.329
1,4702,1.392
1,4703,3.323
1,4704,2.477
1,4705,2.712
1,4706,2.365
1,4707,2.743
1,4708,2.219
1,4709,2.555
1,4710,2.393
1,4711,2.823
1,4712,2.740
1,4713,2.323
1,4714,2.605
1,4715,2.164
1,4716,2.329
1,4717,2.128
1,4718,2.082
1,4719,1.704
1,4720,1.839
1,4721,1.659
1,4722,1.540
1,4723,2.152
1,4724,2.447
1,4725,1.659
1,4726,1.467
1,4727,1.388
1,4728,1.625
1,4729,1.443
1,4730,1.536
1,4731,2.044
1,4732,2.044
1,4733,2.778
1,4734,1.761
1,4735,1.518
1,4736,1.672
1,4737,1.469
1,4738,1.658
1,4739,1.646
1,4740,1.785
1,4741,1.548
1,4742,1.721
1,4743,1.851
1,4744,1.579
1,4745,1.677
1,4746,1.432
1,4747,1.311
1,4748,1.371
1,4749,1.520
1,4750,1.495
1,4751,1.514
1,4752,1.810
1,4753,1.856
1,4754,1.811
1,4755,1.551
1,4756,1.396
1,4757,1.506
1,4758,1.621
1,4759,1.403
1,4760,1.339
1,4761,1.439
1,4762,2.103
1,4763,2.110
1,4764,2.111
1,4765,2.701
1,4766,1.966
1,4767,2.443
1,4768,2.422
1,4769,2.223
1,4770,2.034
1,4771,2.045
1,4772,1.799
1,4773,2.552
1,4774,2.115
1,4775,1.842
1,4776,1.882
1,4777,2.331
1,4778,2.291
1,4779,1.684
1,4780,1.635
1,4781,1.668
1,4782,2.241
1,4783,1.729
1,4784,2.841
1,4785,2.570
1,4786,2.121
1,4787,1.984
1,4788,1.966
1,4789,1.517
1,4790,1.756
1,4791,1.435
1,4792,1.794
1,4793,2.388
1,4794,2.146
1,4795,2.075
1,4796,1.934
1,4797,1.805
1,4798,1.758
1,4799,1.939
1,4800,1.590
1,4801,1.910
1,4802,2.202
1,4803,2.065
1,4804,1.534
1,4805,1.354
1,4806,1.361
1,4807,1.648
1,4808,1.518
1,4809,1.727
1,4810,1.484
1,4811,1.753
1,4812,1.670
1,4813,1.609
1,4814,1.410
1,4815,1.444
1,4816,1.830
1,4817,1.591
1,4818,1.355
1,4819,1.431
1,4820,2.151
1,4821,2.556
1,4822,2.075
1,4823,1.759
1,4824,1.632
1,4825,1.439
1,4826,1.385
1,4827,1.595
1,4828,1.623
1,4829,1.348
1,4830,2.408
1,4831,1.689
1,4832,1.659
1,4833,1.727
1,4834,1.475
1,4835,1.307
1,4836,1.478
1,4837,1.628
1,4838,1.454
1,4839,1.945
1,4840,2.085
1,4841,1.584
1,4842,1.492
1,4843,1.532
1,4844,1.462
1,4845,1.613
1,4846,1.727
1,4847,1.596
1,4848,1.600
1,4849,1.896
1,4850,2.021
1,4851,1.848
1,4852,1.691
1,4853,2.157
1,4854,1.827
1,4855,1.604
1,4856,2.026
1,4857,2.581
1,4858,1.746
1,4859,1.982
1,4860,2.046
1,4861,1.719
1,4862,1.559
1,4863,1.360
1,4864,1.560
1,4865,1.480
1,4866,1.758
1,4867,1.894
1,4868,2.075
1,4869,1.646
1,4870,1.757
1,4871,1.522
1,4872,1.592
1,4873,1.421
1,4874,1.380
1,4875,1.894
1,4876,2.129
1,4877,1.968
1,4878,1.975
1,4879,1.682
1,4880,2.665
1,4881,1.542
1,4882,1.510
1,4883,1.641
1,4884,1.841
1,4885,1.655
1,4886,1.353
1,4887,1.261
1,4888,1.461
1,4889,1.548
1,4890,1.495
1,4891,1.799
1,4892,1.597
1,4893,1.746
1,4894,1.619
1,4895,1.510
1,4896,1.390
1,4897,1.619
1,4898,1.612
1,4899,1.399
1,4900,1.328
1,4901,1.730
1,4902,1.956
1,4903,1.834
1,4904,2.168
1,4905,2.074
1,4906,1.635
1,4907,1.473
1,4908,1.681
1,4909,1.669
1,4910,1.645
1,4911,1.564
1,4912,2.070
1,4913,2.327
1,4914,2.011
1,4915,1.611
1,4916,1.404
1,4917,2.012
1,4918,2.453
1,4919,1.817
1,4920,2.097
1,4921,2.481
1,4922,2.084
1,4923,2.146
1,4924,2.056
1,4925,2.002
1,4926,2.003
1,4927,2.305
1,4928,2.458
1,4929,3.013
1,4930,1.847
1,4931,1.640
1,4932,1.800
1,4933,2.347
1,4934,2.043
1,4935,1.697
1,4936,2.896
1,4937,2.550
1,4938,1.806
1,4939,1.913
1,4940,1.846
1,4941,1.742
1,4942,1.661
1,4943,1.954
1,4944,2.481
1,4945,1.777
1,4946,2.275
1,4947,1.924
1,4948,1.819
1,4949,1.677
1,4950,1.775
1,4951,1.962
1,4952,1.920
1,4953,1.647
1,4954,1.875
1,4955,2.231
1,4956,1.576
1,4957,1.509
1,4958,1.627
1,4959,1.826
1,4960,1.454
1,4961,1.706
1,4962,1.908
1,4963,1.871
1,4964,1.549
1,4965,1.768
1,4966,1.662
1,4967,1.445
1,4968,1.330
1,4969,1.362
1,4970,1.611
1,4971,2.674
1,4972,2.712
1,4973,2.377
1,4974,2.769
1,4975,2.170
1,4976,2.168
1,4977,2.301
1,4978,2.220
1,4979,2.248
1,4980,2.160
1,4981,2.351
1,4982,2.852
1,4983,3.706
1,4984,2.348
1,4985,1.828
1,4986,1.718
1,4987,1.687
1,4988,1.563
1,4989,1.836
1,4990,2.577
1,4991,2.164
1,4992,2.300
1,4993,2.056
1,4994,1.743
1,4995,1.581
1,4996,1.663
1,4997,1.733
1,4998,1.785
1,4999,2.515
1,5000,2.396
1,5001,1.962
1,5002,2.077
1,5003,2.303
1,5004,2.057
1,5005,2.008
1,5006,2.461
1,5007,2.999
1,5008,3.319
1,5009,2.436
1,5010,2.332
1,5011,2.766
1,5012,3.068
1,5013,3.124
1,5014,2.718
1,5015,2.690
1,5016,2.634
1,5017,2.244
1,5018,2.210
1,5019,2.311
1,5020,1.891
1,5021,1.330
1,5022,1.609
1,5023,1.762
1,5024,1.653
1,5025,1.781
1,5026,1.840
1,5027,1.901
1,5028,1.773
1,5029,1.901
1,5030,2.266
1,5031,1.864
1,5032,1.415
1,5033,2.138
1,5034,2.320
1,5035,2.008
1,5036,1.699
1,5037,1.972
1,5038,2.400
1,5039,2.023
1,5040,1.677
1,5041,1.859
1,5042,1.738
1,5043,1.842
1,5044,1.676
1,5045,1.786
1,5046,1.762
1,5047,1.447
1,5048,1.331
1,5049,2.478
1,5050,1.782
1,5051,1.447
1,5052,1.705
1,5053,1.925
1,5054,1.762
1,5055,1.645
1,5056,2.096
1,5057,1.979
1,5058,2.006
1,5059,1.433
1,5060,2.055
1,5061,2.022
1,5062,1.693
1,5063,1.599
1,5064,1.605
1,5065,1.658
1,5066,1.513
1,5067,1.427
1,5068,1.970
1,5069,1.963
1,5070,1.638
1,5071,1.380
1,5072,1.581
1,5073,1.749
1,5074,1.580
1,5075,1.594
1,5076,1.362
1,5077,1.598
1,5078,1.756
1,5079,1.804
1,5080,3.325
1,5081,2.180
1,5082,1.745
1,5083,1.839
1,5084,2.546
1,5085,2.050
1,5086,1.739
1,5087,3.174
1,5088,2.002
1,5089,1.744
1,5090,1.965
1,5091,1.895
1,5092,1.680
1,5093,1.649
1,5094,2.220
1,5095,2.725
1,5096,2.246
1,5097,2.114
1,5098,1.866
1,5099,1.733
1,5100,1.918
1,5101,1.965
1,5102,2.860
1,5103,2.369
1,5104,3.225
1,5105,1.844
1,5106,1.761
1,5107,1.992
1,5108,2.158
1,5109,2.933
1,5110,2.254
1,5111,1.892
1,5112,2.260
1,5113,2.267
1,5114,2.079
1,5115,2.441
1,5116,2.179
1,5117,1.807
1,5118,1.509
1,5119,1.486
1,5120,1.626
1,5121,2.329
1,5122,1.651
1,5123,1.664
1,5124,2.032
1,5125,1.712
1,5126,1.599
1,5127,1.637
1,5128,1.813
1,5129,1.908
1,5130,1.605
1,5131,1.713
1,5132,1.810
1,5133,3.161
1,5134,2.204
1,5135,2.290
1,5136,2.183
1,5137,2.161
1,5138,2.258
1,5139,3.101
1,5140,2.654
1,5141,2.979
1,5142,3.018
1,5143,2.960
1,5144,3.095
1,5145,2.819
1,5146,1.980
1,5147,1.794
1,5148,2.149
1,5149,2.151
1,5150,2.103
1,5151,2.534
1,5152,2.606
1,5153,2.851
1,5154,2.463
1,5155,1.957
1,5156,2.022
1,5157,2.077
1,5158,2.434
1,5159,2.174
1,5160,2.128
1,5161,2.861
1,5162,2.224
1,5163,2.231
1,5164,2.487
1,5165,2.508
1,5166,2.190
1,5167,2.936
1,5168,2.493
1,5169,2.419
1,5170,2.063
1,5171,2.576
1,5172,2.502
1,5173,2.161
1,5174,2.811
1,5175,2.864
1,5176,1.934
1,5177,2.458
1,5178,2.407
1,5179,2.154
1,5180,2.036
1,5181,2.117
1,5182,2.096
1,5183,2.588
1,5184,2.452
1,5185,2.061
1,5186,2.143
1,5187,2.154
1,5188,2.025
1,5189,1.902
1,5190,2.227
1,5191,2.711
1,5192,3.336
1,5193,2.455
1,5194,2.408
1,5195,2.548
1,5196,2.980
1,5197,3.266
1,5198,3.985
1,5199,2.874
1,5200,2.443
1,5201,2.256
1,5202,2.352
1,5203,3.040
1,5204,2.396
1,5205,2.512
1,5206,2.165
1,5207,1.965
1,5208,2.501
1,5209,3.145
1,5210,2.791
1,5211,3.461
1,5212,2.215
1,5213,2.273
1,5214,2.581
1,5215,2.749
1,5216,2.568
1,5217,2.318
1,5218,2.572
1,5219,2.522
1,5220,2.141
1,5221,2.459
1,5222,3.222
1,5223,2.374
1,5224,2.401
1,5225,2.746
1,5226,2.134
1,5227,2.261
1,5228,2.314
1,5229,2.383
1,5230,2.336
1,5231,2.208
1,5232,2.115
1,5233,2.641
1,5234,2.230
1,5235,2.795
1,5236,2.368
1,5237,1.964
1,5238,1.814
1,5239,1.771
1,5240,1.827
1,5241,2.138
1,5242,2.012
1,5243,2.342
1,5244,2.203
1,5245,2.012
1,5246,1.839
1,5247,1.835
1,5248,1.948
1,5249,1.785
1,5250,3.475
1,5251,2.211
1,5252,2.423
1,5253,2.112
1,5254,2.028
1,5255,2.599
1,5256,2.067
1,5257,2.403
1,5258,2.274
1,5259,1.746
1,5260,1.452
1,5261,1.310
1,5262,1.445
1,5263,1.545
1,5264,1.441
1,5265,1.521
1,5266,1.714
1,5267,1.883
1,5268,1.570
1,5269,1.462
1,5270,1.475
1,5271,1.605
1,5272,1.639
1,5273,1.407
1,5274,1.282
1,5275,1.467
1,5276,1.519
1,5277,2.372
1,5278,2.862
1,5279,2.128
1,5280,2.194
1,5281,2.210
1,5282,2.754
1,5283,1.940
1,5284,1.794
1,5285,1.576
1,5286,2.644
1,5287,1.857
1,5288,1.551
1,5289,1.546
1,5290,1.651
1,5291,1.469
1,5292,1.745
1,5293,2.044
1,5294,1.684
1,5295,1.423
1,5296,1.771
1,5297,1.415
1,5298,2.084
1,5299,2.184
1,5300,1.553
1,5301,1.616
1,5302,2.036
1,5303,1.579
1,5304,1.638
1,5305,1.428
1,5306,2.337
1,5307,2.144
1,5308,1.724
1,5309,2.057
1,5310,2.789
1,5311,1.933
1,5312,1.927
1,5313,2.301
1,5314,2.660
1,5315,1.902
1,5316,1.816
1,5317,1.938
1,5318,2.035
1,5319,2.135
1,5320,2.112
1,5321,2.356
1,5322,2.853
1,5323,2.227
1,5324,1.819
1,5325,2.229
1,5326,2.006
1,5327,1.757
1,5328,1.830
1,5329,1.770
1,5330,1.677
1,5331,2.491
1,5332,1.851
1,5333,2.807
1,5334,2.210
1,5335,1.924
1,5336,2.284
1,5337,1.854
1,5338,1.756
1,5339,2.608
1,5340,2.382
1,5341,2.034
1,5342,2.118
1,5343,4.236
1,5344,2.408
1,5345,2.238
1,5346,2.549
1,5347,2.063
1,5348,2.050
1,5349,1.864
1,5350,1.953
1,5351,2.081
1,5352,1.827
1,5353,1.986
1,5354,2.185
1,5355,2.857
1,5356,1.939
1,5357,1.867
1,5358,1.961
1,5359,2.241
1,5360,2.621
1,5361,2.098
1,5362,1.701
1,5363,1.867
1,5364,1.700
1,5365,1.660
1,5366,1.419
1,5367,1.766
1,5368,2.458
1,5369,2.273
1,5370,2.183
1,5371,2.053
1,5372,2.191
1,5373,1.765
1,5374,1.710
1,5375,1.883
1,5376,2.028
1,5377,2.337
1,5378,2.649
1,5379,2.067
1,5380,2.050
1,5381,2.220
1,5382,2.117
1,5383,2.246
1,5384,2.137
1,5385,1.905
1,5386,1.831
1,5387,1.955
1,5388,2.179
1,5389,1.892
1,5390,1.920
1,5391,1.902
1,5392,2.732
1,5393,2.024
1,5394,1.717
1,5395,1.745
1,5396,1.466
1,5397,1.423
1,5398,1.449
1,5399,1.662
1,5400,1.934
1,5401,2.350
1,5402,1.954
1,5403,1.933
1,5404,1.617
1,5405,1.512
1,5406,1.781
1,5407,1.919
1,5408,1.598
1,5409,1.612
1,5410,2.700
1,5411,2.053
1,5412,1.494
1,5413,1.320
1,5414,1.516
1,5415,1.636
1,5416,1.512
1,5417,1.397
1,5418,1.338
1,5419,1.548
1,5420,2.773
1,5421,2.016
1,5422,1.846
1,5423,1.883
1,5424,1.469
1,5425,1.310
1,5426,2.012
1,5427,1.940
1,5428,1.833
1,5429,1.540
1,5430,1.472
1,5431,2.006
1,5432,1.708
1,5433,1.512
1,5434,2.267
1,5435,2.401
1,5436,1.746
1,5437,1.682
1,5438,2.122
1,5439,1.838
1,5440,1.886
1,5441,1.582
1,5442,2.320
1,5443,1.789
1,5444,1.804
1,5445,2.262
1,5446,2.120
1,5447,1.633
1,5448,1.427
1,5449,2.513
1,5450,1.788
1,5451,1.406
1,5452,1.455
1,5453,1.664
1,5454,1.995
1,5455,1.987
1,5456,1.869
1,5457,1.829
1,5458,2.158
1,5459,2.331
1,5460,2.058
1,5461,2.062
1,5462,2.068
1,5463,2.321
1,5464,2.415
1,5465,1.856
1,5466,1.740
1,5467,2.227
1,5468,1.633
1,5469,1.480
1,5470,2.091
1,5471,1.837
1,5472,1.414
1,5473,1.295
1,5474,1.456
1,5475,1.627
1,5476,1.568
1,5477,1.587
1,5478,1.761
1,5479,2.083
1,5480,2.359
1,5481,2.169
1,5482,2.353
1,5483,2.014
1,5484,1.828
1,5485,1.791
1,5486,1.558
1,5487,2.546
1,5488,1.773
1,5489,1.670
1,5490,1.599
1,5491,2.270
1,5492,2.057
1,5493,1.870
1,5494,1.445
1,5495,1.440
1,5496,2.090
1,5497,1.971
1,5498,2.031
1,5499,1.552
1,5500,1.476
1,5501,1.673
1,5502,1.508
1,5503,1.514
1,5504,1.398
1,5505,1.392
1,5506,2.223
1,5507,2.405
1,5508,2.209
1,5509,2.211
1,5510,1.898
1,5511,1.510
1,5512,1.842
1,5513,1.721
1,5514,2.575
1,5515,2.700
1,5516,2.213
1,5517,1.550
1,5518,1.779
1,5519,1.856
1,5520,1.604
1,5521,1.562
1,5522,1.819
1,5523,1.766
1,5524,1.491
1,5525,1.561
1,5526,1.703
1,5527,1.536
1,5528,1.543
1,5529,1.458
1,5530,1.414
1,5531,1.800
1,5532,2.749
1,5533,1.906
1,5534,1.685
1,5535,1.929
1,5536,2.206
1,5537,1.677
1,5538,1.599
1,5539,1.774
1,5540,2.041
1,5541,2.024
1,5542,1.977
1,5543,1.943
1,5544,1.944
1,5545,2.211
1,5546,2.554
1,5547,2.278
1,5548,1.850
1,5549,1.941
1,5550,1.807
1,5551,1.809
1,5552,2.028
1,5553,1.923
1,5554,2.516
1,5555,2.340
1,5556,2.396
1,5557,1.659
1,5558,1.518
1,5559,1.673
1,5560,1.717
1,5561,1.539
1,5562,1.557
1,5563,2.440
1,5564,2.314
1,5565,2.101
1,5566,2.084
1,5567,2.165
1,5568,1.811
1,5569,1.662
1,5570,1.764
1,5571,2.310
1,5572,2.118
1,5573,1.526
1,5574,1.596
1,5575,1.533
1,5576,1.465
1,5577,1.470
1,5578,1.713
1,5579,1.611
1,5580,1.345
1,5581,1.565
1,5582,1.656
1,5583,2.165
1,5584,1.682
1,5585,1.346
1,5586,1.277
1,5587,1.383
1,5588,1.508
1,5589,1.415
1,5590,1.453
1,5591,1.527
1,5592,1.609
1,5593,1.497
1,5594,1.864
1,5595,1.649
1,5596,1.653
1,5597,1.830
1,5598,1.695
1,5599,1.474
1,5600,1.577
1,5601,2.802
1,5602,1.700
1,5603,1.800
1,5604,1.861
1,5605,1.477
1,5606,1.473
1,5607,1.344
1,5608,1.476
1,5609,1.506
1,5610,1.858
1,5611,1.792
1,5612,1.727
1,5613,1.572
1,5614,1.640
1,5615,1.824
1,5616,1.497
1,5617,1.518
1,5618,1.542
1,5619,1.810
1,5620,2.366
1,5621,2.063
1,5622,2.105
1,5623,2.541
1,5624,2.938
1,5625,2.224
1,5626,2.440
1,5627,2.436
1,5628,2.502
1,5629,2.307
1,5630,1.863
1,5631,2.351
1,5632,2.366
1,5633,2.275
1,5634,2.019
1,5635,1.951
1,5636,2.209
1,5637,2.135
1,5638,2.180
1,5639,2.574
1,5640,3.268
1,5641,3.457
1,5642,2.069
1,5643,1.633
1,5644,2.130
1,5645,1.954
1,5646,2.780
1,5647,2.463
1,5648,2.181
1,5649,2.109
1,5650,2.554
1,5651,2.168
1,5652,2.002
1,5653,2.195
1,5654,2.631
1,5655,2.209
1,5656,2.469
1,5657,2.263
1,5658,2.045
1,5659,2.286
1,5660,2.199
1,5661,1.888
1,5662,2.375
1,5663,2.074
1,5664,2.054
1,5665,1.797
1,5666,2.444
1,5667,2.081
1,5668,2.581
1,5669,2.509
1,5670,2.643
1,5671,2.124
1,5672,2.674
1,5673,2.487
1,5674,2.546
1,5675,2.525
1,5676,2.343
1,5677,3.053
1,5678,2.289
1,5679,2.546
1,5680,2.166
1,5681,2.157
1,5682,1.972
1,5683,1.979
1,5684,1.940
1,5685,2.096
1,5686,1.724
1,5687,1.751
1,5688,1.917
1,5689,1.760
1,5690,3.208
1,5691,2.735
1,5692,2.020
1,5693,2.422
1,5694,2.243
1,5695,1.841
1,5696,2.217
1,5697,2.145
1,5698,1.761
1,5699,1.714
1,5700,1.958
1,5701,2.206
1,5702,2.293
1,5703,2.326
1,5704,2.341
1,5705,1.615
1,5706,1.317
1,5707,1.526
1,5708,1.605
1,5709,1.446
1,5710,1.463
1,5711,1.486
1,5712,1.803
1,5713,2.001
1,5714,3.139
1,5715,2.860
1,5716,2.275
1,5717,1.829
1,5718,1.955
1,5719,2.091
1,5720,2.596
1,5721,2.163
1,5722,1.651
1,5723,1.421
1,5724,1.278
1,5725,1.544
1,5726,1.530
1,5727,1.385
1,5728,1.356
1,5729,1.473
1,5730,2.651
1,5731,2.350
1,5732,1.993
1,5733,1.889
1,5734,1.871
1,5735,1.546
1,5736,1.462
1,5737,2.254
1,5738,2.360
1,5739,1.892
1,5740,2.128
1,5741,2.644
1,5742,2.060
1,5743,1.726
1,5744,1.645
1,5745,1.811
1,5746,2.233
1,5747,2.143
1,5748,1.616
1,5749,1.746
1,5750,1.464
1,5751,1.737
1,5752,1.939
1,5753,1.538
1,5754,1.372
1,5755,1.698
1,5756,1.754
1,5757,1.465
1,5758,1.508
1,5759,1.542
1,5760,1.778
1,5761,1.473
1,5762,1.499
1,5763,1.448
1,5764,1.720
1,5765,1.727
1,5766,1.937
1,5767,2.129
1,5768,2.217
1,5769,1.972
1,5770,2.988
1,5771,1.742
1,5772,1.670
1,5773,1.834
1,5774,2.856
1,5775,1.986
1,5776,1.679
1,5777,1.810
1,5778,1.981
1,5779,2.136
1,5780,1.743
1,5781,2.076
1,5782,2.121
1,5783,1.807
1,5784,1.962
1,5785,1.922
1,5786,1.789
1,5787,2.016
1,5788,2.611
1,5789,2.546
1,5790,1.861
1,5791,1.913
1,5792,1.980
1,5793,1.935
1,5794,1.896
1,5795,2.041
1,5796,3.065
1,5797,2.087
1,5798,2.652
1,5799,1.995
1,5800,1.804
1,5801,2.143
1,5802,1.851
1,5803,2.092
1,5804,2.647
1,5805,1.875
1,5806,2.079
1,5807,2.195
1,5808,2.198
1,5809,1.987
1,5810,1.780
1,5811,2.682
1,5812,2.908
1,5813,2.033
1,5814,2.132
1,5815,2.397
1,5816,1.968
1,5817,2.163
1,5818,2.911
1,5819,2.127
1,5820,3.009
1,5821,2.353
1,5822,1.967
1,5823,2.187
1,5824,2.164
1,5825,2.509
1,5826,2.118
1,5827,2.052
1,5828,2.195
1,5829,2.081
1,5830,2.256
1,5831,1.912
1,5832,2.701
1,5833,2.501
1,5834,2.393
1,5835,2.552
1,5836,2.807
1,5837,2.509
1,5838,2.966
1,5839,2.466
1,5840,2.819
1,5841,2.845
1,5842,2.487
1,5843,2.691
1,5844,2.619
1,5845,2.635
1,5846,2.344
1,5847,1.923
1,5848,2.089
1,5849,2.364
1,5850,2.163
1,5851,2.643
1,5852,2.659
1,5853,2.173
1,5854,2.126
1,5855,2.361
1,5856,2.188
1,5857,2.189
1,5858,2.389
1,5859,2.808
1,5860,2.169
1,5861,2.570
1,5862,2.571
1,5863,2.378
1,5864,2.423
1,5865,2.565
1,5866,3.151
1,5867,2.301
1,5868,2.229
1,5869,2.479
1,5870,2.443
1,5871,2.778
1,5872,2.432
1,5873,2.670
1,5874,2.524
1,5875,2.274
1,5876,1.856
1,5877,2.309
1,5878,3.038
1,5879,2.585
1,5880,2.569
1,5881,2.049
1,5882,2.172
1,5883,2.489
1,5884,2.198
1,5885,1.838
1,5886,2.081
1,5887,2.212
1,5888,2.283
1,5889,1.940
1,5890,2.288
1,5891,2.987
1,5892,2.337
1,5893,1.847
1,5894,1.704
1,5895,1.797
1,5896,2.393
1,5897,1.963
1,5898,1.570
1,5899,2.122
1,5900,2.289
1,5901,2.136
1,5902,2.228
1,5903,2.112
1,5904,2.562
1,5905,2.366
1,5906,2.284
1,5907,1.708
1,5908,1.397
1,5909,1.486
1,5910,1.721
1,5911,1.472
1,5912,1.535
1,5913,1.556
1,5914,1.914
1,5915,1.803
1,5916,1.807
1,5917,1.770
1,5918,1.983
1,5919,1.646
1,5920,1.418
1,5921,1.492
1,5922,1.749
1,5923,1.534
1,5924,2.341
1,5925,1.744
1,5926,1.810
1,5927,1.675
1,5928,1.469
1,5929,1.459
1,5930,1.817
1,5931,1.772
1,5932,1.587
1,5933,1.787
1,5934,2.821
1,5935,1.983
1,5936,1.655
1,5937,1.626
1,5938,2.185
1,5939,1.714
1,5940,1.584
1,5941,1.740
1,5942,1.816
1,5943,2.018
1,5944,1.679
1,5945,1.852
1,5946,1.909
1,5947,1.436
1,5948,1.351
1,5949,1.573
1,5950,1.696
1,5951,2.884
1,5952,2.064
1,5953,2.246
1,5954,1.768
1,5955,1.561
1,5956,2.211
1,5957,2.236
1,5958,1.590
1,5959,2.065
1,5960,2.138
1,5961,2.201
1,5962,1.969
1,5963,1.920
1,5964,1.815
1,5965,1.565
1,5966,1.419
1,5967,1.978
1,5968,1.854
1,5969,1.466
1,5970,1.534
1,5971,1.743
1,5972,2.056
1,5973,1.710
1,5974,1.391
1,5975,1.564
1,5976,1.754
1,5977,2.663
1,5978,2.351
1,5979,2.088
1,5980,1.790
1,5981,2.183
1,5982,2.069
1,5983,2.095
1,5984,2.294
1,5985,2.477
1,5986,1.983
1,5987,2.386
1,5988,2.231
1,5989,2.431
1,5990,1.836
1,5991,2.043
1,5992,2.257
1,5993,1.802
1,5994,1.502
1,5995,2.091
1,5996,1.926
1,5997,1.927
1,5998,2.287
1,5999,2.177
1,6000,1.749
1,6001,1.456
1,6002,1.587
1,6003,1.906
1,6004,1.493
1,6005,1.300
1,6006,1.705
1,6007,1.839
1,6008,2.229
1,6009,2.364
1,6010,2.095
1,6011,1.835
1,6012,1.996
1,6013,1.782
1,6014,1.937
1,6015,1.656
1,6016,1.353
1,6017,3.940
1,6018,2.866
1,6019,3.061
1,6020,3.027
1,6021,3.520
1,6022,3.316
1,6023,3.887
1,6024,2.999
1,6025,2.238
1,6026,2.679
1,6027,5.480
1,6028,3.399
1,6029,2.351
1,6030,3.450
1,6031,2.335
1,6032,1.697
1,6033,1.837
1,6034,1.737
1,6035,1.708
1,6036,1.921
1,6037,1.748
1,6038,1.631
1,6039,1.439
1,6040,2.006
1,6041,2.318
1,6042,1.602
1,6043,1.360
1,6044,1.493
1,6045,1.691
1,6046,1.855
1,6047,1.620
1,6048,1.517
1,6049,1.895
1,6050,2.052
1,6051,1.733
1,6052,1.739
1,6053,1.947
1,6054,1.758
1,6055,1.723
1,6056,2.339
1,6057,2.218
1,6058,2.654
1,6059,1.914
1,6060,1.775
1,6061,1.623
1,6062,1.423
1,6063,1.580
1,6064,1.441
1,6065,1.618
1,6066,1.413
1,6067,1.431
1,6068,1.999
1,6069,1.860
1,6070,1.447
1,6071,1.336
1,6072,1.456
1,6073,1.580
1,6074,1.411
1,6075,2.006
1,6076,2.393
1,6077,1.754
1,6078,1.605
1,6079,1.486
1,6080,1.506
1,6081,1.756
1,6082,1.595
1,6083,1.517
1,6084,1.560
1,6085,1.676
1,6086,2.307
1,6087,1.826
1,6088,1.875
1,6089,1.580
1,6090,1.454
1,6091,1.370
1,6092,1.347
1,6093,1.585
1,6094,1.506
1,6095,1.405
1,6096,1.891
1,6097,2.651
1,6098,2.043
1,6099,1.721
1,6100,1.517
1,6101,1.559
1,6102,1.573
1,6103,1.552
1,6104,1.374
1,6105,1.919
1,6106,1.779
1,6107,1.809
1,6108,1.648
1,6109,1.714
1,6110,1.613
1,6111,1.736
1,6112,2.549
1,6113,2.208
1,6114,2.590
1,6115,2.510
1,6116,2.368
1,6117,1.687
1,6118,1.509
1,6119,1.538
1,6120,1.461
1,6121,1.593
1,6122,1.452
1,6123,2.822
1,6124,2.395
1,6125,2.583
1,6126,2.157
1,6127,1.779
1,6128,1.522
1,6129,1.410
1,6130,2.093
1,6131,2.230
1,6132,1.787
1,6133,1.897
1,6134,2.412
1,6135,1.998
1,6136,1.945
1,6137,1.956
1,6138,2.185
1,6139,2.093
1,6140,2.407
1,6141,1.993
1,6142,2.186
1,6143,1.995
1,6144,1.947
1,6145,2.186
1,6146,2.426
1,6147,2.504
1,6148,2.323
1,6149,2.340
1,6150,2.609
1,6151,1.876
1,6152,1.907
1,6153,2.098
1,6154,1.908
1,6155,1.694
1,6156,1.470
1,6157,1.618
1,6158,1.607
1,6159,1.631
1,6160,1.539
1,6161,2.269
1,6162,2.272
1,6163,1.957
1,6164,2.222
1,6165,2.149
1,6166,1.701
1,6167,1.428
1,6168,1.848
1,6169,1.801
1,6170,1.888
1,6171,1.941
1,6172,1.797
1,6173,4.371
1,6174,2.981
1,6175,2.595
1,6176,2.951
1,6177,2.483
1,6178,2.430
1,6179,2.407
1,6180,2.589
1,6181,2.554
1,6182,3.671
1,6183,3.424
1,6184,3.571
1,6185,3.082
1,6186,3.261
1,6187,6.155
1,6188,3.106
1,6189,2.742
1,6190,2.907
1,6191,2.961
1,6192,2.377
1,6193,1.700
1,6194,1.485
1,6195,2.010
1,6196,1.637
1,6197,2.264
1,6198,3.148
1,6199,2.765
1,6200,1.896
1,6201,2.351
1,6202,2.239
1,6203,3.000
1,6204,2.168
1,6205,1.741
1,6206,1.544
1,6207,1.441
1,6208,1.406
1,6209,1.480
1,6210,1.399
1,6211,1.368
1,6212,1.938
1,6213,2.883
1,6214,1.911
1,6215,1.526
1,6216,1.519
1,6217,1.781
1,6218,1.729
1,6219,1.470
1,6220,1.428
1,6221,2.231
1,6222,1.945
1,6223,2.375
1,6224,1.780
1,6225,1.886
1,6226,1.933
1,6227,1.740
1,6228,1.827
1,6229,1.980
1,6230,3.276
1,6231,2.748
1,6232,1.793
1,6233,1.567
1,6234,1.524
1,6235,1.811
1,6236,1.700
1,6237,1.569
1,6238,1.569
1,6239,1.920
1,6240,1.738
1,6241,1.892
1,6242,1.660
1,6243,1.694
1,6244,1.580
1,6245,1.599
1,6246,1.585
1,6247,1.935
1,6248,1.691
1,6249,1.508
1,6250,1.462
1,6251,1.879
1,6252,2.027
1,6253,1.832
1,6254,1.741
1,6255,2.303
1,6256,2.547
1,6257,3.324
1,6258,2.679
1,6259,1.890
1,6260,2.709
1,6261,2.043
1,6262,1.782
1,6263,1.540
1,6264,1.660
1,6265,1.734
1,6266,1.590
1,6267,1.615
1,6268,1.831
1,6269,1.708
1,6270,1.832
1,6271,2.171
1,6272,2.380
1,6273,2.075
1,6274,1.914
1,6275,2.425
1,6276,2.134
1,6277,1.952
1,6278,2.782
1,6279,2.132
1,6280,1.799
1,6281,2.261
1,6282,2.374
1,6283,1.834
1,6284,1.723
1,6285,2.369
1,6286,2.880
1,6287,1.975
1,6288,2.020
1,6289,2.498
1,6290,2.350
1,6291,2.134
1,6292,1.969
1,6293,1.941
1,6294,2.974
1,6295,2.095
1,6296,1.911
1,6297,2.227
1,6298,2.347
1,6299,1.704
1,6300,1.975
1,6301,2.334
1,6302,2.050
1,6303,1.643
1,6304,2.086
1,6305,1.857
1,6306,1.721
1,6307,2.900
1,6308,2.424
1,6309,2.223
1,6310,2.618
1,6311,1.948
1,6312,1.993
1,6313,1.849
1,6314,1.742
1,6315,1.740
1,6316,1.634
1,6317,1.563
1,6318,1.670
1,6319,1.761
1,6320,1.558
1,6321,1.599
1,6322,1.524
1,6323,1.418
1,6324,1.638
1,6325,1.795
1,6326,1.851
1,6327,1.863
1,6328,1.698
1,6329,2.627
1,6330,2.612
1,6331,2.375
1,6332,2.252
1,6333,3.858
1,6334,3.622
1,6335,3.010
1,6336,2.719
1,6337,3.134
1,6338,2.781
1,6339,2.943
1,6340,2.593
1,6341,2.958
1,6342,5.064
1,6343,2.308
1,6344,1.573
1,6345,1.601
1,6346,1.583
1,6347,1.655
1,6348,1.968
1,6349,2.331
1,6350,2.599
1,6351,2.078
1,6352,1.640
1,6353,1.794
1,6354,1.948
1,6355,2.108
1,6356,2.033
1,6357,3.682
1,6358,2.129
1,6359,2.053
1,6360,2.068
1,6361,1.920
1,6362,2.131
1,6363,2.520
1,6364,2.227
1,6365,2.365
1,6366,2.231
1,6367,2.056
1,6368,2.006
1,6369,2.190
1,6370,2.163
1,6371,2.558
1,6372,2.650
1,6373,2.540
1,6374,1.925
1,6375,1.965
1,6376,2.057
1,6377,2.029
1,6378,2.873
1,6379,2.219
1,6380,2.181
1,6381,2.972
1,6382,2.125
1,6383,1.928
1,6384,2.285
1,6385,2.594
1,6386,2.246
1,6387,2.194
1,6388,2.569
1,6389,2.615
1,6390,2.633
1,6391,2.644
1,6392,2.321
1,6393,2.730
1,6394,2.180
1,6395,1.984
1,6396,2.536
1,6397,2.032
1,6398,2.445
1,6399,2.261
1,6400,2.042
1,6401,2.040
1,6402,2.213
1,6403,2.319
1,6404,2.316
1,6405,3.299
1,6406,2.617
1,6407,2.412
1,6408,2.884
1,6409,2.577
1,6410,3.048
1,6411,3.013
1,6412,2.621
1,6413,3.459
1,6414,2.792
1,6415,2.695
1,6416,2.902
1,6417,3.349
1,6418,2.656
1,6419,2.759
1,6420,3.127
1,6421,3.194
1,6422,3.049
1,6423,3.098
1,6424,2.835
1,6425,2.540
1,6426,2.947
1,6427,2.836
1,6428,2.214
1,6429,2.352
1,6430,2.819
1,6431,2.547
1,6432,3.180
1,6433,2.725
1,6434,2.452
1,6435,2.707
1,6436,2.293
1,6437,2.738
1,6438,2.307
1,6439,2.877
1,6440,2.780
1,6441,2.685
1,6442,2.439
1,6443,2.577
1,6444,3.006
1,6445,3.443
1,6446,2.517
1,6447,2.670
1,6448,2.614
1,6449,2.901
1,6450,3.253
1,6451,2.593
1,6452,2.486
1,6453,2.560
1,6454,2.329
1,6455,2.545
1,6456,2.364
1,6457,3.179
1,6458,2.462
1,6459,2.526
1,6460,2.465
1,6461,2.590
1,6462,2.407
1,6463,3.288
1,6464,2.835
1,6465,2.524
1,6466,2.494
1,6467,2.546
1,6468,3.297
1,6469,2.640
1,6470,2.295
1,6471,2.867
1,6472,2.367
1,6473,2.379
1,6474,2.594
1,6475,2.758
1,6476,2.568
1,6477,2.425
1,6478,2.856
1,6479,2.673
1,6480,2.584
1,6481,2.483
1,6482,2.778
1,6483,2.549
1,6484,2.726
1,6485,2.777
1,6486,2.434
1,6487,3.911
1,6488,2.710
1,6489,2.297
1,6490,2.289
1,6491,2.144
1,6492,3.220
1,6493,3.238
1,6494,2.876
1,6495,2.308
1,6496,2.029
1,6497,2.335
1,6498,3.720
1,6499,3.106
1,6500,2.734
1,6501,2.404
1,6502,2.388
1,6503,2.719
1,6504,2.560
1,6505,3.084
1,6506,3.138
1,6507,2.316
1,6508,2.236
1,6509,2.112
1,6510,2.670
1,6511,2.462
1,6512,2.020
1,6513,2.703
1,6514,2.259
1,6515,1.994
1,6516,1.991
1,6517,2.195
1,6518,2.094
1,6519,2.209
1,6520,2.006
1,6521,2.352
1,6522,1.971
1,6523,2.140
1,6524,2.293
1,6525,3.306
1,6526,3.249
1,6527,3.437
1,6528,2.788
1,6529,2.124
1,6530,2.449
1,6531,2.439
1,6532,2.155
1,6533,2.339
1,6534,2.444
1,6535,2.685
1,6536,2.076
1,6537,2.355
1,6538,2.522
1,6539,2.730
1,6540,2.497
1,6541,2.491
1,6542,2.836
1,6543,2.376
1,6544,2.606
1,6545,2.351
1,6546,2.446
1,6547,2.319
1,6548,2.094
1,6549,2.550
1,6550,2.397
1,6551,2.229
1,6552,2.077
1,6553,2.321
1,6554,2.459
1,6555,2.016
1,6556,2.198
1,6557,2.513
1,6558,2.523
1,6559,2.743
1,6560,2.347
1,6561,2.539
1,6562,2.453
1,6563,2.117
1,6564,2.760
1,6565,2.389
1,6566,2.079
1,6567,1.871
1,6568,2.454
1,6569,2.122
1,6570,1.787
1,6571,2.053
1,6572,2.585
1,6573,2.079
1,6574,2.264
1,6575,2.796
1,6576,2.466
1,6577,2.664
1,6578,3.237
1,6579,2.847
1,6580,2.139
1,6581,2.030
1,6582,1.700
1,6583,1.841
1,6584,2.134
1,6585,2.067
1,6586,2.269
1,6587,2.584
1,6588,1.933
1,6589,1.938
1,6590,2.841
1,6591,2.101
1,6592,2.728
1,6593,2.309
1,6594,2.025
1,6595,2.341
1,6596,1.972
1,6597,2.030
1,6598,1.882
1,6599,2.274
1,6600,1.959
1,6601,1.636
1,6602,1.772
1,6603,1.806
1,6604,1.924
1,6605,1.751
1,6606,1.495
1,6607,1.631
1,6608,1.950
1,6609,2.092
1,6610,2.216
1,6611,1.952
1,6612,1.691
1,6613,2.839
1,6614,3.036
1,6615,3.368
1,6616,2.773
1,6617,2.382
1,6618,2.608
1,6619,2.659
1,6620,2.082
1,6621,2.410
1,6622,2.639
1,6623,1.973
1,6624,1.919
1,6625,2.166
1,6626,1.903
1,6627,3.041
1,6628,2.645
1,6629,2.254
1,6630,1.995
1,6631,2.514
1,6632,2.313
1,6633,2.645
1,6634,4.152
1,6635,3.015
1,6636,2.293
1,6637,2.205
1,6638,2.079
1,6639,2.285
1,6640,1.976
1,6641,2.868
1,6642,2.681
1,6643,2.313
1,6644,2.224
1,6645,2.243
1,6646,2.097
1,6647,2.846
1,6648,2.456
1,6649,2.000
1,6650,2.356
1,6651,2.669
1,6652,2.662
1,6653,2.920
1,6654,3.117
1,6655,3.245
1,6656,2.326
1,6657,2.419
1,6658,2.569
1,6659,2.716
1,6660,3.448
1,6661,3.019
1,6662,2.386
1,6663,2.456
1,6664,2.253
1,6665,2.893
1,6666,3.104
1,6667,2.293
1,6668,3.454
1,6669,2.899
1,6670,2.898
1,6671,2.908
1,6672,2.691
1,6673,2.499
1,6674,2.457
1,6675,1.990
1,6676,1.953
1,6677,2.072
1,6678,1.822
1,6679,1.883
1,6680,1.871
1,6681,1.639
1,6682,1.838
1,6683,2.288
1,6684,1.754
1,6685,1.870
1,6686,1.831
1,6687,1.866
1,6688,1.654
1,6689,1.612
1,6690,1.563
1,6691,2.124
1,6692,1.808
1,6693,1.977
1,6694,2.672
1,6695,1.984
1,6696,1.721
1,6697,2.053
1,6698,2.052
1,6699,1.842
1,6700,1.483
1,6701,1.781
1,6702,2.328
1,6703,1.940
1,6704,1.787
1,6705,1.807
1,6706,1.760
1,6707,1.635
1,6708,1.630
1,6709,2.011
1,6710,1.872
1,6711,2.539
1,6712,2.159
1,6713,2.028
1,6714,1.876
1,6715,1.626
1,6716,1.792
1,6717,1.933
1,6718,1.635
1,6719,2.410
1,6720,2.670
1,6721,1.940
1,6722,1.982
1,6723,2.509
1,6724,1.998
1,6725,1.676
1,6726,2.257
1,6727,2.185
1,6728,2.573
1,6729,2.261
1,6730,1.975
1,6731,1.898
1,6732,1.993
1,6733,2.320
1,6734,1.929
1,6735,1.595
1,6736,1.894
1,6737,1.952
1,6738,1.750
1,6739,1.867
1,6740,1.871
1,6741,1.986
1,6742,1.899
1,6743,2.032
1,6744,2.021
1,6745,1.831
1,6746,2.025
1,6747,2.012
1,6748,2.126
1,6749,1.895
1,6750,2.670
1,6751,2.151
1,6752,1.711
1,6753,1.690
1,6754,1.901
1,6755,1.891
1,6756,1.554
1,6757,1.783
1,6758,2.506
1,6759,1.874
1,6760,1.559
1,6761,1.648
1,6762,1.912
1,6763,1.610
1,6764,1.642
1,6765,2.349
1,6766,2.299
1,6767,1.751
1,6768,1.776
1,6769,2.009
1,6770,1.899
1,6771,1.623
1,6772,1.705
1,6773,2.021
1,6774,2.911
1,6775,2.241
1,6776,1.918
1,6777,1.782
1,6778,1.671
1,6779,1.734
1,6780,1.799
1,6781,1.528
1,6782,2.153
1,6783,2.880
1,6784,1.987
1,6785,1.929
1,6786,1.932
1,6787,1.792
1,6788,1.711
1,6789,1.938
1,6790,2.743
1,6791,2.882
1,6792,2.526
1,6793,2.494
1,6794,2.068
1,6795,2.009
1,6796,2.249
1,6797,1.840
1,6798,2.346
1,6799,2.712
1,6800,1.627
1,6801,1.615
1,6802,1.671
1,6803,1.735
1,6804,3.018
1,6805,2.406
1,6806,2.319
1,6807,3.147
1,6808,2.499
1,6809,1.909
1,6810,2.675
1,6811,2.723
1,6812,2.041
1,6813,1.897
1,6814,2.632
1,6815,2.094
1,6816,2.107
1,6817,2.958
1,6818,2.359
1,6819,2.558
1,6820,2.398
1,6821,2.729
1,6822,2.343
1,6823,2.377
1,6824,2.026
1,6825,1.830
1,6826,1.804
1,6827,1.808
1,6828,1.679
1,6829,1.914
1,6830,2.453
1,6831,1.751
1,6832,1.788
1,6833,1.962
1,6834,1.878
1,6835,1.739
1,6836,1.528
1,6837,1.717
1,6838,1.837
1,6839,1.616
1,6840,3.577
1,6841,2.192
1,6842,1.718
1,6843,1.766
1,6844,2.015
1,6845,1.559
1,6846,1.598
1,6847,1.659
1,6848,2.005
1,6849,2.365
1,6850,2.001
1,6851,1.827
1,6852,1.560
1,6853,1.603
1,6854,1.656
1,6855,1.847
1,6856,2.239
1,6857,1.925
1,6858,2.001
1,6859,1.802
1,6860,1.609
1,6861,1.651
1,6862,1.714
1,6863,1.585
1,6864,1.609
1,6865,2.266
1,6866,2.555
1,6867,2.924
1,6868,2.752
1,6869,2.676
1,6870,2.542
1,6871,2.556
1,6872,2.469
1,6873,2.170
1,6874,2.876
1,6875,2.095
1,6876,1.591
1,6877,1.786
1,6878,2.112
1,6879,2.446
1,6880,1.968
1,6881,1.716
1,6882,1.688
1,6883,1.819
1,6884,1.651
1,6885,1.738
1,6886,1.560
1,6887,2.156
1,6888,2.493
1,6889,2.289
1,6890,2.460
1,6891,2.457
1,6892,2.738
1,6893,2.494
1,6894,3.096
1,6895,2.069
1,6896,1.866
1,6897,2.191
1,6898,2.155
1,6899,1.739
1,6900,2.107
1,6901,2.224
1,6902,2.330
1,6903,2.141
1,6904,1.940
1,6905,2.002
1,6906,1.945
1,6907,2.173
1,6908,2.686
1,6909,2.028
1,6910,2.173
1,6911,1.995
1,6912,2.039
1,6913,2.295
1,6914,2.216
1,6915,2.260
1,6916,3.637
1,6917,1.903
1,6918,1.492
1,6919,1.677
1,6920,1.854
1,6921,1.667
1,6922,1.496
1,6923,1.405
1,6924,1.997
1,6925,2.318
1,6926,1.834
1,6927,1.992
1,6928,1.698
1,6929,1.624
1,6930,2.153
1,6931,2.221
1,6932,2.060
1,6933,1.648
1,6934,1.846
1,6935,2.364
1,6936,1.849
1,6937,1.861
1,6938,3.815
1,6939,2.339
1,6940,2.663
1,6941,2.594
1,6942,1.741
1,6943,1.642
1,6944,1.750
1,6945,1.617
1,6946,1.671
1,6947,1.825
1,6948,1.826
1,6949,2.512
1,6950,2.293
1,6951,2.055
1,6952,1.697
1,6953,1.502
1,6954,1.644
1,6955,2.018
1,6956,2.017
1,6957,1.772
1,6958,1.632
1,6959,1.568
1,6960,2.437
1,6961,1.711
1,6962,1.923
1,6963,1.687
1,6964,2.270
1,6965,2.776
1,6966,2.376
1,6967,1.870
1,6968,1.954
1,6969,1.835
1,6970,1.949
1,6971,1.733
1,6972,2.240
1,6973,1.820
1,6974,1.538
1,6975,1.605
1,6976,1.655
1,6977,1.862
1,6978,1.947
1,6979,1.644
1,6980,1.825
1,6981,2.226
1,6982,2.206
1,6983,2.722
1,6984,2.303
1,6985,2.142
1,6986,2.707
1,6987,2.627
1,6988,2.251
1,6989,2.251
1,6990,2.520
1,6991,2.160
1,6992,2.240
1,6993,2.400
1,6994,2.473
1,6995,2.686
1,6996,2.396
1,6997,2.675
1,6998,2.613
1,6999,2.387
1,7000,2.563
1,7001,2.654
1,7002,2.347
1,7003,2.511
1,7004,2.612
1,7005,2.574
1,7006,2.706
1,7007,2.897
1,7008,2.446
1,7009,2.637
1,7010,2.877
1,7011,2.681
1,7012,2.294
1,7013,2.754
1,7014,2.849
1,7015,2.039
1,7016,2.107
1,7017,2.282
1,7018,2.315
1,7019,2.524
1,7020,2.692
1,7021,2.679
1,7022,2.305
1,7023,2.431
1,7024,1.954
1,7025,2.405
1,7026,2.754
1,7027,2.668
1,7028,2.977
1,7029,2.242
1,7030,2.755
1,7031,2.735
1,7032,2.995
1,7033,3.428
1,7034,3.598
1,7035,3.750
1,7036,3.181
1,7037,3.111
1,7038,2.498
1,7039,2.710
1,7040,3.030
1,7041,2.243
1,7042,2.999
1,7043,2.758
1,7044,3.200
1,7045,2.932
1,7046,3.697
1,7047,5.380
1,7048,3.078
1,7049,2.574
1,7050,2.460
1,7051,3.061
1,7052,2.984
1,7053,2.833
1,7054,2.365
1,7055,2.396
1,7056,2.571
1,7057,2.337
1,7058,3.062
1,7059,2.739
1,7060,2.861
1,7061,2.949
1,7062,2.493
1,7063,2.583
1,7064,3.924
1,7065,2.544
1,7066,2.659
1,7067,2.319
1,7068,2.303
1,7069,2.012
1,7070,1.919
1,7071,2.535
1,7072,2.223
1,7073,2.129
1,7074,2.007
1,7075,2.344
1,7076,2.344
1,7077,2.604
1,7078,2.384
1,7079,2.756
1,7080,2.197
1,7081,2.291
1,7082,2.076
1,7083,2.293
1,7084,2.535
1,7085,2.483
1,7086,2.024
1,7087,2.269
1,7088,1.901
1,7089,1.892
1,7090,2.006
1,7091,2.045
1,7092,1.934
1,7093,1.740
1,7094,1.759
1,7095,1.735
1,7096,2.177
1,7097,1.698
1,7098,1.745
1,7099,1.782
1,7100,2.731
1,7101,2.117
1,7102,1.592
1,7103,1.419
1,7104,1.673
1,7105,1.955
1,7106,1.733
1,7107,1.914
1,7108,2.220
1,7109,2.050
1,7110,2.055
1,7111,1.841
1,7112,1.887
1,7113,1.735
1,7114,2.116
1,7115,1.677
1,7116,2.148
1,7117,2.280
1,7118,2.099
1,7119,2.433
1,7120,2.259
1,7121,1.979
1,7122,2.150
1,7123,1.926
1,7124,2.387
1,7125,2.054
1,7126,1.850
1,7127,1.485
1,7128,1.496
1,7129,1.809
1,7130,1.761
1,7131,1.909
1,7132,1.865
1,7133,2.008
1,7134,1.796
1,7135,1.722
1,7136,1.935
1,7137,2.051
1,7138,1.932
1,7139,1.595
1,7140,2.078
1,7141,1.969
1,7142,1.827
1,7143,1.561
1,7144,1.566
1,7145,1.651
1,7146,1.612
1,7147,1.569
1,7148,1.755
1,7149,1.728
1,7150,3.409
1,7151,2.199
1,7152,2.107
1,7153,1.936
1,7154,1.538
1,7155,1.762
1,7156,1.883
1,7157,2.215
1,7158,2.929
1,7159,1.901
1,7160,1.569
1,7161,1.586
1,7162,1.997
1,7163,1.909
1,7164,1.712
1,7165,1.847
1,7166,2.213
1,7167,2.113
1,7168,1.844
1,7169,1.776
1,7170,1.607
1,7171,1.521
1,7172,1.503
1,7173,1.605
1,7174,2.027
1,7175,2.330
1,7176,2.108
1,7177,2.821
1,7178,2.176
1,7179,2.127
1,7180,2.505
1,7181,2.816
1,7182,2.900
1,7183,2.369
1,7184,2.382
1,7185,2.207
1,7186,2.554
1,7187,2.520
1,7188,2.533
1,7189,2.383
1,7190,2.103
1,7191,2.863
1,7192,2.229
1,7193,1.990
1,7194,2.228
1,7195,2.130
1,7196,1.737
1,7197,1.555
1,7198,1.738
1,7199,1.647
1,7200,2.170
1,7201,1.732
1,7202,1.845
1,7203,1.794
1,7204,1.757
1,7205,1.757
1,7206,1.934
1,7207,1.885
1,7208,1.561
1,7209,1.766
1,7210,1.977
1,7211,2.526
1,7212,1.832
1,7213,1.810
1,7214,1.654
1,7215,1.633
1,7216,1.539
1,7217,1.827
1,7218,1.619
1,7219,1.600
1,7220,2.288
1,7221,1.926
1,7222,1.844
1,7223,1.667
1,7224,1.547
1,7225,1.785
1,7226,1.730
1,7227,1.612
1,7228,2.046
1,7229,2.054
1,7230,2.217
1,7231,1.741
1,7232,1.763
1,7233,1.639
1,7234,1.670
1,7235,1.646
1,7236,1.933
1,7237,2.065
1,7238,2.138
1,7239,2.522
1,7240,1.840
1,7241,1.565
1,7242,1.602
1,7243,1.640
1,7244,1.810
1,7245,1.912
1,7246,1.723
1,7247,2.043
1,7248,1.715
1,7249,1.854
1,7250,1.705
1,7251,1.633
1,7252,1.553
1,7253,1.595
1,7254,2.325
1,7255,2.486
1,7256,1.891
1,7257,2.100
1,7258,2.696
1,7259,1.767
1,7260,1.933
1,7261,2.264
1,7262,2.371
1,7263,1.835
1,7264,2.019
1,7265,1.855
1,7266,2.220
1,7267,1.553
1,7268,1.727
1,7269,1.873
1,7270,1.942
1,7271,1.685
1,7272,1.609
1,7273,1.701
1,7274,1.596
1,7275,1.886
1,7276,3.091
1,7277,1.649
1,7278,1.703
1,7279,1.978
1,7280,1.786
1,7281,1.790
1,7282,1.483
1,7283,1.616
1,7284,1.818
1,7285,1.901
1,7286,1.590
1,7287,1.953
1,7288,2.640
1,7289,1.936
1,7290,1.724
1,7291,2.104
1,7292,1.834
1,7293,1.615
1,7294,1.871
1,7295,1.778
1,7296,2.046
1,7297,1.718
1,7298,1.617
1,7299,1.562
1,7300,1.502
1,7301,1.552
1,7302,1.576
1,7303,1.781
1,7304,1.871
1,7305,2.190
1,7306,1.859
1,7307,1.749
1,7308,1.659
1,7309,1.713
1,7310,1.613
1,7311,1.931
1,7312,1.921
1,7313,1.702
1,7314,2.409
1,7315,2.320
1,7316,1.864
1,7317,1.849
1,7318,2.212
1,7319,1.834
1,7320,2.011
1,7321,2.597
1,7322,3.022
1,7323,2.869
1,7324,4.267
1,7325,2.820
1,7326,2.623
1,7327,2.489
1,7328,3.322
1,7329,1.970
1,7330,1.951
1,7331,2.065
1,7332,2.012
1,7333,2.183
1,7334,2.373
1,7335,2.444
1,7336,2.114
1,7337,2.087
1,7338,2.439
1,7339,2.186
1,7340,2.469
1,7341,2.412
1,7342,1.974
1,7343,2.097
1,7344,2.425
1,7345,1.741
1,7346,1.689
1,7347,2.403
1,7348,2.415
1,7349,1.789
1,7350,1.639
1,7351,1.713
1,7352,1.572
1,7353,1.740
1,7354,1.803
1,7355,1.767
1,7356,1.962
1,7357,2.235
1,7358,1.943
1,7359,1.905
1,7360,1.898
1,7361,1.766
1,7362,2.056
1,7363,1.941
1,7364,2.304
1,7365,2.090
1,7366,1.660
1,7367,1.571
1,7368,1.641
1,7369,1.866
1,7370,1.905
1,7371,1.917
1,7372,1.932
1,7373,2.414
1,7374,1.838
1,7375,1.686
1,7376,1.744
1,7377,3.044
1,7378,1.911
1,7379,1.882
1,7380,2.359
1,7381,1.919
1,7382,1.984
1,7383,1.781
1,7384,1.589
1,7385,1.912
1,7386,1.887
1,7387,1.756
1,7388,1.941
1,7389,2.790
1,7390,2.170
1,7391,1.666
1,7392,1.480
1,7393,1.675
1,7394,1.893
1,7395,1.852
1,7396,2.146
1,7397,2.657
1,7398,2.704
1,7399,2.325
1,7400,2.421
1,7401,2.182
1,7402,2.249
1,7403,2.569
1,7404,2.271
1,7405,2.134
1,7406,2.100
1,7407,1.881
1,7408,1.664
1,7409,2.422
1,7410,2.578
1,7411,2.217
1,7412,2.304
1,7413,2.565
1,7414,1.894
1,7415,1.785
1,7416,1.889
1,7417,2.040
1,7418,2.652
1,7419,2.053
1,7420,1.816
1,7421,1.894
1,7422,1.947
1,7423,2.079
1,7424,1.613
1,7425,1.431
1,7426,2.482
1,7427,2.042
1,7428,1.837
1,7429,1.550
1,7430,2.008
1,7431,2.000
1,7432,1.677
1,7433,2.276
1,7434,2.865
1,7435,1.964
1,7436,2.089
1,7437,3.352
1,7438,3.004
1,7439,2.564
1,7440,2.561
1,7441,2.275
1,7442,2.111
1,7443,1.642
1,7444,1.699
1,7445,1.729
1,7446,2.200
1,7447,1.656
1,7448,1.658
1,7449,2.126
1,7450,2.007
1,7451,1.805
1,7452,1.702
1,7453,1.765
1,7454,1.773
1,7455,2.088
1,7456,1.763
1,7457,3.180
1,7458,1.867
1,7459,1.648
1,7460,1.855
1,7461,2.225
1,7462,2.116
1,7463,2.430
1,7464,2.084
1,7465,2.429
1,7466,2.369
1,7467,1.980
1,7468,1.595
1,7469,1.675
1,7470,1.878
1,7471,1.872
1,7472,2.842
1,7473,2.658
1,7474,2.439
1,7475,2.586
1,7476,2.514
1,7477,2.512
1,7478,2.923
1,7479,3.711
1,7480,2.863
1,7481,2.832
1,7482,2.896
1,7483,3.404
1,7484,2.194
1,7485,2.887
1,7486,2.399
1,7487,2.151
1,7488,2.666
1,7489,2.973
1,7490,2.616
1,7491,2.506
1,7492,2.974
1,7493,2.454
1,7494,2.297
1,7495,2.441
1,7496,2.594
1,7497,2.306
1,7498,2.051
1,7499,2.495
1,7500,1.940
1,7501,2.113
1,7502,2.083
1,7503,2.052
1,7504,1.657
1,7505,1.593
1,7506,1.798
1,7507,1.802
1,7508,1.982
1,7509,2.482
1,7510,3.156
1,7511,2.212
1,7512,2.054
1,7513,2.009
1,7514,1.761
1,7515,1.823
1,7516,2.391
1,7517,2.066
1,7518,1.595
1,7519,1.738
1,7520,1.917
1,7521,1.784
1,7522,1.669
1,7523,1.763
1,7524,1.904
1,7525,2.257
1,7526,1.989
1,7527,2.422
1,7528,1.948
1,7529,1.708
1,7530,1.855
1,7531,1.966
1,7532,1.774
1,7533,1.830
1,7534,2.179
1,7535,1.843
1,7536,1.751
1,7537,2.367
1,7538,2.171
1,7539,1.617
1,7540,1.464
1,7541,1.745
1,7542,2.236
1,7543,2.548
1,7544,1.801
1,7545,1.999
1,7546,1.911
1,7547,1.675
1,7548,2.049
1,7549,2.316
1,7550,1.958
1,7551,1.872
1,7552,2.689
1,7553,1.892
1,7554,1.713
1,7555,1.808
1,7556,1.802
1,7557,1.981
1,7558,2.122
1,7559,1.962
1,7560,1.581
1,7561,2.665
1,7562,2.207
1,7563,1.993
1,7564,1.508
1,7565,1.669
1,7566,2.052
1,7567,1.779
1,7568,1.660
1,7569,1.717
1,7570,2.009
1,7571,1.779
1,7572,1.690
1,7573,1.622
1,7574,2.159
1,7575,2.020
1,7576,1.692
1,7577,1.962
1,7578,2.162
1,7579,2.120
1,7580,2.043
1,7581,2.089
1,7582,2.039
1,7583,1.821
1,7584,2.095
1,7585,1.832
1,7586,1.658
1,7587,1.711
1,7588,2.123
1,7589,1.856
1,7590,1.646
1,7591,3.126
1,7592,2.587
1,7593,2.448
1,7594,2.488
1,7595,2.333
1,7596,3.129
1,7597,3.057
1,7598,2.550
1,7599,2.397
1,7600,2.646
1,7601,2.042
1,7602,2.137
1,7603,2.767
1,7604,2.451
1,7605,2.510
1,7606,1.997
1,7607,1.921
1,7608,2.269
1,7609,2.272
1,7610,2.442
1,7611,2.549
1,7612,2.354
1,7613,2.065
1,7614,2.310
1,7615,2.112
1,7616,1.914
1,7617,2.867
1,7618,2.837
1,7619,3.046
1,7620,2.606
1,7621,2.572
1,7622,2.885
1,7623,2.356
1,7624,2.298
1,7625,2.433
1,7626,3.209
1,7627,2.396
1,7628,2.352
1,7629,2.780
1,7630,2.685
1,7631,2.268
1,7632,2.673
1,7633,3.092
1,7634,2.343
1,7635,2.559
1,7636,2.681
1,7637,2.462
1,7638,2.645
1,7639,2.965
1,7640,3.429
1,7641,2.523
1,7642,2.189
1,7643,2.364
1,7644,2.222
1,7645,2.253
1,7646,2.266
1,7647,2.968
1,7648,2.508
1,7649,2.525
1,7650,2.400
1,7651,2.458
1,7652,2.461
1,7653,2.478
1,7654,3.126
1,7655,2.742
1,7656,2.532
1,7657,2.918
1,7658,2.513
1,7659,3.387
1,7660,3.337
1,7661,2.377
1,7662,2.419
1,7663,2.264
1,7664,2.257
1,7665,2.460
1,7666,2.261
1,7667,2.607
1,7668,2.324
1,7669,2.208
1,7670,2.138
1,7671,2.301
1,7672,2.592
1,7673,2.459
1,7674,2.148
1,7675,2.488
1,7676,2.325
1,7677,2.504
1,7678,2.373
1,7679,2.534
1,7680,2.624
1,7681,2.205
1,7682,2.600
1,7683,1.884
1,7684,1.772
1,7685,1.859
1,7686,2.194
1,7687,1.891
1,7688,1.686
1,7689,1.879
1,7690,1.964
1,7691,2.370
1,7692,2.299
1,7693,4.932
1,7694,2.503
1,7695,2.019
1,7696,1.828
1,7697,2.114
1,7698,2.317
1,7699,2.196
1,7700,2.230
1,7701,2.013
1,7702,1.878
1,7703,2.284
1,7704,2.605
1,7705,1.798
1,7706,1.908
1,7707,2.090
1,7708,2.050
1,7709,1.642
1,7710,1.432
1,7711,1.556
1,7712,1.708
1,7713,1.467
1,7714,1.505
1,7715,1.566
1,7716,1.785
1,7717,1.685
1,7718,1.665
1,7719,1.519
1,7720,1.729
1,7721,1.716
1,7722,1.468
1,7723,1.564
1,7724,1.754
1,7725,1.642
1,7726,1.655
1,7727,3.222
1,7728,2.124
1,7729,1.766
1,7730,1.856
1,7731,1.779
1,7732,1.820
1,7733,1.527
1,7734,1.499
1,7735,1.996
1,7736,2.662
1,7737,1.972
1,7738,1.616
1,7739,1.732
1,7740,1.678
1,7741,1.601
1,7742,2.268
1,7743,2.146
1,7744,2.441
1,7745,2.611
1,7746,1.967
1,7747,1.720
1,7748,1.458
1,7749,1.520
1,7750,1.885
1,7751,1.878
1,7752,2.010
1,7753,2.009
1,7754,2.262
1,7755,1.784
1,7756,2.094
1,7757,1.851
1,7758,1.756
1,7759,1.553
1,7760,2.469
1,7761,2.332
1,7762,2.065
1,7763,2.460
1,7764,2.005
1,7765,1.853
1,7766,1.970
1,7767,2.367
1,7768,2.181
1,7769,1.870
1,7770,2.066
1,7771,2.298
1,7772,1.940
1,7773,1.801
1,7774,2.042
1,7775,2.208
1,7776,2.558
1,7777,2.504
1,7778,1.949
1,7779,2.057
1,7780,2.513
1,7781,2.277
1,7782,2.122
1,7783,2.473
1,7784,1.855
1,7785,1.574
1,7786,1.780
1,7787,1.720
1,7788,1.727
1,7789,1.575
1,7790,1.619
1,7791,2.151
1,7792,1.924
1,7793,1.481
1,7794,1.580
1,7795,1.820
1,7796,1.737
1,7797,1.704
1,7798,2.092
1,7799,1.842
1,7800,2.019
1,7801,2.004
1,7802,2.182
1,7803,1.919
1,7804,1.661
1,7805,1.781
1,7806,2.014
1,7807,3.002
1,7808,2.931
1,7809,2.412
1,7810,2.178
1,7811,2.160
1,7812,1.964
1,7813,1.662
1,7814,1.546
1,7815,2.605
1,7816,2.247
1,7817,1.738
1,7818,1.619
1,7819,1.814
1,7820,1.713
1,7821,1.473
1,7822,1.595
1,7823,1.625
1,7824,1.926
1,7825,2.260
1,7826,2.043
1,7827,2.113
1,7828,2.021
1,7829,1.661
1,7830,1.814
1,7831,1.880
1,7832,2.686
1,7833,2.344
1,7834,2.392
1,7835,1.686
1,7836,2.029
1,7837,2.146
1,7838,1.658
1,7839,1.490
1,7840,2.421
1,7841,1.953
1,7842,1.801
1,7843,1.948
1,7844,1.754
1,7845,1.657
1,7846,1.544
1,7847,1.575
1,7848,2.043
1,7849,1.791
1,7850,1.448
1,7851,1.710
1,7852,1.865
1,7853,2.073
1,7854,1.895
1,7855,2.048
1,7856,1.966
1,7857,2.369
1,7858,5.155
1,7859,2.568
1,7860,2.847
1,7861,2.587
1,7862,2.373
1,7863,2.396
1,7864,2.038
1,7865,1.778
1,7866,1.884
1,7867,1.546
1,7868,1.724
1,7869,1.587
1,7870,1.665
1,7871,1.854
1,7872,2.038
1,7873,1.708
1,7874,1.846
1,7875,1.670
1,7876,1.463
1,7877,1.660
1,7878,2.530
1,7879,1.874
1,7880,2.435
1,7881,2.812
1,7882,2.222
1,7883,1.603
1,7884,1.598
1,7885,1.633
1,7886,1.697
1,7887,1.598
1,7888,1.936
1,7889,1.830
1,7890,1.673
1,7891,1.620
1,7892,1.633
1,7893,1.801
1,7894,1.518
1,7895,1.438
1,7896,1.831
1,7897,1.740
1,7898,2.351
1,7899,1.813
1,7900,1.715
1,7901,1.735
1,7902,1.746
1,7903,1.558
1,7904,1.828
1,7905,1.827
1,7906,2.595
1,7907,2.531
1,7908,2.366
1,7909,1.924
1,7910,1.537
1,7911,1.692
1,7912,1.746
1,7913,1.562
1,7914,1.514
1,7915,2.541
1,7916,2.227
1,7917,2.045
1,7918,2.055
1,7919,2.111
1,7920,1.861
1,7921,1.605
1,7922,2.200
1,7923,2.917
1,7924,2.232
1,7925,2.178
1,7926,2.161
1,7927,1.971
1,7928,2.373
1,7929,2.404
1,7930,2.433
1,7931,3.080
1,7932,2.765
1,7933,2.300
1,7934,1.812
1,7935,2.169
1,7936,2.646
1,7937,2.400
1,7938,2.285
1,7939,2.349
1,7940,2.267
1,7941,2.204
1,7942,2.395
1,7943,2.760
1,7944,1.829
1,7945,1.683
1,7946,2.058
1,7947,1.599
1,7948,1.477
1,7949,1.772
1,7950,1.833
1,7951,2.183
1,7952,2.166
1,7953,2.207
1,7954,2.370
1,7955,3.259
1,7956,2.494
1,7957,2.659
1,7958,2.574
1,7959,2.638
1,7960,2.501
1,7961,2.680
1,7962,2.843
1,7963,2.915
1,7964,2.214
1,7965,2.270
1,7966,2.238
1,7967,2.342
1,7968,2.125
1,7969,3.231
1,7970,3.112
1,7971,2.745
1,7972,2.205
1,7973,2.179
1,7974,2.408
1,7975,2.204
1,7976,2.894
1,7977,2.318
1,7978,2.372
1,7979,2.192
1,7980,3.243
1,7981,3.048
1,7982,2.435
1,7983,3.103
1,7984,2.119
1,7985,2.099
1,7986,2.298
1,7987,2.484
1,7988,2.315
1,7989,2.553
1,7990,2.380
1,7991,2.433
1,7992,2.414
1,7993,2.382
1,7994,2.583
1,7995,3.112
1,7996,2.215
1,7997,2.587
1,7998,2.232
1,7999,2.349
1,8000,2.451
1,8001,2.458
1,8002,2.462
1,8003,2.960
1,8004,2.728
1,8005,2.734
1,8006,2.531
1,8007,2.506
1,8008,2.237
1,8009,1.840
1,8010,1.562
1,8011,1.550
1,8012,2.648
1,8013,1.778
1,8014,1.705
1,8015,2.278
1,8016,3.045
1,8017,2.307
1,8018,2.176
1,8019,1.793
1,8020,1.715
1,8021,1.728
1,8022,1.704
1,8023,1.653
1,8024,1.628
1,8025,1.593
1,8026,1.709
1,8027,1.835
1,8028,1.578
1,8029,1.447
1,8030,1.618
1,8031,1.909
1,8032,1.626
1,8033,1.874
1,8034,1.863
1,8035,1.693
1,8036,1.869
1,8037,1.660
1,8038,1.815
1,8039,1.908
1,8040,1.692
1,8041,2.143
1,8042,2.009
1,8043,2.145
1,8044,1.814
1,8045,1.840
1,8046,1.671
1,8047,1.630
1,8048,1.525
1,8049,1.557
1,8050,1.899
1,8051,2.472
1,8052,2.205
1,8053,2.140
1,8054,2.099
1,8055,1.923
1,8056,1.911
1,8057,1.960
1,8058,2.748
1,8059,2.791
1,8060,1.939
1,8061,1.892
1,8062,2.099
1,8063,2.259
1,8064,2.572
1,8065,2.347
1,8066,2.235
1,8067,2.590
1,8068,2.163
1,8069,1.918
1,8070,1.721
1,8071,1.783
1,8072,3.024
1,8073,1.780
1,8074,1.454
1,8075,1.526
1,8076,1.941
1,8077,1.583
1,8078,1.636
1,8079,1.604
1,8080,1.777
1,8081,1.683
1,8082,1.632
1,8083,1.625
1,8084,1.826
1,8085,1.640
1,8086,1.711
1,8087,1.632
1,8088,1.753
1,8089,1.949
1,8090,2.369
1,8091,2.076
1,8092,1.655
1,8093,1.648
1,8094,1.630
1,8095,2.492
1,8096,2.495
1,8097,2.026
1,8098,1.888
1,8099,1.746
1,8100,1.772
1,8101,1.546
1,8102,1.575
1,8103,1.638
1,8104,1.557
1,8105,1.486
1,8106,2.299
1,8107,2.064
1,8108,1.734
1,8109,1.712
1,8110,1.750
1,8111,1.514
1,8112,1.674
1,8113,1.528
1,8114,1.600
1,8115,1.937
1,8116,1.994
1,8117,1.751
1,8118,2.026
1,8119,1.808
1,8120,1.634
1,8121,1.596
1,8122,1.598
1,8123,2.184
1,8124,1.870
1,8125,1.610
1,8126,2.534
1,8127,1.701
1,8128,1.636
1,8129,1.606
1,8130,1.528
1,8131,1.483
1,8132,1.679
1,8133,1.486
1,8134,2.616
1,8135,2.139
1,8136,2.373
1,8137,2.287
1,8138,2.052
1,8139,1.862
1,8140,2.032
1,8141,2.335
1,8142,1.867
1,8143,1.705
1,8144,1.967
1,8145,1.888
1,8146,1.496
1,8147,1.730
1,8148,1.760
1,8149,2.251
1,8150,1.996
1,8151,1.769
1,8152,1.689
1,8153,1.585
1,8154,1.406
1,8155,2.496
1,8156,1.554
1,8157,1.417
1,8158,1.678
1,8159,2.649
1,8160,2.381
1,8161,1.855
1,8162,1.735
1,8163,1.775
1,8164,2.735
1,8165,2.375
1,8166,1.989
1,8167,1.683
1,8168,1.641
1,8169,1.695
1,8170,1.980
1,8171,2.038
1,8172,1.683
1,8173,2.310
1,8174,2.599
1,8175,2.477
1,8176,2.178
1,8177,1.771
1,8178,1.612
1,8179,1.539
1,8180,1.768
1,8181,1.851
1,8182,1.817
1,8183,1.666
1,8184,1.844
1,8185,1.750
1,8186,1.687
1,8187,1.435
1,8188,1.687
1,8189,2.066
1,8190,1.725
1,8191,2.729
1,8192,2.884
1,8193,2.316
1,8194,2.455
1,8195,2.372
1,8196,2.153
1,8197,2.019
1,8198,2.186
1,8199,2.151
1,8200,2.727
1,8201,1.949
1,8202,1.755
1,8203,1.631
1,8204,1.712
1,8205,2.375
1,8206,2.418
1,8207,2.488
1,8208,2.610
1,8209,2.275
1,8210,2.266
1,8211,2.196
1,8212,2.749
1,8213,2.666
1,8214,2.476
1,8215,3.220
1,8216,2.418
1,8217,2.255
1,8218,2.863
1,8219,2.762
1,8220,3.147
1,8221,3.396
1,8222,2.626
1,8223,3.260
1,8224,2.565
1,8225,2.314
1,8226,2.430
1,8227,2.029
1,8228,3.167
1,8229,2.257
1,8230,2.497
1,8231,2.658
1,8232,2.569
1,8233,2.682
1,8234,2.738
1,8235,3.042
1,8236,2.681
1,8237,2.359
1,8238,2.296
1,8239,2.729
1,8240,2.231
1,8241,2.079
1,8242,2.519
1,8243,2.453
1,8244,2.429
1,8245,2.156
1,8246,2.192
1,8247,2.200
1,8248,2.474
1,8249,2.135
1,8250,2.521
1,8251,2.354
1,8252,2.222
1,8253,2.173
1,8254,2.285
1,8255,2.283
1,8256,2.342
1,8257,3.101
1,8258,2.755
1,8259,2.314
1,8260,2.654
1,8261,2.256
1,8262,2.478
1,8263,2.331
1,8264,2.119
1,8265,2.805
1,8266,2.033
1,8267,2.073
1,8268,2.421
1,8269,2.482
1,8270,2.041
1,8271,2.324
1,8272,2.241
1,8273,2.366
1,8274,2.333
1,8275,2.338
1,8276,2.324
1,8277,2.404
1,8278,2.331
1,8279,2.055
1,8280,2.404
1,8281,2.581
1,8282,2.713
1,8283,3.433
1,8284,2.351
1,8285,2.044
1,8286,2.254
1,8287,2.029
1,8288,2.732
1,8289,2.851
1,8290,2.328
1,8291,2.045
1,8292,2.300
1,8293,2.017
1,8294,2.194
1,8295,2.328
1,8296,3.775
1,8297,3.182
1,8298,2.956
1,8299,3.257
1,8300,3.483
1,8301,3.770
1,8302,2.864
1,8303,3.241
1,8304,2.745
1,8305,2.652
1,8306,3.568
1,8307,3.064
1,8308,2.551
1,8309,2.382
1,8310,2.341
1,8311,2.666
1,8312,2.272
1,8313,2.877
1,8314,3.070
1,8315,2.341
1,8316,2.388
1,8317,2.790
1,8318,2.791
1,8319,2.539
1,8320,2.318
1,8321,3.122
1,8322,2.533
1,8323,2.354
1,8324,2.243
1,8325,2.155
1,8326,2.158
1,8327,2.303
1,8328,2.435
1,8329,2.686
1,8330,2.840
1,8331,2.077
1,8332,1.708
1,8333,2.404
1,8334,2.158
1,8335,1.891
1,8336,2.671
1,8337,2.319
1,8338,1.949
1,8339,2.043
1,8340,2.840
1,8341,1.918
1,8342,1.782
1,8343,2.217
1,8344,2.805
1,8345,2.109
1,8346,2.046
1,8347,2.028
1,8348,2.015
1,8349,2.249
1,8350,2.121
1,8351,1.884
1,8352,2.289
1,8353,1.857
1,8354,1.778
1,8355,1.537
1,8356,1.793
1,8357,1.944
1,8358,1.663
1,8359,1.973
1,8360,2.797
1,8361,2.578
1,8362,1.963
1,8363,2.009
1,8364,2.310
1,8365,1.721
1,8366,1.961
1,8367,1.994
1,8368,1.589
1,8369,1.684
1,8370,2.093
1,8371,1.665
1,8372,1.633
1,8373,1.660
1,8374,1.771
1,8375,2.248
1,8376,2.315
1,8377,2.443
1,8378,2.288
1,8379,2.485
1,8380,2.439
1,8381,2.302
1,8382,2.603
1,8383,2.414
1,8384,2.053
1,8385,1.614
1,8386,1.631
1,8387,2.166
1,8388,2.096
1,8389,2.100
1,8390,2.439
1,8391,1.873
1,8392,1.573
1,8393,1.598
1,8394,1.830
1,8395,1.534
1,8396,2.047
1,8397,1.735
1,8398,2.660
1,8399,1.948
1,8400,1.661
1,8401,1.551
1,8402,1.579
1,8403,1.504
1,8404,1.462
1,8405,1.761
1,8406,1.825
1,8407,2.950
1,8408,2.534
1,8409,1.962
1,8410,1.747
1,8411,1.819
1,8412,2.092
1,8413,1.829
1,8414,2.960
1,8415,2.696
1,8416,2.127
1,8417,1.976
1,8418,1.853
1,8419,1.569
1,8420,1.428
1,8421,1.435
1,8422,1.525
1,8423,2.502
1,8424,2.152
1,8425,2.251
1,8426,2.082
1,8427,2.067
1,8428,2.063
1,8429,2.238
1,8430,2.253
1,8431,2.461
1,8432,2.388
1,8433,2.517
1,8434,2.375
1,8435,2.191
1,8436,2.579
1,8437,3.361
1,8438,3.078
1,8439,2.330
1,8440,2.198
1,8441,2.045
1,8442,2.085
1,8443,3.317
1,8444,2.707
1,8445,3.191
1,8446,2.275
1,8447,2.188
1,8448,2.856
1,8449,2.881
1,8450,2.688
1,8451,2.551
1,8452,2.579
1,8453,2.257
1,8454,2.132
1,8455,1.943
1,8456,1.911
1,8457,2.328
1,8458,1.941
1,8459,1.689
1,8460,2.691
1,8461,1.859
1,8462,1.840
1,8463,1.802
1,8464,1.814
1,8465,1.719
1,8466,1.667
1,8467,1.888
1,8468,2.011
1,8469,1.907
1,8470,1.636
1,8471,2.685
1,8472,2.363
1,8473,2.116
1,8474,2.091
1,8475,2.317
1,8476,2.125
1,8477,3.308
1,8478,2.494
1,8479,2.255
1,8480,2.522
1,8481,3.062
1,8482,2.468
1,8483,2.147
1,8484,5.136
1,8485,3.132
1,8486,2.885
1,8487,2.862
1,8488,2.803
1,8489,3.559
1,8490,2.427
1,8491,2.561
1,8492,2.268
1,8493,2.566
1,8494,2.794
1,8495,2.673
1,8496,3.086
1,8497,2.599
1,8498,2.866
1,8499,5.208
1,8500,3.899
1,8501,3.081
1,8502,2.734
1,8503,2.952
1,8504,2.455
1,8505,1.718
1,8506,1.700
1,8507,1.652
1,8508,1.590
1,8509,1.837
1,8510,1.740
1,8511,1.471
1,8512,1.508
1,8513,2.524
1,8514,3.133
1,8515,2.460
1,8516,2.204
1,8517,3.117
1,8518,2.643
1,8519,2.515
1,8520,1.780
1,8521,1.814
1,8522,1.691
1,8523,1.676
1,8524,1.599
1,8525,1.736
1,8526,1.672
1,8527,2.161
1,8528,1.924
1,8529,1.953
1,8530,1.895
1,8531,1.619
1,8532,1.621
1,8533,1.708
1,8534,1.822
1,8535,2.016
1,8536,1.775
1,8537,1.845
1,8538,1.955
1,8539,1.595
1,8540,1.678
1,8541,1.973
1,8542,2.139
1,8543,1.872
1,8544,2.050
1,8545,2.804
1,8546,1.968
1,8547,1.498
1,8548,1.571
1,8549,1.747
1,8550,1.737
1,8551,1.697
1,8552,1.659
1,8553,3.306
1,8554,2.005
1,8555,1.881
1,8556,1.981
1,8557,1.726
1,8558,1.621
1,8559,1.648
1,8560,1.728
1,8561,1.838
1,8562,2.323
1,8563,1.930
1,8564,1.913
1,8565,1.622
1,8566,1.858
1,8567,2.029
1,8568,1.781
1,8569,1.647
1,8570,1.914
1,8571,2.609
1,8572,1.920
1,8573,1.752
1,8574,2.735
1,8575,2.071
1,8576,2.497
1,8577,2.295
1,8578,2.045
1,8579,2.075
1,8580,2.408
1,8581,2.184
1,8582,1.802
1,8583,1.787
1,8584,1.973
1,8585,2.313
1,8586,1.738
1,8587,1.811
1,8588,2.172
1,8589,1.637
1,8590,1.776
1,8591,2.118
1,8592,1.959
1,8593,2.245
1,8594,2.031
1,8595,2.300
1,8596,1.842
1,8597,2.041
1,8598,1.990
1,8599,1.724
1,8600,1.475
1,8601,2.005
1,8602,2.154
1,8603,1.650
1,8604,1.530
1,8605,1.696
1,8606,1.909
1,8607,1.954
1,8608,1.518
1,8609,1.735
1,8610,2.297
1,8611,2.610
1,8612,2.840
1,8613,2.343
1,8614,2.403
1,8615,2.654
1,8616,2.361
1,8617,2.586
1,8618,2.331
1,8619,2.413
1,8620,2.234
1,8621,2.224
1,8622,2.406
1,8623,2.383
1,8624,2.405
1,8625,1.836
1,8626,1.729
1,8627,2.220
1,8628,2.290
1,8629,2.003
1,8630,2.726
1,8631,2.272
1,8632,1.688
1,8633,1.811
1,8634,1.850
1,8635,1.468
1,8636,1.633
1,8637,1.807
1,8638,1.655
1,8639,2.003
1,8640,2.166
1,8641,2.528
1,8642,2.351
1,8643,2.580
1,8644,2.063
1,8645,1.646
1,8646,2.012
1,8647,2.846
1,8648,1.977
1,8649,1.531
1,8650,1.379
1,8651,1.709
1,8652,1.667
1,8653,1.615
1,8654,1.728
1,8655,2.004
1,8656,1.707
1,8657,1.906
1,8658,1.600
1,8659,1.629
1,8660,1.731
1,8661,1.487
1,8662,1.350
1,8663,1.732
1,8664,1.717
1,8665,1.946
1,8666,2.231
1,8667,2.635
1,8668,1.771
1,8669,1.548
1,8670,2.218
1,8671,1.905
1,8672,1.583
1,8673,2.037
1,8674,2.243
1,8675,1.749
1,8676,2.229
1,8677,1.505
1,8678,1.508
1,8679,1.500
1,8680,1.530
1,8681,1.563
1,8682,2.934
1,8683,2.307
1,8684,1.697
1,8685,1.984
1,8686,1.699
1,8687,1.593
1,8688,1.397
1,8689,1.514
1,8690,2.132
1,8691,2.111
1,8692,1.815
1,8693,1.876
1,8694,1.731
1,8695,1.931
1,8696,1.690
1,8697,2.118
1,8698,2.044
1,8699,2.011
1,8700,1.893
1,8701,1.756
1,8702,1.509
1,8703,1.650
1,8704,1.549
1,8705,1.708
1,8706,1.509
1,8707,1.551
1,8708,1.978
1,8709,2.063
1,8710,1.551
1,8711,1.378
1,8712,1.533
1,8713,1.636
1,8714,1.461
1,8715,1.743
1,8716,1.934
1,8717,1.785
1,8718,1.861
1,8719,1.657
1,8720,1.623
1,8721,1.956
1,8722,1.790
1,8723,1.547
1,8724,1.497
1,8725,1.696
1,8726,3.434
1,8727,2.381
1,8728,2.289
1,8729,2.223
1,8730,1.841
1,8731,1.863
1,8732,1.556
1,8733,1.627
1,8734,1.990
1,8735,1.876
1,8736,1.778
1,8737,1.531
1,8738,1.416
1,8739,1.691
1,8740,1.635
1,8741,1.472
1,8742,1.734
1,8743,1.754
1,8744,1.808
1,8745,1.674
1,8746,1.607
1,8747,1.555
1,8748,1.787
1,8749,1.831
1,8750,1.837
1,8751,2.390
1,8752,1.942
1,8753,2.069
1,8754,2.126
1,8755,1.712
1,8756,1.630
1,8757,1.568
1,8758,1.523
1,8759,1.859
1,8760,1.793
1,8761,2.029
1,8762,2.054
1,8763,2.041
1,8764,2.333
1,8765,2.081
1,8766,2.115
1,8767,2.816
1,8768,2.496
1,8769,2.046
1,8770,1.878
1,8771,1.939
1,8772,2.344
1,8773,2.035
1,8774,2.925
1,8775,2.615
1,8776,2.423
1,8777,2.965
1,8778,2.453
1,8779,3.902
1,8780,4.943
1,8781,3.023
1,8782,2.519
1,8783,2.246
1,8784,2.493
1,8785,2.920
1,8786,2.217
1,8787,2.184
1,8788,1.883
1,8789,1.645
1,8790,2.214
1,8791,2.203
1,8792,2.048
1,8793,2.360
1,8794,1.733
1,8795,1.661
1,8796,1.665
1,8797,2.338
1,8798,1.971
1,8799,1.604
1,8800,2.089
1,8801,1.848
1,8802,2.015
1,8803,1.547
1,8804,1.459
1,8805,1.522
1,8806,1.566
1,8807,1.552
1,8808,1.592
1,8809,2.088
1,8810,2.063
1,8811,1.891
1,8812,2.292
1,8813,2.024
1,8814,1.913
1,8815,1.732
1,8816,1.935
1,8817,2.481
1,8818,2.349
1,8819,2.484
1,8820,2.746
1,8821,2.296
1,8822,2.686
1,8823,2.324
1,8824,1.954
1,8825,2.629
1,8826,2.145
1,8827,2.673
1,8828,1.981
1,8829,2.024
1,8830,1.877
1,8831,2.451
1,8832,2.153
1,8833,1.824
1,8834,2.241
1,8835,2.411
1,8836,2.386
1,8837,2.614
1,8838,2.790
1,8839,2.174
1,8840,2.378
1,8841,2.188
1,8842,2.398
1,8843,2.248
1,8844,2.766
1,8845,2.309
1,8846,2.187
1,8847,2.347
1,8848,2.300
1,8849,2.590
1,8850,2.532
1,8851,2.939
1,8852,4.617
1,8853,2.708
1,8854,2.320
1,8855,2.131
1,8856,2.625
1,8857,2.422
1,8858,2.124
1,8859,2.278
1,8860,2.327
1,8861,2.207
1,8862,2.367
1,8863,2.370
1,8864,3.021
1,8865,2.284
1,8866,2.183
1,8867,2.091
1,8868,2.294
1,8869,2.265
1,8870,2.163
1,8871,2.354
1,8872,2.784
1,8873,2.081
1,8874,2.142
1,8875,2.368
1,8876,2.267
1,8877,2.670
1,8878,2.317
1,8879,2.081
1,8880,2.748
1,8881,2.293
1,8882,2.224
1,8883,2.499
1,8884,2.584
1,8885,2.878
1,8886,2.454
1,8887,2.550
1,8888,2.332
1,8889,2.263
1,8890,2.121
1,8891,2.965
1,8892,2.453
1,8893,2.325
1,8894,2.700
1,8895,2.105
1,8896,2.192
1,8897,2.622
1,8898,2.429
1,8899,2.295
1,8900,2.586
1,8901,3.056
1,8902,2.280
1,8903,2.518
1,8904,2.785
1,8905,3.280
1,8906,2.449
1,8907,2.414
1,8908,2.553
1,8909,2.944
1,8910,3.236
1,8911,3.178
1,8912,3.261
1,8913,2.275
1,8914,2.342
1,8915,2.443
1,8916,2.463
1,8917,2.548
1,8918,2.544
1,8919,2.053
1,8920,1.861
1,8921,2.151
1,8922,2.729
1,8923,2.240
1,8924,2.043
1,8925,2.347
1,8926,1.685
1,8927,1.563
1,8928,1.755
1,8929,1.602
1,8930,2.530
1,8931,2.034
1,8932,1.663
1,8933,1.578
1,8934,1.531
1,8935,1.676
1,8936,1.836
1,8937,1.525
1,8938,1.665
1,8939,2.129
1,8940,1.853
1,8941,1.847
1,8942,1.510
1,8943,1.482
1,8944,1.477
1,8945,1.531
1,8946,1.552
1,8947,1.466
1,8948,2.628
1,8949,2.387
1,8950,2.148
1,8951,2.317
1,8952,2.299
1,8953,1.821
1,8954,1.634
1,8955,2.536
1,8956,2.114
1,8957,1.990
1,8958,1.984
1,8959,1.998
1,8960,1.694
1,8961,1.713
1,8962,2.103
1,8963,2.246
1,8964,1.745
1,8965,1.982
1,8966,1.818
1,8967,1.676
1,8968,2.302
1,8969,2.132
1,8970,2.215
1,8971,2.278
1,8972,2.322
1,8973,2.011
1,8974,1.708
1,8975,2.091
1,8976,2.872
1,8977,2.526
1,8978,2.457
1,8979,1.941
1,8980,1.644
1,8981,1.996
1,8982,1.796
1,8983,1.515
1,8984,1.752
1,8985,1.781
1,8986,2.159
1,8987,2.270
1,8988,2.028
1,8989,2.255
1,8990,2.031
1,8991,2.033
1,8992,2.049
1,8993,1.887
1,8994,2.047
1,8995,2.232
1,8996,2.318
1,8997,2.568
1,8998,2.228
1,8999,1.953
1,9000,2.508
1,9001,2.883
1,9002,1.910
1,9003,1.583
1,9004,1.562
1,9005,1.703
1,9006,1.844
1,9007,1.646
1,9008,1.483
1,9009,2.023
1,9010,2.032
1,9011,2.116
1,9012,1.750
1,9013,1.817
1,9014,1.722
1,9015,1.592
1,9016,1.572
1,9017,1.973
1,9018,2.335
1,9019,1.726
1,9020,2.003
1,9021,2.111
1,9022,1.727
1,9023,1.808
1,9024,2.099
1,9025,2.377
1,9026,2.597
1,9027,2.429
1,9028,1.933
1,9029,2.158
1,9030,2.344
1,9031,2.171
1,9032,2.022
1,9033,2.650
1,9034,2.606
1,9035,2.657
1,9036,2.321
1,9037,2.313
1,9038,2.195
1,9039,2.459
1,9040,2.153
1,9041,2.159
1,9042,2.854
1,9043,2.567
1,9044,3.222
1,9045,2.844
1,9046,2.803
1,9047,3.040
1,9048,2.322
1,9049,2.509
1,9050,2.826
1,9051,2.863
1,9052,2.691
1,9053,2.480
1,9054,2.510
1,9055,2.754
1,9056,2.208
1,9057,3.355
1,9058,2.746
1,9059,2.796
1,9060,3.032
1,9061,2.318
1,9062,3.470
1,9063,3.403
1,9064,2.859
1,9065,3.044
1,9066,2.519
1,9067,2.720
1,9068,2.471
1,9069,2.852
1,9070,2.174
1,9071,1.939
1,9072,2.187
1,9073,2.453
1,9074,3.056
1,9075,2.800
1,9076,3.018
1,9077,2.694
1,9078,2.286
1,9079,2.231
1,9080,2.392
1,9081,2.460
1,9082,2.170
1,9083,2.733
1,9084,2.497
1,9085,3.296
1,9086,2.725
1,9087,2.468
1,9088,2.492
1,9089,2.175
1,9090,2.654
1,9091,2.148
1,9092,2.259
1,9093,2.162
1,9094,1.886
1,9095,1.965
1,9096,1.772
1,9097,1.616
1,9098,1.922
1,9099,2.232
1,9100,2.359
1,9101,2.227
1,9102,2.153
1,9103,2.072
1,9104,1.816
1,9105,1.957
1,9106,2.230
1,9107,3.148
1,9108,2.457
1,9109,2.047
1,9110,1.949
1,9111,2.061
1,9112,1.921
1,9113,1.631
1,9114,1.602
1,9115,2.637
1,9116,2.094
1,9117,1.936
1,9118,2.068
1,9119,1.932
1,9120,1.734
1,9121,1.697
1,9122,2.113
1,9123,1.960
1,9124,2.166
1,9125,2.126
1,9126,1.985
1,9127,2.083
1,9128,1.929
1,9129,2.007
1,9130,1.842
1,9131,2.359
1,9132,2.217
1,9133,2.083
1,9134,1.640
1,9135,1.755
1,9136,2.065
1,9137,2.179
1,9138,1.903
1,9139,3.051
1,9140,1.933
1,9141,1.880
1,9142,2.817
1,9143,1.990
1,9144,1.888
1,9145,2.197
1,9146,2.613
1,9147,1.845
1,9148,1.952
1,9149,2.008
1,9150,2.466
1,9151,2.170
1,9152,2.121
1,9153,2.143
1,9154,2.216
1,9155,2.858
1,9156,2.233
1,9157,2.127
1,9158,2.669
1,9159,1.903
1,9160,2.122
1,9161,2.772
1,9162,2.388
1,9163,2.565
1,9164,2.337
1,9165,1.995
1,9166,2.133
1,9167,2.536
1,9168,2.079
1,9169,1.676
1,9170,1.897
1,9171,1.863
1,9172,1.676
1,9173,1.813
1,9174,2.136
1,9175,2.034
1,9176,2.088
1,9177,1.903
1,9178,2.120
1,9179,1.774
1,9180,1.741
1,9181,1.738
1,9182,1.674
1,9183,2.272
1,9184,2.455
1,9185,2.127
1,9186,2.260
1,9187,2.539
1,9188,2.348
1,9189,1.871
1,9190,2.170
1,9191,2.690
1,9192,2.134
1,9193,2.166
1,9194,2.102
1,9195,2.158
1,9196,2.080
1,9197,2.463
1,9198,2.303
1,9199,2.746
1,9200,2.312
1,9201,2.677
1,9202,2.444
1,9203,2.463
1,9204,1.968
1,9205,1.901
1,9206,1.796
1,9207,1.833
1,9208,1.590
1,9209,1.843
1,9210,1.767
1,9211,1.749
1,9212,1.816
1,9213,1.971
1,9214,1.836
1,9215,1.727
1,9216,1.629
1,9217,2.234
1,9218,1.598
1,9219,1.839
1,9220,1.939
1,9221,2.193
1,9222,2.428
1,9223,2.016
1,9224,1.970
1,9225,1.802
1,9226,2.333
1,9227,2.020
1,9228,1.705
1,9229,1.956
1,9230,2.141
1,9231,2.305
1,9232,2.342
1,9233,2.189
1,9234,2.992
1,9235,2.135
1,9236,2.250
1,9237,1.877
1,9238,1.990
1,9239,3.898
1,9240,2.198
1,9241,1.812
1,9242,1.917
1,9243,2.792
1,9244,2.389
1,9245,2.462
1,9246,2.554
1,9247,2.082
1,9248,2.277
1,9249,2.617
1,9250,2.200
1,9251,2.289
1,9252,2.456
1,9253,2.387
1,9254,2.230
1,9255,2.200
1,9256,2.793
1,9257,2.863
1,9258,1.898
1,9259,1.860
1,9260,2.137
1,9261,2.212
1,9262,2.060
1,9263,3.019
1,9264,2.351
1,9265,2.436
1,9266,4.303
1,9267,2.244
1,9268,2.505
1,9269,2.997
1,9270,2.177
1,9271,2.562
1,9272,2.123
1,9273,2.204
1,9274,2.768
1,9275,2.477
1,9276,2.615
1,9277,2.399
1,9278,2.528
1,9279,2.166
1,9280,2.171
1,9281,2.189
1,9282,2.180
1,9283,2.069
1,9284,2.011
1,9285,1.705
1,9286,2.244
1,9287,1.932
1,9288,1.792
1,9289,2.870
1,9290,2.540
1,9291,1.943
1,9292,1.826
1,9293,2.187
1,9294,2.359
1,9295,2.002
1,9296,2.153
1,9297,1.847
1,9298,1.744
1,9299,1.871
1,9300,1.917
1,9301,1.746
1,9302,1.612
1,9303,2.619
1,9304,1.917
1,9305,1.800
1,9306,1.851
1,9307,1.761
1,9308,1.682
1,9309,1.788
1,9310,1.781
1,9311,2.016
1,9312,2.551
1,9313,2.077
1,9314,2.068
1,9315,2.105
1,9316,1.962
1,9317,1.860
1,9318,1.691
1,9319,1.759
1,9320,1.717
1,9321,2.836
1,9322,1.842
1,9323,1.644
1,9324,2.022
1,9325,2.188
1,9326,2.227
1,9327,2.075
1,9328,2.608
1,9329,2.399
1,9330,2.058
1,9331,2.115
1,9332,1.878
1,9333,1.837
1,9334,1.906
1,9335,1.913
1,9336,2.275
1,9337,2.081
1,9338,2.954
1,9339,2.645
1,9340,2.487
1,9341,2.031
1,9342,2.160
1,9343,2.311
1,9344,2.486
1,9345,2.703
1,9346,2.572
1,9347,2.421
1,9348,2.344
1,9349,2.291
1,9350,2.024
1,9351,1.772
1,9352,1.736
1,9353,2.520
1,9354,1.668
1,9355,1.543
1,9356,2.356
1,9357,2.457
1,9358,2.352
1,9359,2.457
1,9360,2.142
1,9361,2.030
1,9362,2.433
1,9363,2.360
1,9364,2.156
1,9365,2.293
1,9366,2.037
1,9367,1.764
1,9368,1.978
1,9369,2.863
1,9370,2.421
1,9371,2.469
1,9372,2.015
1,9373,1.714
1,9374,1.724
1,9375,1.834
1,9376,1.874
1,9377,2.418
1,9378,2.559
1,9379,2.259
1,9380,1.697
1,9381,1.750
1,9382,1.954
1,9383,1.986
1,9384,2.143
1,9385,3.845
1,9386,2.073
1,9387,1.764
1,9388,2.107
1,9389,1.885
1,9390,1.898
1,9391,2.041
1,9392,2.619
1,9393,3.233
1,9394,2.758
1,9395,2.341
1,9396,2.474
1,9397,2.554
1,9398,2.634
1,9399,2.895
1,9400,3.089
1,9401,2.777
1,9402,2.795
1,9403,2.435
1,9404,2.885
1,9405,3.116
1,9406,3.230
1,9407,2.605
1,9408,2.514
1,9409,2.598
1,9410,3.532
1,9411,3.516
1,9412,3.117
1,9413,2.520
1,9414,2.464
1,9415,3.014
1,9416,2.966
1,9417,3.309
1,9418,3.206
1,9419,2.697
1,9420,3.123
1,9421,2.796
1,9422,3.225
1,9423,2.719
1,9424,2.799
1,9425,2.679
1,9426,2.721
1,9427,2.374
1,9428,2.499
1,9429,2.608
1,9430,2.617
1,9431,2.630
1,9432,2.630
1,9433,2.716
1,9434,2.448
1,9435,2.610
1,9436,2.619
1,9437,2.623
1,9438,3.607
1,9439,2.523
1,9440,3.117
1,9441,2.708
1,9442,2.598
1,9443,3.151
1,9444,3.149
1,9445,2.667
1,9446,2.764
1,9447,2.575
1,9448,2.647
1,9449,2.678
1,9450,2.509
1,9451,3.273
1,9452,2.438
1,9453,2.792
1,9454,2.474
1,9455,3.291
1,9456,2.974
1,9457,3.202
1,9458,3.459
1,9459,2.869
1,9460,2.803
1,9461,2.491
1,9462,2.352
1,9463,3.126
1,9464,2.430
1,9465,2.486
1,9466,2.635
1,9467,2.650
1,9468,2.672
1,9469,2.519
1,9470,2.708
1,9471,2.626
1,9472,2.537
1,9473,2.702
1,9474,2.521
1,9475,2.369
1,9476,2.979
1,9477,3.234
1,9478,3.233
1,9479,2.902
1,9480,2.721
1,9481,2.697
1,9482,2.680
1,9483,3.157
1,9484,2.651
1,9485,2.501
1,9486,2.465
1,9487,2.282
1,9488,2.189
1,9489,2.205
1,9490,3.336
1,9491,2.479
1,9492,2.583
1,9493,2.238
1,9494,2.635
1,9495,3.012
1,9496,2.432
1,9497,2.806
1,9498,2.139
1,9499,1.838
1,9500,1.901
1,9501,1.654
1,9502,1.569
1,9503,1.859
1,9504,2.408
1,9505,2.535
1,9506,2.441
1,9507,2.262
1,9508,2.211
1,9509,2.223
1,9510,2.283
1,9511,2.998
1,9512,2.392
1,9513,2.688
1,9514,2.308
1,9515,2.287
1,9516,2.314
1,9517,2.888
1,9518,2.593
1,9519,2.124
1,9520,2.404
1,9521,2.328
1,9522,2.191
1,9523,2.092
1,9524,2.239
1,9525,2.120
1,9526,2.076
1,9527,1.805
1,9528,2.255
1,9529,1.901
1,9530,1.669
1,9531,2.161
1,9532,2.563
1,9533,1.902
1,9534,1.966
1,9535,1.912
1,9536,2.047
1,9537,2.773
1,9538,2.255
1,9539,2.619
1,9540,2.859
1,9541,2.202
1,9542,2.014
1,9543,1.820
1,9544,1.818
1,9545,1.935
1,9546,1.750
1,9547,1.974
1,9548,1.950
1,9549,1.831
1,9550,1.869
1,9551,1.870
1,9552,1.648
1,9553,1.666
1,9554,1.675
1,9555,3.027
1,9556,1.842
1,9557,1.550
1,9558,1.876
1,9559,1.909
1,9560,1.773
1,9561,1.892
1,9562,2.276
1,9563,2.226
1,9564,2.308
1,9565,2.397
1,9566,1.967
1,9567,1.725
1,9568,1.823
1,9569,1.783
1,9570,2.118
1,9571,2.261
1,9572,2.177
1,9573,2.200
1,9574,1.777
1,9575,1.843
1,9576,2.366
1,9577,2.650
1,9578,2.278
1,9579,2.123
1,9580,1.930
1,9581,1.920
1,9582,1.982
1,9583,1.828
1,9584,1.726
1,9585,2.084
1,9586,2.700
1,9587,2.286
1,9588,2.251
1,9589,2.955
1,9590,1.966
1,9591,1.858
1,9592,1.821
1,9593,1.803
1,9594,1.977
1,9595,1.932
1,9596,1.796
1,9597,1.737
1,9598,2.212
1,9599,2.082
1,9600,1.759
1,9601,1.621
1,9602,2.755
1,9603,2.390
1,9604,2.121
1,9605,2.190
1,9606,2.831
1,9607,2.149
1,9608,2.396
1,9609,3.194
1,9610,2.102
1,9611,2.298
1,9612,2.067
1,9613,2.190
1,9614,2.009
1,9615,2.005
1,9616,1.857
1,9617,1.906
1,9618,1.854
1,9619,1.657
1,9620,1.712
1,9621,1.738
1,9622,2.763
1,9623,1.778
1,9624,2.427
1,9625,2.442
1,9626,1.785
1,9627,1.813
1,9628,1.798
1,9629,1.605
1,9630,1.721
1,9631,2.140
1,9632,2.394
1,9633,2.065
1,9634,1.857
1,9635,2.068
1,9636,2.627
1,9637,2.392
1,9638,2.383
1,9639,3.606
1,9640,2.239
1,9641,1.930
1,9642,1.509
1,9643,1.513
1,9644,1.886
1,9645,1.827
1,9646,2.279
1,9647,2.753
1,9648,2.497
1,9649,2.151
1,9650,2.000
1,9651,2.074
1,9652,2.054
1,9653,2.538
1,9654,2.518
1,9655,2.664
1,9656,2.219
1,9657,2.191
1,9658,2.404
1,9659,2.161
1,9660,2.657
1,9661,2.554
1,9662,2.853
1,9663,2.605
1,9664,2.348
1,9665,2.640
1,9666,2.864
1,9667,2.623
1,9668,2.112
1,9669,2.555
1,9670,2.182
1,9671,1.926
1,9672,1.676
1,9673,2.074
1,9674,2.623
1,9675,2.446
1,9676,2.708
1,9677,2.529
1,9678,2.188
1,9679,3.102
1,9680,2.630
1,9681,1.888
1,9682,1.886
1,9683,2.272
1,9684,2.193
1,9685,2.391
1,9686,2.471
1,9687,2.608
1,9688,2.518
1,9689,2.430
1,9690,2.003
1,9691,2.503
1,9692,3.893
1,9693,2.675
1,9694,2.601
1,9695,2.101
1,9696,2.457
1,9697,2.372
1,9698,2.199
1,9699,3.569
1,9700,3.109
1,9701,3.501
1,9702,3.407
1,9703,2.537
1,9704,2.629
1,9705,3.017
1,9706,2.782
1,9707,2.311
1,9708,1.722
1,9709,1.885
1,9710,2.010
1,9711,2.145
1,9712,2.141
1,9713,2.388
1,9714,1.976
1,9715,1.698
1,9716,2.182
1,9717,2.082
1,9718,2.124
1,9719,2.518
1,9720,3.820
1,9721,2.598
1,9722,2.170
1,9723,1.798
1,9724,1.866
1,9725,2.104
1,9726,1.862
1,9727,1.757
1,9728,1.791
1,9729,2.072
1,9730,2.315
1,9731,1.633
1,9732,1.916
1,9733,3.342
1,9734,2.742
1,9735,2.749
1,9736,2.755
1,9737,3.574
1,9738,2.588
1,9739,2.454
1,9740,2.530
1,9741,2.278
1,9742,1.900
1,9743,2.109
1,9744,2.470
1,9745,1.977
1,9746,2.205
1,9747,1.790
1,9748,1.589
1,9749,1.847
1,9750,1.970
1,9751,1.896
1,9752,1.811
1,9753,3.273
1,9754,2.434
1,9755,3.099
1,9756,2.638
1,9757,2.633
1,9758,2.705
1,9759,2.949
1,9760,2.560
1,9761,2.900
1,9762,2.883
1,9763,2.875
1,9764,3.179
1,9765,3.017
1,9766,2.627
1,9767,2.524
1,9768,3.108
1,9769,2.748
1,9770,2.778
1,9771,2.800
1,9772,2.171
1,9773,2.496
1,9774,2.682
1,9775,2.658
1,9776,2.878
1,9777,2.891
1,9778,3.407
1,9779,2.729
1,9780,3.084
1,9781,3.049
1,9782,2.417
1,9783,2.380
1,9784,3.101
1,9785,2.888
1,9786,3.439
1,9787,3.498
1,9788,2.354
1,9789,2.052
1,9790,2.413
1,9791,2.305
1,9792,2.135
1,9793,3.124
1,9794,2.840
1,9795,3.229
1,9796,3.076
1,9797,3.707
1,9798,3.844
1,9799,2.336
1,9800,2.141
1,9801,1.971
1,9802,2.064
1,9803,2.006
1,9804,2.244
1,9805,2.111
1,9806,2.273
1,9807,2.180
1,9808,1.642
1,9809,1.501
1,9810,1.783
1,9811,1.751
1,9812,1.782
1,9813,2.831
1,9814,2.549
1,9815,2.198
1,9816,2.161
1,9817,2.447
1,9818,2.080
1,9819,1.843
1,9820,2.549
1,9821,2.726
1,9822,1.850
1,9823,2.083
1,9824,1.797
1,9825,1.615
1,9826,1.969
1,9827,1.967
1,9828,2.746
1,9829,2.943
1,9830,2.267
1,9831,2.024
1,9832,1.934
1,9833,2.032
1,9834,1.778
1,9835,1.934
1,9836,2.152
1,9837,2.310
1,9838,2.200
1,9839,2.082
1,9840,2.193
1,9841,1.765
1,9842,1.684
1,9843,2.301
1,9844,2.485
1,9845,2.523
1,9846,2.362
1,9847,2.009
1,9848,1.659
1,9849,1.806
1,9850,2.131
1,9851,2.118
1,9852,2.211
1,9853,2.583
1,9854,2.078
1,9855,1.700
1,9856,1.885
1,9857,1.939
1,9858,1.821
1,9859,2.236
1,9860,2.097
1,9861,1.787
1,9862,2.485
1,9863,2.075
1,9864,1.993
1,9865,1.841
1,9866,2.234
1,9867,2.078
1,9868,2.219
1,9869,2.130
1,9870,2.300
1,9871,1.872
1,9872,1.830
1,9873,2.101
1,9874,2.427
1,9875,1.928
1,9876,2.179
1,9877,2.029
1,9878,2.223
1,9879,2.538
1,9880,2.060
1,9881,2.307
1,9882,2.471
1,9883,2.158
1,9884,1.680
1,9885,1.914
1,9886,2.047
1,9887,2.237
1,9888,2.538
1,9889,2.339
1,9890,1.936
1,9891,1.999
1,9892,2.230
1,9893,1.933
1,9894,1.559
1,9895,2.799
1,9896,2.256
1,9897,1.963
1,9898,1.745
1,9899,1.785
1,9900,1.837
1,9901,1.729
1,9902,1.999
1,9903,2.324
1,9904,2.971
1,9905,2.721
1,9906,2.622
1,9907,2.744
1,9908,2.848
1,9909,2.961
1,9910,3.121
1,9911,2.012
1,9912,1.944
1,9913,2.640
1,9914,2.322
1,9915,2.593
1,9916,2.438
1,9917,2.747
1,9918,2.449
1,9919,2.116
1,9920,2.105
1,9921,2.652
1,9922,2.395
1,9923,1.686
1,9924,1.490
1,9925,2.737
1,9926,1.973
1,9927,1.849
1,9928,2.383
1,9929,3.183
1,9930,2.272
1,9931,2.616
1,9932,2.731
1,9933,2.623
1,9934,2.428
1,9935,2.393
1,9936,2.392
1,9937,2.256
1,9938,1.940
1,9939,2.420
1,9940,2.207
1,9941,1.894
1,9942,2.597
1,9943,2.552
1,9944,2.258
1,9945,1.992
1,9946,2.190
1,9947,2.294
1,9948,2.744
1,9949,2.468
1,9950,2.453
1,9951,2.223
1,9952,2.468
1,9953,2.155
1,9954,2.784
1,9955,3.801
1,9956,2.911
1,9957,2.201
1,9958,2.299
1,9959,2.278
1,9960,2.295
1,9961,3.123
1,9962,2.579
1,9963,2.523
1,9964,2.094
1,9965,2.347
1,9966,2.345
1,9967,2.682
1,9968,3.239
1,9969,3.492
1,9970,2.946
1,9971,2.585
1,9972,2.810
1,9973,3.002
1,9974,3.454
1,9975,2.654
1,9976,2.576
1,9977,2.572
1,9978,2.806
1,9979,2.627
1,9980,3.341
1,9981,2.528
1,9982,2.500
1,9983,2.212
1,9984,2.424
1,9985,2.548
1,9986,2.309
1,9987,2.517
1,9988,2.603
1,9989,2.458
1,9990,2.793
1,9991,3.271
1,9992,2.823
1,9993,2.701
1,9994,2.665
1,9995,2.492
1,9996,2.637
1,9997,2.535
1,9998,2.294
1,9999,2.436
1,10000,2.427
1,10001,2.919
1,10002,2.879
1,10003,2.817
1,10004,2.520
1,10005,2.340
1,10006,2.535
1,10007,2.455
1,10008,2.748
1,10009,2.718
1,10010,2.534
1,10011,2.498
1,10012,2.975
1,10013,2.796
1,10014,2.986
1,10015,2.936
1,10016,2.613
1,10017,2.331
1,10018,2.536
1,10019,2.444
1,10020,2.433
1,10021,2.527
1,10022,2.985
1,10023,2.476
1,10024,2.428
1,10025,2.552
1,10026,2.448
1,10027,2.679
1,10028,2.684
1,10029,2.733
1,10030,2.688
1,10031,3.071
1,10032,2.652
1,10033,2.880
1,10034,2.799
1,10035,3.189
1,10036,2.396
1,10037,3.668
1,10038,2.965
1,10039,2.166
1,10040,2.306
1,10041,2.333
1,10042,4.918
1,10043,3.252
1,10044,2.460
1,10045,2.447
1,10046,2.061
1,10047,2.393
1,10048,2.652
1,10049,3.314
1,10050,2.766
1,10051,2.220
1,10052,1.864
1,10053,2.208
1,10054,2.079
1,10055,2.033
1,10056,2.749
1,10057,2.237
1,10058,1.866
1,10059,1.944
1,10060,2.037
1,10061,1.789
1,10062,2.250
1,10063,2.319
1,10064,2.124
1,10065,2.094
1,10066,2.181
1,10067,2.257
1,10068,1.890
1,10069,2.304
1,10070,4.047
1,10071,2.868
1,10072,2.163
1,10073,2.000
1,10074,1.853
1,10075,2.077
1,10076,1.792
1,10077,3.123
1,10078,2.543
1,10079,1.953
1,10080,1.969
1,10081,2.018
1,10082,1.878
1,10083,1.852
1,10084,2.300
1,10085,2.440
1,10086,1.795
1,10087,2.020
1,10088,2.278
1,10089,2.209
1,10090,2.154
1,10091,2.375
1,10092,2.530
1,10093,2.916
1,10094,2.327
1,10095,1.775
1,10096,1.803
1,10097,1.957
1,10098,2.269
1,10099,1.981
1,10100,1.906
1,10101,2.177
1,10102,1.815
1,10103,2.046
1,10104,1.898
1,10105,1.551
1,10106,1.571
1,10107,1.943
1,10108,1.986
1,10109,1.738
1,10110,1.816
1,10111,1.863
1,10112,1.873
1,10113,1.700
1,10114,1.857
1,10115,2.760
1,10116,2.449
1,10117,2.007
1,10118,2.188
1,10119,2.057
1,10120,1.671
1,10121,1.676
1,10122,1.832
1,10123,2.198
1,10124,2.112
1,10125,1.893
1,10126,1.627
1,10127,1.688
1,10128,2.369
1,10129,2.000
1,10130,1.681
1,10131,1.584
1,10132,2.844
1,10133,2.345
1,10134,1.942
1,10135,1.689
1,10136,1.639
1,10137,2.554
1,10138,1.801
1,10139,2.821
1,10140,2.528
1,10141,2.428
1,10142,2.844
1,10143,2.533
1,10144,2.497
1,10145,2.386
1,10146,1.920
1,10147,2.000
1,10148,2.076
1,10149,1.986
1,10150,1.902
1,10151,2.014
1,10152,2.458
1,10153,1.845
1,10154,1.757
1,10155,1.875
1,10156,1.598
1,10157,1.695
1,10158,1.826
1,10159,1.598
1,10160,1.585
1,10161,2.161
1,10162,2.887
1,10163,2.383
1,10164,1.987
1,10165,2.220
1,10166,2.491
1,10167,2.132
1,10168,3.368
1,10169,2.748
1,10170,2.169
1,10171,2.207
1,10172,1.912
1,10173,2.004
1,10174,2.219
1,10175,2.825
1,10176,2.237
1,10177,2.418
1,10178,2.055
1,10179,2.049
1,10180,2.275
1,10181,2.084
1,10182,2.275
1,10183,2.453
1,10184,2.489
1,10185,2.395
1,10186,2.380
1,10187,1.841
1,10188,2.194
1,10189,2.468
1,10190,2.246
1,10191,2.696
1,10192,2.816
1,10193,2.688
1,10194,2.887
1,10195,2.605
1,10196,2.599
1,10197,2.483
1,10198,2.082
1,10199,2.066
1,10200,2.933
1,10201,2.870
1,10202,2.970
1,10203,2.878
1,10204,2.881
1,10205,2.682
1,10206,3.715
1,10207,4.043
1,10208,2.274
1,10209,2.344
1,10210,2.356
1,10211,2.531
1,10212,4.350
1,10213,3.238
1,10214,3.272
1,10215,2.959
1,10216,2.965
1,10217,3.225
1,10218,2.958
1,10219,2.818
1,10220,2.849
1,10221,2.923
1,10222,3.114
1,10223,3.486
1,10224,2.779
1,10225,2.548
1,10226,2.514
1,10227,2.851
1,10228,2.716
1,10229,2.706
1,10230,2.474
1,10231,2.660
1,10232,2.344
1,10233,2.974
1,10234,2.788
1,10235,2.949
1,10236,3.753
1,10237,3.363
1,10238,3.277
1,10239,2.332
1,10240,2.039
1,10241,2.112
1,10242,2.186
1,10243,2.130
1,10244,2.336
1,10245,2.909
1,10246,3.016
1,10247,2.099
1,10248,1.754
1,10249,1.797
1,10250,2.101
1,10251,1.617
1,10252,2.202
1,10253,2.301
1,10254,1.764
1,10255,1.626
1,10256,1.798
1,10257,1.696
1,10258,1.537
1,10259,1.780
1,10260,2.307
1,10261,2.128
1,10262,2.106
1,10263,1.848
1,10264,2.061
1,10265,2.098
1,10266,1.895
1,10267,2.018
1,10268,1.916
1,10269,2.697
1,10270,1.966
1,10271,2.042
1,10272,1.642
1,10273,1.508
1,10274,1.709
1,10275,1.990
1,10276,2.326
1,10277,2.510
1,10278,2.520
1,10279,1.915
1,10280,1.592
1,10281,1.971
1,10282,1.868
1,10283,1.657
1,10284,2.222
1,10285,2.832
1,10286,2.398
1,10287,2.933
1,10288,2.577
1,10289,3.011
1,10290,4.659
1,10291,2.633
1,10292,3.048
1,10293,2.442
1,10294,1.953
1,10295,2.085
1,10296,2.780
1,10297,2.501
1,10298,2.007
1,10299,1.979
1,10300,2.030
1,10301,2.769
1,10302,2.118
1,10303,2.221
1,10304,2.221
1,10305,1.929
1,10306,2.007
1,10307,2.005
1,10308,1.900
1,10309,2.062
1,10310,2.251
1,10311,2.432
1,10312,1.875
1,10313,1.759
1,10314,2.030
1,10315,2.044
1,10316,1.793
1,10317,1.704
1,10318,2.202
1,10319,2.117
1,10320,2.284
1,10321,2.027
1,10322,1.561
1,10323,1.638
1,10324,1.704
1,10325,1.697
1,10326,1.640
1,10327,2.176
1,10328,2.198
1,10329,2.171
1,10330,1.916
1,10331,2.285
1,10332,2.235
1,10333,1.868
1,10334,2.261
1,10335,3.483
1,10336,2.214
1,10337,1.693
1,10338,1.824
1,10339,1.587
1,10340,1.712
1,10341,1.912
1,10342,1.900
1,10343,1.736
1,10344,2.109
1,10345,1.924
1,10346,2.101
1,10347,1.774
1,10348,1.512
1,10349,1.802
1,10350,1.882
1,10351,1.939
1,10352,1.731
1,10353,2.001
1,10354,1.784
1,10355,1.702
1,10356,1.713
1,10357,3.240
1,10358,2.431
1,10359,2.231
1,10360,2.249
1,10361,2.202
1,10362,1.892
1,10363,1.809
1,10364,1.664
1,10365,1.526
1,10366,2.652
1,10367,1.767
1,10368,1.499
1,10369,1.670
1,10370,2.027
1,10371,1.936
1,10372,1.727
1,10373,1.507
1,10374,1.998
1,10375,1.880
1,10376,1.588
1,10377,1.776
1,10378,1.800
1,10379,1.731
1,10380,2.052
1,10381,1.892
1,10382,2.238
1,10383,2.089
1,10384,1.600
1,10385,1.769
1,10386,1.737
1,10387,2.068
1,10388,1.922
1,10389,2.227
1,10390,1.820
1,10391,3.530
1,10392,2.602
1,10393,2.257
1,10394,2.403
1,10395,2.007
1,10396,2.363
1,10397,2.522
1,10398,1.971
1,10399,1.743
1,10400,1.573
1,10401,1.890
1,10402,1.808
1,10403,1.516
1,10404,1.684
1,10405,2.625
1,10406,2.077
1,10407,1.929
1,10408,1.876
1,10409,1.999
1,10410,2.165
1,10411,1.989
1,10412,2.168
1,10413,2.150
1,10414,2.394
1,10415,2.320
1,10416,1.996
1,10417,1.620
1,10418,1.593
1,10419,1.871
1,10420,2.371
1,10421,2.590
1,10422,2.722
1,10423,1.842
1,10424,1.661
1,10425,1.688
1,10426,1.779
1,10427,1.551
1,10428,2.334
1,10429,2.904
1,10430,2.703
1,10431,3.114
1,10432,2.662
1,10433,2.900
1,10434,2.764
1,10435,2.173
1,10436,2.328
1,10437,2.403
1,10438,3.235
1,10439,2.472
1,10440,2.506
1,10441,2.812
1,10442,2.469
1,10443,2.956
1,10444,2.628
1,10445,2.681
1,10446,2.510
1,10447,2.765
1,10448,2.305
1,10449,2.280
1,10450,2.463
1,10451,2.138
1,10452,2.486
1,10453,3.042
1,10454,2.187
1,10455,1.769
1,10456,2.059
1,10457,1.967
1,10458,1.775
1,10459,1.872
1,10460,2.942
1,10461,2.726
1,10462,2.744
1,10463,2.114
1,10464,1.615
1,10465,1.784
1,10466,1.881
1,10467,2.193
1,10468,2.336
1,10469,2.096
1,10470,2.076
1,10471,1.769
1,10472,2.054
1,10473,2.101
1,10474,1.939
1,10475,2.262
1,10476,2.917
1,10477,3.107
1,10478,2.584
1,10479,2.158
1,10480,1.704
1,10481,1.949
1,10482,2.007
1,10483,1.818
1,10484,1.911
1,10485,2.449
1,10486,1.978
1,10487,1.582
1,10488,1.745
1,10489,1.968
1,10490,2.738
1,10491,2.448
1,10492,2.243
1,10493,2.495
1,10494,2.250
1,10495,2.455
1,10496,2.399
1,10497,2.656
1,10498,3.199
1,10499,4.501
1,10500,3.276
1,10501,3.125
1,10502,2.467
1,10503,2.063
1,10504,2.480
1,10505,2.411
1,10506,2.248
1,10507,2.975
1,10508,2.463
1,10509,2.613
1,10510,2.705
1,10511,2.613
1,10512,2.619
1,10513,3.222
1,10514,2.971
1,10515,2.637
1,10516,2.831
1,10517,2.680
1,10518,2.339
1,10519,2.624
1,10520,2.850
1,10521,2.438
1,10522,2.420
1,10523,2.536
1,10524,2.476
1,10525,3.037
1,10526,2.667
1,10527,2.503
1,10528,3.010
1,10529,2.242
1,10530,2.638
1,10531,3.185
1,10532,2.539
1,10533,2.587
1,10534,2.568
1,10535,4.206
1,10536,5.067
1,10537,2.965
1,10538,2.571
1,10539,3.705
1,10540,3.178
1,10541,2.785
1,10542,2.733
1,10543,2.526
1,10544,2.544
1,10545,2.413
1,10546,3.008
1,10547,3.101
1,10548,2.775
1,10549,2.692
1,10550,2.531
1,10551,3.017
1,10552,2.850
1,10553,2.923
1,10554,2.804
1,10555,2.620
1,10556,2.569
1,10557,2.778
1,10558,2.671
1,10559,2.887
1,10560,2.995
1,10561,2.892
1,10562,2.675
1,10563,2.645
1,10564,2.909
1,10565,2.551
1,10566,2.553
1,10567,2.958
1,10568,2.317
1,10569,2.780
1,10570,3.018
1,10571,2.398
1,10572,2.619
1,10573,2.405
1,10574,2.810
1,10575,2.549
1,10576,2.172
1,10577,2.310
1,10578,2.390
1,10579,2.046
1,10580,2.384
1,10581,2.567
1,10582,2.442
1,10583,2.419
1,10584,2.278
1,10585,2.209
1,10586,2.383
1,10587,2.337
1,10588,2.220
1,10589,3.714
1,10590,2.832
1,10591,2.523
1,10592,2.444
1,10593,2.893
1,10594,2.630
1,10595,2.997
1,10596,2.310
1,10597,2.536
1,10598,1.894
1,10599,1.605
1,10600,1.710
1,10601,1.830
1,10602,2.057
1,10603,3.066
1,10604,2.246
1,10605,2.020
1,10606,1.991
1,10607,2.118
1,10608,2.085
1,10609,2.064
1,10610,2.372
1,10611,2.598
1,10612,2.262
1,10613,2.140
1,10614,1.800
1,10615,1.785
1,10616,1.830
1,10617,2.405
1,10618,2.378
1,10619,3.164
1,10620,2.617
1,10621,2.525
1,10622,2.437
1,10623,2.477
1,10624,2.559
1,10625,2.325
1,10626,1.901
1,10627,1.825
1,10628,2.003
1,10629,2.543
1,10630,2.935
1,10631,2.529
1,10632,2.196
1,10633,2.393
1,10634,2.947
1,10635,1.762
1,10636,1.832
1,10637,2.082
1,10638,2.016
1,10639,1.915
1,10640,2.445
1,10641,2.768
1,10642,2.852
1,10643,1.983
1,10644,2.703
1,10645,2.180
1,10646,2.042
1,10647,1.835
1,10648,1.537
1,10649,1.683
1,10650,2.119
1,10651,1.966
1,10652,2.402
1,10653,2.230
1,10654,2.411
1,10655,2.312
1,10656,2.475
1,10657,2.034
1,10658,2.150
1,10659,2.272
1,10660,2.067
1,10661,2.119
1,10662,1.943
1,10663,1.615
1,10664,1.705
1,10665,1.665
1,10666,1.928
1,10667,2.380
1,10668,1.850
1,10669,1.834
1,10670,1.753
1,10671,1.553
1,10672,1.524
1,10673,1.503
1,10674,1.548
1,10675,1.718
1,10676,1.953
1,10677,2.931
1,10678,2.447
1,10679,2.108
1,10680,2.199
1,10681,2.505
1,10682,2.189
1,10683,2.292
1,10684,2.717
1,10685,2.183
1,10686,2.355
1,10687,2.097
1,10688,1.872
1,10689,1.959
1,10690,2.655
1,10691,2.272
1,10692,2.327
1,10693,2.170
1,10694,2.133
1,10695,2.211
1,10696,2.225
1,10697,2.700
1,10698,2.612
1,10699,2.353
1,10700,2.141
1,10701,1.729
1,10702,1.903
1,10703,2.034
1,10704,2.042
1,10705,3.259
1,10706,2.670
1,10707,2.483
1,10708,2.755
1,10709,2.178
1,10710,2.873
1,10711,2.859
1,10712,2.223
1,10713,1.836
1,10714,1.912
1,10715,1.645
1,10716,2.006
1,10717,2.162
1,10718,2.444
1,10719,1.976
1,10720,1.964
1,10721,1.903
1,10722,1.901
1,10723,1.870
1,10724,1.882
1,10725,2.223
1,10726,2.790
1,10727,2.113
1,10728,1.654
1,10729,1.632
1,10730,1.660
1,10731,1.803
1,10732,1.736
1,10733,1.560
1,10734,2.413
1,10735,2.119
1,10736,1.820
1,10737,1.900
1,10738,1.807
1,10739,1.651
1,10740,1.606
1,10741,1.568
1,10742,1.935
1,10743,3.576
1,10744,2.723
1,10745,2.800
1,10746,2.348
1,10747,2.284
1,10748,2.582
1,10749,2.661
1,10750,4.217
1,10751,2.299
1,10752,2.194
1,10753,3.032
1,10754,2.453
1,10755,2.196
1,10756,2.166
1,10757,2.199
1,10758,2.067
1,10759,1.642
1,10760,1.577
1,10761,1.975
1,10762,1.974
1,10763,1.829
1,10764,1.716
1,10765,1.581
1,10766,1.761
1,10767,2.078
1,10768,2.026
1,10769,2.420
1,10770,2.214
1,10771,1.783
1,10772,1.750
1,10773,2.133
1,10774,1.855
1,10775,1.680
1,10776,2.058
1,10777,2.242
1,10778,2.143
1,10779,2.267
1,10780,1.942
1,10781,1.709
1,10782,1.998
1,10783,2.041
1,10784,1.841
1,10785,1.980
1,10786,1.857
1,10787,4.303
1,10788,3.334
1,10789,2.896
1,10790,2.544
1,10791,3.601
1,10792,2.601
1,10793,2.777
1,10794,3.290
1,10795,2.949
1,10796,2.951
1,10797,3.079
1,10798,2.922
1,10799,2.646
1,10800,2.741
1,10801,5.258
1,10802,3.674
1,10803,3.075
1,10804,3.673
1,10805,2.858
1,10806,2.987
1,10807,2.677
1,10808,2.582
1,10809,3.292
1,10810,2.727
1,10811,2.723
1,10812,2.710
1,10813,3.140
1,10814,3.121
1,10815,2.120
1,10816,2.098
1,10817,3.023
1,10818,3.157
1,10819,3.116
1,10820,2.909
1,10821,3.203
1,10822,2.560
1,10823,2.387
1,10824,2.203
1,10825,1.995
1,10826,1.908
1,10827,2.157
1,10828,2.020
1,10829,2.678
1,10830,2.650
1,10831,1.950
1,10832,1.780
1,10833,1.795
1,10834,2.054
1,10835,1.702
1,10836,1.467
1,10837,1.731
1,10838,2.629
1,10839,1.964
1,10840,1.796
1,10841,1.850
1,10842,1.803
1,10843,1.714
1,10844,1.673
1,10845,1.953
1,10846,2.062
1,10847,2.393
1,10848,2.211
1,10849,1.994
1,10850,2.097
1,10851,2.210
1,10852,2.119
1,10853,2.447
1,10854,3.393
1,10855,2.347
1,10856,3.345
1,10857,2.622
1,10858,2.137
1,10859,1.930
1,10860,3.040
1,10861,2.115
1,10862,2.468
1,10863,1.871
1,10864,1.625
1,10865,1.716
1,10866,1.719
1,10867,1.717
1,10868,2.089
1,10869,2.500
1,10870,2.455
1,10871,2.562
1,10872,2.276
1,10873,1.911
1,10874,1.777
1,10875,2.249
1,10876,2.323
1,10877,2.030
1,10878,1.736
1,10879,2.238
1,10880,1.784
1,10881,1.613
1,10882,1.552
1,10883,1.821
1,10884,1.675
1,10885,1.714
1,10886,1.735
1,10887,1.958
1,10888,1.761
1,10889,2.172
1,10890,1.905
1,10891,2.016
1,10892,2.407
1,10893,2.026
1,10894,1.902
1,10895,1.859
1,10896,1.708
1,10897,1.917
1,10898,2.376
1,10899,1.908
1,10900,2.602
1,10901,3.285
1,10902,2.345
1,10903,2.272
1,10904,2.043
1,10905,2.016
1,10906,1.934
1,10907,2.237
1,10908,1.698
1,10909,1.640
1,10910,1.810
1,10911,1.888
1,10912,1.770
1,10913,1.504
1,10914,1.615
1,10915,2.079
1,10916,1.859
1,10917,2.047
1,10918,1.853
1,10919,2.058
1,10920,2.158
1,10921,1.944
1,10922,1.906
1,10923,1.877
1,10924,3.100
1,10925,2.062
1,10926,2.091
1,10927,1.891
1,10928,1.833
1,10929,1.701
1,10930,1.680
1,10931,1.990
1,10932,2.271
1,10933,1.902
1,10934,1.482
1,10935,1.711
1,10936,1.783
1,10937,1.776
1,10938,1.675
1,10939,1.588
1,10940,2.099
1,10941,1.693
1,10942,1.592
1,10943,2.399
1,10944,1.772
1,10945,1.500
1,10946,1.724
1,10947,1.883
1,10948,1.739
1,10949,2.941
1,10950,2.547
1,10951,2.293
1,10952,3.548
1,10953,4.527
1,10954,2.695
1,10955,2.354
1,10956,2.055
1,10957,2.171
1,10958,2.724
1,10959,2.090
1,10960,2.340
1,10961,2.497
1,10962,2.424
1,10963,2.673
1,10964,2.414
1,10965,2.298
1,10966,2.122
1,10967,2.495
1,10968,2.599
1,10969,2.381
1,10970,2.167
1,10971,1.868
1,10972,2.284
1,10973,2.955
1,10974,4.588
1,10975,2.383
1,10976,1.901
1,10977,1.790
1,10978,1.724
1,10979,1.721
1,10980,2.239
1,10981,2.195
1,10982,1.670
1,10983,1.482
1,10984,1.561
1,10985,1.672
1,10986,1.692
1,10987,1.636
1,10988,1.453
1,10989,1.859
1,10990,2.280
1,10991,2.045
1,10992,1.917
1,10993,1.915
1,10994,1.789
1,10995,1.929
1,10996,2.162
1,10997,2.825
1,10998,5.169
1,10999,2.227
1,11000,1.917
1,11001,1.732
1,11002,1.595
1,11003,1.832
1,11004,1.952
1,11005,2.094
1,11006,2.010
1,11007,1.504
1,11008,1.542
1,11009,1.821
1,11010,1.644
1,11011,1.717
1,11012,2.320
1,11013,2.466
1,11014,2.027
1,11015,1.839
1,11016,2.054
1,11017,1.854
1,11018,1.678
1,11019,2.662
1,11020,3.259
1,11021,2.172
1,11022,2.322
1,11023,2.331
1,11024,2.339
1,11025,2.288
1,11026,2.400
1,11027,2.404
1,11028,2.443
1,11029,2.765
1,11030,2.155
1,11031,1.909
1,11032,1.707
1,11033,2.400
1,11034,2.335
1,11035,1.866
1,11036,1.783
1,11037,1.652
1,11038,1.766
1,11039,2.449
1,11040,1.840
1,11041,2.391
1,11042,2.198
1,11043,1.802
1,11044,1.798
1,11045,1.751
1,11046,1.583
1,11047,1.603
1,11048,1.886
1,11049,2.106
1,11050,1.877
1,11051,1.575
1,11052,1.730
1,11053,1.782
1,11054,1.779
1,11055,1.777
1,11056,1.653
1,11057,1.656
1,11058,2.932
1,11059,2.525
1,11060,2.118
1,11061,1.819
1,11062,2.031
1,11063,2.203
1,11064,2.084
1,11065,2.658
1,11066,2.974
1,11067,2.462
1,11068,2.273
1,11069,2.292
1,11070,2.097
1,11071,2.360
1,11072,2.593
1,11073,2.309
1,11074,2.076
1,11075,2.431
1,11076,2.126
1,11077,2.885
1,11078,5.136
1,11079,2.918
1,11080,2.349
1,11081,2.251
1,11082,2.485
1,11083,2.236
1,11084,3.455
1,11085,2.775
1,11086,2.738
1,11087,3.060
1,11088,2.281
1,11089,2.464
1,11090,2.693
1,11091,2.651
1,11092,3.350
1,11093,3.547
1,11094,2.636
1,11095,2.772
1,11096,2.409
1,11097,3.019
1,11098,2.636
1,11099,2.731
1,11100,2.579
1,11101,2.536
1,11102,2.708
1,11103,3.239
1,11104,2.733
1,11105,2.773
1,11106,2.832
1,11107,2.765
1,11108,2.307
1,11109,2.270
1,11110,2.312
1,11111,2.319
1,11112,2.302
1,11113,3.546
1,11114,2.317
1,11115,2.533
1,11116,2.338
1,11117,2.311
1,11118,2.110
1,11119,2.563
1,11120,2.633
1,11121,2.456
1,11122,2.159
1,11123,2.681
1,11124,2.971
1,11125,2.625
1,11126,2.507
1,11127,2.519
1,11128,2.596
1,11129,2.740
1,11130,2.175
1,11131,2.170
1,11132,2.703
1,11133,2.395
1,11134,2.408
1,11135,2.321
1,11136,2.145
1,11137,2.252
1,11138,2.303
1,11139,2.616
1,11140,2.685
1,11141,2.783
1,11142,2.228
1,11143,2.738
1,11144,2.482
1,11145,2.774
1,11146,2.755
1,11147,2.145
1,11148,2.241
1,11149,2.295
1,11150,2.160
1,11151,1.886
1,11152,2.872
1,11153,2.640
1,11154,2.113
1,11155,2.082
1,11156,2.257
1,11157,1.872
1,11158,2.198
1,11159,2.147
1,11160,1.878
1,11161,2.022
1,11162,2.286
1,11163,2.321
1,11164,2.888
1,11165,2.400
1,11166,3.004
1,11167,2.446
1,11168,2.519
1,11169,1.925
1,11170,1.754
1,11171,2.150
1,11172,1.802
1,11173,2.240
1,11174,2.234
1,11175,1.977
1,11176,1.834
1,11177,1.779
1,11178,2.632
1,11179,2.104
1,11180,2.304
1,11181,2.230
1,11182,1.696
1,11183,1.495
1,11184,2.010
1,11185,1.890
1,11186,2.013
1,11187,2.113
1,11188,2.527
1,11189,3.129
1,11190,3.007
1,11191,2.350
1,11192,1.743
1,11193,1.864
1,11194,1.922
1,11195,2.124
1,11196,1.824
1,11197,2.407
1,11198,1.927
1,11199,1.684
1,11200,2.000
1,11201,1.854
1,11202,1.541
1,11203,1.719
1,11204,2.028
1,11205,2.055
1,11206,1.931
1,11207,1.549
1,11208,1.968
1,11209,1.828
1,11210,1.627
1,11211,1.799
1,11212,2.728
1,11213,2.787
1,11214,3.114
1,11215,2.870
1,11216,2.031
1,11217,2.253
1,11218,3.445
1,11219,2.809
1,11220,2.591
1,11221,2.456
1,11222,2.955
1,11223,2.409
1,11224,2.199
1,11225,2.496
1,11226,2.272
1,11227,2.490
1,11228,2.550
1,11229,2.592
1,11230,2.616
1,11231,2.454
1,11232,1.919
1,11233,2.400
1,11234,2.669
1,11235,1.864
1,11236,1.646
1,11237,2.592
1,11238,1.986
1,11239,1.577
1,11240,1.730
1,11241,1.666
1,11242,1.566
1,11243,1.756
1,11244,1.937
1,11245,2.197
1,11246,2.032
1,11247,1.612
1,11248,1.975
1,11249,1.792
1,11250,1.642
1,11251,1.806
1,11252,1.828
1,11253,1.709
1,11254,2.048
1,11255,2.186
1,11256,2.445
1,11257,1.768
1,11258,1.848
1,11259,2.039
1,11260,2.351
1,11261,2.139
1,11262,2.081
1,11263,1.925
1,11264,1.719
1,11265,2.317
1,11266,2.335
1,11267,1.824
1,11268,2.188
1,11269,3.211
1,11270,2.298
1,11271,2.459
1,11272,2.655
1,11273,2.833
1,11274,2.821
1,11275,2.683
1,11276,2.778
1,11277,2.811
1,11278,2.649
1,11279,2.922
1,11280,4.017
1,11281,2.756
1,11282,2.225
1,11283,2.123
1,11284,2.400
1,11285,2.213
1,11286,2.276
1,11287,3.348
1,11288,2.648
1,11289,2.716
1,11290,2.718
1,11291,2.355
1,11292,2.634
1,11293,2.379
1,11294,2.900
1,11295,2.497
1,11296,2.251
1,11297,2.462
1,11298,2.632
1,11299,2.310
1,11300,3.041
1,11301,2.886
1,11302,2.204
1,11303,2.258
1,11304,2.253
1,11305,2.640
1,11306,2.817
1,11307,2.674
1,11308,2.854
1,11309,2.368
1,11310,2.039
1,11311,2.459
1,11312,2.611
1,11313,1.983
1,11314,2.324
1,11315,2.418
1,11316,2.613
1,11317,2.552
1,11318,2.881
1,11319,2.888
1,11320,2.719
1,11321,2.100
1,11322,2.259
1,11323,2.789
1,11324,2.982
1,11325,2.831
1,11326,2.356
1,11327,2.650
1,11328,2.337
1,11329,1.678
1,11330,1.889
1,11331,1.936
1,11332,2.316
1,11333,3.029
1,11334,2.645
1,11335,1.966
1,11336,1.562
1,11337,2.110
1,11338,2.227
1,11339,2.823
1,11340,3.053
1,11341,2.403
1,11342,2.349
1,11343,2.692
1,11344,2.490
1,11345,3.217
1,11346,2.270
1,11347,2.419
1,11348,2.711
1,11349,2.355
1,11350,2.094
1,11351,2.692
1,11352,2.948
1,11353,2.411
1,11354,2.422
1,11355,2.156
1,11356,2.083
1,11357,2.567
1,11358,3.027
1,11359,3.117
1,11360,2.836
1,11361,2.460
1,11362,2.097
1,11363,1.857
1,11364,1.819
1,11365,2.098
1,11366,1.790
1,11367,1.914
1,11368,2.096
1,11369,2.186
1,11370,2.126
1,11371,1.712
1,11372,1.982
1,11373,2.097
1,11374,1.701
1,11375,1.691
1,11376,2.379
1,11377,1.651
1,11378,1.800
1,11379,1.934
1,11380,2.122
1,11381,2.165
1,11382,1.998
1,11383,1.888
1,11384,1.730
1,11385,2.925
1,11386,2.428
1,11387,1.807
1,11388,2.046
1,11389,1.973
1,11390,1.964
1,11391,1.596
1,11392,1.464
1,11393,1.751
1,11394,2.055
1,11395,1.732
1,11396,1.812
1,11397,2.524
1,11398,2.042
1,11399,1.752
1,11400,1.932
1,11401,1.864
1,11402,1.547
1,11403,1.820
1,11404,1.941
1,11405,1.665
1,11406,2.592
1,11407,2.111
1,11408,1.903
1,11409,1.841
1,11410,2.030
1,11411,2.114
1,11412,2.448
1,11413,2.197
1,11414,2.328
1,11415,2.024
1,11416,2.057
1,11417,2.424
1,11418,3.805
1,11419,2.989
1,11420,2.194
1,11421,1.775
1,11422,1.790
1,11423,1.785
1,11424,1.819
1,11425,1.591
1,11426,1.556
1,11427,1.795
1,11428,2.230
1,11429,1.829
1,11430,2.043
1,11431,1.890
1,11432,1.765
1,11433,1.652
1,11434,2.058
1,11435,1.888
1,11436,1.887
1,11437,2.186
1,11438,1.969
1,11439,1.655
1,11440,1.712
1,11441,2.295
1,11442,1.999
1,11443,1.844
1,11444,3.240
1,11445,2.594
1,11446,2.046
1,11447,2.445
1,11448,2.342
1,11449,2.285
1,11450,2.384
1,11451,2.627
1,11452,2.456
1,11453,2.502
1,11454,2.268
1,11455,1.934
1,11456,2.267
1,11457,3.091
1,11458,2.307
1,11459,2.493
1,11460,2.065
1,11461,1.973
1,11462,2.212
1,11463,2.200
1,11464,2.676
1,11465,2.890
1,11466,2.555
1,11467,2.927
1,11468,2.208
1,11469,2.123
1,11470,2.387
1,11471,2.041
1,11472,1.988
1,11473,1.920
1,11474,1.992
1,11475,2.345
1,11476,1.875
1,11477,2.249
1,11478,2.215
1,11479,2.015
1,11480,2.038
1,11481,1.906
1,11482,1.825
1,11483,1.680
1,11484,2.294
1,11485,2.111
1,11486,1.799
1,11487,1.876
1,11488,1.908
1,11489,2.052
1,11490,1.850
1,11491,1.736
1,11492,1.759
1,11493,2.538
1,11494,2.473
1,11495,2.000
1,11496,1.572
1,11497,1.711
1,11498,1.945
1,11499,1.886
1,11500,2.065
1,11501,1.953
1,11502,2.979
1,11503,2.367
1,11504,2.331
1,11505,2.065
1,11506,1.810
1,11507,1.807
1,11508,1.840
1,11509,2.050
1,11510,2.169
1,11511,1.807
1,11512,1.990
1,11513,1.786
1,11514,1.963
1,11515,2.114
1,11516,1.848
1,11517,1.911
1,11518,2.083
1,11519,2.497
1,11520,1.798
1,11521,1.577
1,11522,2.064
1,11523,1.972
1,11524,1.932
1,11525,2.239
1,11526,2.176
1,11527,1.911
1,11528,4.392
1,11529,2.364
1,11530,1.879
1,11531,2.128
1,11532,2.304
1,11533,2.265
1,11534,2.908
1,11535,3.600
1,11536,3.004
1,11537,2.478
1,11538,2.053
1,11539,2.048
1,11540,2.179
1,11541,1.888
1,11542,2.167
1,11543,2.317
1,11544,2.458
1,11545,3.030
1,11546,2.377
1,11547,2.449
1,11548,3.758
1,11549,3.015
1,11550,2.183
1,11551,2.166
1,11552,2.247
1,11553,1.972
1,11554,1.861
1,11555,1.801
1,11556,1.722
1,11557,2.404
1,11558,1.901
1,11559,1.774
1,11560,1.848
1,11561,2.018
1,11562,1.747
1,11563,1.761
1,11564,1.668
1,11565,1.831
1,11566,2.241
1,11567,1.675
1,11568,2.219
1,11569,2.375
1,11570,2.076
1,11571,2.269
1,11572,2.497
1,11573,1.914
1,11574,1.973
1,11575,2.067
1,11576,1.921
1,11577,1.735
1,11578,1.931
1,11579,1.767
1,11580,1.552
1,11581,1.664
1,11582,1.925
1,11583,1.998
1,11584,2.322
1,11585,2.066
1,11586,2.024
1,11587,1.777
1,11588,1.703
1,11589,1.858
1,11590,1.802
1,11591,1.831
1,11592,2.163
1,11593,2.926
1,11594,2.152
1,11595,2.215
1,11596,2.437
1,11597,2.455
1,11598,2.233
1,11599,2.940
1,11600,2.939
1,11601,2.789
1,11602,2.143
1,11603,2.395
1,11604,2.686
1,11605,3.027
1,11606,3.244
1,11607,2.665
1,11608,1.974
1,11609,2.315
1,11610,2.352
1,11611,2.796
1,11612,2.235
1,11613,2.186
1,11614,1.874
1,11615,2.219
1,11616,1.839
1,11617,2.004
1,11618,2.298
1,11619,2.368
1,11620,2.253
1,11621,2.368
1,11622,2.335
1,11623,2.251
1,11624,1.598
1,11625,1.728
1,11626,2.174
1,11627,2.327
1,11628,2.185
1,11629,1.799
1,11630,1.924
1,11631,2.026
1,11632,2.543
1,11633,1.953
1,11634,2.192
1,11635,2.193
1,11636,2.140
1,11637,2.334
1,11638,2.168
1,11639,2.174
1,11640,2.904
1,11641,3.277
1,11642,2.287
1,11643,2.473
1,11644,2.213
1,11645,2.153
1,11646,2.202
1,11647,2.868
1,11648,2.514
1,11649,2.343
1,11650,2.224
1,11651,2.195
1,11652,2.176
1,11653,2.298
1,11654,2.417
1,11655,3.131
1,11656,2.380
1,11657,2.893
1,11658,2.580
1,11659,2.115
1,11660,2.430
1,11661,2.671
1,11662,2.671
1,11663,2.521
1,11664,2.160
1,11665,2.272
1,11666,2.501
1,11667,3.049
1,11668,2.617
1,11669,2.962
1,11670,2.084
1,11671,2.331
1,11672,2.235
1,11673,2.495
1,11674,2.559
1,11675,2.499
1,11676,2.524
1,11677,2.534
1,11678,2.282
1,11679,2.989
1,11680,2.952
1,11681,2.371
1,11682,2.433
1,11683,2.693
1,11684,2.116
1,11685,2.750
1,11686,2.488
1,11687,2.054
1,11688,2.310
1,11689,2.479
1,11690,2.410
1,11691,2.276
1,11692,3.054
1,11693,2.747
1,11694,2.262
1,11695,2.327
1,11696,2.313
1,11697,2.606
1,11698,2.537
1,11699,2.568
1,11700,2.609
1,11701,2.404
1,11702,2.429
1,11703,2.487
1,11704,2.764
1,11705,2.661
1,11706,2.214
1,11707,2.285
1,11708,2.382
1,11709,2.278
1,11710,2.285
1,11711,3.308
1,11712,2.399
1,11713,2.403
1,11714,2.346
1,11715,2.309
1,11716,2.342
1,11717,2.290
1,11718,3.050
1,11719,3.169
1,11720,3.092
1,11721,2.685
1,11722,2.380
1,11723,2.980
1,11724,5.041
1,11725,3.001
1,11726,2.797
1,11727,2.703
1,11728,2.765
1,11729,2.995
1,11730,4.572
1,11731,2.512
1,11732,2.408
1,11733,2.495
1,11734,2.484
1,11735,2.302
1,11736,2.282
1,11737,2.065
1,11738,4.601
1,11739,2.569
1,11740,2.206
1,11741,1.711
1,11742,1.754
1,11743,1.887
1,11744,1.611
1,11745,1.948
1,11746,2.191
1,11747,2.489
1,11748,1.897
1,11749,1.536
1,11750,1.635
1,11751,1.863
1,11752,2.472
1,11753,2.957
1,11754,2.773
1,11755,4.856
1,11756,2.599
1,11757,1.963
1,11758,2.091
1,11759,2.262
1,11760,1.929
1,11761,1.668
1,11762,1.700
1,11763,1.713
1,11764,1.659
1,11765,1.599
1,11766,1.753
1,11767,1.614
1,11768,1.842
1,11769,1.826
1,11770,1.854
1,11771,2.042
1,11772,1.594
1,11773,1.634
1,11774,1.864
1,11775,1.760
1,11776,1.764
1,11777,1.673
1,11778,2.484
1,11779,2.141
1,11780,2.006
1,11781,2.081
1,11782,1.989
1,11783,1.749
1,11784,1.666
1,11785,1.972
1,11786,2.571
1,11787,3.117
1,11788,2.438
1,11789,2.565
1,11790,2.380
1,11791,1.881
1,11792,1.792
1,11793,1.812
1,11794,1.773
1,11795,2.279
1,11796,1.719
1,11797,1.467
1,11798,1.589
1,11799,1.725
1,11800,1.605
1,11801,2.254
1,11802,1.986
1,11803,1.573
1,11804,1.518
1,11805,1.971
1,11806,1.758
1,11807,2.018
1,11808,2.307
1,11809,2.594
1,11810,2.467
1,11811,2.053
1,11812,2.124
1,11813,2.816
1,11814,4.285
1,11815,2.491
1,11816,1.786
1,11817,1.739
1,11818,1.855
1,11819,1.815
1,11820,2.006
1,11821,1.738
1,11822,1.673
1,11823,1.643
1,11824,1.864
1,11825,2.344
1,11826,2.034
1,11827,1.743
1,11828,1.827
1,11829,2.176
1,11830,2.057
1,11831,1.849
1,11832,2.145
1,11833,2.069
1,11834,1.946
1,11835,1.954
1,11836,2.036
1,11837,1.728
1,11838,1.921
1,11839,1.694
1,11840,2.098
1,11841,1.892
1,11842,1.541
1,11843,1.727
1,11844,1.789
1,11845,1.639
1,11846,1.799
1,11847,1.818
1,11848,2.169
1,11849,2.280
1,11850,2.396
1,11851,2.058
1,11852,1.520
1,11853,1.505
1,11854,1.821
1,11855,1.744
1,11856,1.644
1,11857,3.210
1,11858,2.515
1,11859,2.140
1,11860,2.524
1,11861,2.261
1,11862,1.920
1,11863,2.437
1,11864,2.917
1,11865,2.441
1,11866,2.386
1,11867,2.464
1,11868,2.474
1,11869,2.696
1,11870,2.542
1,11871,2.845
1,11872,2.287
1,11873,2.180
1,11874,1.923
1,11875,2.126
1,11876,2.356
1,11877,2.434
1,11878,2.440
1,11879,2.337
1,11880,1.703
1,11881,2.080
1,11882,1.760
1,11883,1.582
1,11884,1.785
1,11885,2.182
1,11886,1.781
1,11887,1.724
1,11888,2.069
1,11889,1.635
1,11890,1.591
1,11891,1.594
1,11892,1.914
1,11893,2.221
1,11894,1.706
1,11895,1.479
1,11896,1.636
1,11897,1.707
1,11898,1.815
1,11899,1.703
1,11900,1.617
1,11901,2.048
1,11902,2.100
1,11903,1.700
1,11904,1.867
1,11905,1.873
1,11906,1.730
1,11907,1.706
1,11908,3.214
1,11909,2.352
1,11910,1.836
1,11911,2.064
1,11912,2.169
1,11913,1.757
1,11914,1.922
1,11915,1.818
1,11916,1.908
1,11917,3.012
1,11918,2.371
1,11919,1.862
1,11920,1.504
1,11921,2.559
1,11922,2.215
1,11923,1.873
1,11924,3.430
1,11925,2.178
1,11926,1.881
1,11927,2.261
1,11928,2.119
1,11929,1.744
1,11930,1.873
1,11931,2.280
1,11932,2.903
1,11933,2.149
1,11934,2.241
1,11935,1.813
1,11936,1.641
1,11937,1.896
1,11938,1.784
1,11939,1.722
1,11940,1.759
1,11941,2.234
1,11942,1.914
1,11943,1.761
1,11944,1.620
1,11945,1.851
1,11946,1.770
1,11947,1.599
1,11948,2.239
1,11949,2.248
1,11950,2.551
1,11951,2.515
1,11952,2.757
1,11953,3.261
1,11954,3.434
1,11955,2.773
1,11956,2.888
1,11957,2.350
1,11958,2.272
1,11959,2.252
1,11960,2.128
1,11961,1.689
1,11962,1.928
1,11963,1.980
1,11964,2.105
1,11965,1.812
1,11966,1.869
1,11967,1.791
1,11968,2.005
1,11969,2.579
1,11970,2.538
1,11971,2.723
1,11972,3.062
1,11973,2.602
1,11974,3.238
1,11975,2.651
1,11976,2.862
1,11977,2.553
1,11978,2.549
1,11979,2.297
1,11980,2.346
1,11981,1.967
1,11982,1.883
1,11983,2.506
1,11984,2.282
1,11985,2.023
1,11986,2.302
1,11987,1.888
1,11988,1.725
1,11989,1.749
1,11990,1.943
1,11991,1.734
1,11992,1.441
1,11993,1.589
1,11994,1.999
1,11995,1.744
1,11996,3.095
1,11997,2.704
1,11998,2.346
1,11999,3.011
1,12000,2.623
1,12001,2.201
1,12002,2.620
1,12003,2.485
1,12004,2.135
1,12005,2.122
1,12006,2.113
1,12007,1.959
1,12008,2.386
1,12009,2.356
1,12010,1.845
1,12011,2.316
1,12012,2.285
1,12013,2.087
1,12014,1.956
1,12015,2.548
1,12016,2.265
1,12017,2.038
1,12018,2.146
1,12019,2.362
1,12020,1.925
1,12021,1.975
1,12022,2.277
1,12023,2.813
1,12024,2.174
1,12025,1.851
1,12026,1.594
1,12027,2.618
1,12028,1.939
1,12029,1.580
1,12030,1.633
1,12031,2.196
1,12032,1.990
1,12033,1.565
1,12034,1.619
1,12035,1.940
1,12036,2.167
1,12037,1.729
1,12038,1.814
1,12039,1.958
1,12040,2.042
1,12041,1.962
1,12042,2.110
1,12043,2.115
1,12044,1.837
1,12045,2.648
1,12046,3.141
1,12047,2.731
1,12048,2.484
1,12049,2.395
1,12050,1.875
1,12051,2.104
1,12052,2.109
1,12053,2.208
1,12054,2.476
1,12055,2.097
1,12056,1.754
1,12057,1.609
1,12058,1.754
1,12059,1.775
1,12060,1.714
1,12061,2.781
1,12062,2.094
1,12063,2.021
1,12064,1.982
1,12065,2.015
1,12066,1.985
1,12067,1.855
1,12068,2.361
1,12069,2.265
1,12070,2.100
1,12071,2.032
1,12072,1.852
1,12073,1.718
1,12074,1.651
1,12075,1.833
1,12076,1.875
1,12077,2.326
1,12078,2.221
1,12079,2.070
1,12080,1.794
1,12081,1.796
1,12082,1.801
1,12083,1.762
1,12084,1.754
1,12085,2.012
1,12086,2.467
1,12087,2.025
1,12088,1.481
1,12089,1.795
1,12090,1.980
1,12091,1.828
1,12092,1.810
1,12093,2.004
1,12094,2.616
1,12095,2.538
1,12096,2.767
1,12097,1.973
1,12098,1.603
1,12099,1.750
1,12100,1.745
1,12101,1.934
1,12102,1.993
1,12103,1.837
1,12104,1.914
1,12105,1.989
1,12106,1.978
1,12107,2.000
1,12108,1.651
1,12109,1.633
1,12110,2.000
1,12111,2.181
1,12112,1.846
1,12113,1.548
1,12114,2.537
1,12115,1.930
1,12116,1.726
1,12117,1.900
1,12118,2.115
1,12119,2.062
1,12120,2.206
1,12121,2.439
1,12122,2.727
1,12123,3.767
1,12124,2.351
1,12125,1.906
1,12126,1.796
1,12127,1.762
1,12128,1.669
1,12129,1.619
1,12130,2.153
1,12131,1.889
1,12132,1.538
1,12133,3.286
1,12134,2.929
1,12135,2.268
1,12136,2.379
1,12137,2.602
1,12138,2.726
1,12139,3.745
1,12140,2.783
1,12141,3.757
1,12142,2.803
1,12143,2.362
1,12144,2.937
1,12145,2.448
1,12146,2.378
1,12147,1.818
1,12148,1.781
1,12149,2.028
1,12150,2.137
1,12151,2.120
1,12152,2.716
1,12153,2.187
1,12154,1.975
1,12155,2.118
1,12156,1.992
1,12157,2.021
1,12158,2.148
1,12159,2.364
1,12160,2.330
1,12161,1.706
1,12162,1.979
1,12163,2.213
1,12164,1.892
1,12165,1.934
1,12166,2.241
1,12167,2.387
1,12168,2.230
1,12169,2.150
1,12170,1.682
1,12171,1.465
1,12172,1.726
1,12173,1.791
1,12174,2.068
1,12175,1.872
1,12176,1.726
1,12177,1.958
1,12178,1.602
1,12179,1.478
1,12180,1.735
1,12181,1.777
1,12182,1.459
1,12183,1.601
1,12184,2.732
1,12185,1.813
1,12186,1.699
1,12187,2.026
1,12188,2.035
1,12189,2.017
1,12190,2.242
1,12191,3.201
1,12192,2.517
1,12193,2.364
1,12194,2.315
1,12195,2.240
1,12196,1.599
1,12197,1.809
1,12198,2.344
1,12199,2.264
1,12200,2.084
1,12201,1.689
1,12202,1.656
1,12203,1.562
1,12204,1.906
1,12205,1.744
1,12206,1.499
1,12207,1.693
1,12208,2.149
1,12209,1.889
1,12210,1.969
1,12211,2.002
1,12212,1.839
1,12213,2.369
1,12214,2.069
1,12215,2.441
1,12216,2.061
1,12217,1.766
1,12218,2.032
1,12219,1.957
1,12220,2.105
1,12221,2.209
1,12222,2.207
1,12223,2.059
1,12224,1.984
1,12225,2.256
1,12226,1.994
1,12227,1.759
1,12228,2.014
1,12229,2.125
1,12230,2.489
1,12231,2.404
1,12232,2.197
1,12233,2.110
1,12234,2.228
1,12235,2.341
1,12236,2.180
1,12237,2.673
1,12238,3.288
1,12239,2.388
1,12240,2.638
1,12241,2.278
1,12242,2.310
1,12243,2.639
1,12244,2.728
1,12245,3.092
1,12246,2.291
1,12247,2.070
1,12248,2.248
1,12249,2.294
1,12250,2.317
1,12251,2.069
1,12252,2.092
1,12253,3.317
1,12254,3.159
1,12255,3.171
1,12256,2.795
1,12257,2.635
1,12258,2.134
1,12259,2.918
1,12260,2.595
1,12261,2.908
1,12262,2.614
1,12263,2.408
1,12264,2.432
1,12265,2.388
1,12266,2.484
1,12267,2.213
1,12268,2.713
1,12269,2.341
1,12270,2.360
1,12271,2.296
1,12272,2.312
1,12273,2.577
1,12274,2.535
1,12275,2.672
1,12276,5.599
1,12277,3.005
1,12278,2.488
1,12279,3.135
1,12280,3.253
1,12281,4.476
1,12282,2.871
1,12283,2.482
1,12284,2.940
1,12285,2.896
1,12286,2.548
1,12287,2.545
1,12288,2.437
1,12289,2.722
1,12290,2.597
1,12291,2.494
1,12292,3.216
1,12293,2.796
1,12294,2.733
1,12295,2.599
1,12296,2.906
1,12297,2.700
1,12298,2.570
1,12299,2.208
1,12300,2.498
1,12301,2.739
1,12302,2.541
1,12303,2.287
1,12304,2.139
1,12305,2.539
1,12306,2.155
1,12307,1.820
1,12308,2.591
1,12309,2.418
1,12310,2.219
1,12311,2.347
1,12312,2.458
1,12313,3.034
1,12314,3.539
1,12315,3.086
1,12316,4.350
1,12317,2.376
1,12318,2.087
1,12319,2.548
1,12320,2.633
1,12321,2.476
1,12322,1.933
1,12323,1.850
1,12324,1.949
1,12325,2.159
1,12326,1.761
1,12327,1.978
1,12328,2.949
1,12329,1.939
1,12330,1.699
1,12331,1.986
1,12332,2.002
1,12333,1.898
1,12334,1.691
1,12335,2.435
1,12336,2.490
1,12337,1.639
1,12338,1.905
1,12339,1.798
1,12340,1.677
1,12341,1.716
1,12342,1.783
1,12343,1.632
1,12344,2.573
1,12345,2.653
1,12346,2.034
1,12347,1.602
1,12348,1.707
1,12349,1.849
1,12350,1.762
1,12351,1.743
1,12352,1.862
1,12353,1.964
1,12354,2.267
1,12355,1.664
1,12356,1.903
1,12357,2.030
1,12358,1.755
1,12359,1.959
1,12360,2.823
1,12361,2.528
1,12362,2.629
1,12363,2.432
1,12364,1.757
1,12365,1.740
1,12366,1.799
1,12367,1.696
1,12368,1.789
1,12369,1.817
1,12370,1.893
1,12371,2.299
1,12372,1.616
1,12373,1.600
1,12374,1.755
1,12375,1.613
1,12376,1.470
1,12377,1.879
1,12378,1.864
1,12379,1.488
1,12380,1.760
1,12381,2.080
1,12382,1.963
1,12383,1.901
1,12384,1.748
1,12385,2.209
1,12386,3.045
1,12387,2.857
1,12388,2.513
1,12389,2.469
1,12390,1.803
1,12391,1.978
1,12392,1.858
1,12393,1.565
1,12394,1.724
1,12395,1.783
1,12396,1.669
1,12397,1.540
1,12398,1.573
1,12399,1.853
1,12400,1.655
1,12401,1.694
1,12402,2.665
1,12403,2.385
1,12404,1.858
1,12405,1.910
1,12406,1.750
1,12407,1.677
1,12408,2.054
1,12409,2.103
1,12410,2.785
1,12411,2.552
1,12412,2.461
1,12413,2.049
1,12414,1.775
1,12415,1.788
1,12416,2.998
1,12417,2.749
1,12418,4.486
1,12419,2.926
1,12420,2.471
1,12421,2.696
1,12422,2.847
1,12423,2.721
1,12424,2.253
1,12425,2.425
1,12426,2.324
1,12427,2.640
1,12428,3.005
1,12429,3.080
1,12430,3.021
1,12431,2.555
1,12432,2.255
1,12433,3.435
1,12434,3.616
1,12435,3.723
1,12436,2.644
1,12437,2.685
1,12438,2.614
1,12439,2.321
1,12440,2.651
1,12441,2.469
1,12442,2.628
1,12443,2.579
1,12444,2.945
1,12445,4.914
1,12446,2.726
1,12447,2.866
1,12448,3.425
1,12449,2.763
1,12450,2.316
1,12451,2.210
1,12452,2.428
1,12453,2.398
1,12454,2.555
1,12455,3.186
1,12456,2.503
1,12457,2.564
1,12458,2.317
1,12459,2.184
1,12460,2.335
1,12461,2.555
1,12462,2.858
1,12463,2.736
1,12464,2.829
1,12465,2.808
1,12466,3.133
1,12467,3.197
1,12468,4.224
1,12469,2.214
1,12470,2.004
1,12471,1.563
1,12472,1.532
1,12473,1.564
1,12474,2.626
1,12475,2.817
1,12476,2.964
1,12477,2.451
1,12478,2.045
1,12479,1.951
1,12480,1.804
1,12481,2.347
1,12482,1.861
1,12483,1.775
1,12484,2.103
1,12485,1.772
1,12486,1.795
1,12487,2.273
1,12488,3.179
1,12489,2.568
1,12490,1.905
1,12491,1.593
1,12492,1.738
1,12493,1.951
1,12494,1.723
1,12495,1.558
1,12496,2.364
1,12497,2.698
1,12498,2.069
1,12499,1.622
1,12500,1.578
1,12501,1.891
1,12502,1.679
1,12503,1.490
1,12504,2.356
1,12505,2.511
1,12506,2.264
1,12507,2.025
1,12508,1.823
1,12509,1.893
1,12510,2.153
1,12511,2.145
1,12512,1.979
1,12513,2.095
1,12514,2.008
1,12515,1.923
1,12516,2.121
1,12517,2.257
1,12518,2.447
1,12519,2.186
1,12520,2.629
1,12521,2.138
1,12522,1.781
1,12523,1.797
1,12524,1.629
1,12525,1.652
1,12526,1.661
1,12527,2.093
1,12528,2.869
1,12529,1.732
1,12530,1.518
1,12531,1.815
1,12532,1.731
1,12533,1.922
1,12534,3.730
1,12535,3.294
1,12536,3.603
1,12537,2.564
1,12538,1.793
1,12539,1.868
1,12540,1.696
1,12541,1.655
1,12542,3.033
1,12543,2.826
1,12544,2.075
1,12545,2.141
1,12546,2.204
1,12547,1.764
1,12548,1.980
1,12549,2.342
1,12550,2.227
1,12551,2.526
1,12552,2.154
1,12553,2.465
1,12554,2.278
1,12555,2.393
1,12556,2.320
1,12557,2.885
1,12558,3.132
1,12559,2.149
1,12560,1.856
1,12561,2.138
1,12562,2.164
1,12563,2.185
1,12564,2.110
1,12565,1.910
1,12566,2.029
1,12567,1.700
1,12568,1.939
1,12569,1.598
1,12570,1.738
1,12571,2.673
1,12572,2.873
1,12573,4.149
1,12574,2.594
1,12575,1.684
1,12576,1.910
1,12577,2.170
1,12578,1.794
1,12579,1.716
1,12580,2.215
1,12581,2.365
1,12582,1.859
1,12583,2.149
1,12584,2.606
1,12585,2.264
1,12586,2.130
1,12587,1.982
1,12588,1.698
1,12589,1.674
1,12590,1.766
1,12591,1.784
1,12592,2.421
1,12593,2.159
1,12594,1.860
1,12595,1.528
1,12596,1.629
1,12597,1.801
1,12598,1.599
1,12599,1.541
1,12600,1.988
1,12601,2.064
1,12602,2.546
1,12603,1.961
1,12604,1.850
1,12605,1.990
1,12606,2.025
1,12607,1.661
1,12608,2.191
1,12609,2.018
1,12610,1.709
1,12611,1.805
1,12612,1.817
1,12613,1.836
1,12614,1.670
1,12615,1.712
1,12616,2.087
1,12617,1.912
1,12618,1.748
1,12619,2.069
1,12620,2.510
1,12621,1.966
1,12622,1.975
1,12623,2.127
1,12624,1.797
1,12625,1.711
1,12626,1.822
1,12627,1.680
1,12628,1.873
1,12629,2.125
1,12630,1.876
1,12631,1.923
1,12632,2.137
1,12633,2.483
1,12634,2.322
1,12635,2.127
1,12636,2.292
1,12637,2.351
1,12638,1.698
1,12639,1.460
1,12640,2.769
1,12641,2.921
1,12642,2.432
1,12643,2.254
1,12644,1.999
1,12645,2.143
1,12646,2.075
1,12647,2.090
1,12648,1.839
1,12649,1.987
1,12650,1.803
1,12651,1.705
1,12652,1.768
1,12653,1.973
1,12654,2.222
1,12655,1.923
1,12656,2.276
1,12657,2.002
1,12658,1.608
1,12659,1.422
1,12660,1.776
1,12661,1.584
1,12662,1.620
1,12663,1.596
1,12664,2.650
1,12665,1.943
1,12666,1.589
1,12667,1.484
1,12668,2.132
1,12669,2.318
1,12670,2.271
1,12671,2.966
1,12672,3.040
1,12673,2.262
1,12674,2.723
1,12675,2.357
1,12676,2.555
1,12677,2.887
1,12678,2.858
1,12679,3.726
1,12680,2.702
1,12681,2.755
1,12682,3.033
1,12683,3.571
1,12684,2.845
1,12685,3.526
1,12686,2.802
1,12687,2.913
1,12688,3.507
1,12689,3.044
1,12690,2.711
1,12691,3.817
1,12692,4.108
1,12693,5.830
1,12694,3.038
1,12695,3.964
1,12696,3.079
1,12697,3.025
1,12698,2.585
1,12699,2.440
1,12700,2.561
1,12701,2.932
1,12702,2.690
1,12703,2.988
1,12704,2.581
1,12705,2.543
1,12706,2.769
1,12707,2.564
1,12708,3.774
1,12709,3.133
1,12710,2.944
1,12711,2.928
1,12712,3.148
1,12713,2.817
1,12714,3.334
1,12715,2.439
1,12716,1.895
1,12717,2.927
1,12718,2.908
1,12719,2.940
1,12720,2.907
1,12721,2.822
1,12722,2.809
1,12723,2.899
1,12724,2.840
1,12725,2.725
1,12726,2.514
1,12727,2.804
1,12728,2.719
1,12729,3.312
1,12730,2.737
1,12731,2.434
1,12732,2.563
1,12733,2.481
1,12734,2.789
1,12735,3.140
1,12736,2.546
1,12737,2.489
1,12738,2.328
1,12739,2.649
1,12740,2.843
1,12741,2.566
1,12742,3.228
1,12743,2.405
1,12744,2.447
1,12745,2.963
1,12746,2.507
1,12747,3.940
1,12748,3.010
1,12749,2.701
1,12750,3.093
1,12751,2.197
1,12752,2.973
1,12753,2.680
1,12754,2.136
1,12755,3.459
1,12756,2.073
1,12757,2.099
1,12758,2.578
1,12759,3.338
1,12760,2.792
1,12761,2.901
1,12762,3.345
1,12763,2.719
1,12764,3.145
1,12765,3.121
1,12766,2.779
1,12767,2.926
1,12768,2.816
1,12769,2.815
1,12770,2.693
1,12771,2.583
1,12772,3.327
1,12773,2.355
1,12774,2.584
1,12775,3.222
1,12776,2.550
1,12777,2.747
1,12778,3.062
1,12779,2.787
1,12780,2.801
1,12781,3.711
1,12782,3.157
1,12783,2.891
1,12784,3.118
1,12785,2.491
1,12786,3.619
1,12787,2.993
1,12788,3.461
1,12789,3.254
1,12790,3.284
1,12791,3.155
1,12792,2.848
1,12793,3.138
1,12794,3.265
1,12795,3.812
1,12796,3.079
1,12797,3.098
1,12798,2.919
1,12799,3.525
1,12800,2.731
1,12801,2.971
1,12802,2.815
1,12803,2.656
1,12804,2.971
1,12805,3.217
1,12806,3.302
1,12807,2.967
1,12808,3.301
1,12809,2.828
1,12810,2.896
1,12811,3.404
1,12812,2.908
1,12813,3.832
1,12814,6.070
1,12815,3.060
1,12816,3.714
1,12817,2.978
1,12818,3.445
1,12819,2.742
1,12820,3.265
1,12821,3.073
1,12822,3.036
1,12823,2.970
1,12824,3.594
1,12825,3.488
1,12826,2.959
1,12827,3.521
1,12828,3.440
1,12829,4.133
1,12830,4.107
1,12831,3.093
1,12832,2.897
1,12833,4.504
1,12834,4.795
1,12835,3.234
1,12836,4.782
1,12837,3.613
1,12838,3.472
1,12839,2.777
1,12840,2.741
1,12841,2.568
1,12842,3.184
1,12843,3.714
1,12844,2.441
1,12845,2.443
1,12846,2.333
1,12847,2.547
1,12848,2.397
1,12849,2.493
1,12850,3.197
1,12851,2.616
1,12852,2.257
1,12853,2.841
1,12854,2.556
1,12855,2.853
1,12856,2.827
1,12857,3.020
1,12858,2.880
1,12859,2.420
1,12860,2.270
1,12861,3.068
1,12862,2.523
1,12863,2.215
1,12864,2.776
1,12865,2.120
1,12866,2.302
1,12867,2.640
1,12868,3.165
1,12869,2.823
1,12870,2.441
1,12871,2.429
1,12872,2.153
1,12873,2.338
1,12874,2.686
1,12875,2.244
1,12876,2.151
1,12877,2.217
1,12878,2.222
1,12879,2.827
1,12880,4.666
1,12881,3.145
1,12882,2.601
1,12883,4.057
1,12884,2.736
1,12885,2.070
1,12886,1.612
1,12887,1.729
1,12888,1.816
1,12889,1.890
1,12890,1.687
1,12891,1.560
1,12892,1.583
1,12893,1.590
1,12894,2.237
1,12895,2.500
1,12896,1.776
1,12897,1.493
1,12898,1.775
1,12899,1.878
1,12900,1.711
1,12901,1.841
1,12902,1.693
1,12903,2.497
1,12904,2.407
1,12905,2.631
1,12906,2.440
1,12907,2.122
1,12908,2.127
1,12909,2.384
1,12910,2.293
1,12911,2.267
1,12912,2.214
1,12913,2.075
1,12914,2.120
1,12915,2.110
1,12916,1.864
1,12917,2.285
1,12918,2.245
1,12919,2.510
1,12920,2.092
1,12921,2.743
1,12922,2.388
1,12923,2.826
1,12924,3.637
1,12925,2.712
1,12926,3.244
1,12927,2.414
1,12928,2.346
1,12929,2.725
1,12930,2.595
1,12931,2.140
1,12932,2.013
1,12933,2.112
1,12934,1.867
1,12935,1.988
1,12936,1.614
1,12937,1.782
1,12938,1.988
1,12939,1.857
1,12940,1.841
1,12941,1.645
1,12942,1.955
1,12943,1.885
1,12944,1.701
1,12945,1.600
1,12946,2.997
1,12947,3.041
1,12948,2.656
1,12949,3.565
1,12950,2.978
1,12951,2.436
1,12952,2.318
1,12953,2.112
1,12954,1.970
1,12955,1.761
1,12956,1.730
1,12957,1.750
1,12958,2.282
1,12959,1.803
1,12960,1.682
1,12961,1.831
1,12962,1.764
1,12963,1.647
1,12964,1.583
1,12965,1.538
1,12966,1.573
1,12967,1.717
1,12968,2.520
1,12969,2.848
1,12970,2.144
1,12971,1.875
1,12972,2.146
1,12973,2.328
1,12974,2.022
1,12975,2.719
1,12976,2.826
1,12977,1.789
1,12978,1.774
1,12979,1.744
1,12980,1.480
1,12981,5.014
1,12982,3.120
1,12983,3.442
1,12984,2.664
1,12985,2.578
1,12986,2.700
1,12987,2.869
1,12988,2.741
1,12989,3.044
1,12990,2.817
1,12991,2.912
1,12992,3.432
1,12993,2.862
1,12994,2.674
1,12995,5.445
1,12996,3.389
1,12997,3.013
1,12998,2.965
1,12999,3.411
1,13000,2.464
1,13001,1.819
1,13002,2.025
1,13003,2.812
1,13004,2.199
1,13005,2.196
1,13006,2.323
1,13007,2.044
1,13008,2.665
1,13009,2.185
1,13010,2.685
1,13011,2.260
1,13012,1.723
1,13013,1.699
1,13014,1.686
1,13015,2.043
1,13016,1.954
1,13017,2.412
1,13018,2.438
1,13019,1.945
1,13020,1.915
1,13021,1.884
1,13022,1.778
1,13023,1.711
1,13024,2.148
1,13025,3.282
1,13026,2.225
1,13027,2.352
1,13028,2.416
1,13029,2.341
1,13030,2.311
1,13031,2.570
1,13032,3.025
1,13033,2.629
1,13034,2.144
1,13035,1.877
1,13036,2.324
1,13037,2.260
1,13038,2.778
1,13039,2.745
1,13040,2.159
1,13041,2.028
1,13042,2.253
1,13043,2.024
1,13044,2.168
1,13045,2.629
1,13046,2.278
1,13047,2.262
1,13048,2.667
1,13049,2.261
1,13050,2.374
1,13051,3.203
1,13052,2.097
1,13053,1.798
1,13054,2.206
1,13055,2.590
1,13056,1.727
1,13057,1.876
1,13058,2.085
1,13059,1.963
1,13060,1.860
1,13061,1.748
1,13062,1.928
1,13063,1.827
1,13064,2.349
1,13065,1.869
1,13066,1.699
1,13067,1.657
1,13068,1.766
1,13069,1.601
1,13070,1.656
1,13071,1.574
1,13072,1.717
1,13073,1.787
1,13074,1.972
1,13075,2.088
1,13076,3.387
1,13077,3.606
1,13078,3.706
1,13079,2.076
1,13080,2.236
1,13081,2.079
1,13082,1.677
1,13083,1.737
1,13084,1.950
1,13085,1.748
1,13086,1.682
1,13087,1.800
1,13088,1.952
1,13089,2.967
1,13090,2.229
1,13091,1.933
1,13092,1.621
1,13093,1.574
1,13094,1.814
1,13095,1.636
1,13096,1.590
1,13097,1.752
1,13098,2.858
1,13099,2.346
1,13100,1.892
1,13101,1.897
1,13102,2.002
1,13103,2.054
1,13104,1.824
1,13105,1.815
1,13106,2.952
1,13107,2.148
1,13108,2.085
1,13109,1.895
1,13110,1.785
1,13111,1.758
1,13112,1.833
1,13113,2.469
1,13114,2.340
1,13115,1.889
1,13116,1.868
1,13117,1.675
1,13118,1.515
1,13119,1.640
1,13120,1.515
1,13121,1.562
1,13122,1.911
1,13123,2.217
1,13124,2.341
1,13125,1.911
1,13126,2.186
1,13127,2.174
1,13128,2.047
1,13129,2.198
1,13130,2.162
1,13131,1.764
1,13132,2.453
1,13133,1.747
1,13134,1.817
1,13135,1.499
1,13136,2.105
1,13137,2.827
1,13138,2.534
1,13139,2.354
1,13140,2.175
1,13141,1.661
1,13142,1.617
1,13143,1.758
1,13144,2.125
1,13145,2.422
1,13146,2.078
1,13147,1.962
1,13148,1.731
1,13149,2.345
1,13150,2.074
1,13151,1.920
1,13152,1.888
1,13153,2.387
1,13154,1.999
1,13155,1.577
1,13156,1.528
1,13157,1.795
1,13158,1.923
1,13159,1.743
1,13160,1.515
1,13161,1.879
1,13162,2.150
1,13163,1.869
1,13164,2.076
1,13165,1.885
1,13166,1.496
1,13167,1.491
1,13168,2.074
1,13169,1.658
1,13170,2.396
1,13171,2.251
1,13172,2.038
1,13173,1.829
1,13174,1.598
1,13175,1.917
1,13176,1.925
1,13177,2.439
1,13178,2.596
1,13179,2.776
1,13180,2.197
1,13181,1.941
1,13182,2.124
1,13183,2.130
1,13184,2.541
1,13185,2.989
1,13186,2.657
1,13187,2.802
1,13188,2.308
1,13189,1.684
1,13190,2.019
1,13191,2.536
1,13192,2.735
1,13193,3.089
1,13194,2.502
1,13195,2.014
1,13196,2.336
1,13197,2.403
1,13198,2.124
1,13199,3.788
1,13200,2.294
1,13201,1.721
1,13202,1.719
1,13203,2.081
1,13204,2.260
1,13205,2.422
1,13206,1.730
1,13207,2.180
1,13208,2.112
1,13209,2.263
1,13210,1.775
1,13211,1.991
1,13212,2.075
1,13213,1.721
1,13214,1.619
1,13215,1.738
1,13216,2.027
1,13217,2.018
1,13218,1.727
1,13219,2.063
1,13220,2.195
1,13221,1.845
1,13222,1.663
1,13223,1.870
1,13224,1.956
1,13225,2.309
1,13226,1.848
1,13227,2.307
1,13228,2.131
1,13229,1.977
1,13230,2.089
1,13231,1.751
1,13232,1.621
1,13233,2.039
1,13234,2.490
1,13235,2.816
1,13236,2.176
1,13237,1.967
1,13238,1.776
1,13239,1.871
1,13240,2.121
1,13241,1.796
1,13242,3.129
1,13243,2.300
1,13244,2.067
1,13245,1.903
1,13246,2.183
1,13247,2.091
1,13248,3.027
1,13249,3.785
1,13250,3.035
1,13251,2.359
1,13252,2.285
1,13253,2.424
1,13254,2.504
1,13255,3.063
1,13256,3.142
1,13257,2.115
1,13258,2.023
1,13259,2.002
1,13260,2.339
1,13261,2.054
1,13262,1.915
1,13263,2.013
1,13264,2.020
1,13265,1.919
1,13266,2.030
1,13267,1.790
1,13268,1.914
1,13269,2.430
1,13270,1.987
1,13271,1.649
1,13272,1.500
1,13273,2.132
1,13274,1.691
1,13275,1.710
1,13276,1.654
1,13277,2.315
1,13278,3.043
1,13279,2.462
1,13280,2.249
1,13281,2.223
1,13282,1.743
1,13283,1.909
1,13284,2.445
1,13285,1.783
1,13286,1.691
1,13287,1.878
1,13288,1.848
1,13289,1.612
1,13290,2.718
1,13291,2.002
1,13292,2.361
1,13293,2.661
1,13294,2.461
1,13295,1.986
1,13296,1.794
1,13297,1.821
1,13298,2.268
1,13299,2.715
1,13300,2.432
1,13301,1.924
1,13302,1.739
1,13303,2.291
1,13304,2.015
1,13305,1.490
1,13306,2.428
1,13307,1.908
1,13308,1.906
1,13309,1.925
1,13310,1.839
1,13311,1.874
1,13312,1.690
1,13313,1.516
1,13314,1.947
1,13315,2.489
1,13316,2.166
1,13317,2.174
1,13318,2.472
1,13319,2.369
1,13320,2.432
1,13321,2.350
1,13322,2.766
1,13323,2.904
1,13324,2.376
1,13325,2.593
1,13326,2.625
1,13327,2.385
1,13328,3.044
1,13329,2.769
1,13330,2.955
1,13331,2.447
1,13332,2.612
1,13333,2.699
1,13334,3.535
1,13335,3.387
1,13336,3.867
1,13337,3.046
1,13338,3.168
1,13339,2.962
1,13340,2.708
1,13341,2.511
1,13342,3.011
1,13343,2.690
1,13344,2.824
1,13345,2.716
1,13346,2.582
1,13347,2.743
1,13348,2.544
1,13349,2.990
1,13350,3.462
1,13351,2.745
1,13352,2.979
1,13353,2.955
1,13354,2.969
1,13355,3.050
1,13356,2.710
1,13357,2.874
1,13358,2.447
1,13359,2.777
1,13360,3.000
1,13361,3.229
1,13362,2.610
1,13363,2.590
1,13364,2.889
1,13365,2.672
1,13366,3.083
1,13367,3.002
1,13368,2.638
1,13369,2.947
1,13370,2.782
1,13371,3.450
1,13372,2.877
1,13373,3.126
1,13374,2.930
1,13375,2.694
1,13376,2.835
1,13377,3.165
1,13378,2.856
1,13379,2.870
1,13380,2.524
1,13381,2.788
1,13382,2.735
1,13383,3.132
1,13384,3.268
1,13385,3.360
1,13386,2.817
1,13387,2.654
1,13388,3.415
1,13389,2.620
1,13390,2.662
1,13391,2.876
1,13392,2.675
1,13393,2.839
1,13394,2.614
1,13395,2.915
1,13396,2.699
1,13397,2.557
1,13398,3.293
1,13399,2.822
1,13400,3.587
1,13401,3.300
1,13402,3.025
1,13403,2.792
1,13404,3.466
1,13405,3.483
1,13406,2.834
1,13407,2.861
1,13408,2.703
1,13409,2.996
1,13410,2.924
1,13411,2.799
1,13412,2.873
1,13413,2.717
1,13414,2.896
1,13415,4.816
1,13416,3.925
1,13417,3.104
1,13418,2.927
1,13419,2.564
1,13420,2.603
1,13421,2.833
1,13422,3.322
1,13423,2.613
1,13424,2.550
1,13425,2.832
1,13426,2.871
1,13427,2.723
1,13428,3.138
1,13429,2.545
1,13430,2.629
1,13431,2.695
1,13432,2.719
1,13433,2.727
1,13434,2.445
1,13435,3.058
1,13436,2.686
1,13437,2.882
1,13438,3.020
1,13439,2.967
1,13440,2.794
1,13441,2.699
1,13442,2.799
1,13443,2.892
1,13444,2.154
1,13445,2.111
1,13446,2.484
1,13447,2.352
1,13448,2.701
1,13449,2.475
1,13450,2.252
1,13451,2.313
1,13452,2.261
1,13453,1.968
1,13454,2.348
1,13455,2.412
1,13456,3.061
1,13457,3.299
1,13458,2.600
1,13459,2.980
1,13460,2.538
1,13461,2.097
1,13462,3.167
1,13463,2.751
1,13464,2.142
1,13465,2.280
1,13466,2.203
1,13467,2.221
1,13468,2.723
1,13469,2.154
1,13470,2.117
1,13471,3.000
1,13472,2.461
1,13473,2.149
1,13474,2.758
1,13475,2.405
1,13476,2.491
1,13477,2.465
1,13478,2.943
1,13479,2.836
1,13480,2.469
1,13481,2.371
1,13482,2.487
1,13483,2.261
1,13484,2.301
1,13485,2.454
1,13486,2.243
1,13487,2.851
1,13488,2.688
1,13489,2.234
1,13490,2.856
1,13491,2.619
1,13492,3.179
1,13493,3.280
1,13494,2.931
1,13495,2.852
1,13496,2.576
1,13497,2.811
1,13498,3.634
1,13499,2.887
1,13500,2.740
1,13501,2.792
1,13502,2.820
1,13503,2.762
1,13504,3.730
1,13505,2.727
1,13506,2.446
1,13507,2.754
1,13508,2.581
1,13509,2.863
1,13510,3.145
1,13511,2.746
1,13512,2.820
1,13513,2.582
1,13514,2.751
1,13515,3.347
1,13516,3.303
1,13517,2.724
1,13518,2.627
1,13519,2.964
1,13520,2.831
1,13521,3.525
1,13522,2.960
1,13523,2.722
1,13524,2.845
1,13525,2.520
1,13526,3.068
1,13527,2.696
1,13528,3.274
1,13529,2.702
1,13530,2.866
1,13531,3.010
1,13532,3.378
1,13533,2.817
1,13534,2.997
1,13535,2.812
1,13536,3.087
1,13537,3.840
1,13538,3.019
1,13539,3.186
1,13540,3.150
1,13541,3.149
1,13542,2.785
1,13543,2.575
1,13544,2.831
1,13545,2.685
1,13546,3.091
1,13547,2.587
1,13548,2.487
1,13549,2.817
1,13550,2.419
1,13551,2.055
2,1,2.617
2,2,2.399
2,3,2.751
2,4,2.170
2,5,1.872
2,6,1.728
2,7,1.836
2,8,1.831
2,9,1.568
2,10,1.511
2,11,2.513
2,12,1.858
2,13,1.722
2,14,1.443
2,15,1.509
2,16,1.778
2,17,1.718
2,18,1.619
2,19,2.243
2,20,2.687
2,21,2.585
2,22,2.400
2,23,2.607
2,24,3.861
2,25,2.559
2,26,2.070
2,27,2.091
2,28,2.000
2,29,1.681
2,30,1.668
2,31,1.827
2,32,1.934
2,33,1.906
2,34,1.709
2,35,1.941
2,36,1.726
2,37,1.722
2,38,1.986
2,39,1.651
2,40,1.634
2,41,2.022
2,42,2.159
2,43,2.143
2,44,1.816
2,45,1.709
2,46,1.989
2,47,2.987
2,48,2.165
2,49,2.190
2,50,1.979
2,51,1.672
2,52,1.747
2,53,1.760
2,54,1.524
2,55,1.432
2,56,2.287
2,57,2.297
2,58,2.137
2,59,1.620
2,60,1.962
2,61,2.099
2,62,1.657
2,63,1.713
2,64,1.896
2,65,2.094
2,66,2.442
2,67,2.271
2,68,2.438
2,69,2.312
2,70,2.487
2,71,3.083
2,72,3.287
2,73,2.146
2,74,1.999
2,75,1.923
2,76,2.279
2,77,1.959
2,78,1.704
2,79,2.286
2,80,3.050
2,81,2.308
2,82,2.151
2,83,2.085
2,84,1.888
2,85,2.220
2,86,2.152
2,87,2.800
2,88,2.741
2,89,2.172
2,90,2.088
2,91,2.471
2,92,2.177
2,93,2.223
2,94,2.848
2,95,3.092
2,96,2.453
2,97,2.311
2,98,2.118
2,99,2.255
2,100,2.606
2,101,2.476
2,102,2.381
2,103,1.733
2,104,1.632
2,105,1.600
2,106,1.610
2,107,1.725
2,108,1.566
2,109,2.366
2,110,2.373
2,111,2.200
2,112,1.971
2,113,1.924
2,114,1.857
2,115,1.912
2,116,2.238
2,117,2.129
2,118,1.857
2,119,1.611
2,120,2.203
2,121,1.705
2,122,1.703
2,123,2.094
2,124,2.673
2,125,2.906
2,126,2.482
2,127,2.238
2,128,2.061
2,129,1.874
2,130,1.995
2,131,1.893
2,132,2.092
2,133,2.158
2,134,2.216
2,135,1.923
2,136,2.134
2,137,2.592
2,138,2.135
2,139,1.766
2,140,2.900
2,141,2.296
2,142,2.308
2,143,2.622
2,144,2.390
2,145,2.600
2,146,2.118
2,147,2.328
2,148,2.100
2,149,2.282
2,150,1.799
2,151,1.545
2,152,1.733
2,153,1.868
2,154,1.999
2,155,2.573
2,156,1.903
2,157,1.955
2,158,1.829
2,159,2.019
2,160,2.103
2,161,1.820
2,162,1.805
2,163,3.310
2,164,2.235
2,165,1.826
2,166,2.000
2,167,1.826
2,168,1.589
2,169,1.875
2,170,1.846
2,171,2.461
2,172,2.485
2,173,2.241
2,174,1.821
2,175,1.481
2,176,1.732
2,177,2.321
2,178,2.815
2,179,2.361
2,180,2.376
2,181,2.004
2,182,1.827
2,183,4.165
2,184,2.520
2,185,2.323
2,186,2.404
2,187,2.217
2,188,2.027
2,189,1.893
2,190,1.697
2,191,2.104
2,192,2.062
2,193,1.594
2,194,1.584
2,195,1.909
2,196,2.036
2,197,1.763
2,198,1.541
2,199,1.678
2,200,2.831
2,201,1.827
2,202,2.047
2,203,1.907
2,204,1.555
2,205,2.503
2,206,1.923
2,207,2.194
2,208,2.867
2,209,2.324
2,210,1.699
2,211,1.993
2,212,1.941
2,213,2.042
2,214,1.615
2,215,2.100
2,216,2.578
2,217,2.145
2,218,1.864
2,219,2.192
2,220,2.140
2,221,2.572
2,222,2.427
2,223,2.395
2,224,2.145
2,225,2.262
2,226,2.047
2,227,1.693
2,228,2.110
2,229,2.576
2,230,2.516
2,231,3.333
2,232,2.831
2,233,2.715
2,234,2.409
2,235,2.302
2,236,2.834
2,237,2.012
2,238,1.835
2,239,1.623
2,240,1.624
2,241,1.643
2,242,1.653
2,243,1.776
2,244,2.065
2,245,2.197
2,246,1.746
2,247,1.802
2,248,1.647
2,249,1.507
2,250,1.462
2,251,1.565
2,252,1.768
2,253,1.906
2,254,2.557
2,255,3.059
2,256,2.596
2,257,2.478
2,258,2.325
2,259,1.771
2,260,2.131
2,261,2.108
2,262,1.774
2,263,2.046
2,264,1.824
2,265,1.654
2,266,1.568
2,267,1.599
2,268,3.165
2,269,2.198
2,270,1.571
2,271,2.023
2,272,2.017
2,273,1.660
2,274,1.651
2,275,1.685
2,276,2.016
2,277,2.338
2,278,2.302
2,279,2.275
2,280,1.872
2,281,2.623
2,282,2.268
2,283,2.297
2,284,2.268
2,285,2.332
2,286,1.824
2,287,1.644
2,288,1.845
2,289,2.053
2,290,1.559
2,291,1.726
2,292,2.210
2,293,2.065
2,294,1.773
2,295,1.515
2,296,1.797
2,297,1.686
2,298,1.499
2,299,2.470
2,300,2.066
2,301,1.766
2,302,1.883
2,303,1.810
2,304,2.095
2,305,2.439
2,306,2.633
2,307,2.989
2,308,2.584
2,309,2.269
2,310,2.040
2,311,1.820
2,312,1.900
2,313,1.890
2,314,1.530
2,315,2.007
2,316,2.215
2,317,1.956
2,318,1.880
2,319,1.544
2,320,1.672
2,321,1.663
2,322,1.610
2,323,1.528
2,324,2.072
2,325,2.171
2,326,1.598
2,327,1.951
2,328,1.913
2,329,1.646
2,330,1.552
2,331,1.709
2,332,2.003
2,333,2.543
2,334,3.049
2,335,2.208
2,336,1.937
2,337,1.986
2,338,2.127
2,339,2.093
2,340,2.221
2,341,2.365
2,342,2.574
2,343,2.252
2,344,2.235
2,345,2.041
2,346,2.086
2,347,2.287
2,348,2.283
2,349,1.912
2,350,2.580
2,351,2.227
2,352,2.255
2,353,2.603
2,354,2.847
2,355,2.661
2,356,2.517
2,357,2.516
2,358,2.145
2,359,2.489
2,360,2.867
2,361,2.800
2,362,2.632
2,363,2.791
2,364,2.875
2,365,2.619
2,366,2.857
2,367,2.709
2,368,2.631
2,369,2.883
2,370,2.663
2,371,3.335
2,372,2.756
2,373,2.725
2,374,2.924
2,375,2.485
2,376,2.582
2,377,3.093
2,378,2.670
2,379,2.468
2,380,2.292
2,381,2.274
2,382,2.485
2,383,2.425
2,384,2.670
2,385,2.397
2,386,2.275
2,387,2.211
2,388,2.341
2,389,2.357
2,390,2.868
2,391,2.748
2,392,2.389
2,393,2.443
2,394,2.620
2,395,2.301
2,396,2.454
2,397,2.451
2,398,3.008
2,399,2.307
2,400,2.168
2,401,2.891
2,402,2.915
2,403,2.306
2,404,2.398
2,405,2.722
2,406,2.555
2,407,2.328
2,408,2.268
2,409,2.755
2,410,2.607
2,411,2.405
2,412,2.722
2,413,2.618
2,414,2.538
2,415,3.155
2,416,2.444
2,417,2.577
2,418,2.534
2,419,2.507
2,420,2.533
2,421,2.753
2,422,2.107
2,423,1.972
2,424,1.948
2,425,1.874
2,426,2.093
2,427,2.398
2,428,2.980
2,429,2.636
2,430,2.464
2,431,2.407
2,432,2.378
2,433,2.177
2,434,2.865
2,435,2.553
2,436,2.119
2,437,1.983
2,438,2.062
2,439,2.144
2,440,1.810
2,441,1.822
2,442,2.872
2,443,2.382
2,444,2.219
2,445,1.780
2,446,1.717
2,447,1.621
2,448,1.746
2,449,1.852
2,450,2.774
2,451,2.354
2,452,1.949
2,453,1.776
2,454,1.817
2,455,1.989
2,456,1.951
2,457,2.088
2,458,2.767
2,459,2.418
2,460,1.633
2,461,1.597
2,462,1.677
2,463,1.538
2,464,1.515
2,465,1.443
2,466,2.396
2,467,1.927
2,468,1.672
2,469,2.250
2,470,1.800
2,471,1.535
2,472,1.526
2,473,1.736
2,474,2.123
2,475,1.949
2,476,1.522
2,477,1.579
2,478,1.827
2,479,1.894
2,480,1.732
2,481,1.995
2,482,2.200
2,483,1.964
2,484,1.822
2,485,2.194
2,486,1.790
2,487,1.608
2,488,1.981
2,489,1.816
2,490,2.022
2,491,2.026
2,492,1.816
2,493,1.552
2,494,1.577
2,495,1.528
2,496,1.689
2,497,1.845
2,498,1.803
2,499,2.130
2,500,2.485
2,501,2.198
2,502,1.992
2,503,2.060
2,504,2.206
2,505,2.082
2,506,3.355
2,507,2.710
2,508,2.967
2,509,2.905
2,510,2.203
2,511,2.176
2,512,2.384
2,513,2.928
2,514,2.455
2,515,1.991
2,516,1.883
2,517,2.154
2,518,2.474
2,519,2.333
2,520,1.884
2,521,2.307
2,522,1.851
2,523,2.519
2,524,2.198
2,525,1.881
2,526,2.217
2,527,2.122
2,528,1.979
2,529,2.534
2,530,2.046
2,531,2.176
2,532,1.849
2,533,2.104
2,534,2.034
2,535,1.788
2,536,1.568
2,537,1.763
2,538,2.415
2,539,1.537
2,540,1.487
2,541,1.725
2,542,1.988
2,543,2.121
2,544,1.771
2,545,1.618
2,546,1.521
2,547,1.559
2,548,1.959
2,549,1.953
2,550,2.046
2,551,2.551
2,552,2.454
2,553,2.476
2,554,2.434
2,555,2.572
2,556,2.657
2,557,2.492
2,558,2.703
2,559,2.413
2,560,2.362
2,561,2.339
2,562,2.472
2,563,2.753
2,564,2.378
2,565,2.018
2,566,2.018
2,567,1.830
2,568,1.636
2,569,1.619
2,570,1.978
2,571,1.996
2,572,2.255
2,573,2.636
2,574,2.397
2,575,2.351
2,576,2.638
2,577,2.271
2,578,2.815
2,579,3.002
2,580,2.197
2,581,2.234
2,582,2.140
2,583,1.980
2,584,1.794
2,585,2.836
2,586,2.762
2,587,2.829
2,588,2.422
2,589,2.249
2,590,2.486
2,591,2.767
2,592,2.176
2,593,2.397
2,594,2.773
2,595,3.480
2,596,2.397
2,597,2.758
2,598,2.554
2,599,2.192
2,600,1.778
2,601,2.437
2,602,1.907
2,603,1.617
2,604,1.901
2,605,2.034
2,606,1.967
2,607,1.836
2,608,1.774
2,609,2.076
2,610,2.386
2,611,1.566
2,612,1.747
2,613,2.290
2,614,2.010
2,615,1.854
2,616,1.938
2,617,2.096
2,618,1.870
2,619,2.649
2,620,2.213
2,621,2.631
2,622,2.864
2,623,2.635
2,624,2.446
2,625,2.284
2,626,2.258
2,627,2.028
2,628,2.154
2,629,1.883
2,630,1.783
2,631,2.043
2,632,2.102
2,633,1.817
2,634,1.946
2,635,2.892
2,636,2.258
2,637,2.342
2,638,2.340
2,639,2.195
2,640,2.106
2,641,2.620
2,642,2.749
2,643,2.524
2,644,2.611
2,645,2.528
2,646,2.581
2,647,2.559
2,648,2.565
2,649,2.814
2,650,2.063
2,651,2.172
2,652,2.510
2,653,2.409
2,654,2.857
2,655,2.748
2,656,2.704
2,657,2.270
2,658,1.913
2,659,2.113
2,660,2.951
2,661,2.791
2,662,1.991
2,663,2.502
2,664,2.077
2,665,2.158
2,666,2.342
2,667,2.313
2,668,2.286
2,669,2.167
2,670,2.149
2,671,2.016
2,672,1.966
2,673,1.971
2,674,1.831
2,675,2.068
2,676,2.035
2,677,1.795
2,678,1.824
2,679,1.926
2,680,2.621
2,681,1.694
2,682,1.442
2,683,2.412
2,684,2.322
2,685,1.818
2,686,1.901
2,687,2.331
2,688,1.913
2,689,2.393
2,690,2.244
2,691,2.050
2,692,1.739
2,693,1.986
2,694,1.857
2,695,1.728
2,696,1.576
2,697,1.799
2,698,2.137
2,699,1.867
2,700,2.215
2,701,2.026
2,702,1.514
2,703,1.533
2,704,1.765
2,705,2.007
2,706,1.816
2,707,2.544
2,708,3.041
2,709,1.718
2,710,1.793
2,711,2.047
2,712,1.947
2,713,1.733
2,714,1.985
2,715,2.999
2,716,2.279
2,717,2.084
2,718,1.982
2,719,1.723
2,720,1.827
2,721,1.780
2,722,1.701
2,723,1.615
2,724,3.731
2,725,2.596
2,726,1.781
2,727,1.808
2,728,1.993
2,729,1.913
2,730,2.017
2,731,2.305
2,732,2.672
2,733,1.672
2,734,1.983
2,735,1.770
2,736,1.686
2,737,1.981
2,738,2.642
2,739,2.287
2,740,2.506
2,741,2.092
2,742,1.840
2,743,1.588
2,744,2.179
2,745,1.993
2,746,2.430
2,747,2.663
2,748,2.562
2,749,1.611
2,750,1.488
2,751,1.812
2,752,1.763
2,753,1.607
2,754,2.083
2,755,1.859
2,756,1.745
2,757,1.702
2,758,1.934
2,759,2.130
2,760,1.836
2,761,1.671
2,762,2.739
2,763,2.739
2,764,2.229
2,765,2.375
2,766,2.293
2,767,1.598
2,768,1.921
2,769,2.015
2,770,1.947
2,771,2.068
2,772,2.218
2,773,1.997
2,774,1.639
2,775,2.210
2,776,1.932
2,777,1.824
2,778,2.809
2,779,2.287
2,780,1.850
2,781,2.119
2,782,2.215
2,783,2.519
2,784,2.456
2,785,2.659
2,786,2.953
2,787,4.336
2,788,2.402
2,789,2.433
2,790,2.418
2,791,2.101
2,792,2.077
2,793,2.011
2,794,2.053
2,795,2.132
2,796,1.951
2,797,2.679
2,798,2.296
2,799,2.266
2,800,1.655
2,801,1.456
2,802,1.817
2,803,1.687
2,804,1.521
2,805,1.891
2,806,2.523
2,807,1.953
2,808,2.316
2,809,2.451
2,810,1.937
2,811,1.617
2,812,1.533
2,813,2.441
2,814,2.282
2,815,1.648
2,816,1.671
2,817,1.649
2,818,1.633
2,819,1.590
2,820,2.007
2,821,1.786
2,822,2.157
2,823,1.750
2,824,2.091
2,825,1.768
2,826,1.629
2,827,1.460
2,828,1.558
2,829,1.834
2,830,1.731
2,831,1.856
2,832,1.968
2,833,1.803
2,834,2.275
2,835,1.893
2,836,2.513
2,837,1.803
2,838,1.713
2,839,2.003
2,840,1.752
2,841,1.475
2,842,1.400
2,843,1.779
2,844,1.447
2,845,1.402
2,846,1.586
2,847,1.619
2,848,2.305
2,849,1.812
2,850,1.432
2,851,1.597
2,852,1.649
2,853,1.507
2,854,1.947
2,855,1.620
2,856,1.573
2,857,2.023
2,858,2.104
2,859,2.006
2,860,1.920
2,861,1.748
2,862,1.636
2,863,1.749
2,864,2.475
2,865,2.303
2,866,2.211
2,867,2.251
2,868,1.794
2,869,1.708
2,870,1.857
2,871,1.524
2,872,1.481
2,873,1.856
2,874,2.092
2,875,2.290
2,876,1.670
2,877,1.548
2,878,1.857
2,879,1.625
2,880,1.496
2,881,1.660
2,882,1.615
2,883,1.956
2,884,1.878
2,885,1.822
2,886,1.918
2,887,1.840
2,888,1.736
2,889,1.949
2,890,2.174
2,891,3.061
2,892,5.393
2,893,2.617
2,894,2.285
2,895,1.685
2,896,1.425
2,897,1.839
2,898,2.305
2,899,2.376
2,900,1.707
2,901,1.724
2,902,1.591
2,903,1.562
2,904,1.485
2,905,1.632
2,906,1.978
2,907,1.747
2,908,1.712
2,909,2.069
2,910,1.868
2,911,1.874
2,912,4.695
2,913,2.961
2,914,2.375
2,915,1.974
2,916,1.937
2,917,1.638
2,918,1.612
2,919,1.680
2,920,1.472
2,921,1.403
2,922,2.592
2,923,2.057
2,924,1.846
2,925,1.733
2,926,2.074
2,927,1.784
2,928,1.893
2,929,1.972
2,930,2.765
2,931,2.308
2,932,2.427
2,933,2.278
2,934,2.640
2,935,2.288
2,936,2.383
2,937,2.917
2,938,2.510
2,939,2.204
2,940,2.465
2,941,2.601
2,942,2.468
2,943,2.244
2,944,2.485
2,945,2.250
2,946,2.778
2,947,2.421
2,948,2.710
2,949,2.499
2,950,2.421
2,951,2.304
2,952,2.204
2,953,2.206
2,954,2.011
2,955,2.595
2,956,2.702
2,957,2.283
2,958,2.777
2,959,2.256
2,960,2.213
2,961,2.572
2,962,2.624
2,963,3.034
2,964,2.467
2,965,2.221
2,966,2.521
2,967,2.524
2,968,2.853
2,969,2.783
2,970,2.965
2,971,2.166
2,972,2.308
2,973,2.341
2,974,2.911
2,975,2.267
2,976,2.274
2,977,2.742
2,978,2.621
2,979,2.457
2,980,2.730
2,981,1.992
2,982,2.204
2,983,2.296
2,984,2.529
2,985,2.132
2,986,2.587
2,987,2.316
2,988,2.152
2,989,2.453
2,990,2.175
2,991,2.353
2,992,2.814
2,993,2.468
2,994,2.493
2,995,2.444
2,996,2.211
2,997,2.435
2,998,2.692
2,999,3.119
2,1000,2.543
2,1001,2.287
2,1002,2.291
2,1003,2.386
2,1004,2.039
2,1005,2.171
2,1006,2.874
2,1007,2.385
2,1008,2.241
2,1009,2.327
2,1010,2.167
2,1011,2.312
2,1012,2.437
2,1013,2.813
2,1014,2.612
2,1015,2.402
2,1016,2.239
2,1017,2.536
2,1018,2.369
2,1019,2.914
2,1020,3.082
2,1021,2.404
2,1022,2.381
2,1023,2.408
2,1024,1.933
2,1025,1.975
2,1026,2.535
2,1027,2.768
2,1028,2.338
2,1029,2.402
2,1030,2.554
2,1031,2.624
2,1032,2.670
2,1033,2.531
2,1034,2.939
2,1035,2.334
2,1036,2.458
2,1037,2.354
2,1038,2.820
2,1039,3.482
2,1040,2.599
2,1041,2.885
2,1042,2.669
2,1043,2.880
2,1044,4.651
2,1045,3.270
2,1046,2.449
2,1047,2.609
2,1048,2.350
2,1049,2.880
2,1050,2.329
2,1051,2.752
2,1052,2.617
2,1053,2.632
2,1054,2.842
2,1055,2.772
2,1056,3.157
2,1057,2.500
2,1058,2.344
2,1059,2.475
2,1060,2.453
2,1061,3.145
2,1062,2.431
2,1063,2.459
2,1064,2.659
2,1065,2.386
2,1066,2.329
2,1067,3.000
2,1068,2.831
2,1069,2.457
2,1070,2.471
2,1071,2.541
2,1072,2.861
2,1073,3.360
2,1074,3.006
2,1075,3.187
2,1076,2.985
2,1077,2.580
2,1078,2.531
2,1079,2.579
2,1080,1.769
2,1081,1.477
2,1082,1.931
2,1083,1.722
2,1084,1.686
2,1085,1.554
2,1086,1.383
2,1087,2.459
2,1088,2.517
2,1089,2.298
2,1090,2.125
2,1091,1.938
2,1092,1.762
2,1093,1.988
2,1094,2.049
2,1095,1.843
2,1096,2.137
2,1097,2.900
2,1098,2.325
2,1099,2.213
2,1100,2.186
2,1101,2.334
2,1102,1.933
2,1103,1.741
2,1104,1.775
2,1105,1.466
2,1106,1.410
2,1107,1.713
2,1108,1.939
2,1109,1.744
2,1110,1.864
2,1111,2.154
2,1112,1.946
2,1113,1.767
2,1114,1.522
2,1115,1.836
2,1116,1.613
2,1117,1.462
2,1118,1.826
2,1119,1.959
2,1120,1.880
2,1121,1.775
2,1122,1.633
2,1123,1.816
2,1124,1.931
2,1125,2.096
2,1126,1.947
2,1127,2.145
2,1128,2.053
2,1129,2.588
2,1130,2.380
2,1131,2.157
2,1132,1.935
2,1133,2.020
2,1134,1.815
2,1135,2.223
2,1136,1.951
2,1137,1.640
2,1138,1.465
2,1139,1.592
2,1140,1.536
2,1141,1.698
2,1142,1.560
2,1143,1.425
2,1144,1.394
2,1145,2.349
2,1146,2.129
2,1147,1.831
2,1148,1.878
2,1149,2.233
2,1150,1.939
2,1151,1.964
2,1152,2.294
2,1153,2.209
2,1154,1.734
2,1155,2.340
2,1156,1.743
2,1157,1.762
2,1158,1.515
2,1159,1.551
2,1160,1.560
2,1161,1.778
2,1162,1.714
2,1163,1.870
2,1164,1.602
2,1165,1.656
2,1166,1.572
2,1167,1.710
2,1168,1.627
2,1169,1.590
2,1170,1.535
2,1171,1.908
2,1172,2.297
2,1173,1.702
2,1174,1.658
2,1175,2.120
2,1176,1.866
2,1177,1.719
2,1178,1.618
2,1179,2.033
2,1180,2.021
2,1181,1.676
2,1182,1.508
2,1183,1.726
2,1184,1.681
2,1185,2.215
2,1186,1.660
2,1187,1.583
2,1188,1.647
2,1189,2.242
2,1190,1.900
2,1191,2.058
2,1192,1.880
2,1193,1.561
2,1194,2.250
2,1195,1.683
2,1196,1.615
2,1197,2.385
2,1198,2.607
2,1199,2.391
2,1200,2.263
2,1201,2.318
2,1202,2.126
2,1203,1.866
2,1204,2.257
2,1205,2.444
2,1206,2.062
2,1207,2.087
2,1208,1.971
2,1209,1.826
2,1210,1.799
2,1211,2.548
2,1212,1.974
2,1213,1.959
2,1214,2.336
2,1215,2.095
2,1216,1.675
2,1217,1.695
2,1218,2.342
2,1219,2.773
2,1220,2.628
2,1221,2.039
2,1222,1.926
2,1223,1.871
2,1224,2.181
2,1225,2.477
2,1226,2.213
2,1227,2.064
2,1228,2.268
2,1229,1.794
2,1230,1.833
2,1231,1.648
2,1232,1.561
2,1233,1.539
2,1234,1.930
2,1235,1.763
2,1236,1.481
2,1237,1.407
2,1238,1.817
2,1239,1.715
2,1240,1.660
2,1241,1.631
2,1242,1.517
2,1243,1.628
2,1244,2.337
2,1245,1.817
2,1246,2.261
2,1247,2.052
2,1248,1.820
2,1249,1.648
2,1250,1.699
2,1251,1.567
2,1252,2.194
2,1253,2.815
2,1254,2.238
2,1255,2.036
2,1256,1.867
2,1257,2.307
2,1258,1.761
2,1259,2.009
2,1260,1.996
2,1261,2.115
2,1262,1.654
2,1263,1.395
2,1264,1.765
2,1265,1.633
2,1266,1.518
2,1267,2.092
2,1268,2.724
2,1269,2.395
2,1270,1.746
2,1271,1.834
2,1272,1.731
2,1273,1.505
2,1274,2.064
2,1275,2.103
2,1276,2.072
2,1277,1.925
2,1278,1.881
2,1279,1.869
2,1280,1.916
2,1281,1.908
2,1282,1.910
2,1283,1.737
2,1284,1.563
2,1285,3.211
2,1286,2.655
2,1287,2.391
2,1288,2.383
2,1289,2.242
2,1290,1.825
2,1291,1.771
2,1292,2.307
2,1293,1.860
2,1294,1.577
2,1295,1.684
2,1296,1.642
2,1297,1.683
2,1298,1.480
2,1299,1.500
2,1300,2.093
2,1301,1.993
2,1302,1.771
2,1303,2.124
2,1304,1.819
2,1305,1.704
2,1306,1.645
2,1307,1.973
2,1308,1.872
2,1309,2.770
2,1310,2.277
2,1311,1.810
2,1312,2.165
2,1313,1.871
2,1314,1.713
2,1315,1.720
2,1316,1.985
2,1317,2.345
2,1318,2.125
2,1319,2.026
2,1320,2.255
2,1321,2.405
2,1322,2.054
2,1323,2.065
2,1324,2.023
2,1325,1.830
2,1326,1.659
2,1327,1.691
2,1328,1.906
2,1329,1.675
2,1330,1.933
2,1331,1.726
2,1332,2.671
2,1333,1.970
2,1334,1.661
2,1335,1.692
2,1336,1.655
2,1337,1.468
2,1338,1.535
2,1339,1.692
2,1340,1.664
2,1341,1.678
2,1342,1.692
2,1343,1.939
2,1344,2.040
2,1345,1.700
2,1346,1.387
2,1347,1.532
2,1348,1.987
2,1349,1.719
2,1350,2.571
2,1351,1.944
2,1352,1.645
2,1353,1.793
2,1354,1.734
2,1355,1.849
2,1356,1.883
2,1357,1.778
2,1358,1.946
2,1359,3.834
2,1360,2.499
2,1361,2.285
2,1362,2.108
2,1363,1.907
2,1364,2.289
2,1365,2.163
2,1366,2.721
2,1367,2.421
2,1368,2.207
2,1369,1.902
2,1370,1.915
2,1371,2.066
2,1372,2.042
2,1373,2.883
2,1374,2.470
2,1375,1.983
2,1376,2.079
2,1377,2.222
2,1378,1.988
2,1379,2.066
2,1380,2.709
2,1381,2.255
2,1382,2.487
2,1383,2.001
2,1384,1.629
2,1385,1.626
2,1386,1.631
2,1387,1.876
2,1388,2.582
2,1389,2.696
2,1390,2.123
2,1391,2.266
2,1392,2.514
2,1393,2.179
2,1394,1.767
2,1395,1.959
2,1396,2.211
2,1397,1.839
2,1398,1.478
2,1399,1.609
2,1400,2.163
2,1401,1.686
2,1402,1.671
2,1403,1.742
2,1404,2.764
2,1405,2.072
2,1406,2.034
2,1407,2.040
2,1408,1.826
2,1409,1.867
2,1410,1.850
2,1411,2.155
2,1412,2.974
2,1413,2.645
2,1414,2.361
2,1415,2.250
2,1416,2.514
2,1417,2.132
2,1418,2.910
2,1419,2.441
2,1420,1.872
2,1421,1.489
2,1422,1.625
2,1423,1.938
2,1424,1.814
2,1425,1.618
2,1426,2.661
2,1427,2.006
2,1428,1.755
2,1429,1.668
2,1430,2.162
2,1431,1.791
2,1432,1.602
2,1433,1.929
2,1434,2.136
2,1435,1.950
2,1436,1.676
2,1437,1.623
2,1438,1.616
2,1439,1.608
2,1440,1.554
2,1441,1.625
2,1442,1.934
2,1443,2.075
2,1444,1.934
2,1445,2.399
2,1446,1.740
2,1447,1.685
2,1448,1.544
2,1449,1.682
2,1450,1.690
2,1451,1.686
2,1452,1.965
2,1453,2.060
2,1454,1.829
2,1455,1.888
2,1456,1.899
2,1457,2.213
2,1458,1.882
2,1459,1.626
2,1460,2.072
2,1461,2.125
2,1462,1.642
2,1463,1.723
2,1464,2.052
2,1465,1.568
2,1466,1.518
2,1467,1.567
2,1468,1.818
2,1469,2.024
2,1470,1.679
2,1471,1.478
2,1472,1.778
2,1473,1.815
2,1474,1.771
2,1475,1.779
2,1476,1.814
2,1477,1.648
2,1478,1.964
2,1479,2.130
2,1480,2.429
2,1481,1.842
2,1482,1.535
2,1483,2.064
2,1484,2.033
2,1485,2.011
2,1486,2.408
2,1487,2.032
2,1488,1.731
2,1489,1.530
2,1490,1.841
2,1491,1.781
2,1492,1.733
2,1493,1.428
2,1494,1.679
2,1495,2.304
2,1496,1.885
2,1497,1.623
2,1498,1.669
2,1499,1.740
2,1500,1.621
2,1501,1.651
2,1502,2.278
2,1503,2.007
2,1504,2.001
2,1505,2.062
2,1506,2.277
2,1507,1.784
2,1508,1.630
2,1509,1.889
2,1510,1.869
2,1511,2.615
2,1512,2.593
2,1513,2.132
2,1514,1.865
2,1515,1.947
2,1516,2.269
2,1517,1.913
2,1518,1.891
2,1519,2.781
2,1520,2.183
2,1521,2.147
2,1522,2.088
2,1523,2.040
2,1524,1.947
2,1525,2.502
2,1526,2.403
2,1527,2.408
2,1528,2.534
2,1529,2.166
2,1530,1.918
2,1531,2.124
2,1532,2.422
2,1533,2.021
2,1534,2.210
2,1535,2.279
2,1536,1.571
2,1537,1.491
2,1538,1.764
2,1539,1.722
2,1540,1.847
2,1541,2.765
2,1542,2.668
2,1543,2.224
2,1544,2.716
2,1545,1.980
2,1546,1.596
2,1547,1.588
2,1548,2.338
2,1549,2.480
2,1550,2.264
2,1551,2.734
2,1552,2.349
2,1553,1.999
2,1554,2.211
2,1555,2.636
2,1556,2.380
2,1557,3.567
2,1558,4.220
2,1559,2.866
2,1560,2.375
2,1561,2.606
2,1562,2.245
2,1563,1.942
2,1564,2.346
2,1565,2.235
2,1566,1.760
2,1567,2.912
2,1568,3.063
2,1569,2.549
2,1570,2.618
2,1571,2.454
2,1572,2.286
2,1573,2.739
2,1574,2.624
2,1575,2.440
2,1576,2.683
2,1577,2.247
2,1578,2.476
2,1579,2.383
2,1580,2.922
2,1581,2.837
2,1582,2.054
2,1583,2.373
2,1584,2.698
2,1585,2.195
2,1586,2.427
2,1587,2.276
2,1588,2.314
2,1589,2.319
2,1590,1.997
2,1591,2.170
2,1592,2.243
2,1593,2.459
2,1594,2.173
2,1595,2.390
2,1596,2.493
2,1597,2.420
2,1598,2.397
2,1599,2.145
2,1600,2.581
2,1601,2.347
2,1602,2.168
2,1603,1.882
2,1604,2.366
2,1605,2.266
2,1606,2.118
2,1607,2.366
2,1608,2.544
2,1609,2.386
2,1610,2.318
2,1611,2.245
2,1612,2.318
2,1613,2.634
2,1614,2.835
2,1615,2.273
2,1616,2.370
2,1617,2.411
2,1618,2.641
2,1619,3.122
2,1620,2.305
2,1621,2.342
2,1622,2.631
2,1623,2.240
2,1624,2.110
2,1625,2.300
2,1626,2.957
2,1627,2.514
2,1628,2.165
2,1629,2.130
2,1630,2.116
2,1631,2.190
2,1632,2.117
2,1633,2.314
2,1634,2.631
2,1635,2.108
2,1636,2.290
2,1637,2.322
2,1638,2.248
2,1639,2.700
2,1640,2.690
2,1641,2.645
2,1642,2.431
2,1643,2.281
2,1644,2.064
2,1645,2.097
2,1646,2.200
2,1647,2.900
2,1648,2.517
2,1649,2.442
2,1650,1.934
2,1651,2.179
2,1652,2.294
2,1653,2.315
2,1654,2.152
2,1655,2.312
2,1656,2.105
2,1657,2.631
2,1658,2.253
2,1659,2.130
2,1660,3.544
2,1661,2.247
2,1662,2.013
2,1663,2.424
2,1664,2.243
2,1665,1.908
2,1666,1.947
2,1667,2.061
2,1668,1.925
2,1669,1.854
2,1670,1.830
2,1671,1.535
2,1672,1.359
2,1673,1.340
2,1674,4.363
2,1675,3.450
2,1676,2.922
2,1677,2.763
2,1678,2.826
2,1679,3.041
2,1680,3.430
2,1681,3.104
2,1682,2.286
2,1683,2.406
2,1684,2.383
2,1685,2.576
2,1686,2.599
2,1687,2.647
2,1688,2.483
2,1689,4.358
2,1690,2.942
2,1691,3.277
2,1692,2.715
2,1693,3.300
2,1694,2.504
2,1695,1.788
2,1696,1.732
2,1697,1.989
2,1698,2.109
2,1699,2.299
2,1700,2.224
2,1701,2.093
2,1702,1.936
2,1703,1.607
2,1704,1.600
2,1705,2.015
2,1706,1.857
2,1707,1.579
2,1708,1.423
2,1709,1.439
2,1710,1.734
2,1711,1.923
2,1712,1.735
2,1713,1.558
2,1714,1.788
2,1715,1.702
2,1716,1.566
2,1717,1.416
2,1718,1.528
2,1719,1.640
2,1720,1.605
2,1721,1.404
2,1722,2.507
2,1723,2.102
2,1724,2.065
2,1725,1.823
2,1726,1.969
2,1727,1.880
2,1728,1.879
2,1729,1.600
2,1730,1.703
2,1731,2.566
2,1732,2.007
2,1733,1.896
2,1734,1.906
2,1735,1.632
2,1736,1.391
2,1737,1.470
2,1738,1.696
2,1739,1.582
2,1740,1.622
2,1741,2.582
2,1742,1.874
2,1743,1.572
2,1744,1.532
2,1745,1.539
2,1746,1.615
2,1747,1.508
2,1748,1.395
2,1749,1.415
2,1750,1.979
2,1751,2.155
2,1752,1.701
2,1753,1.647
2,1754,1.933
2,1755,2.064
2,1756,1.722
2,1757,2.050
2,1758,2.574
2,1759,4.895
2,1760,2.531
2,1761,1.685
2,1762,1.383
2,1763,1.505
2,1764,1.755
2,1765,1.609
2,1766,2.236
2,1767,2.105
2,1768,1.654
2,1769,1.424
2,1770,1.958
2,1771,1.811
2,1772,1.768
2,1773,1.481
2,1774,1.536
2,1775,2.479
2,1776,1.837
2,1777,1.656
2,1778,1.744
2,1779,1.878
2,1780,2.472
2,1781,1.800
2,1782,2.163
2,1783,2.370
2,1784,1.780
2,1785,1.841
2,1786,1.909
2,1787,1.673
2,1788,1.822
2,1789,2.234
2,1790,1.801
2,1791,1.922
2,1792,2.975
2,1793,2.253
2,1794,1.728
2,1795,2.139
2,1796,2.292
2,1797,2.454
2,1798,1.955
2,1799,2.484
2,1800,2.007
2,1801,1.881
2,1802,2.319
2,1803,2.203
2,1804,2.392
2,1805,3.044
2,1806,2.298
2,1807,1.951
2,1808,2.123
2,1809,2.011
2,1810,1.767
2,1811,1.972
2,1812,2.088
2,1813,2.397
2,1814,1.948
2,1815,2.115
2,1816,1.820
2,1817,1.437
2,1818,1.455
2,1819,1.819
2,1820,1.588
2,1821,1.474
2,1822,2.838
2,1823,2.392
2,1824,2.267
2,1825,2.375
2,1826,1.855
2,1827,1.629
2,1828,1.531
2,1829,2.374
2,1830,2.157
2,1831,2.398
2,1832,3.343
2,1833,2.041
2,1834,1.649
2,1835,1.669
2,1836,1.669
2,1837,1.519
2,1838,1.384
2,1839,1.611
2,1840,1.691
2,1841,1.602
2,1842,1.825
2,1843,1.525
2,1844,1.527
2,1845,1.494
2,1846,1.476
2,1847,2.153
2,1848,1.898
2,1849,1.570
2,1850,1.451
2,1851,1.584
2,1852,1.814
2,1853,1.893
2,1854,1.720
2,1855,1.563
2,1856,2.563
2,1857,1.839
2,1858,1.832
2,1859,1.826
2,1860,1.702
2,1861,1.461
2,1862,1.515
2,1863,1.767
2,1864,1.901
2,1865,1.810
2,1866,1.454
2,1867,1.423
2,1868,1.922
2,1869,1.871
2,1870,1.632
2,1871,1.740
2,1872,1.715
2,1873,1.964
2,1874,1.865
2,1875,1.818
2,1876,1.788
2,1877,1.798
2,1878,1.469
2,1879,1.437
2,1880,1.822
2,1881,1.655
2,1882,1.999
2,1883,2.115
2,1884,1.797
2,1885,1.858
2,1886,1.942
2,1887,1.757
2,1888,1.708
2,1889,1.548
2,1890,1.375
2,1891,1.847
2,1892,1.822
2,1893,1.894
2,1894,1.532
2,1895,1.503
2,1896,1.510
2,1897,1.515
2,1898,1.468
2,1899,1.511
2,1900,1.766
2,1901,1.705
2,1902,1.505
2,1903,1.445
2,1904,2.047
2,1905,1.673
2,1906,1.587
2,1907,1.379
2,1908,1.403
2,1909,1.716
2,1910,1.690
2,1911,1.959
2,1912,2.368
2,1913,2.054
2,1914,2.092
2,1915,1.600
2,1916,1.955
2,1917,1.590
2,1918,1.624
2,1919,1.835
2,1920,1.838
2,1921,1.613
2,1922,1.389
2,1923,1.619
2,1924,1.843
2,1925,1.440
2,1926,1.448
2,1927,1.519
2,1928,1.856
2,1929,2.030
2,1930,1.582
2,1931,1.370
2,1932,1.424
2,1933,1.543
2,1934,1.470
2,1935,1.803
2,1936,1.483
2,1937,1.439
2,1938,2.984
2,1939,2.119
2,1940,1.768
2,1941,1.987
2,1942,1.737
2,1943,1.690
2,1944,2.437
2,1945,2.751
2,1946,3.749
2,1947,2.058
2,1948,1.662
2,1949,1.504
2,1950,1.643
2,1951,1.434
2,1952,1.547
2,1953,2.004
2,1954,2.384
2,1955,2.199
2,1956,1.884
2,1957,1.735
2,1958,1.865
2,1959,1.785
2,1960,1.790
2,1961,2.416
2,1962,2.101
2,1963,2.017
2,1964,1.883
2,1965,2.099
2,1966,1.950
2,1967,1.769
2,1968,2.398
2,1969,2.707
2,1970,2.797
2,1971,2.441
2,1972,2.320
2,1973,2.147
2,1974,2.367
2,1975,2.249
2,1976,1.850
2,1977,1.845
2,1978,1.905
2,1979,1.790
2,1980,1.443
2,1981,1.519
2,1982,1.509
2,1983,1.508
2,1984,1.472
2,1985,1.893
2,1986,1.960
2,1987,1.500
2,1988,1.600
2,1989,2.044
2,1990,1.618
2,1991,1.668
2,1992,1.657
2,1993,1.693
2,1994,1.760
2,1995,2.281
2,1996,2.142
2,1997,1.980
2,1998,1.860
2,1999,1.518
2,2000,1.522
2,2001,1.626
2,2002,1.457
2,2003,1.507
2,2004,1.643
2,2005,1.544
2,2006,1.652
2,2007,1.572
2,2008,1.625
2,2009,1.984
2,2010,1.661
2,2011,1.421
2,2012,1.433
2,2013,1.678
2,2014,1.871
2,2015,1.680
2,2016,1.388
2,2017,1.312
2,2018,1.655
2,2019,1.701
2,2020,1.757
2,2021,1.714
2,2022,1.786
2,2023,1.983
2,2024,1.726
2,2025,1.535
2,2026,1.940
2,2027,1.733
2,2028,1.498
2,2029,1.484
2,2030,2.057
2,2031,1.760
2,2032,1.989
2,2033,1.773
2,2034,1.992
2,2035,1.956
2,2036,1.609
2,2037,1.653
2,2038,1.934
2,2039,1.934
2,2040,1.928
2,2041,1.665
2,2042,1.854
2,2043,2.034
2,2044,1.810
2,2045,1.511
2,2046,1.653
2,2047,1.623
2,2048,1.450
2,2049,3.059
2,2050,2.225
2,2051,2.201
2,2052,2.343
2,2053,2.388
2,2054,1.772
2,2055,1.504
2,2056,2.042
2,2057,1.944
2,2058,1.559
2,2059,1.519
2,2060,1.578
2,2061,1.386
2,2062,1.461
2,2063,1.404
2,2064,1.525
2,2065,1.727
2,2066,1.712
2,2067,1.711
2,2068,1.981
2,2069,1.743
2,2070,1.506
2,2071,1.595
2,2072,1.504
2,2073,1.507
2,2074,1.521
2,2075,1.550
2,2076,1.892
2,2077,2.080
2,2078,2.088
2,2079,1.705
2,2080,1.629
2,2081,1.750
2,2082,1.949
2,2083,1.711
2,2084,1.485
2,2085,1.849
2,2086,1.773
2,2087,1.635
2,2088,1.871
2,2089,1.780
2,2090,1.500
2,2091,1.400
2,2092,1.515
2,2093,1.655
2,2094,1.969
2,2095,1.976
2,2096,1.616
2,2097,1.604
2,2098,2.016
2,2099,1.595
2,2100,1.593
2,2101,1.705
2,2102,1.505
2,2103,1.498
2,2104,2.537
2,2105,2.032
2,2106,1.891
2,2107,1.635
2,2108,1.888
2,2109,1.854
2,2110,1.920
2,2111,1.664
2,2112,2.104
2,2113,1.850
2,2114,1.642
2,2115,1.511
2,2116,1.509
2,2117,1.747
2,2118,1.706
2,2119,1.329
2,2120,1.334
2,2121,1.516
2,2122,1.853
2,2123,2.243
2,2124,2.129
2,2125,2.086
2,2126,1.922
2,2127,1.747
2,2128,2.285
2,2129,1.868
2,2130,1.756
2,2131,2.063
2,2132,1.995
2,2133,1.961
2,2134,1.877
2,2135,2.023
2,2136,1.944
2,2137,2.387
2,2138,2.637
2,2139,2.433
2,2140,2.196
2,2141,2.357
2,2142,2.285
2,2143,2.101
2,2144,2.233
2,2145,2.669
2,2146,2.313
2,2147,2.248
2,2148,2.039
2,2149,1.902
2,2150,1.649
2,2151,1.671
2,2152,1.607
2,2153,1.362
2,2154,3.576
2,2155,2.071
2,2156,1.675
2,2157,1.615
2,2158,1.733
2,2159,1.806
2,2160,1.780
2,2161,2.165
2,2162,2.068
2,2163,1.912
2,2164,1.418
2,2165,1.434
2,2166,1.674
2,2167,1.949
2,2168,2.102
2,2169,1.723
2,2170,1.949
2,2171,1.748
2,2172,1.657
2,2173,2.131
2,2174,1.714
2,2175,1.422
2,2176,1.383
2,2177,1.378
2,2178,1.572
2,2179,1.441
2,2180,1.475
2,2181,1.802
2,2182,1.666
2,2183,1.735
2,2184,1.850
2,2185,1.777
2,2186,1.950
2,2187,2.006
2,2188,1.825
2,2189,2.514
2,2190,2.362
2,2191,1.896
2,2192,1.482
2,2193,2.301
2,2194,1.750
2,2195,1.557
2,2196,1.567
2,2197,1.756
2,2198,1.697
2,2199,1.552
2,2200,1.475
2,2201,1.620
2,2202,1.906
2,2203,1.889
2,2204,1.560
2,2205,1.699
2,2206,1.817
2,2207,2.953
2,2208,2.033
2,2209,1.965
2,2210,1.890
2,2211,1.728
2,2212,2.303
2,2213,2.109
2,2214,2.570
2,2215,2.917
2,2216,2.919
2,2217,2.399
2,2218,2.232
2,2219,2.401
2,2220,2.325
2,2221,2.313
2,2222,1.769
2,2223,1.903
2,2224,2.486
2,2225,2.266
2,2226,1.883
2,2227,2.635
2,2228,2.296
2,2229,2.232
2,2230,2.467
2,2231,2.429
2,2232,2.309
2,2233,2.339
2,2234,2.654
2,2235,2.588
2,2236,2.370
2,2237,2.338
2,2238,2.201
2,2239,2.072
2,2240,2.088
2,2241,2.187
2,2242,2.929
2,2243,2.039
2,2244,1.973
2,2245,2.092
2,2246,2.709
2,2247,2.026
2,2248,2.221
2,2249,2.192
2,2250,2.282
2,2251,2.662
2,2252,2.109
2,2253,2.038
2,2254,2.279
2,2255,2.504
2,2256,2.186
2,2257,2.205
2,2258,2.610
2,2259,2.418
2,2260,2.359
2,2261,2.266
2,2262,2.925
2,2263,2.676
2,2264,2.386
2,2265,2.895
2,2266,2.365
2,2267,2.325
2,2268,2.526
2,2269,2.249
2,2270,2.181
2,2271,2.455
2,2272,2.629
2,2273,1.870
2,2274,2.496
2,2275,2.419
2,2276,2.331
2,2277,2.622
2,2278,2.359
2,2279,2.977
2,2280,2.691
2,2281,2.251
2,2282,2.372
2,2283,2.562
2,2284,2.498
2,2285,2.248
2,2286,2.986
2,2287,2.475
2,2288,2.563
2,2289,2.081
2,2290,2.198
2,2291,2.280
2,2292,2.236
2,2293,2.241
2,2294,2.486
2,2295,2.199
2,2296,1.940
2,2297,2.223
2,2298,2.368
2,2299,2.179
2,2300,2.673
2,2301,3.149
2,2302,2.049
2,2303,2.254
2,2304,2.208
2,2305,2.019
2,2306,2.016
2,2307,1.924
2,2308,1.965
2,2309,2.265
2,2310,2.338
2,2311,1.823
2,2312,1.576
2,2313,1.835
2,2314,2.033
2,2315,1.922
2,2316,1.874
2,2317,2.743
2,2318,2.627
2,2319,1.907
2,2320,2.095
2,2321,1.929
2,2322,2.011
2,2323,2.275
2,2324,2.617
2,2325,1.956
2,2326,2.337
2,2327,2.043
2,2328,1.690
2,2329,1.845
2,2330,1.962
2,2331,1.699
2,2332,1.740
2,2333,1.762
2,2334,2.035
2,2335,1.994
2,2336,1.424
2,2337,1.535
2,2338,1.898
2,2339,1.669
2,2340,1.578
2,2341,1.787
2,2342,1.934
2,2343,1.801
2,2344,1.711
2,2345,1.882
2,2346,1.973
2,2347,1.741
2,2348,1.605
2,2349,1.812
2,2350,2.027
2,2351,2.153
2,2352,1.876
2,2353,1.823
2,2354,1.879
2,2355,1.576
2,2356,1.482
2,2357,1.740
2,2358,1.633
2,2359,1.413
2,2360,2.577
2,2361,1.930
2,2362,1.928
2,2363,1.637
2,2364,2.129
2,2365,2.111
2,2366,1.701
2,2367,1.493
2,2368,2.190
2,2369,1.959
2,2370,1.510
2,2371,1.640
2,2372,1.704
2,2373,1.822
2,2374,2.033
2,2375,1.786
2,2376,1.945
2,2377,2.107
2,2378,2.255
2,2379,2.010
2,2380,1.688
2,2381,1.498
2,2382,1.542
2,2383,2.473
2,2384,1.880
2,2385,1.844
2,2386,1.808
2,2387,1.961
2,2388,1.756
2,2389,1.690
2,2390,1.710
2,2391,1.761
2,2392,2.231
2,2393,2.227
2,2394,2.290
2,2395,1.832
2,2396,1.629
2,2397,1.749
2,2398,1.987
2,2399,1.761
2,2400,1.873
2,2401,2.861
2,2402,2.495
2,2403,2.641
2,2404,2.853
2,2405,3.848
2,2406,2.503
2,2407,2.418
2,2408,2.176
2,2409,2.500
2,2410,2.503
2,2411,2.140
2,2412,2.198
2,2413,1.842
2,2414,1.998
2,2415,3.744
2,2416,2.536
2,2417,2.721
2,2418,2.612
2,2419,2.236
2,2420,2.348
2,2421,2.996
2,2422,2.792
2,2423,2.701
2,2424,4.411
2,2425,2.384
2,2426,2.564
2,2427,2.524
2,2428,2.556
2,2429,2.350
2,2430,2.739
2,2431,2.137
2,2432,1.933
2,2433,2.386
2,2434,2.160
2,2435,2.005
2,2436,2.183
2,2437,1.856
2,2438,1.840
2,2439,1.639
2,2440,2.149
2,2441,2.454
2,2442,2.065
2,2443,2.082
2,2444,2.326
2,2445,2.469
2,2446,1.935
2,2447,1.916
2,2448,2.252
2,2449,2.582
2,2450,2.224
2,2451,1.620
2,2452,1.665
2,2453,1.793
2,2454,2.343
2,2455,1.879
2,2456,1.966
2,2457,2.169
2,2458,1.854
2,2459,1.806
2,2460,2.186
2,2461,1.861
2,2462,1.941
2,2463,2.636
2,2464,2.771
2,2465,1.985
2,2466,1.783
2,2467,1.967
2,2468,1.881
2,2469,1.730
2,2470,2.086
2,2471,2.352
2,2472,1.758
2,2473,1.420
2,2474,1.700
2,2475,1.586
2,2476,1.413
2,2477,1.391
2,2478,1.587
2,2479,1.610
2,2480,1.522
2,2481,1.602
2,2482,2.462
2,2483,1.630
2,2484,1.578
2,2485,1.477
2,2486,1.641
2,2487,1.780
2,2488,1.441
2,2489,1.401
2,2490,1.762
2,2491,1.976
2,2492,1.947
2,2493,1.649
2,2494,1.483
2,2495,1.740
2,2496,1.932
2,2497,1.885
2,2498,1.796
2,2499,2.473
2,2500,1.852
2,2501,2.264
2,2502,2.207
2,2503,2.165
2,2504,1.995
2,2505,2.015
2,2506,3.110
2,2507,2.894
2,2508,2.961
2,2509,2.297
2,2510,2.570
2,2511,2.730
2,2512,2.227
2,2513,2.631
2,2514,2.261
2,2515,2.776
2,2516,2.472
2,2517,2.909
2,2518,2.961
2,2519,2.207
2,2520,1.886
2,2521,2.103
2,2522,2.400
2,2523,2.223
2,2524,3.193
2,2525,2.938
2,2526,2.495
2,2527,2.552
2,2528,1.706
2,2529,1.929
2,2530,2.168
2,2531,3.408
2,2532,2.447
2,2533,2.591
2,2534,2.443
2,2535,2.229
2,2536,2.431
2,2537,2.038
2,2538,2.194
2,2539,2.765
2,2540,2.134
2,2541,1.999
2,2542,2.449
2,2543,2.876
2,2544,2.747
2,2545,2.461
2,2546,2.862
2,2547,2.749
2,2548,2.449
2,2549,2.434
2,2550,2.337
2,2551,2.698
2,2552,1.821
2,2553,2.071
2,2554,1.952
2,2555,1.576
2,2556,2.836
2,2557,2.288
2,2558,2.179
2,2559,2.792
2,2560,2.573
2,2561,2.248
2,2562,1.866
2,2563,1.911
2,2564,1.650
2,2565,1.679
2,2566,1.688
2,2567,1.433
2,2568,1.664
2,2569,1.528
2,2570,1.685
2,2571,1.700
2,2572,1.482
2,2573,1.698
2,2574,1.769
2,2575,1.952
2,2576,1.676
2,2577,1.728
2,2578,2.107
2,2579,1.714
2,2580,1.617
2,2581,1.877
2,2582,2.176
2,2583,1.935
2,2584,1.646
2,2585,1.724
2,2586,2.043
2,2587,2.465
2,2588,1.821
2,2589,2.127
2,2590,1.973
2,2591,1.672
2,2592,1.514
2,2593,1.769
2,2594,1.731
2,2595,1.465
2,2596,1.429
2,2597,2.248
2,2598,2.059
2,2599,1.805
2,2600,1.575
2,2601,1.674
2,2602,1.683
2,2603,1.562
2,2604,1.399
2,2605,1.955
2,2606,1.693
2,2607,1.959
2,2608,1.840
2,2609,1.850
2,2610,1.811
2,2611,1.744
2,2612,1.696
2,2613,2.008
2,2614,1.820
2,2615,2.041
2,2616,2.541
2,2617,1.863
2,2618,1.508
2,2619,1.491
2,2620,1.643
2,2621,1.735
2,2622,1.510
2,2623,1.420
2,2624,1.751
2,2625,2.346
2,2626,2.111
2,2627,1.776
2,2628,1.788
2,2629,1.663
2,2630,1.595
2,2631,1.493
2,2632,1.678
2,2633,2.160
2,2634,1.947
2,2635,1.943
2,2636,2.428
2,2637,1.902
2,2638,1.770
2,2639,1.993
2,2640,2.099
2,2641,2.509
2,2642,2.882
2,2643,2.010
2,2644,1.779
2,2645,1.711
2,2646,1.752
2,2647,1.691
2,2648,1.597
2,2649,1.644
2,2650,2.155
2,2651,1.829
2,2652,1.515
2,2653,1.774
2,2654,2.081
2,2655,1.533
2,2656,1.440
2,2657,1.578
2,2658,1.995
2,2659,2.192
2,2660,1.933
2,2661,2.040
2,2662,2.230
2,2663,2.239
2,2664,2.195
2,2665,2.366
2,2666,2.144
2,2667,2.453
2,2668,2.113
2,2669,1.792
2,2670,1.722
2,2671,2.209
2,2672,1.806
2,2673,2.003
2,2674,2.041
2,2675,1.834
2,2676,1.848
2,2677,1.861
2,2678,2.219
2,2679,1.910
2,2680,1.964
2,2681,2.180
2,2682,2.240
2,2683,2.248
2,2684,2.328
2,2685,2.475
2,2686,1.892
2,2687,1.645
2,2688,2.048
2,2689,1.993
2,2690,1.781
2,2691,1.984
2,2692,2.101
2,2693,1.879
2,2694,1.591
2,2695,1.608
2,2696,1.578
2,2697,1.479
2,2698,2.191
2,2699,1.916
2,2700,1.504
2,2701,1.368
2,2702,1.461
2,2703,1.555
2,2704,1.586
2,2705,1.603
2,2706,1.475
2,2707,1.350
2,2708,1.751
2,2709,2.153
2,2710,1.621
2,2711,1.617
2,2712,1.770
2,2713,1.575
2,2714,1.442
2,2715,1.540
2,2716,1.604
2,2717,1.835
2,2718,1.744
2,2719,1.892
2,2720,1.792
2,2721,1.738
2,2722,1.844
2,2723,1.616
2,2724,1.889
2,2725,1.674
2,2726,2.151
2,2727,1.974
2,2728,1.968
2,2729,1.876
2,2730,1.432
2,2731,1.360
2,2732,1.758
2,2733,1.624
2,2734,1.825
2,2735,2.215
2,2736,2.045
2,2737,1.868
2,2738,1.582
2,2739,1.903
2,2740,1.777
2,2741,1.616
2,2742,1.593
2,2743,2.117
2,2744,1.862
2,2745,1.777
2,2746,1.621
2,2747,1.694
2,2748,1.773
2,2749,1.898
2,2750,1.921
2,2751,1.797
2,2752,3.003
2,2753,1.805
2,2754,1.718
2,2755,1.623
2,2756,1.575
2,2757,1.347
2,2758,1.694
2,2759,1.637
2,2760,1.765
2,2761,2.167
2,2762,1.983
2,2763,1.780
2,2764,1.711
2,2765,1.550
2,2766,1.476
2,2767,1.662
2,2768,1.782
2,2769,1.355
2,2770,3.052
2,2771,2.013
2,2772,1.711
2,2773,1.886
2,2774,1.941
2,2775,1.745
2,2776,1.569
2,2777,1.986
2,2778,2.386
2,2779,1.638
2,2780,1.365
2,2781,1.455
2,2782,1.623
2,2783,1.409
2,2784,1.494
2,2785,1.420
2,2786,1.379
2,2787,1.498
2,2788,2.078
2,2789,1.655
2,2790,1.570
2,2791,1.777
2,2792,1.453
2,2793,1.306
2,2794,1.476
2,2795,1.673
2,2796,1.573
2,2797,1.603
2,2798,1.774
2,2799,2.075
2,2800,1.826
2,2801,1.554
2,2802,1.476
2,2803,1.703
2,2804,1.673
2,2805,1.596
2,2806,1.754
2,2807,1.914
2,2808,2.181
2,2809,2.260
2,2810,1.481
2,2811,1.589
2,2812,1.509
2,2813,1.452
2,2814,1.375
2,2815,1.351
2,2816,1.466
2,2817,1.472
2,2818,2.387
2,2819,2.148
2,2820,2.507
2,2821,1.690
2,2822,1.422
2,2823,1.532
2,2824,1.550
2,2825,1.343
2,2826,1.585
2,2827,2.397
2,2828,2.310
2,2829,1.952
2,2830,2.539
2,2831,2.252
2,2832,1.997
2,2833,2.008
2,2834,3.146
2,2835,2.516
2,2836,2.340
2,2837,2.576
2,2838,2.223
2,2839,2.744
2,2840,2.810
2,2841,2.592
2,2842,2.737
2,2843,2.210
2,2844,2.224
2,2845,2.014
2,2846,2.151
2,2847,2.212
2,2848,2.123
2,2849,1.858
2,2850,1.933
2,2851,1.934
2,2852,2.019
2,2853,2.263
2,2854,2.055
2,2855,2.301
2,2856,2.295
2,2857,2.212
2,2858,2.152
2,2859,2.041
2,2860,1.884
2,2861,2.765
2,2862,2.269
2,2863,1.893
2,2864,2.105
2,2865,2.104
2,2866,2.089
2,2867,2.013
2,2868,2.013
2,2869,2.548
2,2870,1.889
2,2871,2.249
2,2872,2.070
2,2873,1.948
2,2874,2.201
2,2875,2.454
2,2876,2.402
2,2877,2.848
2,2878,2.197
2,2879,2.262
2,2880,2.316
2,2881,1.990
2,2882,1.961
2,2883,2.558
2,2884,2.156
2,2885,2.193
2,2886,2.132
2,2887,2.192
2,2888,1.997
2,2889,2.102
2,2890,2.195
2,2891,2.035
2,2892,2.108
2,2893,2.764
2,2894,1.924
2,2895,1.973
2,2896,2.295
2,2897,2.438
2,2898,2.305
2,2899,2.215
2,2900,2.160
2,2901,2.734
2,2902,3.251
2,2903,2.810
2,2904,2.764
2,2905,2.424
2,2906,2.497
2,2907,2.178
2,2908,2.537
2,2909,2.230
2,2910,2.354
2,2911,2.027
2,2912,2.002
2,2913,2.126
2,2914,2.449
2,2915,2.167
2,2916,3.107
2,2917,2.335
2,2918,2.586
2,2919,2.579
2,2920,2.526
2,2921,2.384
2,2922,2.689
2,2923,2.657
2,2924,2.175
2,2925,2.187
2,2926,2.117
2,2927,2.244
2,2928,2.035
2,2929,2.242
2,2930,2.736
2,2931,2.749
2,2932,2.057
2,2933,2.116
2,2934,2.195
2,2935,2.101
2,2936,2.126
2,2937,2.322
2,2938,2.337
2,2939,2.251
2,2940,2.222
2,2941,1.939
2,2942,1.935
2,2943,2.132
2,2944,2.296
2,2945,2.448
2,2946,2.134
2,2947,2.448
2,2948,2.036
2,2949,2.650
2,2950,2.103
2,2951,1.774
2,2952,2.318
2,2953,2.288
2,2954,1.999
2,2955,1.991
2,2956,1.905
2,2957,1.833
2,2958,1.651
2,2959,1.911
2,2960,2.170
2,2961,2.588
2,2962,2.574
2,2963,2.490
2,2964,2.689
2,2965,2.270
2,2966,2.301
2,2967,2.929
2,2968,2.515
2,2969,2.295
2,2970,2.285
2,2971,3.404
2,2972,2.149
2,2973,2.682
2,2974,2.540
2,2975,2.269
2,2976,1.880
2,2977,1.798
2,2978,2.205
2,2979,1.913
2,2980,2.330
2,2981,2.173
2,2982,2.011
2,2983,2.023
2,2984,2.271
2,2985,2.027
2,2986,2.238
2,2987,2.147
2,2988,2.444
2,2989,2.678
2,2990,2.135
2,2991,1.665
2,2992,1.529
2,2993,1.776
2,2994,2.085
2,2995,1.966
2,2996,1.695
2,2997,1.989
2,2998,1.886
2,2999,1.719
2,3000,1.719
2,3001,1.672
2,3002,1.559
2,3003,1.636
2,3004,1.489
2,3005,2.401
2,3006,2.232
2,3007,1.740
2,3008,1.878
2,3009,2.061
2,3010,1.908
2,3011,1.825
2,3012,1.955
2,3013,2.243
2,3014,2.513
2,3015,2.890
2,3016,2.273
2,3017,2.203
2,3018,2.469
2,3019,2.065
2,3020,2.846
2,3021,3.428
2,3022,2.581
2,3023,2.569
2,3024,2.154
2,3025,2.097
2,3026,2.297
2,3027,2.707
2,3028,1.837
2,3029,1.854
2,3030,1.863
2,3031,1.586
2,3032,1.459
2,3033,1.986
2,3034,2.408
2,3035,2.340
2,3036,2.340
2,3037,3.069
2,3038,2.158
2,3039,2.459
2,3040,2.295
2,3041,2.543
2,3042,1.989
2,3043,1.669
2,3044,1.510
2,3045,1.878
2,3046,1.943
2,3047,1.720
2,3048,1.541
2,3049,1.907
2,3050,2.083
2,3051,1.875
2,3052,1.619
2,3053,1.470
2,3054,1.663
2,3055,2.087
2,3056,1.705
2,3057,1.745
2,3058,2.017
2,3059,1.960
2,3060,1.873
2,3061,2.026
2,3062,2.263
2,3063,2.089
2,3064,3.045
2,3065,2.435
2,3066,2.100
2,3067,2.179
2,3068,1.923
2,3069,1.745
2,3070,1.671
2,3071,1.796
2,3072,2.178
2,3073,1.718
2,3074,2.379
2,3075,2.302
2,3076,2.182
2,3077,2.273
2,3078,2.299
2,3079,2.162
2,3080,2.546
2,3081,2.210
2,3082,1.816
2,3083,1.615
2,3084,1.866
2,3085,1.819
2,3086,2.042
2,3087,1.760
2,3088,1.897
2,3089,2.423
2,3090,1.608
2,3091,1.653
2,3092,1.879
2,3093,1.451
2,3094,1.374
2,3095,1.525
2,3096,1.734
2,3097,1.738
2,3098,1.879
2,3099,2.400
2,3100,2.264
2,3101,2.001
2,3102,2.137
2,3103,2.273
2,3104,1.892
2,3105,2.508
2,3106,2.943
2,3107,2.680
2,3108,2.022
2,3109,2.189
2,3110,1.890
2,3111,2.121
2,3112,2.308
2,3113,2.139
2,3114,1.996
2,3115,2.536
2,3116,2.121
2,3117,1.670
2,3118,1.924
2,3119,2.102
2,3120,2.553
2,3121,2.089
2,3122,1.997
2,3123,2.466
2,3124,1.894
2,3125,2.164
2,3126,1.892
2,3127,2.170
2,3128,2.655
2,3129,1.887
2,3130,1.680
2,3131,2.289
2,3132,1.981
2,3133,1.692
2,3134,1.600
2,3135,3.087
2,3136,1.990
2,3137,1.455
2,3138,1.568
2,3139,1.652
2,3140,1.891
2,3141,1.531
2,3142,1.470
2,3143,1.638
2,3144,2.356
2,3145,1.798
2,3146,1.998
2,3147,2.067
2,3148,1.583
2,3149,1.836
2,3150,2.526
2,3151,2.174
2,3152,1.630
2,3153,1.546
2,3154,1.785
2,3155,1.677
2,3156,1.489
2,3157,1.761
2,3158,1.944
2,3159,1.811
2,3160,2.549
2,3161,2.437
2,3162,1.960
2,3163,1.632
2,3164,1.537
2,3165,1.768
2,3166,1.637
2,3167,1.569
2,3168,1.681
2,3169,2.177
2,3170,1.786
2,3171,1.597
2,3172,1.630
2,3173,1.914
2,3174,1.717
2,3175,1.481
2,3176,1.466
2,3177,1.828
2,3178,2.010
2,3179,2.582
2,3180,1.978
2,3181,2.023
2,3182,1.821
2,3183,1.605
2,3184,4.227
2,3185,2.765
2,3186,2.385
2,3187,2.245
2,3188,1.764
2,3189,1.721
2,3190,1.882
2,3191,1.645
2,3192,2.225
2,3193,2.767
2,3194,2.436
2,3195,2.396
2,3196,2.430
2,3197,2.051
2,3198,1.563
2,3199,2.137
2,3200,1.947
2,3201,1.650
2,3202,1.717
2,3203,1.725
2,3204,1.976
2,3205,1.786
2,3206,1.689
2,3207,1.868
2,3208,2.005
2,3209,2.145
2,3210,2.483
2,3211,2.236
2,3212,2.362
2,3213,2.357
2,3214,1.786
2,3215,2.869
2,3216,2.579
2,3217,1.771
2,3218,1.452
2,3219,1.477
2,3220,1.698
2,3221,2.057
2,3222,2.158
2,3223,1.825
2,3224,1.929
2,3225,1.750
2,3226,1.481
2,3227,1.697
2,3228,1.884
2,3229,1.549
2,3230,1.523
2,3231,1.670
2,3232,2.197
2,3233,2.067
2,3234,1.713
2,3235,1.886
2,3236,2.047
2,3237,1.688
2,3238,1.993
2,3239,1.996
2,3240,1.734
2,3241,2.471
2,3242,1.806
2,3243,1.723
2,3244,1.529
2,3245,1.335
2,3246,1.363
2,3247,1.610
2,3248,1.475
2,3249,1.438
2,3250,2.337
2,3251,2.513
2,3252,2.129
2,3253,2.172
2,3254,2.037
2,3255,1.751
2,3256,1.373
2,3257,1.381
2,3258,2.253
2,3259,2.692
2,3260,2.734
2,3261,2.470
2,3262,2.212
2,3263,1.915
2,3264,2.500
2,3265,2.631
2,3266,2.197
2,3267,2.114
2,3268,2.433
2,3269,1.871
2,3270,1.861
2,3271,1.802
2,3272,1.979
2,3273,2.931
2,3274,1.831
2,3275,1.539
2,3276,1.547
2,3277,2.173
2,3278,2.051
2,3279,1.889
2,3280,1.785
2,3281,2.456
2,3282,1.780
2,3283,1.685
2,3284,1.687
2,3285,1.665
2,3286,1.991
2,3287,1.786
2,3288,1.716
2,3289,2.391
2,3290,2.070
2,3291,1.905
2,3292,1.709
2,3293,1.481
2,3294,1.539
2,3295,1.567
2,3296,1.800
2,3297,1.419
2,3298,1.737
2,3299,1.970
2,3300,2.012
2,3301,1.828
2,3302,1.486
2,3303,1.398
2,3304,1.647
2,3305,1.466
2,3306,1.765
2,3307,1.786
2,3308,2.061
2,3309,1.714
2,3310,1.725
2,3311,1.636
2,3312,1.871
2,3313,1.734
2,3314,2.061
2,3315,1.918
2,3316,2.314
2,3317,2.277
2,3318,1.825
2,3319,1.821
2,3320,1.633
2,3321,1.446
2,3322,1.427
2,3323,1.782
2,3324,1.546
2,3325,2.434
2,3326,2.063
2,3327,1.810
2,3328,1.823
2,3329,1.513
2,3330,1.364
2,3331,1.507
2,3332,1.577
2,3333,1.445
2,3334,2.394
2,3335,1.993
2,3336,1.862
2,3337,1.700
2,3338,1.564
2,3339,1.680
2,3340,1.668
2,3341,1.700
2,3342,1.705
2,3343,2.450
2,3344,1.910
2,3345,2.005
2,3346,2.247
2,3347,1.636
2,3348,1.629
2,3349,1.707
2,3350,1.708
2,3351,1.821
2,3352,1.496
2,3353,1.351
2,3354,1.518
2,3355,1.612
2,3356,1.869
2,3357,1.704
2,3358,1.539
2,3359,1.592
2,3360,1.531
2,3361,1.970
2,3362,2.146
2,3363,1.884
2,3364,1.449
2,3365,1.310
2,3366,1.721
2,3367,1.728
2,3368,1.600
2,3369,1.632
2,3370,1.727
2,3371,2.620
2,3372,2.058
2,3373,2.031
2,3374,2.051
2,3375,1.973
2,3376,1.525
2,3377,1.530
2,3378,1.758
2,3379,2.141
2,3380,2.012
2,3381,1.831
2,3382,2.118
2,3383,2.075
2,3384,2.303
2,3385,2.200
2,3386,2.108
2,3387,1.861
2,3388,1.931
2,3389,1.998
2,3390,1.809
2,3391,1.810
2,3392,2.266
2,3393,2.398
2,3394,2.119
2,3395,2.325
2,3396,2.411
2,3397,2.264
2,3398,2.811
2,3399,2.259
2,3400,2.448
2,3401,3.203
2,3402,2.486
2,3403,2.019
2,3404,1.867
2,3405,1.749
2,3406,1.756
2,3407,2.134
2,3408,2.180
2,3409,2.131
2,3410,1.895
2,3411,1.839
2,3412,1.786
2,3413,1.429
2,3414,1.380
2,3415,1.623
2,3416,1.604
2,3417,2.579
2,3418,3.159
2,3419,2.552
2,3420,1.926
2,3421,2.089
2,3422,2.842
2,3423,3.221
2,3424,3.182
2,3425,3.176
2,3426,3.212
2,3427,2.228
2,3428,2.336
2,3429,2.641
2,3430,2.058
2,3431,2.225
2,3432,2.350
2,3433,2.880
2,3434,2.406
2,3435,2.512
2,3436,1.978
2,3437,1.841
2,3438,2.010
2,3439,1.674
2,3440,1.568
2,3441,2.301
2,3442,2.203
2,3443,2.075
2,3444,2.430
2,3445,2.207
2,3446,1.650
2,3447,1.645
2,3448,1.790
2,3449,1.598
2,3450,1.690
2,3451,1.493
2,3452,2.576
2,3453,1.973
2,3454,1.484
2,3455,1.445
2,3456,1.715
2,3457,1.594
2,3458,1.421
2,3459,1.532
2,3460,2.038
2,3461,1.858
2,3462,1.929
2,3463,1.752
2,3464,1.994
2,3465,1.860
2,3466,1.685
2,3467,1.805
2,3468,2.008
2,3469,2.742
2,3470,2.560
2,3471,2.157
2,3472,2.115
2,3473,1.939
2,3474,2.244
2,3475,1.940
2,3476,1.683
2,3477,2.950
2,3478,2.312
2,3479,2.029
2,3480,2.062
2,3481,2.122
2,3482,1.835
2,3483,2.074
2,3484,2.428
2,3485,2.565
2,3486,2.417
2,3487,2.490
2,3488,2.376
2,3489,2.398
2,3490,2.598
2,3491,2.849
2,3492,2.924
2,3493,2.335
2,3494,2.422
2,3495,2.546
2,3496,2.502
2,3497,2.647
2,3498,2.334
2,3499,2.354
2,3500,2.066
2,3501,2.011
2,3502,1.976
2,3503,2.085
2,3504,2.787
2,3505,2.193
2,3506,2.418
2,3507,2.845
2,3508,2.633
2,3509,2.714
2,3510,2.785
2,3511,2.509
2,3512,2.874
2,3513,2.369
2,3514,2.672
2,3515,2.364
2,3516,3.721
2,3517,3.733
2,3518,2.857
2,3519,2.630
2,3520,2.657
2,3521,2.953
2,3522,2.993
2,3523,3.746
2,3524,2.683
2,3525,2.749
2,3526,3.873
2,3527,3.414
2,3528,3.612
2,3529,2.700
2,3530,2.917
2,3531,3.024
2,3532,3.187
2,3533,2.648
2,3534,2.850
2,3535,2.867
2,3536,2.642
2,3537,2.804
2,3538,2.945
2,3539,2.668
2,3540,2.467
2,3541,2.609
2,3542,2.728
2,3543,3.212
2,3544,3.037
2,3545,3.072
2,3546,2.961
2,3547,2.797
2,3548,2.879
2,3549,3.045
2,3550,2.601
2,3551,2.928
2,3552,3.050
2,3553,2.735
2,3554,2.772
2,3555,3.105
2,3556,3.484
2,3557,3.156
2,3558,3.081
2,3559,2.513
2,3560,1.964
2,3561,1.940
2,3562,2.446
2,3563,1.903
2,3564,3.328
2,3565,2.433
2,3566,2.623
2,3567,2.406
2,3568,2.079
2,3569,1.694
2,3570,1.594
2,3571,1.897
2,3572,2.118
2,3573,2.153
2,3574,2.129
2,3575,1.850
2,3576,1.744
2,3577,1.693
2,3578,1.951
2,3579,1.828
2,3580,1.642
2,3581,1.936
2,3582,2.249
2,3583,2.315
2,3584,2.197
2,3585,2.257
2,3586,2.207
2,3587,2.424
2,3588,2.394
2,3589,3.175
2,3590,2.157
2,3591,2.091
2,3592,2.071
2,3593,1.973
2,3594,2.174
2,3595,2.115
2,3596,2.627
2,3597,2.251
2,3598,1.659
2,3599,1.472
2,3600,1.489
2,3601,1.522
2,3602,1.701
2,3603,1.469
2,3604,1.444
2,3605,1.930
2,3606,1.874
2,3607,1.869
2,3608,1.752
2,3609,1.811
2,3610,1.744
2,3611,1.668
2,3612,1.599
2,3613,2.517
2,3614,2.472
2,3615,1.734
2,3616,1.931
2,3617,1.709
2,3618,1.617
2,3619,1.634
2,3620,1.484
2,3621,1.509
2,3622,1.767
2,3623,1.748
2,3624,1.724
2,3625,1.909
2,3626,1.759
2,3627,1.445
2,3628,1.504
2,3629,1.609
2,3630,1.528
2,3631,1.748
2,3632,1.568
2,3633,1.551
2,3634,1.754
2,3635,1.595
2,3636,1.441
2,3637,1.966
2,3638,1.849
2,3639,1.712
2,3640,1.627
2,3641,1.778
2,3642,2.210
2,3643,1.776
2,3644,1.567
2,3645,1.548
2,3646,1.661
2,3647,1.801
2,3648,1.606
2,3649,1.584
2,3650,1.713
2,3651,2.344
2,3652,2.080
2,3653,2.314
2,3654,2.045
2,3655,1.708
2,3656,1.967
2,3657,1.740
2,3658,1.912
2,3659,1.860
2,3660,1.970
2,3661,1.924
2,3662,1.962
2,3663,1.738
2,3664,2.063
2,3665,2.163
2,3666,1.926
2,3667,2.109
2,3668,1.940
2,3669,2.288
2,3670,1.872
2,3671,1.910
2,3672,1.644
2,3673,1.469
2,3674,2.378
2,3675,1.808
2,3676,1.405
2,3677,1.409
2,3678,1.420
2,3679,1.608
2,3680,1.669
2,3681,1.503
2,3682,1.371
2,3683,1.494
2,3684,1.900
2,3685,2.191
2,3686,1.780
2,3687,1.771
2,3688,1.528
2,3689,1.560
2,3690,1.687
2,3691,1.617
2,3692,1.645
2,3693,1.616
2,3694,2.231
2,3695,2.223
2,3696,1.705
2,3697,1.947
2,3698,1.667
2,3699,1.706
2,3700,1.464
2,3701,1.478
2,3702,1.517
2,3703,2.315
2,3704,2.415
2,3705,1.919
2,3706,2.133
2,3707,2.113
2,3708,2.064
2,3709,1.988
2,3710,2.020
2,3711,2.057
2,3712,1.957
2,3713,2.071
2,3714,2.398
2,3715,2.190
2,3716,1.987
2,3717,1.967
2,3718,2.379
2,3719,2.291
2,3720,2.158
2,3721,1.970
2,3722,2.694
2,3723,2.339
2,3724,1.894
2,3725,2.268
2,3726,2.200
2,3727,2.103
2,3728,1.547
2,3729,1.536
2,3730,1.687
2,3731,1.869
2,3732,1.673
2,3733,2.083
2,3734,1.896
2,3735,1.774
2,3736,1.964
2,3737,1.986
2,3738,1.664
2,3739,1.441
2,3740,1.335
2,3741,1.957
2,3742,2.072
2,3743,1.914
2,3744,1.801
2,3745,1.892
2,3746,1.762
2,3747,1.609
2,3748,1.423
2,3749,2.001
2,3750,1.921
2,3751,2.095
2,3752,1.960
2,3753,1.959
2,3754,1.907
2,3755,1.617
2,3756,1.557
2,3757,1.546
2,3758,1.505
2,3759,1.665
2,3760,2.339
2,3761,2.011
2,3762,1.441
2,3763,1.437
2,3764,1.536
2,3765,1.568
2,3766,1.602
2,3767,1.473
2,3768,1.358
2,3769,1.868
2,3770,2.455
2,3771,2.128
2,3772,1.823
2,3773,1.857
2,3774,1.871
2,3775,1.880
2,3776,1.857
2,3777,2.424
2,3778,1.886
2,3779,1.610
2,3780,2.665
2,3781,1.629
2,3782,1.764
2,3783,2.395
2,3784,2.296
2,3785,2.760
2,3786,2.446
2,3787,1.967
2,3788,2.037
2,3789,2.031
2,3790,1.738
2,3791,1.828
2,3792,1.635
2,3793,2.082
2,3794,1.667
2,3795,1.587
2,3796,1.423
2,3797,1.684
2,3798,1.863
2,3799,1.559
2,3800,1.957
2,3801,2.058
2,3802,2.850
2,3803,1.944
2,3804,1.664
2,3805,1.565
2,3806,1.467
2,3807,1.620
2,3808,1.673
2,3809,1.618
2,3810,1.384
2,3811,1.476
2,3812,2.022
2,3813,2.015
2,3814,2.309
2,3815,2.044
2,3816,2.377
2,3817,2.746
2,3818,1.823
2,3819,1.922
2,3820,1.876
2,3821,1.707
2,3822,1.629
2,3823,1.693
2,3824,1.784
2,3825,1.606
2,3826,2.028
2,3827,1.908
2,3828,2.069
2,3829,2.654
2,3830,2.389
2,3831,2.228
2,3832,2.066
2,3833,1.935
2,3834,2.303
2,3835,1.533
2,3836,1.668
2,3837,1.983
2,3838,1.989
2,3839,1.791
2,3840,1.487
2,3841,1.590
2,3842,1.790
2,3843,1.662
2,3844,2.107
2,3845,2.156
2,3846,1.712
2,3847,1.609
2,3848,1.708
2,3849,1.718
2,3850,1.713
2,3851,1.687
2,3852,1.733
2,3853,2.082
2,3854,2.249
2,3855,2.111
2,3856,2.010
2,3857,1.761
2,3858,1.527
2,3859,1.566
2,3860,1.711
2,3861,1.819
2,3862,2.089
2,3863,2.917
2,3864,2.412
2,3865,2.037
2,3866,2.027
2,3867,2.009
2,3868,1.970
2,3869,2.059
2,3870,2.363
2,3871,2.341
2,3872,1.635
2,3873,2.131
2,3874,2.167
2,3875,1.979
2,3876,2.072
2,3877,2.691
2,3878,1.990
2,3879,2.723
2,3880,2.334
2,3881,1.717
2,3882,1.738
2,3883,2.040
2,3884,2.268
2,3885,1.866
2,3886,1.650
2,3887,1.776
2,3888,2.109
2,3889,1.688
2,3890,1.922
2,3891,1.662
2,3892,1.416
2,3893,1.481
2,3894,2.256
2,3895,2.013
2,3896,1.661
2,3897,1.381
2,3898,1.836
2,3899,1.903
2,3900,1.565
2,3901,1.589
2,3902,1.661
2,3903,2.402
2,3904,1.990
2,3905,1.891
2,3906,2.158
2,3907,1.891
2,3908,1.603
2,3909,2.130
2,3910,2.221
2,3911,2.347
2,3912,1.996
2,3913,1.838
2,3914,1.642
2,3915,1.573
2,3916,2.707
2,3917,1.926
2,3918,1.601
2,3919,1.663
2,3920,1.874
2,3921,1.697
2,3922,1.690
2,3923,1.492
2,3924,1.616
2,3925,1.885
2,3926,1.998
2,3927,1.785
2,3928,2.123
2,3929,1.863
2,3930,1.567
2,3931,1.709
2,3932,1.888
2,3933,2.164
2,3934,1.767
2,3935,2.183
2,3936,2.006
2,3937,4.204
2,3938,2.827
2,3939,2.149
2,3940,2.589
2,3941,2.821
2,3942,2.981
2,3943,2.930
2,3944,2.655
2,3945,2.508
2,3946,2.230
2,3947,2.872
2,3948,2.634
2,3949,2.761
2,3950,2.533
2,3951,2.680
2,3952,3.224
2,3953,2.569
2,3954,4.450
2,3955,3.572
2,3956,2.791
2,3957,3.272
2,3958,2.935
2,3959,1.846
2,3960,1.616
2,3961,1.728
2,3962,1.807
2,3963,1.565
2,3964,1.812
2,3965,1.869
2,3966,1.740
2,3967,1.697
2,3968,1.828
2,3969,2.026
2,3970,1.795
2,3971,1.744
2,3972,2.348
2,3973,1.773
2,3974,2.576
2,3975,2.164
2,3976,1.705
2,3977,1.587
2,3978,1.515
2,3979,1.713
2,3980,1.634
2,3981,1.672
2,3982,1.417
2,3983,2.053
2,3984,2.236
2,3985,2.073
2,3986,1.882
2,3987,1.837
2,3988,1.585
2,3989,1.582
2,3990,1.567
2,3991,2.546
2,3992,2.230
2,3993,2.102
2,3994,2.048
2,3995,1.674
2,3996,1.700
2,3997,1.692
2,3998,1.912
2,3999,1.822
2,4000,2.644
2,4001,2.530
2,4002,1.859
2,4003,1.470
2,4004,1.576
2,4005,1.714
2,4006,1.646
2,4007,1.549
2,4008,1.931
2,4009,3.428
2,4010,2.274
2,4011,2.371
2,4012,1.980
2,4013,1.665
2,4014,1.785
2,4015,2.151
2,4016,2.220
2,4017,2.220
2,4018,2.294
2,4019,2.056
2,4020,1.684
2,4021,2.720
2,4022,3.000
2,4023,2.531
2,4024,2.629
2,4025,2.427
2,4026,1.831
2,4027,2.001
2,4028,1.931
2,4029,2.131
2,4030,2.296
2,4031,1.802
2,4032,1.604
2,4033,1.500
2,4034,2.392
2,4035,1.666
2,4036,1.397
2,4037,1.307
2,4038,2.156
2,4039,2.489
2,4040,1.723
2,4041,1.543
2,4042,1.702
2,4043,1.836
2,4044,1.859
2,4045,1.711
2,4046,1.811
2,4047,2.516
2,4048,2.167
2,4049,2.063
2,4050,2.208
2,4051,1.899
2,4052,1.711
2,4053,2.109
2,4054,1.586
2,4055,1.662
2,4056,2.128
2,4057,1.752
2,4058,1.515
2,4059,1.504
2,4060,1.564
2,4061,1.701
2,4062,1.524
2,4063,1.621
2,4064,1.416
2,4065,1.758
2,4066,1.792
2,4067,1.563
2,4068,1.668
2,4069,1.587
2,4070,1.418
2,4071,1.631
2,4072,1.998
2,4073,2.260
2,4074,2.365
2,4075,1.800
2,4076,1.938
2,4077,1.719
2,4078,1.888
2,4079,1.631
2,4080,1.746
2,4081,1.523
2,4082,1.416
2,4083,1.922
2,4084,1.938
2,4085,1.771
2,4086,1.496
2,4087,1.369
2,4088,1.498
2,4089,1.656
2,4090,1.658
2,4091,1.638
2,4092,1.657
2,4093,1.760
2,4094,1.557
2,4095,1.765
2,4096,1.492
2,4097,1.781
2,4098,1.468
2,4099,1.331
2,4100,1.282
2,4101,1.565
2,4102,1.891
2,4103,2.084
2,4104,1.703
2,4105,1.731
2,4106,2.047
2,4107,1.631
2,4108,1.784
2,4109,1.743
2,4110,1.681
2,4111,3.004
2,4112,2.375
2,4113,2.259
2,4114,2.213
2,4115,2.176
2,4116,2.017
2,4117,1.917
2,4118,2.071
2,4119,1.977
2,4120,1.850
2,4121,1.672
2,4122,1.826
2,4123,1.960
2,4124,2.209
2,4125,1.898
2,4126,2.132
2,4127,2.029
2,4128,1.870
2,4129,2.048
2,4130,2.104
2,4131,2.077
2,4132,2.041
2,4133,3.500
2,4134,2.318
2,4135,1.927
2,4136,2.025
2,4137,1.957
2,4138,1.849
2,4139,2.083
2,4140,2.368
2,4141,2.785
2,4142,2.534
2,4143,1.777
2,4144,1.797
2,4145,2.104
2,4146,2.093
2,4147,2.371
2,4148,2.335
2,4149,2.501
2,4150,2.083
2,4151,2.498
2,4152,2.164
2,4153,2.023
2,4154,2.392
2,4155,2.522
2,4156,2.116
2,4157,2.260
2,4158,1.969
2,4159,1.936
2,4160,2.080
2,4161,2.639
2,4162,2.515
2,4163,2.564
2,4164,2.532
2,4165,2.325
2,4166,2.223
2,4167,2.261
2,4168,2.821
2,4169,2.884
2,4170,2.489
2,4171,2.205
2,4172,2.753
2,4173,2.533
2,4174,2.685
2,4175,2.399
2,4176,2.747
2,4177,2.513
2,4178,2.204
2,4179,2.508
2,4180,2.548
2,4181,2.249
2,4182,2.242
2,4183,2.418
2,4184,2.222
2,4185,2.004
2,4186,1.982
2,4187,3.020
2,4188,3.069
2,4189,2.890
2,4190,2.458
2,4191,2.698
2,4192,2.498
2,4193,2.274
2,4194,3.161
2,4195,2.234
2,4196,2.545
2,4197,2.270
2,4198,2.062
2,4199,2.294
2,4200,2.293
2,4201,2.537
2,4202,1.920
2,4203,2.109
2,4204,2.079
2,4205,2.042
2,4206,2.009
2,4207,3.436
2,4208,2.619
2,4209,3.024
2,4210,2.371
2,4211,2.234
2,4212,2.088
2,4213,2.001
2,4214,1.928
2,4215,1.945
2,4216,1.982
2,4217,2.745
2,4218,2.448
2,4219,1.964
2,4220,1.851
2,4221,1.851
2,4222,2.026
2,4223,1.998
2,4224,1.715
2,4225,1.657
2,4226,2.705
2,4227,2.013
2,4228,2.207
2,4229,2.105
2,4230,1.867
2,4231,1.696
2,4232,1.917
2,4233,2.149
2,4234,1.680
2,4235,2.265
2,4236,2.600
2,4237,2.471
2,4238,2.573
2,4239,2.285
2,4240,1.977
2,4241,1.777
2,4242,2.363
2,4243,2.377
2,4244,1.530
2,4245,1.692
2,4246,2.098
2,4247,1.980
2,4248,1.483
2,4249,1.526
2,4250,1.763
2,4251,2.005
2,4252,2.851
2,4253,2.479
2,4254,1.757
2,4255,1.576
2,4256,1.801
2,4257,1.846
2,4258,1.602
2,4259,1.390
2,4260,1.608
2,4261,2.420
2,4262,1.633
2,4263,1.977
2,4264,1.741
2,4265,1.787
2,4266,1.727
2,4267,1.705
2,4268,2.433
2,4269,2.376
2,4270,2.116
2,4271,2.225
2,4272,2.315
2,4273,2.114
2,4274,2.070
2,4275,2.148
2,4276,2.055
2,4277,2.087
2,4278,2.054
2,4279,1.623
2,4280,1.438
2,4281,2.355
2,4282,1.889
2,4283,1.882
2,4284,2.046
2,4285,1.979
2,4286,1.890
2,4287,1.598
2,4288,1.736
2,4289,2.021
2,4290,2.236
2,4291,1.931
2,4292,2.543
2,4293,2.656
2,4294,2.227
2,4295,2.355
2,4296,2.186
2,4297,2.282
2,4298,2.533
2,4299,2.164
2,4300,1.988
2,4301,2.048
2,4302,2.020
2,4303,1.658
2,4304,1.593
2,4305,1.943
2,4306,1.760
2,4307,2.749
2,4308,2.180
2,4309,1.928
2,4310,2.132
2,4311,2.066
2,4312,2.082
2,4313,1.959
2,4314,2.275
2,4315,2.766
2,4316,2.467
2,4317,2.393
2,4318,1.975
2,4319,1.886
2,4320,1.812
2,4321,2.334
2,4322,2.186
2,4323,2.463
2,4324,2.127
2,4325,2.169
2,4326,1.944
2,4327,1.821
2,4328,1.720
2,4329,1.982
2,4330,2.278
2,4331,1.955
2,4332,1.809
2,4333,1.625
2,4334,1.774
2,4335,1.694
2,4336,1.690
2,4337,1.787
2,4338,1.984
2,4339,2.000
2,4340,1.702
2,4341,1.945
2,4342,2.598
2,4343,1.724
2,4344,1.635
2,4345,1.746
2,4346,2.393
2,4347,2.013
2,4348,1.645
2,4349,1.809
2,4350,1.727
2,4351,1.955
2,4352,1.794
2,4353,1.628
2,4354,2.136
2,4355,1.815
2,4356,1.516
2,4357,1.776
2,4358,1.632
2,4359,1.338
2,4360,1.270
2,4361,2.013
2,4362,1.543
2,4363,1.532
2,4364,1.550
2,4365,1.525
2,4366,1.635
2,4367,1.683
2,4368,1.807
2,4369,1.682
2,4370,2.218
2,4371,1.905
2,4372,2.281
2,4373,2.256
2,4374,2.353
2,4375,2.124
2,4376,2.141
2,4377,1.738
2,4378,1.599
2,4379,1.935
2,4380,2.357
2,4381,1.525
2,4382,1.292
2,4383,1.404
2,4384,1.645
2,4385,1.589
2,4386,1.601
2,4387,1.398
2,4388,1.378
2,4389,2.024
2,4390,2.057
2,4391,2.136
2,4392,1.901
2,4393,1.691
2,4394,1.625
2,4395,1.931
2,4396,2.049
2,4397,2.761
2,4398,1.844
2,4399,1.627
2,4400,1.881
2,4401,1.516
2,4402,1.761
2,4403,1.763
2,4404,1.538
2,4405,1.406
2,4406,1.930
2,4407,2.270
2,4408,1.998
2,4409,1.451
2,4410,1.580
2,4411,1.543
2,4412,1.474
2,4413,1.379
2,4414,1.584
2,4415,1.436
2,4416,1.699
2,4417,1.581
2,4418,1.670
2,4419,1.441
2,4420,1.695
2,4421,2.072
2,4422,1.586
2,4423,1.408
2,4424,1.635
2,4425,1.782
2,4426,2.161
2,4427,1.809
2,4428,1.647
2,4429,1.576
2,4430,1.476
2,4431,1.688
2,4432,1.625
2,4433,1.597
2,4434,1.368
2,4435,1.452
2,4436,3.295
2,4437,2.451
2,4438,3.233
2,4439,4.791
2,4440,4.705
2,4441,3.208
2,4442,3.060
2,4443,2.877
2,4444,3.740
2,4445,3.446
2,4446,3.561
2,4447,2.832
2,4448,2.799
2,4449,3.121
2,4450,2.884
2,4451,2.894
2,4452,2.857
2,4453,3.130
2,4454,2.711
2,4455,3.134
2,4456,3.169
2,4457,2.880
2,4458,3.044
2,4459,2.818
2,4460,3.299
2,4461,3.518
2,4462,4.555
2,4463,3.165
2,4464,3.130
2,4465,3.101
2,4466,3.912
2,4467,3.753
2,4468,3.159
2,4469,2.399
2,4470,1.854
2,4471,2.454
2,4472,2.093
2,4473,1.719
2,4474,2.215
2,4475,2.117
2,4476,1.795
2,4477,1.723
2,4478,2.077
2,4479,2.819
2,4480,2.608
2,4481,3.177
2,4482,2.873
2,4483,3.185
2,4484,2.691
2,4485,2.662
2,4486,5.382
2,4487,4.383
2,4488,4.688
2,4489,3.522
2,4490,3.734
2,4491,3.266
2,4492,2.964
2,4493,2.342
2,4494,1.864
2,4495,1.744
2,4496,2.204
2,4497,1.892
2,4498,1.626
2,4499,1.514
2,4500,1.824
2,4501,2.268
2,4502,1.798
2,4503,1.656
2,4504,1.446
2,4505,1.357
2,4506,1.424
2,4507,1.430
2,4508,1.642
2,4509,1.602
2,4510,1.415
2,4511,1.583
2,4512,2.584
2,4513,1.783
2,4514,1.472
2,4515,1.327
2,4516,1.329
2,4517,1.363
2,4518,1.395
2,4519,1.501
2,4520,1.483
2,4521,2.946
2,4522,1.948
2,4523,1.611
2,4524,1.617
2,4525,1.629
2,4526,1.892
2,4527,1.610
2,4528,1.505
2,4529,1.640
2,4530,1.701
2,4531,1.490
2,4532,1.456
2,4533,1.923
2,4534,1.453
2,4535,1.329
2,4536,1.361
2,4537,1.446
2,4538,1.811
2,4539,1.883
2,4540,1.707
2,4541,1.350
2,4542,1.620
2,4543,1.782
2,4544,1.782
2,4545,1.688
2,4546,1.706
2,4547,1.447
2,4548,1.315
2,4549,2.813
2,4550,2.158
2,4551,1.797
2,4552,1.573
2,4553,1.572
2,4554,2.308
2,4555,1.607
2,4556,2.019
2,4557,2.292
2,4558,1.649
2,4559,1.506
2,4560,1.394
2,4561,1.387
2,4562,1.623
2,4563,1.427
2,4564,1.705
2,4565,1.394
2,4566,1.581
2,4567,1.833
2,4568,1.783
2,4569,1.543
2,4570,1.552
2,4571,1.448
2,4572,1.472
2,4573,1.431
2,4574,1.497
2,4575,2.165
2,4576,1.446
2,4577,1.522
2,4578,1.822
2,4579,1.642
2,4580,1.487
2,4581,1.536
2,4582,1.493
2,4583,1.588
2,4584,1.733
2,4585,1.633
2,4586,2.084
2,4587,2.002
2,4588,1.775
2,4589,1.429
2,4590,1.442
2,4591,1.484
2,4592,1.464
2,4593,1.532
2,4594,1.335
2,4595,1.283
2,4596,1.503
2,4597,2.213
2,4598,1.833
2,4599,1.748
2,4600,2.089
2,4601,1.736
2,4602,1.513
2,4603,1.447
2,4604,1.431
2,4605,1.563
2,4606,1.651
2,4607,1.804
2,4608,1.642
2,4609,1.720
2,4610,1.499
2,4611,1.411
2,4612,1.405
2,4613,1.591
2,4614,1.584
2,4615,1.558
2,4616,1.670
2,4617,2.488
2,4618,2.181
2,4619,1.467
2,4620,1.361
2,4621,1.555
2,4622,1.387
2,4623,1.438
2,4624,1.449
2,4625,1.295
2,4626,1.423
2,4627,2.526
2,4628,1.997
2,4629,2.498
2,4630,1.866
2,4631,1.626
2,4632,1.664
2,4633,1.880
2,4634,1.876
2,4635,2.465
2,4636,2.245
2,4637,1.940
2,4638,2.056
2,4639,1.839
2,4640,2.069
2,4641,1.860
2,4642,1.790
2,4643,2.099
2,4644,2.444
2,4645,1.875
2,4646,1.626
2,4647,2.789
2,4648,1.804
2,4649,1.795
2,4650,1.951
2,4651,1.948
2,4652,2.093
2,4653,2.097
2,4654,2.208
2,4655,2.223
2,4656,1.819
2,4657,2.161
2,4658,1.973
2,4659,2.549
2,4660,2.409
2,4661,1.913
2,4662,1.577
2,4663,1.351
2,4664,2.317
2,4665,1.668
2,4666,1.616
2,4667,2.501
2,4668,1.762
2,4669,1.971
2,4670,1.614
2,4671,1.519
2,4672,1.424
2,4673,1.464
2,4674,1.585
2,4675,1.298
2,4676,2.094
2,4677,1.804
2,4678,1.520
2,4679,1.520
2,4680,1.744
2,4681,1.667
2,4682,1.507
2,4683,1.343
2,4684,1.436
2,4685,1.875
2,4686,2.142
2,4687,2.613
2,4688,2.187
2,4689,1.577
2,4690,1.710
2,4691,1.575
2,4692,1.885
2,4693,1.776
2,4694,3.828
2,4695,2.335
2,4696,2.015
2,4697,1.445
2,4698,1.544
2,4699,1.643
2,4700,1.556
2,4701,1.459
2,4702,1.751
2,4703,2.415
2,4704,1.535
2,4705,1.378
2,4706,1.481
2,4707,1.626
2,4708,1.520
2,4709,1.651
2,4710,1.543
2,4711,1.752
2,4712,2.327
2,4713,2.345
2,4714,1.916
2,4715,1.951
2,4716,1.506
2,4717,1.401
2,4718,1.604
2,4719,1.644
2,4720,1.738
2,4721,1.685
2,4722,1.581
2,4723,2.270
2,4724,1.901
2,4725,1.940
2,4726,1.819
2,4727,1.824
2,4728,1.531
2,4729,1.671
2,4730,1.856
2,4731,1.782
2,4732,1.524
2,4733,1.600
2,4734,1.492
2,4735,1.717
2,4736,1.587
2,4737,1.588
2,4738,1.548
2,4739,1.901
2,4740,1.913
2,4741,1.765
2,4742,1.615
2,4743,2.024
2,4744,1.713
2,4745,1.383
2,4746,1.446
2,4747,1.694
2,4748,2.125
2,4749,2.077
2,4750,1.943
2,4751,1.950
2,4752,1.674
2,4753,1.800
2,4754,2.166
2,4755,1.774
2,4756,1.768
2,4757,2.056
2,4758,2.091
2,4759,1.979
2,4760,1.697
2,4761,1.678
2,4762,2.276
2,4763,1.874
2,4764,2.277
2,4765,2.192
2,4766,1.651
2,4767,1.588
2,4768,1.830
2,4769,1.869
2,4770,1.966
2,4771,2.104
2,4772,2.364
2,4773,2.521
2,4774,2.010
2,4775,2.401
2,4776,1.913
2,4777,1.975
2,4778,2.016
2,4779,3.634
2,4780,2.716
2,4781,2.229
2,4782,2.035
2,4783,1.659
2,4784,1.773
2,4785,1.997
2,4786,1.876
2,4787,3.393
2,4788,2.962
2,4789,2.377
2,4790,2.822
2,4791,2.551
2,4792,2.516
2,4793,2.985
2,4794,2.867
2,4795,2.814
2,4796,2.426
2,4797,2.521
2,4798,2.842
2,4799,3.170
2,4800,2.597
2,4801,2.667
2,4802,2.328
2,4803,2.485
2,4804,2.304
2,4805,2.483
2,4806,2.605
2,4807,2.240
2,4808,2.393
2,4809,2.420
2,4810,2.154
2,4811,2.359
2,4812,2.288
2,4813,2.022
2,4814,2.016
2,4815,2.252
2,4816,2.547
2,4817,2.159
2,4818,2.392
2,4819,2.628
2,4820,2.153
2,4821,2.123
2,4822,2.082
2,4823,1.969
2,4824,2.654
2,4825,2.148
2,4826,3.036
2,4827,2.369
2,4828,2.244
2,4829,2.748
2,4830,2.346
2,4831,2.300
2,4832,2.652
2,4833,2.196
2,4834,1.999
2,4835,2.168
2,4836,2.236
2,4837,2.145
2,4838,2.324
2,4839,2.783
2,4840,2.127
2,4841,2.729
2,4842,2.779
2,4843,5.023
2,4844,2.561
2,4845,2.215
2,4846,2.381
2,4847,2.131
2,4848,1.943
2,4849,2.137
2,4850,2.437
2,4851,2.217
2,4852,2.240
2,4853,2.532
2,4854,1.764
2,4855,1.864
2,4856,2.021
2,4857,1.893
2,4858,2.327
2,4859,2.368
2,4860,2.455
2,4861,2.560
2,4862,2.818
2,4863,2.019
2,4864,1.854
2,4865,2.510
2,4866,1.991
2,4867,1.647
2,4868,1.836
2,4869,2.838
2,4870,1.971
2,4871,2.197
2,4872,2.830
2,4873,1.849
2,4874,1.742
2,4875,2.026
2,4876,1.908
2,4877,1.781
2,4878,1.798
2,4879,2.220
2,4880,1.932
2,4881,2.165
2,4882,2.095
2,4883,1.815
2,4884,1.581
2,4885,1.565
2,4886,2.778
2,4887,1.711
2,4888,1.587
2,4889,1.972
2,4890,1.761
2,4891,1.691
2,4892,1.592
2,4893,1.586
2,4894,1.581
2,4895,1.625
2,4896,1.814
2,4897,1.877
2,4898,1.899
2,4899,1.627
2,4900,1.354
2,4901,1.584
2,4902,1.696
2,4903,1.575
2,4904,1.741
2,4905,1.789
2,4906,2.291
2,4907,1.966
2,4908,1.880
2,4909,2.099
2,4910,1.897
2,4911,1.625
2,4912,1.638
2,4913,1.731
2,4914,2.136
2,4915,2.119
2,4916,2.295
2,4917,2.189
2,4918,1.876
2,4919,2.102
2,4920,2.154
2,4921,1.819
2,4922,1.617
2,4923,2.117
2,4924,2.712
2,4925,1.791
2,4926,1.705
2,4927,2.055
2,4928,1.840
2,4929,1.612
2,4930,1.687
2,4931,1.715
2,4932,2.657
2,4933,2.513
2,4934,2.306
2,4935,1.978
2,4936,2.406
2,4937,2.257
2,4938,2.484
2,4939,2.445
2,4940,2.344
2,4941,2.923
2,4942,2.356
2,4943,2.205
2,4944,1.853
2,4945,2.527
2,4946,2.685
2,4947,2.160
2,4948,2.578
2,4949,2.078
2,4950,1.830
2,4951,1.940
2,4952,2.357
2,4953,2.009
2,4954,1.925
2,4955,1.904
2,4956,1.859
2,4957,2.221
2,4958,2.000
2,4959,2.538
2,4960,2.656
2,4961,2.844
2,4962,1.923
2,4963,1.737
2,4964,1.785
2,4965,2.021
2,4966,1.791
2,4967,1.953
2,4968,2.114
2,4969,1.947
2,4970,2.027
2,4971,2.005
2,4972,1.781
2,4973,1.653
2,4974,2.154
2,4975,2.213
2,4976,1.986
2,4977,1.676
2,4978,1.824
2,4979,2.841
2,4980,2.392
2,4981,2.107
2,4982,3.298
2,4983,2.687
2,4984,3.366
2,4985,2.568
2,4986,2.564
2,4987,2.730
2,4988,2.599
2,4989,2.486
2,4990,2.279
2,4991,2.070
2,4992,2.155
2,4993,1.781
2,4994,1.822
2,4995,2.367
2,4996,2.665
2,4997,2.289
2,4998,2.569
2,4999,2.570
2,5000,2.238
2,5001,2.441
2,5002,2.327
2,5003,2.510
2,5004,2.467
2,5005,2.672
2,5006,2.051
2,5007,2.047
2,5008,2.076
2,5009,2.046
2,5010,2.095
2,5011,2.105
2,5012,1.721
2,5013,1.618
2,5014,2.056
2,5015,1.888
2,5016,2.110
2,5017,2.271
2,5018,1.930
2,5019,1.599
2,5020,2.178
2,5021,1.879
2,5022,1.896
2,5023,1.988
2,5024,2.477
2,5025,1.897
2,5026,1.517
2,5027,1.430
2,5028,1.710
2,5029,1.830
2,5030,1.927
2,5031,1.663
2,5032,1.660
2,5033,2.234
2,5034,1.742
2,5035,1.429
2,5036,1.605
2,5037,1.447
2,5038,1.277
2,5039,1.621
2,5040,1.659
2,5041,1.832
2,5042,1.939
2,5043,1.795
2,5044,1.471
2,5045,1.538
2,5046,1.454
2,5047,1.364
2,5048,1.392
2,5049,1.510
2,5050,2.238
2,5051,1.706
2,5052,2.079
2,5053,2.043
2,5054,2.023
2,5055,1.985
2,5056,2.132
2,5057,2.173
2,5058,2.235
2,5059,2.252
2,5060,2.509
2,5061,2.108
2,5062,2.082
2,5063,2.151
2,5064,1.929
2,5065,1.842
2,5066,2.142
2,5067,2.683
2,5068,2.115
2,5069,1.587
2,5070,1.434
2,5071,1.415
2,5072,1.347
2,5073,1.299
2,5074,1.553
2,5075,1.490
2,5076,1.550
2,5077,2.096
2,5078,2.197
2,5079,1.733
2,5080,1.716
2,5081,1.536
2,5082,1.691
2,5083,1.717
2,5084,1.547
2,5085,1.595
2,5086,2.009
2,5087,1.680
2,5088,1.652
2,5089,1.390
2,5090,1.462
2,5091,1.412
2,5092,1.520
2,5093,1.489
2,5094,1.311
2,5095,1.630
2,5096,2.036
2,5097,1.622
2,5098,1.726
2,5099,2.009
2,5100,1.793
2,5101,1.532
2,5102,1.450
2,5103,1.455
2,5104,1.665
2,5105,2.382
2,5106,1.762
2,5107,1.811
2,5108,1.809
2,5109,1.852
2,5110,1.751
2,5111,1.878
2,5112,2.041
2,5113,1.708
2,5114,1.799
2,5115,2.629
2,5116,1.980
2,5117,1.461
2,5118,1.858
2,5119,1.644
2,5120,1.606
2,5121,1.657
2,5122,1.962
2,5123,2.091
2,5124,1.728
2,5125,1.509
2,5126,1.726
2,5127,1.744
2,5128,1.753
2,5129,1.405
2,5130,1.475
2,5131,1.831
2,5132,2.484
2,5133,1.761
2,5134,1.630
2,5135,2.704
2,5136,2.105
2,5137,2.737
2,5138,2.282
2,5139,3.091
2,5140,2.855
2,5141,2.207
2,5142,1.556
2,5143,1.832
2,5144,1.785
2,5145,1.791
2,5146,1.890
2,5147,1.747
2,5148,1.544
2,5149,1.458
2,5150,1.435
2,5151,1.533
2,5152,1.787
2,5153,1.663
2,5154,1.420
2,5155,1.406
2,5156,2.358
2,5157,1.782
2,5158,1.567
2,5159,1.427
2,5160,1.601
2,5161,1.650
2,5162,1.459
2,5163,1.382
2,5164,1.605
2,5165,1.893
2,5166,2.830
2,5167,2.282
2,5168,2.612
2,5169,1.864
2,5170,1.786
2,5171,1.942
2,5172,1.726
2,5173,2.118
2,5174,2.395
2,5175,1.973
2,5176,1.713
2,5177,1.768
2,5178,1.995
2,5179,2.093
2,5180,1.639
2,5181,2.161
2,5182,2.208
2,5183,2.135
2,5184,1.920
2,5185,1.947
2,5186,1.869
2,5187,1.885
2,5188,2.200
2,5189,2.448
2,5190,1.866
2,5191,1.723
2,5192,2.012
2,5193,1.491
2,5194,1.919
2,5195,1.731
2,5196,1.651
2,5197,1.771
2,5198,1.596
2,5199,2.140
2,5200,1.986
2,5201,1.475
2,5202,1.787
2,5203,1.737
2,5204,1.626
2,5205,1.839
2,5206,1.696
2,5207,1.667
2,5208,1.551
2,5209,1.509
2,5210,1.332
2,5211,1.323
2,5212,1.664
2,5213,1.781
2,5214,1.326
2,5215,1.458
2,5216,2.230
2,5217,2.023
2,5218,1.984
2,5219,1.579
2,5220,1.774
2,5221,1.682
2,5222,1.572
2,5223,2.192
2,5224,1.982
2,5225,2.501
2,5226,2.099
2,5227,2.107
2,5228,2.121
2,5229,1.746
2,5230,1.433
2,5231,1.663
2,5232,1.715
2,5233,2.297
2,5234,1.862
2,5235,1.522
2,5236,1.352
2,5237,1.449
2,5238,1.375
2,5239,1.445
2,5240,1.563
2,5241,1.408
2,5242,1.265
2,5243,2.446
2,5244,1.833
2,5245,1.463
2,5246,1.594
2,5247,1.648
2,5248,1.647
2,5249,1.687
2,5250,1.665
2,5251,1.421
2,5252,2.341
2,5253,2.310
2,5254,1.490
2,5255,1.522
2,5256,1.512
2,5257,1.370
2,5258,1.526
2,5259,1.386
2,5260,1.404
2,5261,1.556
2,5262,1.613
2,5263,1.527
2,5264,1.862
2,5265,1.562
2,5266,1.353
2,5267,1.341
2,5268,1.389
2,5269,1.508
2,5270,1.492
2,5271,1.504
2,5272,1.759
2,5273,1.605
2,5274,1.666
2,5275,1.938
2,5276,1.482
2,5277,1.556
2,5278,1.829
2,5279,1.658
2,5280,1.495
2,5281,2.174
2,5282,3.049
2,5283,2.055
2,5284,1.919
2,5285,1.701
2,5286,1.737
2,5287,1.564
2,5288,1.631
2,5289,2.070
2,5290,1.928
2,5291,1.744
2,5292,1.793
2,5293,1.885
2,5294,1.877
2,5295,1.393
2,5296,1.320
2,5297,1.566
2,5298,1.459
2,5299,1.687
2,5300,1.499
2,5301,1.399
2,5302,1.429
2,5303,1.464
2,5304,1.537
2,5305,1.385
2,5306,1.795
2,5307,1.630
2,5308,1.498
2,5309,1.915
2,5310,1.936
2,5311,1.606
2,5312,1.980
2,5313,1.637
2,5314,1.579
2,5315,1.529
2,5316,1.699
2,5317,1.407
2,5318,1.591
2,5319,2.660
2,5320,1.532
2,5321,1.394
2,5322,1.447
2,5323,1.599
2,5324,1.611
2,5325,1.419
2,5326,1.301
2,5327,1.779
2,5328,2.010
2,5329,1.716
2,5330,1.609
2,5331,1.647
2,5332,1.452
2,5333,1.476
2,5334,1.529
2,5335,1.474
2,5336,1.517
2,5337,1.730
2,5338,2.213
2,5339,2.011
2,5340,1.872
2,5341,1.553
2,5342,1.916
2,5343,1.663
2,5344,1.572
2,5345,1.412
2,5346,1.603
2,5347,1.921
2,5348,2.596
2,5349,1.748
2,5350,1.518
2,5351,1.730
2,5352,1.900
2,5353,1.999
2,5354,1.757
2,5355,2.570
2,5356,1.949
2,5357,2.002
2,5358,1.770
2,5359,1.674
2,5360,1.525
2,5361,1.615
2,5362,1.912
2,5363,2.183
2,5364,2.075
2,5365,1.787
2,5366,1.887
2,5367,2.294
2,5368,1.756
2,5369,2.362
2,5370,2.024
2,5371,1.863
2,5372,1.685
2,5373,1.653
2,5374,1.679
2,5375,1.466
2,5376,2.133
2,5377,1.888
2,5378,1.500
2,5379,1.444
2,5380,1.630
2,5381,2.632
2,5382,2.137
2,5383,2.058
2,5384,2.323
2,5385,2.516
2,5386,1.818
2,5387,2.293
2,5388,2.440
2,5389,2.820
2,5390,2.886
2,5391,2.211
2,5392,2.638
2,5393,2.801
2,5394,2.240
2,5395,2.230
2,5396,2.125
2,5397,2.031
2,5398,1.903
2,5399,2.105
2,5400,3.015
2,5401,2.649
2,5402,1.884
2,5403,1.574
2,5404,1.431
2,5405,1.731
2,5406,1.949
2,5407,2.200
2,5408,1.924
2,5409,2.928
2,5410,1.999
2,5411,1.616
2,5412,1.869
2,5413,1.867
2,5414,1.881
2,5415,1.894
2,5416,1.967
2,5417,2.699
2,5418,2.433
2,5419,2.163
2,5420,2.437
2,5421,2.423
2,5422,2.401
2,5423,2.818
2,5424,2.925
2,5425,2.822
2,5426,2.408
2,5427,2.500
2,5428,2.165
2,5429,1.972
2,5430,2.160
2,5431,2.095
2,5432,1.887
2,5433,2.279
2,5434,1.953
2,5435,1.968
2,5436,1.871
2,5437,2.010
2,5438,2.692
2,5439,1.911
2,5440,1.998
2,5441,2.270
2,5442,1.891
2,5443,2.033
2,5444,1.889
2,5445,2.007
2,5446,2.231
2,5447,2.269
2,5448,2.304
2,5449,2.515
2,5450,2.046
2,5451,2.256
2,5452,3.038
2,5453,3.498
2,5454,3.096
2,5455,3.060
2,5456,3.207
2,5457,3.527
2,5458,3.295
2,5459,3.167
2,5460,6.293
2,5461,2.842
2,5462,1.981
2,5463,2.160
2,5464,2.310
2,5465,2.384
2,5466,2.207
2,5467,2.225
2,5468,3.404
2,5469,3.463
2,5470,2.674
2,5471,3.212
2,5472,3.059
2,5473,3.056
2,5474,2.773
2,5475,3.185
2,5476,2.405
2,5477,1.899
2,5478,1.923
2,5479,2.534
2,5480,2.398
2,5481,1.999
2,5482,2.280
2,5483,2.701
2,5484,2.523
2,5485,2.388
2,5486,2.244
2,5487,2.331
2,5488,2.289
2,5489,2.036
2,5490,1.953
2,5491,2.871
2,5492,2.505
2,5493,2.393
2,5494,2.308
2,5495,2.576
2,5496,2.889
2,5497,2.355
2,5498,2.721
2,5499,3.869
2,5500,2.697
2,5501,3.340
2,5502,2.492
2,5503,2.518
2,5504,2.859
2,5505,2.370
2,5506,2.321
2,5507,2.263
2,5508,2.046
2,5509,1.922
2,5510,2.208
2,5511,2.237
2,5512,2.744
2,5513,2.012
2,5514,1.689
2,5515,1.695
2,5516,1.763
2,5517,2.528
2,5518,2.118
2,5519,2.489
2,5520,2.640
2,5521,1.820
2,5522,1.748
2,5523,1.770
2,5524,1.762
2,5525,1.742
2,5526,2.217
2,5527,2.576
2,5528,1.768
2,5529,1.916
2,5530,1.907
2,5531,1.821
2,5532,1.870
2,5533,1.746
2,5534,2.133
2,5535,3.038
2,5536,2.387
2,5537,2.899
2,5538,2.329
2,5539,2.659
2,5540,2.991
2,5541,2.405
2,5542,2.293
2,5543,1.833
2,5544,1.878
2,5545,1.825
2,5546,1.649
2,5547,1.397
2,5548,1.421
2,5549,2.157
2,5550,2.333
2,5551,1.614
2,5552,1.409
2,5553,1.818
2,5554,2.439
2,5555,1.832
2,5556,1.720
2,5557,2.705
2,5558,1.852
2,5559,2.380
2,5560,2.352
2,5561,2.134
2,5562,2.962
2,5563,2.532
2,5564,2.522
2,5565,2.012
2,5566,1.838
2,5567,1.613
2,5568,1.490
2,5569,1.452
2,5570,1.593
2,5571,2.093
2,5572,2.002
2,5573,1.631
2,5574,1.763
2,5575,1.669
2,5576,1.571
2,5577,1.443
2,5578,1.641
2,5579,1.590
2,5580,1.515
2,5581,2.431
2,5582,1.891
2,5583,1.478
2,5584,1.304
2,5585,1.424
2,5586,1.758
2,5587,1.611
2,5588,1.618
2,5589,1.545
2,5590,2.043
2,5591,2.497
2,5592,1.930
2,5593,3.879
2,5594,1.975
2,5595,1.584
2,5596,1.526
2,5597,1.905
2,5598,1.891
2,5599,1.976
2,5600,2.162
2,5601,2.144
2,5602,2.135
2,5603,2.285
2,5604,1.885
2,5605,2.182
2,5606,1.971
2,5607,2.666
2,5608,1.587
2,5609,1.338
2,5610,2.613
2,5611,2.012
2,5612,1.740
2,5613,1.656
2,5614,2.892
2,5615,1.906
2,5616,1.776
2,5617,2.330
2,5618,1.935
2,5619,1.491
2,5620,1.461
2,5621,1.663
2,5622,2.167
2,5623,2.033
2,5624,1.753
2,5625,1.759
2,5626,1.825
2,5627,1.549
2,5628,1.852
2,5629,1.895
2,5630,1.549
2,5631,1.945
2,5632,2.522
2,5633,2.328
2,5634,1.840
2,5635,2.167
2,5636,2.168
2,5637,1.777
2,5638,1.916
2,5639,2.938
2,5640,2.396
2,5641,2.331
2,5642,2.811
2,5643,2.542
2,5644,2.530
2,5645,2.792
2,5646,2.526
2,5647,2.079
2,5648,1.895
2,5649,1.675
2,5650,1.880
2,5651,2.399
2,5652,1.880
2,5653,2.327
2,5654,1.938
2,5655,1.692
2,5656,1.599
2,5657,1.516
2,5658,2.050
2,5659,1.951
2,5660,1.823
2,5661,1.902
2,5662,2.090
2,5663,1.729
2,5664,1.671
2,5665,1.775
2,5666,2.188
2,5667,1.744
2,5668,1.524
2,5669,1.541
2,5670,2.191
2,5671,1.948
2,5672,1.814
2,5673,1.796
2,5674,1.477
2,5675,1.373
2,5676,1.555
2,5677,1.771
2,5678,1.721
2,5679,1.715
2,5680,1.809
2,5681,1.726
2,5682,1.718
2,5683,1.492
2,5684,1.493
2,5685,1.560
2,5686,1.675
2,5687,1.558
2,5688,1.510
2,5689,1.973
2,5690,2.008
2,5691,1.965
2,5692,1.627
2,5693,1.653
2,5694,1.804
2,5695,1.901
2,5696,1.693
2,5697,2.076
2,5698,2.111
2,5699,1.571
2,5700,1.409
2,5701,1.928
2,5702,1.697
2,5703,1.425
2,5704,1.332
2,5705,1.559
2,5706,1.655
2,5707,2.421
2,5708,1.635
2,5709,1.486
2,5710,1.587
2,5711,1.875
2,5712,1.484
2,5713,1.586
2,5714,1.707
2,5715,1.627
2,5716,1.634
2,5717,1.692
2,5718,1.843
2,5719,1.805
2,5720,1.679
2,5721,2.503
2,5722,1.881
2,5723,1.604
2,5724,1.930
2,5725,2.100
2,5726,1.792
2,5727,6.724
2,5728,1.978
2,5729,1.729
2,5730,1.985
2,5731,2.002
2,5732,2.021
2,5733,1.783
2,5734,1.736
2,5735,1.552
2,5736,1.484
2,5737,1.422
2,5738,1.820
2,5739,1.447
2,5740,1.302
2,5741,1.416
2,5742,2.071
2,5743,1.938
2,5744,1.614
2,5745,1.695
2,5746,1.791
2,5747,1.877
2,5748,1.879
2,5749,1.499
2,5750,2.237
2,5751,1.915
2,5752,1.478
2,5753,1.370
2,5754,1.606
2,5755,1.592
2,5756,1.539
2,5757,1.460
2,5758,1.384
2,5759,1.789
2,5760,1.723
2,5761,1.645
2,5762,1.606
2,5763,1.909
2,5764,1.593
2,5765,1.348
2,5766,1.394
2,5767,1.499
2,5768,1.577
2,5769,1.595
2,5770,2.961
2,5771,2.382
2,5772,1.773
2,5773,1.501
2,5774,1.591
2,5775,1.795
2,5776,1.831
2,5777,1.634
2,5778,1.907
2,5779,2.453
2,5780,1.709
2,5781,1.490
2,5782,1.546
2,5783,1.499
2,5784,1.347
2,5785,1.371
2,5786,1.478
2,5787,1.589
2,5788,1.784
2,5789,1.684
2,5790,1.968
2,5791,2.124
2,5792,1.757
2,5793,1.371
2,5794,1.299
2,5795,1.479
2,5796,1.460
2,5797,1.734
2,5798,2.253
2,5799,2.226
2,5800,2.630
2,5801,2.173
2,5802,2.296
2,5803,2.229
2,5804,2.667
2,5805,2.517
2,5806,2.285
2,5807,2.130
2,5808,1.919
2,5809,2.178
2,5810,1.976
2,5811,2.343
2,5812,2.191
2,5813,1.730
2,5814,1.703
2,5815,1.888
2,5816,2.327
2,5817,1.788
2,5818,1.668
2,5819,1.958
2,5820,1.991
2,5821,1.765
2,5822,1.669
2,5823,1.439
2,5824,1.373
2,5825,1.558
2,5826,2.230
2,5827,1.546
2,5828,1.410
2,5829,1.776
2,5830,2.075
2,5831,1.909
2,5832,1.550
2,5833,1.892
2,5834,1.720
2,5835,1.624
2,5836,1.809
2,5837,1.501
2,5838,1.601
2,5839,1.742
2,5840,1.440
2,5841,1.260
2,5842,1.312
2,5843,1.469
2,5844,1.524
2,5845,1.460
2,5846,1.499
2,5847,1.359
2,5848,1.803
2,5849,1.618
2,5850,1.416
2,5851,1.381
2,5852,1.443
2,5853,1.564
2,5854,1.370
2,5855,1.271
2,5856,1.565
2,5857,1.698
2,5858,1.565
2,5859,1.984
2,5860,1.682
2,5861,1.639
2,5862,1.829
2,5863,1.572
2,5864,1.836
2,5865,2.452
2,5866,1.877
2,5867,1.443
2,5868,2.362
2,5869,1.914
2,5870,1.705
2,5871,1.387
2,5872,1.274
2,5873,1.395
2,5874,1.547
2,5875,1.496
2,5876,1.469
2,5877,1.767
2,5878,1.713
2,5879,1.443
2,5880,1.582
2,5881,1.395
2,5882,1.451
2,5883,1.513
2,5884,1.461
2,5885,1.322
2,5886,1.255
2,5887,1.803
2,5888,2.049
2,5889,2.155
2,5890,2.202
2,5891,2.500
2,5892,1.852
2,5893,1.484
2,5894,2.093
2,5895,2.790
2,5896,1.913
2,5897,2.243
2,5898,1.999
2,5899,2.463
2,5900,1.919
2,5901,1.783
2,5902,1.778
2,5903,1.775
2,5904,2.366
2,5905,1.754
2,5906,1.453
2,5907,1.641
2,5908,2.434
2,5909,2.055
2,5910,2.084
2,5911,2.885
2,5912,2.414
2,5913,2.047
2,5914,2.093
2,5915,1.920
2,5916,2.217
2,5917,1.972
2,5918,2.184
2,5919,1.831
2,5920,1.603
2,5921,1.824
2,5922,1.688
2,5923,1.498
2,5924,1.689
2,5925,1.632
2,5926,1.892
2,5927,2.280
2,5928,1.746
2,5929,1.765
2,5930,1.538
2,5931,1.332
2,5932,1.317
2,5933,1.445
2,5934,1.492
2,5935,1.366
2,5936,1.924
2,5937,2.179
2,5938,1.665
2,5939,1.637
2,5940,1.587
2,5941,1.449
2,5942,1.857
2,5943,1.694
2,5944,1.570
2,5945,1.761
2,5946,1.941
2,5947,2.410
2,5948,1.647
2,5949,1.511
2,5950,1.516
2,5951,1.441
2,5952,1.326
2,5953,1.324
2,5954,1.559
2,5955,1.868
2,5956,1.989
2,5957,1.968
2,5958,2.531
2,5959,2.150
2,5960,1.562
2,5961,1.441
2,5962,1.556
2,5963,1.582
2,5964,1.845
2,5965,2.033
2,5966,2.088
2,5967,2.165
2,5968,1.805
2,5969,1.871
2,5970,2.226
2,5971,2.694
2,5972,2.636
2,5973,2.136
2,5974,2.326
2,5975,2.364
2,5976,2.008
2,5977,1.800
2,5978,2.131
2,5979,2.336
2,5980,1.782
2,5981,1.473
2,5982,1.789
2,5983,2.079
2,5984,2.400
2,5985,1.847
2,5986,2.251
2,5987,2.168
2,5988,1.573
2,5989,1.849
2,5990,1.621
2,5991,1.387
2,5992,1.400
2,5993,1.855
2,5994,2.695
2,5995,1.821
2,5996,1.604
2,5997,1.767
2,5998,1.876
2,5999,1.640
2,6000,2.000
2,6001,1.819
2,6002,1.742
2,6003,2.009
2,6004,1.904
2,6005,1.928
2,6006,1.536
2,6007,1.313
2,6008,1.325
2,6009,1.510
2,6010,1.574
2,6011,1.514
2,6012,1.869
2,6013,2.097
2,6014,2.858
2,6015,1.885
2,6016,2.036
2,6017,2.031
2,6018,1.502
2,6019,1.331
2,6020,1.638
2,6021,1.749
2,6022,2.146
2,6023,2.554
2,6024,2.314
2,6025,2.247
2,6026,2.373
2,6027,2.884
2,6028,2.377
2,6029,2.479
2,6030,2.729
2,6031,2.230
2,6032,2.460
2,6033,2.130
2,6034,2.365
2,6035,2.797
2,6036,2.164
2,6037,2.785
2,6038,2.386
2,6039,2.269
2,6040,1.752
2,6041,2.580
2,6042,3.638
2,6043,2.604
2,6044,2.509
2,6045,2.222
2,6046,2.024
2,6047,2.759
2,6048,2.201
2,6049,2.404
2,6050,2.297
2,6051,2.071
2,6052,2.583
2,6053,2.296
2,6054,2.094
2,6055,2.677
2,6056,2.136
2,6057,1.759
2,6058,2.121
2,6059,2.108
2,6060,2.424
2,6061,2.146
2,6062,2.538
2,6063,2.442
2,6064,2.832
2,6065,3.202
2,6066,2.786
2,6067,2.953
2,6068,3.215
2,6069,2.417
2,6070,2.032
2,6071,2.051
2,6072,2.205
2,6073,1.994
2,6074,2.777
2,6075,2.910
2,6076,2.393
2,6077,2.481
2,6078,2.666
2,6079,2.438
2,6080,3.096
2,6081,2.412
2,6082,1.995
2,6083,1.831
2,6084,1.964
2,6085,1.851
2,6086,1.755
2,6087,2.046
2,6088,2.186
2,6089,4.017
2,6090,2.943
2,6091,2.418
2,6092,2.145
2,6093,2.022
2,6094,1.604
2,6095,1.735
2,6096,2.054
2,6097,1.946
2,6098,2.395
2,6099,1.788
2,6100,1.823
2,6101,1.937
2,6102,1.755
2,6103,2.520
2,6104,2.427
2,6105,2.433
2,6106,2.918
2,6107,2.423
2,6108,2.204
2,6109,2.429
2,6110,2.754
2,6111,2.966
2,6112,2.308
2,6113,2.559
2,6114,2.510
2,6115,2.427
2,6116,2.097
2,6117,2.343
2,6118,2.415
2,6119,2.258
2,6120,2.422
2,6121,2.549
2,6122,2.638
2,6123,2.563
2,6124,2.036
2,6125,1.772
2,6126,2.264
2,6127,1.978
2,6128,1.985
2,6129,2.767
2,6130,2.263
2,6131,2.111
2,6132,3.211
2,6133,2.302
2,6134,1.957
2,6135,2.214
2,6136,2.585
2,6137,2.138
2,6138,2.081
2,6139,1.992
2,6140,1.960
2,6141,2.218
2,6142,2.001
2,6143,1.872
2,6144,2.582
2,6145,2.113
2,6146,1.918
2,6147,1.899
2,6148,2.056
2,6149,3.110
2,6150,2.814
2,6151,2.354
2,6152,2.538
2,6153,2.119
2,6154,2.484
2,6155,2.175
2,6156,2.033
2,6157,2.455
2,6158,2.466
2,6159,2.146
2,6160,2.586
2,6161,1.949
2,6162,2.079
2,6163,2.258
2,6164,2.528
2,6165,2.207
2,6166,2.200
2,6167,2.036
2,6168,2.342
2,6169,2.053
2,6170,2.106
2,6171,2.113
2,6172,2.295
2,6173,2.164
2,6174,2.075
2,6175,2.101
2,6176,2.160
2,6177,2.182
2,6178,2.168
2,6179,2.139
2,6180,2.020
2,6181,1.796
2,6182,2.046
2,6183,2.001
2,6184,1.595
2,6185,1.998
2,6186,2.041
2,6187,2.137
2,6188,1.593
2,6189,1.574
2,6190,1.771
2,6191,1.646
2,6192,1.786
2,6193,1.874
2,6194,1.784
2,6195,1.911
2,6196,1.708
2,6197,1.706
2,6198,1.773
2,6199,1.746
2,6200,1.644
2,6201,2.512
2,6202,2.185
2,6203,2.464
2,6204,2.569
2,6205,1.602
2,6206,1.427
2,6207,1.340
2,6208,1.452
2,6209,1.541
2,6210,1.364
2,6211,1.323
2,6212,1.262
2,6213,3.962
2,6214,3.380
2,6215,2.480
2,6216,2.207
2,6217,2.165
2,6218,3.079
2,6219,2.435
2,6220,2.560
2,6221,2.205
2,6222,1.472
2,6223,1.371
2,6224,1.531
2,6225,1.772
2,6226,1.719
2,6227,1.710
2,6228,2.339
2,6229,1.759
2,6230,1.402
2,6231,1.842
2,6232,1.592
2,6233,1.529
2,6234,1.489
2,6235,1.414
2,6236,4.704
2,6237,3.024
2,6238,2.460
2,6239,2.735
2,6240,2.365
2,6241,2.924
2,6242,2.421
2,6243,1.853
2,6244,2.612
2,6245,2.416
2,6246,3.051
2,6247,2.586
2,6248,2.716
2,6249,3.457
2,6250,2.316
2,6251,4.558
2,6252,3.622
2,6253,2.615
2,6254,2.529
2,6255,3.155
2,6256,2.819
2,6257,1.656
2,6258,1.548
2,6259,2.918
2,6260,2.164
2,6261,1.773
2,6262,1.973
2,6263,1.948
2,6264,1.737
2,6265,1.985
2,6266,2.010
2,6267,2.364
2,6268,3.388
2,6269,2.865
2,6270,1.771
2,6271,1.568
2,6272,1.620
2,6273,1.472
2,6274,1.475
2,6275,2.092
2,6276,1.988
2,6277,1.614
2,6278,1.478
2,6279,1.423
2,6280,1.805
2,6281,1.569
2,6282,1.367
2,6283,1.303
2,6284,1.398
2,6285,2.201
2,6286,1.916
2,6287,1.619
2,6288,2.309
2,6289,1.809
2,6290,1.675
2,6291,1.576
2,6292,1.853
2,6293,1.979
2,6294,1.927
2,6295,2.073
2,6296,2.003
2,6297,2.479
2,6298,1.652
2,6299,1.542
2,6300,1.489
2,6301,1.472
2,6302,1.732
2,6303,2.278
2,6304,2.048
2,6305,1.688
2,6306,1.618
2,6307,2.634
2,6308,2.059
2,6309,1.543
2,6310,1.500
2,6311,1.968
2,6312,1.622
2,6313,1.449
2,6314,1.555
2,6315,1.468
2,6316,1.369
2,6317,1.637
2,6318,1.532
2,6319,1.515
2,6320,1.804
2,6321,1.882
2,6322,1.664
2,6323,1.751
2,6324,1.735
2,6325,1.542
2,6326,3.064
2,6327,2.446
2,6328,2.230
2,6329,2.102
2,6330,2.220
2,6331,1.991
2,6332,1.880
2,6333,1.991
2,6334,2.010
2,6335,2.159
2,6336,2.392
2,6337,1.781
2,6338,1.976
2,6339,1.877
2,6340,1.688
2,6341,1.485
2,6342,1.314
2,6343,1.343
2,6344,1.498
2,6345,2.016
2,6346,1.821
2,6347,1.658
2,6348,1.503
2,6349,1.723
2,6350,1.665
2,6351,1.492
2,6352,1.814
2,6353,1.819
2,6354,1.566
2,6355,2.803
2,6356,2.235
2,6357,2.118
2,6358,1.973
2,6359,1.802
2,6360,1.979
2,6361,1.953
2,6362,1.893
2,6363,2.253
2,6364,2.195
2,6365,1.523
2,6366,1.460
2,6367,1.484
2,6368,1.772
2,6369,1.548
2,6370,1.365
2,6371,1.559
2,6372,2.193
2,6373,2.081
2,6374,1.673
2,6375,1.673
2,6376,1.806
2,6377,1.845
2,6378,1.627
2,6379,2.112
2,6380,2.524
2,6381,1.647
2,6382,1.803
2,6383,1.750
2,6384,1.593
2,6385,1.377
2,6386,1.351
2,6387,1.429
2,6388,1.531
2,6389,1.720
2,6390,1.737
2,6391,1.770
2,6392,1.808
2,6393,1.724
2,6394,1.435
2,6395,1.548
2,6396,1.737
2,6397,1.687
2,6398,1.707
2,6399,1.689
2,6400,1.826
2,6401,1.759
2,6402,1.508
2,6403,1.566
2,6404,2.694
2,6405,1.821
2,6406,1.757
2,6407,2.261
2,6408,2.761
2,6409,1.898
2,6410,1.733
2,6411,2.091
2,6412,2.159
2,6413,1.879
2,6414,2.120
2,6415,2.033
2,6416,1.814
2,6417,1.951
2,6418,2.207
2,6419,1.732
2,6420,1.478
2,6421,2.690
2,6422,2.521
2,6423,2.048
2,6424,1.948
2,6425,1.854
2,6426,1.846
2,6427,1.705
2,6428,2.076
2,6429,2.334
2,6430,2.721
2,6431,2.278
2,6432,2.334
2,6433,1.676
2,6434,1.771
2,6435,1.777
2,6436,1.583
2,6437,1.502
2,6438,2.338
2,6439,2.061
2,6440,1.528
2,6441,1.579
2,6442,1.732
2,6443,1.812
2,6444,1.517
2,6445,1.307
2,6446,1.403
2,6447,1.668
2,6448,2.379
2,6449,2.057
2,6450,1.896
2,6451,1.608
2,6452,1.581
2,6453,1.528
2,6454,1.626
2,6455,1.811
2,6456,1.699
2,6457,2.583
2,6458,2.562
2,6459,2.441
2,6460,1.688
2,6461,1.734
2,6462,1.587
2,6463,1.523
2,6464,1.585
2,6465,2.074
2,6466,2.013
2,6467,1.775
2,6468,1.504
2,6469,1.625
2,6470,1.800
2,6471,1.495
2,6472,1.338
2,6473,1.441
2,6474,2.009
2,6475,2.139
2,6476,1.791
2,6477,2.687
2,6478,2.068
2,6479,2.034
2,6480,2.502
2,6481,2.874
2,6482,2.353
2,6483,3.113
2,6484,2.773
2,6485,2.774
2,6486,2.010
2,6487,1.944
2,6488,2.092
2,6489,1.925
2,6490,1.662
2,6491,1.365
2,6492,1.508
2,6493,2.269
2,6494,1.931
2,6495,1.619
2,6496,2.065
2,6497,2.169
2,6498,2.047
2,6499,2.179
2,6500,2.398
2,6501,1.932
2,6502,1.503
2,6503,1.891
2,6504,1.653
2,6505,2.379
2,6506,1.938
2,6507,2.971
2,6508,2.654
2,6509,3.108
2,6510,1.828
2,6511,1.810
2,6512,2.186
2,6513,2.102
2,6514,1.868
2,6515,2.008
2,6516,2.458
2,6517,2.280
2,6518,1.844
2,6519,2.091
2,6520,2.341
2,6521,1.787
2,6522,1.801
2,6523,1.821
2,6524,1.682
2,6525,1.398
2,6526,1.775
2,6527,1.857
2,6528,1.976
2,6529,1.811
2,6530,1.997
2,6531,1.826
2,6532,1.627
2,6533,1.718
2,6534,2.428
2,6535,2.177
2,6536,1.654
2,6537,2.363
2,6538,1.927
2,6539,1.578
2,6540,1.531
2,6541,1.617
2,6542,1.541
2,6543,1.513
2,6544,1.508
2,6545,1.845
2,6546,2.069
2,6547,1.595
2,6548,1.343
2,6549,1.495
2,6550,1.729
2,6551,1.550
2,6552,1.413
2,6553,1.366
2,6554,1.559
2,6555,1.828
2,6556,2.383
2,6557,1.788
2,6558,1.953
2,6559,1.789
2,6560,1.653
2,6561,1.768
2,6562,1.843
2,6563,2.169
2,6564,1.804
2,6565,3.303
2,6566,2.130
2,6567,1.855
2,6568,2.173
2,6569,1.984
2,6570,1.876
2,6571,2.402
2,6572,2.581
2,6573,2.584
2,6574,1.848
2,6575,2.249
2,6576,1.905
2,6577,1.919
2,6578,2.343
2,6579,2.717
2,6580,2.142
2,6581,3.099
2,6582,1.976
2,6583,1.861
2,6584,2.135
2,6585,2.779
2,6586,2.506
2,6587,1.998
2,6588,1.629
2,6589,1.819
2,6590,1.765
2,6591,1.710
2,6592,1.422
2,6593,1.345
2,6594,2.001
2,6595,2.157
2,6596,1.898
2,6597,1.573
2,6598,1.582
2,6599,2.466
2,6600,1.582
2,6601,1.435
2,6602,1.772
2,6603,2.219
2,6604,1.811
2,6605,1.747
2,6606,1.844
2,6607,1.827
2,6608,1.959
2,6609,1.684
2,6610,1.886
2,6611,1.988
2,6612,2.609
2,6613,2.178
2,6614,1.694
2,6615,1.518
2,6616,1.482
2,6617,2.588
2,6618,1.952
2,6619,1.704
2,6620,1.795
2,6621,1.627
2,6622,1.474
2,6623,1.667
2,6624,1.634
2,6625,1.608
2,6626,1.447
2,6627,1.918
2,6628,1.957
2,6629,2.042
2,6630,1.632
2,6631,1.391
2,6632,1.500
2,6633,1.734
2,6634,1.463
2,6635,1.370
2,6636,1.377
2,6637,1.686
2,6638,2.895
2,6639,1.915
2,6640,2.052
2,6641,1.837
2,6642,1.693
2,6643,1.434
2,6644,1.546
2,6645,1.596
2,6646,2.218
2,6647,1.840
2,6648,1.626
2,6649,1.653
2,6650,1.643
2,6651,1.569
2,6652,1.768
2,6653,1.831
2,6654,1.461
2,6655,1.748
2,6656,2.010
2,6657,2.591
2,6658,2.098
2,6659,1.992
2,6660,2.105
2,6661,1.716
2,6662,1.425
2,6663,1.849
2,6664,1.848
2,6665,1.634
2,6666,2.130
2,6667,1.814
2,6668,2.064
2,6669,1.754
2,6670,1.457
2,6671,1.725
2,6672,2.147
2,6673,1.602
2,6674,1.623
2,6675,1.548
2,6676,1.767
2,6677,1.504
2,6678,1.567
2,6679,1.548
2,6680,1.694
2,6681,1.823
2,6682,1.721
2,6683,1.695
2,6684,1.734
2,6685,1.456
2,6686,1.560
2,6687,1.818
2,6688,1.874
2,6689,1.980
2,6690,2.216
2,6691,2.446
2,6692,1.922
2,6693,1.643
2,6694,1.644
2,6695,1.958
2,6696,2.390
2,6697,1.748
2,6698,1.907
2,6699,1.813
2,6700,1.608
2,6701,1.459
2,6702,1.654
2,6703,1.620
2,6704,1.391
2,6705,1.360
2,6706,1.806
2,6707,2.070
2,6708,2.489
2,6709,1.676
2,6710,1.541
2,6711,1.773
2,6712,1.654
2,6713,1.638
2,6714,1.905
2,6715,1.729
2,6716,2.420
2,6717,1.948
2,6718,1.844
2,6719,1.803
2,6720,1.607
2,6721,1.593
2,6722,1.801
2,6723,1.683
2,6724,2.093
2,6725,2.768
2,6726,2.062
2,6727,1.858
2,6728,1.734
2,6729,1.987
2,6730,1.913
2,6731,1.659
2,6732,2.778
2,6733,2.714
2,6734,2.215
2,6735,2.160
2,6736,2.000
2,6737,1.960
2,6738,2.102
2,6739,2.469
2,6740,2.249
2,6741,2.809
2,6742,2.183
2,6743,2.193
2,6744,2.108
2,6745,2.571
2,6746,2.376
2,6747,2.808
2,6748,2.505
2,6749,2.091
2,6750,2.091
2,6751,2.112
2,6752,2.258
2,6753,2.493
2,6754,2.399
2,6755,2.024
2,6756,2.680
2,6757,2.168
2,6758,1.994
2,6759,2.381
2,6760,2.698
2,6761,2.269
2,6762,2.158
2,6763,2.064
2,6764,2.462
2,6765,2.350
2,6766,2.371
2,6767,2.326
2,6768,2.659
2,6769,2.324
2,6770,2.086
2,6771,2.055
2,6772,2.398
2,6773,2.395
2,6774,2.166
2,6775,2.189
2,6776,2.126
2,6777,2.153
2,6778,2.292
2,6779,1.959
2,6780,2.549
2,6781,2.817
2,6782,2.341
2,6783,2.168
2,6784,2.440
2,6785,2.086
2,6786,2.071
2,6787,2.354
2,6788,2.642
2,6789,2.390
2,6790,2.817
2,6791,2.298
2,6792,2.151
2,6793,2.466
2,6794,2.398
2,6795,2.667
2,6796,2.306
2,6797,2.179
2,6798,2.523
2,6799,2.252
2,6800,2.233
2,6801,2.826
2,6802,2.568
2,6803,2.173
2,6804,2.253
2,6805,2.330
2,6806,2.524
2,6807,2.614
2,6808,2.249
2,6809,2.734
2,6810,2.365
2,6811,2.761
2,6812,2.534
2,6813,2.677
2,6814,2.415
2,6815,2.541
2,6816,2.571
2,6817,2.348
2,6818,2.899
2,6819,3.005
2,6820,2.884
2,6821,2.867
2,6822,2.933
2,6823,2.830
2,6824,3.017
2,6825,2.920
2,6826,2.451
2,6827,2.581
2,6828,2.852
2,6829,2.739
2,6830,2.661
2,6831,2.053
2,6832,1.865
2,6833,2.011
2,6834,2.095
2,6835,1.762
2,6836,1.645
2,6837,2.013
2,6838,2.257
2,6839,2.332
2,6840,1.866
2,6841,2.026
2,6842,1.856
2,6843,1.660
2,6844,2.547
2,6845,2.249
2,6846,1.893
2,6847,2.029
2,6848,2.446
2,6849,1.997
2,6850,1.933
2,6851,2.363
2,6852,2.399
2,6853,2.999
2,6854,2.258
2,6855,1.881
2,6856,2.402
2,6857,2.229
2,6858,1.903
2,6859,1.874
2,6860,2.972
2,6861,2.313
2,6862,2.021
2,6863,1.895
2,6864,2.118
2,6865,1.805
2,6866,2.206
2,6867,2.152
2,6868,1.812
2,6869,1.789
2,6870,2.124
2,6871,1.939
2,6872,1.818
2,6873,2.298
2,6874,2.247
2,6875,2.179
2,6876,2.211
2,6877,1.764
2,6878,1.512
2,6879,1.437
2,6880,1.768
2,6881,1.616
2,6882,1.850
2,6883,1.713
2,6884,1.770
2,6885,1.606
2,6886,1.541
2,6887,1.536
2,6888,1.737
2,6889,1.644
2,6890,1.407
2,6891,1.331
2,6892,1.393
2,6893,2.363
2,6894,1.996
2,6895,1.654
2,6896,1.417
2,6897,1.628
2,6898,1.739
2,6899,1.622
2,6900,1.597
2,6901,1.741
2,6902,1.897
2,6903,2.276
2,6904,1.810
2,6905,2.016
2,6906,1.780
2,6907,1.564
2,6908,1.431
2,6909,1.612
2,6910,1.540
2,6911,1.885
2,6912,1.840
2,6913,1.942
2,6914,1.472
2,6915,1.473
2,6916,1.436
2,6917,1.740
2,6918,1.774
2,6919,1.413
2,6920,1.330
2,6921,1.590
2,6922,1.809
2,6923,1.640
2,6924,1.996
2,6925,1.637
2,6926,1.581
2,6927,1.546
2,6928,1.525
2,6929,1.428
2,6930,1.681
2,6931,1.994
2,6932,2.186
2,6933,2.318
2,6934,2.697
2,6935,2.675
2,6936,2.276
2,6937,2.248
2,6938,2.394
2,6939,2.356
2,6940,1.696
2,6941,1.445
2,6942,1.840
2,6943,1.771
2,6944,1.694
2,6945,1.564
2,6946,1.496
2,6947,1.924
2,6948,2.086
2,6949,1.629
2,6950,1.456
2,6951,1.568
2,6952,1.836
2,6953,1.489
2,6954,1.622
2,6955,1.562
2,6956,1.645
2,6957,2.003
2,6958,1.901
2,6959,1.927
2,6960,1.760
2,6961,1.514
2,6962,2.529
2,6963,1.843
2,6964,1.560
2,6965,1.535
2,6966,2.581
2,6967,2.394
2,6968,1.546
2,6969,1.346
2,6970,1.549
2,6971,2.199
2,6972,1.668
2,6973,1.734
2,6974,1.733
2,6975,2.145
2,6976,1.957
2,6977,1.615
2,6978,2.044
2,6979,1.908
2,6980,1.739
2,6981,1.562
2,6982,1.663
2,6983,1.821
2,6984,1.863
2,6985,1.726
2,6986,2.321
2,6987,2.032
2,6988,2.105
2,6989,2.164
2,6990,1.619
2,6991,1.758
2,6992,1.749
2,6993,1.809
2,6994,1.709
2,6995,1.554
2,6996,1.388
2,6997,1.504
2,6998,1.579
2,6999,1.685
2,7000,1.621
2,7001,2.352
2,7002,1.911
2,7003,1.568
2,7004,1.530
2,7005,1.559
2,7006,1.656
2,7007,1.557
2,7008,1.464
2,7009,1.664
2,7010,3.738
2,7011,2.296
2,7012,1.900
2,7013,1.844
2,7014,1.853
2,7015,2.063
2,7016,2.146
2,7017,3.409
2,7018,2.346
2,7019,2.109
2,7020,1.987
2,7021,2.253
2,7022,3.372
2,7023,2.656
2,7024,2.874
2,7025,1.827
2,7026,1.619
2,7027,1.773
2,7028,1.846
2,7029,1.903
2,7030,1.790
2,7031,2.011
2,7032,2.192
2,7033,2.264
2,7034,1.759
2,7035,1.960
2,7036,1.865
2,7037,1.968
2,7038,2.447
2,7039,2.819
2,7040,2.014
2,7041,2.108
2,7042,1.701
2,7043,1.584
2,7044,2.062
2,7045,1.987
2,7046,1.692
2,7047,2.128
2,7048,1.791
2,7049,1.858
2,7050,1.806
2,7051,1.408
2,7052,1.518
2,7053,1.676
2,7054,1.475
2,7055,1.528
2,7056,1.480
2,7057,2.532
2,7058,1.943
2,7059,1.600
2,7060,1.962
2,7061,1.817
2,7062,1.628
2,7063,1.592
2,7064,1.636
2,7065,1.743
2,7066,3.383
2,7067,2.415
2,7068,2.141
2,7069,2.370
2,7070,1.901
2,7071,1.674
2,7072,1.455
2,7073,1.828
2,7074,2.068
2,7075,1.935
2,7076,1.766
2,7077,1.437
2,7078,1.410
2,7079,2.006
2,7080,1.596
2,7081,1.435
2,7082,1.540
2,7083,2.111
2,7084,17.981
2,7085,2.527
2,7086,1.738
2,7087,1.643
2,7088,1.544
2,7089,1.632
2,7090,1.789
2,7091,1.800
2,7092,1.643
2,7093,1.840
2,7094,1.742
2,7095,1.939
2,7096,1.548
2,7097,1.561
2,7098,1.449
2,7099,1.495
2,7100,2.283
2,7101,2.227
2,7102,1.720
2,7103,1.470
2,7104,1.540
2,7105,2.148
2,7106,1.702
2,7107,1.629
2,7108,1.888
2,7109,2.194
2,7110,1.919
2,7111,1.927
2,7112,1.640
2,7113,1.642
2,7114,1.705
2,7115,1.507
2,7116,1.555
2,7117,1.861
2,7118,2.094
2,7119,1.562
2,7120,1.412
2,7121,1.694
2,7122,2.062
2,7123,1.920
2,7124,2.160
2,7125,1.679
2,7126,2.272
2,7127,1.782
2,7128,2.015
2,7129,2.249
2,7130,1.940
2,7131,1.803
2,7132,1.737
2,7133,1.858
2,7134,1.835
2,7135,1.871
2,7136,1.746
2,7137,1.692
2,7138,1.681
2,7139,2.347
2,7140,1.836
2,7141,1.536
2,7142,1.432
2,7143,2.532
2,7144,1.978
2,7145,1.759
2,7146,1.609
2,7147,1.608
2,7148,1.660
2,7149,1.490
2,7150,1.647
2,7151,1.913
2,7152,1.601
2,7153,1.845
2,7154,1.683
2,7155,1.684
2,7156,1.551
2,7157,1.721
2,7158,1.553
2,7159,1.720
2,7160,1.647
2,7161,1.647
2,7162,1.666
2,7163,2.255
2,7164,1.832
2,7165,1.796
2,7166,1.740
2,7167,2.201
2,7168,1.860
2,7169,1.927
2,7170,2.272
2,7171,2.254
2,7172,2.677
2,7173,2.117
2,7174,1.961
2,7175,1.958
2,7176,2.144
2,7177,2.476
2,7178,1.963
2,7179,1.706
2,7180,2.496
2,7181,2.001
2,7182,1.928
2,7183,1.960
2,7184,2.652
2,7185,2.125
2,7186,2.181
2,7187,2.177
2,7188,2.275
2,7189,2.112
2,7190,2.553
2,7191,2.469
2,7192,2.191
2,7193,1.799
2,7194,1.608
2,7195,1.484
2,7196,1.592
2,7197,1.910
2,7198,1.660
2,7199,1.574
2,7200,2.161
2,7201,2.210
2,7202,1.786
2,7203,1.459
2,7204,1.570
2,7205,1.701
2,7206,1.507
2,7207,1.898
2,7208,1.653
2,7209,2.074
2,7210,2.071
2,7211,1.735
2,7212,1.893
2,7213,1.976
2,7214,1.754
2,7215,1.728
2,7216,2.382
2,7217,2.527
2,7218,2.380
2,7219,2.270
2,7220,2.099
2,7221,1.777
2,7222,1.991
2,7223,1.882
2,7224,1.786
2,7225,2.958
2,7226,2.641
2,7227,2.306
2,7228,2.302
2,7229,2.288
2,7230,2.358
2,7231,4.245
2,7232,2.927
2,7233,2.777
2,7234,2.457
2,7235,1.877
2,7236,2.113
2,7237,2.284
2,7238,2.378
2,7239,2.721
2,7240,1.876
2,7241,1.656
2,7242,1.643
2,7243,1.776
2,7244,1.722
2,7245,1.694
2,7246,1.951
2,7247,2.177
2,7248,2.392
2,7249,2.020
2,7250,1.902
2,7251,1.669
2,7252,1.593
2,7253,1.770
2,7254,2.033
2,7255,1.722
2,7256,1.429
2,7257,1.621
2,7258,2.468
2,7259,1.895
2,7260,1.986
2,7261,2.048
2,7262,2.945
2,7263,2.860
2,7264,2.186
2,7265,1.934
2,7266,1.956
2,7267,1.938
2,7268,1.730
2,7269,1.921
2,7270,1.649
2,7271,1.710
2,7272,1.788
2,7273,1.727
2,7274,1.708
2,7275,1.813
2,7276,2.272
2,7277,2.041
2,7278,1.963
2,7279,2.129
2,7280,1.818
2,7281,1.492
2,7282,1.742
2,7283,2.469
2,7284,1.917
2,7285,2.308
2,7286,2.705
2,7287,2.085
2,7288,1.824
2,7289,2.390
2,7290,2.135
2,7291,1.812
2,7292,1.954
2,7293,2.263
2,7294,2.061
2,7295,1.921
2,7296,1.842
2,7297,1.700
2,7298,1.539
2,7299,1.867
2,7300,2.046
2,7301,1.565
2,7302,1.960
2,7303,2.053
2,7304,1.750
2,7305,1.770
2,7306,1.588
2,7307,1.674
2,7308,1.792
2,7309,1.687
2,7310,1.636
2,7311,2.294
2,7312,2.687
2,7313,1.927
2,7314,1.983
2,7315,2.231
2,7316,1.783
2,7317,1.855
2,7318,2.275
2,7319,2.511
2,7320,3.190
2,7321,2.247
2,7322,2.171
2,7323,2.306
2,7324,2.616
2,7325,2.721
2,7326,2.339
2,7327,2.364
2,7328,2.093
2,7329,2.130
2,7330,2.066
2,7331,2.387
2,7332,2.844
2,7333,2.451
2,7334,2.556
2,7335,3.338
2,7336,2.601
2,7337,2.558
2,7338,3.344
2,7339,2.626
2,7340,2.489
2,7341,2.707
2,7342,2.395
2,7343,1.983
2,7344,2.352
2,7345,1.978
2,7346,2.031
2,7347,1.786
2,7348,1.592
2,7349,2.372
2,7350,1.689
2,7351,1.470
2,7352,1.802
2,7353,2.021
2,7354,1.966
2,7355,1.844
2,7356,1.884
2,7357,2.025
2,7358,2.110
2,7359,2.146
2,7360,2.408
2,7361,2.156
2,7362,1.831
2,7363,1.922
2,7364,1.968
2,7365,1.804
2,7366,1.503
2,7367,2.360
2,7368,1.984
2,7369,2.729
2,7370,2.298
2,7371,1.980
2,7372,1.831
2,7373,2.081
2,7374,2.332
2,7375,2.317
2,7376,2.485
2,7377,2.237
2,7378,2.178
2,7379,2.236
2,7380,2.524
2,7381,2.105
2,7382,2.841
2,7383,2.749
2,7384,2.096
2,7385,2.240
2,7386,2.179
2,7387,2.097
2,7388,2.122
2,7389,2.261
2,7390,2.791
2,7391,3.193
2,7392,2.248
2,7393,2.550
2,7394,2.567
2,7395,2.528
2,7396,2.975
2,7397,2.707
2,7398,2.915
2,7399,2.660
2,7400,2.976
2,7401,3.245
2,7402,2.678
2,7403,2.411
2,7404,3.297
2,7405,2.517
2,7406,2.641
2,7407,2.576
2,7408,2.696
2,7409,2.816
2,7410,3.234
2,7411,3.303
2,7412,2.918
2,7413,2.754
2,7414,2.870
2,7415,2.575
2,7416,2.728
2,7417,3.542
2,7418,3.245
2,7419,3.135
2,7420,2.652
2,7421,2.697
2,7422,2.573
2,7423,3.739
2,7424,2.603
2,7425,2.900
2,7426,2.616
2,7427,2.448
2,7428,2.773
2,7429,3.445
2,7430,2.576
2,7431,2.502
2,7432,2.627
2,7433,2.800
2,7434,3.195
2,7435,3.188
2,7436,3.168
2,7437,2.911
2,7438,2.460
2,7439,3.136
2,7440,3.142
2,7441,3.132
2,7442,3.020
2,7443,2.750
2,7444,2.741
2,7445,3.111
2,7446,2.718
2,7447,3.168
2,7448,2.544
2,7449,2.816
2,7450,2.929
2,7451,3.353
2,7452,3.293
2,7453,4.048
2,7454,3.010
2,7455,3.017
2,7456,3.055
2,7457,2.405
2,7458,2.411
2,7459,3.102
2,7460,2.407
2,7461,2.685
2,7462,2.728
2,7463,2.703
2,7464,2.802
2,7465,2.556
2,7466,3.000
2,7467,3.057
2,7468,2.658
2,7469,2.521
2,7470,2.406
2,7471,2.673
2,7472,2.487
2,7473,3.727
2,7474,2.622
2,7475,2.515
2,7476,3.600
2,7477,2.905
2,7478,2.674
2,7479,2.674
2,7480,2.042
2,7481,2.162
2,7482,2.209
2,7483,2.084
2,7484,2.052
2,7485,2.383
2,7486,2.198
2,7487,2.948
2,7488,2.264
2,7489,2.261
2,7490,2.272
2,7491,2.786
2,7492,3.032
2,7493,2.693
2,7494,2.825
2,7495,2.659
2,7496,2.406
2,7497,2.574
2,7498,2.980
2,7499,2.443
2,7500,2.279
2,7501,2.942
2,7502,2.375
2,7503,2.945
2,7504,2.822
2,7505,2.735
2,7506,2.817
2,7507,2.454
2,7508,2.974
2,7509,4.395
2,7510,3.119
2,7511,2.850
2,7512,2.870
2,7513,2.768
2,7514,3.359
2,7515,3.189
2,7516,2.669
2,7517,2.627
2,7518,2.660
2,7519,3.041
2,7520,3.276
2,7521,3.000
2,7522,3.100
2,7523,2.677
2,7524,3.242
2,7525,2.761
2,7526,3.718
2,7527,2.766
2,7528,2.511
2,7529,2.677
2,7530,2.856
2,7531,2.921
2,7532,3.255
2,7533,2.441
2,7534,2.460
2,7535,2.412
2,7536,2.862
2,7537,2.746
2,7538,2.840
2,7539,3.326
2,7540,3.043
2,7541,2.920
2,7542,2.525
2,7543,2.719
2,7544,2.757
2,7545,2.740
2,7546,2.614
2,7547,3.209
2,7548,2.661
2,7549,3.014
2,7550,2.963
2,7551,3.022
2,7552,3.165
2,7553,2.537
2,7554,2.646
2,7555,2.095
2,7556,2.128
2,7557,2.444
2,7558,2.678
2,7559,2.339
2,7560,2.500
2,7561,2.287
2,7562,2.695
2,7563,2.482
2,7564,2.018
2,7565,2.764
2,7566,2.264
2,7567,2.060
2,7568,1.983
2,7569,2.180
2,7570,2.172
2,7571,2.420
2,7572,2.482
2,7573,2.302
2,7574,2.149
2,7575,2.437
2,7576,2.095
2,7577,1.939
2,7578,2.423
2,7579,2.391
2,7580,2.577
2,7581,2.835
2,7582,2.211
2,7583,2.538
2,7584,2.467
2,7585,2.183
2,7586,2.337
2,7587,2.296
2,7588,2.897
2,7589,2.313
2,7590,2.103
2,7591,2.022
2,7592,2.524
2,7593,2.275
2,7594,1.907
2,7595,2.134
2,7596,2.614
2,7597,2.305
2,7598,2.585
2,7599,2.712
2,7600,2.377
2,7601,2.498
2,7602,2.325
2,7603,2.673
2,7604,2.886
2,7605,2.638
2,7606,2.283
2,7607,2.386
2,7608,2.079
2,7609,2.590
2,7610,3.063
2,7611,2.668
2,7612,2.969
2,7613,2.169
2,7614,2.461
2,7615,2.505
2,7616,2.325
2,7617,2.478
2,7618,2.743
2,7619,2.324
2,7620,2.348
2,7621,2.261
2,7622,2.167
2,7623,2.285
2,7624,2.346
2,7625,3.069
2,7626,2.305
2,7627,1.863
2,7628,1.765
2,7629,1.821
2,7630,1.918
2,7631,1.598
2,7632,2.042
2,7633,2.041
2,7634,2.101
2,7635,2.115
2,7636,1.884
2,7637,1.672
2,7638,1.628
2,7639,1.529
2,7640,2.172
2,7641,2.394
2,7642,1.965
2,7643,2.683
2,7644,2.191
2,7645,2.119
2,7646,2.048
2,7647,2.651
2,7648,2.314
2,7649,2.622
2,7650,2.342
2,7651,2.309
2,7652,2.040
2,7653,2.060
2,7654,2.205
2,7655,2.091
2,7656,2.148
2,7657,1.962
2,7658,2.127
2,7659,2.505
2,7660,1.943
2,7661,2.049
2,7662,2.789
2,7663,2.798
2,7664,1.700
2,7665,1.948
2,7666,1.795
2,7667,1.951
2,7668,1.999
2,7669,2.524
2,7670,2.348
2,7671,2.397
2,7672,2.992
2,7673,2.153
2,7674,2.415
2,7675,2.606
2,7676,2.065
2,7677,1.628
2,7678,2.039
2,7679,1.655
2,7680,1.575
2,7681,1.680
2,7682,2.028
2,7683,1.858
2,7684,2.133
2,7685,2.059
2,7686,1.890
2,7687,1.756
2,7688,1.469
2,7689,1.662
2,7690,1.727
2,7691,1.606
2,7692,1.732
2,7693,2.898
2,7694,2.713
2,7695,2.297
2,7696,2.718
2,7697,2.395
2,7698,2.304
2,7699,2.548
2,7700,2.208
2,7701,2.178
2,7702,1.677
2,7703,1.500
2,7704,1.561
2,7705,1.640
2,7706,1.943
2,7707,1.948
2,7708,1.671
2,7709,1.679
2,7710,1.784
2,7711,1.912
2,7712,1.715
2,7713,1.624
2,7714,1.524
2,7715,1.584
2,7716,1.765
2,7717,1.761
2,7718,1.968
2,7719,1.761
2,7720,1.680
2,7721,2.307
2,7722,3.106
2,7723,2.465
2,7724,2.270
2,7725,2.483
2,7726,3.753
2,7727,2.194
2,7728,1.922
2,7729,1.742
2,7730,2.635
2,7731,1.981
2,7732,1.536
2,7733,1.565
2,7734,1.599
2,7735,1.559
2,7736,1.554
2,7737,1.699
2,7738,1.900
2,7739,2.214
2,7740,2.408
2,7741,2.250
2,7742,2.079
2,7743,2.050
2,7744,2.080
2,7745,1.890
2,7746,3.094
2,7747,2.290
2,7748,1.956
2,7749,1.960
2,7750,1.858
2,7751,1.892
2,7752,1.513
2,7753,2.013
2,7754,2.055
2,7755,2.202
2,7756,1.961
2,7757,1.765
2,7758,1.676
2,7759,1.689
2,7760,4.082
2,7761,2.163
2,7762,1.496
2,7763,1.703
2,7764,1.791
2,7765,1.576
2,7766,1.611
2,7767,1.652
2,7768,1.781
2,7769,2.082
2,7770,1.795
2,7771,2.001
2,7772,2.013
2,7773,2.206
2,7774,1.708
2,7775,1.714
2,7776,1.741
2,7777,2.181
2,7778,2.001
2,7779,2.084
2,7780,2.402
2,7781,2.188
2,7782,2.640
2,7783,2.011
2,7784,1.861
2,7785,1.684
2,7786,1.802
2,7787,1.718
2,7788,1.483
2,7789,1.407
2,7790,1.992
2,7791,1.764
2,7792,2.085
2,7793,3.125
2,7794,2.852
2,7795,2.529
2,7796,2.340
2,7797,2.043
2,7798,1.815
2,7799,2.554
2,7800,2.286
2,7801,2.053
2,7802,1.994
2,7803,1.982
2,7804,1.960
2,7805,2.130
2,7806,2.582
2,7807,2.900
2,7808,2.556
2,7809,2.540
2,7810,2.234
2,7811,2.052
2,7812,2.208
2,7813,2.205
2,7814,2.506
2,7815,2.019
2,7816,1.857
2,7817,1.866
2,7818,2.143
2,7819,1.735
2,7820,1.646
2,7821,2.057
2,7822,1.922
2,7823,2.295
2,7824,2.042
2,7825,1.816
2,7826,1.494
2,7827,1.510
2,7828,1.554
2,7829,2.067
2,7830,2.114
2,7831,2.167
2,7832,2.682
2,7833,2.276
2,7834,2.294
2,7835,2.253
2,7836,2.648
2,7837,2.109
2,7838,2.853
2,7839,2.824
2,7840,2.662
2,7841,2.796
2,7842,2.515
2,7843,2.263
2,7844,2.037
2,7845,1.752
2,7846,2.023
2,7847,1.781
2,7848,1.515
2,7849,1.442
2,7850,1.651
2,7851,2.067
2,7852,2.035
2,7853,1.674
2,7854,1.633
2,7855,2.009
2,7856,2.190
2,7857,1.796
2,7858,1.761
2,7859,2.860
2,7860,2.333
2,7861,1.917
2,7862,2.003
2,7863,1.780
2,7864,1.643
2,7865,2.348
2,7866,2.364
2,7867,2.354
2,7868,2.604
2,7869,2.852
2,7870,2.505
2,7871,2.362
2,7872,2.649
2,7873,2.553
2,7874,2.586
2,7875,2.368
2,7876,2.424
2,7877,2.233
2,7878,2.384
2,7879,3.025
2,7880,2.038
2,7881,1.885
2,7882,2.113
2,7883,2.195
2,7884,2.170
2,7885,2.207
2,7886,2.710
2,7887,2.948
2,7888,2.602
2,7889,2.309
2,7890,2.513
2,7891,2.357
2,7892,2.475
2,7893,2.523
2,7894,2.611
2,7895,2.139
2,7896,2.149
2,7897,2.050
2,7898,2.334
2,7899,2.447
2,7900,2.222
2,7901,1.608
2,7902,1.628
2,7903,1.734
2,7904,1.726
2,7905,1.503
2,7906,1.650
2,7907,2.204
2,7908,2.205
2,7909,2.116
2,7910,2.684
2,7911,2.778
2,7912,2.060
2,7913,2.493
2,7914,2.467
2,7915,2.339
2,7916,2.723
2,7917,2.674
2,7918,2.891
2,7919,2.025
2,7920,1.935
2,7921,2.695
2,7922,2.319
2,7923,2.002
2,7924,1.865
2,7925,2.204
2,7926,2.454
2,7927,2.908
2,7928,2.668
2,7929,2.339
2,7930,2.519
2,7931,2.828
2,7932,2.373
2,7933,2.998
2,7934,2.564
2,7935,2.449
2,7936,2.518
2,7937,2.304
2,7938,2.490
2,7939,2.841
2,7940,3.486
2,7941,3.679
2,7942,2.920
2,7943,2.525
2,7944,2.780
2,7945,2.799
2,7946,3.180
2,7947,2.487
2,7948,2.855
2,7949,2.875
2,7950,3.106
2,7951,2.638
2,7952,2.939
2,7953,2.702
2,7954,2.370
2,7955,2.423
2,7956,3.705
2,7957,2.358
2,7958,2.489
2,7959,2.766
2,7960,2.630
2,7961,2.906
2,7962,2.907
2,7963,2.704
2,7964,2.412
2,7965,2.191
2,7966,3.339
2,7967,3.417
2,7968,2.831
2,7969,2.203
2,7970,2.079
2,7971,2.351
2,7972,2.092
2,7973,2.425
2,7974,2.552
2,7975,2.307
2,7976,2.070
2,7977,2.227
2,7978,2.128
2,7979,1.977
2,7980,2.719
2,7981,2.844
2,7982,1.937
2,7983,2.275
2,7984,2.257
2,7985,2.199
2,7986,2.289
2,7987,2.807
2,7988,2.830
2,7989,2.819
2,7990,2.190
2,7991,2.174
2,7992,2.459
2,7993,2.163
2,7994,3.001
2,7995,2.475
2,7996,2.894
2,7997,2.334
2,7998,2.231
2,7999,2.163
2,8000,2.932
2,8001,2.265
2,8002,2.122
2,8003,2.817
2,8004,2.311
2,8005,2.422
2,8006,2.695
2,8007,2.506
2,8008,2.854
2,8009,2.394
2,8010,2.526
2,8011,2.435
2,8012,2.318
2,8013,2.078
2,8014,2.253
2,8015,2.043
2,8016,1.951
2,8017,2.209
2,8018,2.868
2,8019,1.939
2,8020,2.281
2,8021,2.478
2,8022,1.866
2,8023,1.687
2,8024,1.963
2,8025,2.085
2,8026,2.202
2,8027,2.096
2,8028,2.203
2,8029,2.096
2,8030,2.018
2,8031,2.683
2,8032,2.110
2,8033,1.891
2,8034,2.395
2,8035,2.232
2,8036,2.116
2,8037,2.086
2,8038,1.971
2,8039,2.023
2,8040,2.606
2,8041,2.384
2,8042,2.921
2,8043,2.576
2,8044,2.503
2,8045,2.488
2,8046,2.522
2,8047,2.258
2,8048,2.688
2,8049,3.029
2,8050,2.580
2,8051,2.927
2,8052,2.202
2,8053,1.974
2,8054,2.127
2,8055,2.362
2,8056,2.745
2,8057,2.283
2,8058,1.867
2,8059,1.958
2,8060,2.329
2,8061,2.198
2,8062,2.385
2,8063,2.929
2,8064,2.589
2,8065,2.221
2,8066,2.146
2,8067,2.123
2,8068,2.551
2,8069,2.537
2,8070,1.906
2,8071,1.648
2,8072,2.258
2,8073,2.342
2,8074,1.973
2,8075,2.028
2,8076,2.298
2,8077,1.862
2,8078,1.813
2,8079,2.057
2,8080,1.716
2,8081,1.748
2,8082,1.728
2,8083,1.886
2,8084,2.200
2,8085,2.026
2,8086,1.882
2,8087,1.934
2,8088,1.701
2,8089,1.726
2,8090,2.197
2,8091,1.677
2,8092,1.427
2,8093,2.415
2,8094,2.403
2,8095,1.839
2,8096,1.795
2,8097,1.941
2,8098,1.937
2,8099,2.851
2,8100,2.717
2,8101,1.880
2,8102,1.601
2,8103,1.567
2,8104,1.764
2,8105,1.697
2,8106,1.475
2,8107,1.425
2,8108,2.008
2,8109,2.296
2,8110,1.909
2,8111,1.959
2,8112,1.782
2,8113,1.567
2,8114,1.544
2,8115,1.648
2,8116,1.875
2,8117,1.902
2,8118,2.243
2,8119,2.193
2,8120,1.853
2,8121,1.855
2,8122,1.920
2,8123,2.003
2,8124,1.861
2,8125,2.408
2,8126,2.296
2,8127,2.038
2,8128,1.520
2,8129,1.661
2,8130,1.764
2,8131,1.724
2,8132,1.718
2,8133,1.648
2,8134,2.245
2,8135,2.184
2,8136,2.391
2,8137,2.351
2,8138,1.704
2,8139,1.546
2,8140,1.621
2,8141,1.786
2,8142,2.049
2,8143,1.892
2,8144,2.297
2,8145,2.105
2,8146,2.190
2,8147,2.062
2,8148,2.142
2,8149,1.922
2,8150,2.615
2,8151,2.564
2,8152,1.726
2,8153,1.545
2,8154,2.283
2,8155,1.884
2,8156,1.780
2,8157,1.902
2,8158,2.501
2,8159,1.924
2,8160,1.808
2,8161,1.982
2,8162,1.752
2,8163,1.848
2,8164,1.775
2,8165,1.869
2,8166,2.036
2,8167,1.913
2,8168,1.771
2,8169,1.694
2,8170,1.799
2,8171,1.659
2,8172,2.318
2,8173,2.525
2,8174,2.210
2,8175,2.247
2,8176,2.182
2,8177,1.799
2,8178,1.774
2,8179,1.702
2,8180,1.640
2,8181,1.557
2,8182,2.380
2,8183,2.165
2,8184,1.684
2,8185,1.723
2,8186,1.951
2,8187,1.976
2,8188,1.736
2,8189,1.592
2,8190,1.701
2,8191,2.232
2,8192,1.951
2,8193,1.983
2,8194,1.771
2,8195,1.647
2,8196,1.720
2,8197,1.786
2,8198,1.824
2,8199,1.884
2,8200,3.488
2,8201,2.540
2,8202,2.483
2,8203,2.361
2,8204,1.888
2,8205,1.845
2,8206,2.551
2,8207,3.104
2,8208,2.363
2,8209,2.439
2,8210,2.128
2,8211,2.106
2,8212,2.024
2,8213,2.899
2,8214,3.081
2,8215,2.671
2,8216,2.345
2,8217,2.595
2,8218,2.214
2,8219,2.430
2,8220,2.104
2,8221,2.307
2,8222,1.773
2,8223,2.059
2,8224,1.985
2,8225,1.702
2,8226,1.555
2,8227,2.836
2,8228,2.594
2,8229,3.893
2,8230,2.215
2,8231,1.950
2,8232,1.824
2,8233,1.973
2,8234,1.715
2,8235,1.585
2,8236,1.592
2,8237,2.129
2,8238,1.698
2,8239,1.455
2,8240,1.377
2,8241,1.843
2,8242,1.971
2,8243,1.936
2,8244,2.094
2,8245,1.967
2,8246,2.110
2,8247,2.868
2,8248,4.500
2,8249,2.908
2,8250,2.004
2,8251,1.829
2,8252,1.542
2,8253,1.579
2,8254,1.758
2,8255,1.540
2,8256,1.465
2,8257,1.755
2,8258,2.061
2,8259,1.689
2,8260,1.456
2,8261,1.563
2,8262,1.668
2,8263,1.630
2,8264,1.567
2,8265,1.743
2,8266,1.640
2,8267,1.913
2,8268,1.751
2,8269,1.681
2,8270,1.777
2,8271,1.685
2,8272,1.749
2,8273,1.748
2,8274,2.062
2,8275,2.054
2,8276,2.833
2,8277,1.958
2,8278,1.682
2,8279,1.588
2,8280,1.727
2,8281,1.769
2,8282,1.575
2,8283,1.477
2,8284,1.491
2,8285,2.326
2,8286,1.929
2,8287,1.492
2,8288,1.395
2,8289,1.577
2,8290,1.624
2,8291,1.526
2,8292,1.604
2,8293,1.558
2,8294,1.582
2,8295,3.973
2,8296,2.357
2,8297,1.956
2,8298,1.652
2,8299,1.780
2,8300,1.890
2,8301,2.115
2,8302,2.128
2,8303,2.116
2,8304,1.858
2,8305,1.934
2,8306,1.665
2,8307,1.833
2,8308,1.603
2,8309,1.489
2,8310,1.752
2,8311,2.043
2,8312,1.983
2,8313,1.714
2,8314,1.489
2,8315,1.953
2,8316,1.674
2,8317,1.565
2,8318,1.613
2,8319,1.762
2,8320,1.999
2,8321,1.798
2,8322,1.715
2,8323,1.768
2,8324,1.949
2,8325,2.415
2,8326,1.985
2,8327,2.178
2,8328,4.226
2,8329,2.554
2,8330,2.253
2,8331,2.064
2,8332,2.593
2,8333,1.791
2,8334,2.335
2,8335,2.445
2,8336,1.963
2,8337,1.614
2,8338,1.623
2,8339,1.991
2,8340,1.811
2,8341,1.834
2,8342,2.053
2,8343,2.198
2,8344,1.664
2,8345,1.882
2,8346,2.036
2,8347,1.919
2,8348,1.720
2,8349,1.747
2,8350,2.712
2,8351,2.714
2,8352,2.558
2,8353,2.115
2,8354,1.849
2,8355,2.249
2,8356,2.408
2,8357,1.963
2,8358,2.728
2,8359,2.366
2,8360,2.100
2,8361,2.079
2,8362,2.109
2,8363,1.898
2,8364,1.833
2,8365,2.683
2,8366,2.348
2,8367,1.574
2,8368,2.083
2,8369,2.190
2,8370,2.026
2,8371,2.124
2,8372,2.563
2,8373,2.277
2,8374,2.923
2,8375,2.482
2,8376,2.289
2,8377,2.496
2,8378,2.597
2,8379,2.724
2,8380,3.002
2,8381,2.687
2,8382,2.291
2,8383,2.191
2,8384,2.204
2,8385,2.975
2,8386,2.570
2,8387,2.180
2,8388,2.855
2,8389,2.323
2,8390,2.391
2,8391,3.798
2,8392,2.918
2,8393,2.828
2,8394,2.718
2,8395,2.145
2,8396,2.194
2,8397,2.350
2,8398,2.695
2,8399,2.290
2,8400,2.127
2,8401,2.624
2,8402,2.679
2,8403,2.322
2,8404,2.731
2,8405,2.318
2,8406,2.123
2,8407,2.239
2,8408,2.494
2,8409,2.572
2,8410,2.577
2,8411,2.170
2,8412,2.271
2,8413,2.610
2,8414,2.865
2,8415,2.337
2,8416,3.097
2,8417,2.389
2,8418,2.710
2,8419,2.534
2,8420,2.692
2,8421,3.196
2,8422,2.440
2,8423,2.750
2,8424,2.582
2,8425,2.312
2,8426,2.723
2,8427,2.547
2,8428,3.853
2,8429,2.567
2,8430,1.751
2,8431,1.942
2,8432,1.860
2,8433,2.035
2,8434,1.731
2,8435,1.970
2,8436,1.820
2,8437,1.604
2,8438,2.316
2,8439,1.762
2,8440,1.609
2,8441,1.435
2,8442,1.480
2,8443,1.630
2,8444,1.794
2,8445,1.843
2,8446,1.594
2,8447,1.620
2,8448,2.133
2,8449,1.590
2,8450,1.519
2,8451,1.884
2,8452,1.587
2,8453,1.696
2,8454,1.799
2,8455,1.914
2,8456,1.743
2,8457,1.634
2,8458,2.413
2,8459,1.903
2,8460,1.735
2,8461,2.120
2,8462,2.139
2,8463,1.815
2,8464,1.535
2,8465,1.531
2,8466,1.738
2,8467,2.090
2,8468,1.685
2,8469,1.518
2,8470,1.885
2,8471,1.617
2,8472,1.708
2,8473,1.733
2,8474,1.705
2,8475,1.518
2,8476,1.504
2,8477,1.765
2,8478,1.732
2,8479,1.946
2,8480,1.978
2,8481,1.544
2,8482,1.812
2,8483,1.725
2,8484,1.553
2,8485,1.544
2,8486,1.751
2,8487,2.212
2,8488,2.008
2,8489,3.034
2,8490,2.483
2,8491,2.182
2,8492,2.465
2,8493,2.080
2,8494,1.927
2,8495,2.336
2,8496,2.184
2,8497,2.047
2,8498,2.525
2,8499,2.397
2,8500,1.852
2,8501,2.221
2,8502,2.409
2,8503,2.605
2,8504,1.924
2,8505,1.891
2,8506,2.014
2,8507,1.976
2,8508,2.129
2,8509,2.276
2,8510,2.441
2,8511,2.125
2,8512,2.270
2,8513,1.859
2,8514,1.592
2,8515,1.750
2,8516,1.696
2,8517,1.698
2,8518,1.769
2,8519,1.696
2,8520,1.484
2,8521,1.712
2,8522,1.463
2,8523,1.595
2,8524,1.797
2,8525,1.519
2,8526,1.378
2,8527,1.711
2,8528,2.194
2,8529,2.058
2,8530,4.327
2,8531,3.372
2,8532,2.775
2,8533,3.716
2,8534,3.560
2,8535,3.353
2,8536,3.359
2,8537,2.605
2,8538,2.626
2,8539,2.778
2,8540,2.507
2,8541,2.866
2,8542,3.694
2,8543,2.871
2,8544,3.407
2,8545,5.086
2,8546,3.380
2,8547,3.442
2,8548,3.085
2,8549,3.135
2,8550,2.669
2,8551,2.662
2,8552,2.440
2,8553,2.395
2,8554,2.314
2,8555,2.428
2,8556,1.972
2,8557,2.063
2,8558,2.224
2,8559,2.161
2,8560,2.257
2,8561,2.927
2,8562,2.239
2,8563,2.260
2,8564,2.347
2,8565,2.391
2,8566,2.411
2,8567,2.540
2,8568,2.931
2,8569,2.491
2,8570,2.411
2,8571,2.508
2,8572,2.924
2,8573,2.745
2,8574,4.181
2,8575,3.940
2,8576,3.148
2,8577,3.377
2,8578,3.822
2,8579,2.240
2,8580,2.167
2,8581,3.151
2,8582,2.347
2,8583,2.307
2,8584,2.774
2,8585,2.585
2,8586,2.823
2,8587,2.457
2,8588,2.401
2,8589,3.061
2,8590,2.550
2,8591,2.281
2,8592,2.288
2,8593,2.116
2,8594,2.125
2,8595,2.451
2,8596,2.525
2,8597,2.978
2,8598,2.519
2,8599,2.071
2,8600,2.224
2,8601,2.232
2,8602,2.771
2,8603,2.513
2,8604,2.461
2,8605,2.234
2,8606,2.325
2,8607,2.288
2,8608,2.313
2,8609,3.399
2,8610,2.602
2,8611,2.750
2,8612,2.681
2,8613,2.708
2,8614,3.185
2,8615,3.497
2,8616,2.799
2,8617,2.611
2,8618,1.901
2,8619,2.175
2,8620,2.230
2,8621,2.843
2,8622,3.354
2,8623,2.517
2,8624,2.519
2,8625,2.280
2,8626,2.235
2,8627,2.440
2,8628,2.866
2,8629,2.481
2,8630,2.070
2,8631,1.937
2,8632,1.806
2,8633,1.887
2,8634,2.530
2,8635,2.724
2,8636,2.218
2,8637,2.799
2,8638,1.916
2,8639,1.571
2,8640,1.709
2,8641,1.635
2,8642,1.995
2,8643,1.996
2,8644,2.077
2,8645,1.903
2,8646,1.998
2,8647,2.113
2,8648,1.901
2,8649,1.803
2,8650,2.097
2,8651,2.334
2,8652,2.553
2,8653,2.182
2,8654,2.531
2,8655,1.853
2,8656,1.573
2,8657,1.742
2,8658,2.163
2,8659,1.580
2,8660,1.546
2,8661,1.808
2,8662,1.725
2,8663,1.683
2,8664,1.817
2,8665,1.612
2,8666,1.541
2,8667,1.506
2,8668,1.949
2,8669,2.105
2,8670,1.739
2,8671,1.486
2,8672,1.614
2,8673,1.723
2,8674,1.850
2,8675,1.691
2,8676,1.631
2,8677,2.717
2,8678,2.352
2,8679,2.417
2,8680,2.160
2,8681,1.787
2,8682,1.672
2,8683,2.030
2,8684,2.637
2,8685,2.229
2,8686,2.175
2,8687,2.417
2,8688,2.380
2,8689,2.545
2,8690,2.232
2,8691,2.565
2,8692,1.943
2,8693,1.977
2,8694,1.628
2,8695,1.406
2,8696,1.698
2,8697,1.886
2,8698,1.631
2,8699,1.822
2,8700,1.947
2,8701,2.307
2,8702,2.138
2,8703,2.394
2,8704,1.996
2,8705,1.639
2,8706,1.463
2,8707,1.711
2,8708,1.723
2,8709,1.513
2,8710,2.008
2,8711,1.584
2,8712,1.508
2,8713,1.561
2,8714,1.570
2,8715,1.682
2,8716,1.758
2,8717,1.803
2,8718,1.606
2,8719,1.542
2,8720,1.665
2,8721,1.867
2,8722,1.593
2,8723,1.488
2,8724,1.530
2,8725,1.720
2,8726,1.713
2,8727,2.697
2,8728,2.101
2,8729,1.683
2,8730,1.686
2,8731,1.886
2,8732,2.431
2,8733,1.878
2,8734,2.193
2,8735,2.559
2,8736,2.270
2,8737,2.390
2,8738,2.276
2,8739,2.101
2,8740,1.706
2,8741,2.218
2,8742,2.019
2,8743,1.501
2,8744,1.381
2,8745,1.791
2,8746,1.646
2,8747,1.618
2,8748,1.685
2,8749,2.034
2,8750,1.902
2,8751,2.235
2,8752,2.290
2,8753,2.350
2,8754,1.788
2,8755,1.579
2,8756,1.901
2,8757,2.232
2,8758,3.147
2,8759,2.494
2,8760,2.095
2,8761,1.922
2,8762,2.218
2,8763,1.999
2,8764,1.816
2,8765,2.496
2,8766,2.918
2,8767,2.051
2,8768,2.079
2,8769,2.211
2,8770,1.902
2,8771,1.853
2,8772,2.264
2,8773,2.406
2,8774,2.453
2,8775,2.292
2,8776,2.566
2,8777,2.521
2,8778,2.546
2,8779,2.497
2,8780,2.064
2,8781,2.095
2,8782,1.672
2,8783,1.567
2,8784,1.767
2,8785,1.764
2,8786,1.518
2,8787,1.721
2,8788,2.397
2,8789,2.257
2,8790,2.451
2,8791,2.886
2,8792,2.067
2,8793,1.586
2,8794,1.699
2,8795,2.837
2,8796,2.118
2,8797,2.883
2,8798,3.783
2,8799,2.665
2,8800,2.429
2,8801,2.728
2,8802,2.488
2,8803,2.260
2,8804,2.107
2,8805,2.641
2,8806,2.166
2,8807,1.713
2,8808,2.986
2,8809,2.254
2,8810,1.820
2,8811,1.696
2,8812,1.723
2,8813,2.238
2,8814,1.626
2,8815,2.005
2,8816,2.019
2,8817,1.620
2,8818,1.540
2,8819,2.204
2,8820,2.235
2,8821,1.981
2,8822,2.055
2,8823,2.637
2,8824,2.288
2,8825,2.389
2,8826,2.066
2,8827,1.618
2,8828,1.497
2,8829,1.863
2,8830,2.079
2,8831,2.779
2,8832,2.642
2,8833,2.612
2,8834,2.096
2,8835,2.073
2,8836,1.819
2,8837,1.557
2,8838,3.098
2,8839,2.687
2,8840,2.108
2,8841,2.445
2,8842,2.035
2,8843,1.595
2,8844,1.559
2,8845,1.857
2,8846,1.871
2,8847,1.863
2,8848,2.297
2,8849,2.561
2,8850,1.922
2,8851,1.630
2,8852,1.810
2,8853,1.849
2,8854,2.169
2,8855,1.956
2,8856,1.979
2,8857,2.005
2,8858,1.702
2,8859,2.001
2,8860,1.853
2,8861,1.484
2,8862,1.650
2,8863,2.285
2,8864,2.036
2,8865,1.732
2,8866,1.809
2,8867,1.753
2,8868,1.793
2,8869,1.645
2,8870,1.721
2,8871,2.368
2,8872,2.205
2,8873,2.059
2,8874,2.093
2,8875,2.642
2,8876,1.949
2,8877,1.870
2,8878,1.812
2,8879,2.089
2,8880,2.040
2,8881,2.024
2,8882,1.653
2,8883,1.622
2,8884,2.172
2,8885,1.915
2,8886,1.685
2,8887,1.812
2,8888,2.196
2,8889,1.862
2,8890,1.629
2,8891,1.777
2,8892,1.933
2,8893,2.139
2,8894,1.929
2,8895,2.987
2,8896,2.234
2,8897,1.598
2,8898,1.874
2,8899,2.141
2,8900,2.316
2,8901,2.769
2,8902,2.531
2,8903,2.394
2,8904,2.640
2,8905,2.278
2,8906,1.864
2,8907,2.306
2,8908,2.966
2,8909,2.313
2,8910,2.328
2,8911,2.109
2,8912,1.811
2,8913,2.219
2,8914,2.134
2,8915,1.937
2,8916,2.725
2,8917,2.302
2,8918,1.932
2,8919,1.849
2,8920,2.249
2,8921,3.325
2,8922,2.973
2,8923,2.497
2,8924,1.839
2,8925,1.830
2,8926,1.827
2,8927,1.597
2,8928,1.408
2,8929,1.485
2,8930,1.751
2,8931,2.254
2,8932,2.133
2,8933,2.238
2,8934,1.716
2,8935,1.641
2,8936,1.661
2,8937,1.886
2,8938,1.680
2,8939,2.072
2,8940,2.191
2,8941,2.253
2,8942,2.035
2,8943,1.704
2,8944,1.803
2,8945,1.914
2,8946,2.287
2,8947,2.688
2,8948,2.024
2,8949,1.498
2,8950,1.497
2,8951,1.925
2,8952,1.706
2,8953,1.669
2,8954,1.444
2,8955,1.922
2,8956,2.037
2,8957,1.853
2,8958,2.080
2,8959,1.990
2,8960,1.587
2,8961,1.717
2,8962,1.581
2,8963,1.925
2,8964,1.896
2,8965,1.545
2,8966,1.590
2,8967,2.100
2,8968,1.771
2,8969,1.670
2,8970,1.950
2,8971,2.234
2,8972,2.191
2,8973,1.988
2,8974,2.347
2,8975,1.946
2,8976,1.537
2,8977,1.687
2,8978,1.820
2,8979,1.592
2,8980,2.306
2,8981,1.998
2,8982,1.707
2,8983,1.603
2,8984,1.945
2,8985,2.228
2,8986,1.756
2,8987,1.489
2,8988,1.635
2,8989,2.172
2,8990,2.031
2,8991,1.723
2,8992,1.622
2,8993,1.570
2,8994,1.707
2,8995,1.582
2,8996,1.735
2,8997,1.760
2,8998,1.661
2,8999,2.532
2,9000,2.031
2,9001,2.133
2,9002,1.679
2,9003,1.563
2,9004,1.558
2,9005,1.613
2,9006,1.639
2,9007,1.918
2,9008,2.554
2,9009,2.054
2,9010,2.235
2,9011,2.427
2,9012,1.916
2,9013,1.496
2,9014,1.448
2,9015,2.030
2,9016,2.103
2,9017,2.091
2,9018,1.843
2,9019,1.612
2,9020,1.693
2,9021,1.664
2,9022,1.737
2,9023,1.906
2,9024,2.131
2,9025,1.851
2,9026,1.914
2,9027,2.354
2,9028,1.913
2,9029,1.865
2,9030,1.603
2,9031,1.566
2,9032,1.892
2,9033,2.177
2,9034,1.731
2,9035,1.437
2,9036,1.368
2,9037,1.917
2,9038,1.644
2,9039,1.768
2,9040,1.666
2,9041,1.796
2,9042,1.767
2,9043,1.637
2,9044,1.484
2,9045,1.713
2,9046,1.764
2,9047,2.341
2,9048,2.335
2,9049,2.421
2,9050,2.204
2,9051,1.807
2,9052,1.884
2,9053,1.755
2,9054,1.654
2,9055,2.083
2,9056,2.217
2,9057,1.632
2,9058,2.028
2,9059,2.336
2,9060,2.218
2,9061,1.925
2,9062,1.895
2,9063,2.034
2,9064,1.973
2,9065,2.602
2,9066,2.863
2,9067,2.092
2,9068,1.927
2,9069,2.129
2,9070,2.085
2,9071,1.763
2,9072,2.071
2,9073,2.754
2,9074,2.147
2,9075,2.198
2,9076,2.105
2,9077,1.960
2,9078,2.367
2,9079,2.220
2,9080,2.457
2,9081,1.959
2,9082,1.797
2,9083,1.564
2,9084,1.676
2,9085,1.474
2,9086,1.489
2,9087,1.502
2,9088,1.508
2,9089,1.835
2,9090,2.161
2,9091,2.166
2,9092,1.780
2,9093,1.516
2,9094,1.534
2,9095,1.617
2,9096,1.564
2,9097,1.375
2,9098,1.649
2,9099,1.854
2,9100,1.751
2,9101,1.967
2,9102,1.919
2,9103,1.778
2,9104,1.735
2,9105,1.568
2,9106,2.701
2,9107,2.261
2,9108,1.795
2,9109,1.791
2,9110,1.893
2,9111,1.532
2,9112,1.693
2,9113,1.658
2,9114,1.635
2,9115,1.708
2,9116,1.583
2,9117,1.689
2,9118,2.302
2,9119,2.256
2,9120,2.377
2,9121,1.700
2,9122,1.484
2,9123,3.088
2,9124,2.181
2,9125,2.240
2,9126,2.062
2,9127,2.219
2,9128,2.238
2,9129,1.613
2,9130,1.967
2,9131,2.319
2,9132,1.847
2,9133,1.743
2,9134,1.719
2,9135,1.717
2,9136,1.580
2,9137,2.352
2,9138,1.868
2,9139,1.689
2,9140,1.489
2,9141,1.499
2,9142,1.680
2,9143,1.775
2,9144,1.613
2,9145,1.413
2,9146,1.627
2,9147,1.929
2,9148,1.827
2,9149,2.079
2,9150,2.076
2,9151,1.745
2,9152,1.863
2,9153,1.900
2,9154,2.026
2,9155,2.017
2,9156,2.852
2,9157,2.578
2,9158,2.571
2,9159,2.977
2,9160,4.195
2,9161,2.973
2,9162,2.557
2,9163,1.996
2,9164,2.239
2,9165,2.246
2,9166,2.256
2,9167,1.990
2,9168,2.373
2,9169,2.942
2,9170,3.062
2,9171,2.085
2,9172,2.192
2,9173,2.587
2,9174,2.471
2,9175,2.741
2,9176,2.485
2,9177,3.008
2,9178,2.317
2,9179,2.391
2,9180,2.068
2,9181,2.684
2,9182,2.642
2,9183,2.121
2,9184,2.734
2,9185,2.295
2,9186,2.136
2,9187,2.572
2,9188,3.564
2,9189,4.814
2,9190,5.689
2,9191,3.725
2,9192,3.320
2,9193,2.980
2,9194,3.566
2,9195,3.006
2,9196,2.962
2,9197,3.064
2,9198,2.721
2,9199,2.653
2,9200,2.451
2,9201,3.404
2,9202,2.645
2,9203,2.659
2,9204,2.874
2,9205,2.504
2,9206,2.308
2,9207,2.853
2,9208,3.045
2,9209,2.897
2,9210,2.790
2,9211,2.900
2,9212,3.227
2,9213,3.297
2,9214,3.183
2,9215,2.509
2,9216,2.738
2,9217,2.758
2,9218,2.916
2,9219,2.798
2,9220,4.329
2,9221,3.923
2,9222,3.111
2,9223,3.563
2,9224,3.289
2,9225,3.061
2,9226,2.750
2,9227,2.731
2,9228,3.202
2,9229,2.896
2,9230,2.794
2,9231,3.146
2,9232,2.446
2,9233,2.332
2,9234,3.040
2,9235,2.690
2,9236,2.465
2,9237,2.551
2,9238,2.882
2,9239,2.850
2,9240,2.578
2,9241,2.468
2,9242,2.745
2,9243,2.570
2,9244,2.498
2,9245,3.438
2,9246,3.306
2,9247,2.561
2,9248,2.259
2,9249,2.432
2,9250,2.642
2,9251,2.959
2,9252,3.510
2,9253,2.627
2,9254,2.892
2,9255,2.529
2,9256,2.350
2,9257,2.939
2,9258,2.675
2,9259,2.459
2,9260,2.427
2,9261,2.523
2,9262,2.575
2,9263,2.840
2,9264,2.984
2,9265,3.220
2,9266,2.535
2,9267,2.673
2,9268,2.411
2,9269,2.183
2,9270,2.304
2,9271,2.324
2,9272,3.348
2,9273,2.719
2,9274,2.365
2,9275,3.876
2,9276,2.498
2,9277,2.179
2,9278,3.125
2,9279,2.521
2,9280,2.775
2,9281,2.211
2,9282,2.221
2,9283,2.555
2,9284,2.283
2,9285,2.343
2,9286,2.324
2,9287,2.464
2,9288,2.502
2,9289,2.830
2,9290,2.726
2,9291,2.844
2,9292,2.550
2,9293,2.137
2,9294,2.269
2,9295,2.423
2,9296,2.525
2,9297,2.821
2,9298,2.472
2,9299,2.502
2,9300,2.392
2,9301,2.224
2,9302,2.366
2,9303,2.872
2,9304,2.229
2,9305,1.926
2,9306,2.487
2,9307,3.408
2,9308,3.260
2,9309,2.961
2,9310,3.207
2,9311,2.338
2,9312,2.965
2,9313,3.301
2,9314,2.646
2,9315,2.648
2,9316,2.692
2,9317,2.727
2,9318,2.984
2,9319,2.933
2,9320,2.870
2,9321,3.177
2,9322,3.061
2,9323,3.575
2,9324,3.345
2,9325,2.856
2,9326,2.962
2,9327,3.421
2,9328,3.128
2,9329,2.545
2,9330,2.468
2,9331,2.805
2,9332,5.605
2,9333,5.182
2,9334,4.809
2,9335,3.294
2,9336,2.776
2,9337,2.089
2,9338,1.767
2,9339,1.563
2,9340,1.661
2,9341,1.508
2,9342,1.412
2,9343,1.370
2,9344,1.662
2,9345,1.952
2,9346,1.884
2,9347,1.841
2,9348,1.662
2,9349,1.684
2,9350,1.556
2,9351,1.587
2,9352,1.580
2,9353,1.897
2,9354,2.123
2,9355,1.638
2,9356,1.990
2,9357,2.004
2,9358,2.090
2,9359,1.628
2,9360,1.763
2,9361,2.021
2,9362,2.378
2,9363,2.764
2,9364,2.015
2,9365,1.581
2,9366,1.574
2,9367,1.786
2,9368,1.713
2,9369,1.669
2,9370,2.040
2,9371,1.928
2,9372,2.040
2,9373,1.943
2,9374,1.860
2,9375,1.685
2,9376,1.497
2,9377,1.547
2,9378,1.871
2,9379,2.012
2,9380,1.733
2,9381,1.837
2,9382,2.038
2,9383,1.751
2,9384,1.644
2,9385,1.717
2,9386,1.759
2,9387,2.395
2,9388,2.153
2,9389,2.147
2,9390,2.282
2,9391,1.983
2,9392,1.655
2,9393,1.870
2,9394,1.923
2,9395,1.962
2,9396,1.598
2,9397,1.640
2,9398,1.620
2,9399,1.536
2,9400,1.545
2,9401,2.334
2,9402,1.737
2,9403,1.688
2,9404,2.727
2,9405,2.534
2,9406,1.844
2,9407,1.570
2,9408,1.681
2,9409,1.687
2,9410,1.803
2,9411,1.987
2,9412,2.078
2,9413,1.797
2,9414,1.700
2,9415,1.686
2,9416,2.075
2,9417,1.772
2,9418,1.683
2,9419,1.733
2,9420,2.563
2,9421,1.979
2,9422,1.782
2,9423,1.786
2,9424,2.028
2,9425,1.717
2,9426,1.852
2,9427,1.768
2,9428,1.558
2,9429,2.128
2,9430,1.965
2,9431,1.712
2,9432,1.682
2,9433,1.639
2,9434,1.962
2,9435,1.954
2,9436,1.879
2,9437,1.955
2,9438,2.513
2,9439,1.867
2,9440,1.702
2,9441,1.926
2,9442,1.831
2,9443,2.209
2,9444,1.817
2,9445,1.881
2,9446,1.867
2,9447,1.882
2,9448,1.868
2,9449,1.761
2,9450,1.504
2,9451,1.551
2,9452,1.666
2,9453,1.731
2,9454,2.131
2,9455,2.221
2,9456,2.239
2,9457,2.437
2,9458,2.070
2,9459,2.086
2,9460,2.003
2,9461,2.060
2,9462,2.983
2,9463,2.378
2,9464,2.129
2,9465,2.549
2,9466,2.175
2,9467,2.345
2,9468,2.412
2,9469,2.326
2,9470,2.025
2,9471,2.048
2,9472,2.160
2,9473,2.113
2,9474,2.022
2,9475,2.330
2,9476,2.170
2,9477,1.793
2,9478,1.697
2,9479,1.619
2,9480,2.154
2,9481,1.557
2,9482,2.405
2,9483,1.847
2,9484,1.853
2,9485,1.998
2,9486,1.789
2,9487,1.740
2,9488,1.731
2,9489,1.820
2,9490,1.992
2,9491,2.093
2,9492,2.398
2,9493,2.056
2,9494,1.599
2,9495,1.549
2,9496,1.651
2,9497,1.650
2,9498,1.714
2,9499,1.537
2,9500,1.595
2,9501,3.698
2,9502,2.679
2,9503,2.694
2,9504,2.154
2,9505,1.857
2,9506,1.777
2,9507,2.178
2,9508,2.564
2,9509,2.483
2,9510,2.561
2,9511,2.427
2,9512,2.688
2,9513,2.934
2,9514,3.018
2,9515,3.523
2,9516,2.310
2,9517,2.423
2,9518,2.292
2,9519,2.467
2,9520,2.447
2,9521,2.265
2,9522,2.598
2,9523,2.378
2,9524,1.983
2,9525,2.073
2,9526,2.497
2,9527,2.802
2,9528,2.070
2,9529,2.410
2,9530,2.458
2,9531,2.172
2,9532,2.282
2,9533,2.352
2,9534,2.418
2,9535,2.880
2,9536,2.175
2,9537,2.278
2,9538,2.320
2,9539,2.119
2,9540,2.876
2,9541,2.262
2,9542,2.181
2,9543,2.491
2,9544,2.599
2,9545,1.867
2,9546,1.705
2,9547,1.990
2,9548,2.533
2,9549,2.349
2,9550,2.100
2,9551,2.045
2,9552,1.841
2,9553,2.361
2,9554,2.867
2,9555,2.514
2,9556,2.168
2,9557,2.230
2,9558,1.791
2,9559,1.810
2,9560,1.904
2,9561,1.915
2,9562,2.691
2,9563,2.390
2,9564,1.982
2,9565,2.185
2,9566,2.533
2,9567,2.217
2,9568,1.872
2,9569,2.400
2,9570,2.605
2,9571,2.431
2,9572,2.343
2,9573,2.052
2,9574,1.794
2,9575,1.835
2,9576,1.904
2,9577,2.044
2,9578,2.450
2,9579,2.195
2,9580,2.324
2,9581,2.123
2,9582,2.049
2,9583,1.953
2,9584,2.152
2,9585,2.472
2,9586,2.297
2,9587,1.903
2,9588,2.257
2,9589,2.183
2,9590,1.867
2,9591,1.699
2,9592,2.339
2,9593,2.282
2,9594,2.571
2,9595,2.370
2,9596,1.924
2,9597,2.146
2,9598,2.722
2,9599,2.617
2,9600,2.175
2,9601,2.657
2,9602,2.797
2,9603,2.707
2,9604,2.337
2,9605,2.873
2,9606,2.852
2,9607,2.466
2,9608,2.501
2,9609,2.686
2,9610,2.241
2,9611,3.293
2,9612,2.002
2,9613,1.880
2,9614,2.338
2,9615,1.835
2,9616,1.536
2,9617,2.057
2,9618,2.566
2,9619,2.847
2,9620,2.178
2,9621,2.220
2,9622,2.117
2,9623,2.247
2,9624,2.750
2,9625,2.667
2,9626,2.577
2,9627,2.247
2,9628,1.709
2,9629,1.592
2,9630,1.682
2,9631,1.689
2,9632,1.709
2,9633,2.260
2,9634,2.299
2,9635,1.628
2,9636,1.664
2,9637,1.824
2,9638,1.946
2,9639,1.770
2,9640,1.503
2,9641,1.889
2,9642,2.055
2,9643,1.968
2,9644,2.645
2,9645,2.168
2,9646,1.699
2,9647,1.697
2,9648,1.734
2,9649,2.177
2,9650,1.881
2,9651,1.732
2,9652,2.036
2,9653,2.155
2,9654,2.089
2,9655,2.234
2,9656,2.001
2,9657,2.947
2,9658,2.413
2,9659,1.992
2,9660,1.632
2,9661,2.285
2,9662,2.062
2,9663,1.889
2,9664,2.440
2,9665,2.885
2,9666,2.474
2,9667,2.726
2,9668,2.684
2,9669,2.205
2,9670,2.569
2,9671,2.868
2,9672,2.361
2,9673,2.488
2,9674,2.256
2,9675,2.582
2,9676,2.893
2,9677,2.476
2,9678,2.599
2,9679,2.369
2,9680,1.831
2,9681,2.032
2,9682,2.497
2,9683,2.192
2,9684,2.308
2,9685,2.140
2,9686,2.194
2,9687,2.107
2,9688,2.502
2,9689,1.807
2,9690,1.945
2,9691,2.294
2,9692,2.022
2,9693,2.332
2,9694,2.075
2,9695,1.904
2,9696,1.770
2,9697,1.694
2,9698,2.203
2,9699,2.162
2,9700,1.630
2,9701,1.983
2,9702,2.026
2,9703,1.879
2,9704,1.765
2,9705,1.809
2,9706,1.821
2,9707,2.199
2,9708,2.778
2,9709,2.085
2,9710,1.801
2,9711,1.837
2,9712,2.142
2,9713,2.081
2,9714,1.646
2,9715,3.296
2,9716,2.355
2,9717,2.304
2,9718,2.239
2,9719,1.843
2,9720,1.686
2,9721,1.784
2,9722,1.997
2,9723,2.407
2,9724,2.326
2,9725,2.803
2,9726,2.359
2,9727,3.272
2,9728,2.470
2,9729,2.583
2,9730,2.599
2,9731,2.249
2,9732,3.142
2,9733,2.750
2,9734,2.806
2,9735,2.504
2,9736,2.343
2,9737,2.595
2,9738,2.856
2,9739,2.674
2,9740,2.715
2,9741,2.735
2,9742,2.707
2,9743,3.333
2,9744,3.329
2,9745,3.215
2,9746,2.757
2,9747,2.653
2,9748,2.488
2,9749,2.312
2,9750,2.514
2,9751,2.272
2,9752,2.849
2,9753,2.459
2,9754,2.177
2,9755,2.519
2,9756,2.650
2,9757,2.409
2,9758,2.488
2,9759,3.372
2,9760,2.927
2,9761,3.814
2,9762,2.826
2,9763,2.909
2,9764,2.843
2,9765,2.917
2,9766,2.373
2,9767,2.447
2,9768,2.533
2,9769,2.311
2,9770,2.985
2,9771,2.460
2,9772,2.512
2,9773,2.509
2,9774,2.695
2,9775,2.337
2,9776,2.999
2,9777,2.639
2,9778,2.423
2,9779,2.669
2,9780,2.593
2,9781,2.760
2,9782,2.759
2,9783,2.430
2,9784,2.310
2,9785,2.323
2,9786,2.805
2,9787,2.295
2,9788,2.236
2,9789,2.897
2,9790,2.978
2,9791,2.324
2,9792,2.667
2,9793,2.709
2,9794,3.028
2,9795,2.506
2,9796,2.348
2,9797,2.338
2,9798,2.416
2,9799,2.251
2,9800,2.619
2,9801,3.228
2,9802,2.658
2,9803,2.635
2,9804,2.557
2,9805,2.766
2,9806,2.501
2,9807,3.402
2,9808,2.497
2,9809,2.473
2,9810,2.411
2,9811,2.296
2,9812,2.609
2,9813,3.376
2,9814,2.581
2,9815,2.386
2,9816,2.508
2,9817,2.275
2,9818,2.106
2,9819,2.460
2,9820,2.467
2,9821,2.852
2,9822,2.309
2,9823,2.233
2,9824,2.439
2,9825,3.051
2,9826,2.986
2,9827,2.920
2,9828,3.148
2,9829,2.807
2,9830,3.098
2,9831,2.797
2,9832,2.878
2,9833,2.731
2,9834,3.350
2,9835,2.372
2,9836,3.337
2,9837,2.739
2,9838,3.137
2,9839,2.963
2,9840,3.250
2,9841,3.735
2,9842,2.609
2,9843,2.491
2,9844,2.583
2,9845,2.602
2,9846,2.905
2,9847,2.362
2,9848,2.492
2,9849,3.068
2,9850,2.826
2,9851,2.508
2,9852,2.186
2,9853,3.370
2,9854,2.492
2,9855,2.509
2,9856,3.267
2,9857,2.419
2,9858,1.904
2,9859,2.605
2,9860,2.942
2,9861,2.486
2,9862,2.349
2,9863,2.434
2,9864,3.124
2,9865,3.061
2,9866,3.144
2,9867,3.212
2,9868,2.943
2,9869,2.641
2,9870,2.717
2,9871,3.021
2,9872,2.881
2,9873,3.069
2,9874,2.667
2,9875,2.360
2,9876,2.780
2,9877,2.439
2,9878,2.316
2,9879,2.250
2,9880,2.336
2,9881,2.013
2,9882,2.376
2,9883,2.869
2,9884,1.690
2,9885,1.644
2,9886,1.975
2,9887,1.862
2,9888,2.384
2,9889,2.235
2,9890,2.222
2,9891,1.899
2,9892,1.981
2,9893,2.259
2,9894,1.685
2,9895,1.602
2,9896,1.936
2,9897,2.228
2,9898,2.264
2,9899,2.018
2,9900,1.976
2,9901,1.835
2,9902,1.682
2,9903,2.128
2,9904,1.925
2,9905,1.589
2,9906,2.641
2,9907,2.625
2,9908,2.330
2,9909,2.284
2,9910,2.251
2,9911,2.313
2,9912,2.852
2,9913,2.725
2,9914,2.303
2,9915,2.224
2,9916,2.052
2,9917,1.616
2,9918,1.989
2,9919,2.247
2,9920,1.965
2,9921,3.757
2,9922,2.869
2,9923,2.277
2,9924,2.616
2,9925,2.170
2,9926,1.716
2,9927,2.396
2,9928,2.936
2,9929,2.487
2,9930,2.103
2,9931,1.962
2,9932,1.914
2,9933,2.586
2,9934,2.731
2,9935,2.781
2,9936,2.278
2,9937,2.313
2,9938,2.064
2,9939,2.071
2,9940,2.384
2,9941,2.452
2,9942,2.356
2,9943,2.661
2,9944,2.168
2,9945,2.246
2,9946,2.388
2,9947,2.722
2,9948,2.372
2,9949,1.875
2,9950,2.189
2,9951,2.147
2,9952,1.576
2,9953,1.709
2,9954,2.374
2,9955,2.652
2,9956,1.845
2,9957,1.720
2,9958,1.765
2,9959,1.823
2,9960,3.109
2,9961,2.240
2,9962,2.551
2,9963,3.351
2,9964,1.972
2,9965,1.563
2,9966,1.474
2,9967,2.163
2,9968,2.808
2,9969,2.126
2,9970,1.901
2,9971,1.829
2,9972,1.779
2,9973,1.899
2,9974,2.270
2,9975,2.206
2,9976,7.064
2,9977,4.888
2,9978,4.029
2,9979,4.781
2,9980,5.014
2,9981,4.243
2,9982,3.902
2,9983,4.486
2,9984,5.444
2,9985,3.082
2,9986,2.673
2,9987,2.837
2,9988,3.186
2,9989,3.879
2,9990,2.921
2,9991,2.644
2,9992,2.796
2,9993,2.172
2,9994,2.808
2,9995,3.347
2,9996,2.543
2,9997,2.558
2,9998,2.925
2,9999,2.843
2,10000,2.790
2,10001,3.362
2,10002,3.426
2,10003,2.837
2,10004,2.798
2,10005,3.438
2,10006,3.878
2,10007,3.072
2,10008,2.886
2,10009,2.787
2,10010,2.952
2,10011,2.527
2,10012,2.328
2,10013,2.525
2,10014,5.932
2,10015,2.475
2,10016,2.152
2,10017,2.269
2,10018,3.003
2,10019,3.213
2,10020,3.307
2,10021,2.324
2,10022,2.137
2,10023,2.553
2,10024,1.963
2,10025,2.904
2,10026,2.371
2,10027,2.646
2,10028,1.917
2,10029,1.836
2,10030,1.823
2,10031,1.822
2,10032,2.328
2,10033,2.250
2,10034,1.985
2,10035,2.015
2,10036,2.216
2,10037,1.850
2,10038,1.639
2,10039,1.790
2,10040,2.104
2,10041,3.168
2,10042,2.515
2,10043,2.068
2,10044,2.559
2,10045,2.788
2,10046,2.272
2,10047,2.746
2,10048,2.365
2,10049,2.132
2,10050,2.115
2,10051,2.314
2,10052,2.034
2,10053,2.212
2,10054,2.466
2,10055,2.070
2,10056,2.027
2,10057,2.251
2,10058,2.122
2,10059,2.291
2,10060,2.324
2,10061,2.234
2,10062,3.209
2,10063,2.715
2,10064,2.575
2,10065,2.758
2,10066,2.669
2,10067,2.151
2,10068,2.178
2,10069,1.959
2,10070,1.894
2,10071,1.955
2,10072,1.871
2,10073,1.526
2,10074,1.512
2,10075,2.499
2,10076,2.365
2,10077,1.817
2,10078,2.205
2,10079,1.775
2,10080,1.744
2,10081,1.583
2,10082,1.841
2,10083,2.029
2,10084,2.074
2,10085,1.805
2,10086,2.578
2,10087,2.024
2,10088,1.694
2,10089,1.619
2,10090,1.788
2,10091,2.196
2,10092,3.399
2,10093,3.129
2,10094,2.616
2,10095,2.440
2,10096,1.841
2,10097,1.586
2,10098,2.704
2,10099,2.177
2,10100,1.763
2,10101,1.890
2,10102,1.698
2,10103,1.597
2,10104,1.631
2,10105,1.703
2,10106,2.429
2,10107,1.933
2,10108,1.659
2,10109,1.798
2,10110,2.067
2,10111,2.334
2,10112,1.647
2,10113,1.688
2,10114,2.669
2,10115,2.603
2,10116,2.170
2,10117,1.860
2,10118,1.670
2,10119,1.651
2,10120,1.967
2,10121,1.733
2,10122,2.488
2,10123,2.327
2,10124,1.812
2,10125,1.741
2,10126,1.926
2,10127,1.950
2,10128,1.696
2,10129,1.879
2,10130,2.682
2,10131,2.281
2,10132,1.663
2,10133,1.758
2,10134,1.820
2,10135,1.794
2,10136,1.984
2,10137,1.817
2,10138,2.322
2,10139,2.276
2,10140,2.620
2,10141,2.795
2,10142,2.266
2,10143,2.500
2,10144,2.616
2,10145,3.255
2,10146,3.244
2,10147,2.908
2,10148,2.483
2,10149,1.878
2,10150,1.864
2,10151,2.291
2,10152,2.352
2,10153,1.868
2,10154,1.735
2,10155,1.956
2,10156,1.805
2,10157,1.926
2,10158,2.010
2,10159,2.401
2,10160,2.313
2,10161,2.543
2,10162,2.570
2,10163,1.874
2,10164,1.878
2,10165,2.110
2,10166,2.659
2,10167,2.779
2,10168,2.412
2,10169,2.482
2,10170,2.392
2,10171,2.319
2,10172,2.812
2,10173,2.480
2,10174,2.163
2,10175,1.688
2,10176,1.737
2,10177,1.879
2,10178,1.814
2,10179,1.900
2,10180,2.592
2,10181,2.434
2,10182,2.290
2,10183,2.334
2,10184,2.519
2,10185,3.052
2,10186,2.604
2,10187,2.703
2,10188,2.898
2,10189,2.276
2,10190,2.828
2,10191,2.994
2,10192,3.024
2,10193,2.996
2,10194,2.775
2,10195,2.768
2,10196,2.762
2,10197,3.007
2,10198,3.212
2,10199,2.328
2,10200,2.922
2,10201,2.793
2,10202,3.009
2,10203,3.020
2,10204,2.626
2,10205,2.369
2,10206,2.512
2,10207,2.270
2,10208,2.573
2,10209,2.659
2,10210,2.120
2,10211,2.501
2,10212,2.103
2,10213,1.726
2,10214,1.924
2,10215,1.946
2,10216,1.705
2,10217,1.990
2,10218,2.186
2,10219,2.266
2,10220,2.060
2,10221,1.760
2,10222,1.884
2,10223,1.734
2,10224,3.724
2,10225,2.484
2,10226,2.300
2,10227,2.538
2,10228,2.636
2,10229,1.664
2,10230,2.108
2,10231,2.652
2,10232,2.464
2,10233,2.359
2,10234,2.224
2,10235,1.834
2,10236,2.280
2,10237,2.661
2,10238,2.207
2,10239,2.278
2,10240,2.315
2,10241,1.889
2,10242,1.664
2,10243,1.814
2,10244,2.150
2,10245,1.896
2,10246,2.391
2,10247,2.065
2,10248,1.764
2,10249,1.806
2,10250,1.906
2,10251,1.928
2,10252,1.684
2,10253,3.026
2,10254,2.415
2,10255,2.054
2,10256,2.466
2,10257,2.128
2,10258,2.292
2,10259,2.784
2,10260,2.883
2,10261,1.997
2,10262,2.747
2,10263,2.505
2,10264,2.586
2,10265,2.485
2,10266,2.302
2,10267,2.867
2,10268,2.795
2,10269,2.362
2,10270,2.364
2,10271,2.661
2,10272,2.476
2,10273,2.429
2,10274,2.391
2,10275,2.420
2,10276,2.578
2,10277,2.523
2,10278,3.050
2,10279,2.350
2,10280,2.538
2,10281,2.894
2,10282,2.509
2,10283,2.782
2,10284,2.624
2,10285,2.166
2,10286,2.336
2,10287,2.773
2,10288,2.701
2,10289,2.418
2,10290,2.524
2,10291,2.278
2,10292,2.553
2,10293,2.284
2,10294,2.918
2,10295,5.436
2,10296,2.903
2,10297,2.392
2,10298,2.359
2,10299,2.525
2,10300,2.485
2,10301,2.907
2,10302,2.747
2,10303,2.177
2,10304,2.829
2,10305,3.598
2,10306,3.809
2,10307,3.423
2,10308,2.903
2,10309,2.586
2,10310,2.642
2,10311,2.803
2,10312,2.779
2,10313,3.056
2,10314,2.647
2,10315,2.700
2,10316,2.822
2,10317,2.585
2,10318,3.535
2,10319,3.553
2,10320,3.143
2,10321,3.186
2,10322,3.773
2,10323,2.912
2,10324,2.946
2,10325,3.129
2,10326,2.495
2,10327,3.151
2,10328,3.076
2,10329,2.784
2,10330,2.743
2,10331,2.737
2,10332,2.578
2,10333,2.449
2,10334,4.227
2,10335,3.328
2,10336,3.292
2,10337,3.665
2,10338,4.660
2,10339,3.066
2,10340,3.002
2,10341,2.417
2,10342,2.569
2,10343,2.670
2,10344,2.336
2,10345,2.339
2,10346,2.386
2,10347,2.067
2,10348,2.363
2,10349,2.851
2,10350,2.449
2,10351,2.139
2,10352,2.473
2,10353,2.388
2,10354,2.356
2,10355,2.104
2,10356,2.509
2,10357,2.546
2,10358,2.438
2,10359,2.140
2,10360,2.506
2,10361,2.057
2,10362,1.695
2,10363,1.868
2,10364,2.257
2,10365,2.100
2,10366,1.896
2,10367,2.217
2,10368,1.968
2,10369,1.608
2,10370,1.691
2,10371,2.122
2,10372,2.241
2,10373,2.465
2,10374,2.204
2,10375,2.222
2,10376,2.212
2,10377,2.358
2,10378,1.981
2,10379,2.276
2,10380,2.144
2,10381,2.657
2,10382,1.880
2,10383,2.026
2,10384,1.957
2,10385,1.803
2,10386,3.210
2,10387,2.320
2,10388,1.800
2,10389,2.029
2,10390,2.161
2,10391,1.880
2,10392,2.113
2,10393,2.577
2,10394,2.057
2,10395,1.842
2,10396,2.026
2,10397,2.228
2,10398,1.888
2,10399,1.914
2,10400,2.599
2,10401,2.005
2,10402,1.628
2,10403,1.871
2,10404,1.704
2,10405,2.119
2,10406,2.741
2,10407,1.835
2,10408,1.942
2,10409,2.680
2,10410,2.403
2,10411,1.881
2,10412,1.989
2,10413,2.036
2,10414,2.489
2,10415,2.320
2,10416,2.042
2,10417,1.775
2,10418,1.683
2,10419,1.990
2,10420,1.892
2,10421,1.561
2,10422,1.576
2,10423,2.557
2,10424,2.409
2,10425,2.047
2,10426,1.820
2,10427,1.841
2,10428,1.635
2,10429,1.540
2,10430,2.119
2,10431,1.864
2,10432,2.569
2,10433,2.138
2,10434,2.014
2,10435,1.769
2,10436,1.538
2,10437,1.633
2,10438,1.744
2,10439,1.854
2,10440,2.024
2,10441,2.996
2,10442,2.243
2,10443,2.047
2,10444,2.315
2,10445,2.108
2,10446,1.812
2,10447,2.199
2,10448,2.571
2,10449,2.708
2,10450,2.199
2,10451,1.987
2,10452,1.991
2,10453,2.139
2,10454,2.705
2,10455,3.541
2,10456,2.803
2,10457,2.207
2,10458,2.521
2,10459,2.267
2,10460,2.188
2,10461,2.971
2,10462,2.458
2,10463,2.961
2,10464,2.556
2,10465,2.497
2,10466,2.562
2,10467,2.838
2,10468,2.549
2,10469,2.604
2,10470,2.565
2,10471,2.146
2,10472,2.462
2,10473,3.019
2,10474,1.897
2,10475,1.898
2,10476,1.785
2,10477,1.666
2,10478,2.831
2,10479,2.130
2,10480,2.342
2,10481,2.069
2,10482,2.155
2,10483,1.851
2,10484,1.553
2,10485,2.184
2,10486,2.151
2,10487,2.094
2,10488,2.015
2,10489,1.866
2,10490,1.930
2,10491,1.872
2,10492,2.112
2,10493,1.918
2,10494,1.541
2,10495,3.230
2,10496,2.803
2,10497,2.283
2,10498,2.090
2,10499,2.346
2,10500,2.255
2,10501,2.499
2,10502,3.080
2,10503,1.842
2,10504,2.083
2,10505,3.078
2,10506,2.651
2,10507,2.145
2,10508,2.131
2,10509,2.522
2,10510,2.112
2,10511,1.997
2,10512,2.068
2,10513,2.226
2,10514,2.076
2,10515,1.933
2,10516,1.985
2,10517,2.245
2,10518,1.897
2,10519,2.378
2,10520,2.063
2,10521,1.834
2,10522,1.727
2,10523,2.674
2,10524,2.110
2,10525,2.358
2,10526,1.918
2,10527,1.829
2,10528,1.935
2,10529,1.756
2,10530,2.538
2,10531,3.121
2,10532,3.120
2,10533,2.266
2,10534,1.670
2,10535,1.859
2,10536,2.355
2,10537,2.342
2,10538,1.941
2,10539,1.807
2,10540,1.807
2,10541,1.656
2,10542,2.537
2,10543,2.097
2,10544,2.201
2,10545,2.408
2,10546,2.331
2,10547,2.080
2,10548,1.912
2,10549,1.961
2,10550,2.063
2,10551,2.170
2,10552,2.629
2,10553,2.509
2,10554,2.470
2,10555,2.560
2,10556,1.960
2,10557,1.584
2,10558,3.170
2,10559,2.526
2,10560,2.194
2,10561,2.144
2,10562,2.150
2,10563,1.943
2,10564,2.530
2,10565,2.854
2,10566,2.376
2,10567,2.558
2,10568,2.752
2,10569,3.460
2,10570,2.949
2,10571,3.728
2,10572,2.528
2,10573,2.660
2,10574,3.450
2,10575,2.825
2,10576,3.494
2,10577,3.069
2,10578,2.904
2,10579,2.356
2,10580,2.321
2,10581,3.255
2,10582,3.166
2,10583,3.260
2,10584,2.744
2,10585,2.868
2,10586,2.889
2,10587,3.182
2,10588,3.524
2,10589,2.839
2,10590,2.540
2,10591,2.406
2,10592,2.603
2,10593,2.806
2,10594,2.511
2,10595,3.109
2,10596,2.916
2,10597,2.564
2,10598,2.800
2,10599,3.735
2,10600,3.141
2,10601,2.545
2,10602,2.994
2,10603,2.575
2,10604,2.972
2,10605,2.790
2,10606,2.468
2,10607,2.390
2,10608,2.820
2,10609,2.985
2,10610,3.962
2,10611,3.313
2,10612,3.215
2,10613,2.710
2,10614,3.436
2,10615,3.498
2,10616,2.873
2,10617,2.851
2,10618,2.845
2,10619,3.144
2,10620,2.448
2,10621,2.557
2,10622,2.097
2,10623,1.996
2,10624,1.819
2,10625,1.790
2,10626,1.877
2,10627,2.604
2,10628,2.801
2,10629,2.486
2,10630,2.311
2,10631,2.211
2,10632,2.187
2,10633,2.182
2,10634,2.174
2,10635,1.874
2,10636,2.091
2,10637,2.198
2,10638,1.780
2,10639,1.684
2,10640,1.756
2,10641,2.352
2,10642,3.421
2,10643,2.239
2,10644,1.997
2,10645,2.445
2,10646,2.399
2,10647,2.744
2,10648,2.425
2,10649,2.190
2,10650,2.155
2,10651,1.750
2,10652,1.691
2,10653,2.213
2,10654,2.004
2,10655,2.255
2,10656,1.977
2,10657,1.668
2,10658,1.761
2,10659,1.640
2,10660,2.274
2,10661,1.942
2,10662,2.030
2,10663,2.028
2,10664,1.857
2,10665,1.837
2,10666,1.711
2,10667,1.769
2,10668,1.692
2,10669,1.605
2,10670,1.621
2,10671,2.419
2,10672,2.560
2,10673,1.898
2,10674,1.934
2,10675,1.875
2,10676,1.765
2,10677,1.562
2,10678,1.764
2,10679,2.245
2,10680,2.163
2,10681,2.743
2,10682,1.844
2,10683,1.504
2,10684,1.694
2,10685,1.786
2,10686,2.117
2,10687,2.102
2,10688,2.219
2,10689,2.133
2,10690,2.242
2,10691,2.281
2,10692,2.232
2,10693,2.008
2,10694,2.268
2,10695,2.646
2,10696,2.238
2,10697,2.874
2,10698,2.743
2,10699,2.166
2,10700,2.090
2,10701,3.001
2,10702,2.671
2,10703,2.860
2,10704,2.525
2,10705,3.100
2,10706,2.631
2,10707,2.948
2,10708,2.397
2,10709,2.349
2,10710,2.253
2,10711,2.259
2,10712,2.267
2,10713,2.428
2,10714,2.607
2,10715,2.155
2,10716,1.559
2,10717,1.651
2,10718,1.866
2,10719,1.779
2,10720,1.834
2,10721,3.549
2,10722,2.166
2,10723,2.038
2,10724,2.456
2,10725,2.243
2,10726,1.707
2,10727,1.965
2,10728,2.422
2,10729,3.150
2,10730,2.186
2,10731,1.767
2,10732,1.738
2,10733,1.808
2,10734,1.877
2,10735,1.579
2,10736,2.124
2,10737,2.858
2,10738,2.869
2,10739,1.869
2,10740,1.748
2,10741,1.759
2,10742,1.731
2,10743,2.441
2,10744,2.010
2,10745,1.595
2,10746,1.608
2,10747,2.018
2,10748,2.038
2,10749,2.095
2,10750,1.883
2,10751,1.967
2,10752,2.390
2,10753,2.677
2,10754,2.227
2,10755,2.036
2,10756,1.685
2,10757,1.758
2,10758,1.838
2,10759,1.787
2,10760,1.705
2,10761,1.805
2,10762,1.772
2,10763,1.739
2,10764,1.834
2,10765,2.468
2,10766,1.762
2,10767,1.970
2,10768,2.501
2,10769,2.108
2,10770,1.580
2,10771,1.446
2,10772,2.227
2,10773,1.920
2,10774,2.386
2,10775,2.363
2,10776,3.515
2,10777,3.488
2,10778,3.296
2,10779,2.570
2,10780,3.602
2,10781,2.551
2,10782,2.008
2,10783,1.784
2,10784,1.694
2,10785,1.899
2,10786,1.818
2,10787,1.615
2,10788,3.306
2,10789,2.957
2,10790,2.434
2,10791,2.301
2,10792,2.580
2,10793,2.580
2,10794,2.963
2,10795,3.241
2,10796,2.432
2,10797,2.488
2,10798,1.907
2,10799,1.617
2,10800,1.879
2,10801,2.925
2,10802,2.552
2,10803,2.450
2,10804,1.967
2,10805,1.938
2,10806,2.697
2,10807,2.546
2,10808,2.170
2,10809,2.253
2,10810,2.094
2,10811,2.621
2,10812,2.265
2,10813,2.338
2,10814,3.153
2,10815,2.736
2,10816,2.390
2,10817,2.719
2,10818,3.147
2,10819,2.914
2,10820,2.512
2,10821,2.369
2,10822,5.183
2,10823,3.651
2,10824,3.512
2,10825,3.110
2,10826,3.244
2,10827,3.067
2,10828,3.112
2,10829,3.235
2,10830,3.779
2,10831,3.159
2,10832,3.774
2,10833,5.372
2,10834,6.005
2,10835,6.643
2,10836,4.661
2,10837,3.039
2,10838,2.636
2,10839,2.974
2,10840,2.974
2,10841,2.590
2,10842,2.666
2,10843,2.588
2,10844,2.541
2,10845,2.379
2,10846,2.979
2,10847,4.807
2,10848,3.076
2,10849,3.478
2,10850,3.467
2,10851,3.663
2,10852,2.753
2,10853,2.666
2,10854,2.480
2,10855,2.373
2,10856,2.537
2,10857,2.522
2,10858,2.519
2,10859,2.495
2,10860,2.459
2,10861,2.571
2,10862,2.710
2,10863,2.561
2,10864,2.412
2,10865,3.321
2,10866,2.300
2,10867,2.386
2,10868,2.515
2,10869,2.867
2,10870,2.585
2,10871,2.627
2,10872,3.142
2,10873,2.458
2,10874,2.205
2,10875,3.435
2,10876,2.700
2,10877,2.592
2,10878,2.570
2,10879,2.652
2,10880,3.240
2,10881,3.091
2,10882,3.039
2,10883,2.833
2,10884,2.692
2,10885,3.406
2,10886,3.153
2,10887,3.090
2,10888,2.765
2,10889,2.715
2,10890,2.715
2,10891,3.110
2,10892,2.789
2,10893,2.562
2,10894,2.563
2,10895,2.669
2,10896,2.695
2,10897,3.360
2,10898,2.882
2,10899,2.746
2,10900,3.015
2,10901,2.694
2,10902,3.113
2,10903,2.589
2,10904,2.837
2,10905,2.233
2,10906,2.125
2,10907,2.212
2,10908,2.221
2,10909,2.122
2,10910,2.208
2,10911,2.372
2,10912,2.136
2,10913,2.030
2,10914,2.023
2,10915,1.846
2,10916,1.956
2,10917,2.839
2,10918,2.507
2,10919,2.421
2,10920,2.912
2,10921,3.050
2,10922,2.837
2,10923,4.865
2,10924,3.581
2,10925,2.502
2,10926,2.794
2,10927,3.460
2,10928,3.186
2,10929,2.514
2,10930,2.199
2,10931,2.887
2,10932,2.739
2,10933,2.639
2,10934,2.935
2,10935,2.612
2,10936,2.817
2,10937,2.594
2,10938,2.931
2,10939,3.410
2,10940,2.659
2,10941,2.657
2,10942,2.622
2,10943,2.578
2,10944,2.690
2,10945,3.607
2,10946,2.514
2,10947,2.574
2,10948,2.277
2,10949,2.442
2,10950,2.252
2,10951,3.340
2,10952,2.496
2,10953,2.243
2,10954,2.574
2,10955,2.287
2,10956,1.690
2,10957,2.272
2,10958,2.095
2,10959,1.706
2,10960,2.008
2,10961,1.968
2,10962,1.914
2,10963,1.994
2,10964,2.480
2,10965,2.733
2,10966,2.658
2,10967,2.471
2,10968,2.257
2,10969,1.742
2,10970,1.963
2,10971,1.936
2,10972,1.739
2,10973,1.939
2,10974,2.472
2,10975,2.424
2,10976,2.608
2,10977,2.955
2,10978,1.887
2,10979,1.969
2,10980,2.451
2,10981,1.989
2,10982,1.693
2,10983,1.920
2,10984,1.885
2,10985,2.155
2,10986,1.867
2,10987,2.018
2,10988,2.312
2,10989,2.053
2,10990,2.202
2,10991,1.898
2,10992,1.509
2,10993,1.615
2,10994,2.284
2,10995,1.919
2,10996,1.873
2,10997,1.919
2,10998,2.113
2,10999,1.930
2,11000,2.140
2,11001,2.187
2,11002,1.816
2,11003,1.899
2,11004,2.492
2,11005,2.937
2,11006,2.523
2,11007,2.612
2,11008,2.062
2,11009,2.077
2,11010,2.423
2,11011,2.340
2,11012,2.002
2,11013,2.173
2,11014,1.983
2,11015,1.512
2,11016,1.560
2,11017,1.979
2,11018,2.348
2,11019,2.540
2,11020,2.831
2,11021,1.850
2,11022,2.259
2,11023,2.690
2,11024,2.103
2,11025,3.103
2,11026,2.745
2,11027,3.400
2,11028,2.731
2,11029,2.334
2,11030,3.457
2,11031,2.986
2,11032,2.337
2,11033,2.688
2,11034,2.189
2,11035,2.174
2,11036,2.547
2,11037,2.701
2,11038,4.229
2,11039,2.417
2,11040,2.585
2,11041,2.256
2,11042,2.417
2,11043,1.905
2,11044,2.087
2,11045,1.782
2,11046,2.167
2,11047,2.124
2,11048,2.104
2,11049,1.684
2,11050,2.479
2,11051,2.342
2,11052,1.785
2,11053,1.617
2,11054,1.845
2,11055,1.771
2,11056,1.788
2,11057,2.434
2,11058,2.123
2,11059,1.805
2,11060,1.717
2,11061,2.020
2,11062,1.900
2,11063,1.698
2,11064,1.739
2,11065,2.109
2,11066,3.917
2,11067,2.467
2,11068,2.455
2,11069,2.205
2,11070,2.777
2,11071,2.230
2,11072,2.788
2,11073,2.880
2,11074,2.293
2,11075,2.118
2,11076,2.229
2,11077,2.278
2,11078,2.791
2,11079,2.444
2,11080,2.288
2,11081,2.100
2,11082,2.528
2,11083,2.064
2,11084,1.855
2,11085,2.642
2,11086,2.267
2,11087,2.340
2,11088,2.351
2,11089,1.764
2,11090,1.675
2,11091,1.889
2,11092,2.633
2,11093,2.073
2,11094,2.443
2,11095,2.213
2,11096,2.398
2,11097,2.144
2,11098,1.726
2,11099,1.685
2,11100,2.930
2,11101,3.185
2,11102,2.185
2,11103,2.533
2,11104,2.745
2,11105,2.324
2,11106,2.357
2,11107,2.170
2,11108,1.797
2,11109,2.096
2,11110,1.818
2,11111,1.593
2,11112,2.517
2,11113,2.228
2,11114,2.897
2,11115,2.121
2,11116,1.836
2,11117,1.636
2,11118,1.563
2,11119,1.954
2,11120,2.070
2,11121,1.829
2,11122,1.858
2,11123,1.980
2,11124,1.938
2,11125,1.818
2,11126,1.838
2,11127,1.969
2,11128,1.780
2,11129,2.186
2,11130,2.014
2,11131,1.819
2,11132,1.654
2,11133,1.804
2,11134,2.206
2,11135,2.190
2,11136,1.724
2,11137,1.807
2,11138,2.825
2,11139,2.717
2,11140,2.288
2,11141,1.764
2,11142,1.818
2,11143,1.750
2,11144,1.818
2,11145,2.007
2,11146,2.027
2,11147,2.259
2,11148,1.839
2,11149,1.888
2,11150,1.780
2,11151,1.904
2,11152,1.761
2,11153,3.017
2,11154,2.511
2,11155,2.085
2,11156,1.514
2,11157,1.770
2,11158,1.777
2,11159,1.800
2,11160,2.000
2,11161,2.628
2,11162,2.342
2,11163,1.764
2,11164,3.284
2,11165,1.950
2,11166,1.755
2,11167,2.102
2,11168,2.897
2,11169,2.294
2,11170,2.285
2,11171,2.294
2,11172,2.451
2,11173,2.080
2,11174,1.868
2,11175,2.036
2,11176,2.015
2,11177,1.874
2,11178,1.623
2,11179,1.475
2,11180,1.545
2,11181,2.440
2,11182,1.776
2,11183,2.237
2,11184,2.329
2,11185,1.809
2,11186,1.667
2,11187,1.577
2,11188,2.095
2,11189,1.784
2,11190,1.856
2,11191,1.682
2,11192,2.623
2,11193,2.807
2,11194,2.112
2,11195,1.797
2,11196,1.716
2,11197,1.663
2,11198,1.936
2,11199,1.928
2,11200,2.027
2,11201,1.802
2,11202,1.863
2,11203,1.811
2,11204,1.628
2,11205,1.442
2,11206,1.655
2,11207,1.756
2,11208,1.814
2,11209,3.153
2,11210,2.207
2,11211,2.118
2,11212,2.466
2,11213,2.815
2,11214,2.250
2,11215,3.089
2,11216,2.955
2,11217,2.644
2,11218,2.368
2,11219,2.416
2,11220,3.109
2,11221,3.457
2,11222,2.987
2,11223,2.963
2,11224,2.610
2,11225,2.508
2,11226,2.849
2,11227,3.042
2,11228,2.693
2,11229,2.151
2,11230,2.531
2,11231,2.799
2,11232,3.293
2,11233,2.991
2,11234,2.523
2,11235,2.803
2,11236,1.915
2,11237,1.860
2,11238,2.383
2,11239,2.342
2,11240,2.274
2,11241,2.336
2,11242,2.631
2,11243,2.804
2,11244,2.493
2,11245,2.690
2,11246,2.383
2,11247,2.290
2,11248,2.069
2,11249,2.062
2,11250,2.756
2,11251,3.788
2,11252,3.283
2,11253,3.035
2,11254,3.019
2,11255,2.697
2,11256,3.003
2,11257,3.231
2,11258,2.745
2,11259,2.384
2,11260,2.065
2,11261,1.890
2,11262,2.195
2,11263,2.520
2,11264,2.980
2,11265,2.925
2,11266,2.717
2,11267,2.512
2,11268,2.714
2,11269,2.450
2,11270,3.442
2,11271,2.026
2,11272,2.022
2,11273,2.147
2,11274,2.141
2,11275,1.884
2,11276,2.525
2,11277,2.204
2,11278,2.214
2,11279,1.878
2,11280,1.826
2,11281,1.678
2,11282,1.641
2,11283,1.827
2,11284,2.284
2,11285,1.753
2,11286,1.619
2,11287,2.485
2,11288,1.993
2,11289,2.122
2,11290,2.022
2,11291,1.981
2,11292,2.253
2,11293,2.854
2,11294,2.329
2,11295,2.184
2,11296,2.218
2,11297,2.801
2,11298,2.249
2,11299,2.392
2,11300,2.286
2,11301,1.944
2,11302,2.217
2,11303,2.219
2,11304,1.553
2,11305,1.635
2,11306,2.038
2,11307,2.101
2,11308,1.696
2,11309,1.609
2,11310,1.952
2,11311,1.942
2,11312,2.174
2,11313,2.302
2,11314,2.198
2,11315,2.397
2,11316,3.242
2,11317,2.710
2,11318,2.117
2,11319,2.758
2,11320,2.020
2,11321,1.946
2,11322,1.970
2,11323,1.814
2,11324,1.603
2,11325,1.875
2,11326,1.952
2,11327,1.584
2,11328,1.705
2,11329,2.248
2,11330,2.065
2,11331,1.879
2,11332,1.707
2,11333,1.655
2,11334,1.647
2,11335,1.668
2,11336,1.553
2,11337,1.868
2,11338,2.715
2,11339,2.383
2,11340,2.570
2,11341,2.876
2,11342,2.337
2,11343,2.082
2,11344,2.415
2,11345,3.134
2,11346,2.257
2,11347,1.987
2,11348,2.230
2,11349,2.514
2,11350,2.760
2,11351,2.732
2,11352,2.674
2,11353,2.220
2,11354,2.401
2,11355,1.929
2,11356,2.152
2,11357,2.656
2,11358,2.471
2,11359,2.187
2,11360,2.609
2,11361,2.222
2,11362,2.528
2,11363,2.312
2,11364,2.560
2,11365,2.495
2,11366,2.428
2,11367,2.502
2,11368,2.231
2,11369,2.356
2,11370,2.533
2,11371,2.408
2,11372,2.200
2,11373,2.112
2,11374,2.457
2,11375,2.479
2,11376,2.254
2,11377,2.802
2,11378,2.459
2,11379,2.449
2,11380,2.154
2,11381,2.468
2,11382,3.234
2,11383,2.895
2,11384,2.748
2,11385,2.555
2,11386,2.273
2,11387,2.220
2,11388,2.205
2,11389,2.781
2,11390,2.997
2,11391,2.690
2,11392,2.947
2,11393,5.690
2,11394,3.430
2,11395,2.467
2,11396,2.432
2,11397,2.557
2,11398,2.556
2,11399,2.492
2,11400,3.696
2,11401,2.553
2,11402,2.563
2,11403,2.519
2,11404,2.705
2,11405,2.709
2,11406,2.811
2,11407,2.816
2,11408,2.724
2,11409,2.471
2,11410,2.639
2,11411,2.565
2,11412,3.232
2,11413,2.694
2,11414,2.502
2,11415,2.928
2,11416,2.304
2,11417,2.531
2,11418,3.287
2,11419,2.624
2,11420,2.339
2,11421,2.345
2,11422,2.511
2,11423,2.372
2,11424,2.350
2,11425,2.321
2,11426,2.610
2,11427,2.295
2,11428,2.053
2,11429,2.347
2,11430,2.913
2,11431,2.472
2,11432,2.282
2,11433,2.576
2,11434,2.598
2,11435,2.477
2,11436,1.924
2,11437,3.190
2,11438,2.189
2,11439,2.308
2,11440,2.097
2,11441,2.071
2,11442,1.901
2,11443,1.872
2,11444,2.376
2,11445,2.400
2,11446,1.995
2,11447,2.048
2,11448,1.974
2,11449,1.873
2,11450,1.805
2,11451,2.095
2,11452,2.347
2,11453,2.188
2,11454,2.498
2,11455,2.054
2,11456,1.976
2,11457,2.066
2,11458,2.171
2,11459,3.224
2,11460,3.267
2,11461,3.753
2,11462,2.681
2,11463,2.359
2,11464,2.819
2,11465,2.629
2,11466,2.336
2,11467,2.631
2,11468,3.120
2,11469,2.451
2,11470,2.746
2,11471,2.484
2,11472,2.344
2,11473,2.166
2,11474,2.119
2,11475,2.578
2,11476,2.196
2,11477,2.575
2,11478,2.035
2,11479,1.964
2,11480,1.994
2,11481,2.243
2,11482,1.990
2,11483,2.254
2,11484,1.724
2,11485,1.919
2,11486,1.795
2,11487,1.620
2,11488,1.438
2,11489,1.536
2,11490,1.751
2,11491,1.651
2,11492,1.647
2,11493,2.018
2,11494,2.094
2,11495,2.271
2,11496,2.346
2,11497,2.388
2,11498,2.221
2,11499,2.347
2,11500,2.422
2,11501,2.794
2,11502,2.416
2,11503,1.665
2,11504,1.592
2,11505,1.636
2,11506,2.220
2,11507,1.845
2,11508,1.772
2,11509,2.096
2,11510,2.550
2,11511,2.005
2,11512,1.708
2,11513,1.629
2,11514,1.753
2,11515,2.073
2,11516,2.214
2,11517,2.187
2,11518,1.646
2,11519,2.103
2,11520,1.779
2,11521,1.713
2,11522,1.645
2,11523,1.538
2,11524,1.701
2,11525,2.019
2,11526,1.993
2,11527,1.940
2,11528,2.354
2,11529,2.272
2,11530,2.070
2,11531,1.928
2,11532,2.407
2,11533,2.146
2,11534,1.832
2,11535,2.019
2,11536,1.801
2,11537,1.845
2,11538,2.395
2,11539,2.278
2,11540,2.343
2,11541,2.830
2,11542,2.164
2,11543,1.689
2,11544,2.178
2,11545,3.964
2,11546,3.745
2,11547,2.352
2,11548,2.088
2,11549,2.180
2,11550,2.027
2,11551,1.712
2,11552,2.021
2,11553,2.274
2,11554,3.311
2,11555,5.014
2,11556,2.314
2,11557,2.187
2,11558,1.858
2,11559,2.534
2,11560,2.543
2,11561,2.080
2,11562,1.850
2,11563,1.872
2,11564,1.903
2,11565,1.751
2,11566,1.944
2,11567,2.102
2,11568,1.871
2,11569,2.165
2,11570,2.015
2,11571,2.391
2,11572,2.099
2,11573,1.733
2,11574,2.031
2,11575,1.865
2,11576,2.313
2,11577,2.213
2,11578,2.168
2,11579,1.816
2,11580,1.809
2,11581,2.524
2,11582,1.995
2,11583,1.567
2,11584,1.830
2,11585,1.837
2,11586,2.273
2,11587,2.932
2,11588,2.817
2,11589,2.931
2,11590,2.857
2,11591,4.598
2,11592,2.234
2,11593,1.914
2,11594,3.046
2,11595,2.732
2,11596,2.508
2,11597,2.950
2,11598,2.369
2,11599,2.327
2,11600,3.006
2,11601,2.299
2,11602,2.012
2,11603,2.382
2,11604,2.325
2,11605,2.316
2,11606,2.383
2,11607,2.694
2,11608,2.222
2,11609,2.438
2,11610,2.185
2,11611,1.891
2,11612,2.496
2,11613,3.375
2,11614,2.526
2,11615,1.964
2,11616,1.768
2,11617,1.696
2,11618,2.411
2,11619,2.013
2,11620,3.069
2,11621,2.374
2,11622,2.786
2,11623,1.993
2,11624,2.333
2,11625,2.351
2,11626,3.688
2,11627,2.999
2,11628,2.083
2,11629,2.572
2,11630,2.075
2,11631,1.606
2,11632,1.757
2,11633,2.396
2,11634,1.940
2,11635,2.030
2,11636,2.151
2,11637,1.811
2,11638,2.341
2,11639,2.752
2,11640,2.402
2,11641,2.117
2,11642,2.311
2,11643,1.974
2,11644,1.995
2,11645,1.825
2,11646,1.968
2,11647,1.861
2,11648,2.761
2,11649,2.972
2,11650,1.964
2,11651,2.079
2,11652,2.111
2,11653,2.037
2,11654,2.485
2,11655,3.947
2,11656,2.740
2,11657,2.528
2,11658,2.075
2,11659,2.065
2,11660,2.318
2,11661,4.060
2,11662,2.856
2,11663,2.550
2,11664,2.442
2,11665,2.192
2,11666,1.634
2,11667,2.217
2,11668,2.918
2,11669,1.975
2,11670,1.514
2,11671,1.659
2,11672,1.870
2,11673,1.750
2,11674,1.738
2,11675,2.101
2,11676,1.976
2,11677,2.128
2,11678,1.913
2,11679,2.129
2,11680,2.001
2,11681,1.586
2,11682,2.090
2,11683,2.449
2,11684,2.540
2,11685,2.880
2,11686,1.930
2,11687,1.695
2,11688,1.833
2,11689,2.081
2,11690,1.851
2,11691,2.452
2,11692,2.481
2,11693,2.730
2,11694,3.727
2,11695,2.250
2,11696,1.686
2,11697,2.682
2,11698,2.584
2,11699,2.405
2,11700,2.826
2,11701,2.500
2,11702,1.965
2,11703,2.089
2,11704,2.094
2,11705,2.755
2,11706,2.432
2,11707,1.865
2,11708,2.465
2,11709,2.712
2,11710,2.298
2,11711,1.999
2,11712,2.109
2,11713,1.953
2,11714,1.793
2,11715,1.970
2,11716,2.181
2,11717,1.739
2,11718,1.826
2,11719,2.195
2,11720,1.911
2,11721,1.511
2,11722,1.668
2,11723,2.061
2,11724,1.905
2,11725,2.234
2,11726,2.110
2,11727,2.496
2,11728,2.654
2,11729,3.063
2,11730,2.500
2,11731,2.446
2,11732,2.888
2,11733,2.574
2,11734,2.424
2,11735,2.224
2,11736,2.271
2,11737,2.553
2,11738,2.083
2,11739,2.238
2,11740,2.656
2,11741,2.428
2,11742,1.879
2,11743,2.234
2,11744,2.324
2,11745,2.191
2,11746,2.516
2,11747,2.584
2,11748,2.416
2,11749,2.573
2,11750,2.810
2,11751,2.609
2,11752,2.934
2,11753,3.080
2,11754,2.908
2,11755,2.072
2,11756,1.867
2,11757,2.299
2,11758,1.943
2,11759,1.545
2,11760,2.676
2,11761,2.115
2,11762,2.243
2,11763,1.789
2,11764,1.800
2,11765,1.865
2,11766,1.825
2,11767,2.318
2,11768,2.292
2,11769,1.622
2,11770,1.780
2,11771,2.392
2,11772,2.484
2,11773,2.130
2,11774,2.070
2,11775,2.209
2,11776,2.005
2,11777,2.173
2,11778,1.802
2,11779,1.843
2,11780,1.716
2,11781,1.915
2,11782,1.989
2,11783,1.905
2,11784,2.405
2,11785,2.279
2,11786,1.860
2,11787,1.880
2,11788,2.143
2,11789,1.841
2,11790,1.841
2,11791,2.376
2,11792,2.390
2,11793,1.723
2,11794,1.621
2,11795,1.906
2,11796,1.741
2,11797,3.245
2,11798,2.250
2,11799,2.099
2,11800,1.767
2,11801,2.061
2,11802,1.904
2,11803,1.570
2,11804,1.570
2,11805,1.861
2,11806,2.568
2,11807,1.989
2,11808,2.084
2,11809,2.767
2,11810,2.018
2,11811,1.937
2,11812,2.410
2,11813,2.137
2,11814,2.645
2,11815,2.376
2,11816,2.150
2,11817,1.906
2,11818,2.213
2,11819,2.323
2,11820,4.698
2,11821,2.641
2,11822,1.995
2,11823,2.039
2,11824,1.912
2,11825,1.571
2,11826,1.738
2,11827,1.892
2,11828,2.304
2,11829,2.739
2,11830,2.325
2,11831,1.767
2,11832,1.680
2,11833,1.840
2,11834,1.750
2,11835,1.635
2,11836,2.369
2,11837,2.560
2,11838,2.013
2,11839,2.619
2,11840,1.968
2,11841,1.843
2,11842,1.611
2,11843,2.435
2,11844,2.083
2,11845,1.704
2,11846,2.134
2,11847,2.224
2,11848,2.520
2,11849,2.189
2,11850,2.240
2,11851,2.102
2,11852,2.396
2,11853,2.272
2,11854,2.074
2,11855,1.921
2,11856,2.147
2,11857,1.810
2,11858,2.043
2,11859,2.584
2,11860,2.115
2,11861,1.665
2,11862,1.954
2,11863,2.174
2,11864,1.856
2,11865,2.421
2,11866,3.720
2,11867,2.231
2,11868,2.247
2,11869,2.123
2,11870,1.983
2,11871,2.593
2,11872,2.699
2,11873,2.261
2,11874,2.306
2,11875,2.271
2,11876,1.832
2,11877,1.901
2,11878,2.386
2,11879,2.590
2,11880,2.658
2,11881,1.991
2,11882,2.054
2,11883,2.046
2,11884,2.415
2,11885,2.118
2,11886,2.442
2,11887,2.246
2,11888,2.537
2,11889,1.795
2,11890,1.743
2,11891,1.792
2,11892,1.672
2,11893,1.577
2,11894,2.043
2,11895,1.774
2,11896,1.483
2,11897,1.554
2,11898,2.146
2,11899,1.859
2,11900,1.722
2,11901,1.580
2,11902,1.709
2,11903,1.940
2,11904,1.846
2,11905,1.876
2,11906,1.759
2,11907,1.478
2,11908,1.979
2,11909,1.856
2,11910,1.948
2,11911,1.913
2,11912,2.284
2,11913,1.996
2,11914,1.841
2,11915,2.076
2,11916,1.887
2,11917,2.096
2,11918,1.671
2,11919,1.730
2,11920,3.078
2,11921,2.432
2,11922,2.347
2,11923,2.860
2,11924,2.562
2,11925,2.847
2,11926,2.726
2,11927,2.604
2,11928,2.597
2,11929,1.974
2,11930,1.994
2,11931,2.189
2,11932,2.779
2,11933,2.378
2,11934,2.299
2,11935,2.139
2,11936,2.096
2,11937,2.802
2,11938,2.278
2,11939,3.107
2,11940,2.614
2,11941,2.293
2,11942,2.467
2,11943,2.329
2,11944,2.366
2,11945,2.693
2,11946,2.575
2,11947,2.276
2,11948,2.263
2,11949,2.276
2,11950,2.024
2,11951,2.319
2,11952,2.614
2,11953,2.417
2,11954,2.706
2,11955,2.366
2,11956,2.433
2,11957,3.000
2,11958,2.953
2,11959,2.848
2,11960,2.497
2,11961,2.769
2,11962,2.439
2,11963,2.423
2,11964,2.767
2,11965,2.575
2,11966,2.407
2,11967,2.559
2,11968,2.816
2,11969,2.397
2,11970,3.652
2,11971,2.812
2,11972,2.898
2,11973,2.634
2,11974,3.336
2,11975,3.285
2,11976,2.672
2,11977,2.612
2,11978,2.369
2,11979,2.351
2,11980,2.394
2,11981,2.531
2,11982,2.605
2,11983,2.818
2,11984,2.248
2,11985,2.575
2,11986,2.418
2,11987,2.396
2,11988,3.139
2,11989,2.599
2,11990,2.699
2,11991,2.587
2,11992,2.236
2,11993,2.466
2,11994,2.605
2,11995,3.237
2,11996,2.550
2,11997,2.151
2,11998,2.183
2,11999,2.308
2,12000,1.988
2,12001,2.597
2,12002,3.227
2,12003,2.561
2,12004,2.738
2,12005,2.569
2,12006,2.590
2,12007,2.970
2,12008,3.067
2,12009,3.337
2,12010,2.560
2,12011,2.382
2,12012,2.568
2,12013,3.211
2,12014,2.667
2,12015,2.814
2,12016,2.425
2,12017,2.681
2,12018,2.451
2,12019,2.652
2,12020,2.664
2,12021,2.664
2,12022,2.963
2,12023,2.461
2,12024,2.801
2,12025,2.832
2,12026,2.707
2,12027,2.988
2,12028,2.820
2,12029,2.352
2,12030,3.226
2,12031,2.782
2,12032,3.214
2,12033,2.448
2,12034,2.595
2,12035,2.554
2,12036,2.131
2,12037,1.940
2,12038,2.331
2,12039,2.644
2,12040,3.057
2,12041,4.495
2,12042,3.105
2,12043,2.519
2,12044,2.499
2,12045,2.317
2,12046,2.134
2,12047,2.741
2,12048,3.063
2,12049,2.261
2,12050,2.977
2,12051,4.550
2,12052,2.820
2,12053,3.404
2,12054,2.237
2,12055,2.070
2,12056,2.018
2,12057,2.872
2,12058,3.424
2,12059,3.580
2,12060,3.613
2,12061,2.654
2,12062,2.481
2,12063,2.136
2,12064,2.618
2,12065,2.338
2,12066,1.973
2,12067,2.781
2,12068,2.766
2,12069,2.565
2,12070,2.665
2,12071,3.164
2,12072,2.406
2,12073,2.229
2,12074,2.284
2,12075,2.109
2,12076,2.337
2,12077,2.314
2,12078,2.352
2,12079,2.278
2,12080,2.074
2,12081,1.940
2,12082,2.326
2,12083,2.023
2,12084,2.468
2,12085,2.921
2,12086,2.296
2,12087,1.948
2,12088,2.189
2,12089,2.405
2,12090,2.474
2,12091,2.718
2,12092,2.025
2,12093,1.743
2,12094,2.002
2,12095,1.700
2,12096,1.521
2,12097,1.594
2,12098,1.705
2,12099,2.441
2,12100,2.083
2,12101,1.753
2,12102,1.860
2,12103,1.675
2,12104,1.585
2,12105,1.852
2,12106,1.687
2,12107,1.435
2,12108,1.571
2,12109,2.849
2,12110,3.331
2,12111,2.132
2,12112,2.033
2,12113,1.849
2,12114,2.486
2,12115,2.572
2,12116,2.444
2,12117,1.790
2,12118,1.738
2,12119,1.881
2,12120,1.620
2,12121,1.468
2,12122,1.633
2,12123,1.718
2,12124,1.939
2,12125,1.972
2,12126,2.062
2,12127,1.682
2,12128,1.685
2,12129,1.552
2,12130,1.707
2,12131,1.792
2,12132,1.460
2,12133,2.072
2,12134,2.196
2,12135,1.982
2,12136,2.787
2,12137,1.861
2,12138,1.747
2,12139,1.648
2,12140,1.840
2,12141,2.830
2,12142,2.396
2,12143,2.237
2,12144,2.856
2,12145,2.211
2,12146,1.690
2,12147,2.308
2,12148,1.794
2,12149,1.688
2,12150,1.814
2,12151,1.790
2,12152,1.503
2,12153,1.865
2,12154,1.704
2,12155,1.912
2,12156,3.100
2,12157,2.606
2,12158,2.494
2,12159,3.199
2,12160,4.928
2,12161,2.469
2,12162,2.465
2,12163,1.808
2,12164,1.580
2,12165,1.686
2,12166,1.692
2,12167,1.654
2,12168,2.499
2,12169,2.322
2,12170,1.855
2,12171,1.645
2,12172,1.998
2,12173,1.926
2,12174,1.561
2,12175,1.559
2,12176,1.840
2,12177,2.201
2,12178,1.910
2,12179,1.621
2,12180,1.621
2,12181,1.756
2,12182,1.704
2,12183,1.626
2,12184,2.069
2,12185,2.141
2,12186,1.885
2,12187,2.315
2,12188,2.242
2,12189,1.965
2,12190,1.706
2,12191,1.902
2,12192,1.724
2,12193,2.078
2,12194,1.829
2,12195,1.741
2,12196,2.015
2,12197,1.725
2,12198,1.705
2,12199,1.967
2,12200,1.738
2,12201,1.607
2,12202,2.724
2,12203,2.196
2,12204,2.095
2,12205,2.191
2,12206,1.811
2,12207,1.911
2,12208,1.790
2,12209,2.356
2,12210,2.206
2,12211,1.780
2,12212,1.847
2,12213,1.818
2,12214,2.340
2,12215,1.772
2,12216,1.763
2,12217,2.666
2,12218,2.376
2,12219,2.301
2,12220,1.892
2,12221,1.793
2,12222,2.394
2,12223,2.430
2,12224,2.422
2,12225,2.198
2,12226,2.107
2,12227,1.944
2,12228,1.938
2,12229,1.916
2,12230,2.271
2,12231,2.853
2,12232,2.632
2,12233,2.270
2,12234,1.987
2,12235,2.180
2,12236,2.034
2,12237,2.455
2,12238,2.883
2,12239,1.935
2,12240,1.577
2,12241,1.664
2,12242,1.788
2,12243,1.527
2,12244,1.481
2,12245,1.665
2,12246,1.883
2,12247,2.692
2,12248,2.314
2,12249,1.773
2,12250,1.586
2,12251,1.549
2,12252,1.599
2,12253,1.830
2,12254,1.582
2,12255,1.412
2,12256,2.513
2,12257,2.515
2,12258,2.729
2,12259,2.414
2,12260,2.179
2,12261,1.735
2,12262,2.302
2,12263,2.196
2,12264,1.673
2,12265,1.603
2,12266,1.944
2,12267,1.766
2,12268,1.718
2,12269,1.481
2,12270,1.580
2,12271,1.938
2,12272,1.887
2,12273,1.836
2,12274,1.828
2,12275,1.829
2,12276,2.037
2,12277,1.708
2,12278,1.894
2,12279,2.001
2,12280,2.243
2,12281,2.523
2,12282,1.963
2,12283,1.819
2,12284,1.920
2,12285,2.292
2,12286,1.984
2,12287,2.270
2,12288,2.756
2,12289,1.915
2,12290,1.548
2,12291,1.727
2,12292,1.702
2,12293,1.650
2,12294,1.867
2,12295,3.015
2,12296,2.776
2,12297,2.481
2,12298,2.411
2,12299,2.097
2,12300,1.919
2,12301,2.238
2,12302,2.964
2,12303,2.524
2,12304,2.353
2,12305,1.905
2,12306,1.653
2,12307,1.873
2,12308,1.777
2,12309,1.646
2,12310,2.979
2,12311,2.447
2,12312,1.811
2,12313,1.602
2,12314,1.784
2,12315,1.681
2,12316,1.526
2,12317,1.673
2,12318,2.184
2,12319,2.188
2,12320,1.620
2,12321,1.850
2,12322,2.044
2,12323,1.753
2,12324,1.591
2,12325,1.724
2,12326,1.906
2,12327,1.880
2,12328,1.737
2,12329,2.043
2,12330,1.661
2,12331,1.769
2,12332,1.575
2,12333,1.853
2,12334,1.949
2,12335,2.419
2,12336,2.483
2,12337,2.323
2,12338,2.564
2,12339,1.922
2,12340,1.793
2,12341,1.633
2,12342,1.803
2,12343,2.136
2,12344,1.687
2,12345,1.436
2,12346,1.550
2,12347,1.751
2,12348,2.173
2,12349,1.770
2,12350,1.543
2,12351,1.812
2,12352,2.158
2,12353,2.050
2,12354,1.996
2,12355,1.775
2,12356,1.481
2,12357,1.867
2,12358,2.090
2,12359,2.534
2,12360,2.465
2,12361,2.421
2,12362,2.360
2,12363,2.226
2,12364,1.780
2,12365,5.037
2,12366,2.886
2,12367,2.232
2,12368,1.832
2,12369,2.010
2,12370,2.106
2,12371,2.207
2,12372,2.763
2,12373,2.291
2,12374,2.102
2,12375,2.079
2,12376,2.213
2,12377,1.857
2,12378,1.827
2,12379,2.859
2,12380,2.811
2,12381,2.508
2,12382,2.557
2,12383,2.432
2,12384,3.102
2,12385,2.589
2,12386,2.129
2,12387,2.438
2,12388,2.135
2,12389,1.629
2,12390,1.534
2,12391,1.702
2,12392,1.785
2,12393,1.943
2,12394,1.938
2,12395,1.723
2,12396,1.838
2,12397,1.607
2,12398,1.624
2,12399,1.748
2,12400,1.606
2,12401,1.443
2,12402,2.508
2,12403,2.295
2,12404,1.881
2,12405,1.912
2,12406,2.609
2,12407,2.005
2,12408,2.129
2,12409,5.195
2,12410,2.355
2,12411,2.116
2,12412,1.892
2,12413,2.091
2,12414,1.895
2,12415,2.150
2,12416,2.030
2,12417,2.026
2,12418,1.989
2,12419,1.611
2,12420,1.505
2,12421,1.661
2,12422,2.443
2,12423,2.065
2,12424,1.670
2,12425,1.851
2,12426,2.012
2,12427,1.710
2,12428,2.001
2,12429,2.290
2,12430,1.841
2,12431,2.285
2,12432,2.600
2,12433,2.705
2,12434,2.313
2,12435,2.369
2,12436,1.966
2,12437,1.922
2,12438,2.156
2,12439,2.152
2,12440,1.654
2,12441,1.666
2,12442,2.068
2,12443,1.735
2,12444,1.442
2,12445,1.547
2,12446,2.020
2,12447,2.319
2,12448,1.894
2,12449,2.204
2,12450,1.894
2,12451,1.785
2,12452,1.689
2,12453,2.047
2,12454,2.723
2,12455,2.570
2,12456,2.234
2,12457,2.716
2,12458,1.932
2,12459,1.952
2,12460,1.717
2,12461,2.039
2,12462,2.413
2,12463,2.084
2,12464,1.626
2,12465,1.751
2,12466,2.228
2,12467,1.958
2,12468,1.473
2,12469,1.532
2,12470,2.780
2,12471,1.872
2,12472,1.865
2,12473,1.920
2,12474,1.712
2,12475,1.999
2,12476,1.872
2,12477,2.284
2,12478,2.198
2,12479,1.761
2,12480,1.985
2,12481,1.837
2,12482,2.024
2,12483,1.957
2,12484,2.210
2,12485,1.908
2,12486,2.016
2,12487,2.178
2,12488,1.909
2,12489,1.545
2,12490,1.596
2,12491,1.842
2,12492,1.903
2,12493,2.061
2,12494,2.852
2,12495,2.133
2,12496,1.725
2,12497,1.883
2,12498,1.925
2,12499,1.670
2,12500,1.592
2,12501,1.825
2,12502,2.787
2,12503,1.985
2,12504,1.631
2,12505,1.875
2,12506,1.877
2,12507,1.665
2,12508,2.417
2,12509,2.199
2,12510,2.689
2,12511,2.937
2,12512,2.373
2,12513,1.908
2,12514,2.127
2,12515,2.188
2,12516,2.123
2,12517,2.764
2,12518,2.437
2,12519,2.776
2,12520,2.735
2,12521,2.186
2,12522,2.163
2,12523,2.896
2,12524,2.868
2,12525,2.841
2,12526,3.015
2,12527,3.074
2,12528,4.757
2,12529,3.380
2,12530,2.570
2,12531,2.814
2,12532,2.563
2,12533,2.495
2,12534,3.274
2,12535,2.360
2,12536,2.152
2,12537,2.276
2,12538,2.709
2,12539,2.108
2,12540,2.696
2,12541,2.644
2,12542,2.299
2,12543,2.513
2,12544,2.280
2,12545,2.786
2,12546,2.928
2,12547,2.251
2,12548,2.372
2,12549,2.463
2,12550,2.159
2,12551,2.379
2,12552,2.568
2,12553,2.473
2,12554,2.823
2,12555,2.325
2,12556,2.008
2,12557,2.447
2,12558,2.369
2,12559,2.702
2,12560,2.528
2,12561,2.311
2,12562,2.308
2,12563,2.550
2,12564,2.259
2,12565,2.178
2,12566,4.009
2,12567,2.644
2,12568,2.399
2,12569,2.404
2,12570,2.457
2,12571,2.608
2,12572,2.792
2,12573,2.889
2,12574,2.686
2,12575,2.300
2,12576,2.736
2,12577,2.760
2,12578,2.889
2,12579,2.331
2,12580,2.720
2,12581,2.599
2,12582,2.510
2,12583,2.348
2,12584,2.602
2,12585,2.383
2,12586,2.787
2,12587,2.793
2,12588,2.246
2,12589,2.685
2,12590,2.706
2,12591,4.434
2,12592,2.679
2,12593,2.714
2,12594,2.618
2,12595,2.278
2,12596,1.967
2,12597,2.130
2,12598,1.924
2,12599,1.827
2,12600,2.158
2,12601,2.751
2,12602,2.084
2,12603,2.155
2,12604,2.259
2,12605,2.010
2,12606,2.536
2,12607,2.251
2,12608,1.955
2,12609,2.799
2,12610,2.433
2,12611,1.927
2,12612,1.896
2,12613,2.257
2,12614,2.105
2,12615,2.119
2,12616,2.794
2,12617,2.359
2,12618,1.942
2,12619,2.190
2,12620,1.820
2,12621,1.465
2,12622,1.677
2,12623,2.063
2,12624,1.995
2,12625,1.853
2,12626,2.664
2,12627,1.859
2,12628,1.650
2,12629,1.737
2,12630,2.122
2,12631,1.672
2,12632,1.958
2,12633,2.186
2,12634,1.756
2,12635,2.165
2,12636,1.769
2,12637,1.674
2,12638,1.619
2,12639,1.541
2,12640,1.681
2,12641,2.353
2,12642,2.307
2,12643,2.028
2,12644,2.665
2,12645,2.411
2,12646,1.857
2,12647,2.060
2,12648,2.533
2,12649,2.295
2,12650,2.273
2,12651,2.081
2,12652,2.206
2,12653,2.114
2,12654,2.473
2,12655,2.393
2,12656,2.169
2,12657,2.073
2,12658,1.947
2,12659,2.012
2,12660,2.174
2,12661,2.032
2,12662,2.493
2,12663,2.678
2,12664,2.152
2,12665,2.085
2,12666,2.249
2,12667,2.653
2,12668,2.801
2,12669,2.451
2,12670,2.167
2,12671,2.031
2,12672,2.042
2,12673,2.558
2,12674,2.014
2,12675,2.023
2,12676,2.546
2,12677,1.975
2,12678,1.851
2,12679,1.743
2,12680,1.560
2,12681,2.051
2,12682,1.773
2,12683,1.504
2,12684,1.394
2,12685,2.617
2,12686,3.023
2,12687,2.443
2,12688,2.516
2,12689,2.297
2,12690,2.049
2,12691,2.321
2,12692,2.246
2,12693,2.069
2,12694,1.769
2,12695,2.273
2,12696,1.947
2,12697,1.617
2,12698,1.656
2,12699,1.891
2,12700,1.987
2,12701,2.371
2,12702,2.262
2,12703,1.744
2,12704,1.631
2,12705,1.634
2,12706,1.781
2,12707,1.489
2,12708,2.160
2,12709,2.127
2,12710,1.848
2,12711,1.790
2,12712,1.968
2,12713,1.721
2,12714,1.709
2,12715,1.592
2,12716,2.237
2,12717,2.330
2,12718,1.548
2,12719,1.542
2,12720,1.725
2,12721,1.858
2,12722,2.407
2,12723,1.792
2,12724,1.822
2,12725,1.850
2,12726,1.642
2,12727,2.016
2,12728,1.986
2,12729,1.749
2,12730,1.523
2,12731,1.883
2,12732,1.689
2,12733,1.813
2,12734,1.834
2,12735,1.547
2,12736,1.716
2,12737,1.632
2,12738,1.575
2,12739,1.786
2,12740,1.745
2,12741,1.705
2,12742,1.467
2,12743,1.701
2,12744,1.882
2,12745,1.779
2,12746,1.512
2,12747,1.398
2,12748,1.679
2,12749,1.804
2,12750,1.632
2,12751,1.903
2,12752,2.516
2,12753,2.069
2,12754,1.704
2,12755,1.545
2,12756,1.886
2,12757,1.626
2,12758,1.526
2,12759,1.403
2,12760,1.999
2,12761,2.223
2,12762,2.369
2,12763,2.437
2,12764,2.758
2,12765,2.708
2,12766,2.654
2,12767,2.248
2,12768,2.264
2,12769,2.858
2,12770,2.165
2,12771,2.334
2,12772,2.682
2,12773,2.476
2,12774,3.153
2,12775,4.646
2,12776,3.477
2,12777,2.430
2,12778,2.875
2,12779,2.602
2,12780,2.674
2,12781,2.649
2,12782,2.851
2,12783,2.938
2,12784,3.827
2,12785,4.157
2,12786,3.108
2,12787,3.063
2,12788,2.749
2,12789,3.298
2,12790,2.839
2,12791,2.734
2,12792,3.306
2,12793,3.541
2,12794,3.697
2,12795,2.859
2,12796,2.924
2,12797,2.657
2,12798,2.775
2,12799,3.564
2,12800,2.850
2,12801,2.658
2,12802,2.251
2,12803,2.273
2,12804,2.419
2,12805,2.800
2,12806,2.945
2,12807,2.638
2,12808,2.234
2,12809,2.545
2,12810,2.561
2,12811,3.612
2,12812,3.012
2,12813,3.279
2,12814,2.893
2,12815,3.039
2,12816,3.106
2,12817,2.805
2,12818,2.613
2,12819,2.400
2,12820,1.796
2,12821,1.650
2,12822,2.477
2,12823,2.564
2,12824,2.465
2,12825,2.325
2,12826,2.087
2,12827,2.252
2,12828,2.045
2,12829,2.067
2,12830,1.884
2,12831,2.435
2,12832,2.130
2,12833,1.785
2,12834,1.744
2,12835,1.875
2,12836,2.089
2,12837,2.129
2,12838,2.184
2,12839,1.957
2,12840,1.838
2,12841,1.873
2,12842,1.843
2,12843,1.586
2,12844,1.605
2,12845,2.832
2,12846,2.099
2,12847,1.509
2,12848,1.394
2,12849,1.681
2,12850,2.082
2,12851,1.663
2,12852,1.856
2,12853,2.315
2,12854,2.395
2,12855,1.850
2,12856,2.219
2,12857,1.706
2,12858,1.589
2,12859,1.533
2,12860,1.744
2,12861,2.101
2,12862,2.296
2,12863,2.040
2,12864,1.554
2,12865,1.604
2,12866,1.531
2,12867,1.811
2,12868,1.838
2,12869,1.481
2,12870,2.041
2,12871,2.237
2,12872,1.897
2,12873,1.999
2,12874,1.475
2,12875,1.519
2,12876,1.648
2,12877,1.736
2,12878,1.530
2,12879,2.056
2,12880,2.041
2,12881,1.581
2,12882,1.550
2,12883,1.996
2,12884,2.852
2,12885,2.035
2,12886,1.733
2,12887,1.815
2,12888,2.056
2,12889,2.325
2,12890,1.830
2,12891,1.538
2,12892,1.919
2,12893,1.680
2,12894,1.775
2,12895,1.598
2,12896,1.684
2,12897,1.630
2,12898,1.890
2,12899,1.717
2,12900,1.763
2,12901,1.684
2,12902,1.917
2,12903,1.662
2,12904,1.692
2,12905,2.314
2,12906,2.090
2,12907,1.771
2,12908,1.429
2,12909,1.755
2,12910,1.798
2,12911,2.040
2,12912,2.565
2,12913,1.986
2,12914,1.851
2,12915,1.565
2,12916,1.551
2,12917,1.808
2,12918,1.462
2,12919,1.385
2,12920,1.435
2,12921,1.628
2,12922,2.324
2,12923,2.399
2,12924,2.023
2,12925,1.810
2,12926,1.584
2,12927,1.507
2,12928,1.734
2,12929,1.583
2,12930,1.522
2,12931,2.332
2,12932,3.221
2,12933,2.248
2,12934,1.942
2,12935,2.010
2,12936,2.058
2,12937,2.328
2,12938,2.842
2,12939,2.402
2,12940,2.439
2,12941,2.361
2,12942,2.047
2,12943,1.705
2,12944,1.860
2,12945,2.340
2,12946,2.796
2,12947,2.472
2,12948,2.680
2,12949,2.270
2,12950,2.335
2,12951,2.277
2,12952,2.563
2,12953,2.336
2,12954,1.979
2,12955,1.755
2,12956,2.545
2,12957,1.899
2,12958,1.736
2,12959,2.348
2,12960,2.153
2,12961,1.807
2,12962,1.638
2,12963,1.732
2,12964,1.743
2,12965,2.150
2,12966,1.637
2,12967,1.712
2,12968,2.855
2,12969,2.280
2,12970,1.950
2,12971,1.935
2,12972,1.899
2,12973,1.846
2,12974,2.200
2,12975,1.672
2,12976,1.719
2,12977,1.638
2,12978,1.975
2,12979,1.777
2,12980,1.942
2,12981,2.185
2,12982,1.839
2,12983,2.202
2,12984,2.085
2,12985,2.493
2,12986,1.909
2,12987,1.588
2,12988,1.858
2,12989,1.779
2,12990,2.052
2,12991,1.685
2,12992,2.422
2,12993,2.166
2,12994,1.833
2,12995,2.000
2,12996,1.845
2,12997,1.588
2,12998,1.584
2,12999,1.787
2,13000,2.148
2,13001,2.590
2,13002,2.533
2,13003,2.291
2,13004,1.909
2,13005,2.079
2,13006,2.030
2,13007,2.166
2,13008,3.447
2,13009,3.480
2,13010,2.061
2,13011,2.078
2,13012,1.913
2,13013,2.146
2,13014,2.538
2,13015,1.975
2,13016,1.958
2,13017,2.517
2,13018,2.262
2,13019,1.891
2,13020,2.020
2,13021,2.591
2,13022,2.529
2,13023,2.505
2,13024,2.820
2,13025,2.786
2,13026,2.852
2,13027,4.946
2,13028,2.498
2,13029,3.372
2,13030,2.606
2,13031,2.655
2,13032,3.229
2,13033,5.185
2,13034,2.717
2,13035,2.271
2,13036,1.911
2,13037,2.782
2,13038,2.278
2,13039,2.515
2,13040,2.327
2,13041,1.775
2,13042,1.647
2,13043,1.697
2,13044,1.659
2,13045,2.986
2,13046,1.880
2,13047,2.002
2,13048,1.910
2,13049,2.182
2,13050,1.893
2,13051,2.186
2,13052,2.840
2,13053,2.693
2,13054,2.148
2,13055,1.516
2,13056,1.507
2,13057,1.684
2,13058,1.583
2,13059,1.715
2,13060,1.784
2,13061,2.553
2,13062,2.932
2,13063,2.396
2,13064,2.228
2,13065,1.569
2,13066,1.507
2,13067,1.744
2,13068,2.735
2,13069,2.496
2,13070,2.725
2,13071,2.183
2,13072,1.862
2,13073,2.482
2,13074,2.274
2,13075,2.135
2,13076,2.108
2,13077,2.201
2,13078,2.193
2,13079,1.857
2,13080,1.997
2,13081,1.905
2,13082,2.268
2,13083,2.599
2,13084,2.459
2,13085,2.180
2,13086,2.590
2,13087,2.114
2,13088,1.882
2,13089,2.357
2,13090,2.507
2,13091,2.371
2,13092,2.249
2,13093,2.341
2,13094,2.671
2,13095,3.015
2,13096,3.199
2,13097,2.391
2,13098,2.177
2,13099,1.954
2,13100,2.053
2,13101,2.217
2,13102,2.357
2,13103,3.253
2,13104,2.126
2,13105,1.879
2,13106,2.298
2,13107,2.213
2,13108,2.086
2,13109,3.333
2,13110,2.304
2,13111,2.142
2,13112,2.294
2,13113,2.209
2,13114,1.925
2,13115,2.370
2,13116,2.567
2,13117,2.794
2,13118,2.411
2,13119,1.998
2,13120,2.145
2,13121,2.183
2,13122,2.019
2,13123,2.330
2,13124,2.648
2,13125,2.714
2,13126,2.381
2,13127,2.546
2,13128,2.597
2,13129,2.424
2,13130,2.205
2,13131,2.435
2,13132,2.647
2,13133,2.471
2,13134,2.282
2,13135,2.992
2,13136,2.947
2,13137,2.590
2,13138,2.425
2,13139,2.607
2,13140,2.447
2,13141,3.166
2,13142,2.091
2,13143,2.420
2,13144,2.519
2,13145,2.165
2,13146,2.611
2,13147,2.229
2,13148,2.034
2,13149,2.234
2,13150,2.074
2,13151,4.717
2,13152,3.266
2,13153,3.862
2,13154,2.905
2,13155,3.537
2,13156,2.909
2,13157,2.823
2,13158,3.379
2,13159,3.240
2,13160,3.101
2,13161,2.992
2,13162,2.942
2,13163,3.880
2,13164,5.304
2,13165,3.796
2,13166,3.491
2,13167,2.991
2,13168,3.425
2,13169,2.667
2,13170,3.162
2,13171,2.771
2,13172,2.720
2,13173,2.656
2,13174,2.254
2,13175,2.171
2,13176,2.267
2,13177,1.927
2,13178,2.735
2,13179,3.189
2,13180,2.603
2,13181,2.925
2,13182,2.523
2,13183,2.520
2,13184,2.993
2,13185,3.429
2,13186,2.612
2,13187,2.548
2,13188,2.914
2,13189,3.164
2,13190,3.476
2,13191,3.090
2,13192,2.997
2,13193,4.522
2,13194,3.501
2,13195,3.316
2,13196,5.360
2,13197,2.907
2,13198,3.400
2,13199,2.587
2,13200,2.590
2,13201,2.958
2,13202,2.303
2,13203,2.748
2,13204,3.165
2,13205,2.481
2,13206,2.688
2,13207,2.403
2,13208,2.627
2,13209,2.300
2,13210,2.203
2,13211,2.387
2,13212,2.495
2,13213,1.928
2,13214,2.011
2,13215,2.451
2,13216,2.549
2,13217,2.398
2,13218,2.727
2,13219,2.181
2,13220,2.282
2,13221,2.443
2,13222,2.112
2,13223,2.629
2,13224,2.820
2,13225,2.122
2,13226,2.224
2,13227,2.266
2,13228,2.084
2,13229,2.389
2,13230,2.234
2,13231,2.909
2,13232,2.680
2,13233,2.181
2,13234,1.888
2,13235,2.221
2,13236,2.399
2,13237,2.110
2,13238,2.864
2,13239,4.376
2,13240,2.918
2,13241,1.824
2,13242,1.720
2,13243,2.273
2,13244,2.934
2,13245,2.853
2,13246,3.035
2,13247,2.520
2,13248,2.585
2,13249,2.812
2,13250,4.167
2,13251,2.516
2,13252,2.257
2,13253,1.681
2,13254,1.818
2,13255,1.717
2,13256,1.746
2,13257,2.365
2,13258,1.998
2,13259,1.571
2,13260,1.712
2,13261,2.245
2,13262,1.954
2,13263,1.907
2,13264,2.256
2,13265,2.382
2,13266,1.733
2,13267,2.144
2,13268,2.086
2,13269,2.085
2,13270,1.673
2,13271,1.870
2,13272,1.927
2,13273,2.625
2,13274,2.161
2,13275,2.090
2,13276,1.930
2,13277,1.986
2,13278,2.185
2,13279,1.727
2,13280,1.599
2,13281,3.175
2,13282,2.441
2,13283,2.075
2,13284,2.560
2,13285,2.147
2,13286,2.570
2,13287,2.364
2,13288,2.284
2,13289,2.006
2,13290,2.547
2,13291,1.964
2,13292,1.581
2,13293,1.582
2,13294,2.108
2,13295,2.496
2,13296,1.736
2,13297,1.814
2,13298,1.821
2,13299,1.759
2,13300,2.158
2,13301,2.187
2,13302,1.851
2,13303,2.533
2,13304,2.044
2,13305,1.812
2,13306,1.504
2,13307,1.445
2,13308,1.793
2,13309,1.858
2,13310,1.604
2,13311,2.169
2,13312,2.686
2,13313,1.920
2,13314,2.115
2,13315,4.245
2,13316,3.074
2,13317,3.253
2,13318,3.393
2,13319,2.466
2,13320,2.115
2,13321,2.261
2,13322,2.765
2,13323,2.298
2,13324,2.132
2,13325,2.687
2,13326,2.208
2,13327,2.040
2,13328,2.152
2,13329,2.229
2,13330,2.766
2,13331,2.681
2,13332,2.331
2,13333,2.247
2,13334,2.917
2,13335,2.126
2,13336,2.311
2,13337,2.250
2,13338,1.769
2,13339,1.801
2,13340,2.510
2,13341,2.129
2,13342,1.924
2,13343,2.169
2,13344,2.232
2,13345,1.678
2,13346,1.633
2,13347,1.884
2,13348,1.820
2,13349,2.008
2,13350,1.847
2,13351,1.841
2,13352,1.927
2,13353,2.091
2,13354,2.277
2,13355,2.080
2,13356,1.676
2,13357,1.711
2,13358,2.251
2,13359,2.441
2,13360,2.235
2,13361,2.127
2,13362,1.812
2,13363,1.645
2,13364,1.860
2,13365,1.737
2,13366,1.453
2,13367,1.696
2,13368,1.924
2,13369,1.979
2,13370,1.865
2,13371,1.617
2,13372,1.641
2,13373,1.579
2,13374,1.558
2,13375,1.568
2,13376,1.731
2,13377,2.230
2,13378,1.844
2,13379,1.847
2,13380,1.911
2,13381,1.695
2,13382,1.699
2,13383,1.837
2,13384,1.851
2,13385,1.815
2,13386,2.626
2,13387,2.345
2,13388,1.924
2,13389,1.711
2,13390,1.685
2,13391,1.726
2,13392,1.815
2,13393,1.558
2,13394,1.871
2,13395,2.297
2,13396,2.093
2,13397,1.829
2,13398,1.886
2,13399,1.578
2,13400,1.492
2,13401,1.539
2,13402,1.622
2,13403,2.140
2,13404,2.118
2,13405,1.908
2,13406,2.335
2,13407,2.042
2,13408,2.161
2,13409,2.012
2,13410,1.699
2,13411,1.925
2,13412,2.161
2,13413,2.560
2,13414,2.041
2,13415,1.620
2,13416,1.802
2,13417,1.594
2,13418,1.631
2,13419,1.892
2,13420,2.165
2,13421,1.938
2,13422,1.667
2,13423,1.745
2,13424,2.066
2,13425,1.492
2,13426,1.395
2,13427,1.496
2,13428,2.227
2,13429,2.460
2,13430,2.312
2,13431,2.423
2,13432,2.254
2,13433,2.173
2,13434,2.152
2,13435,2.165
2,13436,1.970
2,13437,2.136
2,13438,2.449
2,13439,1.909
2,13440,1.694
2,13441,1.709
2,13442,2.054
2,13443,2.679
2,13444,2.073
2,13445,1.569
2,13446,1.521
2,13447,1.506
2,13448,1.654
2,13449,1.753
2,13450,1.540
2,13451,1.415
2,13452,2.372
2,13453,1.723
2,13454,1.692
2,13455,1.633
2,13456,1.583
2,13457,1.560
2,13458,1.722
2,13459,1.656
2,13460,1.846
2,13461,2.245
2,13462,2.248
2,13463,1.897
2,13464,1.887
2,13465,1.910
2,13466,1.975
2,13467,2.122
2,13468,1.900
2,13469,2.053
2,13470,2.497
2,13471,2.579
2,13472,1.844
2,13473,2.011
2,13474,2.138
2,13475,2.298
2,13476,2.409
2,13477,2.937
2,13478,2.717
2,13479,4.397
2,13480,2.555
2,13481,2.604
2,13482,2.642
2,13483,2.145
2,13484,2.280
2,13485,2.428
2,13486,3.074
2,13487,2.414
2,13488,2.374
2,13489,1.825
2,13490,1.953
2,13491,1.752
2,13492,1.520
2,13493,1.452
2,13494,1.668
2,13495,1.998
2,13496,2.081
2,13497,2.220
2,13498,1.829
2,13499,1.775
2,13500,1.668
2,13501,1.643
2,13502,1.894
2,13503,1.681
2,13504,1.879
2,13505,2.197
2,13506,1.891
2,13507,1.913
2,13508,1.797
2,13509,1.782
2,13510,1.773
2,13511,1.670
2,13512,2.517
2,13513,2.405
2,13514,1.735
2,13515,1.677
2,13516,1.814
2,13517,1.753
2,13518,1.640
2,13519,1.504
2,13520,1.710
2,13521,2.022
2,13522,2.060
2,13523,2.656
2,13524,2.089
2,13525,1.795
2,13526,1.787
2,13527,1.977
2,13528,2.469
2,13529,3.092
2,13530,2.704
2,13531,2.641
2,13532,2.602
2,13533,2.809
2,13534,3.684
2,13535,3.141
2,13536,1.900
2,13537,2.122
2,13538,2.017
2,13539,1.699
2,13540,1.493
2,13541,2.167
2,13542,2.171
2,13543,1.763
2,13544,1.761
2,13545,2.075
2,13546,2.107
2,13547,1.656
2,13548,2.043
2,13549,3.141
2,13550,2.282
2,13551,2.438
2,13552,2.382
2,13553,1.850
2,13554,2.521
2,13555,2.371
2,13556,2.047
2,13557,1.938
2,13558,2.314
2,13559,2.226
2,13560,2.120
2,13561,2.196
2,13562,2.360
2,13563,2.097
2,13564,2.020
2,13565,1.791
2,13566,1.619
2,13567,1.748
2,13568,2.100
2,13569,1.689
2,13570,1.627
2,13571,2.468
2,13572,2.054
2,13573,1.910
2,13574,1.710
2,13575,1.787
2,13576,1.847
2,13577,1.715
2,13578,2.264
2,13579,2.410
2,13580,2.619
2,13581,2.615
2,13582,2.751
2,13583,2.032
2,13584,2.051
2,13585,2.669
2,13586,2.207
2,13587,2.700
2,13588,1.880
2,13589,1.602
2,13590,1.672
2,13591,2.544
2,13592,2.574
2,13593,2.670
2,13594,2.171
2,13595,1.981
2,13596,2.024
2,13597,1.995
2,13598,1.976
2,13599,2.275
2,13600,2.456
2,13601,2.182
2,13602,1.698
2,13603,1.697
2,13604,2.392
2,13605,2.210
2,13606,1.859
2,13607,3.230
2,13608,1.843
2,13609,1.603
2,13610,1.888
2,13611,1.774
2,13612,1.818
2,13613,1.628
2,13614,2.149
2,13615,2.706
2,13616,2.514
2,13617,2.397
2,13618,2.419
2,13619,2.412
2,13620,2.525
2,13621,2.544
2,13622,2.631
2,13623,2.568
2,13624,2.608
2,13625,2.802
2,13626,2.695
2,13627,3.870
2,13628,3.521
2,13629,4.127
2,13630,2.816
2,13631,3.191
2,13632,3.209
2,13633,2.393
2,13634,2.409
2,13635,2.109
2,13636,1.776
2,13637,2.000
2,13638,2.226
2,13639,1.641
2,13640,2.527
2,13641,1.816
2,13642,1.829
2,13643,2.073
2,13644,1.929
2,13645,1.684
2,13646,2.511
2,13647,2.581
2,13648,2.209
2,13649,1.562
2,13650,1.783
2,13651,1.696
2,13652,1.671
2,13653,1.913
2,13654,3.184
2,13655,2.450
2,13656,1.892
2,13657,2.438
2,13658,1.724
2,13659,1.531
2,13660,1.757
2,13661,2.628
2,13662,2.368
2,13663,1.954
2,13664,2.097
2,13665,2.076
2,13666,2.217
2,13667,2.333
2,13668,2.351
2,13669,2.407
2,13670,3.092
2,13671,2.694
2,13672,2.544
2,13673,2.761
2,13674,2.803
2,13675,2.437
2,13676,2.178
2,13677,2.437
2,13678,2.530
2,13679,2.376
2,13680,3.397
2,13681,2.735
2,13682,2.496
2,13683,2.678
2,13684,2.511
2,13685,2.300
2,13686,2.787
2,13687,2.558
2,13688,2.491
2,13689,2.748
2,13690,2.236
2,13691,2.173
2,13692,2.153
2,13693,2.194
2,13694,2.358
2,13695,2.357
2,13696,2.074
2,13697,2.324
2,13698,2.313
2,13699,2.612
2,13700,2.439
2,13701,2.286
2,13702,2.247
2,13703,2.703
2,13704,2.049
2,13705,2.347
2,13706,2.680
2,13707,2.706
2,13708,2.412
2,13709,2.763
2,13710,4.120
2,13711,5.375
2,13712,2.990
2,13713,2.621
2,13714,2.333
2,13715,3.014
2,13716,2.725
2,13717,2.475
2,13718,2.446
2,13719,2.380
2,13720,2.557
2,13721,2.508
2,13722,3.046
2,13723,2.761
2,13724,2.596
2,13725,2.775
2,13726,2.901
2,13727,3.319
2,13728,3.191
2,13729,2.850
2,13730,3.108
2,13731,2.740
2,13732,3.181
2,13733,4.915
2,13734,3.285
2,13735,2.734
2,13736,2.982
2,13737,3.347
2,13738,3.113
2,13739,2.674
2,13740,3.237
2,13741,2.928
2,13742,3.307
2,13743,3.477
2,13744,2.758
2,13745,2.887
2,13746,2.980
2,13747,2.717
2,13748,2.572
2,13749,2.393
2,13750,2.589
2,13751,2.263
2,13752,1.944
2,13753,2.433
2,13754,2.800
2,13755,2.663
2,13756,2.372
2,13757,2.486
2,13758,2.280
2,13759,2.607
2,13760,2.706
2,13761,2.353
2,13762,2.761
2,13763,2.409
2,13764,2.116
2,13765,2.213
2,13766,2.081
2,13767,2.249
2,13768,2.998
2,13769,2.203
2,13770,2.172
2,13771,2.277
2,13772,1.905
2,13773,1.599
2,13774,1.632
2,13775,1.843
2,13776,1.906
2,13777,2.100
2,13778,1.791
2,13779,1.592
2,13780,1.704
2,13781,1.734
2,13782,1.875
2,13783,1.938
2,13784,2.071
2,13785,2.619
2,13786,3.241
2,13787,2.451
2,13788,2.166
2,13789,1.841
2,13790,1.623
2,13791,2.290
2,13792,2.159
2,13793,1.705
2,13794,1.808
2,13795,1.786
2,13796,1.932
2,13797,1.795
2,13798,1.482
2,13799,1.778
2,13800,2.015
2,13801,1.643
2,13802,1.630
2,13803,1.880
2,13804,2.023
2,13805,1.812
2,13806,1.695
2,13807,1.768
2,13808,2.400
2,13809,2.872
2,13810,2.199
2,13811,2.197
2,13812,2.161
2,13813,1.935
2,13814,1.863
2,13815,1.895
2,13816,1.961
2,13817,2.108
2,13818,1.711
2,13819,1.477
2,13820,1.669
2,13821,2.345
2,13822,1.949
2,13823,1.698
2,13824,2.103
2,13825,2.359
2,13826,2.151
2,13827,2.414
2,13828,2.385
2,13829,2.565
2,13830,2.606
2,13831,2.316
2,13832,2.048
2,13833,2.070
2,13834,2.251
2,13835,2.702
2,13836,2.496
2,13837,2.590
2,13838,2.243
2,13839,2.216
2,13840,1.981
2,13841,1.651
2,13842,1.601
2,13843,1.786
2,13844,1.704
2,13845,1.735
2,13846,2.236
2,13847,1.875
2,13848,1.637
2,13849,1.577
2,13850,1.666
2,13851,1.834
2,13852,1.647
2,13853,1.522
2,13854,1.879
2,13855,2.065
2,13856,2.688
2,13857,2.285
2,13858,1.845
2,13859,1.676
2,13860,1.589
2,13861,2.219
2,13862,3.993
2,13863,2.314
2,13864,2.094
2,13865,1.791
2,13866,1.587
2,13867,1.563
2,13868,1.548
2,13869,1.624
2,13870,1.725
2,13871,2.816
2,13872,2.373
2,13873,2.258
2,13874,2.144
2,13875,2.218
2,13876,2.087
2,13877,2.549
2,13878,3.440
2,13879,3.218
2,13880,2.869
2,13881,2.049
2,13882,2.263
2,13883,2.913
2,13884,2.353
2,13885,2.604
2,13886,2.504
2,13887,3.101
2,13888,2.804
2,13889,3.878
2,13890,2.938
2,13891,1.911
2,13892,2.103
2,13893,3.028
2,13894,2.432
2,13895,2.048
2,13896,2.067
2,13897,2.027
2,13898,1.704
2,13899,2.306
2,13900,1.950
2,13901,1.825
2,13902,1.789
2,13903,2.667
2,13904,2.213
2,13905,1.813
2,13906,1.925
2,13907,1.797
2,13908,1.699
2,13909,2.040
2,13910,2.133
2,13911,1.562
2,13912,2.604
2,13913,2.165
2,13914,2.052
2,13915,1.570
2,13916,1.591
2,13917,1.789
2,13918,1.642
2,13919,1.939
2,13920,2.859
2,13921,2.362
2,13922,1.864
2,13923,1.953
2,13924,2.053
2,13925,2.013
2,13926,1.833
2,13927,2.760
2,13928,2.893
2,13929,2.671
2,13930,2.477
2,13931,2.365
2,13932,2.612
2,13933,2.450
2,13934,2.786
2,13935,2.335
2,13936,2.137
2,13937,1.812
2,13938,1.877
2,13939,1.904
2,13940,1.670
2,13941,2.135
2,13942,2.325
2,13943,2.222
2,13944,2.151
2,13945,2.080
2,13946,2.040
2,13947,1.928
2,13948,2.167
2,13949,2.452
2,13950,2.314
2,13951,2.388
2,13952,2.076
2,13953,1.772
2,13954,1.707
2,13955,1.871
2,13956,2.068
2,13957,1.780
2,13958,1.728
2,13959,2.114
2,13960,2.098
2,13961,1.771
2,13962,1.832
2,13963,1.950
2,13964,1.894
2,13965,1.966
2,13966,2.180
2,13967,1.869
2,13968,1.576
2,13969,2.210
2,13970,2.033
2,13971,1.871
2,13972,1.976
2,13973,2.618
2,13974,2.680
2,13975,2.857
2,13976,2.461
2,13977,2.221
3,1,2.366
3,2,2.504
3,3,2.007
3,4,1.787
3,5,2.029
3,6,1.853
3,7,1.825
3,8,2.047
3,9,2.121
3,10,2.311
3,11,2.107
3,12,2.096
3,13,1.759
3,14,1.619
3,15,2.053
3,16,2.037
3,17,1.878
3,18,3.297
3,19,1.964
3,20,1.707
3,21,1.665
3,22,2.305
3,23,1.964
3,24,1.644
3,25,1.959
3,26,2.633
3,27,2.651
3,28,2.164
3,29,1.857
3,30,1.732
3,31,1.986
3,32,2.235
3,33,1.857
3,34,2.265
3,35,2.769
3,36,2.272
3,37,2.130
3,38,2.237
3,39,2.290
3,40,2.364
3,41,2.600
3,42,2.200
3,43,2.539
3,44,2.815
3,45,2.252
3,46,2.417
3,47,2.563
3,48,2.077
3,49,2.278
3,50,2.495
3,51,2.079
3,52,2.240
3,53,2.998
3,54,2.627
3,55,2.519
3,56,2.140
3,57,1.952
3,58,1.854
3,59,1.769
3,60,1.698
3,61,2.137
3,62,2.758
3,63,2.725
3,64,2.138
3,65,2.320
3,66,2.261
3,67,1.944
3,68,3.034
3,69,2.511
3,70,2.508
3,71,2.499
3,72,2.353
3,73,2.527
3,74,3.320
3,75,2.447
3,76,1.979
3,77,1.873
3,78,1.622
3,79,1.855
3,80,2.205
3,81,1.657
3,82,2.443
3,83,2.319
3,84,2.172
3,85,1.930
3,86,1.932
3,87,1.967
3,88,2.123
3,89,2.691
3,90,2.159
3,91,1.791
3,92,1.790
3,93,1.958
3,94,1.874
3,95,1.513
3,96,1.579
3,97,1.872
3,98,2.599
3,99,2.211
3,100,2.014
3,101,1.763
3,102,1.723
3,103,1.699
3,104,2.016
3,105,1.788
3,106,2.453
3,107,2.618
3,108,1.964
3,109,2.077
3,110,2.247
3,111,1.959
3,112,1.755
3,113,2.814
3,114,2.387
3,115,2.105
3,116,1.809
3,117,1.943
3,118,1.879
3,119,1.822
3,120,2.429
3,121,2.724
3,122,2.065
3,123,2.529
3,124,1.867
3,125,1.613
3,126,1.682
3,127,2.175
3,128,2.471
3,129,1.687
3,130,2.469
3,131,2.217
3,132,1.999
3,133,2.008
3,134,2.016
3,135,2.157
3,136,2.015
3,137,2.470
3,138,1.955
3,139,1.695
3,140,1.946
3,141,2.166
3,142,1.810
3,143,1.905
3,144,1.927
3,145,1.729
3,146,1.666
3,147,1.823
3,148,2.218
3,149,1.712
3,150,1.824
3,151,2.239
3,152,2.027
3,153,1.926
3,154,1.701
3,155,1.573
3,156,1.664
3,157,1.767
3,158,1.878
3,159,2.142
3,160,2.412
3,161,1.848
3,162,1.845
3,163,2.103
3,164,1.858
3,165,1.876
3,166,1.795
3,167,1.768
3,168,2.916
3,169,2.316
3,170,1.585
3,171,1.523
3,172,1.675
3,173,1.790
3,174,1.754
3,175,1.621
3,176,1.782
3,177,2.367
3,178,2.260
3,179,2.645
3,180,2.163
3,181,2.087
3,182,2.271
3,183,2.488
3,184,2.458
3,185,2.438
3,186,2.339
3,187,2.782
3,188,2.308
3,189,2.097
3,190,2.327
3,191,2.296
3,192,2.165
3,193,1.826
3,194,1.817
3,195,2.432
3,196,2.275
3,197,2.205
3,198,2.344
3,199,1.839
3,200,1.691
3,201,1.819
3,202,1.742
3,203,1.487
3,204,1.717
3,205,1.908
3,206,2.063
3,207,2.184
3,208,2.050
3,209,1.902
3,210,1.769
3,211,2.296
3,212,1.718
3,213,2.057
3,214,2.213
3,215,2.462
3,216,2.103
3,217,1.825
3,218,1.479
3,219,1.594
3,220,1.789
3,221,1.713
3,222,2.363
3,223,2.474
3,224,2.307
3,225,2.285
3,226,2.531
3,227,2.324
3,228,2.121
3,229,2.781
3,230,3.330
3,231,2.530
3,232,1.876
3,233,1.796
3,234,2.085
3,235,2.219
3,236,2.222
3,237,1.654
3,238,2.537
3,239,1.876
3,240,1.816
3,241,1.718
3,242,1.665
3,243,1.565
3,244,1.923
3,245,2.234
3,246,1.855
3,247,1.784
3,248,1.560
3,249,1.738
3,250,1.644
3,251,1.691
3,252,1.562
3,253,2.014
3,254,2.393
3,255,3.693
3,256,2.600
3,257,1.929
3,258,1.925
3,259,1.918
3,260,2.545
3,261,1.932
3,262,1.981
3,263,2.138
3,264,2.174
3,265,1.947
3,266,1.769
3,267,1.758
3,268,2.123
3,269,2.253
3,270,2.426
3,271,2.220
3,272,2.770
3,273,2.244
3,274,3.251
3,275,2.625
3,276,3.059
3,277,4.250
3,278,3.060
3,279,2.928
3,280,2.872
3,281,2.709
3,282,2.480
3,283,2.346
3,284,2.389
3,285,3.335
3,286,2.493
3,287,2.563
3,288,2.620
3,289,2.332
3,290,2.847
3,291,2.535
3,292,2.766
3,293,2.186
3,294,2.266
3,295,2.451
3,296,2.394
3,297,2.448
3,298,2.620
3,299,2.998
3,300,2.387
3,301,2.305
3,302,2.229
3,303,2.341
3,304,2.997
3,305,2.231
3,306,2.570
3,307,2.505
3,308,2.336
3,309,2.380
3,310,2.922
3,311,2.515
3,312,2.783
3,313,2.863
3,314,2.739
3,315,2.582
3,316,2.413
3,317,2.646
3,318,2.461
3,319,2.771
3,320,2.988
3,321,2.702
3,322,2.896
3,323,2.659
3,324,2.450
3,325,2.740
3,326,2.746
3,327,3.277
3,328,2.715
3,329,3.125
3,330,3.034
3,331,2.580
3,332,2.859
3,333,3.577
3,334,2.948
3,335,2.718
3,336,3.502
3,337,2.759
3,338,3.240
3,339,3.192
3,340,2.636
3,341,2.785
3,342,2.640
3,343,3.081
3,344,2.865
3,345,2.840
3,346,2.849
3,347,2.683
3,348,2.456
3,349,3.194
3,350,2.871
3,351,3.309
3,352,2.925
3,353,3.354
3,354,3.217
3,355,3.162
3,356,2.656
3,357,3.203
3,358,2.715
3,359,2.743
3,360,4.149
3,361,3.313
3,362,2.841
3,363,3.243
3,364,3.245
3,365,2.972
3,366,3.116
3,367,2.771
3,368,3.034
3,369,3.795
3,370,2.925
3,371,2.648
3,372,2.475
3,373,2.765
3,374,2.564
3,375,3.288
3,376,2.925
3,377,2.746
3,378,2.697
3,379,2.798
3,380,3.217
3,381,3.137
3,382,2.880
3,383,2.978
3,384,2.729
3,385,3.047
3,386,3.202
3,387,3.607
3,388,2.935
3,389,2.738
3,390,3.040
3,391,2.547
3,392,2.720
3,393,3.146
3,394,2.662
3,395,2.654
3,396,3.116
3,397,3.028
3,398,2.761
3,399,3.027
3,400,2.804
3,401,2.834
3,402,2.763
3,403,2.612
3,404,3.208
3,405,3.164
3,406,2.523
3,407,3.225
3,408,2.471
3,409,2.600
3,410,2.503
3,411,2.840
3,412,2.979
3,413,2.196
3,414,2.274
3,415,2.309
3,416,2.162
3,417,1.950
3,418,2.395
3,419,2.165
3,420,3.415
3,421,2.336
3,422,2.258
3,423,2.727
3,424,2.385
3,425,2.146
3,426,2.612
3,427,2.682
3,428,2.170
3,429,2.203
3,430,2.141
3,431,2.143
3,432,2.356
3,433,2.544
3,434,2.208
3,435,2.531
3,436,2.237
3,437,2.057
3,438,2.032
3,439,2.218
3,440,3.325
3,441,2.837
3,442,2.743
3,443,2.530
3,444,2.907
3,445,2.930
3,446,2.891
3,447,2.515
3,448,2.448
3,449,2.528
3,450,2.130
3,451,2.576
3,452,2.630
3,453,2.404
3,454,2.265
3,455,2.203
3,456,2.474
3,457,2.272
3,458,2.920
3,459,2.538
3,460,2.445
3,461,2.366
3,462,2.199
3,463,2.876
3,464,2.950
3,465,2.493
3,466,2.336
3,467,2.134
3,468,2.304
3,469,2.239
3,470,3.162
3,471,2.968
3,472,2.589
3,473,2.429
3,474,2.557
3,475,2.371
3,476,2.499
3,477,2.793
3,478,2.516
3,479,2.602
3,480,2.558
3,481,2.219
3,482,2.490
3,483,2.894
3,484,3.196
3,485,2.280
3,486,2.310
3,487,2.359
3,488,2.386
3,489,2.069
3,490,3.357
3,491,3.251
3,492,2.301
3,493,2.214
3,494,2.266
3,495,2.712
3,496,2.628
3,497,2.320
3,498,3.195
3,499,2.653
3,500,2.823
3,501,3.045
3,502,3.122
3,503,2.801
3,504,2.667
3,505,2.698
3,506,3.127
3,507,2.668
3,508,3.111
3,509,2.963
3,510,2.973
3,511,2.409
3,512,2.599
3,513,2.677
3,514,2.519
3,515,2.703
3,516,2.603
3,517,3.291
3,518,2.661
3,519,2.340
3,520,2.848
3,521,2.443
3,522,2.158
3,523,2.321
3,524,2.875
3,525,2.328
3,526,3.020
3,527,2.791
3,528,2.759
3,529,2.856
3,530,2.949
3,531,3.123
3,532,2.786
3,533,3.099
3,534,2.887
3,535,3.055
3,536,2.589
3,537,2.388
3,538,2.320
3,539,2.618
3,540,2.271
3,541,2.314
3,542,2.190
3,543,2.186
3,544,2.262
3,545,2.443
3,546,2.123
3,547,2.504
3,548,2.801
3,549,1.913
3,550,1.904
3,551,2.192
3,552,2.067
3,553,2.542
3,554,2.073
3,555,2.565
3,556,2.881
3,557,2.192
3,558,1.885
3,559,1.776
3,560,1.810
3,561,2.412
3,562,1.986
3,563,2.005
3,564,1.798
3,565,1.775
3,566,1.620
3,567,1.873
3,568,1.574
3,569,1.400
3,570,1.486
3,571,2.250
3,572,2.182
3,573,1.963
3,574,1.838
3,575,2.432
3,576,1.800
3,577,1.736
3,578,1.757
3,579,1.720
3,580,2.053
3,581,1.781
3,582,1.903
3,583,1.967
3,584,1.753
3,585,1.562
3,586,1.834
3,587,1.725
3,588,2.150
3,589,2.338
3,590,1.928
3,591,1.664
3,592,1.615
3,593,1.639
3,594,1.511
3,595,1.379
3,596,1.372
3,597,1.647
3,598,2.144
3,599,2.439
3,600,1.836
3,601,1.787
3,602,1.646
3,603,1.587
3,604,1.497
3,605,1.670
3,606,2.094
3,607,2.152
3,608,2.282
3,609,1.950
3,610,1.866
3,611,1.851
3,612,1.798
3,613,1.680
3,614,2.137
3,615,2.086
3,616,2.049
3,617,2.090
3,618,1.677
3,619,1.714
3,620,1.746
3,621,1.780
3,622,1.769
3,623,2.398
3,624,2.264
3,625,2.155
3,626,2.800
3,627,2.190
3,628,2.127
3,629,2.301
3,630,2.176
3,631,1.794
3,632,1.478
3,633,1.846
3,634,2.101
3,635,1.956
3,636,2.335
3,637,2.912
3,638,2.407
3,639,2.660
3,640,2.258
3,641,1.768
3,642,2.086
3,643,2.601
3,644,2.238
3,645,2.397
3,646,2.345
3,647,2.098
3,648,2.293
3,649,2.266
3,650,2.637
3,651,2.369
3,652,2.464
3,653,1.912
3,654,1.767
3,655,2.342
3,656,2.106
3,657,2.203
3,658,3.077
3,659,2.388
3,660,2.360
3,661,2.656
3,662,2.127
3,663,2.206
3,664,2.445
3,665,2.515
3,666,2.005
3,667,1.865
3,668,1.788
3,669,1.703
3,670,1.902
3,671,1.790
3,672,1.499
3,673,1.632
3,674,2.352
3,675,1.885
3,676,1.823
3,677,1.657
3,678,1.721
3,679,1.744
3,680,1.769
3,681,1.802
3,682,2.458
3,683,2.411
3,684,1.794
3,685,2.142
3,686,2.364
3,687,1.814
3,688,5.121
3,689,3.011
3,690,2.829
3,691,2.194
3,692,2.212
3,693,2.234
3,694,1.884
3,695,1.921
3,696,2.063
3,697,1.835
3,698,1.933
3,699,1.797
3,700,1.811
3,701,1.596
3,702,1.674
3,703,2.000
3,704,2.674
3,705,2.032
3,706,1.671
3,707,2.260
3,708,2.177
3,709,1.918
3,710,2.093
3,711,2.544
3,712,1.895
3,713,1.940
3,714,1.981
3,715,1.839
3,716,1.515
3,717,1.886
3,718,1.858
3,719,2.585
3,720,2.272
3,721,2.144
3,722,1.849
3,723,1.717
3,724,2.297
3,725,2.024
3,726,2.845
3,727,2.386
3,728,1.991
3,729,1.756
3,730,1.903
3,731,2.032
3,732,2.313
3,733,2.773
3,734,2.134
3,735,1.686
3,736,1.654
3,737,1.745
3,738,1.808
3,739,1.527
3,740,1.422
3,741,2.814
3,742,2.214
3,743,1.863
3,744,1.924
3,745,1.739
3,746,1.599
3,747,1.563
3,748,1.758
3,749,1.924
3,750,2.369
3,751,2.585
3,752,2.360
3,753,2.091
3,754,2.121
3,755,2.076
3,756,1.832
3,757,1.862
3,758,3.320
3,759,1.904
3,760,1.573
3,761,1.843
3,762,1.851
3,763,1.857
3,764,1.640
3,765,2.160
3,766,2.309
3,767,2.156
3,768,2.230
3,769,1.898
3,770,1.627
3,771,1.672
3,772,1.857
3,773,2.136
3,774,2.149
3,775,1.674
3,776,2.233
3,777,1.776
3,778,2.496
3,779,2.523
3,780,2.039
3,781,2.187
3,782,2.524
3,783,1.997
3,784,1.930
3,785,1.890
3,786,1.908
3,787,1.630
3,788,1.639
3,789,2.164
3,790,2.175
3,791,2.027
3,792,2.228
3,793,2.646
3,794,1.852
3,795,1.892
3,796,2.974
3,797,2.700
3,798,2.361
3,799,2.408
3,800,2.331
3,801,2.643
3,802,2.923
3,803,3.207
3,804,3.274
3,805,2.946
3,806,3.036
3,807,2.642
3,808,2.528
3,809,2.141
3,810,1.776
3,811,1.896
3,812,2.171
3,813,1.817
3,814,2.439
3,815,2.586
3,816,1.811
3,817,1.649
3,818,1.847
3,819,1.718
3,820,1.650
3,821,1.650
3,822,1.813
3,823,2.690
3,824,2.108
3,825,2.135
3,826,2.315
3,827,2.463
3,828,2.309
3,829,2.283
3,830,3.223
3,831,3.145
3,832,2.062
3,833,1.883
3,834,2.198
3,835,2.243
3,836,2.411
3,837,2.276
3,838,2.272
3,839,2.654
3,840,2.533
3,841,2.002
3,842,2.569
3,843,2.758
3,844,2.628
3,845,2.587
3,846,2.764
3,847,3.029
3,848,2.849
3,849,2.341
3,850,2.336
3,851,2.454
3,852,2.045
3,853,2.310
3,854,2.339
3,855,2.598
3,856,2.658
3,857,2.222
3,858,2.066
3,859,2.359
3,860,2.566
3,861,2.272
3,862,2.853
3,863,2.283
3,864,2.221
3,865,2.489
3,866,2.158
3,867,2.187
3,868,2.806
3,869,2.824
3,870,2.538
3,871,2.528
3,872,2.362
3,873,2.282
3,874,2.415
3,875,2.364
3,876,2.811
3,877,2.223
3,878,2.036
3,879,2.179
3,880,2.203
3,881,2.297
3,882,2.270
3,883,2.227
3,884,2.600
3,885,2.499
3,886,2.337
3,887,2.242
3,888,2.531
3,889,2.599
3,890,2.299
3,891,2.708
3,892,2.281
3,893,2.255
3,894,2.289
3,895,2.223
3,896,2.336
3,897,2.469
3,898,2.230
3,899,2.290
3,900,2.443
3,901,2.263
3,902,2.402
3,903,2.452
3,904,2.246
3,905,2.212
3,906,2.402
3,907,3.004
3,908,2.445
3,909,3.025
3,910,2.472
3,911,2.242
3,912,2.329
3,913,2.196
3,914,2.661
3,915,2.107
3,916,1.801
3,917,1.789
3,918,1.963
3,919,2.165
3,920,1.828
3,921,1.878
3,922,2.059
3,923,2.702
3,924,2.441
3,925,2.129
3,926,2.178
3,927,2.327
3,928,2.333
3,929,2.390
3,930,2.305
3,931,2.609
3,932,2.718
3,933,2.459
3,934,2.137
3,935,2.095
3,936,2.683
3,937,2.458
3,938,2.318
3,939,2.316
3,940,2.083
3,941,2.070
3,942,2.356
3,943,2.946
3,944,2.808
3,945,2.760
3,946,2.078
3,947,2.348
3,948,2.705
3,949,2.339
3,950,1.789
3,951,1.698
3,952,1.616
3,953,2.292
3,954,2.022
3,955,1.719
3,956,1.850
3,957,1.918
3,958,1.812
3,959,1.683
3,960,1.529
3,961,1.392
3,962,1.503
3,963,1.931
3,964,1.527
3,965,1.835
3,966,1.975
3,967,1.618
3,968,1.437
3,969,1.627
3,970,1.625
3,971,1.659
3,972,1.522
3,973,1.619
3,974,1.503
3,975,2.083
3,976,1.753
3,977,1.661
3,978,1.790
3,979,1.896
3,980,1.734
3,981,1.580
3,982,2.023
3,983,2.209
3,984,1.794
3,985,1.515
3,986,1.722
3,987,1.667
3,988,1.661
3,989,1.659
3,990,1.798
3,991,2.182
3,992,1.907
3,993,2.820
3,994,2.333
3,995,2.348
3,996,2.986
3,997,2.709
3,998,2.223
3,999,2.858
3,1000,2.591
3,1001,2.229
3,1002,2.603
3,1003,2.250
3,1004,2.515
3,1005,3.604
3,1006,2.208
3,1007,2.863
3,1008,2.139
3,1009,2.147
3,1010,2.114
3,1011,2.113
3,1012,2.453
3,1013,2.547
3,1014,2.312
3,1015,2.384
3,1016,2.617
3,1017,2.417
3,1018,3.088
3,1019,3.497
3,1020,2.170
3,1021,2.479
3,1022,2.713
3,1023,2.224
3,1024,2.888
3,1025,2.829
3,1026,2.479
3,1027,2.421
3,1028,2.332
3,1029,3.258
3,1030,2.373
3,1031,2.269
3,1032,2.484
3,1033,2.254
3,1034,2.042
3,1035,2.457
3,1036,2.700
3,1037,2.787
3,1038,2.859
3,1039,2.564
3,1040,2.735
3,1041,2.589
3,1042,2.800
3,1043,2.956
3,1044,2.740
3,1045,2.683
3,1046,2.374
3,1047,2.560
3,1048,3.361
3,1049,2.901
3,1050,4.371
3,1051,3.358
3,1052,3.320
3,1053,3.155
3,1054,2.959
3,1055,2.500
3,1056,2.212
3,1057,2.363
3,1058,3.107
3,1059,3.008
3,1060,2.443
3,1061,2.370
3,1062,2.796
3,1063,2.143
3,1064,2.250
3,1065,2.395
3,1066,2.142
3,1067,1.811
3,1068,2.069
3,1069,2.178
3,1070,2.476
3,1071,2.444
3,1072,2.338
3,1073,2.090
3,1074,2.044
3,1075,2.300
3,1076,1.871
3,1077,1.833
3,1078,2.778
3,1079,2.558
3,1080,2.216
3,1081,2.062
3,1082,1.903
3,1083,1.785
3,1084,2.138
3,1085,1.859
3,1086,2.320
3,1087,2.549
3,1088,2.236
3,1089,2.057
3,1090,1.976
3,1091,1.790
3,1092,1.733
3,1093,1.676
3,1094,2.224
3,1095,2.173
3,1096,1.507
3,1097,1.482
3,1098,1.670
3,1099,1.541
3,1100,1.487
3,1101,1.412
3,1102,1.416
3,1103,1.680
3,1104,2.845
3,1105,2.498
3,1106,2.413
3,1107,2.101
3,1108,2.277
3,1109,2.509
3,1110,2.368
3,1111,2.326
3,1112,2.189
3,1113,2.023
3,1114,1.811
3,1115,1.777
3,1116,1.605
3,1117,1.521
3,1118,1.759
3,1119,2.110
3,1120,2.052
3,1121,1.604
3,1122,1.431
3,1123,2.214
3,1124,1.631
3,1125,1.610
3,1126,1.565
3,1127,1.578
3,1128,1.980
3,1129,1.834
3,1130,1.513
3,1131,1.755
3,1132,1.797
3,1133,1.970
3,1134,1.675
3,1135,2.208
3,1136,2.497
3,1137,2.018
3,1138,1.871
3,1139,1.601
3,1140,1.543
3,1141,1.457
3,1142,1.954
3,1143,1.537
3,1144,1.411
3,1145,2.269
3,1146,2.285
3,1147,2.099
3,1148,1.628
3,1149,1.359
3,1150,1.566
3,1151,1.601
3,1152,1.739
3,1153,1.588
3,1154,2.220
3,1155,1.811
3,1156,1.662
3,1157,1.620
3,1158,1.945
3,1159,1.994
3,1160,1.762
3,1161,1.588
3,1162,2.303
3,1163,2.461
3,1164,1.888
3,1165,1.861
3,1166,1.647
3,1167,1.593
3,1168,1.529
3,1169,1.655
3,1170,1.728
3,1171,2.008
3,1172,2.516
3,1173,2.234
3,1174,2.533
3,1175,2.360
3,1176,2.140
3,1177,1.914
3,1178,2.427
3,1179,2.329
3,1180,2.075
3,1181,1.501
3,1182,1.702
3,1183,1.540
3,1184,1.590
3,1185,1.677
3,1186,1.685
3,1187,2.570
3,1188,2.434
3,1189,3.361
3,1190,2.191
3,1191,1.726
3,1192,1.685
3,1193,1.789
3,1194,2.017
3,1195,1.703
3,1196,1.689
3,1197,1.979
3,1198,1.946
3,1199,1.695
3,1200,1.704
3,1201,1.591
3,1202,1.378
3,1203,1.846
3,1204,2.075
3,1205,1.947
3,1206,1.636
3,1207,1.404
3,1208,1.954
3,1209,1.736
3,1210,1.987
3,1211,2.106
3,1212,3.250
3,1213,2.658
3,1214,2.795
3,1215,2.413
3,1216,2.064
3,1217,1.964
3,1218,2.312
3,1219,2.679
3,1220,2.075
3,1221,1.930
3,1222,2.012
3,1223,2.034
3,1224,2.431
3,1225,1.905
3,1226,2.578
3,1227,2.257
3,1228,2.180
3,1229,1.851
3,1230,1.985
3,1231,2.053
3,1232,2.423
3,1233,2.375
3,1234,2.009
3,1235,1.653
3,1236,1.704
3,1237,2.629
3,1238,2.104
3,1239,1.813
3,1240,2.246
3,1241,1.796
3,1242,1.556
3,1243,1.700
3,1244,1.645
3,1245,1.495
3,1246,1.477
3,1247,1.459
3,1248,1.585
3,1249,1.988
3,1250,2.041
3,1251,1.494
3,1252,1.605
3,1253,1.636
3,1254,1.488
3,1255,1.656
3,1256,1.610
3,1257,1.577
3,1258,1.528
3,1259,2.792
3,1260,3.531
3,1261,2.487
3,1262,1.996
3,1263,1.971
3,1264,1.914
3,1265,1.494
3,1266,1.945
3,1267,2.240
3,1268,2.209
3,1269,2.203
3,1270,2.199
3,1271,1.870
3,1272,1.935
3,1273,2.025
3,1274,2.685
3,1275,2.233
3,1276,2.571
3,1277,2.050
3,1278,1.903
3,1279,2.019
3,1280,1.853
3,1281,2.235
3,1282,2.248
3,1283,2.108
3,1284,2.531
3,1285,1.984
3,1286,2.115
3,1287,2.161
3,1288,2.759
3,1289,2.387
3,1290,1.894
3,1291,1.653
3,1292,2.122
3,1293,1.867
3,1294,1.678
3,1295,1.581
3,1296,1.984
3,1297,2.432
3,1298,2.361
3,1299,1.930
3,1300,1.735
3,1301,1.973
3,1302,1.660
3,1303,1.927
3,1304,2.235
3,1305,2.418
3,1306,2.295
3,1307,1.931
3,1308,1.864
3,1309,1.650
3,1310,1.847
3,1311,1.653
3,1312,1.814
3,1313,2.409
3,1314,1.882
3,1315,1.526
3,1316,1.485
3,1317,1.531
3,1318,1.508
3,1319,1.589
3,1320,1.733
3,1321,1.427
3,1322,3.231
3,1323,2.192
3,1324,2.081
3,1325,1.854
3,1326,1.482
3,1327,1.553
3,1328,1.636
3,1329,2.030
3,1330,2.175
3,1331,2.232
3,1332,2.432
3,1333,2.339
3,1334,2.167
3,1335,2.059
3,1336,2.016
3,1337,2.535
3,1338,2.736
3,1339,2.267
3,1340,1.789
3,1341,1.826
3,1342,1.856
3,1343,1.629
3,1344,1.467
3,1345,1.700
3,1346,2.804
3,1347,2.227
3,1348,2.239
3,1349,2.204
3,1350,1.856
3,1351,1.655
3,1352,1.623
3,1353,1.814
3,1354,1.836
3,1355,1.723
3,1356,1.589
3,1357,1.703
3,1358,1.663
3,1359,1.581
3,1360,1.853
3,1361,1.795
3,1362,2.061
3,1363,2.475
3,1364,2.572
3,1365,2.418
3,1366,2.053
3,1367,2.298
3,1368,2.115
3,1369,2.352
3,1370,2.405
3,1371,2.149
3,1372,2.381
3,1373,2.898
3,1374,1.983
3,1375,1.882
3,1376,2.587
3,1377,3.933
3,1378,3.978
3,1379,3.803
3,1380,3.774
3,1381,3.652
3,1382,4.413
3,1383,3.072
3,1384,4.955
3,1385,3.095
3,1386,2.577
3,1387,2.935
3,1388,2.946
3,1389,2.472
3,1390,2.914
3,1391,2.125
3,1392,1.984
3,1393,2.144
3,1394,1.861
3,1395,2.100
3,1396,2.647
3,1397,2.420
3,1398,2.293
3,1399,2.234
3,1400,2.168
3,1401,2.269
3,1402,2.134
3,1403,2.204
3,1404,2.091
3,1405,1.913
3,1406,2.487
3,1407,2.201
3,1408,2.235
3,1409,2.386
3,1410,2.488
3,1411,2.218
3,1412,2.038
3,1413,1.889
3,1414,2.011
3,1415,2.090
3,1416,2.058
3,1417,2.027
3,1418,3.131
3,1419,2.548
3,1420,2.317
3,1421,2.554
3,1422,2.855
3,1423,3.376
3,1424,2.419
3,1425,2.203
3,1426,2.331
3,1427,2.213
3,1428,2.003
3,1429,2.104
3,1430,2.558
3,1431,2.145
3,1432,2.164
3,1433,2.167
3,1434,1.910
3,1435,2.103
3,1436,2.241
3,1437,2.873
3,1438,2.292
3,1439,2.455
3,1440,2.265
3,1441,2.337
3,1442,2.221
3,1443,2.371
3,1444,3.359
3,1445,2.401
3,1446,1.947
3,1447,2.176
3,1448,2.418
3,1449,2.148
3,1450,2.597
3,1451,3.784
3,1452,2.651
3,1453,2.331
3,1454,2.033
3,1455,2.148
3,1456,2.454
3,1457,2.375
3,1458,2.317
3,1459,2.342
3,1460,2.174
3,1461,2.199
3,1462,2.411
3,1463,2.575
3,1464,2.945
3,1465,3.366
3,1466,2.313
3,1467,2.458
3,1468,2.239
3,1469,2.622
3,1470,2.465
3,1471,2.660
3,1472,2.759
3,1473,2.330
3,1474,1.909
3,1475,2.105
3,1476,2.434
3,1477,2.163
3,1478,2.096
3,1479,2.434
3,1480,2.524
3,1481,2.319
3,1482,2.371
3,1483,2.286
3,1484,2.342
3,1485,2.792
3,1486,2.279
3,1487,2.528
3,1488,2.254
3,1489,2.104
3,1490,3.076
3,1491,2.594
3,1492,2.582
3,1493,2.691
3,1494,2.742
3,1495,2.340
3,1496,2.788
3,1497,2.525
3,1498,2.661
3,1499,2.450
3,1500,2.453
3,1501,3.282
3,1502,2.463
3,1503,2.460
3,1504,2.511
3,1505,2.615
3,1506,2.448
3,1507,4.855
3,1508,3.697
3,1509,2.670
3,1510,3.360
3,1511,2.768
3,1512,2.598
3,1513,3.549
3,1514,3.113
3,1515,2.685
3,1516,2.603
3,1517,2.824
3,1518,2.788
3,1519,3.325
3,1520,2.998
3,1521,6.097
3,1522,3.139
3,1523,3.268
3,1524,2.756
3,1525,2.025
3,1526,1.941
3,1527,1.747
3,1528,1.753
3,1529,2.027
3,1530,2.039
3,1531,1.662
3,1532,1.534
3,1533,1.664
3,1534,2.223
3,1535,1.777
3,1536,1.438
3,1537,1.874
3,1538,1.989
3,1539,2.120
3,1540,2.037
3,1541,2.044
3,1542,2.001
3,1543,1.866
3,1544,3.178
3,1545,2.414
3,1546,2.330
3,1547,2.137
3,1548,1.920
3,1549,1.528
3,1550,1.500
3,1551,1.600
3,1552,1.682
3,1553,2.195
3,1554,2.283
3,1555,1.903
3,1556,1.537
3,1557,1.467
3,1558,1.752
3,1559,1.769
3,1560,1.600
3,1561,1.469
3,1562,2.133
3,1563,2.818
3,1564,2.229
3,1565,2.376
3,1566,2.251
3,1567,2.117
3,1568,2.328
3,1569,3.474
3,1570,2.943
3,1571,1.969
3,1572,1.598
3,1573,1.663
3,1574,1.646
3,1575,1.719
3,1576,1.698
3,1577,1.719
3,1578,1.910
3,1579,2.278
3,1580,1.505
3,1581,1.424
3,1582,1.698
3,1583,1.759
3,1584,1.596
3,1585,1.582
3,1586,1.678
3,1587,1.888
3,1588,1.803
3,1589,1.833
3,1590,1.755
3,1591,1.995
3,1592,1.760
3,1593,1.696
3,1594,2.243
3,1595,2.753
3,1596,1.898
3,1597,1.993
3,1598,2.232
3,1599,1.739
3,1600,1.518
3,1601,1.791
3,1602,1.748
3,1603,1.639
3,1604,1.684
3,1605,1.976
3,1606,1.922
3,1607,1.519
3,1608,1.887
3,1609,1.774
3,1610,1.702
3,1611,1.765
3,1612,1.785
3,1613,1.736
3,1614,1.638
3,1615,1.663
3,1616,1.675
3,1617,1.859
3,1618,2.159
3,1619,1.615
3,1620,1.875
3,1621,2.054
3,1622,2.062
3,1623,1.595
3,1624,1.798
3,1625,1.751
3,1626,1.588
3,1627,1.495
3,1628,2.220
3,1629,2.333
3,1630,1.983
3,1631,1.946
3,1632,2.247
3,1633,2.093
3,1634,1.896
3,1635,1.808
3,1636,2.070
3,1637,2.263
3,1638,2.064
3,1639,2.006
3,1640,1.744
3,1641,1.778
3,1642,1.937
3,1643,1.985
3,1644,2.871
3,1645,2.157
3,1646,2.554
3,1647,2.647
3,1648,2.295
3,1649,1.925
3,1650,1.897
3,1651,2.251
3,1652,1.996
3,1653,1.627
3,1654,1.704
3,1655,1.877
3,1656,1.545
3,1657,1.550
3,1658,1.775
3,1659,1.820
3,1660,2.082
3,1661,1.892
3,1662,1.832
3,1663,1.753
3,1664,1.881
3,1665,1.388
3,1666,1.420
3,1667,1.769
3,1668,1.686
3,1669,1.772
3,1670,1.833
3,1671,1.866
3,1672,1.592
3,1673,1.580
3,1674,2.094
3,1675,1.864
3,1676,1.615
3,1677,1.588
3,1678,3.329
3,1679,1.951
3,1680,1.672
3,1681,1.368
3,1682,1.667
3,1683,1.904
3,1684,1.602
3,1685,1.561
3,1686,2.235
3,1687,2.144
3,1688,1.455
3,1689,1.484
3,1690,1.539
3,1691,1.988
3,1692,1.662
3,1693,1.633
3,1694,1.653
3,1695,1.801
3,1696,1.689
3,1697,1.693
3,1698,1.910
3,1699,1.623
3,1700,1.360
3,1701,1.647
3,1702,1.930
3,1703,2.609
3,1704,2.388
3,1705,2.213
3,1706,1.949
3,1707,1.646
3,1708,1.570
3,1709,1.551
3,1710,1.387
3,1711,1.367
3,1712,1.462
3,1713,2.222
3,1714,2.109
3,1715,1.621
3,1716,1.467
3,1717,1.561
3,1718,1.635
3,1719,1.428
3,1720,1.491
3,1721,1.473
3,1722,1.799
3,1723,2.060
3,1724,1.855
3,1725,1.779
3,1726,1.889
3,1727,1.763
3,1728,1.607
3,1729,1.583
3,1730,1.709
3,1731,3.093
3,1732,3.255
3,1733,2.327
3,1734,1.803
3,1735,1.756
3,1736,1.716
3,1737,1.514
3,1738,1.586
3,1739,2.487
3,1740,2.304
3,1741,2.448
3,1742,2.061
3,1743,2.182
3,1744,2.128
3,1745,2.302
3,1746,2.231
3,1747,1.745
3,1748,1.569
3,1749,1.566
3,1750,2.083
3,1751,1.853
3,1752,1.636
3,1753,1.515
3,1754,2.209
3,1755,2.467
3,1756,2.155
3,1757,2.039
3,1758,1.637
3,1759,1.854
3,1760,1.589
3,1761,1.679
3,1762,1.639
3,1763,1.464
3,1764,1.327
3,1765,1.939
3,1766,1.577
3,1767,1.658
3,1768,1.532
3,1769,1.539
3,1770,1.780
3,1771,1.552
3,1772,1.626
3,1773,2.087
3,1774,2.051
3,1775,1.446
3,1776,1.302
3,1777,1.601
3,1778,1.770
3,1779,1.650
3,1780,1.939
3,1781,1.948
3,1782,1.981
3,1783,1.690
3,1784,1.887
3,1785,1.819
3,1786,1.653
3,1787,1.516
3,1788,1.487
3,1789,1.578
3,1790,1.866
3,1791,1.946
3,1792,2.092
3,1793,2.260
3,1794,2.172
3,1795,2.000
3,1796,1.959
3,1797,1.811
3,1798,1.864
3,1799,2.679
3,1800,2.247
3,1801,1.970
3,1802,1.848
3,1803,2.166
3,1804,1.944
3,1805,1.887
3,1806,2.394
3,1807,2.650
3,1808,2.196
3,1809,2.826
3,1810,2.350
3,1811,1.799
3,1812,2.057
3,1813,2.326
3,1814,2.362
3,1815,2.652
3,1816,2.005
3,1817,1.701
3,1818,1.579
3,1819,2.005
3,1820,1.769
3,1821,1.801
3,1822,2.127
3,1823,2.579
3,1824,2.789
3,1825,1.694
3,1826,1.898
3,1827,1.737
3,1828,1.506
3,1829,2.153
3,1830,2.199
3,1831,1.655
3,1832,1.570
3,1833,2.378
3,1834,1.985
3,1835,1.669
3,1836,1.527
3,1837,1.847
3,1838,1.916
3,1839,1.695
3,1840,1.679
3,1841,1.705
3,1842,1.590
3,1843,1.855
3,1844,1.505
3,1845,1.975
3,1846,2.143
3,1847,1.862
3,1848,1.653
3,1849,1.843
3,1850,1.796
3,1851,1.735
3,1852,1.528
3,1853,2.248
3,1854,1.768
3,1855,1.949
3,1856,2.136
3,1857,2.009
3,1858,1.652
3,1859,1.408
3,1860,2.058
3,1861,2.461
3,1862,2.381
3,1863,2.972
3,1864,2.327
3,1865,2.294
3,1866,2.281
3,1867,1.757
3,1868,1.472
3,1869,1.563
3,1870,2.689
3,1871,1.836
3,1872,1.428
3,1873,1.584
3,1874,1.805
3,1875,1.598
3,1876,1.469
3,1877,1.526
3,1878,1.639
3,1879,1.716
3,1880,2.056
3,1881,1.777
3,1882,1.980
3,1883,1.737
3,1884,1.571
3,1885,1.684
3,1886,1.915
3,1887,1.959
3,1888,1.891
3,1889,2.029
3,1890,2.124
3,1891,1.875
3,1892,1.742
3,1893,1.934
3,1894,1.682
3,1895,1.388
3,1896,1.487
3,1897,1.797
3,1898,1.668
3,1899,1.790
3,1900,1.846
3,1901,1.570
3,1902,1.488
3,1903,1.477
3,1904,1.455
3,1905,1.699
3,1906,1.588
3,1907,1.821
3,1908,1.796
3,1909,1.934
3,1910,2.048
3,1911,1.801
3,1912,1.710
3,1913,1.768
3,1914,1.889
3,1915,2.076
3,1916,2.772
3,1917,2.064
3,1918,1.690
3,1919,2.026
3,1920,1.828
3,1921,1.635
3,1922,1.545
3,1923,1.874
3,1924,2.480
3,1925,2.120
3,1926,1.922
3,1927,1.921
3,1928,1.790
3,1929,1.548
3,1930,1.498
3,1931,1.876
3,1932,2.150
3,1933,1.934
3,1934,1.971
3,1935,2.295
3,1936,1.972
3,1937,2.377
3,1938,2.300
3,1939,1.954
3,1940,1.695
3,1941,2.146
3,1942,1.891
3,1943,1.692
3,1944,1.717
3,1945,2.047
3,1946,2.574
3,1947,2.258
3,1948,2.990
3,1949,3.014
3,1950,2.462
3,1951,2.224
3,1952,2.000
3,1953,2.738
3,1954,2.387
3,1955,2.188
3,1956,2.003
3,1957,2.107
3,1958,1.944
3,1959,1.800
3,1960,2.453
3,1961,2.496
3,1962,2.278
3,1963,2.727
3,1964,2.128
3,1965,1.794
3,1966,2.479
3,1967,2.442
3,1968,2.073
3,1969,2.303
3,1970,1.676
3,1971,1.709
3,1972,1.422
3,1973,1.684
3,1974,1.698
3,1975,2.905
3,1976,1.907
3,1977,1.691
3,1978,1.765
3,1979,1.690
3,1980,1.595
3,1981,1.455
3,1982,1.573
3,1983,1.685
3,1984,2.425
3,1985,1.964
3,1986,1.602
3,1987,1.346
3,1988,2.379
3,1989,2.142
3,1990,1.797
3,1991,1.568
3,1992,1.907
3,1993,1.778
3,1994,1.521
3,1995,1.500
3,1996,1.711
3,1997,1.433
3,1998,1.537
3,1999,1.399
3,2000,1.547
3,2001,1.796
3,2002,1.828
3,2003,1.559
3,2004,1.439
3,2005,1.543
3,2006,1.438
3,2007,1.372
3,2008,1.477
3,2009,1.828
3,2010,1.487
3,2011,1.324
3,2012,1.726
3,2013,2.179
3,2014,1.980
3,2015,1.771
3,2016,1.780
3,2017,2.193
3,2018,2.064
3,2019,2.888
3,2020,2.569
3,2021,2.092
3,2022,1.683
3,2023,1.543
3,2024,1.700
3,2025,1.475
3,2026,1.300
3,2027,1.283
3,2028,1.441
3,2029,1.906
3,2030,2.535
3,2031,1.908
3,2032,1.796
3,2033,1.675
3,2034,1.547
3,2035,1.448
3,2036,1.770
3,2037,1.563
3,2038,1.378
3,2039,2.463
3,2040,2.407
3,2041,2.243
3,2042,2.075
3,2043,2.013
3,2044,1.777
3,2045,1.534
3,2046,1.705
3,2047,1.809
3,2048,2.088
3,2049,1.553
3,2050,1.471
3,2051,1.614
3,2052,1.671
3,2053,1.541
3,2054,1.362
3,2055,1.414
3,2056,1.890
3,2057,2.069
3,2058,2.307
3,2059,2.042
3,2060,1.763
3,2061,1.645
3,2062,1.692
3,2063,1.881
3,2064,2.023
3,2065,1.846
3,2066,1.752
3,2067,2.620
3,2068,1.973
3,2069,2.137
3,2070,2.002
3,2071,2.088
3,2072,2.065
3,2073,2.908
3,2074,2.043
3,2075,2.144
3,2076,2.197
3,2077,1.953
3,2078,2.091
3,2079,1.828
3,2080,2.182
3,2081,2.095
3,2082,1.974
3,2083,2.333
3,2084,2.206
3,2085,1.899
3,2086,2.114
3,2087,1.982
3,2088,2.258
3,2089,2.223
3,2090,2.166
3,2091,2.058
3,2092,2.723
3,2093,2.132
3,2094,2.094
3,2095,3.270
3,2096,2.611
3,2097,2.294
3,2098,2.721
3,2099,2.453
3,2100,2.123
3,2101,2.430
3,2102,2.362
3,2103,2.152
3,2104,2.427
3,2105,2.270
3,2106,2.061
3,2107,2.769
3,2108,2.551
3,2109,2.341
3,2110,2.318
3,2111,2.216
3,2112,2.396
3,2113,2.489
3,2114,2.495
3,2115,2.487
3,2116,2.746
3,2117,2.354
3,2118,2.212
3,2119,2.285
3,2120,2.247
3,2121,2.863
3,2122,2.323
3,2123,2.328
3,2124,2.358
3,2125,2.384
3,2126,2.013
3,2127,2.129
3,2128,2.159
3,2129,2.456
3,2130,2.151
3,2131,1.975
3,2132,2.637
3,2133,2.518
3,2134,2.547
3,2135,2.665
3,2136,2.816
3,2137,2.409
3,2138,2.202
3,2139,2.188
3,2140,2.121
3,2141,2.310
3,2142,2.576
3,2143,2.273
3,2144,2.553
3,2145,2.315
3,2146,2.297
3,2147,2.113
3,2148,2.159
3,2149,2.130
3,2150,2.004
3,2151,2.177
3,2152,2.803
3,2153,2.122
3,2154,2.241
3,2155,2.111
3,2156,2.439
3,2157,2.364
3,2158,2.123
3,2159,2.458
3,2160,2.421
3,2161,1.806
3,2162,1.789
3,2163,1.994
3,2164,1.956
3,2165,1.930
3,2166,1.614
3,2167,1.630
3,2168,1.764
3,2169,2.020
3,2170,1.845
3,2171,2.150
3,2172,1.849
3,2173,2.047
3,2174,1.816
3,2175,1.954
3,2176,1.759
3,2177,1.635
3,2178,2.049
3,2179,2.262
3,2180,2.218
3,2181,2.160
3,2182,2.377
3,2183,1.788
3,2184,1.676
3,2185,2.137
3,2186,2.428
3,2187,1.804
3,2188,1.639
3,2189,1.733
3,2190,1.545
3,2191,1.568
3,2192,1.765
3,2193,2.132
3,2194,1.861
3,2195,1.863
3,2196,2.220
3,2197,1.582
3,2198,1.375
3,2199,1.669
3,2200,2.054
3,2201,1.849
3,2202,1.766
3,2203,1.412
3,2204,2.023
3,2205,2.323
3,2206,2.020
3,2207,1.769
3,2208,1.882
3,2209,1.718
3,2210,1.502
3,2211,1.567
3,2212,2.042
3,2213,2.321
3,2214,1.674
3,2215,1.546
3,2216,2.042
3,2217,1.560
3,2218,1.459
3,2219,1.667
3,2220,1.720
3,2221,1.374
3,2222,1.822
3,2223,2.262
3,2224,2.189
3,2225,1.632
3,2226,1.667
3,2227,1.633
3,2228,1.559
3,2229,1.418
3,2230,1.593
3,2231,1.785
3,2232,1.832
3,2233,1.679
3,2234,1.638
3,2235,1.468
3,2236,1.772
3,2237,2.051
3,2238,1.562
3,2239,1.449
3,2240,1.632
3,2241,2.032
3,2242,1.871
3,2243,1.661
3,2244,1.650
3,2245,1.603
3,2246,1.508
3,2247,1.702
3,2248,1.772
3,2249,1.529
3,2250,1.762
3,2251,2.388
3,2252,2.324
3,2253,2.016
3,2254,1.442
3,2255,1.943
3,2256,2.315
3,2257,1.686
3,2258,1.973
3,2259,2.317
3,2260,1.944
3,2261,1.965
3,2262,1.998
3,2263,2.032
3,2264,1.990
3,2265,2.449
3,2266,2.916
3,2267,2.251
3,2268,2.072
3,2269,1.950
3,2270,1.747
3,2271,1.683
3,2272,1.923
3,2273,2.666
3,2274,1.910
3,2275,1.875
3,2276,2.096
3,2277,1.972
3,2278,1.734
3,2279,1.964
3,2280,2.079
3,2281,2.159
3,2282,2.160
3,2283,1.832
3,2284,1.481
3,2285,1.633
3,2286,2.020
3,2287,1.975
3,2288,1.870
3,2289,1.992
3,2290,2.219
3,2291,2.547
3,2292,2.400
3,2293,2.039
3,2294,1.734
3,2295,1.553
3,2296,1.587
3,2297,2.039
3,2298,1.935
3,2299,1.469
3,2300,1.688
3,2301,1.786
3,2302,1.674
3,2303,1.634
3,2304,1.721
3,2305,1.715
3,2306,1.984
3,2307,1.817
3,2308,1.671
3,2309,1.912
3,2310,1.921
3,2311,1.385
3,2312,1.527
3,2313,1.975
3,2314,1.747
3,2315,2.024
3,2316,4.129
3,2317,2.388
3,2318,3.107
3,2319,2.130
3,2320,1.546
3,2321,1.485
3,2322,2.365
3,2323,2.251
3,2324,1.652
3,2325,1.563
3,2326,1.707
3,2327,2.013
3,2328,1.632
3,2329,1.953
3,2330,1.833
3,2331,1.969
3,2332,1.716
3,2333,1.936
3,2334,1.893
3,2335,1.643
3,2336,1.595
3,2337,2.287
3,2338,2.065
3,2339,2.476
3,2340,2.090
3,2341,1.795
3,2342,1.788
3,2343,1.779
3,2344,2.037
3,2345,1.893
3,2346,1.846
3,2347,1.726
3,2348,1.919
3,2349,1.734
3,2350,1.753
3,2351,2.567
3,2352,1.776
3,2353,1.652
3,2354,1.481
3,2355,2.048
3,2356,2.155
3,2357,1.481
3,2358,1.464
3,2359,1.927
3,2360,1.719
3,2361,1.649
3,2362,1.535
3,2363,1.657
3,2364,1.869
3,2365,2.545
3,2366,2.464
3,2367,1.998
3,2368,1.719
3,2369,1.622
3,2370,2.241
3,2371,2.358
3,2372,2.225
3,2373,2.168
3,2374,2.160
3,2375,1.632
3,2376,1.776
3,2377,1.790
3,2378,1.524
3,2379,1.365
3,2380,1.448
3,2381,2.292
3,2382,2.259
3,2383,1.624
3,2384,1.749
3,2385,1.766
3,2386,1.678
3,2387,1.592
3,2388,1.756
3,2389,1.704
3,2390,1.882
3,2391,1.836
3,2392,1.700
3,2393,1.939
3,2394,2.110
3,2395,1.719
3,2396,1.841
3,2397,1.753
3,2398,1.937
3,2399,2.116
3,2400,2.209
3,2401,1.736
3,2402,1.569
3,2403,1.764
3,2404,1.874
3,2405,1.594
3,2406,1.366
3,2407,1.415
3,2408,2.059
3,2409,2.097
3,2410,1.893
3,2411,1.670
3,2412,1.710
3,2413,1.993
3,2414,1.588
3,2415,1.717
3,2416,1.763
3,2417,2.050
3,2418,2.496
3,2419,2.423
3,2420,2.456
3,2421,2.361
3,2422,2.746
3,2423,2.382
3,2424,2.716
3,2425,2.280
3,2426,2.061
3,2427,2.230
3,2428,2.453
3,2429,2.513
3,2430,2.846
3,2431,2.382
3,2432,2.060
3,2433,2.142
3,2434,2.012
3,2435,1.783
3,2436,1.865
3,2437,2.663
3,2438,2.287
3,2439,2.137
3,2440,2.543
3,2441,2.385
3,2442,2.183
3,2443,2.165
3,2444,2.312
3,2445,2.427
3,2446,2.462
3,2447,1.802
3,2448,1.444
3,2449,1.622
3,2450,1.752
3,2451,1.705
3,2452,1.780
3,2453,2.048
3,2454,2.669
3,2455,1.958
3,2456,2.153
3,2457,1.933
3,2458,1.540
3,2459,1.600
3,2460,1.924
3,2461,1.970
3,2462,1.748
3,2463,1.665
3,2464,1.602
3,2465,1.877
3,2466,1.613
3,2467,1.413
3,2468,2.288
3,2469,2.735
3,2470,1.874
3,2471,1.748
3,2472,2.563
3,2473,1.799
3,2474,1.446
3,2475,1.558
3,2476,2.290
3,2477,2.315
3,2478,2.244
3,2479,2.085
3,2480,1.679
3,2481,1.723
3,2482,1.848
3,2483,1.858
3,2484,1.451
3,2485,2.215
3,2486,2.046
3,2487,1.792
3,2488,1.742
3,2489,1.518
3,2490,1.617
3,2491,1.877
3,2492,1.604
3,2493,1.446
3,2494,2.547
3,2495,2.732
3,2496,2.715
3,2497,2.983
3,2498,2.386
3,2499,2.379
3,2500,2.643
3,2501,1.789
3,2502,1.910
3,2503,2.018
3,2504,1.580
3,2505,1.528
3,2506,1.706
3,2507,3.140
3,2508,2.826
3,2509,3.004
3,2510,2.316
3,2511,2.367
3,2512,2.218
3,2513,2.143
3,2514,2.329
3,2515,2.729
3,2516,2.313
3,2517,2.342
3,2518,2.318
3,2519,2.322
3,2520,2.123
3,2521,2.324
3,2522,1.897
3,2523,2.089
3,2524,2.173
3,2525,2.553
3,2526,2.065
3,2527,1.984
3,2528,2.596
3,2529,1.911
3,2530,1.858
3,2531,2.112
3,2532,1.865
3,2533,2.101
3,2534,2.061
3,2535,1.958
3,2536,2.223
3,2537,2.465
3,2538,2.159
3,2539,2.721
3,2540,2.734
3,2541,2.920
3,2542,2.995
3,2543,2.858
3,2544,3.153
3,2545,2.944
3,2546,2.573
3,2547,2.445
3,2548,2.379
3,2549,2.375
3,2550,2.446
3,2551,1.972
3,2552,1.958
3,2553,1.917
3,2554,2.084
3,2555,1.816
3,2556,1.494
3,2557,1.813
3,2558,1.727
3,2559,1.489
3,2560,1.592
3,2561,1.950
3,2562,2.788
3,2563,2.191
3,2564,2.603
3,2565,2.093
3,2566,1.844
3,2567,2.060
3,2568,2.125
3,2569,2.285
3,2570,2.854
3,2571,2.319
3,2572,2.344
3,2573,2.547
3,2574,2.222
3,2575,1.773
3,2576,2.279
3,2577,2.282
3,2578,2.630
3,2579,2.261
3,2580,2.300
3,2581,2.088
3,2582,2.329
3,2583,2.573
3,2584,2.483
3,2585,2.462
3,2586,3.120
3,2587,2.443
3,2588,2.393
3,2589,2.525
3,2590,2.592
3,2591,2.265
3,2592,1.974
3,2593,2.186
3,2594,2.145
3,2595,1.951
3,2596,2.198
3,2597,3.240
3,2598,2.358
3,2599,2.031
3,2600,1.924
3,2601,2.399
3,2602,2.073
3,2603,2.522
3,2604,2.406
3,2605,2.154
3,2606,2.248
3,2607,2.420
3,2608,2.228
3,2609,2.700
3,2610,2.238
3,2611,2.032
3,2612,2.138
3,2613,1.849
3,2614,1.759
3,2615,1.996
3,2616,2.118
3,2617,2.476
3,2618,2.097
3,2619,2.108
3,2620,2.000
3,2621,1.994
3,2622,2.098
3,2623,1.886
3,2624,1.950
3,2625,2.783
3,2626,2.859
3,2627,2.427
3,2628,2.647
3,2629,2.831
3,2630,2.756
3,2631,2.412
3,2632,2.323
3,2633,2.709
3,2634,2.365
3,2635,1.979
3,2636,2.086
3,2637,2.395
3,2638,2.305
3,2639,2.290
3,2640,2.155
3,2641,2.512
3,2642,2.417
3,2643,2.201
3,2644,2.669
3,2645,2.376
3,2646,2.277
3,2647,2.270
3,2648,2.664
3,2649,2.267
3,2650,2.720
3,2651,2.772
3,2652,2.445
3,2653,2.329
3,2654,2.308
3,2655,2.357
3,2656,1.804
3,2657,2.140
3,2658,2.139
3,2659,2.042
3,2660,2.098
3,2661,1.926
3,2662,1.779
3,2663,1.798
3,2664,2.947
3,2665,1.983
3,2666,1.761
3,2667,2.077
3,2668,2.039
3,2669,1.996
3,2670,2.215
3,2671,2.103
3,2672,3.037
3,2673,2.837
3,2674,2.268
3,2675,1.803
3,2676,1.990
3,2677,2.163
3,2678,2.117
3,2679,2.245
3,2680,2.893
3,2681,2.187
3,2682,2.252
3,2683,2.302
3,2684,2.012
3,2685,2.165
3,2686,2.668
3,2687,2.328
3,2688,2.568
3,2689,2.470
3,2690,2.195
3,2691,2.447
3,2692,2.528
3,2693,3.562
3,2694,3.053
3,2695,2.895
3,2696,2.742
3,2697,2.460
3,2698,2.632
3,2699,2.711
3,2700,2.794
3,2701,3.057
3,2702,2.665
3,2703,2.048
3,2704,2.627
3,2705,2.600
3,2706,2.290
3,2707,2.442
3,2708,2.353
3,2709,2.587
3,2710,2.507
3,2711,2.565
3,2712,2.513
3,2713,2.800
3,2714,2.275
3,2715,2.294
3,2716,2.745
3,2717,2.460
3,2718,2.447
3,2719,2.222
3,2720,2.166
3,2721,2.411
3,2722,2.476
3,2723,2.858
3,2724,3.315
3,2725,3.050
3,2726,2.694
3,2727,2.743
3,2728,3.050
3,2729,3.897
3,2730,3.171
3,2731,2.824
3,2732,4.107
3,2733,3.957
3,2734,3.124
3,2735,2.353
3,2736,2.744
3,2737,2.629
3,2738,2.433
3,2739,2.500
3,2740,2.382
3,2741,2.555
3,2742,2.576
3,2743,2.342
3,2744,2.370
3,2745,2.616
3,2746,2.648
3,2747,2.356
3,2748,2.749
3,2749,2.348
3,2750,2.733
3,2751,2.336
3,2752,2.608
3,2753,3.237
3,2754,2.616
3,2755,3.056
3,2756,2.555
3,2757,2.888
3,2758,2.840
3,2759,2.732
3,2760,2.902
3,2761,3.526
3,2762,2.876
3,2763,3.289
3,2764,2.720
3,2765,3.025
3,2766,2.736
3,2767,3.666
3,2768,3.145
3,2769,2.870
3,2770,2.718
3,2771,2.641
3,2772,2.746
3,2773,2.935
3,2774,3.115
3,2775,2.513
3,2776,2.209
3,2777,2.617
3,2778,3.412
3,2779,3.717
3,2780,2.908
3,2781,2.919
3,2782,3.046
3,2783,2.743
3,2784,2.572
3,2785,3.192
3,2786,2.752
3,2787,2.496
3,2788,2.518
3,2789,2.601
3,2790,2.501
3,2791,2.650
3,2792,3.210
3,2793,2.144
3,2794,1.968
3,2795,2.230
3,2796,2.095
3,2797,2.249
3,2798,2.736
3,2799,2.943
3,2800,3.326
3,2801,2.658
3,2802,2.679
3,2803,3.085
3,2804,4.122
3,2805,2.707
3,2806,2.734
3,2807,2.532
3,2808,2.261
3,2809,2.422
3,2810,2.850
3,2811,2.683
3,2812,2.576
3,2813,2.861
3,2814,2.549
3,2815,3.034
3,2816,2.791
3,2817,2.913
3,2818,2.700
3,2819,2.606
3,2820,2.434
3,2821,2.803
3,2822,2.938
3,2823,2.254
3,2824,2.021
3,2825,2.000
3,2826,2.753
3,2827,2.018
3,2828,1.981
3,2829,2.430
3,2830,2.198
3,2831,2.222
3,2832,2.066
3,2833,1.992
3,2834,2.140
3,2835,2.125
3,2836,2.296
3,2837,1.979
3,2838,1.756
3,2839,2.359
3,2840,2.039
3,2841,1.998
3,2842,2.045
3,2843,1.787
3,2844,1.816
3,2845,2.098
3,2846,1.847
3,2847,1.745
3,2848,1.560
3,2849,1.528
3,2850,1.607
3,2851,1.454
3,2852,1.586
3,2853,1.664
3,2854,1.806
3,2855,7.100
3,2856,2.107
3,2857,1.832
3,2858,1.709
3,2859,2.588
3,2860,1.846
3,2861,1.414
3,2862,1.415
3,2863,1.790
3,2864,1.576
3,2865,1.585
3,2866,1.555
3,2867,1.742
3,2868,1.635
3,2869,2.588
3,2870,2.070
3,2871,1.854
3,2872,1.649
3,2873,1.441
3,2874,1.509
3,2875,1.692
3,2876,1.501
3,2877,1.707
3,2878,2.079
3,2879,2.643
3,2880,2.253
3,2881,2.346
3,2882,2.486
3,2883,1.989
3,2884,2.140
3,2885,2.691
3,2886,3.179
3,2887,3.355
3,2888,2.635
3,2889,2.633
3,2890,3.160
3,2891,2.586
3,2892,2.744
3,2893,2.376
3,2894,1.838
3,2895,2.010
3,2896,2.066
3,2897,2.368
3,2898,2.118
3,2899,1.822
3,2900,1.853
3,2901,2.001
3,2902,2.728
3,2903,1.874
3,2904,1.870
3,2905,2.104
3,2906,1.688
3,2907,1.597
3,2908,1.511
3,2909,1.474
3,2910,1.404
3,2911,1.417
3,2912,1.784
3,2913,1.629
3,2914,2.331
3,2915,1.939
3,2916,1.577
3,2917,2.282
3,2918,2.004
3,2919,1.902
3,2920,2.232
3,2921,2.140
3,2922,2.304
3,2923,2.152
3,2924,1.977
3,2925,1.657
3,2926,1.613
3,2927,1.858
3,2928,2.026
3,2929,1.760
3,2930,2.066
3,2931,2.186
3,2932,2.161
3,2933,2.051
3,2934,2.255
3,2935,1.868
3,2936,1.516
3,2937,1.558
3,2938,2.066
3,2939,2.664
3,2940,2.206
3,2941,2.482
3,2942,2.411
3,2943,2.665
3,2944,2.743
3,2945,2.558
3,2946,2.484
3,2947,2.338
3,2948,1.984
3,2949,1.909
3,2950,2.236
3,2951,2.429
3,2952,2.048
3,2953,1.919
3,2954,1.836
3,2955,1.463
3,2956,1.508
3,2957,1.741
3,2958,1.603
3,2959,1.421
3,2960,1.346
3,2961,2.314
3,2962,1.885
3,2963,1.883
3,2964,2.054
3,2965,1.830
3,2966,1.712
3,2967,1.502
3,2968,1.858
3,2969,2.445
3,2970,1.995
3,2971,1.640
3,2972,1.688
3,2973,1.912
3,2974,1.699
3,2975,1.421
3,2976,1.419
3,2977,1.530
3,2978,1.531
3,2979,2.488
3,2980,2.239
3,2981,1.886
3,2982,1.772
3,2983,1.983
3,2984,1.743
3,2985,1.780
3,2986,1.501
3,2987,1.518
3,2988,2.945
3,2989,2.062
3,2990,1.954
3,2991,2.196
3,2992,2.384
3,2993,2.111
3,2994,2.663
3,2995,2.224
3,2996,1.743
3,2997,1.639
3,2998,1.739
3,2999,1.615
3,3000,1.696
3,3001,1.728
3,3002,1.524
3,3003,1.483
3,3004,1.792
3,3005,2.298
3,3006,1.998
3,3007,1.498
3,3008,1.349
3,3009,1.391
3,3010,1.535
3,3011,1.439
3,3012,1.837
3,3013,1.447
3,3014,1.786
3,3015,1.743
3,3016,1.662
3,3017,1.544
3,3018,1.872
3,3019,4.324
3,3020,2.124
3,3021,3.025
3,3022,1.866
3,3023,1.515
3,3024,1.980
3,3025,1.829
3,3026,1.582
3,3027,1.679
3,3028,1.752
3,3029,1.544
3,3030,2.028
3,3031,1.706
3,3032,1.829
3,3033,1.718
3,3034,1.448
3,3035,1.321
3,3036,1.466
3,3037,1.617
3,3038,1.462
3,3039,1.682
3,3040,2.212
3,3041,2.652
3,3042,2.163
3,3043,1.907
3,3044,2.263
3,3045,2.264
3,3046,2.873
3,3047,3.077
3,3048,2.356
3,3049,2.157
3,3050,2.205
3,3051,1.978
3,3052,1.884
3,3053,2.296
3,3054,2.278
3,3055,2.020
3,3056,2.555
3,3057,2.104
3,3058,1.648
3,3059,2.085
3,3060,2.148
3,3061,2.157
3,3062,1.899
3,3063,1.810
3,3064,1.640
3,3065,2.396
3,3066,1.941
3,3067,1.919
3,3068,1.598
3,3069,1.818
3,3070,2.165
3,3071,1.853
3,3072,2.013
3,3073,1.848
3,3074,2.084
3,3075,1.646
3,3076,1.565
3,3077,1.752
3,3078,2.199
3,3079,1.590
3,3080,1.367
3,3081,1.640
3,3082,1.861
3,3083,1.802
3,3084,1.840
3,3085,1.630
3,3086,1.728
3,3087,1.946
3,3088,2.117
3,3089,1.966
3,3090,1.893
3,3091,1.711
3,3092,1.897
3,3093,2.203
3,3094,1.838
3,3095,2.861
3,3096,2.424
3,3097,2.182
3,3098,2.608
3,3099,2.178
3,3100,1.676
3,3101,1.759
3,3102,2.331
3,3103,2.203
3,3104,1.584
3,3105,1.432
3,3106,1.622
3,3107,1.725
3,3108,1.638
3,3109,1.729
3,3110,1.770
3,3111,2.274
3,3112,1.805
3,3113,1.702
3,3114,1.781
3,3115,1.753
3,3116,1.485
3,3117,1.463
3,3118,1.856
3,3119,1.816
3,3120,1.967
3,3121,2.342
3,3122,2.075
3,3123,1.634
3,3124,1.528
3,3125,2.108
3,3126,1.906
3,3127,1.606
3,3128,1.678
3,3129,2.039
3,3130,2.073
3,3131,1.716
3,3132,1.469
3,3133,1.656
3,3134,1.688
3,3135,1.577
3,3136,1.554
3,3137,2.040
3,3138,2.019
3,3139,1.537
3,3140,1.730
3,3141,1.760
3,3142,1.858
3,3143,1.626
3,3144,1.396
3,3145,1.648
3,3146,2.070
3,3147,1.782
3,3148,1.637
3,3149,1.893
3,3150,2.144
3,3151,1.749
3,3152,1.776
3,3153,2.232
3,3154,1.762
3,3155,2.952
3,3156,2.199
3,3157,1.854
3,3158,1.734
3,3159,1.974
3,3160,1.711
3,3161,1.510
3,3162,1.529
3,3163,2.296
3,3164,2.289
3,3165,1.628
3,3166,1.443
3,3167,1.934
3,3168,1.964
3,3169,2.182
3,3170,1.717
3,3171,1.917
3,3172,2.125
3,3173,1.774
3,3174,2.049
3,3175,2.044
3,3176,1.721
3,3177,1.498
3,3178,2.084
3,3179,2.018
3,3180,2.234
3,3181,1.835
3,3182,1.892
3,3183,1.684
3,3184,1.490
3,3185,1.765
3,3186,1.806
3,3187,1.784
3,3188,1.466
3,3189,2.085
3,3190,2.415
3,3191,1.702
3,3192,1.424
3,3193,1.588
3,3194,1.699
3,3195,1.523
3,3196,1.621
3,3197,1.883
3,3198,3.228
3,3199,2.917
3,3200,2.522
3,3201,2.140
3,3202,2.159
3,3203,2.514
3,3204,3.073
3,3205,2.530
3,3206,2.664
3,3207,4.499
3,3208,2.315
3,3209,1.842
3,3210,2.343
3,3211,2.317
3,3212,2.079
3,3213,1.945
3,3214,2.014
3,3215,1.952
3,3216,1.810
3,3217,2.590
3,3218,2.600
3,3219,2.096
3,3220,2.406
3,3221,2.341
3,3222,2.210
3,3223,2.893
3,3224,2.899
3,3225,3.704
3,3226,1.935
3,3227,1.494
3,3228,1.475
3,3229,1.679
3,3230,1.930
3,3231,1.801
3,3232,1.756
3,3233,2.291
3,3234,2.102
3,3235,1.744
3,3236,1.906
3,3237,1.644
3,3238,1.463
3,3239,2.128
3,3240,2.284
3,3241,1.909
3,3242,1.565
3,3243,1.882
3,3244,1.932
3,3245,1.730
3,3246,1.762
3,3247,1.910
3,3248,2.230
3,3249,1.937
3,3250,1.588
3,3251,2.160
3,3252,2.278
3,3253,1.616
3,3254,1.619
3,3255,1.772
3,3256,1.922
3,3257,1.680
3,3258,1.523
3,3259,1.680
3,3260,1.638
3,3261,1.529
3,3262,2.002
3,3263,1.924
3,3264,1.603
3,3265,1.729
3,3266,1.933
3,3267,1.932
3,3268,1.867
3,3269,1.469
3,3270,1.420
3,3271,1.683
3,3272,2.068
3,3273,1.555
3,3274,2.027
3,3275,2.178
3,3276,1.818
3,3277,1.591
3,3278,1.698
3,3279,2.253
3,3280,1.728
3,3281,1.737
3,3282,1.962
3,3283,2.906
3,3284,2.441
3,3285,2.196
3,3286,1.922
3,3287,1.828
3,3288,1.980
3,3289,2.737
3,3290,1.749
3,3291,1.725
3,3292,1.851
3,3293,1.704
3,3294,1.697
3,3295,1.553
3,3296,1.531
3,3297,1.565
3,3298,1.646
3,3299,2.580
3,3300,2.342
3,3301,1.981
3,3302,1.688
3,3303,2.086
3,3304,2.365
3,3305,2.024
3,3306,2.012
3,3307,2.610
3,3308,1.947
3,3309,2.105
3,3310,1.938
3,3311,1.807
3,3312,1.731
3,3313,2.143
3,3314,2.264
3,3315,2.150
3,3316,2.248
3,3317,2.043
3,3318,1.906
3,3319,2.093
3,3320,2.055
3,3321,1.774
3,3322,2.878
3,3323,2.297
3,3324,2.505
3,3325,2.251
3,3326,2.078
3,3327,2.422
3,3328,2.133
3,3329,2.973
3,3330,2.275
3,3331,2.017
3,3332,2.682
3,3333,1.895
3,3334,1.810
3,3335,2.470
3,3336,2.245
3,3337,1.994
3,3338,2.163
3,3339,2.007
3,3340,2.261
3,3341,2.336
3,3342,2.038
3,3343,2.433
3,3344,2.665
3,3345,2.307
3,3346,2.240
3,3347,2.308
3,3348,2.643
3,3349,2.961
3,3350,2.563
3,3351,2.470
3,3352,2.398
3,3353,2.424
3,3354,2.325
3,3355,2.606
3,3356,2.468
3,3357,2.491
3,3358,2.453
3,3359,2.172
3,3360,2.192
3,3361,2.297
3,3362,3.237
3,3363,2.469
3,3364,2.640
3,3365,2.411
3,3366,2.501
3,3367,2.518
3,3368,2.727
3,3369,3.532
3,3370,2.445
3,3371,2.503
3,3372,2.523
3,3373,2.413
3,3374,2.958
3,3375,2.868
3,3376,3.350
3,3377,2.502
3,3378,2.269
3,3379,2.337
3,3380,3.290
3,3381,2.468
3,3382,2.731
3,3383,3.240
3,3384,2.729
3,3385,2.787
3,3386,2.561
3,3387,3.172
3,3388,2.557
3,3389,2.900
3,3390,3.008
3,3391,2.895
3,3392,2.556
3,3393,2.532
3,3394,2.816
3,3395,2.679
3,3396,2.513
3,3397,2.644
3,3398,2.223
3,3399,2.296
3,3400,2.383
3,3401,2.585
3,3402,2.763
3,3403,3.227
3,3404,3.421
3,3405,2.820
3,3406,2.746
3,3407,2.528
3,3408,2.769
3,3409,2.636
3,3410,2.571
3,3411,2.512
3,3412,2.927
3,3413,2.816
3,3414,2.726
3,3415,3.298
3,3416,2.496
3,3417,2.692
3,3418,2.335
3,3419,2.234
3,3420,2.846
3,3421,2.711
3,3422,3.076
3,3423,2.607
3,3424,2.805
3,3425,2.704
3,3426,2.847
3,3427,2.562
3,3428,2.457
3,3429,2.551
3,3430,2.114
3,3431,2.414
3,3432,2.522
3,3433,2.523
3,3434,2.458
3,3435,2.343
3,3436,2.961
3,3437,2.661
3,3438,2.631
3,3439,2.820
3,3440,2.372
3,3441,1.969
3,3442,2.053
3,3443,2.154
3,3444,1.903
3,3445,2.257
3,3446,2.524
3,3447,2.608
3,3448,2.654
3,3449,2.289
3,3450,1.974
3,3451,2.836
3,3452,2.281
3,3453,2.381
3,3454,1.993
3,3455,1.591
3,3456,1.562
3,3457,1.632
3,3458,1.890
3,3459,1.665
3,3460,1.823
3,3461,3.260
3,3462,2.154
3,3463,1.835
3,3464,1.918
3,3465,1.968
3,3466,1.844
3,3467,1.659
3,3468,2.842
3,3469,2.759
3,3470,2.335
3,3471,2.516
3,3472,2.285
3,3473,1.902
3,3474,2.115
3,3475,2.360
3,3476,2.084
3,3477,3.236
3,3478,1.954
3,3479,1.619
3,3480,1.960
3,3481,2.115
3,3482,2.502
3,3483,2.190
3,3484,2.271
3,3485,2.310
3,3486,2.139
3,3487,2.267
3,3488,2.088
3,3489,2.309
3,3490,2.424
3,3491,1.949
3,3492,1.632
3,3493,2.194
3,3494,1.711
3,3495,1.587
3,3496,1.659
3,3497,2.271
3,3498,1.890
3,3499,1.652
3,3500,1.657
3,3501,1.961
3,3502,1.689
3,3503,1.676
3,3504,1.545
3,3505,1.773
3,3506,1.941
3,3507,1.740
3,3508,1.640
3,3509,1.676
3,3510,1.726
3,3511,1.648
3,3512,1.660
3,3513,2.140
3,3514,1.665
3,3515,1.981
3,3516,2.288
3,3517,2.229
3,3518,1.764
3,3519,1.631
3,3520,1.576
3,3521,1.550
3,3522,1.804
3,3523,1.530
3,3524,1.896
3,3525,1.663
3,3526,1.408
3,3527,1.391
3,3528,1.577
3,3529,1.698
3,3530,1.695
3,3531,1.457
3,3532,1.448
3,3533,1.898
3,3534,1.806
3,3535,1.740
3,3536,1.735
3,3537,1.585
3,3538,1.444
3,3539,1.538
3,3540,1.553
3,3541,1.588
3,3542,1.667
3,3543,1.701
3,3544,2.336
3,3545,2.040
3,3546,1.814
3,3547,2.021
3,3548,1.751
3,3549,1.631
3,3550,1.478
3,3551,1.519
3,3552,1.450
3,3553,1.880
3,3554,2.022
3,3555,1.482
3,3556,1.345
3,3557,1.739
3,3558,1.596
3,3559,1.706
3,3560,1.624
3,3561,1.589
3,3562,1.636
3,3563,1.673
3,3564,1.519
3,3565,1.947
3,3566,1.805
3,3567,1.483
3,3568,1.420
3,3569,1.804
3,3570,1.760
3,3571,1.531
3,3572,2.569
3,3573,2.272
3,3574,2.055
3,3575,1.987
3,3576,2.164
3,3577,1.835
3,3578,1.594
3,3579,1.501
3,3580,1.849
3,3581,2.344
3,3582,1.806
3,3583,1.763
3,3584,1.736
3,3585,1.621
3,3586,1.603
3,3587,1.945
3,3588,1.973
3,3589,2.483
3,3590,1.822
3,3591,1.705
3,3592,1.746
3,3593,1.558
3,3594,1.723
3,3595,1.441
3,3596,1.711
3,3597,1.672
3,3598,2.454
3,3599,2.070
3,3600,1.768
3,3601,1.528
3,3602,1.511
3,3603,1.936
3,3604,2.018
3,3605,1.598
3,3606,1.473
3,3607,2.167
3,3608,1.747
3,3609,1.645
3,3610,1.530
3,3611,1.532
3,3612,1.512
3,3613,1.462
3,3614,1.673
3,3615,1.669
3,3616,1.919
3,3617,1.780
3,3618,1.513
3,3619,1.482
3,3620,1.768
3,3621,1.690
3,3622,1.584
3,3623,1.367
3,3624,1.448
3,3625,2.005
3,3626,1.844
3,3627,1.725
3,3628,1.847
3,3629,1.901
3,3630,1.653
3,3631,1.956
3,3632,2.221
3,3633,1.875
3,3634,2.614
3,3635,2.894
3,3636,2.220
3,3637,1.817
3,3638,1.982
3,3639,1.815
3,3640,2.164
3,3641,2.327
3,3642,3.047
3,3643,2.229
3,3644,2.646
3,3645,2.531
3,3646,2.318
3,3647,2.465
3,3648,2.846
3,3649,2.610
3,3650,2.384
3,3651,2.103
3,3652,1.915
3,3653,2.002
3,3654,2.724
3,3655,2.246
3,3656,1.773
3,3657,1.915
3,3658,1.574
3,3659,1.754
3,3660,1.742
3,3661,1.438
3,3662,1.348
3,3663,1.767
3,3664,2.042
3,3665,2.009
3,3666,1.813
3,3667,1.808
3,3668,1.975
3,3669,1.789
3,3670,1.579
3,3671,1.965
3,3672,2.054
3,3673,1.617
3,3674,1.683
3,3675,1.700
3,3676,1.747
3,3677,2.304
3,3678,1.687
3,3679,1.729
3,3680,2.342
3,3681,3.854
3,3682,2.702
3,3683,2.036
3,3684,2.245
3,3685,3.328
3,3686,2.545
3,3687,2.467
3,3688,2.075
3,3689,1.789
3,3690,1.556
3,3691,1.580
3,3692,1.562
3,3693,1.932
3,3694,1.849
3,3695,1.902
3,3696,1.485
3,3697,1.337
3,3698,1.438
3,3699,1.739
3,3700,1.611
3,3701,1.780
3,3702,1.761
3,3703,3.440
3,3704,1.950
3,3705,2.008
3,3706,1.945
3,3707,1.682
3,3708,1.501
3,3709,1.552
3,3710,1.670
3,3711,1.763
3,3712,1.949
3,3713,1.872
3,3714,1.881
3,3715,1.576
3,3716,1.510
3,3717,1.531
3,3718,1.573
3,3719,1.464
3,3720,1.376
3,3721,1.960
3,3722,2.875
3,3723,2.062
3,3724,1.448
3,3725,1.341
3,3726,1.680
3,3727,1.610
3,3728,1.541
3,3729,1.604
3,3730,2.269
3,3731,2.037
3,3732,1.906
3,3733,2.043
3,3734,1.824
3,3735,1.643
3,3736,1.527
3,3737,1.603
3,3738,1.831
3,3739,2.305
3,3740,1.763
3,3741,1.608
3,3742,2.029
3,3743,1.590
3,3744,1.561
3,3745,1.870
3,3746,1.683
3,3747,1.435
3,3748,2.089
3,3749,1.726
3,3750,1.591
3,3751,1.671
3,3752,1.771
3,3753,1.523
3,3754,1.628
3,3755,1.617
3,3756,1.518
3,3757,1.812
3,3758,2.194
3,3759,1.738
3,3760,1.499
3,3761,1.558
3,3762,2.335
3,3763,2.186
3,3764,1.619
3,3765,1.614
3,3766,2.008
3,3767,2.271
3,3768,2.304
3,3769,2.110
3,3770,2.058
3,3771,2.463
3,3772,2.330
3,3773,2.402
3,3774,2.608
3,3775,4.644
3,3776,3.430
3,3777,3.053
3,3778,2.817
3,3779,2.662
3,3780,2.435
3,3781,2.697
3,3782,3.001
3,3783,2.815
3,3784,3.086
3,3785,2.617
3,3786,2.909
3,3787,2.514
3,3788,2.489
3,3789,4.691
3,3790,3.284
3,3791,2.743
3,3792,2.603
3,3793,3.206
3,3794,2.517
3,3795,2.265
3,3796,2.274
3,3797,2.339
3,3798,2.002
3,3799,2.081
3,3800,2.424
3,3801,2.137
3,3802,2.366
3,3803,1.949
3,3804,1.589
3,3805,1.783
3,3806,1.728
3,3807,1.450
3,3808,1.393
3,3809,1.439
3,3810,1.901
3,3811,2.008
3,3812,1.979
3,3813,2.490
3,3814,2.302
3,3815,2.581
3,3816,2.625
3,3817,2.335
3,3818,2.012
3,3819,2.014
3,3820,1.668
3,3821,1.742
3,3822,1.556
3,3823,1.678
3,3824,2.113
3,3825,1.851
3,3826,2.252
3,3827,1.915
3,3828,1.541
3,3829,1.384
3,3830,1.530
3,3831,1.586
3,3832,1.632
3,3833,1.468
3,3834,1.669
3,3835,1.873
3,3836,1.731
3,3837,1.595
3,3838,1.719
3,3839,1.678
3,3840,1.516
3,3841,1.413
3,3842,1.494
3,3843,1.521
3,3844,1.679
3,3845,2.208
3,3846,1.573
3,3847,1.414
3,3848,1.761
3,3849,1.610
3,3850,1.502
3,3851,1.733
3,3852,1.888
3,3853,1.691
3,3854,2.011
3,3855,3.257
3,3856,2.292
3,3857,1.731
3,3858,1.516
3,3859,1.869
3,3860,1.718
3,3861,1.719
3,3862,1.602
3,3863,2.270
3,3864,2.872
3,3865,2.074
3,3866,1.983
3,3867,1.742
3,3868,1.495
3,3869,1.522
3,3870,1.920
3,3871,1.997
3,3872,1.614
3,3873,1.726
3,3874,1.734
3,3875,1.892
3,3876,1.971
3,3877,2.124
3,3878,2.542
3,3879,2.365
3,3880,2.189
3,3881,2.468
3,3882,2.016
3,3883,1.590
3,3884,1.761
3,3885,1.669
3,3886,1.759
3,3887,2.174
3,3888,1.962
3,3889,1.632
3,3890,1.549
3,3891,1.639
3,3892,2.352
3,3893,1.633
3,3894,1.348
3,3895,1.591
3,3896,2.636
3,3897,1.958
3,3898,1.500
3,3899,1.560
3,3900,1.733
3,3901,1.628
3,3902,1.756
3,3903,1.711
3,3904,2.023
3,3905,2.081
3,3906,1.754
3,3907,1.850
3,3908,2.131
3,3909,1.700
3,3910,1.598
3,3911,1.794
3,3912,2.157
3,3913,1.888
3,3914,2.235
3,3915,1.936
3,3916,1.457
3,3917,1.426
3,3918,1.533
3,3919,1.694
3,3920,1.921
3,3921,1.525
3,3922,2.563
3,3923,1.902
3,3924,1.667
3,3925,1.692
3,3926,1.833
3,3927,1.607
3,3928,1.575
3,3929,1.576
3,3930,1.686
3,3931,3.009
3,3932,2.795
3,3933,2.527
3,3934,2.733
3,3935,2.438
3,3936,2.360
3,3937,2.327
3,3938,2.553
3,3939,2.785
3,3940,2.075
3,3941,2.190
3,3942,2.358
3,3943,2.230
3,3944,2.256
3,3945,2.454
3,3946,2.042
3,3947,2.624
3,3948,2.171
3,3949,2.005
3,3950,2.223
3,3951,2.679
3,3952,2.367
3,3953,2.277
3,3954,2.396
3,3955,3.244
3,3956,2.399
3,3957,2.611
3,3958,2.404
3,3959,2.532
3,3960,2.133
3,3961,1.954
3,3962,2.537
3,3963,2.217
3,3964,2.432
3,3965,2.219
3,3966,2.012
3,3967,2.099
3,3968,2.307
3,3969,2.137
3,3970,2.252
3,3971,2.815
3,3972,2.226
3,3973,2.156
3,3974,2.271
3,3975,2.305
3,3976,2.181
3,3977,2.806
3,3978,2.740
3,3979,2.291
3,3980,2.412
3,3981,2.226
3,3982,2.198
3,3983,2.221
3,3984,2.273
3,3985,2.447
3,3986,2.685
3,3987,2.109
3,3988,2.347
3,3989,2.312
3,3990,2.131
3,3991,3.215
3,3992,2.542
3,3993,2.620
3,3994,3.709
3,3995,2.604
3,3996,2.379
3,3997,3.066
3,3998,2.219
3,3999,2.676
3,4000,2.550
3,4001,2.309
3,4002,2.215
3,4003,2.448
3,4004,2.413
3,4005,2.365
3,4006,2.107
3,4007,1.936
3,4008,2.788
3,4009,2.208
3,4010,2.303
3,4011,2.335
3,4012,2.348
3,4013,2.121
3,4014,2.357
3,4015,2.265
3,4016,2.623
3,4017,2.538
3,4018,2.655
3,4019,2.299
3,4020,2.275
3,4021,2.110
3,4022,2.188
3,4023,2.633
3,4024,2.941
3,4025,2.325
3,4026,2.396
3,4027,1.887
3,4028,1.644
3,4029,2.123
3,4030,1.999
3,4031,2.238
3,4032,2.383
3,4033,2.421
3,4034,2.219
3,4035,2.483
3,4036,2.208
3,4037,1.896
3,4038,2.323
3,4039,2.400
3,4040,2.227
3,4041,2.079
3,4042,2.051
3,4043,1.878
3,4044,2.042
3,4045,2.347
3,4046,2.012
3,4047,1.886
3,4048,1.954
3,4049,1.988
3,4050,2.052
3,4051,1.779
3,4052,1.840
3,4053,1.789
3,4054,2.022
3,4055,2.143
3,4056,2.187
3,4057,1.449
3,4058,1.496
3,4059,1.741
3,4060,1.706
3,4061,1.722
3,4062,1.686
3,4063,2.734
3,4064,2.041
3,4065,2.248
3,4066,1.991
3,4067,1.730
3,4068,1.433
3,4069,1.458
3,4070,1.616
3,4071,2.371
3,4072,2.171
3,4073,1.837
3,4074,3.082
3,4075,2.235
3,4076,2.139
3,4077,2.007
3,4078,2.933
3,4079,2.247
3,4080,2.255
3,4081,2.376
3,4082,1.874
3,4083,2.129
3,4084,2.006
3,4085,2.160
3,4086,2.415
3,4087,1.913
3,4088,1.651
3,4089,2.291
3,4090,2.264
3,4091,1.705
3,4092,1.854
3,4093,2.315
3,4094,2.147
3,4095,1.638
3,4096,1.503
3,4097,1.447
3,4098,1.453
3,4099,1.429
3,4100,1.787
3,4101,1.608
3,4102,1.355
3,4103,1.501
3,4104,1.762
3,4105,1.942
3,4106,2.030
3,4107,2.101
3,4108,2.018
3,4109,2.201
3,4110,2.074
3,4111,2.190
3,4112,2.276
3,4113,1.858
3,4114,1.801
3,4115,1.925
3,4116,2.207
3,4117,1.779
3,4118,1.645
3,4119,2.684
3,4120,2.411
3,4121,2.091
3,4122,1.857
3,4123,1.563
3,4124,1.488
3,4125,1.491
3,4126,1.580
3,4127,1.708
3,4128,1.842
3,4129,1.641
3,4130,1.591
3,4131,1.643
3,4132,1.480
3,4133,1.552
3,4134,1.490
3,4135,1.481
3,4136,1.473
3,4137,1.538
3,4138,1.405
3,4139,3.137
3,4140,1.764
3,4141,1.583
3,4142,1.702
3,4143,1.743
3,4144,1.885
3,4145,1.570
3,4146,1.473
3,4147,1.638
3,4148,1.857
3,4149,2.248
3,4150,1.885
3,4151,1.718
3,4152,1.476
3,4153,1.338
3,4154,1.479
3,4155,1.619
3,4156,1.665
3,4157,2.093
3,4158,1.995
3,4159,2.384
3,4160,1.533
3,4161,1.442
3,4162,1.684
3,4163,1.561
3,4164,1.376
3,4165,1.451
3,4166,1.466
3,4167,1.865
3,4168,2.304
3,4169,2.631
3,4170,1.830
3,4171,1.746
3,4172,1.954
3,4173,1.791
3,4174,1.968
3,4175,2.132
3,4176,1.857
3,4177,1.965
3,4178,2.741
3,4179,1.925
3,4180,1.986
3,4181,1.874
3,4182,1.988
3,4183,2.041
3,4184,1.633
3,4185,1.563
3,4186,1.442
3,4187,1.734
3,4188,1.382
3,4189,1.578
3,4190,1.400
3,4191,1.320
3,4192,1.544
3,4193,1.678
3,4194,1.582
3,4195,1.514
3,4196,1.622
3,4197,1.519
3,4198,2.037
3,4199,1.688
3,4200,1.531
3,4201,2.014
3,4202,2.231
3,4203,2.065
3,4204,1.980
3,4205,2.098
3,4206,2.000
3,4207,1.866
3,4208,1.370
3,4209,1.910
3,4210,2.145
3,4211,1.665
3,4212,1.753
3,4213,1.552
3,4214,1.365
3,4215,1.324
3,4216,1.430
3,4217,1.461
3,4218,1.800
3,4219,1.840
3,4220,1.846
3,4221,1.805
3,4222,1.708
3,4223,1.444
3,4224,1.537
3,4225,1.549
3,4226,1.630
3,4227,1.664
3,4228,9.333
3,4229,2.759
3,4230,2.024
3,4231,1.928
3,4232,2.869
3,4233,2.779
3,4234,2.200
3,4235,2.559
3,4236,2.176
3,4237,1.989
3,4238,2.396
3,4239,2.387
3,4240,2.319
3,4241,2.692
3,4242,2.521
3,4243,2.398
3,4244,2.334
3,4245,2.463
3,4246,2.384
3,4247,2.868
3,4248,2.546
3,4249,2.284
3,4250,2.252
3,4251,2.895
3,4252,2.682
3,4253,1.982
3,4254,2.008
3,4255,2.126
3,4256,2.681
3,4257,1.777
3,4258,2.750
3,4259,2.724
3,4260,2.580
3,4261,2.700
3,4262,2.569
3,4263,2.788
3,4264,2.798
3,4265,2.285
3,4266,2.118
3,4267,2.543
3,4268,1.906
3,4269,1.697
3,4270,1.736
3,4271,2.501
3,4272,2.441
3,4273,2.091
3,4274,1.660
3,4275,1.516
3,4276,1.596
3,4277,1.730
3,4278,2.195
3,4279,1.647
3,4280,2.026
3,4281,1.999
3,4282,1.798
3,4283,1.479
3,4284,1.689
3,4285,1.770
3,4286,1.559
3,4287,1.678
3,4288,1.708
3,4289,2.503
3,4290,2.118
3,4291,1.672
3,4292,1.984
3,4293,1.931
3,4294,2.275
3,4295,1.955
3,4296,2.016
3,4297,2.047
3,4298,1.853
3,4299,2.266
3,4300,1.816
3,4301,1.598
3,4302,1.627
3,4303,1.865
3,4304,1.787
3,4305,2.140
3,4306,2.045
3,4307,1.957
3,4308,1.953
3,4309,1.532
3,4310,1.952
3,4311,1.790
3,4312,1.607
3,4313,2.196
3,4314,2.979
3,4315,2.572
3,4316,2.536
3,4317,2.761
3,4318,2.475
3,4319,2.325
3,4320,2.251
3,4321,2.367
3,4322,2.640
3,4323,2.406
3,4324,2.593
3,4325,2.345
3,4326,2.410
3,4327,2.587
3,4328,2.181
3,4329,1.856
3,4330,1.818
3,4331,2.594
3,4332,2.928
3,4333,2.716
3,4334,2.368
3,4335,2.079
3,4336,1.950
3,4337,2.245
3,4338,2.144
3,4339,1.928
3,4340,3.103
3,4341,2.208
3,4342,1.863
3,4343,1.953
3,4344,1.867
3,4345,1.848
3,4346,2.366
3,4347,2.652
3,4348,2.662
3,4349,2.475
3,4350,1.971
3,4351,1.764
3,4352,1.926
3,4353,1.894
3,4354,2.025
3,4355,1.936
3,4356,1.916
3,4357,2.388
3,4358,2.004
3,4359,2.421
3,4360,2.203
3,4361,2.021
3,4362,2.166
3,4363,3.826
3,4364,2.439
3,4365,1.998
3,4366,1.789
3,4367,1.817
3,4368,1.849
3,4369,1.743
3,4370,1.865
3,4371,2.875
3,4372,2.377
3,4373,2.555
3,4374,2.088
3,4375,2.239
3,4376,2.411
3,4377,2.675
3,4378,2.634
3,4379,2.471
3,4380,2.891
3,4381,2.270
3,4382,2.243
3,4383,2.703
3,4384,2.857
3,4385,2.410
3,4386,2.286
3,4387,2.449
3,4388,2.357
3,4389,2.500
3,4390,3.232
3,4391,3.037
3,4392,2.598
3,4393,2.663
3,4394,3.082
3,4395,2.831
3,4396,2.628
3,4397,2.529
3,4398,2.590
3,4399,2.492
3,4400,2.211
3,4401,3.180
3,4402,2.416
3,4403,2.333
3,4404,2.034
3,4405,1.778
3,4406,1.679
3,4407,1.836
3,4408,1.985
3,4409,2.377
3,4410,2.145
3,4411,2.137
3,4412,1.809
3,4413,1.854
3,4414,1.774
3,4415,1.712
3,4416,1.597
3,4417,1.636
3,4418,1.916
3,4419,1.974
3,4420,1.584
3,4421,1.337
3,4422,1.408
3,4423,1.618
3,4424,1.522
3,4425,1.514
3,4426,1.515
3,4427,1.502
3,4428,1.835
3,4429,2.122
3,4430,1.694
3,4431,2.126
3,4432,1.701
3,4433,1.483
3,4434,1.385
3,4435,1.476
3,4436,1.588
3,4437,1.687
3,4438,1.801
3,4439,1.816
3,4440,1.824
3,4441,1.869
3,4442,1.592
3,4443,1.713
3,4444,2.051
3,4445,1.793
3,4446,1.578
3,4447,1.612
3,4448,1.778
3,4449,2.323
3,4450,1.827
3,4451,1.763
3,4452,1.857
3,4453,1.813
3,4454,1.922
3,4455,1.994
3,4456,1.758
3,4457,1.697
3,4458,1.976
3,4459,2.162
3,4460,1.752
3,4461,1.476
3,4462,1.321
3,4463,1.550
3,4464,1.526
3,4465,1.964
3,4466,1.870
3,4467,1.762
3,4468,2.087
3,4469,1.588
3,4470,1.580
3,4471,1.891
3,4472,1.584
3,4473,1.394
3,4474,1.675
3,4475,3.407
3,4476,3.071
3,4477,2.766
3,4478,2.051
3,4479,1.765
3,4480,1.592
3,4481,2.201
3,4482,2.041
3,4483,1.776
3,4484,1.717
3,4485,2.164
3,4486,1.918
3,4487,1.508
3,4488,1.482
3,4489,1.520
3,4490,1.583
3,4491,1.565
3,4492,1.551
3,4493,1.505
3,4494,1.419
3,4495,1.401
3,4496,1.488
3,4497,1.917
3,4498,1.625
3,4499,1.382
3,4500,1.782
3,4501,1.741
3,4502,1.741
3,4503,1.496
3,4504,1.561
3,4505,1.495
3,4506,1.500
3,4507,1.525
3,4508,2.366
3,4509,1.949
3,4510,2.349
3,4511,1.723
3,4512,1.425
3,4513,1.486
3,4514,1.868
3,4515,2.166
3,4516,1.630
3,4517,1.846
3,4518,2.025
3,4519,1.793
3,4520,1.618
3,4521,1.813
3,4522,1.629
3,4523,1.384
3,4524,1.370
3,4525,1.481
3,4526,1.541
3,4527,1.695
3,4528,2.762
3,4529,2.064
3,4530,1.923
3,4531,1.742
3,4532,1.815
3,4533,1.975
3,4534,1.716
3,4535,1.841
3,4536,2.329
3,4537,2.416
3,4538,1.967
3,4539,1.813
3,4540,2.031
3,4541,1.798
3,4542,2.201
3,4543,2.362
3,4544,2.090
3,4545,1.815
3,4546,2.554
3,4547,2.118
3,4548,1.684
3,4549,3.965
3,4550,2.103
3,4551,2.134
3,4552,1.681
3,4553,1.702
3,4554,2.413
3,4555,1.827
3,4556,1.865
3,4557,1.927
3,4558,1.740
3,4559,2.519
3,4560,2.213
3,4561,2.113
3,4562,2.144
3,4563,2.516
3,4564,2.401
3,4565,3.082
3,4566,2.330
3,4567,2.012
3,4568,2.277
3,4569,2.148
3,4570,2.499
3,4571,2.047
3,4572,2.433
3,4573,2.363
3,4574,2.446
3,4575,2.087
3,4576,1.902
3,4577,2.278
3,4578,2.833
3,4579,2.446
3,4580,2.899
3,4581,2.574
3,4582,2.523
3,4583,2.996
3,4584,2.910
3,4585,3.503
3,4586,2.369
3,4587,1.921
3,4588,2.381
3,4589,2.294
3,4590,2.080
3,4591,2.570
3,4592,2.881
3,4593,2.726
3,4594,2.485
3,4595,2.250
3,4596,2.338
3,4597,2.151
3,4598,2.377
3,4599,2.558
3,4600,2.136
3,4601,1.871
3,4602,1.991
3,4603,2.244
3,4604,1.978
3,4605,2.652
3,4606,3.177
3,4607,2.399
3,4608,2.005
3,4609,2.092
3,4610,1.926
3,4611,1.936
3,4612,3.018
3,4613,2.215
3,4614,1.859
3,4615,2.644
3,4616,2.112
3,4617,1.822
3,4618,2.136
3,4619,2.213
3,4620,2.333
3,4621,2.134
3,4622,2.048
3,4623,2.507
3,4624,2.004
3,4625,2.086
3,4626,1.919
3,4627,2.245
3,4628,2.146
3,4629,2.437
3,4630,2.060
3,4631,2.641
3,4632,2.170
3,4633,2.038
3,4634,2.612
3,4635,2.174
3,4636,2.074
3,4637,2.342
3,4638,2.233
3,4639,2.484
3,4640,2.283
3,4641,2.466
3,4642,2.240
3,4643,2.187
3,4644,1.969
3,4645,2.284
3,4646,2.200
3,4647,2.510
3,4648,2.505
3,4649,2.708
3,4650,2.104
3,4651,2.607
3,4652,2.312
3,4653,2.060
3,4654,3.129
3,4655,3.182
3,4656,2.395
3,4657,2.958
3,4658,2.993
3,4659,2.179
3,4660,2.576
3,4661,2.227
3,4662,2.129
3,4663,2.317
3,4664,2.070
3,4665,2.038
3,4666,2.292
3,4667,2.544
3,4668,2.987
3,4669,2.477
3,4670,2.141
3,4671,3.111
3,4672,2.288
3,4673,2.327
3,4674,2.335
3,4675,2.631
3,4676,1.915
3,4677,1.806
3,4678,2.342
3,4679,2.191
3,4680,2.205
3,4681,2.315
3,4682,2.006
3,4683,2.371
3,4684,2.220
3,4685,1.891
3,4686,1.557
3,4687,1.749
3,4688,3.089
3,4689,2.042
3,4690,1.724
3,4691,1.891
3,4692,2.065
3,4693,1.637
3,4694,2.162
3,4695,2.032
3,4696,1.793
3,4697,1.599
3,4698,1.772
3,4699,1.671
3,4700,1.671
3,4701,1.584
3,4702,2.306
3,4703,1.903
3,4704,1.508
3,4705,2.368
3,4706,1.930
3,4707,1.486
3,4708,1.351
3,4709,1.482
3,4710,1.643
3,4711,1.637
3,4712,1.706
3,4713,1.375
3,4714,1.852
3,4715,2.341
3,4716,1.855
3,4717,1.875
3,4718,1.966
3,4719,1.785
3,4720,1.588
3,4721,1.599
3,4722,2.453
3,4723,2.569
3,4724,1.721
3,4725,1.839
3,4726,1.693
3,4727,1.588
3,4728,1.664
3,4729,1.637
3,4730,1.486
3,4731,1.424
3,4732,1.836
3,4733,1.956
3,4734,1.819
3,4735,1.502
3,4736,1.365
3,4737,1.671
3,4738,1.789
3,4739,1.607
3,4740,1.568
3,4741,1.464
3,4742,1.986
3,4743,2.558
3,4744,2.028
3,4745,2.077
3,4746,2.111
3,4747,1.785
3,4748,1.950
3,4749,2.746
3,4750,2.108
3,4751,2.917
3,4752,2.195
3,4753,1.975
3,4754,2.030
3,4755,2.225
3,4756,1.875
3,4757,2.375
3,4758,2.129
3,4759,2.014
3,4760,1.384
3,4761,1.468
3,4762,1.725
3,4763,1.627
3,4764,1.642
3,4765,1.832
3,4766,1.762
3,4767,1.524
3,4768,1.578
3,4769,1.647
3,4770,2.072
3,4771,1.792
3,4772,1.566
3,4773,1.720
3,4774,2.061
3,4775,2.079
3,4776,1.737
3,4777,1.646
3,4778,1.718
3,4779,1.552
3,4780,1.826
3,4781,1.559
3,4782,1.879
3,4783,1.912
3,4784,1.485
3,4785,1.741
3,4786,1.963
3,4787,1.832
3,4788,1.595
3,4789,1.503
3,4790,1.984
3,4791,1.617
3,4792,1.811
3,4793,1.945
3,4794,1.842
3,4795,1.472
3,4796,1.362
3,4797,1.814
3,4798,1.875
3,4799,1.735
3,4800,1.937
3,4801,2.044
3,4802,2.144
3,4803,1.676
3,4804,2.062
3,4805,2.011
3,4806,1.707
3,4807,1.487
3,4808,1.557
3,4809,2.036
3,4810,2.054
3,4811,1.493
3,4812,1.360
3,4813,1.572
3,4814,1.558
3,4815,1.533
3,4816,1.708
3,4817,1.764
3,4818,1.721
3,4819,2.301
3,4820,2.003
3,4821,1.905
3,4822,1.666
3,4823,1.380
3,4824,1.424
3,4825,1.935
3,4826,1.723
3,4827,1.966
3,4828,2.291
3,4829,2.173
3,4830,2.363
3,4831,2.360
3,4832,2.275
3,4833,1.895
3,4834,1.570
3,4835,2.735
3,4836,2.273
3,4837,1.760
3,4838,2.769
3,4839,2.507
3,4840,1.858
3,4841,2.202
3,4842,2.170
3,4843,1.685
3,4844,1.843
3,4845,2.142
3,4846,2.311
3,4847,1.614
3,4848,1.806
3,4849,2.284
3,4850,1.879
3,4851,1.843
3,4852,1.873
3,4853,1.707
3,4854,1.693
3,4855,2.027
3,4856,2.258
3,4857,1.831
3,4858,1.563
3,4859,1.600
3,4860,1.833
3,4861,2.035
3,4862,2.058
3,4863,2.002
3,4864,2.262
3,4865,1.731
3,4866,3.423
3,4867,2.145
3,4868,1.784
3,4869,2.338
3,4870,2.031
3,4871,1.668
3,4872,2.098
3,4873,2.988
3,4874,1.841
3,4875,1.796
3,4876,2.428
3,4877,1.957
3,4878,1.731
3,4879,1.968
3,4880,3.282
3,4881,2.057
3,4882,1.848
3,4883,1.846
3,4884,1.772
3,4885,1.865
3,4886,1.892
3,4887,1.614
3,4888,1.754
3,4889,2.141
3,4890,2.085
3,4891,1.709
3,4892,1.499
3,4893,1.570
3,4894,2.011
3,4895,1.739
3,4896,2.107
3,4897,2.344
3,4898,1.998
3,4899,1.686
3,4900,1.791
3,4901,1.948
3,4902,1.840
3,4903,1.649
3,4904,1.575
3,4905,2.726
3,4906,2.369
3,4907,2.187
3,4908,1.992
3,4909,1.723
3,4910,1.685
3,4911,1.699
3,4912,1.914
3,4913,1.778
3,4914,1.521
3,4915,1.713
3,4916,1.881
3,4917,2.164
3,4918,1.665
3,4919,1.647
3,4920,1.495
3,4921,1.550
3,4922,1.675
3,4923,2.145
3,4924,1.789
3,4925,1.497
3,4926,1.506
3,4927,1.974
3,4928,1.739
3,4929,1.833
3,4930,1.741
3,4931,2.581
3,4932,1.923
3,4933,1.990
3,4934,1.952
3,4935,1.770
3,4936,1.727
3,4937,1.462
3,4938,1.551
3,4939,1.534
3,4940,1.999
3,4941,1.716
3,4942,1.572
3,4943,1.686
3,4944,1.724
3,4945,1.756
3,4946,2.169
3,4947,1.680
3,4948,1.492
3,4949,2.499
3,4950,2.175
3,4951,1.856
3,4952,1.407
3,4953,1.416
3,4954,1.830
3,4955,1.667
3,4956,1.874
3,4957,1.842
3,4958,2.146
3,4959,2.452
3,4960,2.530
3,4961,2.936
3,4962,2.542
3,4963,2.387
3,4964,2.940
3,4965,2.012
3,4966,1.570
3,4967,1.692
3,4968,1.722
3,4969,1.518
3,4970,1.667
3,4971,1.656
3,4972,1.474
3,4973,1.852
3,4974,2.269
3,4975,1.936
3,4976,1.719
3,4977,1.442
3,4978,1.418
3,4979,1.619
3,4980,1.660
3,4981,1.518
3,4982,1.507
3,4983,2.280
3,4984,2.833
3,4985,2.058
3,4986,2.487
3,4987,2.276
3,4988,1.917
3,4989,2.069
3,4990,2.958
3,4991,2.179
3,4992,2.333
3,4993,1.706
3,4994,1.689
3,4995,2.065
3,4996,2.060
3,4997,1.966
3,4998,1.840
3,4999,1.890
3,5000,1.919
3,5001,2.231
3,5002,1.837
3,5003,1.819
3,5004,1.767
3,5005,2.137
3,5006,2.139
3,5007,1.837
3,5008,1.566
3,5009,1.388
3,5010,2.101
3,5011,2.075
3,5012,1.918
3,5013,1.827
3,5014,1.718
3,5015,1.501
3,5016,1.430
3,5017,1.348
3,5018,1.620
3,5019,1.507
3,5020,1.630
3,5021,1.359
3,5022,1.448
3,5023,1.592
3,5024,2.205
3,5025,1.572
3,5026,1.358
3,5027,1.479
3,5028,1.443
3,5029,1.441
3,5030,1.340
3,5031,2.322
3,5032,1.522
3,5033,1.745
3,5034,1.792
3,5035,1.716
3,5036,1.704
3,5037,1.626
3,5038,1.597
3,5039,1.612
3,5040,1.723
3,5041,1.858
3,5042,2.115
3,5043,2.465
3,5044,1.782
3,5045,1.466
3,5046,1.431
3,5047,1.574
3,5048,1.874
3,5049,1.511
3,5050,1.338
3,5051,1.971
3,5052,2.385
3,5053,2.179
3,5054,2.123
3,5055,2.043
3,5056,1.788
3,5057,1.445
3,5058,1.416
3,5059,1.979
3,5060,2.024
3,5061,1.433
3,5062,1.483
3,5063,1.830
3,5064,1.591
3,5065,1.413
3,5066,1.380
3,5067,1.587
3,5068,1.651
3,5069,1.921
3,5070,2.414
3,5071,2.635
3,5072,2.039
3,5073,1.928
3,5074,2.108
3,5075,1.889
3,5076,1.503
3,5077,2.359
3,5078,1.927
3,5079,1.993
3,5080,2.390
3,5081,2.209
3,5082,1.893
3,5083,1.784
3,5084,1.908
3,5085,2.586
3,5086,1.885
3,5087,1.585
3,5088,2.019
3,5089,2.640
3,5090,2.033
3,5091,2.036
3,5092,2.254
3,5093,2.173
3,5094,2.541
3,5095,2.212
3,5096,1.773
3,5097,2.017
3,5098,2.076
3,5099,2.093
3,5100,2.070
3,5101,2.155
3,5102,2.008
3,5103,1.730
3,5104,2.022
3,5105,2.161
3,5106,2.032
3,5107,1.470
3,5108,1.522
3,5109,2.424
3,5110,1.999
3,5111,1.697
3,5112,1.847
3,5113,1.879
3,5114,1.528
3,5115,1.581
3,5116,2.672
3,5117,2.083
3,5118,1.921
3,5119,2.345
3,5120,1.971
3,5121,1.672
3,5122,1.513
3,5123,1.721
3,5124,1.636
3,5125,1.725
3,5126,1.838
3,5127,1.892
3,5128,1.630
3,5129,1.537
3,5130,1.532
3,5131,1.949
3,5132,1.707
3,5133,1.470
3,5134,1.327
3,5135,1.810
3,5136,2.841
3,5137,1.803
3,5138,1.444
3,5139,1.540
3,5140,1.604
3,5141,1.668
3,5142,1.516
3,5143,1.760
3,5144,2.189
3,5145,2.023
3,5146,2.263
3,5147,2.367
3,5148,1.629
3,5149,1.463
3,5150,1.628
3,5151,1.573
3,5152,1.503
3,5153,1.791
3,5154,1.852
3,5155,1.854
3,5156,2.087
3,5157,1.443
3,5158,1.575
3,5159,1.946
3,5160,1.616
3,5161,1.337
3,5162,1.547
3,5163,2.129
3,5164,1.871
3,5165,1.716
3,5166,2.637
3,5167,1.680
3,5168,2.070
3,5169,2.151
3,5170,3.097
3,5171,2.063
3,5172,2.142
3,5173,2.280
3,5174,2.939
3,5175,2.379
3,5176,2.272
3,5177,2.106
3,5178,1.896
3,5179,1.961
3,5180,1.484
3,5181,1.331
3,5182,1.466
3,5183,1.897
3,5184,1.720
3,5185,1.817
3,5186,2.407
3,5187,1.745
3,5188,1.505
3,5189,1.397
3,5190,1.467
3,5191,1.635
3,5192,1.340
3,5193,1.549
3,5194,1.477
3,5195,1.644
3,5196,2.261
3,5197,1.667
3,5198,1.563
3,5199,1.777
3,5200,1.647
3,5201,1.473
3,5202,1.787
3,5203,2.022
3,5204,1.597
3,5205,1.743
3,5206,1.577
3,5207,1.648
3,5208,1.616
3,5209,1.494
3,5210,1.309
3,5211,1.323
3,5212,1.469
3,5213,1.411
3,5214,1.773
3,5215,1.725
3,5216,1.716
3,5217,1.464
3,5218,1.358
3,5219,1.401
3,5220,1.382
3,5221,1.506
3,5222,1.632
3,5223,1.403
3,5224,1.329
3,5225,2.143
3,5226,2.127
3,5227,1.934
3,5228,1.839
3,5229,1.982
3,5230,1.905
3,5231,1.792
3,5232,2.443
3,5233,3.013
3,5234,2.129
3,5235,1.887
3,5236,1.833
3,5237,1.740
3,5238,1.761
3,5239,1.766
3,5240,1.950
3,5241,2.285
3,5242,2.366
3,5243,2.302
3,5244,1.739
3,5245,1.755
3,5246,1.921
3,5247,1.980
3,5248,2.023
3,5249,2.190
3,5250,2.488
3,5251,2.008
3,5252,2.706
3,5253,2.393
3,5254,2.138
3,5255,2.643
3,5256,2.821
3,5257,2.272
3,5258,2.511
3,5259,2.466
3,5260,2.311
3,5261,2.329
3,5262,2.015
3,5263,2.130
3,5264,2.508
3,5265,2.063
3,5266,1.980
3,5267,2.667
3,5268,2.055
3,5269,2.912
3,5270,3.050
3,5271,2.794
3,5272,2.820
3,5273,3.131
3,5274,3.804
3,5275,4.072
3,5276,2.820
3,5277,2.486
3,5278,2.407
3,5279,2.924
3,5280,2.843
3,5281,2.401
3,5282,2.684
3,5283,2.792
3,5284,2.560
3,5285,2.557
3,5286,2.737
3,5287,2.595
3,5288,2.679
3,5289,2.620
3,5290,2.804
3,5291,2.943
3,5292,2.623
3,5293,2.608
3,5294,2.914
3,5295,2.498
3,5296,2.608
3,5297,3.306
3,5298,2.394
3,5299,2.472
3,5300,3.070
3,5301,2.938
3,5302,3.384
3,5303,3.419
3,5304,3.303
3,5305,2.971
3,5306,3.277
3,5307,3.846
3,5308,3.302
3,5309,2.616
3,5310,3.284
3,5311,2.574
3,5312,2.707
3,5313,3.004
3,5314,2.473
3,5315,2.264
3,5316,2.424
3,5317,2.288
3,5318,2.755
3,5319,2.539
3,5320,2.749
3,5321,2.498
3,5322,2.414
3,5323,2.278
3,5324,2.745
3,5325,3.337
3,5326,2.567
3,5327,4.663
3,5328,3.255
3,5329,2.251
3,5330,2.975
3,5331,2.660
3,5332,2.420
3,5333,2.751
3,5334,2.536
3,5335,2.495
3,5336,3.032
3,5337,2.431
3,5338,2.395
3,5339,2.684
3,5340,2.867
3,5341,2.421
3,5342,3.660
3,5343,3.419
3,5344,3.324
3,5345,3.331
3,5346,3.474
3,5347,2.216
3,5348,2.257
3,5349,2.216
3,5350,2.178
3,5351,2.428
3,5352,2.285
3,5353,2.835
3,5354,2.360
3,5355,1.972
3,5356,1.612
3,5357,1.727
3,5358,1.739
3,5359,1.642
3,5360,1.703
3,5361,2.281
3,5362,2.554
3,5363,2.004
3,5364,2.215
3,5365,2.015
3,5366,1.628
3,5367,1.484
3,5368,1.846
3,5369,2.767
3,5370,2.117
3,5371,2.705
3,5372,1.868
3,5373,1.701
3,5374,1.896
3,5375,2.045
3,5376,2.378
3,5377,2.132
3,5378,2.289
3,5379,2.531
3,5380,1.763
3,5381,1.838
3,5382,1.809
3,5383,1.731
3,5384,2.039
3,5385,2.103
3,5386,1.749
3,5387,1.793
3,5388,2.167
3,5389,1.976
3,5390,2.027
3,5391,2.402
3,5392,2.721
3,5393,2.249
3,5394,1.864
3,5395,1.912
3,5396,1.787
3,5397,1.549
3,5398,1.884
3,5399,2.333
3,5400,2.214
3,5401,2.087
3,5402,2.394
3,5403,2.553
3,5404,2.482
3,5405,1.979
3,5406,1.807
3,5407,1.882
3,5408,1.753
3,5409,1.629
3,5410,1.350
3,5411,1.330
3,5412,1.469
3,5413,1.752
3,5414,1.760
3,5415,1.583
3,5416,1.625
3,5417,1.902
3,5418,1.713
3,5419,1.473
3,5420,1.754
3,5421,1.706
3,5422,1.656
3,5423,1.411
3,5424,1.345
3,5425,1.841
3,5426,2.681
3,5427,2.048
3,5428,1.939
3,5429,2.024
3,5430,2.052
3,5431,1.921
3,5432,1.695
3,5433,1.553
3,5434,1.806
3,5435,1.495
3,5436,1.519
3,5437,1.702
3,5438,1.453
3,5439,1.346
3,5440,1.334
3,5441,1.655
3,5442,1.725
3,5443,1.474
3,5444,1.961
3,5445,2.684
3,5446,2.049
3,5447,1.877
3,5448,2.064
3,5449,1.781
3,5450,1.530
3,5451,1.413
3,5452,1.462
3,5453,2.009
3,5454,2.321
3,5455,1.857
3,5456,1.923
3,5457,2.020
3,5458,1.944
3,5459,2.277
3,5460,1.933
3,5461,1.701
3,5462,1.532
3,5463,2.307
3,5464,1.929
3,5465,1.799
3,5466,1.594
3,5467,1.682
3,5468,1.678
3,5469,1.713
3,5470,2.515
3,5471,2.308
3,5472,2.779
3,5473,2.261
3,5474,2.483
3,5475,2.020
3,5476,1.855
3,5477,2.154
3,5478,1.966
3,5479,1.598
3,5480,1.909
3,5481,1.496
3,5482,1.348
3,5483,1.431
3,5484,1.416
3,5485,1.508
3,5486,1.620
3,5487,2.240
3,5488,2.095
3,5489,1.915
3,5490,1.813
3,5491,1.565
3,5492,1.429
3,5493,1.542
3,5494,1.825
3,5495,1.840
3,5496,2.425
3,5497,2.456
3,5498,1.636
3,5499,1.415
3,5500,2.428
3,5501,2.174
3,5502,1.771
3,5503,1.655
3,5504,1.716
3,5505,1.756
3,5506,1.554
3,5507,1.498
3,5508,1.739
3,5509,1.614
3,5510,1.608
3,5511,1.387
3,5512,1.504
3,5513,1.748
3,5514,2.314
3,5515,2.007
3,5516,1.664
3,5517,1.675
3,5518,1.472
3,5519,1.419
3,5520,1.946
3,5521,1.658
3,5522,1.703
3,5523,2.022
3,5524,1.737
3,5525,2.044
3,5526,1.751
3,5527,1.610
3,5528,1.734
3,5529,1.781
3,5530,2.570
3,5531,2.583
3,5532,2.323
3,5533,1.985
3,5534,1.845
3,5535,2.220
3,5536,1.956
3,5537,1.608
3,5538,2.236
3,5539,2.187
3,5540,2.082
3,5541,1.807
3,5542,2.037
3,5543,1.964
3,5544,1.724
3,5545,2.093
3,5546,2.541
3,5547,2.170
3,5548,1.967
3,5549,2.170
3,5550,1.913
3,5551,1.858
3,5552,2.361
3,5553,2.381
3,5554,2.609
3,5555,2.723
3,5556,1.728
3,5557,1.662
3,5558,2.019
3,5559,2.027
3,5560,1.656
3,5561,1.933
3,5562,2.363
3,5563,1.979
3,5564,2.705
3,5565,2.824
3,5566,2.028
3,5567,2.006
3,5568,2.350
3,5569,1.935
3,5570,1.579
3,5571,1.960
3,5572,2.453
3,5573,1.956
3,5574,2.613
3,5575,2.438
3,5576,2.063
3,5577,2.490
3,5578,2.335
3,5579,1.885
3,5580,2.608
3,5581,2.034
3,5582,2.297
3,5583,2.308
3,5584,2.180
3,5585,1.847
3,5586,1.949
3,5587,2.344
3,5588,2.586
3,5589,2.107
3,5590,2.266
3,5591,2.258
3,5592,1.920
3,5593,2.077
3,5594,2.143
3,5595,1.909
3,5596,2.987
3,5597,2.859
3,5598,2.432
3,5599,2.790
3,5600,2.221
3,5601,1.601
3,5602,1.743
3,5603,1.744
3,5604,2.062
3,5605,1.560
3,5606,1.678
3,5607,1.520
3,5608,1.417
3,5609,1.372
3,5610,1.529
3,5611,1.850
3,5612,1.643
3,5613,1.754
3,5614,1.903
3,5615,2.457
3,5616,2.171
3,5617,2.659
3,5618,1.840
3,5619,1.837
3,5620,1.554
3,5621,1.974
3,5622,2.378
3,5623,2.757
3,5624,2.260
3,5625,2.431
3,5626,1.895
3,5627,1.772
3,5628,1.976
3,5629,2.437
3,5630,2.108
3,5631,2.397
3,5632,1.638
3,5633,1.571
3,5634,1.817
3,5635,2.275
3,5636,1.839
3,5637,1.957
3,5638,2.136
3,5639,1.858
3,5640,2.236
3,5641,1.999
3,5642,1.871
3,5643,1.784
3,5644,1.890
3,5645,2.246
3,5646,2.272
3,5647,1.958
3,5648,2.253
3,5649,2.311
3,5650,2.372
3,5651,2.160
3,5652,3.085
3,5653,2.198
3,5654,2.120
3,5655,1.929
3,5656,1.611
3,5657,2.239
3,5658,2.287
3,5659,2.151
3,5660,2.312
3,5661,2.274
3,5662,2.121
3,5663,2.031
3,5664,2.115
3,5665,2.675
3,5666,2.296
3,5667,2.634
3,5668,2.142
3,5669,1.925
3,5670,2.161
3,5671,2.082
3,5672,2.435
3,5673,2.806
3,5674,2.358
3,5675,2.143
3,5676,2.180
3,5677,2.273
3,5678,2.030
3,5679,2.027
3,5680,2.141
3,5681,2.376
3,5682,2.098
3,5683,1.918
3,5684,1.781
3,5685,1.829
3,5686,2.195
3,5687,1.918
3,5688,1.841
3,5689,2.291
3,5690,2.393
3,5691,2.017
3,5692,2.162
3,5693,2.380
3,5694,2.051
3,5695,2.795
3,5696,2.418
3,5697,1.903
3,5698,2.418
3,5699,2.395
3,5700,1.763
3,5701,1.427
3,5702,1.545
3,5703,3.244
3,5704,2.643
3,5705,2.282
3,5706,2.403
3,5707,1.723
3,5708,1.748
3,5709,1.777
3,5710,1.767
3,5711,1.481
3,5712,1.554
3,5713,1.772
3,5714,1.635
3,5715,1.540
3,5716,2.152
3,5717,1.916
3,5718,1.530
3,5719,1.617
3,5720,1.812
3,5721,2.180
3,5722,1.718
3,5723,1.492
3,5724,1.596
3,5725,1.655
3,5726,1.820
3,5727,1.583
3,5728,1.719
3,5729,1.784
3,5730,1.516
3,5731,1.487
3,5732,1.599
3,5733,1.880
3,5734,1.633
3,5735,1.358
3,5736,1.305
3,5737,2.130
3,5738,1.967
3,5739,1.731
3,5740,1.560
3,5741,1.536
3,5742,2.161
3,5743,1.970
3,5744,1.821
3,5745,1.843
3,5746,2.323
3,5747,2.558
3,5748,2.255
3,5749,2.514
3,5750,2.455
3,5751,2.018
3,5752,1.957
3,5753,1.883
3,5754,2.588
3,5755,1.676
3,5756,1.401
3,5757,1.388
3,5758,1.515
3,5759,1.667
3,5760,1.592
3,5761,1.358
3,5762,2.633
3,5763,1.863
3,5764,1.944
3,5765,1.508
3,5766,1.495
3,5767,1.635
3,5768,1.743
3,5769,1.617
3,5770,2.208
3,5771,2.417
3,5772,1.950
3,5773,2.534
3,5774,2.612
3,5775,2.364
3,5776,2.215
3,5777,2.324
3,5778,2.903
3,5779,2.237
3,5780,1.593
3,5781,1.314
3,5782,2.029
3,5783,1.560
3,5784,1.474
3,5785,1.783
3,5786,1.732
3,5787,1.594
3,5788,1.454
3,5789,1.469
3,5790,1.450
3,5791,1.617
3,5792,1.552
3,5793,1.576
3,5794,1.288
3,5795,1.914
3,5796,1.992
3,5797,1.678
3,5798,1.587
3,5799,1.619
3,5800,1.731
3,5801,2.434
3,5802,2.486
3,5803,2.993
3,5804,1.631
3,5805,1.417
3,5806,1.590
3,5807,1.554
3,5808,1.606
3,5809,1.413
3,5810,1.287
3,5811,1.433
3,5812,1.692
3,5813,1.788
3,5814,1.954
3,5815,1.674
3,5816,1.455
3,5817,1.368
3,5818,1.334
3,5819,1.356
3,5820,1.461
3,5821,1.510
3,5822,1.544
3,5823,3.849
3,5824,2.001
3,5825,2.061
3,5826,1.585
3,5827,1.726
3,5828,1.630
3,5829,1.523
3,5830,1.639
3,5831,2.961
3,5832,1.870
3,5833,1.701
3,5834,1.799
3,5835,1.813
3,5836,1.710
3,5837,1.563
3,5838,1.667
3,5839,2.243
3,5840,2.271
3,5841,2.195
3,5842,2.435
3,5843,1.680
3,5844,1.513
3,5845,1.831
3,5846,1.829
3,5847,2.850
3,5848,3.047
3,5849,2.877
3,5850,3.202
3,5851,2.450
3,5852,2.656
3,5853,2.544
3,5854,3.042
3,5855,2.797
3,5856,2.932
3,5857,2.757
3,5858,2.778
3,5859,2.525
3,5860,3.405
3,5861,2.688
3,5862,3.096
3,5863,2.711
3,5864,2.578
3,5865,2.844
3,5866,2.445
3,5867,2.605
3,5868,2.579
3,5869,2.922
3,5870,3.973
3,5871,3.709
3,5872,2.743
3,5873,2.720
3,5874,2.604
3,5875,3.663
3,5876,2.807
3,5877,3.102
3,5878,2.772
3,5879,2.896
3,5880,3.229
3,5881,2.993
3,5882,2.577
3,5883,2.553
3,5884,2.599
3,5885,2.503
3,5886,2.873
3,5887,3.047
3,5888,3.284
3,5889,2.636
3,5890,2.314
3,5891,2.270
3,5892,2.690
3,5893,2.498
3,5894,2.272
3,5895,3.223
3,5896,2.495
3,5897,2.411
3,5898,2.850
3,5899,2.626
3,5900,2.838
3,5901,2.724
3,5902,3.024
3,5903,2.889
3,5904,3.361
3,5905,3.146
3,5906,2.654
3,5907,3.483
3,5908,2.522
3,5909,2.368
3,5910,2.332
3,5911,2.133
3,5912,1.805
3,5913,2.118
3,5914,2.143
3,5915,2.139
3,5916,3.056
3,5917,2.705
3,5918,2.584
3,5919,2.549
3,5920,2.200
3,5921,2.315
3,5922,2.509
3,5923,2.467
3,5924,2.159
3,5925,2.234
3,5926,2.265
3,5927,2.615
3,5928,2.348
3,5929,2.338
3,5930,2.292
3,5931,2.811
3,5932,2.155
3,5933,2.072
3,5934,2.284
3,5935,2.169
3,5936,2.662
3,5937,2.208
3,5938,1.839
3,5939,2.437
3,5940,2.220
3,5941,2.146
3,5942,2.006
3,5943,2.348
3,5944,2.185
3,5945,2.043
3,5946,2.358
3,5947,2.592
3,5948,2.160
3,5949,2.455
3,5950,2.230
3,5951,2.333
3,5952,2.368
3,5953,2.611
3,5954,2.815
3,5955,2.117
3,5956,1.782
3,5957,2.128
3,5958,2.813
3,5959,2.097
3,5960,1.752
3,5961,2.237
3,5962,2.751
3,5963,2.040
3,5964,2.527
3,5965,2.686
3,5966,2.580
3,5967,2.497
3,5968,2.422
3,5969,2.813
3,5970,3.373
3,5971,2.522
3,5972,2.298
3,5973,1.975
3,5974,1.862
3,5975,2.067
3,5976,2.093
3,5977,1.896
3,5978,2.026
3,5979,2.095
3,5980,1.880
3,5981,1.512
3,5982,1.522
3,5983,1.518
3,5984,1.434
3,5985,1.423
3,5986,2.412
3,5987,1.905
3,5988,1.568
3,5989,1.690
3,5990,1.618
3,5991,1.707
3,5992,1.618
3,5993,1.581
3,5994,1.650
3,5995,1.670
3,5996,1.950
3,5997,2.147
3,5998,1.856
3,5999,1.637
3,6000,1.433
3,6001,1.464
3,6002,1.375
3,6003,1.669
3,6004,1.562
3,6005,1.488
3,6006,1.831
3,6007,2.613
3,6008,1.835
3,6009,1.808
3,6010,1.538
3,6011,1.508
3,6012,1.439
3,6013,1.466
3,6014,1.418
3,6015,2.014
3,6016,1.699
3,6017,1.714
3,6018,1.357
3,6019,1.747
3,6020,1.627
3,6021,1.651
3,6022,1.657
3,6023,1.702
3,6024,1.738
3,6025,1.741
3,6026,1.541
3,6027,1.971
3,6028,2.020
3,6029,1.515
3,6030,1.388
3,6031,1.534
3,6032,1.548
3,6033,1.816
3,6034,1.733
3,6035,1.573
3,6036,1.611
3,6037,1.634
3,6038,1.630
3,6039,1.992
3,6040,1.769
3,6041,1.436
3,6042,1.324
3,6043,1.954
3,6044,2.280
3,6045,2.012
3,6046,1.577
3,6047,1.366
3,6048,1.742
3,6049,1.940
3,6050,1.531
3,6051,1.610
3,6052,2.071
3,6053,1.838
3,6054,1.590
3,6055,1.380
3,6056,1.959
3,6057,1.580
3,6058,1.425
3,6059,1.678
3,6060,1.507
3,6061,1.814
3,6062,1.769
3,6063,1.596
3,6064,1.429
3,6065,1.494
3,6066,1.425
3,6067,1.438
3,6068,1.477
3,6069,1.755
3,6070,1.806
3,6071,1.768
3,6072,2.172
3,6073,2.410
3,6074,2.139
3,6075,1.698
3,6076,1.523
3,6077,1.668
3,6078,1.607
3,6079,1.911
3,6080,2.214
3,6081,2.096
3,6082,1.898
3,6083,1.971
3,6084,2.917
3,6085,1.919
3,6086,2.241
3,6087,2.310
3,6088,1.824
3,6089,1.586
3,6090,1.605
3,6091,1.524
3,6092,1.399
3,6093,1.359
3,6094,1.430
3,6095,1.526
3,6096,1.789
3,6097,1.771
3,6098,1.679
3,6099,1.554
3,6100,1.579
3,6101,1.499
3,6102,1.542
3,6103,4.123
3,6104,3.232
3,6105,2.677
3,6106,2.946
3,6107,2.259
3,6108,2.577
3,6109,2.849
3,6110,3.159
3,6111,2.768
3,6112,2.186
3,6113,3.068
3,6114,2.215
3,6115,2.297
3,6116,2.842
3,6117,2.385
3,6118,4.224
3,6119,3.338
3,6120,3.082
3,6121,2.690
3,6122,3.345
3,6123,2.296
3,6124,1.756
3,6125,1.735
3,6126,2.627
3,6127,2.047
3,6128,2.956
3,6129,2.632
3,6130,2.047
3,6131,1.754
3,6132,2.053
3,6133,1.856
3,6134,1.795
3,6135,1.668
3,6136,2.937
3,6137,2.215
3,6138,1.897
3,6139,1.783
3,6140,1.678
3,6141,1.772
3,6142,1.831
3,6143,2.098
3,6144,2.033
3,6145,1.830
3,6146,1.871
3,6147,1.670
3,6148,1.749
3,6149,1.628
3,6150,1.722
3,6151,1.686
3,6152,1.497
3,6153,3.639
3,6154,3.025
3,6155,2.640
3,6156,2.572
3,6157,2.204
3,6158,1.739
3,6159,1.758
3,6160,2.043
3,6161,1.595
3,6162,1.637
3,6163,1.717
3,6164,1.495
3,6165,1.335
3,6166,1.399
3,6167,1.445
3,6168,1.794
3,6169,1.751
3,6170,1.462
3,6171,1.618
3,6172,1.606
3,6173,1.569
3,6174,1.531
3,6175,1.673
3,6176,1.754
3,6177,1.667
3,6178,1.678
3,6179,1.646
3,6180,2.102
3,6181,2.192
3,6182,1.499
3,6183,1.380
3,6184,1.557
3,6185,1.592
3,6186,1.462
3,6187,1.555
3,6188,1.797
3,6189,2.740
3,6190,1.849
3,6191,1.949
3,6192,1.906
3,6193,1.512
3,6194,1.359
3,6195,1.362
3,6196,1.650
3,6197,2.174
3,6198,2.249
3,6199,1.430
3,6200,1.416
3,6201,1.868
3,6202,1.503
3,6203,1.545
3,6204,2.380
3,6205,2.177
3,6206,2.155
3,6207,1.825
3,6208,2.090
3,6209,2.130
3,6210,2.589
3,6211,1.630
3,6212,1.505
3,6213,1.556
3,6214,1.718
3,6215,1.686
3,6216,1.447
3,6217,1.380
3,6218,1.451
3,6219,1.485
3,6220,1.771
3,6221,1.894
3,6222,1.405
3,6223,1.814
3,6224,2.247
3,6225,1.763
3,6226,1.672
3,6227,1.495
3,6228,1.662
3,6229,1.698
3,6230,1.699
3,6231,1.911
3,6232,1.859
3,6233,1.722
3,6234,1.584
3,6235,1.618
3,6236,1.745
3,6237,1.953
3,6238,1.691
3,6239,1.621
3,6240,1.993
3,6241,2.544
3,6242,2.454
3,6243,2.116
3,6244,1.662
3,6245,1.610
3,6246,1.857
3,6247,1.927
3,6248,1.996
3,6249,1.884
3,6250,2.255
3,6251,1.696
3,6252,1.478
3,6253,1.551
3,6254,1.705
3,6255,1.532
3,6256,1.444
3,6257,2.252
3,6258,2.321
3,6259,1.999
3,6260,2.264
3,6261,1.738
3,6262,1.683
3,6263,1.810
3,6264,1.665
3,6265,1.699
3,6266,2.460
3,6267,2.155
3,6268,2.157
3,6269,2.959
3,6270,1.641
3,6271,1.410
3,6272,1.632
3,6273,1.804
3,6274,1.927
3,6275,1.571
3,6276,1.555
3,6277,1.389
3,6278,1.449
3,6279,1.674
3,6280,1.587
3,6281,1.636
3,6282,1.399
3,6283,2.362
3,6284,2.452
3,6285,2.077
3,6286,1.984
3,6287,1.976
3,6288,2.263
3,6289,1.993
3,6290,2.515
3,6291,2.399
3,6292,1.884
3,6293,1.682
3,6294,2.080
3,6295,1.870
3,6296,2.062
3,6297,1.781
3,6298,2.544
3,6299,2.325
3,6300,2.531
3,6301,2.293
3,6302,2.198
3,6303,2.235
3,6304,2.641
3,6305,1.873
3,6306,1.458
3,6307,1.645
3,6308,1.719
3,6309,1.514
3,6310,1.682
3,6311,1.794
3,6312,1.730
3,6313,1.565
3,6314,2.605
3,6315,2.693
3,6316,2.039
3,6317,1.623
3,6318,1.696
3,6319,1.587
3,6320,1.565
3,6321,1.548
3,6322,2.074
3,6323,2.826
3,6324,2.045
3,6325,2.140
3,6326,1.717
3,6327,1.409
3,6328,1.356
3,6329,1.464
3,6330,1.727
3,6331,1.854
3,6332,1.571
3,6333,1.613
3,6334,1.572
3,6335,1.634
3,6336,1.556
3,6337,1.502
3,6338,1.825
3,6339,1.716
3,6340,2.377
3,6341,2.895
3,6342,3.050
3,6343,1.854
3,6344,1.621
3,6345,1.624
3,6346,1.504
3,6347,1.466
3,6348,1.730
3,6349,1.697
3,6350,1.517
3,6351,1.422
3,6352,1.731
3,6353,1.683
3,6354,1.835
3,6355,1.490
3,6356,1.385
3,6357,1.405
3,6358,2.170
3,6359,2.289
3,6360,1.773
3,6361,1.668
3,6362,1.767
3,6363,1.538
3,6364,1.618
3,6365,1.944
3,6366,2.331
3,6367,2.091
3,6368,2.089
3,6369,2.150
3,6370,2.531
3,6371,2.611
3,6372,2.317
3,6373,2.202
3,6374,2.371
3,6375,2.392
3,6376,1.952
3,6377,1.914
3,6378,2.047
3,6379,2.734
3,6380,2.493
3,6381,2.741
3,6382,2.249
3,6383,2.291
3,6384,2.213
3,6385,1.927
3,6386,2.419
3,6387,2.825
3,6388,2.041
3,6389,1.913
3,6390,2.230
3,6391,2.479
3,6392,2.127
3,6393,2.447
3,6394,2.361
3,6395,2.233
3,6396,2.061
3,6397,1.888
3,6398,1.704
3,6399,1.805
3,6400,1.961
3,6401,2.422
3,6402,2.441
3,6403,2.215
3,6404,2.609
3,6405,2.206
3,6406,2.267
3,6407,2.097
3,6408,2.071
3,6409,2.291
3,6410,2.320
3,6411,2.266
3,6412,2.696
3,6413,2.246
3,6414,2.755
3,6415,2.494
3,6416,2.007
3,6417,2.053
3,6418,2.347
3,6419,2.054
3,6420,2.612
3,6421,2.393
3,6422,2.235
3,6423,2.297
3,6424,2.320
3,6425,1.810
3,6426,1.642
3,6427,1.628
3,6428,2.608
3,6429,2.347
3,6430,2.569
3,6431,2.181
3,6432,1.999
3,6433,2.123
3,6434,2.106
3,6435,2.011
3,6436,3.411
3,6437,2.231
3,6438,1.749
3,6439,2.217
3,6440,2.413
3,6441,1.986
3,6442,1.709
3,6443,2.400
3,6444,2.775
3,6445,2.706
3,6446,2.558
3,6447,2.046
3,6448,1.917
3,6449,2.318
3,6450,2.204
3,6451,1.482
3,6452,1.814
3,6453,1.902
3,6454,1.731
3,6455,1.720
3,6456,1.992
3,6457,1.848
3,6458,1.800
3,6459,1.769
3,6460,2.187
3,6461,2.234
3,6462,1.506
3,6463,1.559
3,6464,1.800
3,6465,1.600
3,6466,1.631
3,6467,2.065
3,6468,2.009
3,6469,1.655
3,6470,1.554
3,6471,1.877
3,6472,1.770
3,6473,1.528
3,6474,1.347
3,6475,1.399
3,6476,2.006
3,6477,1.934
3,6478,2.061
3,6479,2.008
3,6480,1.976
3,6481,2.066
3,6482,1.545
3,6483,1.821
3,6484,1.944
3,6485,2.173
3,6486,2.433
3,6487,2.502
3,6488,1.807
3,6489,1.601
3,6490,1.988
3,6491,1.720
3,6492,1.580
3,6493,2.697
3,6494,2.036
3,6495,1.509
3,6496,1.450
3,6497,1.703
3,6498,1.850
3,6499,1.762
3,6500,2.049
3,6501,2.061
3,6502,2.303
3,6503,1.928
3,6504,2.024
3,6505,2.419
3,6506,2.371
3,6507,2.222
3,6508,3.091
3,6509,1.986
3,6510,2.075
3,6511,2.684
3,6512,2.400
3,6513,2.368
3,6514,2.009
3,6515,2.104
3,6516,2.522
3,6517,2.215
3,6518,1.682
3,6519,1.997
3,6520,2.105
3,6521,2.207
3,6522,2.327
3,6523,2.293
3,6524,2.668
3,6525,2.230
3,6526,2.345
3,6527,2.052
3,6528,1.889
3,6529,2.563
3,6530,2.258
3,6531,2.136
3,6532,2.739
3,6533,2.062
3,6534,2.660
3,6535,2.338
3,6536,2.395
3,6537,2.583
3,6538,2.476
3,6539,2.594
3,6540,2.262
3,6541,2.269
3,6542,2.154
3,6543,2.634
3,6544,2.288
3,6545,2.037
3,6546,2.177
3,6547,2.647
3,6548,2.222
3,6549,2.296
3,6550,2.792
3,6551,2.316
3,6552,2.670
3,6553,2.367
3,6554,2.482
3,6555,2.972
3,6556,2.487
3,6557,2.194
3,6558,2.341
3,6559,2.230
3,6560,2.142
3,6561,2.557
3,6562,2.164
3,6563,2.906
3,6564,2.372
3,6565,1.955
3,6566,2.158
3,6567,2.267
3,6568,2.329
3,6569,3.083
3,6570,2.720
3,6571,2.420
3,6572,2.856
3,6573,2.414
3,6574,2.571
3,6575,3.233
3,6576,2.776
3,6577,2.564
3,6578,2.362
3,6579,2.357
3,6580,2.549
3,6581,3.149
3,6582,3.093
3,6583,2.800
3,6584,2.096
3,6585,2.378
3,6586,2.402
3,6587,2.738
3,6588,2.635
3,6589,2.331
3,6590,2.679
3,6591,2.500
3,6592,2.185
3,6593,2.406
3,6594,2.965
3,6595,2.248
3,6596,2.032
3,6597,2.280
3,6598,1.767
3,6599,1.866
3,6600,2.590
3,6601,2.391
3,6602,2.019
3,6603,1.950
3,6604,2.044
3,6605,2.015
3,6606,1.829
3,6607,1.881
3,6608,1.839
3,6609,1.875
3,6610,2.050
3,6611,1.736
3,6612,1.719
3,6613,1.898
3,6614,2.223
3,6615,1.794
3,6616,1.892
3,6617,3.067
3,6618,2.104
3,6619,2.269
3,6620,2.024
3,6621,1.844
3,6622,2.037
3,6623,1.698
3,6624,1.892
3,6625,1.898
3,6626,1.610
3,6627,1.620
3,6628,1.713
3,6629,1.668
3,6630,1.788
3,6631,1.662
3,6632,1.843
3,6633,1.781
3,6634,1.699
3,6635,1.579
3,6636,1.765
3,6637,1.540
3,6638,1.377
3,6639,1.506
3,6640,1.797
3,6641,1.626
3,6642,1.708
3,6643,2.950
3,6644,2.120
3,6645,1.731
3,6646,1.945
3,6647,1.919
3,6648,1.713
3,6649,1.451
3,6650,1.451
3,6651,1.561
3,6652,4.293
3,6653,2.612
3,6654,2.550
3,6655,2.591
3,6656,2.946
3,6657,2.244
3,6658,2.158
3,6659,1.769
3,6660,1.761
3,6661,1.528
3,6662,1.358
3,6663,1.437
3,6664,2.355
3,6665,1.661
3,6666,1.918
3,6667,2.542
3,6668,2.547
3,6669,1.778
3,6670,2.166
3,6671,1.837
3,6672,1.558
3,6673,1.382
3,6674,1.676
3,6675,1.701
3,6676,1.605
3,6677,1.574
3,6678,1.696
3,6679,1.488
3,6680,1.428
3,6681,1.476
3,6682,1.538
3,6683,1.751
3,6684,1.707
3,6685,1.478
3,6686,1.369
3,6687,1.568
3,6688,1.628
3,6689,2.369
3,6690,1.559
3,6691,1.508
3,6692,1.587
3,6693,1.636
3,6694,1.793
3,6695,2.148
3,6696,2.106
3,6697,1.630
3,6698,1.695
3,6699,1.976
3,6700,2.097
3,6701,1.617
3,6702,1.522
3,6703,1.737
3,6704,1.948
3,6705,1.526
3,6706,1.652
3,6707,1.715
3,6708,1.573
3,6709,1.639
3,6710,1.472
3,6711,1.631
3,6712,1.882
3,6713,2.485
3,6714,2.189
3,6715,2.275
3,6716,2.143
3,6717,2.072
3,6718,2.389
3,6719,2.058
3,6720,1.805
3,6721,2.339
3,6722,3.314
3,6723,2.251
3,6724,2.184
3,6725,2.400
3,6726,2.676
3,6727,2.334
3,6728,2.169
3,6729,1.813
3,6730,2.109
3,6731,1.855
3,6732,1.636
3,6733,1.900
3,6734,2.164
3,6735,3.207
3,6736,2.542
3,6737,2.189
3,6738,2.066
3,6739,2.189
3,6740,1.981
3,6741,1.960
3,6742,2.042
3,6743,2.295
3,6744,1.849
3,6745,1.452
3,6746,1.477
3,6747,1.863
3,6748,1.742
3,6749,1.924
3,6750,1.853
3,6751,2.116
3,6752,1.891
3,6753,1.941
3,6754,1.616
3,6755,1.776
3,6756,1.517
3,6757,1.370
3,6758,1.345
3,6759,1.676
3,6760,1.532
3,6761,2.262
3,6762,1.834
3,6763,2.455
3,6764,1.761
3,6765,1.572
3,6766,1.685
3,6767,1.791
3,6768,1.628
3,6769,1.863
3,6770,2.181
3,6771,2.127
3,6772,2.367
3,6773,1.893
3,6774,1.995
3,6775,1.756
3,6776,2.099
3,6777,2.231
3,6778,2.058
3,6779,1.664
3,6780,1.553
3,6781,2.021
3,6782,1.663
3,6783,1.423
3,6784,1.346
3,6785,1.477
3,6786,2.265
3,6787,1.940
3,6788,2.031
3,6789,1.889
3,6790,1.587
3,6791,2.310
3,6792,1.680
3,6793,2.402
3,6794,1.940
3,6795,1.684
3,6796,2.005
3,6797,1.932
3,6798,1.787
3,6799,1.736
3,6800,2.313
3,6801,2.113
3,6802,2.581
3,6803,3.143
3,6804,2.271
3,6805,1.936
3,6806,2.152
3,6807,2.068
3,6808,2.630
3,6809,3.423
3,6810,2.183
3,6811,2.363
3,6812,2.051
3,6813,1.846
3,6814,2.001
3,6815,2.416
3,6816,2.904
3,6817,2.558
3,6818,3.271
3,6819,3.259
3,6820,3.057
3,6821,3.659
3,6822,3.545
3,6823,2.041
3,6824,2.094
3,6825,2.073
3,6826,2.167
3,6827,2.375
3,6828,2.270
3,6829,2.165
3,6830,2.508
3,6831,2.730
3,6832,2.418
3,6833,2.726
3,6834,2.262
3,6835,2.307
3,6836,2.313
3,6837,2.858
3,6838,2.260
3,6839,2.385
3,6840,2.336
3,6841,2.398
3,6842,2.196
3,6843,2.605
3,6844,2.983
3,6845,2.213
3,6846,1.787
3,6847,2.818
3,6848,1.929
3,6849,1.464
3,6850,1.453
3,6851,1.673
3,6852,1.808
3,6853,1.853
3,6854,1.468
3,6855,2.124
3,6856,2.010
3,6857,1.673
3,6858,1.660
3,6859,1.788
3,6860,1.553
3,6861,1.379
3,6862,1.598
3,6863,2.048
3,6864,2.027
3,6865,2.492
3,6866,2.359
3,6867,2.155
3,6868,2.340
3,6869,2.155
3,6870,1.981
3,6871,2.821
3,6872,2.301
3,6873,2.223
3,6874,1.861
3,6875,1.629
3,6876,2.011
3,6877,2.093
3,6878,2.186
3,6879,2.565
3,6880,3.826
3,6881,2.752
3,6882,1.801
3,6883,1.784
3,6884,1.757
3,6885,2.272
3,6886,2.361
3,6887,1.766
3,6888,1.746
3,6889,2.042
3,6890,2.176
3,6891,2.481
3,6892,2.480
3,6893,2.339
3,6894,2.449
3,6895,1.877
3,6896,1.662
3,6897,1.418
3,6898,1.502
3,6899,1.650
3,6900,1.579
3,6901,1.994
3,6902,2.237
3,6903,1.736
3,6904,1.733
3,6905,1.524
3,6906,1.635
3,6907,1.733
3,6908,1.621
3,6909,1.536
3,6910,2.152
3,6911,1.881
3,6912,1.598
3,6913,1.627
3,6914,1.953
3,6915,1.807
3,6916,1.791
3,6917,1.723
3,6918,2.677
3,6919,2.028
3,6920,1.565
3,6921,1.481
3,6922,1.570
3,6923,1.449
3,6924,1.766
3,6925,1.513
3,6926,1.587
3,6927,1.750
3,6928,1.826
3,6929,1.677
3,6930,1.895
3,6931,1.684
3,6932,1.450
3,6933,1.393
3,6934,1.623
3,6935,1.948
3,6936,1.700
3,6937,1.587
3,6938,1.512
3,6939,1.590
3,6940,1.625
3,6941,1.610
3,6942,1.690
3,6943,1.938
3,6944,1.784
3,6945,2.002
3,6946,2.228
3,6947,2.449
3,6948,1.811
3,6949,1.646
3,6950,1.803
3,6951,2.504
3,6952,2.032
3,6953,1.900
3,6954,2.200
3,6955,2.757
3,6956,2.379
3,6957,2.002
3,6958,1.513
3,6959,1.387
3,6960,1.597
3,6961,1.625
3,6962,1.727
3,6963,2.095
3,6964,1.741
3,6965,1.614
3,6966,1.655
3,6967,1.672
3,6968,1.771
3,6969,1.764
3,6970,1.912
3,6971,2.395
3,6972,2.239
3,6973,2.849
3,6974,2.010
3,6975,1.892
3,6976,1.683
3,6977,1.562
3,6978,2.456
3,6979,2.021
3,6980,1.529
3,6981,1.465
3,6982,2.005
3,6983,1.781
3,6984,1.805
3,6985,1.507
3,6986,1.544
3,6987,2.017
3,6988,2.351
3,6989,2.495
3,6990,2.374
3,6991,2.515
3,6992,1.950
3,6993,1.887
3,6994,2.859
3,6995,2.739
3,6996,2.095
3,6997,2.095
3,6998,2.066
3,6999,2.260
3,7000,1.753
3,7001,1.871
3,7002,1.974
3,7003,1.841
3,7004,1.526
3,7005,1.416
3,7006,2.231
3,7007,2.104
3,7008,2.300
3,7009,2.020
3,7010,1.877
3,7011,2.148
3,7012,2.021
3,7013,2.231
3,7014,2.100
3,7015,1.530
3,7016,1.859
3,7017,2.333
3,7018,2.137
3,7019,2.182
3,7020,2.265
3,7021,2.167
3,7022,2.445
3,7023,2.218
3,7024,2.185
3,7025,3.065
3,7026,2.334
3,7027,2.001
3,7028,1.819
3,7029,1.967
3,7030,2.160
3,7031,2.419
3,7032,2.366
3,7033,2.196
3,7034,1.903
3,7035,2.247
3,7036,2.168
3,7037,1.908
3,7038,1.859
3,7039,2.870
3,7040,1.914
3,7041,2.228
3,7042,2.055
3,7043,1.818
3,7044,1.574
3,7045,2.020
3,7046,1.766
3,7047,2.295
3,7048,1.829
3,7049,1.936
3,7050,2.073
3,7051,1.767
3,7052,1.572
3,7053,1.585
3,7054,1.533
3,7055,2.097
3,7056,2.023
3,7057,1.988
3,7058,1.631
3,7059,1.532
3,7060,2.317
3,7061,1.750
3,7062,1.706
3,7063,2.108
3,7064,2.212
3,7065,1.971
3,7066,1.631
3,7067,1.884
3,7068,1.898
3,7069,2.068
3,7070,1.717
3,7071,2.080
3,7072,2.608
3,7073,1.953
3,7074,1.728
3,7075,1.730
3,7076,1.577
3,7077,1.556
3,7078,1.944
3,7079,1.604
3,7080,2.104
3,7081,1.780
3,7082,1.821
3,7083,1.966
3,7084,1.576
3,7085,1.455
3,7086,1.566
3,7087,1.796
3,7088,2.454
3,7089,2.422
3,7090,2.405
3,7091,2.592
3,7092,2.517
3,7093,2.412
3,7094,2.585
3,7095,3.089
3,7096,2.316
3,7097,1.603
3,7098,1.706
3,7099,1.654
3,7100,1.763
3,7101,1.635
3,7102,2.085
3,7103,1.931
3,7104,1.786
3,7105,1.567
3,7106,1.675
3,7107,1.769
3,7108,1.722
3,7109,1.470
3,7110,1.541
3,7111,1.633
3,7112,2.176
3,7113,2.074
3,7114,2.084
3,7115,1.547
3,7116,1.443
3,7117,1.606
3,7118,1.872
3,7119,1.701
3,7120,1.989
3,7121,2.455
3,7122,3.035
3,7123,2.793
3,7124,2.154
3,7125,1.879
3,7126,1.674
3,7127,1.951
3,7128,2.528
3,7129,2.004
3,7130,1.720
3,7131,3.043
3,7132,2.582
3,7133,2.238
3,7134,2.289
3,7135,2.566
3,7136,2.251
3,7137,2.274
3,7138,2.650
3,7139,2.175
3,7140,2.225
3,7141,2.174
3,7142,2.330
3,7143,2.198
3,7144,2.208
3,7145,2.490
3,7146,2.567
3,7147,2.039
3,7148,2.307
3,7149,2.696
3,7150,2.081
3,7151,2.111
3,7152,2.062
3,7153,2.107
3,7154,2.437
3,7155,2.121
3,7156,2.734
3,7157,2.770
3,7158,2.412
3,7159,2.221
3,7160,1.923
3,7161,2.272
3,7162,2.877
3,7163,2.706
3,7164,2.654
3,7165,2.493
3,7166,2.903
3,7167,2.548
3,7168,2.657
3,7169,3.274
3,7170,2.581
3,7171,2.303
3,7172,2.490
3,7173,2.429
3,7174,2.881
3,7175,2.498
3,7176,3.167
3,7177,2.941
3,7178,2.596
3,7179,2.636
3,7180,2.810
3,7181,2.627
3,7182,3.197
3,7183,2.464
3,7184,2.752
3,7185,2.832
3,7186,2.823
3,7187,2.895
3,7188,2.974
3,7189,2.462
3,7190,2.124
3,7191,2.080
3,7192,2.976
3,7193,3.023
3,7194,2.621
3,7195,2.716
3,7196,2.382
3,7197,2.456
3,7198,2.485
3,7199,2.219
3,7200,2.491
3,7201,2.408
3,7202,2.619
3,7203,2.502
3,7204,2.908
3,7205,2.618
3,7206,2.439
3,7207,2.134
3,7208,2.360
3,7209,2.738
3,7210,2.579
3,7211,3.022
3,7212,2.669
3,7213,2.331
3,7214,2.609
3,7215,2.326
3,7216,3.442
3,7217,2.488
3,7218,2.315
3,7219,2.495
3,7220,2.208
3,7221,1.917
3,7222,2.418
3,7223,3.634
3,7224,2.231
3,7225,2.209
3,7226,1.994
3,7227,1.989
3,7228,2.408
3,7229,2.156
3,7230,2.170
3,7231,2.708
3,7232,2.257
3,7233,1.962
3,7234,2.042
3,7235,2.079
3,7236,2.053
3,7237,3.518
3,7238,2.401
3,7239,2.965
3,7240,2.588
3,7241,2.011
3,7242,2.329
3,7243,2.422
3,7244,2.089
3,7245,2.384
3,7246,2.526
3,7247,1.843
3,7248,1.794
3,7249,1.981
3,7250,2.238
3,7251,1.883
3,7252,1.804
3,7253,2.270
3,7254,2.050
3,7255,2.387
3,7256,1.947
3,7257,1.670
3,7258,1.904
3,7259,2.100
3,7260,1.974
3,7261,1.554
3,7262,1.514
3,7263,2.077
3,7264,2.180
3,7265,2.046
3,7266,1.909
3,7267,2.282
3,7268,2.062
3,7269,2.119
3,7270,2.098
3,7271,1.861
3,7272,1.572
3,7273,2.187
3,7274,2.155
3,7275,2.578
3,7276,2.972
3,7277,2.561
3,7278,2.020
3,7279,2.188
3,7280,2.101
3,7281,1.784
3,7282,1.899
3,7283,2.044
3,7284,1.893
3,7285,1.510
3,7286,1.584
3,7287,1.940
3,7288,1.786
3,7289,1.764
3,7290,3.362
3,7291,2.385
3,7292,2.468
3,7293,3.416
3,7294,4.564
3,7295,2.764
3,7296,2.724
3,7297,2.723
3,7298,2.991
3,7299,2.654
3,7300,2.449
3,7301,2.111
3,7302,2.120
3,7303,2.669
3,7304,1.954
3,7305,1.849
3,7306,2.082
3,7307,2.370
3,7308,2.437
3,7309,2.185
3,7310,1.838
3,7311,2.156
3,7312,2.066
3,7313,2.198
3,7314,2.082
3,7315,2.318
3,7316,2.025
3,7317,1.703
3,7318,2.017
3,7319,2.488
3,7320,2.406
3,7321,1.742
3,7322,2.386
3,7323,2.130
3,7324,1.639
3,7325,1.681
3,7326,1.833
3,7327,2.074
3,7328,2.209
3,7329,2.334
3,7330,2.160
3,7331,2.187
3,7332,2.201
3,7333,1.993
3,7334,1.755
3,7335,1.798
3,7336,2.072
3,7337,2.269
3,7338,3.646
3,7339,2.455
3,7340,2.254
3,7341,2.467
3,7342,1.896
3,7343,1.466
3,7344,1.495
3,7345,2.184
3,7346,2.993
3,7347,1.939
3,7348,1.871
3,7349,1.777
3,7350,1.635
3,7351,1.747
3,7352,2.095
3,7353,1.834
3,7354,1.600
3,7355,2.143
3,7356,2.159
3,7357,2.147
3,7358,1.993
3,7359,1.944
3,7360,1.767
3,7361,2.296
3,7362,2.330
3,7363,2.184
3,7364,1.630
3,7365,1.823
3,7366,1.935
3,7367,1.910
3,7368,1.593
3,7369,2.252
3,7370,2.526
3,7371,2.376
3,7372,2.362
3,7373,1.943
3,7374,1.710
3,7375,1.698
3,7376,1.865
3,7377,2.076
3,7378,1.773
3,7379,1.644
3,7380,2.044
3,7381,2.124
3,7382,1.661
3,7383,1.834
3,7384,1.966
3,7385,1.956
3,7386,1.925
3,7387,2.403
3,7388,1.924
3,7389,1.610
3,7390,1.980
3,7391,1.710
3,7392,2.012
3,7393,2.124
3,7394,1.973
3,7395,1.775
3,7396,1.740
3,7397,2.044
3,7398,1.985
3,7399,1.787
3,7400,1.517
3,7401,1.685
3,7402,1.754
3,7403,1.794
3,7404,1.684
3,7405,1.518
3,7406,1.704
3,7407,1.653
3,7408,1.576
3,7409,1.987
3,7410,2.395
3,7411,1.942
3,7412,1.823
3,7413,1.825
3,7414,2.112
3,7415,1.668
3,7416,1.677
3,7417,1.690
3,7418,1.890
3,7419,1.857
3,7420,2.066
3,7421,1.976
3,7422,1.691
3,7423,1.615
3,7424,1.670
3,7425,1.974
3,7426,1.664
3,7427,1.509
3,7428,2.172
3,7429,1.935
3,7430,2.021
3,7431,1.850
3,7432,1.709
3,7433,1.571
3,7434,1.796
3,7435,1.659
3,7436,2.102
3,7437,2.685
3,7438,2.349
3,7439,2.388
3,7440,2.509
3,7441,2.290
3,7442,2.191
3,7443,2.081
3,7444,2.189
3,7445,3.143
3,7446,2.210
3,7447,2.044
3,7448,3.479
3,7449,2.270
3,7450,2.262
3,7451,3.359
3,7452,2.756
3,7453,2.054
3,7454,1.809
3,7455,2.113
3,7456,2.153
3,7457,2.817
3,7458,2.627
3,7459,2.233
3,7460,2.011
3,7461,1.942
3,7462,1.690
3,7463,1.681
3,7464,1.666
3,7465,1.718
3,7466,1.691
3,7467,1.876
3,7468,1.577
3,7469,1.541
3,7470,2.353
3,7471,1.935
3,7472,1.879
3,7473,2.415
3,7474,1.968
3,7475,1.693
3,7476,1.644
3,7477,1.663
3,7478,1.784
3,7479,1.800
3,7480,1.442
3,7481,1.661
3,7482,2.324
3,7483,1.869
3,7484,1.692
3,7485,1.852
3,7486,1.856
3,7487,1.771
3,7488,2.223
3,7489,2.440
3,7490,1.943
3,7491,1.712
3,7492,1.672
3,7493,1.790
3,7494,1.761
3,7495,1.529
3,7496,1.503
3,7497,1.671
3,7498,1.659
3,7499,2.513
3,7500,2.160
3,7501,1.647
3,7502,1.486
3,7503,1.544
3,7504,1.577
3,7505,1.646
3,7506,1.665
3,7507,1.439
3,7508,1.793
3,7509,3.048
3,7510,2.813
3,7511,3.259
3,7512,2.607
3,7513,2.479
3,7514,2.968
3,7515,2.463
3,7516,1.925
3,7517,1.831
3,7518,2.235
3,7519,1.714
3,7520,1.655
3,7521,1.612
3,7522,2.065
3,7523,1.866
3,7524,2.235
3,7525,1.618
3,7526,1.433
3,7527,1.503
3,7528,1.728
3,7529,1.677
3,7530,1.653
3,7531,2.078
3,7532,2.203
3,7533,2.162
3,7534,3.079
3,7535,2.422
3,7536,2.244
3,7537,2.519
3,7538,2.881
3,7539,2.119
3,7540,2.096
3,7541,2.454
3,7542,2.080
3,7543,1.853
3,7544,2.369
3,7545,2.260
3,7546,2.171
3,7547,2.269
3,7548,2.003
3,7549,1.946
3,7550,2.084
3,7551,2.247
3,7552,2.261
3,7553,2.114
3,7554,2.227
3,7555,2.106
3,7556,2.135
3,7557,3.005
3,7558,2.125
3,7559,2.048
3,7560,2.130
3,7561,2.250
3,7562,1.902
3,7563,1.899
3,7564,1.872
3,7565,1.938
3,7566,2.268
3,7567,2.541
3,7568,2.063
3,7569,2.095
3,7570,2.369
3,7571,1.866
3,7572,1.556
3,7573,1.979
3,7574,1.943
3,7575,2.437
3,7576,2.310
3,7577,1.866
3,7578,1.764
3,7579,1.814
3,7580,1.916
3,7581,1.947
3,7582,2.336
3,7583,2.217
3,7584,1.994
3,7585,2.150
3,7586,1.906
3,7587,1.913
3,7588,1.778
3,7589,1.677
3,7590,1.947
3,7591,2.509
3,7592,1.696
3,7593,1.561
3,7594,1.787
3,7595,1.790
3,7596,1.838
3,7597,1.729
3,7598,1.748
3,7599,2.128
3,7600,2.253
3,7601,2.073
3,7602,1.906
3,7603,1.545
3,7604,1.535
3,7605,1.890
3,7606,1.874
3,7607,1.834
3,7608,2.816
3,7609,2.729
3,7610,1.756
3,7611,2.122
3,7612,2.041
3,7613,1.789
3,7614,1.653
3,7615,1.899
3,7616,3.147
3,7617,2.549
3,7618,2.498
3,7619,2.476
3,7620,2.431
3,7621,2.603
3,7622,2.669
3,7623,4.983
3,7624,2.437
3,7625,1.871
3,7626,1.980
3,7627,2.010
3,7628,2.005
3,7629,2.245
3,7630,1.956
3,7631,1.715
3,7632,2.111
3,7633,2.399
3,7634,1.767
3,7635,1.949
3,7636,2.148
3,7637,2.078
3,7638,1.782
3,7639,1.650
3,7640,1.623
3,7641,1.578
3,7642,1.877
3,7643,1.951
3,7644,1.788
3,7645,1.528
3,7646,1.735
3,7647,1.868
3,7648,1.730
3,7649,1.803
3,7650,1.518
3,7651,1.533
3,7652,2.234
3,7653,2.049
3,7654,1.802
3,7655,1.907
3,7656,1.899
3,7657,1.668
3,7658,1.647
3,7659,2.033
3,7660,1.870
3,7661,2.917
3,7662,2.234
3,7663,1.869
3,7664,1.798
3,7665,1.719
3,7666,1.567
3,7667,1.449
3,7668,1.455
3,7669,1.562
3,7670,2.768
3,7671,2.515
3,7672,1.508
3,7673,1.608
3,7674,1.622
3,7675,1.482
3,7676,1.688
3,7677,1.920
3,7678,2.063
3,7679,2.065
3,7680,1.924
3,7681,2.669
3,7682,2.267
3,7683,1.796
3,7684,1.901
3,7685,2.380
3,7686,2.359
3,7687,2.286
3,7688,2.083
3,7689,2.230
3,7690,2.226
3,7691,2.006
3,7692,1.750
3,7693,2.687
3,7694,2.429
3,7695,2.218
3,7696,2.057
3,7697,2.260
3,7698,1.958
3,7699,2.004
3,7700,2.235
3,7701,2.069
3,7702,2.196
3,7703,2.223
3,7704,2.153
3,7705,2.170
3,7706,2.261
3,7707,2.083
3,7708,2.297
3,7709,2.050
3,7710,1.807
3,7711,1.581
3,7712,1.575
3,7713,1.608
3,7714,2.415
3,7715,1.996
3,7716,1.652
3,7717,1.904
3,7718,1.717
3,7719,1.821
3,7720,1.685
3,7721,1.669
3,7722,1.533
3,7723,1.526
3,7724,1.957
3,7725,1.934
3,7726,2.489
3,7727,2.027
3,7728,2.236
3,7729,2.267
3,7730,2.387
3,7731,2.420
3,7732,2.857
3,7733,3.023
3,7734,2.589
3,7735,2.172
3,7736,2.316
3,7737,2.812
3,7738,2.670
3,7739,2.607
3,7740,2.064
3,7741,2.034
3,7742,2.181
3,7743,1.975
3,7744,1.785
3,7745,1.816
3,7746,2.477
3,7747,2.547
3,7748,1.901
3,7749,2.023
3,7750,2.196
3,7751,2.977
3,7752,2.623
3,7753,2.290
3,7754,2.098
3,7755,3.333
3,7756,2.162
3,7757,2.080
3,7758,2.400
3,7759,2.491
3,7760,3.419
3,7761,2.558
3,7762,2.745
3,7763,2.390
3,7764,2.186
3,7765,2.223
3,7766,2.342
3,7767,2.510
3,7768,2.467
3,7769,2.852
3,7770,2.458
3,7771,2.621
3,7772,2.968
3,7773,2.608
3,7774,2.949
3,7775,2.458
3,7776,2.647
3,7777,2.298
3,7778,2.621
3,7779,2.621
3,7780,2.488
3,7781,2.420
3,7782,2.563
3,7783,2.469
3,7784,2.815
3,7785,2.469
3,7786,2.245
3,7787,2.847
3,7788,2.329
3,7789,2.277
3,7790,3.053
3,7791,2.616
3,7792,2.851
3,7793,2.821
3,7794,3.260
3,7795,2.947
3,7796,3.980
3,7797,3.336
3,7798,2.759
3,7799,2.871
3,7800,2.831
3,7801,2.926
3,7802,3.214
3,7803,2.778
3,7804,2.909
3,7805,2.731
3,7806,3.136
3,7807,2.932
3,7808,3.510
3,7809,2.995
3,7810,3.301
3,7811,3.052
3,7812,3.027
3,7813,3.067
3,7814,3.459
3,7815,3.065
3,7816,3.301
3,7817,3.033
3,7818,2.825
3,7819,2.932
3,7820,3.504
3,7821,2.960
3,7822,3.118
3,7823,2.991
3,7824,3.734
3,7825,3.082
3,7826,3.955
3,7827,2.704
3,7828,2.923
3,7829,2.705
3,7830,2.780
3,7831,3.147
3,7832,3.121
3,7833,2.727
3,7834,2.537
3,7835,2.695
3,7836,2.776
3,7837,3.308
3,7838,3.211
3,7839,2.709
3,7840,2.854
3,7841,2.798
3,7842,2.630
3,7843,3.410
3,7844,2.933
3,7845,2.703
3,7846,2.873
3,7847,2.998
3,7848,2.969
3,7849,2.538
3,7850,2.910
3,7851,2.425
3,7852,2.121
3,7853,2.339
3,7854,3.332
3,7855,2.522
3,7856,2.688
3,7857,2.946
3,7858,2.509
3,7859,2.553
3,7860,2.800
3,7861,2.773
3,7862,2.295
3,7863,2.835
3,7864,2.826
3,7865,2.376
3,7866,2.503
3,7867,2.017
3,7868,2.125
3,7869,2.361
3,7870,2.440
3,7871,2.043
3,7872,3.205
3,7873,2.536
3,7874,2.318
3,7875,2.203
3,7876,2.217
3,7877,2.236
3,7878,2.456
3,7879,3.103
3,7880,2.651
3,7881,2.801
3,7882,2.295
3,7883,2.320
3,7884,2.281
3,7885,2.382
3,7886,2.835
3,7887,2.465
3,7888,2.661
3,7889,2.738
3,7890,2.439
3,7891,2.902
3,7892,2.516
3,7893,2.781
3,7894,2.392
3,7895,2.167
3,7896,2.309
3,7897,3.086
3,7898,2.538
3,7899,2.729
3,7900,2.862
3,7901,2.730
3,7902,2.687
3,7903,2.721
3,7904,2.367
3,7905,2.309
3,7906,2.079
3,7907,2.462
3,7908,2.546
3,7909,2.530
3,7910,2.336
3,7911,2.385
3,7912,2.333
3,7913,2.474
3,7914,2.795
3,7915,2.616
3,7916,3.154
3,7917,2.774
3,7918,2.743
3,7919,2.581
3,7920,2.940
3,7921,3.319
3,7922,2.094
3,7923,2.146
3,7924,2.486
3,7925,2.116
3,7926,2.252
3,7927,2.591
3,7928,3.043
3,7929,2.573
3,7930,2.294
3,7931,2.159
3,7932,2.581
3,7933,2.253
3,7934,2.134
3,7935,3.394
3,7936,2.468
3,7937,2.545
3,7938,2.744
3,7939,2.275
3,7940,3.121
3,7941,2.444
3,7942,2.883
3,7943,2.602
3,7944,2.375
3,7945,2.544
3,7946,2.633
3,7947,2.491
3,7948,2.612
3,7949,2.663
3,7950,2.372
3,7951,2.344
3,7952,2.547
3,7953,2.262
3,7954,2.487
3,7955,2.252
3,7956,2.575
3,7957,2.488
3,7958,2.238
3,7959,2.789
3,7960,2.951
3,7961,2.234
3,7962,2.337
3,7963,2.649
3,7964,2.160
3,7965,2.281
3,7966,2.827
3,7967,2.390
3,7968,2.562
3,7969,2.247
3,7970,2.376
3,7971,2.349
3,7972,2.483
3,7973,2.317
3,7974,2.399
3,7975,2.309
3,7976,2.468
3,7977,2.832
3,7978,2.200
3,7979,2.600
3,7980,2.867
3,7981,2.385
3,7982,2.595
3,7983,2.356
3,7984,2.555
3,7985,2.427
3,7986,2.237
3,7987,2.456
3,7988,2.567
3,7989,2.385
3,7990,2.311
3,7991,3.036
3,7992,3.143
3,7993,2.739
3,7994,2.649
3,7995,2.745
3,7996,2.660
3,7997,3.312
3,7998,2.831
3,7999,2.819
3,8000,2.416
3,8001,2.379
3,8002,2.171
3,8003,2.715
3,8004,2.579
3,8005,1.866
3,8006,2.105
3,8007,2.248
3,8008,2.246
3,8009,2.200
3,8010,2.673
3,8011,2.501
3,8012,2.702
3,8013,2.184
3,8014,1.893
3,8015,2.339
3,8016,2.302
3,8017,2.434
3,8018,2.473
3,8019,2.321
3,8020,2.974
3,8021,2.393
3,8022,2.130
3,8023,2.149
3,8024,2.490
3,8025,2.890
3,8026,4.151
3,8027,3.021
3,8028,2.749
3,8029,2.349
3,8030,2.010
3,8031,1.929
3,8032,2.203
3,8033,1.857
3,8034,1.591
3,8035,2.678
3,8036,2.370
3,8037,2.433
3,8038,2.240
3,8039,2.044
3,8040,2.115
3,8041,3.275
3,8042,2.750
3,8043,2.173
3,8044,2.422
3,8045,2.158
3,8046,1.929
3,8047,1.968
3,8048,1.980
3,8049,2.239
3,8050,3.920
3,8051,2.152
3,8052,2.091
3,8053,2.316
3,8054,2.255
3,8055,2.055
3,8056,3.386
3,8057,3.308
3,8058,2.706
3,8059,2.379
3,8060,2.520
3,8061,3.207
3,8062,2.624
3,8063,2.992
3,8064,2.190
3,8065,2.089
3,8066,2.134
3,8067,2.008
3,8068,2.104
3,8069,2.585
3,8070,2.196
3,8071,2.131
3,8072,1.941
3,8073,2.155
3,8074,2.086
3,8075,2.324
3,8076,2.651
3,8077,2.034
3,8078,1.676
3,8079,2.108
3,8080,1.876
3,8081,1.572
3,8082,1.702
3,8083,2.270
3,8084,3.059
3,8085,2.483
3,8086,2.314
3,8087,2.226
3,8088,1.929
3,8089,1.849
3,8090,1.724
3,8091,2.187
3,8092,2.057
3,8093,2.023
3,8094,1.678
3,8095,1.544
3,8096,2.289
3,8097,1.718
3,8098,1.568
3,8099,1.874
3,8100,1.891
3,8101,1.689
3,8102,1.897
3,8103,1.925
3,8104,2.114
3,8105,2.097
3,8106,1.629
3,8107,2.168
3,8108,2.484
3,8109,2.881
3,8110,2.303
3,8111,2.014
3,8112,1.733
3,8113,2.358
3,8114,1.954
3,8115,2.072
3,8116,2.260
3,8117,2.103
3,8118,1.872
3,8119,1.711
3,8120,1.607
3,8121,1.473
3,8122,2.085
3,8123,2.443
3,8124,1.867
3,8125,1.538
3,8126,1.548
3,8127,1.774
3,8128,1.749
3,8129,1.702
3,8130,1.716
3,8131,2.190
3,8132,2.894
3,8133,2.498
3,8134,2.276
3,8135,1.943
3,8136,1.803
3,8137,1.776
3,8138,1.815
3,8139,2.895
3,8140,2.375
3,8141,1.726
3,8142,1.539
3,8143,1.533
3,8144,1.826
3,8145,1.692
3,8146,1.452
3,8147,2.729
3,8148,2.056
3,8149,2.282
3,8150,1.815
3,8151,1.411
3,8152,1.802
3,8153,1.664
3,8154,1.587
3,8155,1.851
3,8156,2.012
3,8157,1.816
3,8158,1.666
3,8159,1.999
3,8160,2.084
3,8161,1.638
3,8162,1.534
3,8163,1.508
3,8164,1.813
3,8165,1.758
3,8166,1.819
3,8167,1.895
3,8168,2.300
3,8169,2.434
3,8170,1.957
3,8171,1.979
3,8172,1.674
3,8173,1.721
3,8174,1.684
3,8175,1.721
3,8176,1.716
3,8177,1.625
3,8178,1.428
3,8179,2.029
3,8180,1.804
3,8181,1.887
3,8182,2.230
3,8183,2.171
3,8184,2.199
3,8185,2.810
3,8186,2.845
3,8187,2.544
3,8188,2.331
3,8189,2.005
3,8190,2.529
3,8191,2.359
3,8192,2.379
3,8193,2.594
3,8194,3.427
3,8195,2.213
3,8196,2.124
3,8197,2.084
3,8198,1.943
3,8199,2.012
3,8200,2.577
3,8201,2.653
3,8202,3.013
3,8203,2.542
3,8204,2.395
3,8205,2.465
3,8206,3.556
3,8207,3.363
3,8208,2.795
3,8209,2.455
3,8210,2.553
3,8211,2.200
3,8212,2.585
3,8213,3.070
3,8214,2.599
3,8215,2.773
3,8216,2.589
3,8217,2.476
3,8218,2.905
3,8219,2.501
3,8220,2.430
3,8221,2.334
3,8222,2.728
3,8223,3.308
3,8224,2.859
3,8225,2.707
3,8226,2.262
3,8227,2.101
3,8228,2.197
3,8229,2.712
3,8230,2.554
3,8231,2.453
3,8232,2.504
3,8233,2.808
3,8234,2.443
3,8235,2.307
3,8236,2.833
3,8237,2.742
3,8238,2.214
3,8239,2.845
3,8240,2.682
3,8241,2.679
3,8242,3.105
3,8243,3.085
3,8244,2.927
3,8245,2.366
3,8246,2.092
3,8247,2.270
3,8248,2.997
3,8249,3.050
3,8250,2.535
3,8251,1.964
3,8252,1.845
3,8253,1.808
3,8254,1.513
3,8255,1.441
3,8256,1.688
3,8257,1.720
3,8258,1.706
3,8259,1.546
3,8260,2.209
3,8261,1.908
3,8262,1.821
3,8263,1.685
3,8264,1.624
3,8265,2.720
3,8266,2.224
3,8267,2.212
3,8268,2.908
3,8269,2.542
3,8270,2.063
3,8271,2.173
3,8272,2.058
3,8273,1.687
3,8274,1.590
3,8275,1.747
3,8276,1.735
3,8277,1.769
3,8278,2.504
3,8279,1.913
3,8280,1.952
3,8281,2.141
3,8282,2.229
3,8283,2.057
3,8284,1.831
3,8285,1.983
3,8286,2.070
3,8287,3.466
3,8288,2.380
3,8289,2.191
3,8290,2.227
3,8291,2.856
3,8292,2.188
3,8293,2.273
3,8294,3.026
3,8295,2.232
3,8296,2.124
3,8297,2.179
3,8298,1.969
3,8299,2.125
3,8300,2.417
3,8301,2.616
3,8302,2.870
3,8303,2.240
3,8304,2.321
3,8305,2.089
3,8306,2.240
3,8307,2.740
3,8308,2.510
3,8309,2.707
3,8310,2.019
3,8311,2.407
3,8312,2.650
3,8313,2.385
3,8314,2.496
3,8315,2.072
3,8316,2.412
3,8317,2.344
3,8318,1.974
3,8319,2.001
3,8320,2.429
3,8321,2.313
3,8322,2.050
3,8323,2.780
3,8324,2.672
3,8325,2.339
3,8326,2.439
3,8327,2.750
3,8328,2.855
3,8329,2.692
3,8330,2.429
3,8331,3.241
3,8332,3.246
3,8333,3.747
3,8334,2.644
3,8335,2.701
3,8336,2.794
3,8337,2.851
3,8338,2.864
3,8339,2.779
3,8340,2.544
3,8341,2.442
3,8342,2.483
3,8343,2.622
3,8344,3.393
3,8345,2.976
3,8346,2.499
3,8347,2.401
3,8348,2.436
3,8349,2.471
3,8350,3.015
3,8351,2.852
3,8352,2.316
3,8353,2.427
3,8354,2.307
3,8355,2.145
3,8356,2.095
3,8357,2.535
3,8358,2.563
3,8359,2.438
3,8360,2.179
3,8361,1.986
3,8362,2.135
3,8363,2.170
3,8364,2.538
3,8365,2.432
3,8366,3.147
3,8367,2.401
3,8368,2.426
3,8369,2.570
3,8370,2.395
3,8371,2.966
3,8372,2.119
3,8373,2.145
3,8374,2.090
3,8375,1.920
3,8376,1.846
3,8377,1.781
3,8378,2.707
3,8379,1.928
3,8380,1.847
3,8381,2.100
3,8382,2.106
3,8383,1.667
3,8384,1.919
3,8385,2.283
3,8386,2.073
3,8387,1.785
3,8388,1.848
3,8389,2.004
3,8390,1.874
3,8391,4.775
3,8392,3.832
3,8393,3.443
3,8394,2.673
3,8395,2.514
3,8396,2.683
3,8397,2.735
3,8398,2.482
3,8399,2.212
3,8400,2.548
3,8401,2.690
3,8402,2.420
3,8403,3.437
3,8404,2.800
3,8405,5.058
3,8406,2.940
3,8407,3.369
3,8408,3.169
3,8409,3.133
3,8410,2.367
3,8411,1.799
3,8412,1.954
3,8413,1.732
3,8414,1.642
3,8415,2.770
3,8416,2.145
3,8417,1.621
3,8418,1.843
3,8419,2.035
3,8420,2.084
3,8421,2.454
3,8422,2.667
3,8423,2.202
3,8424,2.017
3,8425,1.941
3,8426,1.868
3,8427,1.540
3,8428,1.639
3,8429,1.954
3,8430,2.203
3,8431,2.179
3,8432,1.834
3,8433,2.322
3,8434,1.698
3,8435,1.992
3,8436,1.753
3,8437,1.726
3,8438,1.741
3,8439,2.008
3,8440,1.861
3,8441,1.779
3,8442,1.697
3,8443,1.375
3,8444,1.540
3,8445,1.601
3,8446,1.582
3,8447,2.013
3,8448,2.017
3,8449,1.794
3,8450,1.684
3,8451,1.593
3,8452,1.951
3,8453,1.623
3,8454,1.408
3,8455,1.371
3,8456,1.602
3,8457,2.810
3,8458,3.098
3,8459,3.289
3,8460,3.197
3,8461,3.265
3,8462,2.909
3,8463,2.504
3,8464,3.035
3,8465,2.667
3,8466,2.624
3,8467,2.272
3,8468,2.903
3,8469,2.556
3,8470,2.441
3,8471,2.419
3,8472,2.324
3,8473,2.349
3,8474,1.805
3,8475,2.501
3,8476,2.512
3,8477,2.651
3,8478,3.002
3,8479,2.729
3,8480,3.839
3,8481,4.022
3,8482,3.360
3,8483,2.695
3,8484,2.288
3,8485,2.586
3,8486,3.311
3,8487,2.638
3,8488,2.388
3,8489,2.574
3,8490,2.525
3,8491,2.257
3,8492,2.625
3,8493,3.041
3,8494,2.441
3,8495,2.256
3,8496,2.174
3,8497,2.651
3,8498,2.984
3,8499,2.382
3,8500,2.723
3,8501,1.984
3,8502,1.829
3,8503,1.912
3,8504,1.863
3,8505,1.956
3,8506,2.431
3,8507,2.568
3,8508,2.449
3,8509,1.696
3,8510,1.933
3,8511,1.868
3,8512,1.865
3,8513,2.593
3,8514,3.171
3,8515,2.507
3,8516,4.668
3,8517,2.521
3,8518,2.113
3,8519,2.614
3,8520,1.789
3,8521,1.674
3,8522,1.565
3,8523,1.820
3,8524,1.568
3,8525,1.730
3,8526,1.866
3,8527,2.329
3,8528,2.034
3,8529,2.057
3,8530,2.008
3,8531,1.647
3,8532,1.808
3,8533,1.622
3,8534,1.498
3,8535,1.627
3,8536,2.350
3,8537,1.666
3,8538,1.410
3,8539,1.602
3,8540,1.799
3,8541,1.820
3,8542,2.025
3,8543,1.729
3,8544,1.808
3,8545,2.580
3,8546,2.088
3,8547,1.850
3,8548,1.714
3,8549,1.531
3,8550,1.537
3,8551,1.791
3,8552,1.918
3,8553,1.933
3,8554,2.150
3,8555,2.457
3,8556,2.762
3,8557,2.758
3,8558,3.149
3,8559,2.432
3,8560,2.604
3,8561,1.987
3,8562,1.528
3,8563,1.399
3,8564,1.807
3,8565,1.706
3,8566,1.700
3,8567,1.746
3,8568,2.904
3,8569,2.273
3,8570,2.922
3,8571,2.315
3,8572,2.062
3,8573,1.869
3,8574,2.050
3,8575,2.289
3,8576,3.205
3,8577,2.371
3,8578,2.236
3,8579,2.449
3,8580,2.273
3,8581,2.057
3,8582,2.393
3,8583,2.786
3,8584,1.784
3,8585,1.462
3,8586,1.571
3,8587,1.721
3,8588,1.604
3,8589,1.767
3,8590,1.866
3,8591,2.571
3,8592,2.575
3,8593,2.494
3,8594,2.120
3,8595,1.753
3,8596,1.837
3,8597,1.934
3,8598,2.228
3,8599,2.385
3,8600,3.266
3,8601,2.999
3,8602,2.797
3,8603,2.567
3,8604,2.394
3,8605,3.344
3,8606,3.800
3,8607,3.015
3,8608,3.135
3,8609,3.331
3,8610,2.472
3,8611,2.292
3,8612,2.692
3,8613,1.734
3,8614,1.555
3,8615,2.133
3,8616,2.225
3,8617,2.081
3,8618,1.928
3,8619,1.630
3,8620,1.478
3,8621,2.087
3,8622,1.820
3,8623,1.809
3,8624,2.168
3,8625,1.980
3,8626,2.266
3,8627,2.074
3,8628,1.849
3,8629,1.725
3,8630,2.255
3,8631,1.971
3,8632,2.269
3,8633,2.348
3,8634,1.836
3,8635,1.538
3,8636,1.731
3,8637,2.092
3,8638,1.839
3,8639,2.626
3,8640,2.216
3,8641,1.883
3,8642,1.593
3,8643,1.861
3,8644,1.750
3,8645,1.489
3,8646,1.468
3,8647,1.578
3,8648,2.241
3,8649,2.069
3,8650,1.581
3,8651,2.158
3,8652,2.065
3,8653,1.723
3,8654,1.821
3,8655,1.839
3,8656,1.806
3,8657,1.860
3,8658,2.202
3,8659,2.100
3,8660,1.758
3,8661,1.730
3,8662,1.936
3,8663,1.916
3,8664,2.270
3,8665,2.435
3,8666,2.015
3,8667,2.334
3,8668,1.805
3,8669,1.969
3,8670,1.651
3,8671,1.459
3,8672,2.151
3,8673,2.113
3,8674,1.927
3,8675,1.619
3,8676,2.004
3,8677,1.787
3,8678,1.582
3,8679,1.504
3,8680,1.868
3,8681,1.837
3,8682,1.568
3,8683,1.531
3,8684,1.807
3,8685,1.900
3,8686,2.139
3,8687,1.770
3,8688,1.984
3,8689,1.989
3,8690,3.976
3,8691,2.457
3,8692,2.016
3,8693,2.034
3,8694,2.916
3,8695,2.181
3,8696,2.653
3,8697,2.386
3,8698,2.252
3,8699,2.229
3,8700,1.967
3,8701,1.928
3,8702,2.355
3,8703,2.872
3,8704,1.875
3,8705,1.862
3,8706,2.323
3,8707,1.858
3,8708,1.792
3,8709,2.177
3,8710,2.270
3,8711,1.982
3,8712,2.348
3,8713,2.029
3,8714,1.721
3,8715,1.479
3,8716,1.797
3,8717,1.764
3,8718,1.916
3,8719,2.017
3,8720,1.785
3,8721,1.733
3,8722,1.684
3,8723,1.852
3,8724,2.010
3,8725,1.749
3,8726,1.535
3,8727,1.918
3,8728,2.044
3,8729,1.936
3,8730,1.449
3,8731,1.504
3,8732,1.812
3,8733,1.710
3,8734,1.573
3,8735,1.939
3,8736,2.134
3,8737,1.912
3,8738,1.692
3,8739,2.100
3,8740,2.281
3,8741,1.945
3,8742,2.132
3,8743,2.427
3,8744,2.334
3,8745,2.273
3,8746,2.179
3,8747,2.203
3,8748,2.121
3,8749,2.427
3,8750,2.247
3,8751,2.298
3,8752,2.353
3,8753,2.090
3,8754,1.932
3,8755,2.318
3,8756,2.078
3,8757,2.465
3,8758,2.730
3,8759,2.528
3,8760,2.531
3,8761,2.721
3,8762,3.181
3,8763,3.089
3,8764,2.283
3,8765,1.800
3,8766,2.089
3,8767,1.737
3,8768,1.492
3,8769,1.599
3,8770,2.227
3,8771,2.225
3,8772,1.754
3,8773,1.677
3,8774,1.854
3,8775,1.740
3,8776,1.696
3,8777,1.805
3,8778,1.790
3,8779,1.969
3,8780,1.972
3,8781,2.108
3,8782,2.000
3,8783,1.937
3,8784,1.994
3,8785,1.981
3,8786,2.182
3,8787,1.869
3,8788,3.346
3,8789,2.260
3,8790,2.020
3,8791,2.355
3,8792,1.726
3,8793,1.462
3,8794,1.593
3,8795,1.846
3,8796,2.840
3,8797,2.312
3,8798,1.862
3,8799,1.691
3,8800,1.572
3,8801,1.814
3,8802,2.019
3,8803,1.717
3,8804,2.262
3,8805,2.128
3,8806,2.112
3,8807,1.776
3,8808,1.881
3,8809,1.916
3,8810,1.809
3,8811,2.162
3,8812,2.464
3,8813,1.883
3,8814,1.546
3,8815,1.841
3,8816,1.828
3,8817,1.781
3,8818,1.453
3,8819,1.485
3,8820,1.768
3,8821,2.162
3,8822,2.045
3,8823,1.988
3,8824,1.789
3,8825,1.896
3,8826,1.619
3,8827,1.724
3,8828,1.751
3,8829,1.567
3,8830,1.928
3,8831,2.283
3,8832,2.022
3,8833,2.081
3,8834,2.804
3,8835,1.954
3,8836,1.651
3,8837,2.523
3,8838,2.133
3,8839,1.706
3,8840,1.468
3,8841,1.898
3,8842,1.949
3,8843,2.058
3,8844,1.550
3,8845,1.897
3,8846,1.793
3,8847,1.710
3,8848,1.802
3,8849,1.972
3,8850,1.659
3,8851,1.482
3,8852,1.547
3,8853,2.038
3,8854,1.888
3,8855,2.331
3,8856,2.428
3,8857,2.369
3,8858,2.330
3,8859,2.370
3,8860,1.996
3,8861,2.519
3,8862,3.227
3,8863,2.748
3,8864,2.209
3,8865,3.954
3,8866,2.546
3,8867,2.642
3,8868,2.296
3,8869,2.237
3,8870,2.680
3,8871,2.278
3,8872,2.222
3,8873,2.309
3,8874,3.192
3,8875,2.796
3,8876,2.190
3,8877,2.058
3,8878,2.273
3,8879,2.149
3,8880,2.288
3,8881,2.407
3,8882,2.510
3,8883,2.316
3,8884,2.109
3,8885,2.098
3,8886,1.887
3,8887,2.736
3,8888,2.515
3,8889,2.231
3,8890,2.503
3,8891,2.670
3,8892,2.235
3,8893,2.207
3,8894,2.812
3,8895,2.493
3,8896,2.313
3,8897,2.267
3,8898,2.698
3,8899,2.481
3,8900,2.894
3,8901,2.673
3,8902,2.415
3,8903,2.751
3,8904,2.469
3,8905,2.611
3,8906,2.686
3,8907,2.730
3,8908,2.375
3,8909,2.460
3,8910,2.369
3,8911,2.388
3,8912,2.443
3,8913,2.411
3,8914,2.171
3,8915,2.258
3,8916,2.391
3,8917,2.556
3,8918,2.521
3,8919,2.669
3,8920,2.488
3,8921,2.293
3,8922,2.287
3,8923,2.624
3,8924,2.373
3,8925,2.301
3,8926,3.107
3,8927,2.543
3,8928,2.539
3,8929,2.788
3,8930,2.700
3,8931,2.980
3,8932,2.680
3,8933,2.601
3,8934,2.357
3,8935,2.320
3,8936,2.019
3,8937,2.236
3,8938,2.522
3,8939,2.488
3,8940,2.564
3,8941,2.752
3,8942,2.351
3,8943,2.753
3,8944,2.550
3,8945,3.559
3,8946,2.799
3,8947,3.024
3,8948,2.393
3,8949,2.246
3,8950,2.648
3,8951,2.411
3,8952,2.193
3,8953,2.313
3,8954,2.795
3,8955,2.173
3,8956,2.150
3,8957,2.375
3,8958,2.325
3,8959,2.344
3,8960,2.085
3,8961,1.883
3,8962,3.501
3,8963,2.967
3,8964,2.212
3,8965,2.091
3,8966,2.011
3,8967,2.015
3,8968,2.076
3,8969,2.524
3,8970,1.790
3,8971,2.234
3,8972,2.327
3,8973,1.885
3,8974,1.703
3,8975,1.897
3,8976,1.756
3,8977,1.955
3,8978,2.380
3,8979,2.115
3,8980,2.092
3,8981,2.064
3,8982,2.129
3,8983,1.939
3,8984,1.717
3,8985,1.763
3,8986,2.250
3,8987,3.290
3,8988,1.938
3,8989,1.646
3,8990,1.558
3,8991,1.462
3,8992,1.673
3,8993,1.578
3,8994,1.504
3,8995,1.931
3,8996,1.774
3,8997,2.005
3,8998,1.855
3,8999,1.591
3,9000,1.630
3,9001,1.676
3,9002,1.575
3,9003,1.987
3,9004,2.359
3,9005,1.711
3,9006,1.619
3,9007,2.125
3,9008,2.046
3,9009,1.999
3,9010,1.766
3,9011,1.835
3,9012,1.917
3,9013,1.672
3,9014,2.108
3,9015,2.016
3,9016,2.070
3,9017,1.714
3,9018,1.609
3,9019,1.785
3,9020,2.411
3,9021,2.897
3,9022,3.123
3,9023,2.525
3,9024,2.906
3,9025,2.455
3,9026,2.278
3,9027,2.472
3,9028,2.195
3,9029,1.820
3,9030,2.168
3,9031,2.312
3,9032,2.351
3,9033,3.068
3,9034,2.731
3,9035,2.751
3,9036,2.530
3,9037,2.132
3,9038,2.503
3,9039,3.754
3,9040,2.635
3,9041,2.680
3,9042,2.211
3,9043,2.426
3,9044,3.588
3,9045,3.808
3,9046,2.222
3,9047,1.690
3,9048,1.488
3,9049,1.803
3,9050,2.028
3,9051,1.839
3,9052,2.719
3,9053,2.663
3,9054,2.086
3,9055,3.048
3,9056,2.481
3,9057,1.924
3,9058,2.142
3,9059,2.292
3,9060,2.054
3,9061,2.428
3,9062,2.938
3,9063,2.587
3,9064,2.492
3,9065,2.426
3,9066,2.209
3,9067,2.513
3,9068,2.980
3,9069,2.148
3,9070,2.365
3,9071,2.391
3,9072,2.590
3,9073,2.311
3,9074,1.901
3,9075,1.807
3,9076,2.805
3,9077,1.885
3,9078,1.738
3,9079,2.908
3,9080,2.206
3,9081,1.844
3,9082,1.839
3,9083,1.784
3,9084,1.865
3,9085,1.632
3,9086,2.089
3,9087,3.056
3,9088,2.061
3,9089,1.993
3,9090,1.945
3,9091,1.802
3,9092,1.662
3,9093,1.917
3,9094,2.052
3,9095,2.844
3,9096,2.529
3,9097,2.254
3,9098,2.333
3,9099,2.426
3,9100,2.740
3,9101,2.820
3,9102,2.078
3,9103,1.728
3,9104,1.753
3,9105,1.804
3,9106,1.487
3,9107,1.457
3,9108,1.471
3,9109,1.891
3,9110,2.024
3,9111,1.942
3,9112,1.726
3,9113,1.842
3,9114,1.691
3,9115,1.549
3,9116,1.771
3,9117,2.443
3,9118,1.986
3,9119,1.835
3,9120,2.029
3,9121,1.829
3,9122,1.734
3,9123,1.680
3,9124,1.883
3,9125,1.837
3,9126,3.301
3,9127,2.214
3,9128,2.202
3,9129,3.603
3,9130,2.202
3,9131,1.649
3,9132,1.622
3,9133,1.963
3,9134,1.870
3,9135,1.803
3,9136,1.649
3,9137,1.710
3,9138,1.844
3,9139,1.545
3,9140,1.597
3,9141,1.852
3,9142,2.108
3,9143,1.559
3,9144,1.601
3,9145,1.831
3,9146,3.696
3,9147,2.609
3,9148,2.013
3,9149,1.908
3,9150,1.935
3,9151,2.012
3,9152,1.714
3,9153,1.503
3,9154,1.553
3,9155,1.707
3,9156,1.881
3,9157,1.949
3,9158,1.933
3,9159,1.864
3,9160,1.820
3,9161,1.863
3,9162,1.906
3,9163,1.645
3,9164,1.468
3,9165,1.521
3,9166,2.323
3,9167,2.429
3,9168,2.006
3,9169,1.805
3,9170,2.158
3,9171,2.062
3,9172,1.835
3,9173,2.154
3,9174,2.494
3,9175,2.258
3,9176,2.560
3,9177,2.161
3,9178,1.797
3,9179,1.972
3,9180,2.180
3,9181,2.958
3,9182,3.551
3,9183,2.373
3,9184,2.522
3,9185,2.726
3,9186,2.611
3,9187,2.391
3,9188,2.182
3,9189,2.186
3,9190,1.616
3,9191,1.674
3,9192,1.735
3,9193,1.853
3,9194,2.318
3,9195,2.170
3,9196,1.825
3,9197,1.628
3,9198,2.191
3,9199,2.148
3,9200,1.762
3,9201,1.688
3,9202,2.371
3,9203,1.794
3,9204,1.731
3,9205,1.712
3,9206,1.571
3,9207,2.010
3,9208,1.574
3,9209,1.686
3,9210,1.851
3,9211,2.391
3,9212,1.602
3,9213,1.821
3,9214,1.695
3,9215,1.664
3,9216,1.663
3,9217,2.230
3,9218,1.605
3,9219,2.335
3,9220,2.184
3,9221,1.984
3,9222,1.805
3,9223,1.683
3,9224,1.906
3,9225,2.179
3,9226,2.416
3,9227,2.029
3,9228,1.753
3,9229,1.638
3,9230,1.580
3,9231,1.782
3,9232,1.850
3,9233,1.591
3,9234,1.552
3,9235,2.121
3,9236,2.578
3,9237,1.993
3,9238,2.038
3,9239,1.971
3,9240,1.891
3,9241,1.884
3,9242,2.263
3,9243,2.442
3,9244,2.869
3,9245,2.640
3,9246,2.593
3,9247,2.452
3,9248,2.207
3,9249,2.300
3,9250,1.748
3,9251,2.050
3,9252,1.679
3,9253,1.655
3,9254,1.698
3,9255,1.867
3,9256,2.295
3,9257,2.703
3,9258,2.318
3,9259,2.211
3,9260,2.143
3,9261,2.120
3,9262,1.723
3,9263,1.792
3,9264,2.592
3,9265,1.877
3,9266,1.607
3,9267,1.522
3,9268,1.759
3,9269,1.916
3,9270,2.124
3,9271,2.361
3,9272,2.449
3,9273,2.163
3,9274,2.304
3,9275,2.058
3,9276,1.645
3,9277,1.814
3,9278,1.705
3,9279,1.922
3,9280,1.801
3,9281,1.531
3,9282,1.615
3,9283,1.813
3,9284,1.654
3,9285,1.798
3,9286,1.837
3,9287,1.873
3,9288,2.130
3,9289,2.670
3,9290,2.507
3,9291,2.233
3,9292,2.326
3,9293,2.443
3,9294,2.678
3,9295,3.096
3,9296,2.578
3,9297,2.619
3,9298,2.768
3,9299,1.931
3,9300,1.626
3,9301,1.955
3,9302,1.889
3,9303,2.380
3,9304,1.797
3,9305,1.668
3,9306,1.678
3,9307,1.585
3,9308,1.926
3,9309,2.012
3,9310,1.706
3,9311,1.541
3,9312,1.702
3,9313,2.007
3,9314,1.814
3,9315,1.624
3,9316,1.622
3,9317,1.690
3,9318,1.704
3,9319,1.977
3,9320,2.546
3,9321,2.277
3,9322,2.491
3,9323,2.447
3,9324,2.803
3,9325,2.327
3,9326,2.365
3,9327,2.234
3,9328,2.064
3,9329,2.255
3,9330,1.847
3,9331,1.902
3,9332,2.151
3,9333,2.466
3,9334,2.199
3,9335,2.158
3,9336,2.343
3,9337,2.813
3,9338,2.125
3,9339,2.281
3,9340,2.558
3,9341,2.732
3,9342,2.136
3,9343,1.979
3,9344,2.128
3,9345,2.837
3,9346,2.252
3,9347,2.373
3,9348,2.194
3,9349,2.203
3,9350,2.453
3,9351,1.958
3,9352,1.697
3,9353,3.974
3,9354,3.170
3,9355,2.062
3,9356,1.748
3,9357,1.610
3,9358,1.648
3,9359,1.851
3,9360,1.648
3,9361,2.067
3,9362,1.949
3,9363,1.855
3,9364,1.868
3,9365,1.746
3,9366,1.693
3,9367,2.164
3,9368,2.352
3,9369,4.067
3,9370,2.592
3,9371,2.083
3,9372,2.302
3,9373,2.348
3,9374,2.125
3,9375,2.505
3,9376,2.411
3,9377,2.141
3,9378,2.137
3,9379,1.678
3,9380,1.682
3,9381,1.659
3,9382,1.705
3,9383,1.940
3,9384,1.821
3,9385,1.564
3,9386,1.935
3,9387,1.833
3,9388,2.140
3,9389,1.923
3,9390,2.126
3,9391,2.282
3,9392,2.807
3,9393,2.218
3,9394,1.771
3,9395,1.646
3,9396,2.121
3,9397,1.809
3,9398,1.675
3,9399,1.556
3,9400,3.118
3,9401,2.111
3,9402,1.716
3,9403,1.718
3,9404,1.765
3,9405,1.847
3,9406,2.048
3,9407,4.074
3,9408,2.385
3,9409,1.974
3,9410,1.834
3,9411,1.767
3,9412,1.806
3,9413,2.206
3,9414,2.498
3,9415,2.424
3,9416,2.918
3,9417,2.398
3,9418,1.861
3,9419,2.016
3,9420,2.204
3,9421,2.382
3,9422,2.095
3,9423,1.905
3,9424,1.807
3,9425,2.014
3,9426,2.055
3,9427,1.656
3,9428,1.562
3,9429,1.655
3,9430,3.253
3,9431,2.078
3,9432,1.682
3,9433,2.029
3,9434,1.853
3,9435,1.726
3,9436,2.035
3,9437,2.295
3,9438,2.396
3,9439,2.208
3,9440,2.513
3,9441,1.993
3,9442,1.805
3,9443,1.987
3,9444,1.799
3,9445,2.228
3,9446,2.614
3,9447,1.902
3,9448,1.806
3,9449,1.961
3,9450,2.257
3,9451,1.766
3,9452,1.522
3,9453,2.875
3,9454,2.397
3,9455,1.897
3,9456,1.985
3,9457,1.993
3,9458,1.852
3,9459,1.836
3,9460,2.656
3,9461,2.522
3,9462,2.883
3,9463,3.024
3,9464,2.311
3,9465,2.314
3,9466,2.951
3,9467,3.684
3,9468,2.815
3,9469,2.373
3,9470,2.595
3,9471,2.412
3,9472,2.428
3,9473,2.673
3,9474,2.383
3,9475,2.748
3,9476,2.455
3,9477,2.391
3,9478,2.889
3,9479,2.440
3,9480,2.186
3,9481,2.580
3,9482,3.017
3,9483,2.648
3,9484,2.554
3,9485,2.292
3,9486,2.431
3,9487,2.476
3,9488,1.958
3,9489,2.942
3,9490,2.840
3,9491,2.835
3,9492,2.602
3,9493,2.492
3,9494,2.856
3,9495,2.539
3,9496,2.926
3,9497,3.361
3,9498,2.455
3,9499,2.626
3,9500,2.700
3,9501,3.091
3,9502,3.420
3,9503,2.498
3,9504,2.631
3,9505,2.438
3,9506,2.317
3,9507,2.515
3,9508,2.711
3,9509,3.196
3,9510,2.368
3,9511,2.219
3,9512,2.602
3,9513,2.308
3,9514,2.286
3,9515,2.689
3,9516,2.843
3,9517,2.646
3,9518,2.637
3,9519,2.377
3,9520,3.240
3,9521,2.571
3,9522,2.297
3,9523,2.879
3,9524,2.515
3,9525,2.617
3,9526,3.444
3,9527,3.164
3,9528,2.851
3,9529,2.550
3,9530,2.577
3,9531,2.502
3,9532,2.368
3,9533,2.694
3,9534,2.420
3,9535,2.400
3,9536,2.785
3,9537,2.500
3,9538,3.137
3,9539,3.495
3,9540,2.916
3,9541,2.890
3,9542,2.824
3,9543,2.464
3,9544,2.488
3,9545,2.540
3,9546,2.647
3,9547,2.325
3,9548,2.327
3,9549,2.903
3,9550,2.621
3,9551,2.628
3,9552,2.453
3,9553,2.495
3,9554,2.721
3,9555,2.663
3,9556,3.363
3,9557,2.671
3,9558,2.319
3,9559,2.344
3,9560,2.198
3,9561,1.998
3,9562,2.506
3,9563,2.717
3,9564,2.072
3,9565,2.410
3,9566,2.387
3,9567,1.929
3,9568,2.114
3,9569,2.142
3,9570,2.486
3,9571,3.037
3,9572,2.215
3,9573,2.219
3,9574,2.872
3,9575,2.391
3,9576,3.032
3,9577,2.871
3,9578,3.481
3,9579,2.820
3,9580,2.143
3,9581,2.280
3,9582,3.229
3,9583,2.206
3,9584,2.304
3,9585,2.902
3,9586,2.400
3,9587,2.286
3,9588,2.770
3,9589,2.672
3,9590,2.435
3,9591,2.092
3,9592,2.492
3,9593,2.589
3,9594,2.460
3,9595,2.436
3,9596,2.287
3,9597,1.855
3,9598,2.114
3,9599,2.242
3,9600,2.081
3,9601,1.811
3,9602,2.654
3,9603,2.385
3,9604,1.889
3,9605,2.006
3,9606,2.941
3,9607,2.664
3,9608,2.541
3,9609,2.810
3,9610,2.742
3,9611,2.521
3,9612,2.187
3,9613,2.480
3,9614,2.049
3,9615,2.324
3,9616,2.618
3,9617,2.243
3,9618,2.119
3,9619,2.614
3,9620,2.125
3,9621,1.685
3,9622,1.772
3,9623,2.454
3,9624,2.131
3,9625,1.912
3,9626,1.771
3,9627,1.718
3,9628,1.802
3,9629,2.045
3,9630,1.826
3,9631,1.805
3,9632,2.069
3,9633,1.963
3,9634,1.730
3,9635,1.782
3,9636,1.637
3,9637,1.715
3,9638,1.782
3,9639,1.845
3,9640,2.093
3,9641,2.035
3,9642,2.281
3,9643,2.275
3,9644,1.942
3,9645,2.293
3,9646,1.858
3,9647,2.185
3,9648,2.308
3,9649,2.009
3,9650,2.208
3,9651,1.777
3,9652,1.602
3,9653,1.643
3,9654,2.080
3,9655,2.174
3,9656,1.824
3,9657,1.886
3,9658,2.372
3,9659,2.339
3,9660,1.929
3,9661,1.787
3,9662,1.735
3,9663,1.950
3,9664,1.904
3,9665,2.020
3,9666,1.893
3,9667,1.813
3,9668,2.743
3,9669,2.632
3,9670,2.584
3,9671,2.299
3,9672,2.014
3,9673,1.774
3,9674,1.810
3,9675,1.833
3,9676,2.089
3,9677,2.237
3,9678,2.391
3,9679,2.305
3,9680,1.715
3,9681,1.709
3,9682,1.742
3,9683,1.695
3,9684,1.627
3,9685,1.984
3,9686,1.840
3,9687,1.859
3,9688,2.033
3,9689,2.040
3,9690,1.982
3,9691,1.933
3,9692,2.126
3,9693,1.930
3,9694,3.105
3,9695,2.283
3,9696,1.958
3,9697,1.910
3,9698,1.866
3,9699,1.962
3,9700,1.746
3,9701,1.845
3,9702,2.262
3,9703,1.979
3,9704,1.996
3,9705,1.838
3,9706,1.779
3,9707,1.638
3,9708,1.596
3,9709,2.098
3,9710,2.200
3,9711,2.015
3,9712,1.704
3,9713,1.904
3,9714,1.746
3,9715,1.797
3,9716,1.746
3,9717,2.180
3,9718,3.503
3,9719,3.190
3,9720,2.776
3,9721,2.490
3,9722,2.701
3,9723,2.526
3,9724,2.215
3,9725,2.178
3,9726,2.088
3,9727,2.847
3,9728,2.263
3,9729,1.930
3,9730,2.978
3,9731,2.550
3,9732,2.034
3,9733,2.052
3,9734,2.579
3,9735,2.964
3,9736,2.645
3,9737,2.392
3,9738,2.008
3,9739,2.307
3,9740,1.913
3,9741,1.718
3,9742,1.696
3,9743,2.408
3,9744,2.234
3,9745,2.075
3,9746,2.087
3,9747,1.857
3,9748,1.823
3,9749,1.841
3,9750,1.860
3,9751,1.798
3,9752,2.052
3,9753,1.884
3,9754,1.924
3,9755,1.945
3,9756,1.631
3,9757,1.656
3,9758,1.766
3,9759,2.091
3,9760,2.360
3,9761,2.571
3,9762,2.581
3,9763,3.026
3,9764,2.860
3,9765,2.387
3,9766,2.255
3,9767,1.864
3,9768,2.128
3,9769,1.900
3,9770,1.664
3,9771,1.554
3,9772,1.591
3,9773,1.809
3,9774,2.254
3,9775,2.040
3,9776,2.234
3,9777,2.530
3,9778,1.955
3,9779,1.816
3,9780,1.780
3,9781,1.904
3,9782,2.223
3,9783,2.409
3,9784,2.396
3,9785,2.255
3,9786,2.013
3,9787,3.124
3,9788,2.682
3,9789,3.678
3,9790,2.806
3,9791,2.871
3,9792,2.877
3,9793,2.676
3,9794,2.866
3,9795,2.623
3,9796,2.639
3,9797,2.401
3,9798,2.173
3,9799,2.581
3,9800,2.375
3,9801,2.368
3,9802,2.521
3,9803,2.461
3,9804,2.237
3,9805,2.465
3,9806,3.360
3,9807,3.704
3,9808,2.435
3,9809,2.147
3,9810,2.366
3,9811,2.158
3,9812,1.882
3,9813,3.090
3,9814,2.298
3,9815,1.801
3,9816,1.863
3,9817,1.839
3,9818,1.706
3,9819,1.732
3,9820,1.837
3,9821,2.989
3,9822,3.121
3,9823,2.546
3,9824,2.105
3,9825,2.974
3,9826,2.714
3,9827,2.523
3,9828,2.236
3,9829,2.202
3,9830,1.750
3,9831,1.960
3,9832,2.052
3,9833,1.749
3,9834,1.753
3,9835,2.264
3,9836,2.068
3,9837,1.994
3,9838,2.481
3,9839,1.869
3,9840,1.654
3,9841,1.735
3,9842,2.396
3,9843,2.058
3,9844,1.560
3,9845,1.739
3,9846,2.016
3,9847,2.113
3,9848,1.872
3,9849,2.020
3,9850,2.554
3,9851,2.053
3,9852,2.517
3,9853,2.051
3,9854,1.746
3,9855,2.193
3,9856,1.882
3,9857,2.015
3,9858,2.039
3,9859,1.792
3,9860,1.661
3,9861,2.052
3,9862,2.213
3,9863,1.962
3,9864,1.874
3,9865,1.833
3,9866,2.731
3,9867,4.519
3,9868,2.757
3,9869,2.310
3,9870,2.023
3,9871,2.569
3,9872,2.072
3,9873,2.128
3,9874,2.784
3,9875,2.330
3,9876,3.270
3,9877,2.385
3,9878,2.531
3,9879,2.094
3,9880,1.650
3,9881,1.637
3,9882,1.653
3,9883,1.917
3,9884,1.912
3,9885,1.571
3,9886,1.837
3,9887,2.451
3,9888,1.822
3,9889,1.856
3,9890,1.749
3,9891,1.628
3,9892,1.676
3,9893,1.757
3,9894,1.965
3,9895,1.849
3,9896,2.448
3,9897,2.146
3,9898,2.386
3,9899,2.431
3,9900,2.176
3,9901,2.373
3,9902,2.152
3,9903,1.932
3,9904,2.385
3,9905,1.685
3,9906,1.557
3,9907,1.710
3,9908,1.890
3,9909,2.286
3,9910,2.489
3,9911,2.088
3,9912,1.776
3,9913,2.064
3,9914,2.228
3,9915,1.872
3,9916,1.724
3,9917,1.854
3,9918,2.086
3,9919,2.005
3,9920,1.804
3,9921,1.860
3,9922,2.238
3,9923,2.091
3,9924,2.007
3,9925,2.167
3,9926,2.003
3,9927,1.801
3,9928,1.819
3,9929,2.071
3,9930,1.877
3,9931,1.843
3,9932,1.826
3,9933,2.492
3,9934,2.582
3,9935,2.455
3,9936,2.319
3,9937,2.208
3,9938,3.009
3,9939,2.967
3,9940,2.939
3,9941,2.608
3,9942,2.513
3,9943,2.733
3,9944,2.956
3,9945,4.624
3,9946,2.993
3,9947,2.744
3,9948,2.661
3,9949,2.443
3,9950,3.205
3,9951,2.706
3,9952,2.306
3,9953,2.241
3,9954,2.274
3,9955,2.074
3,9956,2.332
3,9957,2.232
3,9958,2.042
3,9959,2.434
3,9960,1.927
3,9961,1.903
3,9962,1.877
3,9963,1.835
3,9964,3.330
3,9965,3.618
3,9966,2.372
3,9967,2.057
3,9968,1.986
3,9969,1.909
3,9970,2.196
3,9971,2.865
3,9972,2.453
3,9973,2.239
3,9974,2.198
3,9975,1.660
3,9976,1.608
3,9977,1.944
3,9978,1.942
3,9979,2.235
3,9980,2.514
3,9981,2.574
3,9982,3.226
3,9983,2.875
3,9984,3.105
3,9985,3.097
3,9986,2.907
3,9987,2.185
3,9988,2.415
3,9989,1.981
3,9990,2.456
3,9991,2.074
3,9992,1.661
3,9993,1.637
3,9994,1.669
3,9995,2.018
3,9996,1.759
3,9997,1.929
3,9998,2.346
3,9999,2.388
3,10000,2.155
3,10001,2.082
3,10002,2.052
3,10003,2.080
3,10004,2.027
3,10005,2.765
3,10006,2.396
3,10007,2.358
3,10008,2.209
3,10009,2.239
3,10010,1.890
3,10011,1.886
3,10012,2.239
3,10013,2.317
3,10014,2.130
3,10015,1.772
3,10016,1.611
3,10017,1.801
3,10018,1.887
3,10019,1.840
3,10020,1.783
3,10021,2.654
3,10022,2.172
3,10023,1.755
3,10024,1.845
3,10025,1.794
3,10026,1.555
3,10027,1.596
3,10028,1.793
3,10029,2.031
3,10030,1.900
3,10031,1.750
3,10032,2.746
3,10033,2.632
3,10034,2.418
3,10035,2.515
3,10036,2.682
3,10037,2.587
3,10038,2.473
3,10039,2.821
3,10040,2.695
3,10041,2.734
3,10042,3.896
3,10043,2.611
3,10044,2.547
3,10045,3.058
3,10046,1.983
3,10047,2.451
3,10048,2.533
3,10049,2.462
3,10050,3.221
3,10051,2.949
3,10052,3.066
3,10053,2.497
3,10054,2.270
3,10055,2.296
3,10056,2.438
3,10057,2.311
3,10058,2.049
3,10059,2.732
3,10060,2.247
3,10061,2.532
3,10062,2.311
3,10063,2.080
3,10064,2.378
3,10065,2.312
3,10066,2.134
3,10067,3.768
3,10068,2.596
3,10069,2.948
3,10070,2.827
3,10071,2.835
3,10072,3.692
3,10073,3.425
3,10074,3.019
3,10075,2.673
3,10076,2.586
3,10077,2.621
3,10078,2.759
3,10079,3.041
3,10080,2.479
3,10081,2.921
3,10082,3.539
3,10083,3.081
3,10084,2.787
3,10085,2.967
3,10086,2.858
3,10087,2.881
3,10088,2.902
3,10089,3.171
3,10090,2.853
3,10091,3.229
3,10092,3.166
3,10093,3.047
3,10094,2.999
3,10095,3.313
3,10096,3.146
3,10097,3.552
3,10098,2.933
3,10099,2.841
3,10100,2.616
3,10101,2.805
3,10102,3.125
3,10103,3.652
3,10104,3.155
3,10105,2.963
3,10106,3.369
3,10107,3.050
3,10108,2.730
3,10109,3.117
3,10110,2.721
3,10111,3.189
3,10112,3.162
3,10113,3.030
3,10114,2.787
3,10115,3.050
3,10116,2.674
3,10117,2.402
3,10118,2.717
3,10119,3.074
3,10120,2.472
3,10121,3.091
3,10122,3.316
3,10123,3.237
3,10124,3.362
3,10125,2.548
3,10126,2.445
3,10127,2.173
3,10128,3.031
3,10129,3.107
3,10130,3.097
3,10131,2.621
3,10132,2.385
3,10133,2.611
3,10134,2.788
3,10135,2.595
3,10136,2.586
3,10137,2.521
3,10138,2.353
3,10139,2.398
3,10140,2.239
3,10141,2.680
3,10142,2.191
3,10143,1.826
3,10144,1.833
3,10145,2.105
3,10146,1.969
3,10147,1.676
3,10148,1.703
3,10149,1.729
3,10150,2.205
3,10151,3.043
3,10152,1.958
3,10153,1.537
3,10154,1.571
3,10155,1.705
3,10156,1.723
3,10157,1.764
3,10158,1.676
3,10159,2.503
3,10160,2.191
3,10161,2.167
3,10162,2.472
3,10163,2.349
3,10164,2.058
3,10165,1.860
3,10166,2.693
3,10167,2.610
3,10168,2.524
3,10169,2.260
3,10170,2.103
3,10171,1.885
3,10172,2.019
3,10173,2.108
3,10174,3.167
3,10175,2.687
3,10176,1.972
3,10177,1.955
3,10178,2.129
3,10179,2.030
3,10180,2.422
3,10181,3.160
3,10182,2.512
3,10183,2.995
3,10184,2.215
3,10185,2.286
3,10186,2.816
3,10187,2.826
3,10188,2.257
3,10189,2.421
3,10190,2.873
3,10191,2.267
3,10192,2.519
3,10193,2.403
3,10194,2.538
3,10195,2.376
3,10196,2.101
3,10197,2.790
3,10198,2.544
3,10199,3.652
3,10200,2.772
3,10201,2.286
3,10202,2.599
3,10203,2.338
3,10204,2.207
3,10205,2.539
3,10206,2.205
3,10207,2.202
3,10208,2.016
3,10209,2.003
3,10210,1.888
3,10211,1.888
3,10212,2.643
3,10213,2.136
3,10214,1.885
3,10215,2.186
3,10216,2.178
3,10217,1.681
3,10218,1.707
3,10219,1.962
3,10220,2.744
3,10221,2.827
3,10222,1.942
3,10223,1.744
3,10224,1.843
3,10225,1.930
3,10226,1.801
3,10227,1.776
3,10228,2.743
3,10229,2.532
3,10230,3.165
3,10231,2.503
3,10232,2.006
3,10233,1.810
3,10234,2.179
3,10235,2.587
3,10236,1.870
3,10237,1.818
3,10238,2.265
3,10239,2.071
3,10240,1.899
3,10241,1.914
3,10242,1.946
3,10243,2.045
3,10244,2.147
3,10245,2.018
3,10246,1.609
3,10247,1.981
3,10248,2.222
3,10249,2.121
3,10250,2.016
3,10251,2.347
3,10252,2.219
3,10253,1.809
3,10254,2.238
3,10255,2.428
3,10256,1.802
3,10257,1.721
3,10258,2.083
3,10259,2.076
3,10260,1.594
3,10261,1.638
3,10262,1.940
3,10263,1.902
3,10264,2.143
3,10265,2.115
3,10266,2.095
3,10267,1.976
3,10268,1.879
3,10269,2.155
3,10270,1.853
3,10271,1.541
3,10272,2.029
3,10273,2.260
3,10274,2.500
3,10275,2.673
3,10276,2.663
3,10277,2.687
3,10278,3.018
3,10279,2.515
3,10280,3.770
3,10281,2.550
3,10282,1.937
3,10283,1.910
3,10284,1.767
3,10285,1.664
3,10286,2.026
3,10287,2.123
3,10288,2.039
3,10289,1.646
3,10290,2.088
3,10291,2.031
3,10292,1.779
3,10293,1.566
3,10294,1.833
3,10295,2.485
3,10296,2.184
3,10297,2.503
3,10298,2.127
3,10299,1.968
3,10300,1.994
3,10301,2.215
3,10302,1.946
3,10303,2.837
3,10304,2.262
3,10305,2.167
3,10306,1.945
3,10307,1.908
3,10308,1.774
3,10309,1.684
3,10310,2.206
3,10311,2.310
3,10312,1.706
3,10313,1.556
3,10314,2.466
3,10315,1.858
3,10316,1.854
3,10317,1.768
3,10318,2.286
3,10319,2.584
3,10320,2.504
3,10321,2.364
3,10322,2.333
3,10323,2.570
3,10324,2.543
3,10325,3.661
3,10326,2.545
3,10327,2.080
3,10328,2.196
3,10329,2.826
3,10330,2.034
3,10331,2.943
3,10332,2.571
3,10333,1.952
3,10334,1.976
3,10335,2.407
3,10336,3.222
3,10337,2.774
3,10338,2.394
3,10339,3.568
3,10340,2.424
3,10341,2.285
3,10342,2.831
3,10343,2.565
3,10344,2.383
3,10345,2.084
3,10346,1.918
3,10347,1.799
3,10348,1.859
3,10349,2.045
3,10350,1.686
3,10351,1.778
3,10352,2.827
3,10353,2.723
3,10354,2.508
3,10355,2.396
3,10356,1.969
3,10357,1.806
3,10358,2.625
3,10359,2.798
3,10360,2.656
3,10361,2.487
3,10362,2.144
3,10363,1.909
3,10364,2.495
3,10365,2.563
3,10366,3.624
3,10367,2.190
3,10368,2.290
3,10369,2.233
3,10370,1.974
3,10371,1.883
3,10372,1.900
3,10373,1.984
3,10374,2.069
3,10375,2.075
3,10376,2.045
3,10377,1.735
3,10378,1.663
3,10379,2.335
3,10380,2.174
3,10381,1.674
3,10382,1.470
3,10383,2.688
3,10384,2.317
3,10385,2.309
3,10386,2.724
3,10387,2.189
3,10388,1.795
3,10389,2.340
3,10390,1.964
3,10391,2.008
3,10392,1.814
3,10393,2.069
3,10394,2.058
3,10395,1.773
3,10396,2.075
3,10397,2.375
3,10398,2.061
3,10399,2.169
3,10400,2.096
3,10401,1.811
3,10402,1.791
3,10403,1.783
3,10404,1.991
3,10405,1.693
3,10406,1.685
3,10407,1.794
3,10408,1.785
3,10409,2.123
3,10410,2.862
3,10411,2.137
3,10412,2.660
3,10413,3.524
3,10414,3.649
3,10415,3.538
3,10416,3.316
3,10417,2.612
3,10418,2.737
3,10419,2.983
3,10420,3.261
3,10421,2.275
3,10422,2.825
3,10423,2.145
3,10424,2.331
3,10425,2.501
3,10426,2.564
3,10427,2.734
3,10428,2.604
3,10429,3.091
3,10430,3.669
3,10431,4.707
3,10432,3.449
3,10433,2.715
3,10434,2.739
3,10435,2.155
3,10436,2.467
3,10437,3.112
3,10438,2.437
3,10439,2.529
3,10440,2.483
3,10441,2.748
3,10442,2.499
3,10443,3.204
3,10444,2.841
3,10445,2.743
3,10446,2.802
3,10447,3.133
3,10448,3.342
3,10449,2.999
3,10450,2.730
3,10451,3.007
3,10452,2.624
3,10453,3.235
3,10454,3.649
3,10455,2.771
3,10456,2.635
3,10457,2.802
3,10458,3.170
3,10459,3.603
3,10460,3.040
3,10461,2.737
3,10462,2.901
3,10463,2.800
3,10464,2.458
3,10465,3.267
3,10466,2.082
3,10467,1.696
3,10468,1.811
3,10469,1.758
3,10470,1.766
3,10471,1.595
3,10472,2.433
3,10473,2.748
3,10474,2.969
3,10475,2.245
3,10476,1.791
3,10477,1.901
3,10478,1.815
3,10479,3.073
3,10480,2.462
3,10481,2.266
3,10482,2.390
3,10483,2.075
3,10484,2.118
3,10485,2.342
3,10486,2.324
3,10487,2.201
3,10488,2.405
3,10489,1.831
3,10490,2.662
3,10491,2.005
3,10492,1.915
3,10493,2.317
3,10494,2.359
3,10495,2.312
3,10496,2.810
3,10497,2.571
3,10498,2.881
3,10499,2.448
3,10500,2.061
3,10501,1.631
3,10502,1.627
3,10503,1.736
3,10504,1.938
3,10505,1.893
3,10506,2.159
3,10507,2.781
3,10508,2.606
3,10509,2.720
3,10510,3.093
3,10511,2.381
3,10512,3.213
3,10513,3.096
3,10514,2.176
3,10515,1.857
3,10516,1.960
3,10517,1.978
3,10518,2.075
3,10519,1.793
3,10520,1.877
3,10521,2.884
3,10522,2.208
3,10523,2.066
3,10524,1.981
3,10525,1.966
3,10526,1.906
3,10527,2.084
3,10528,2.270
3,10529,2.940
3,10530,3.338
3,10531,3.401
3,10532,2.970
3,10533,2.486
3,10534,2.183
3,10535,2.603
3,10536,1.982
3,10537,1.775
3,10538,1.975
3,10539,2.121
3,10540,2.141
3,10541,2.088
3,10542,2.223
3,10543,2.351
3,10544,2.263
3,10545,2.258
3,10546,1.868
3,10547,2.178
3,10548,2.537
3,10549,2.197
3,10550,2.080
3,10551,2.596
3,10552,2.372
3,10553,2.643
3,10554,2.507
3,10555,2.159
3,10556,1.872
3,10557,2.302
3,10558,2.024
3,10559,1.961
3,10560,2.435
3,10561,2.223
3,10562,2.385
3,10563,2.167
3,10564,2.057
3,10565,2.099
3,10566,2.608
3,10567,2.871
3,10568,2.427
3,10569,3.161
3,10570,2.329
3,10571,2.344
3,10572,2.687
3,10573,2.214
3,10574,5.884
3,10575,3.604
3,10576,3.075
3,10577,3.176
3,10578,3.738
3,10579,4.591
3,10580,3.912
3,10581,4.321
3,10582,3.870
3,10583,4.743
3,10584,3.808
3,10585,3.224
3,10586,3.898
3,10587,6.379
3,10588,4.430
3,10589,4.327
3,10590,4.296
3,10591,2.924
3,10592,2.349
3,10593,3.306
3,10594,2.575
3,10595,2.368
3,10596,2.564
3,10597,2.286
3,10598,2.759
3,10599,2.344
3,10600,2.806
3,10601,3.103
3,10602,3.340
3,10603,2.833
3,10604,2.767
3,10605,2.670
3,10606,3.256
3,10607,2.857
3,10608,3.134
3,10609,2.691
3,10610,2.495
3,10611,2.436
3,10612,3.312
3,10613,3.378
3,10614,2.677
3,10615,2.645
3,10616,2.434
3,10617,2.340
3,10618,3.416
3,10619,3.249
3,10620,2.768
3,10621,2.530
3,10622,2.309
3,10623,2.692
3,10624,3.280
3,10625,2.649
3,10626,2.603
3,10627,2.352
3,10628,2.309
3,10629,2.436
3,10630,2.764
3,10631,3.015
3,10632,2.471
3,10633,2.771
3,10634,2.560
3,10635,2.531
3,10636,3.013
3,10637,2.787
3,10638,4.952
3,10639,6.677
3,10640,3.735
3,10641,3.577
3,10642,2.998
3,10643,2.447
3,10644,2.568
3,10645,3.009
3,10646,2.658
3,10647,2.361
3,10648,2.409
3,10649,2.863
3,10650,2.457
3,10651,2.809
3,10652,2.506
3,10653,2.987
3,10654,2.931
3,10655,2.106
3,10656,2.981
3,10657,2.645
3,10658,2.120
3,10659,2.095
3,10660,2.134
3,10661,2.109
3,10662,2.351
3,10663,2.272
3,10664,2.503
3,10665,2.301
3,10666,2.462
3,10667,2.027
3,10668,2.183
3,10669,2.248
3,10670,2.932
3,10671,2.613
3,10672,2.105
3,10673,2.240
3,10674,2.271
3,10675,2.383
3,10676,2.095
3,10677,2.547
3,10678,2.502
3,10679,2.497
3,10680,2.263
3,10681,2.102
3,10682,2.073
3,10683,2.578
3,10684,2.353
3,10685,1.971
3,10686,2.256
3,10687,2.748
3,10688,2.192
3,10689,2.034
3,10690,2.552
3,10691,2.458
3,10692,2.573
3,10693,2.350
3,10694,2.673
3,10695,2.396
3,10696,3.479
3,10697,3.113
3,10698,2.567
3,10699,3.166
3,10700,3.046
3,10701,1.969
3,10702,2.250
3,10703,2.483
3,10704,1.800
3,10705,1.591
3,10706,1.968
3,10707,1.940
3,10708,2.728
3,10709,2.284
3,10710,2.392
3,10711,2.036
3,10712,2.085
3,10713,1.879
3,10714,1.798
3,10715,1.995
3,10716,2.503
3,10717,2.675
3,10718,2.786
3,10719,2.592
3,10720,2.547
3,10721,3.149
3,10722,5.325
3,10723,3.648
3,10724,1.847
3,10725,1.737
3,10726,1.807
3,10727,1.667
3,10728,1.800
3,10729,2.368
3,10730,2.299
3,10731,2.918
3,10732,2.313
3,10733,1.973
3,10734,1.762
3,10735,1.917
3,10736,2.043
3,10737,2.137
3,10738,2.601
3,10739,2.658
3,10740,1.940
3,10741,1.818
3,10742,1.910
3,10743,1.860
3,10744,1.790
3,10745,1.908
3,10746,2.109
3,10747,1.948
3,10748,2.006
3,10749,1.805
3,10750,1.932
3,10751,2.305
3,10752,3.958
3,10753,2.117
3,10754,1.926
3,10755,2.028
3,10756,2.252
3,10757,2.601
3,10758,2.989
3,10759,2.802
3,10760,2.785
3,10761,2.075
3,10762,1.769
3,10763,2.182
3,10764,1.828
3,10765,1.997
3,10766,1.660
3,10767,1.824
3,10768,1.847
3,10769,2.005
3,10770,2.434
3,10771,1.979
3,10772,2.222
3,10773,2.401
3,10774,2.372
3,10775,1.935
3,10776,1.761
3,10777,2.049
3,10778,1.927
3,10779,1.965
3,10780,2.734
3,10781,2.718
3,10782,2.201
3,10783,2.129
3,10784,2.518
3,10785,1.804
3,10786,1.721
3,10787,2.135
3,10788,2.307
3,10789,2.175
3,10790,2.328
3,10791,2.424
3,10792,2.461
3,10793,2.448
3,10794,1.962
3,10795,1.855
3,10796,1.948
3,10797,2.143
3,10798,1.919
3,10799,1.797
3,10800,1.862
3,10801,1.813
3,10802,2.691
3,10803,3.401
3,10804,2.441
3,10805,3.217
3,10806,3.332
3,10807,2.753
3,10808,3.024
3,10809,3.164
3,10810,2.610
3,10811,2.847
3,10812,2.759
3,10813,2.436
3,10814,2.194
3,10815,2.308
3,10816,2.233
3,10817,2.042
3,10818,2.390
3,10819,2.100
3,10820,2.171
3,10821,2.864
3,10822,2.296
3,10823,2.149
3,10824,2.349
3,10825,2.407
3,10826,2.770
3,10827,2.490
3,10828,2.237
3,10829,1.813
3,10830,1.994
3,10831,1.738
3,10832,1.518
3,10833,1.564
3,10834,1.796
3,10835,3.390
3,10836,1.980
3,10837,1.710
3,10838,1.817
3,10839,1.708
3,10840,1.796
3,10841,2.071
3,10842,1.756
3,10843,2.579
3,10844,2.581
3,10845,2.067
3,10846,1.896
3,10847,2.409
3,10848,2.175
3,10849,2.134
3,10850,3.343
3,10851,2.221
3,10852,2.001
3,10853,1.708
3,10854,1.868
3,10855,1.658
3,10856,1.470
3,10857,1.939
3,10858,2.092
3,10859,2.534
3,10860,2.848
3,10861,2.724
3,10862,1.877
3,10863,1.898
3,10864,2.318
3,10865,1.783
3,10866,1.682
3,10867,2.083
3,10868,2.116
3,10869,1.933
3,10870,2.173
3,10871,2.162
3,10872,2.973
3,10873,2.796
3,10874,2.082
3,10875,1.659
3,10876,1.735
3,10877,1.894
3,10878,2.793
3,10879,2.010
3,10880,2.114
3,10881,1.954
3,10882,1.912
3,10883,1.985
3,10884,1.884
3,10885,1.640
3,10886,1.683
3,10887,2.626
3,10888,2.062
3,10889,1.621
3,10890,1.806
3,10891,2.033
3,10892,1.836
3,10893,1.594
3,10894,1.831
3,10895,2.134
3,10896,2.640
3,10897,2.328
3,10898,2.462
3,10899,1.981
3,10900,2.210
3,10901,2.243
3,10902,2.227
3,10903,1.876
3,10904,2.190
3,10905,1.904
3,10906,1.692
3,10907,1.987
3,10908,2.036
3,10909,1.736
3,10910,2.899
3,10911,2.233
3,10912,3.130
3,10913,2.407
3,10914,2.258
3,10915,2.000
3,10916,2.359
3,10917,2.287
3,10918,1.878
3,10919,1.764
3,10920,2.525
3,10921,2.292
3,10922,1.720
3,10923,2.000
3,10924,2.398
3,10925,1.963
3,10926,1.890
3,10927,1.852
3,10928,1.735
3,10929,2.462
3,10930,2.290
3,10931,2.690
3,10932,2.074
3,10933,2.071
3,10934,1.815
3,10935,1.864
3,10936,1.746
3,10937,2.088
3,10938,2.157
3,10939,1.968
3,10940,2.225
3,10941,2.009
3,10942,1.734
3,10943,1.968
3,10944,1.977
3,10945,2.289
3,10946,2.855
3,10947,2.330
3,10948,1.816
3,10949,1.863
3,10950,1.932
3,10951,1.692
3,10952,1.548
3,10953,1.875
3,10954,2.872
3,10955,2.522
3,10956,2.091
3,10957,2.359
3,10958,2.134
3,10959,2.295
3,10960,2.608
3,10961,2.428
3,10962,2.349
3,10963,3.079
3,10964,2.029
3,10965,2.317
3,10966,2.396
3,10967,2.655
3,10968,2.465
3,10969,2.188
3,10970,2.944
3,10971,2.583
3,10972,2.166
3,10973,1.852
3,10974,2.896
3,10975,2.523
3,10976,2.500
3,10977,2.664
3,10978,1.921
3,10979,1.880
3,10980,2.278
3,10981,1.928
3,10982,1.798
3,10983,2.057
3,10984,2.080
3,10985,1.907
3,10986,2.469
3,10987,2.082
3,10988,2.121
3,10989,2.690
3,10990,2.193
3,10991,1.667
3,10992,1.574
3,10993,1.765
3,10994,1.918
3,10995,1.853
3,10996,1.796
3,10997,2.074
3,10998,1.891
3,10999,1.903
3,11000,1.982
3,11001,1.929
3,11002,1.602
3,11003,1.566
3,11004,1.910
3,11005,2.887
3,11006,2.073
3,11007,1.869
3,11008,2.052
3,11009,1.875
3,11010,1.900
3,11011,2.103
3,11012,2.474
3,11013,2.484
3,11014,2.572
3,11015,1.975
3,11016,1.574
3,11017,1.710
3,11018,1.945
3,11019,2.007
3,11020,2.146
3,11021,2.001
3,11022,2.495
3,11023,1.879
3,11024,3.254
3,11025,1.997
3,11026,1.690
3,11027,2.085
3,11028,2.054
3,11029,1.782
3,11030,2.011
3,11031,1.943
3,11032,1.874
3,11033,1.756
3,11034,2.015
3,11035,2.914
3,11036,2.260
3,11037,2.145
3,11038,2.748
3,11039,1.801
3,11040,1.798
3,11041,1.964
3,11042,1.794
3,11043,1.648
3,11044,1.745
3,11045,1.793
3,11046,1.671
3,11047,1.952
3,11048,2.125
3,11049,2.006
3,11050,1.663
3,11051,1.924
3,11052,2.246
3,11053,2.202
3,11054,1.903
3,11055,1.949
3,11056,2.294
3,11057,1.813
3,11058,2.386
3,11059,2.227
3,11060,1.810
3,11061,1.740
3,11062,1.906
3,11063,2.004
3,11064,2.148
3,11065,2.151
3,11066,3.226
3,11067,2.535
3,11068,2.449
3,11069,2.061
3,11070,1.791
3,11071,1.939
3,11072,2.067
3,11073,2.686
3,11074,2.234
3,11075,1.926
3,11076,1.641
3,11077,1.771
3,11078,1.886
3,11079,1.975
3,11080,2.196
3,11081,2.653
3,11082,2.495
3,11083,1.757
3,11084,1.770
3,11085,2.061
3,11086,1.867
3,11087,2.264
3,11088,2.709
3,11089,2.252
3,11090,2.167
3,11091,2.161
3,11092,1.890
3,11093,1.548
3,11094,1.752
3,11095,1.934
3,11096,2.445
3,11097,2.667
3,11098,2.360
3,11099,2.415
3,11100,2.364
3,11101,2.202
3,11102,2.182
3,11103,3.681
3,11104,2.785
3,11105,2.568
3,11106,2.616
3,11107,2.056
3,11108,2.162
3,11109,2.859
3,11110,2.190
3,11111,2.022
3,11112,2.196
3,11113,2.096
3,11114,2.148
3,11115,2.426
3,11116,2.499
3,11117,2.116
3,11118,1.816
3,11119,1.511
3,11120,1.499
3,11121,1.524
3,11122,1.683
3,11123,2.137
3,11124,1.589
3,11125,1.839
3,11126,2.127
3,11127,1.854
3,11128,1.817
3,11129,1.843
3,11130,1.852
3,11131,1.829
3,11132,2.178
3,11133,2.475
3,11134,2.630
3,11135,1.971
3,11136,2.103
3,11137,2.404
3,11138,2.269
3,11139,2.121
3,11140,2.456
3,11141,2.268
3,11142,2.407
3,11143,2.007
3,11144,1.830
3,11145,2.052
3,11146,2.050
3,11147,2.353
3,11148,2.510
3,11149,2.361
3,11150,2.179
3,11151,2.312
3,11152,2.192
3,11153,2.183
3,11154,2.103
3,11155,2.553
3,11156,2.931
3,11157,2.257
3,11158,2.353
3,11159,2.107
3,11160,2.462
3,11161,2.521
3,11162,3.655
3,11163,3.318
3,11164,2.386
3,11165,2.524
3,11166,2.357
3,11167,3.348
3,11168,2.376
3,11169,2.204
3,11170,2.554
3,11171,2.502
3,11172,2.375
3,11173,2.783
3,11174,2.627
3,11175,2.786
3,11176,2.285
3,11177,2.528
3,11178,2.194
3,11179,2.466
3,11180,2.300
3,11181,2.170
3,11182,2.362
3,11183,2.428
3,11184,2.216
3,11185,2.937
3,11186,2.802
3,11187,2.442
3,11188,2.136
3,11189,2.334
3,11190,2.454
3,11191,2.358
3,11192,2.688
3,11193,2.715
3,11194,2.234
3,11195,2.572
3,11196,2.603
3,11197,2.288
3,11198,2.239
3,11199,3.033
3,11200,2.618
3,11201,2.328
3,11202,2.422
3,11203,2.392
3,11204,2.416
3,11205,2.237
3,11206,2.977
3,11207,2.619
3,11208,2.279
3,11209,2.151
3,11210,2.464
3,11211,2.360
3,11212,2.287
3,11213,3.459
3,11214,2.419
3,11215,2.765
3,11216,2.475
3,11217,2.207
3,11218,2.414
3,11219,2.551
3,11220,2.552
3,11221,2.333
3,11222,2.338
3,11223,2.284
3,11224,2.275
3,11225,2.837
3,11226,5.624
3,11227,2.999
3,11228,2.355
3,11229,2.266
3,11230,2.605
3,11231,2.805
3,11232,3.760
3,11233,3.612
3,11234,2.344
3,11235,2.156
3,11236,2.815
3,11237,2.401
3,11238,3.384
3,11239,3.894
3,11240,2.647
3,11241,2.857
3,11242,2.298
3,11243,2.365
3,11244,2.257
3,11245,1.726
3,11246,2.008
3,11247,1.922
3,11248,2.074
3,11249,1.896
3,11250,1.976
3,11251,2.087
3,11252,2.083
3,11253,2.213
3,11254,2.512
3,11255,2.174
3,11256,2.473
3,11257,2.127
3,11258,1.818
3,11259,1.802
3,11260,1.774
3,11261,1.614
3,11262,1.598
3,11263,1.835
3,11264,2.792
3,11265,1.977
3,11266,1.574
3,11267,1.926
3,11268,1.832
3,11269,1.781
3,11270,3.827
3,11271,2.498
3,11272,2.165
3,11273,2.206
3,11274,1.972
3,11275,1.755
3,11276,1.776
3,11277,1.874
3,11278,2.366
3,11279,2.190
3,11280,2.133
3,11281,2.715
3,11282,2.484
3,11283,2.201
3,11284,1.671
3,11285,1.694
3,11286,2.029
3,11287,2.040
3,11288,1.869
3,11289,1.887
3,11290,1.911
3,11291,1.854
3,11292,1.726
3,11293,2.596
3,11294,2.260
3,11295,1.830
3,11296,1.859
3,11297,1.989
3,11298,2.218
3,11299,1.828
3,11300,1.996
3,11301,2.383
3,11302,2.355
3,11303,2.127
3,11304,2.050
3,11305,1.740
3,11306,2.037
3,11307,2.445
3,11308,2.039
3,11309,2.599
3,11310,2.607
3,11311,2.446
3,11312,2.290
3,11313,1.979
3,11314,2.136
3,11315,2.032
3,11316,2.549
3,11317,1.736
3,11318,1.463
3,11319,1.810
3,11320,2.011
3,11321,1.890
3,11322,1.830
3,11323,2.367
3,11324,2.102
3,11325,1.717
3,11326,1.971
3,11327,1.787
3,11328,1.680
3,11329,1.551
3,11330,1.729
3,11331,1.999
3,11332,2.300
3,11333,1.632
3,11334,1.651
3,11335,1.649
3,11336,1.668
3,11337,1.853
3,11338,1.837
3,11339,1.611
3,11340,1.828
3,11341,2.392
3,11342,2.767
3,11343,1.969
3,11344,1.551
3,11345,1.668
3,11346,1.748
3,11347,1.618
3,11348,1.660
3,11349,2.574
3,11350,2.264
3,11351,2.711
3,11352,2.576
3,11353,1.959
3,11354,1.616
3,11355,1.653
3,11356,1.836
3,11357,1.795
3,11358,1.703
3,11359,1.588
3,11360,1.821
3,11361,1.553
3,11362,1.528
3,11363,1.884
3,11364,1.975
3,11365,2.070
3,11366,1.607
3,11367,1.799
3,11368,1.754
3,11369,1.876
3,11370,2.199
3,11371,1.707
3,11372,1.759
3,11373,1.978
3,11374,2.612
3,11375,2.269
3,11376,2.051
3,11377,2.079
3,11378,2.301
3,11379,2.845
3,11380,2.836
3,11381,2.264
3,11382,2.085
3,11383,2.132
3,11384,1.992
3,11385,1.807
3,11386,1.801
3,11387,2.665
3,11388,2.273
3,11389,1.900
3,11390,2.040
3,11391,2.101
3,11392,2.067
3,11393,2.046
3,11394,2.110
3,11395,2.843
3,11396,2.211
3,11397,2.003
3,11398,1.788
3,11399,1.828
3,11400,2.414
3,11401,3.018
3,11402,3.052
3,11403,2.425
3,11404,2.075
3,11405,1.962
3,11406,1.796
3,11407,1.611
3,11408,1.795
3,11409,2.020
3,11410,2.061
3,11411,1.839
3,11412,1.799
3,11413,1.695
3,11414,1.657
3,11415,1.637
3,11416,1.744
3,11417,2.008
3,11418,1.641
3,11419,1.533
3,11420,1.778
3,11421,1.840
3,11422,2.112
3,11423,1.955
3,11424,1.892
3,11425,2.011
3,11426,2.432
3,11427,2.369
3,11428,2.033
3,11429,1.659
3,11430,1.572
3,11431,1.866
3,11432,1.822
3,11433,1.565
3,11434,1.633
3,11435,1.685
3,11436,1.755
3,11437,1.690
3,11438,1.961
3,11439,2.817
3,11440,2.205
3,11441,1.796
3,11442,2.171
3,11443,1.988
3,11444,1.694
3,11445,1.488
3,11446,1.896
3,11447,1.781
3,11448,1.802
3,11449,2.567
3,11450,2.322
3,11451,2.221
3,11452,1.904
3,11453,2.420
3,11454,1.837
3,11455,1.945
3,11456,2.253
3,11457,2.637
3,11458,1.972
3,11459,1.728
3,11460,1.753
3,11461,1.718
3,11462,1.737
3,11463,2.005
3,11464,1.767
3,11465,1.696
3,11466,2.270
3,11467,1.909
3,11468,1.803
3,11469,1.694
3,11470,1.540
3,11471,1.777
3,11472,1.811
3,11473,1.814
3,11474,2.180
3,11475,2.799
3,11476,1.998
3,11477,1.627
3,11478,1.843
3,11479,2.109
3,11480,1.685
3,11481,1.657
3,11482,2.058
3,11483,2.336
3,11484,2.194
3,11485,1.808
3,11486,1.669
3,11487,1.592
3,11488,1.702
3,11489,1.895
3,11490,1.674
3,11491,2.019
3,11492,2.168
3,11493,2.350
3,11494,2.090
3,11495,1.713
3,11496,2.124
3,11497,4.224
3,11498,2.611
3,11499,1.950
3,11500,2.154
3,11501,2.138
3,11502,2.088
3,11503,2.210
3,11504,1.835
3,11505,2.275
3,11506,2.455
3,11507,2.527
3,11508,2.607
3,11509,1.992
3,11510,1.829
3,11511,2.230
3,11512,2.372
3,11513,1.675
3,11514,1.740
3,11515,1.715
3,11516,1.602
3,11517,2.093
3,11518,1.764
3,11519,1.677
3,11520,1.953
3,11521,2.525
3,11522,3.411
3,11523,2.401
3,11524,2.412
3,11525,2.522
3,11526,2.726
3,11527,2.384
3,11528,2.169
3,11529,2.041
3,11530,2.390
3,11531,2.044
3,11532,1.828
3,11533,2.873
3,11534,2.613
3,11535,2.032
3,11536,1.930
3,11537,2.003
3,11538,1.959
3,11539,2.231
3,11540,2.143
3,11541,2.946
3,11542,2.192
3,11543,1.995
3,11544,1.710
3,11545,1.716
3,11546,2.047
3,11547,1.998
3,11548,1.902
3,11549,2.473
3,11550,2.218
3,11551,1.755
3,11552,1.672
3,11553,1.852
3,11554,1.760
3,11555,1.505
3,11556,1.535
3,11557,2.340
3,11558,2.330
3,11559,2.670
3,11560,4.012
3,11561,2.396
3,11562,2.024
3,11563,1.758
3,11564,1.598
3,11565,1.522
3,11566,1.857
3,11567,2.096
3,11568,1.950
3,11569,1.861
3,11570,1.911
3,11571,1.848
3,11572,2.233
3,11573,2.692
3,11574,1.965
3,11575,1.713
3,11576,2.164
3,11577,1.811
3,11578,1.815
3,11579,1.516
3,11580,1.902
3,11581,1.979
3,11582,1.806
3,11583,1.789
3,11584,2.244
3,11585,2.169
3,11586,1.613
3,11587,1.714
3,11588,2.818
3,11589,2.547
3,11590,2.334
3,11591,2.490
3,11592,2.145
3,11593,2.304
3,11594,2.348
3,11595,2.201
3,11596,2.082
3,11597,2.410
3,11598,1.828
3,11599,1.645
3,11600,1.854
3,11601,2.356
3,11602,2.157
3,11603,1.836
3,11604,1.680
3,11605,1.668
3,11606,1.601
3,11607,1.950
3,11608,1.869
3,11609,1.575
3,11610,3.114
3,11611,2.124
3,11612,1.879
3,11613,1.660
3,11614,1.613
3,11615,1.726
3,11616,1.759
3,11617,1.644
3,11618,2.145
3,11619,2.495
3,11620,1.953
3,11621,1.883
3,11622,1.965
3,11623,2.132
3,11624,1.659
3,11625,1.816
3,11626,2.026
3,11627,1.779
3,11628,2.832
3,11629,2.177
3,11630,1.834
3,11631,1.730
3,11632,1.920
3,11633,1.957
3,11634,2.031
3,11635,1.944
3,11636,1.962
3,11637,2.016
3,11638,1.832
3,11639,1.729
3,11640,1.641
3,11641,1.727
3,11642,1.661
3,11643,2.574
3,11644,2.510
3,11645,1.912
3,11646,2.337
3,11647,2.281
3,11648,2.304
3,11649,2.059
3,11650,2.600
3,11651,2.041
3,11652,2.023
3,11653,2.006
3,11654,1.956
3,11655,1.662
3,11656,1.852
3,11657,2.073
3,11658,2.120
3,11659,1.891
3,11660,2.056
3,11661,1.858
3,11662,1.760
3,11663,2.260
3,11664,2.046
3,11665,2.291
3,11666,2.641
3,11667,2.589
3,11668,2.094
3,11669,2.268
3,11670,2.279
3,11671,2.675
3,11672,2.599
3,11673,2.360
3,11674,1.984
3,11675,2.273
3,11676,2.180
3,11677,1.706
3,11678,1.900
3,11679,2.899
3,11680,2.687
3,11681,2.445
3,11682,2.337
3,11683,2.032
3,11684,2.941
3,11685,2.822
3,11686,2.726
3,11687,2.866
3,11688,2.527
3,11689,2.441
3,11690,2.193
3,11691,3.811
3,11692,3.377
3,11693,2.809
3,11694,2.291
3,11695,2.117
3,11696,1.661
3,11697,1.870
3,11698,2.387
3,11699,2.122
3,11700,2.076
3,11701,2.313
3,11702,1.727
3,11703,1.692
3,11704,1.762
3,11705,2.857
3,11706,2.160
3,11707,2.124
3,11708,2.218
3,11709,2.649
3,11710,2.152
3,11711,2.404
3,11712,2.141
3,11713,1.955
3,11714,2.304
3,11715,1.814
3,11716,1.545
3,11717,2.168
3,11718,1.848
3,11719,2.216
3,11720,2.658
3,11721,3.147
3,11722,2.299
3,11723,2.231
3,11724,1.777
3,11725,1.767
3,11726,1.885
3,11727,2.125
3,11728,1.928
3,11729,1.562
3,11730,1.699
3,11731,1.953
3,11732,1.810
3,11733,1.792
3,11734,2.334
3,11735,2.882
3,11736,2.344
3,11737,2.389
3,11738,2.534
3,11739,2.232
3,11740,2.401
3,11741,2.416
3,11742,2.871
3,11743,2.476
3,11744,2.253
3,11745,2.600
3,11746,2.497
3,11747,2.253
3,11748,2.645
3,11749,2.701
3,11750,2.451
3,11751,2.369
3,11752,2.360
3,11753,2.425
3,11754,2.629
3,11755,2.457
3,11756,2.874
3,11757,2.493
3,11758,2.439
3,11759,2.526
3,11760,2.705
3,11761,2.668
3,11762,2.623
3,11763,2.998
3,11764,2.660
3,11765,2.455
3,11766,2.654
3,11767,2.571
3,11768,2.406
3,11769,2.483
3,11770,2.663
3,11771,2.317
3,11772,2.769
3,11773,2.642
3,11774,2.289
3,11775,2.639
3,11776,2.494
3,11777,3.129
3,11778,2.741
3,11779,2.543
3,11780,2.372
3,11781,2.393
3,11782,2.122
3,11783,2.747
3,11784,3.031
3,11785,2.386
3,11786,2.385
3,11787,2.637
3,11788,3.036
3,11789,2.691
3,11790,2.532
3,11791,2.974
3,11792,2.481
3,11793,2.357
3,11794,2.594
3,11795,2.407
3,11796,3.133
3,11797,2.619
3,11798,3.030
3,11799,2.793
3,11800,2.604
3,11801,2.589
3,11802,3.185
3,11803,2.736
3,11804,2.879
3,11805,2.433
3,11806,2.692
3,11807,2.749
3,11808,3.500
3,11809,2.685
3,11810,2.822
3,11811,3.155
3,11812,2.663
3,11813,3.154
3,11814,2.968
3,11815,2.311
3,11816,3.249
3,11817,2.445
3,11818,2.354
3,11819,2.313
3,11820,2.066
3,11821,2.233
3,11822,2.327
3,11823,2.235
3,11824,1.868
3,11825,2.169
3,11826,2.402
3,11827,2.021
3,11828,2.008
3,11829,2.311
3,11830,2.018
3,11831,3.083
3,11832,2.300
3,11833,2.341
3,11834,2.774
3,11835,3.395
3,11836,2.642
3,11837,2.340
3,11838,2.616
3,11839,2.331
3,11840,2.099
3,11841,1.911
3,11842,2.177
3,11843,2.098
3,11844,1.673
3,11845,1.460
3,11846,1.744
3,11847,2.530
3,11848,2.063
3,11849,1.797
3,11850,1.815
3,11851,1.824
3,11852,1.851
3,11853,1.951
3,11854,1.821
3,11855,1.959
3,11856,2.413
3,11857,2.266
3,11858,2.424
3,11859,2.009
3,11860,1.850
3,11861,1.680
3,11862,1.860
3,11863,2.108
3,11864,1.841
3,11865,1.768
3,11866,1.448
3,11867,1.555
3,11868,1.697
3,11869,1.771
3,11870,1.612
3,11871,1.654
3,11872,1.878
3,11873,1.655
3,11874,1.557
3,11875,1.768
3,11876,1.989
3,11877,1.585
3,11878,1.513
3,11879,1.904
3,11880,2.255
3,11881,1.991
3,11882,1.730
3,11883,1.857
3,11884,1.853
3,11885,1.602
3,11886,2.740
3,11887,1.881
3,11888,1.816
3,11889,1.837
3,11890,1.794
3,11891,1.911
3,11892,1.604
3,11893,1.915
3,11894,2.068
3,11895,2.255
3,11896,2.049
3,11897,1.920
3,11898,1.710
3,11899,1.619
3,11900,1.649
3,11901,1.679
3,11902,1.831
3,11903,1.596
3,11904,1.451
3,11905,2.166
3,11906,2.305
3,11907,1.807
3,11908,1.789
3,11909,1.877
3,11910,2.087
3,11911,2.287
3,11912,2.835
3,11913,2.817
3,11914,2.176
3,11915,2.445
3,11916,4.850
3,11917,2.599
3,11918,2.662
3,11919,3.040
3,11920,2.700
3,11921,3.818
3,11922,2.095
3,11923,1.738
3,11924,1.836
3,11925,2.037
3,11926,2.094
3,11927,1.895
3,11928,2.124
3,11929,1.950
3,11930,1.716
3,11931,1.650
3,11932,1.697
3,11933,2.483
3,11934,2.249
3,11935,2.593
3,11936,2.354
3,11937,2.310
3,11938,2.108
3,11939,1.900
3,11940,2.646
3,11941,2.612
3,11942,2.135
3,11943,2.075
3,11944,2.055
3,11945,2.168
3,11946,2.336
3,11947,2.646
3,11948,2.550
3,11949,2.294
3,11950,4.231
3,11951,2.699
3,11952,2.787
3,11953,2.945
3,11954,2.033
3,11955,2.131
3,11956,2.283
3,11957,2.088
3,11958,2.542
3,11959,1.962
3,11960,1.781
3,11961,1.686
3,11962,1.952
3,11963,1.836
3,11964,1.533
3,11965,1.424
3,11966,1.725
3,11967,1.717
3,11968,2.260
3,11969,2.197
3,11970,2.066
3,11971,2.308
3,11972,2.521
3,11973,2.431
3,11974,2.039
3,11975,2.151
3,11976,3.264
3,11977,2.590
3,11978,2.154
3,11979,1.809
3,11980,1.617
3,11981,1.899
3,11982,2.381
3,11983,2.569
3,11984,2.445
3,11985,2.125
3,11986,2.241
3,11987,1.907
3,11988,1.861
3,11989,1.794
3,11990,2.254
3,11991,2.366
3,11992,2.367
3,11993,2.087
3,11994,2.348
3,11995,2.080
3,11996,2.596
3,11997,3.515
3,11998,2.462
3,11999,2.869
3,12000,2.061
3,12001,1.687
3,12002,1.597
3,12003,1.831
3,12004,2.673
3,12005,2.167
3,12006,1.995
3,12007,2.215
3,12008,2.006
3,12009,1.780
3,12010,1.793
3,12011,2.331
3,12012,2.611
3,12013,2.767
3,12014,2.490
3,12015,3.273
3,12016,3.042
3,12017,2.710
3,12018,2.752
3,12019,2.417
3,12020,2.281
3,12021,2.693
3,12022,2.592
3,12023,2.811
3,12024,2.530
3,12025,2.006
3,12026,1.905
3,12027,2.347
3,12028,2.043
3,12029,2.485
3,12030,2.688
3,12031,2.058
3,12032,2.041
3,12033,2.403
3,12034,1.934
3,12035,1.625
3,12036,2.640
3,12037,2.446
3,12038,2.250
3,12039,2.038
3,12040,2.102
3,12041,2.084
3,12042,2.412
3,12043,2.681
3,12044,2.240
3,12045,3.123
3,12046,2.597
3,12047,1.992
3,12048,3.108
3,12049,2.069
3,12050,3.198
3,12051,2.109
3,12052,1.518
3,12053,1.635
3,12054,2.108
3,12055,1.852
3,12056,1.650
3,12057,1.736
3,12058,2.201
3,12059,2.020
3,12060,1.921
3,12061,2.167
3,12062,2.023
3,12063,1.963
3,12064,1.793
3,12065,1.882
3,12066,2.235
3,12067,2.038
3,12068,2.194
3,12069,1.865
3,12070,1.777
3,12071,1.798
3,12072,2.240
3,12073,1.739
3,12074,2.202
3,12075,2.238
3,12076,1.829
3,12077,1.501
3,12078,1.515
3,12079,1.836
3,12080,1.769
3,12081,2.369
3,12082,2.659
3,12083,2.169
3,12084,1.834
3,12085,1.813
3,12086,2.069
3,12087,1.917
3,12088,1.754
3,12089,2.320
3,12090,3.326
3,12091,2.246
3,12092,1.984
3,12093,1.738
3,12094,1.538
3,12095,1.843
3,12096,1.703
3,12097,1.573
3,12098,2.405
3,12099,2.760
3,12100,2.402
3,12101,2.652
3,12102,2.680
3,12103,2.756
3,12104,3.230
3,12105,1.928
3,12106,1.983
3,12107,1.887
3,12108,1.855
3,12109,1.741
3,12110,1.692
3,12111,2.506
3,12112,2.076
3,12113,1.830
3,12114,2.078
3,12115,2.040
3,12116,1.640
3,12117,1.589
3,12118,1.746
3,12119,2.033
3,12120,1.813
3,12121,1.560
3,12122,1.715
3,12123,1.718
3,12124,1.629
3,12125,2.124
3,12126,2.053
3,12127,1.570
3,12128,1.847
3,12129,2.486
3,12130,2.267
3,12131,1.550
3,12132,1.428
3,12133,1.721
3,12134,2.067
3,12135,1.816
3,12136,1.819
3,12137,1.982
3,12138,2.019
3,12139,2.157
3,12140,2.414
3,12141,2.028
3,12142,1.637
3,12143,1.814
3,12144,2.151
3,12145,1.991
3,12146,1.652
3,12147,1.539
3,12148,1.740
3,12149,1.679
3,12150,1.632
3,12151,1.800
3,12152,1.883
3,12153,2.011
3,12154,2.367
3,12155,1.884
3,12156,1.888
3,12157,1.631
3,12158,1.480
3,12159,1.621
3,12160,1.738
3,12161,1.540
3,12162,1.602
3,12163,2.684
3,12164,2.850
3,12165,2.475
3,12166,2.659
3,12167,2.639
3,12168,2.419
3,12169,2.819
3,12170,2.832
3,12171,2.509
3,12172,2.750
3,12173,2.210
3,12174,2.366
3,12175,2.225
3,12176,2.133
3,12177,2.578
3,12178,2.235
3,12179,1.955
3,12180,1.976
3,12181,2.007
3,12182,2.251
3,12183,2.335
3,12184,1.979
3,12185,2.928
3,12186,2.685
3,12187,2.824
3,12188,2.387
3,12189,2.473
3,12190,2.316
3,12191,2.400
3,12192,2.891
3,12193,2.179
3,12194,1.955
3,12195,2.089
3,12196,2.089
3,12197,1.729
3,12198,1.669
3,12199,1.685
3,12200,1.561
3,12201,2.049
3,12202,1.735
3,12203,1.635
3,12204,1.631
3,12205,2.087
3,12206,2.032
3,12207,2.035
3,12208,1.774
3,12209,2.334
3,12210,2.597
3,12211,2.558
3,12212,2.611
3,12213,2.198
3,12214,2.863
3,12215,2.256
3,12216,1.907
3,12217,1.772
3,12218,1.612
3,12219,1.832
3,12220,2.548
3,12221,1.894
3,12222,1.758
3,12223,2.241
3,12224,1.720
3,12225,1.828
3,12226,2.088
3,12227,1.796
3,12228,1.846
3,12229,1.862
3,12230,1.849
3,12231,1.706
3,12232,1.781
3,12233,2.161
3,12234,2.290
3,12235,3.087
3,12236,2.359
3,12237,1.981
3,12238,2.076
3,12239,1.991
3,12240,2.003
3,12241,1.928
3,12242,2.170
3,12243,2.962
3,12244,2.062
3,12245,1.697
3,12246,1.643
3,12247,1.567
3,12248,1.643
3,12249,1.581
3,12250,2.078
3,12251,2.031
3,12252,1.822
3,12253,1.792
3,12254,1.882
3,12255,1.796
3,12256,1.758
3,12257,1.772
3,12258,2.231
3,12259,2.217
3,12260,2.169
3,12261,2.785
3,12262,1.813
3,12263,1.605
3,12264,1.655
3,12265,1.693
3,12266,1.659
3,12267,1.894
3,12268,2.063
3,12269,1.807
3,12270,2.059
3,12271,1.951
3,12272,1.832
3,12273,1.533
3,12274,1.455
3,12275,1.587
3,12276,2.150
3,12277,2.202
3,12278,1.670
3,12279,1.679
3,12280,2.836
3,12281,2.090
3,12282,2.488
3,12283,3.142
3,12284,2.901
3,12285,2.940
3,12286,2.267
3,12287,2.823
3,12288,2.029
3,12289,1.872
3,12290,1.848
3,12291,1.793
3,12292,1.683
3,12293,1.594
3,12294,1.620
3,12295,2.030
3,12296,1.862
3,12297,1.461
3,12298,1.471
3,12299,1.838
3,12300,2.092
3,12301,1.747
3,12302,1.600
3,12303,1.652
3,12304,1.723
3,12305,1.617
3,12306,1.960
3,12307,1.806
3,12308,1.599
3,12309,2.492
3,12310,2.867
3,12311,2.639
3,12312,2.059
3,12313,2.450
3,12314,2.537
3,12315,2.334
3,12316,2.437
3,12317,2.067
3,12318,1.923
3,12319,2.294
3,12320,2.121
3,12321,1.807
3,12322,2.185
3,12323,2.364
3,12324,2.499
3,12325,2.296
3,12326,2.253
3,12327,2.293
3,12328,2.386
3,12329,2.652
3,12330,2.930
3,12331,3.122
3,12332,3.213
3,12333,3.100
3,12334,2.871
3,12335,3.458
3,12336,2.615
3,12337,2.117
3,12338,2.353
3,12339,2.558
3,12340,2.071
3,12341,2.369
3,12342,2.062
3,12343,2.155
3,12344,2.583
3,12345,2.124
3,12346,2.174
3,12347,2.229
3,12348,2.488
3,12349,2.228
3,12350,2.455
3,12351,2.297
3,12352,3.066
3,12353,2.566
3,12354,2.263
3,12355,2.451
3,12356,2.434
3,12357,2.124
3,12358,2.187
3,12359,2.504
3,12360,2.357
3,12361,2.305
3,12362,2.251
3,12363,2.253
3,12364,2.296
3,12365,2.384
3,12366,2.157
3,12367,2.497
3,12368,2.454
3,12369,3.056
3,12370,2.641
3,12371,2.612
3,12372,2.693
3,12373,3.074
3,12374,2.848
3,12375,2.805
3,12376,2.614
3,12377,2.262
3,12378,2.624
3,12379,2.756
3,12380,3.421
3,12381,2.886
3,12382,2.503
3,12383,2.736
3,12384,2.537
3,12385,2.729
3,12386,2.812
3,12387,2.627
3,12388,3.532
3,12389,2.611
3,12390,2.844
3,12391,2.992
3,12392,2.677
3,12393,2.806
3,12394,2.976
3,12395,2.562
3,12396,2.784
3,12397,3.242
3,12398,3.145
3,12399,2.438
3,12400,3.252
3,12401,2.773
3,12402,3.051
3,12403,3.091
3,12404,2.729
3,12405,2.765
3,12406,3.177
3,12407,2.770
3,12408,3.147
3,12409,2.408
3,12410,2.633
3,12411,2.486
3,12412,2.795
3,12413,3.093
3,12414,2.974
3,12415,2.674
3,12416,2.230
3,12417,2.170
3,12418,2.514
3,12419,2.407
3,12420,4.285
3,12421,2.491
3,12422,2.556
3,12423,2.984
3,12424,2.749
3,12425,3.034
3,12426,3.313
3,12427,2.731
3,12428,2.488
3,12429,2.425
3,12430,2.859
3,12431,2.810
3,12432,2.951
3,12433,2.995
3,12434,2.159
3,12435,2.128
3,12436,2.138
3,12437,1.978
3,12438,2.899
3,12439,2.258
3,12440,2.213
3,12441,2.670
3,12442,2.346
3,12443,1.934
3,12444,2.450
3,12445,2.682
3,12446,2.583
3,12447,2.208
3,12448,2.012
3,12449,1.555
3,12450,1.650
3,12451,1.927
3,12452,1.723
3,12453,1.575
3,12454,1.630
3,12455,1.984
3,12456,1.872
3,12457,1.781
3,12458,1.997
3,12459,1.707
3,12460,1.549
3,12461,2.560
3,12462,2.491
3,12463,1.755
3,12464,1.574
3,12465,1.736
3,12466,1.916
3,12467,2.192
3,12468,1.648
3,12469,2.388
3,12470,2.262
3,12471,2.048
3,12472,2.363
3,12473,2.023
3,12474,1.616
3,12475,1.639
3,12476,2.338
3,12477,2.620
3,12478,1.964
3,12479,1.986
3,12480,1.856
3,12481,1.799
3,12482,1.902
3,12483,1.804
3,12484,1.624
3,12485,2.360
3,12486,2.259
3,12487,2.120
3,12488,1.572
3,12489,1.513
3,12490,1.909
3,12491,1.818
3,12492,1.689
3,12493,2.076
3,12494,2.964
3,12495,2.427
3,12496,2.328
3,12497,2.422
3,12498,1.722
3,12499,1.688
3,12500,1.895
3,12501,2.036
3,12502,2.098
3,12503,1.915
3,12504,1.885
3,12505,1.785
3,12506,1.687
3,12507,2.123
3,12508,1.757
3,12509,1.507
3,12510,2.075
3,12511,2.582
3,12512,2.009
3,12513,1.558
3,12514,1.746
3,12515,1.772
3,12516,1.798
3,12517,1.723
3,12518,2.294
3,12519,2.508
3,12520,2.546
3,12521,2.102
3,12522,2.367
3,12523,1.848
3,12524,1.800
3,12525,1.946
3,12526,3.124
3,12527,2.584
3,12528,2.516
3,12529,2.554
3,12530,2.808
3,12531,2.302
3,12532,2.850
3,12533,2.526
3,12534,1.910
3,12535,1.997
3,12536,2.219
3,12537,2.181
3,12538,2.036
3,12539,2.364
3,12540,2.073
3,12541,1.725
3,12542,2.016
3,12543,2.023
3,12544,2.717
3,12545,1.959
3,12546,1.972
3,12547,2.304
3,12548,2.847
3,12549,2.063
3,12550,1.557
3,12551,1.496
3,12552,2.146
3,12553,2.014
3,12554,1.679
3,12555,1.671
3,12556,2.013
3,12557,1.923
3,12558,1.601
3,12559,1.664
3,12560,1.873
3,12561,1.690
3,12562,2.419
3,12563,2.170
3,12564,2.240
3,12565,1.904
3,12566,1.754
3,12567,2.018
3,12568,1.873
3,12569,2.152
3,12570,2.022
3,12571,2.714
3,12572,2.407
3,12573,2.465
3,12574,2.203
3,12575,1.780
3,12576,2.033
3,12577,2.484
3,12578,2.208
3,12579,2.873
3,12580,2.156
3,12581,2.023
3,12582,2.137
3,12583,2.321
3,12584,1.876
3,12585,2.968
3,12586,2.920
3,12587,2.862
3,12588,2.728
3,12589,2.511
3,12590,2.874
3,12591,3.023
3,12592,2.090
3,12593,2.202
3,12594,2.842
3,12595,2.150
3,12596,2.385
3,12597,2.377
3,12598,2.432
3,12599,2.131
3,12600,1.701
3,12601,1.506
3,12602,1.774
3,12603,1.837
3,12604,1.860
3,12605,1.588
3,12606,2.419
3,12607,2.729
3,12608,2.650
3,12609,3.332
3,12610,2.785
3,12611,1.863
3,12612,2.427
3,12613,1.951
3,12614,1.767
3,12615,1.924
3,12616,1.768
3,12617,1.823
3,12618,1.613
3,12619,2.952
3,12620,3.702
3,12621,2.686
3,12622,2.300
3,12623,2.127
3,12624,2.418
3,12625,2.356
3,12626,3.224
3,12627,2.545
3,12628,1.887
3,12629,2.045
3,12630,2.316
3,12631,1.998
3,12632,2.073
3,12633,3.088
3,12634,2.917
3,12635,2.407
3,12636,2.607
3,12637,2.422
3,12638,2.567
3,12639,2.352
3,12640,2.181
3,12641,2.949
3,12642,2.384
3,12643,1.941
3,12644,2.150
3,12645,3.012
3,12646,2.402
3,12647,2.236
3,12648,2.756
3,12649,2.658
3,12650,2.718
3,12651,3.086
3,12652,3.414
3,12653,3.167
3,12654,2.666
3,12655,2.400
3,12656,2.433
3,12657,2.697
3,12658,2.125
3,12659,2.455
3,12660,2.528
3,12661,2.723
3,12662,2.462
3,12663,2.433
3,12664,2.487
3,12665,2.439
3,12666,2.128
3,12667,2.363
3,12668,2.794
3,12669,2.777
3,12670,2.448
3,12671,2.590
3,12672,2.365
3,12673,3.030
3,12674,2.432
3,12675,3.446
3,12676,2.581
3,12677,4.062
3,12678,3.284
3,12679,3.108
3,12680,3.870
3,12681,3.847
3,12682,3.460
3,12683,4.043
3,12684,3.802
3,12685,3.418
3,12686,3.160
3,12687,2.665
3,12688,3.216
3,12689,2.856
3,12690,5.422
3,12691,3.521
3,12692,3.014
3,12693,3.649
3,12694,4.002
3,12695,3.042
3,12696,2.765
3,12697,2.112
3,12698,2.998
3,12699,2.397
3,12700,2.266
3,12701,2.601
3,12702,2.319
3,12703,2.580
3,12704,3.335
3,12705,2.216
3,12706,2.150
3,12707,2.059
3,12708,1.872
3,12709,1.682
3,12710,1.683
3,12711,1.782
3,12712,2.002
3,12713,1.965
3,12714,2.057
3,12715,1.657
3,12716,1.475
3,12717,1.485
3,12718,1.746
3,12719,1.600
3,12720,1.650
3,12721,2.602
3,12722,2.356
3,12723,2.243
3,12724,2.413
3,12725,2.291
3,12726,2.074
3,12727,2.174
3,12728,2.672
3,12729,2.749
3,12730,1.766
3,12731,1.832
3,12732,1.676
3,12733,1.655
3,12734,1.836
3,12735,1.901
3,12736,1.653
3,12737,1.609
3,12738,1.726
3,12739,2.325
3,12740,1.852
3,12741,1.514
3,12742,1.904
3,12743,1.797
3,12744,2.317
3,12745,4.197
3,12746,2.188
3,12747,2.216
3,12748,2.341
3,12749,2.107
3,12750,1.951
3,12751,2.491
3,12752,2.116
3,12753,2.187
3,12754,1.828
3,12755,2.153
3,12756,1.719
3,12757,1.542
3,12758,1.934
3,12759,2.583
3,12760,1.751
3,12761,1.670
3,12762,1.916
3,12763,2.053
3,12764,1.864
3,12765,1.744
3,12766,1.818
3,12767,2.173
3,12768,2.460
3,12769,2.415
3,12770,2.216
3,12771,2.453
3,12772,3.166
3,12773,2.523
3,12774,2.573
3,12775,2.029
3,12776,1.601
3,12777,1.895
3,12778,1.808
3,12779,1.748
3,12780,1.967
3,12781,2.519
3,12782,2.625
3,12783,1.629
3,12784,1.556
3,12785,1.796
3,12786,1.785
3,12787,1.884
3,12788,1.627
3,12789,2.514
3,12790,1.935
3,12791,1.724
3,12792,2.076
3,12793,1.978
3,12794,1.499
3,12795,1.585
3,12796,1.904
3,12797,1.852
3,12798,2.429
3,12799,2.086
3,12800,2.002
3,12801,1.785
3,12802,1.749
3,12803,2.220
3,12804,1.901
3,12805,1.645
3,12806,1.766
3,12807,2.507
3,12808,1.910
3,12809,1.503
3,12810,1.715
3,12811,1.832
3,12812,1.711
3,12813,1.736
3,12814,1.910
3,12815,2.103
3,12816,2.730
3,12817,2.236
3,12818,1.976
3,12819,1.635
3,12820,1.385
3,12821,1.877
3,12822,1.896
3,12823,2.038
3,12824,2.222
3,12825,2.934
3,12826,1.866
3,12827,1.667
3,12828,2.278
3,12829,1.852
3,12830,1.719
3,12831,2.547
3,12832,2.025
3,12833,2.319
3,12834,1.814
3,12835,1.583
3,12836,1.573
3,12837,1.562
3,12838,2.097
3,12839,2.907
3,12840,2.159
3,12841,2.166
3,12842,2.453
3,12843,2.037
3,12844,1.794
3,12845,1.908
3,12846,2.695
3,12847,2.385
3,12848,2.238
3,12849,2.049
3,12850,2.384
3,12851,2.265
3,12852,2.916
3,12853,2.476
3,12854,2.119
3,12855,1.895
3,12856,1.843
3,12857,1.908
3,12858,2.032
3,12859,2.289
3,12860,2.258
3,12861,2.082
3,12862,1.570
3,12863,1.418
3,12864,1.843
3,12865,1.771
3,12866,1.989
3,12867,2.790
3,12868,2.569
3,12869,2.616
3,12870,2.795
3,12871,2.462
3,12872,2.197
3,12873,2.609
3,12874,2.972
3,12875,2.161
3,12876,1.807
3,12877,1.638
3,12878,1.536
3,12879,1.789
3,12880,1.792
3,12881,1.543
3,12882,2.444
3,12883,2.613
3,12884,2.181
3,12885,1.785
3,12886,1.790
3,12887,1.833
3,12888,1.864
3,12889,2.439
3,12890,3.204
3,12891,3.306
3,12892,2.616
3,12893,2.065
3,12894,2.154
3,12895,2.360
3,12896,2.589
3,12897,2.546
3,12898,3.010
3,12899,2.543
3,12900,2.823
3,12901,2.841
3,12902,2.514
3,12903,2.405
3,12904,2.468
3,12905,2.542
3,12906,2.217
3,12907,1.978
3,12908,2.163
3,12909,2.477
3,12910,1.947
3,12911,1.953
3,12912,2.290
3,12913,2.542
3,12914,2.362
3,12915,2.828
3,12916,2.570
3,12917,2.462
3,12918,2.822
3,12919,2.269
3,12920,3.114
3,12921,3.357
3,12922,2.345
3,12923,2.332
3,12924,2.364
3,12925,2.253
3,12926,2.265
3,12927,3.502
3,12928,2.480
3,12929,2.441
3,12930,2.067
3,12931,2.191
3,12932,2.429
3,12933,2.457
3,12934,2.762
3,12935,2.449
3,12936,2.349
3,12937,2.687
3,12938,2.359
3,12939,2.186
3,12940,2.595
3,12941,2.718
3,12942,2.306
3,12943,2.195
3,12944,2.204
3,12945,2.538
3,12946,2.402
3,12947,2.408
3,12948,2.989
3,12949,2.533
3,12950,2.178
3,12951,2.256
3,12952,2.311
3,12953,2.364
3,12954,2.598
3,12955,2.547
3,12956,2.341
3,12957,2.470
3,12958,2.579
3,12959,2.524
3,12960,2.525
3,12961,2.340
3,12962,2.697
3,12963,2.206
3,12964,2.248
3,12965,2.417
3,12966,3.069
3,12967,2.528
3,12968,2.317
3,12969,2.904
3,12970,2.388
3,12971,2.228
3,12972,2.776
3,12973,2.537
3,12974,2.413
3,12975,2.252
3,12976,2.820
3,12977,2.546
3,12978,3.767
3,12979,3.095
3,12980,3.158
3,12981,2.838
3,12982,2.376
3,12983,3.099
3,12984,3.069
3,12985,2.215
3,12986,2.257
3,12987,1.982
3,12988,1.830
3,12989,2.096
3,12990,1.853
3,12991,1.688
3,12992,1.741
3,12993,1.880
3,12994,1.906
3,12995,2.349
3,12996,2.632
3,12997,2.274
3,12998,3.425
3,12999,2.554
3,13000,1.854
3,13001,1.651
3,13002,1.794
3,13003,1.948
3,13004,1.558
3,13005,1.831
3,13006,1.939
3,13007,2.189
3,13008,1.944
3,13009,1.675
3,13010,1.636
3,13011,1.524
3,13012,1.779
3,13013,2.154
3,13014,2.108
3,13015,1.570
3,13016,1.453
3,13017,2.349
3,13018,1.799
3,13019,1.869
3,13020,1.696
3,13021,2.204
3,13022,2.958
3,13023,2.618
3,13024,2.995
3,13025,2.298
3,13026,1.729
3,13027,1.817
3,13028,2.121
3,13029,2.231
3,13030,2.170
3,13031,1.902
3,13032,1.623
3,13033,1.893
3,13034,2.127
3,13035,1.548
3,13036,1.491
3,13037,2.496
3,13038,2.647
3,13039,2.314
3,13040,2.599
3,13041,2.535
3,13042,2.559
3,13043,2.350
3,13044,2.245
3,13045,2.125
3,13046,2.387
3,13047,3.056
3,13048,2.447
3,13049,2.875
3,13050,2.833
3,13051,3.288
3,13052,2.993
3,13053,3.353
3,13054,2.865
3,13055,3.289
3,13056,2.668
3,13057,2.430
3,13058,2.342
3,13059,2.495
3,13060,2.906
3,13061,2.786
3,13062,3.701
3,13063,3.191
3,13064,2.996
3,13065,3.364
3,13066,2.774
3,13067,2.804
3,13068,2.941
3,13069,2.810
3,13070,3.462
3,13071,2.639
3,13072,2.298
3,13073,2.610
3,13074,2.875
3,13075,2.347
3,13076,2.852
3,13077,2.855
3,13078,2.634
3,13079,2.622
3,13080,2.510
3,13081,2.960
3,13082,3.583
3,13083,3.063
3,13084,3.422
3,13085,3.185
3,13086,2.917
3,13087,4.071
3,13088,2.642
3,13089,2.572
3,13090,2.520
3,13091,2.742
3,13092,3.189
3,13093,3.084
3,13094,2.953
3,13095,2.762
3,13096,3.045
3,13097,3.036
3,13098,3.961
3,13099,3.468
3,13100,3.178
3,13101,2.925
3,13102,3.325
3,13103,3.067
3,13104,2.945
3,13105,3.327
3,13106,2.899
3,13107,4.580
3,13108,3.644
3,13109,2.834
3,13110,3.025
3,13111,2.953
3,13112,3.164
3,13113,2.788
3,13114,2.530
3,13115,2.667
3,13116,3.064
3,13117,2.289
3,13118,1.753
3,13119,2.532
3,13120,2.546
3,13121,2.224
3,13122,2.588
3,13123,3.281
3,13124,2.774
3,13125,2.935
3,13126,2.232
3,13127,3.025
3,13128,3.904
3,13129,3.278
3,13130,2.515
3,13131,3.441
3,13132,2.447
3,13133,2.494
3,13134,3.585
3,13135,2.683
3,13136,2.685
3,13137,2.776
3,13138,2.589
3,13139,2.927
3,13140,2.837
3,13141,2.243
3,13142,3.079
3,13143,2.462
3,13144,2.627
3,13145,3.090
3,13146,3.163
3,13147,2.346
3,13148,3.100
3,13149,3.115
3,13150,2.756
3,13151,2.998
3,13152,2.298
3,13153,2.028
3,13154,2.231
3,13155,2.282
3,13156,1.939
3,13157,2.320
3,13158,2.409
3,13159,1.868
3,13160,1.818
3,13161,2.264
3,13162,2.115
3,13163,2.430
3,13164,2.360
3,13165,2.300
3,13166,2.807
3,13167,2.740
3,13168,2.504
3,13169,2.861
3,13170,3.289
3,13171,3.056
3,13172,2.248
3,13173,2.436
3,13174,2.593
3,13175,2.282
3,13176,2.369
3,13177,3.526
3,13178,2.150
3,13179,1.606
3,13180,1.823
3,13181,1.855
3,13182,1.764
3,13183,2.053
3,13184,3.697
3,13185,3.086
3,13186,2.675
3,13187,2.558
3,13188,2.750
3,13189,3.043
3,13190,3.074
3,13191,2.930
3,13192,2.239
3,13193,1.844
3,13194,2.121
3,13195,1.799
3,13196,2.504
3,13197,2.353
3,13198,2.134
3,13199,2.034
3,13200,2.037
3,13201,1.852
3,13202,1.653
3,13203,2.342
3,13204,2.175
3,13205,1.718
3,13206,1.471
3,13207,1.712
3,13208,2.224
3,13209,1.823
3,13210,1.769
3,13211,2.658
3,13212,2.906
3,13213,2.701
3,13214,2.456
3,13215,1.905
3,13216,2.714
3,13217,2.612
3,13218,2.225
3,13219,2.226
3,13220,2.412
3,13221,2.245
3,13222,2.310
3,13223,2.417
3,13224,3.002
3,13225,3.169
3,13226,2.413
3,13227,2.404
3,13228,2.697
3,13229,2.391
3,13230,3.056
3,13231,2.180
3,13232,1.675
3,13233,2.187
3,13234,2.069
3,13235,1.733
3,13236,1.499
3,13237,2.121
3,13238,2.789
3,13239,3.120
3,13240,2.459
3,13241,2.334
3,13242,2.574
3,13243,2.634
3,13244,2.162
3,13245,2.006
3,13246,2.450
3,13247,1.948
3,13248,1.483
3,13249,1.696
3,13250,1.895
3,13251,2.012
3,13252,2.027
3,13253,2.123
3,13254,1.909
3,13255,2.216
3,13256,2.110
3,13257,2.397
3,13258,1.746
3,13259,2.154
3,13260,2.169
3,13261,1.721
3,13262,1.726
3,13263,1.872
3,13264,2.438
3,13265,1.651
3,13266,2.202
3,13267,2.519
3,13268,1.701
3,13269,1.468
3,13270,1.693
3,13271,1.686
3,13272,1.674
3,13273,1.947
3,13274,1.775
3,13275,2.082
3,13276,1.859
3,13277,1.762
3,13278,2.141
3,13279,1.957
3,13280,1.810
3,13281,2.121
3,13282,3.295
3,13283,2.976
3,13284,3.963
3,13285,2.402
3,13286,2.153
3,13287,2.108
3,13288,2.304
3,13289,2.822
3,13290,2.203
3,13291,1.564
3,13292,1.665
3,13293,1.818
3,13294,1.739
3,13295,1.744
3,13296,2.373
3,13297,2.512
3,13298,1.951
3,13299,2.004
3,13300,2.120
3,13301,1.842
3,13302,1.703
3,13303,2.038
3,13304,2.198
3,13305,2.652
3,13306,3.186
3,13307,2.018
3,13308,1.621
3,13309,1.917
3,13310,1.802
3,13311,1.952
3,13312,2.031
3,13313,2.119
3,13314,2.001
3,13315,2.005
3,13316,1.661
3,13317,1.511
3,13318,1.549
3,13319,1.850
3,13320,2.038
3,13321,1.689
3,13322,1.449
3,13323,1.416
3,13324,1.885
3,13325,2.069
3,13326,1.867
3,13327,1.826
3,13328,2.123
3,13329,2.015
3,13330,1.678
3,13331,2.122
3,13332,1.804
3,13333,1.593
3,13334,1.855
3,13335,1.836
3,13336,2.164
3,13337,2.337
3,13338,2.377
3,13339,2.289
3,13340,2.279
3,13341,2.237
3,13342,2.165
3,13343,2.846
3,13344,2.757
3,13345,2.044
3,13346,1.531
3,13347,1.411
3,13348,1.691
3,13349,1.710
3,13350,1.601
3,13351,1.904
3,13352,2.938
3,13353,2.514
3,13354,2.273
3,13355,2.645
3,13356,2.105
3,13357,1.911
3,13358,2.130
3,13359,2.693
3,13360,2.318
3,13361,2.122
3,13362,2.036
3,13363,1.997
3,13364,2.359
3,13365,2.003
3,13366,1.907
3,13367,2.478
3,13368,2.205
3,13369,2.032
3,13370,1.944
3,13371,2.083
3,13372,2.089
3,13373,2.384
3,13374,2.370
3,13375,2.187
3,13376,1.671
3,13377,1.828
3,13378,2.087
3,13379,1.798
3,13380,1.610
3,13381,2.047
3,13382,2.019
3,13383,1.722
3,13384,2.161
3,13385,1.674
3,13386,1.486
3,13387,1.644
3,13388,1.726
3,13389,2.010
3,13390,2.331
3,13391,1.593
3,13392,1.762
3,13393,1.721
3,13394,1.943
3,13395,3.381
3,13396,2.715
3,13397,2.370
3,13398,2.194
3,13399,1.855
3,13400,1.696
3,13401,1.751
3,13402,2.236
3,13403,2.256
3,13404,2.311
3,13405,2.594
3,13406,1.910
3,13407,1.667
3,13408,1.759
3,13409,1.706
3,13410,1.494
3,13411,1.675
3,13412,1.626
3,13413,1.969
3,13414,2.074
3,13415,1.600
3,13416,1.551
3,13417,1.654
3,13418,1.561
3,13419,1.785
3,13420,2.070
3,13421,2.244
3,13422,2.623
3,13423,2.614
3,13424,2.312
3,13425,2.121
3,13426,2.136
3,13427,2.113
3,13428,2.496
3,13429,2.572
3,13430,2.213
3,13431,2.043
3,13432,2.091
3,13433,2.209
3,13434,2.022
3,13435,1.883
3,13436,2.654
3,13437,3.051
3,13438,2.421
3,13439,2.111
3,13440,2.092
3,13441,2.299
3,13442,2.673
3,13443,2.366
3,13444,2.615
3,13445,2.379
3,13446,2.169
3,13447,2.354
3,13448,2.649
3,13449,3.629
3,13450,3.024
3,13451,3.188
3,13452,3.097
3,13453,3.194
3,13454,3.150
3,13455,3.751
3,13456,3.231
3,13457,2.602
3,13458,2.442
3,13459,2.943
3,13460,2.147
3,13461,2.296
3,13462,2.372
3,13463,2.205
3,13464,2.839
3,13465,2.623
3,13466,2.788
3,13467,3.009
3,13468,2.522
3,13469,2.524
3,13470,2.609
3,13471,3.688
3,13472,3.304
3,13473,3.079
3,13474,3.423
3,13475,2.525
3,13476,2.817
3,13477,2.942
3,13478,2.360
3,13479,2.479
3,13480,2.509
3,13481,2.474
3,13482,2.754
3,13483,3.044
3,13484,3.330
3,13485,2.983
3,13486,2.781
3,13487,2.893
3,13488,2.837
3,13489,3.431
3,13490,3.068
3,13491,2.947
3,13492,2.594
3,13493,3.438
3,13494,2.919
3,13495,2.918
3,13496,3.082
3,13497,2.511
3,13498,2.882
3,13499,2.609
3,13500,2.567
3,13501,3.047
3,13502,3.069
3,13503,2.532
3,13504,2.432
3,13505,2.148
3,13506,2.456
3,13507,2.159
3,13508,2.028
3,13509,2.587
3,13510,2.493
3,13511,2.146
3,13512,2.277
3,13513,2.355
3,13514,2.252
3,13515,2.389
3,13516,2.159
3,13517,2.531
3,13518,2.422
3,13519,2.185
3,13520,1.994
3,13521,2.537
3,13522,2.260
3,13523,2.551
3,13524,3.262
3,13525,2.448
3,13526,2.200
3,13527,2.168
3,13528,1.918
3,13529,1.680
3,13530,2.095
3,13531,2.470
3,13532,2.657
3,13533,2.437
3,13534,1.937
3,13535,1.779
3,13536,1.886
3,13537,1.900
3,13538,2.100
3,13539,3.166
3,13540,2.420
3,13541,2.313
3,13542,1.985
3,13543,1.960
3,13544,1.741
3,13545,2.161
3,13546,2.123
3,13547,1.914
3,13548,1.709
3,13549,1.735
3,13550,2.089
3,13551,1.839
3,13552,1.527
3,13553,1.553
3,13554,1.701
3,13555,2.240
3,13556,2.036
3,13557,1.989
3,13558,1.634
3,13559,1.496
3,13560,1.886
3,13561,2.106
3,13562,1.965
3,13563,2.068
3,13564,2.129
3,13565,1.996
3,13566,1.749
3,13567,1.785
3,13568,1.873
3,13569,2.196
3,13570,1.986
3,13571,2.722
3,13572,2.144
3,13573,1.697
3,13574,1.504
3,13575,1.744
3,13576,1.676
3,13577,1.636
3,13578,1.892
3,13579,2.149
3,13580,2.510
3,13581,2.579
3,13582,2.613
3,13583,2.119
3,13584,1.651
3,13585,1.955
3,13586,2.023
3,13587,2.390
3,13588,1.958
3,13589,2.012
3,13590,1.918
3,13591,1.871
3,13592,2.072
3,13593,1.856
3,13594,2.228
3,13595,2.465
3,13596,2.373
3,13597,1.798
3,13598,2.069
3,13599,2.238
3,13600,2.189
3,13601,2.534
3,13602,2.008
3,13603,1.954
3,13604,1.618
3,13605,1.721
3,13606,1.738
3,13607,1.533
3,13608,1.465
3,13609,1.562
3,13610,2.072
3,13611,2.018
3,13612,1.998
3,13613,2.447
3,13614,1.713
3,13615,1.716
3,13616,1.765
3,13617,2.069
3,13618,2.030
3,13619,1.902
3,13620,2.086
3,13621,1.951
3,13622,2.487
3,13623,1.980
3,13624,1.940
3,13625,1.805
3,13626,3.009
3,13627,2.331
3,13628,1.848
3,13629,1.819
3,13630,2.928
3,13631,2.402
3,13632,2.269
3,13633,2.536
3,13634,2.177
3,13635,2.158
3,13636,2.271
3,13637,2.410
3,13638,2.130
3,13639,2.623
3,13640,2.344
3,13641,2.193
3,13642,2.207
3,13643,2.111
3,13644,2.531
3,13645,2.794
3,13646,2.252
3,13647,1.782
3,13648,1.908
3,13649,1.693
3,13650,1.506
3,13651,1.444
3,13652,1.814
3,13653,1.837
3,13654,3.014
3,13655,2.622
3,13656,2.450
3,13657,2.064
3,13658,2.172
3,13659,2.031
3,13660,1.639
3,13661,1.723
3,13662,2.497
3,13663,1.968
3,13664,1.631
3,13665,1.858
3,13666,2.022
3,13667,1.843
3,13668,2.348
3,13669,2.095
3,13670,1.753
3,13671,1.851
3,13672,1.869
3,13673,1.843
3,13674,1.680
3,13675,1.526
3,13676,1.632
3,13677,1.683
3,13678,1.828
3,13679,1.952
3,13680,1.956
3,13681,1.935
3,13682,1.542
3,13683,1.582
3,13684,1.759
3,13685,1.603
3,13686,1.502
3,13687,2.796
3,13688,2.539
3,13689,1.974
3,13690,2.539
3,13691,2.334
3,13692,2.108
3,13693,2.393
3,13694,2.597
3,13695,1.919
3,13696,1.651
3,13697,1.914
3,13698,2.066
3,13699,1.846
3,13700,1.640
3,13701,1.662
3,13702,2.719
3,13703,2.020
3,13704,2.123
3,13705,1.773
3,13706,1.489
3,13707,2.282
3,13708,1.909
3,13709,2.064
3,13710,2.014
3,13711,1.830
3,13712,1.787
3,13713,1.774
3,13714,1.728
3,13715,1.985
3,13716,2.084
3,13717,1.881
3,13718,2.620
3,13719,2.443
3,13720,1.960
3,13721,1.861
3,13722,1.791
3,13723,1.653
3,13724,1.650
3,13725,2.174
3,13726,2.056
3,13727,1.681
3,13728,1.627
3,13729,1.760
3,13730,1.988
3,13731,1.643
3,13732,1.457
3,13733,1.584
3,13734,1.659
3,13735,2.158
3,13736,1.934
3,13737,1.856
3,13738,1.592
3,13739,1.636
3,13740,1.684
3,13741,2.117
3,13742,2.191
3,13743,2.294
3,13744,2.582
3,13745,2.392
3,13746,1.863
3,13747,1.735
3,13748,1.697
3,13749,1.588
3,13750,1.618
3,13751,1.951
3,13752,2.496
3,13753,2.515
3,13754,1.810
3,13755,1.937
3,13756,1.913
3,13757,1.688
3,13758,1.675
3,13759,1.705
3,13760,2.368
3,13761,2.531
3,13762,2.765
3,13763,2.231
3,13764,2.550
3,13765,2.364
3,13766,2.383
3,13767,2.498
3,13768,2.221
3,13769,2.844
3,13770,2.076
3,13771,1.901
3,13772,1.659
3,13773,2.274
3,13774,2.488
3,13775,2.588
3,13776,3.185
3,13777,2.789
3,13778,2.229
3,13779,2.789
3,13780,2.661
3,13781,2.440
3,13782,2.521
3,13783,1.953
3,13784,2.255
3,13785,2.458
3,13786,2.572
3,13787,2.499
3,13788,2.376
3,13789,2.320
3,13790,2.889
3,13791,2.713
3,13792,3.220
3,13793,2.236
3,13794,1.937
3,13795,1.626
3,13796,1.699
3,13797,1.780
3,13798,1.642
3,13799,2.054
3,13800,2.053
3,13801,1.744
3,13802,1.585
3,13803,1.577
3,13804,1.742
3,13805,1.919
3,13806,1.668
3,13807,1.553
3,13808,1.822
3,13809,2.518
3,13810,2.483
3,13811,2.171
3,13812,1.947
3,13813,1.842
3,13814,1.886
3,13815,2.297
3,13816,1.827
3,13817,2.882
4,1,2.296
4,2,1.761
4,3,1.737
4,4,1.772
4,5,1.729
4,6,1.633
4,7,1.964
4,8,2.427
4,9,2.054
4,10,1.965
4,11,2.189
4,12,1.994
4,13,1.875
4,14,1.549
4,15,1.817
4,16,1.903
4,17,1.783
4,18,2.096
4,19,1.898
4,20,1.776
4,21,1.800
4,22,1.863
4,23,2.171
4,24,1.939
4,25,1.778
4,26,1.980
4,27,2.052
4,28,1.721
4,29,1.896
4,30,1.690
4,31,1.463
4,32,1.538
4,33,2.683
4,34,2.588
4,35,2.279
4,36,2.590
4,37,2.380
4,38,2.357
4,39,2.563
4,40,2.349
4,41,2.009
4,42,1.929
4,43,1.920
4,44,2.051
4,45,1.771
4,46,2.039
4,47,2.795
4,48,2.344
4,49,1.986
4,50,1.692
4,51,1.566
4,52,1.687
4,53,2.087
4,54,1.549
4,55,2.283
4,56,2.897
4,57,2.556
4,58,2.221
4,59,2.075
4,60,1.756
4,61,1.959
4,62,2.205
4,63,2.187
4,64,1.635
4,65,1.799
4,66,1.911
4,67,1.891
4,68,1.751
4,69,1.892
4,70,2.659
4,71,2.232
4,72,2.553
4,73,1.991
4,74,1.672
4,75,1.613
4,76,1.650
4,77,1.801
4,78,1.609
4,79,2.444
4,80,2.023
4,81,1.940
4,82,1.884
4,83,1.663
4,84,1.869
4,85,1.897
4,86,1.868
4,87,2.810
4,88,2.429
4,89,1.675
4,90,1.728
4,91,1.973
4,92,1.957
4,93,1.657
4,94,1.888
4,95,2.792
4,96,2.016
4,97,2.551
4,98,2.259
4,99,1.762
4,100,1.633
4,101,1.899
4,102,2.039
4,103,2.426
4,104,2.494
4,105,2.736
4,106,2.424
4,107,2.393
4,108,2.001
4,109,2.418
4,110,2.781
4,111,2.133
4,112,2.160
4,113,2.359
4,114,2.313
4,115,2.368
4,116,3.276
4,117,2.690
4,118,2.840
4,119,2.833
4,120,1.942
4,121,2.570
4,122,2.892
4,123,2.316
4,124,3.101
4,125,2.760
4,126,2.847
4,127,2.347
4,128,2.618
4,129,2.280
4,130,2.241
4,131,1.763
4,132,1.809
4,133,1.981
4,134,2.087
4,135,2.563
4,136,2.312
4,137,1.945
4,138,1.850
4,139,2.050
4,140,2.459
4,141,2.000
4,142,2.496
4,143,2.094
4,144,1.868
4,145,2.053
4,146,1.875
4,147,1.722
4,148,1.663
4,149,2.002
4,150,2.121
4,151,1.958
4,152,1.830
4,153,2.023
4,154,1.845
4,155,1.790
4,156,1.843
4,157,1.824
4,158,2.299
4,159,2.700
4,160,2.864
4,161,2.474
4,162,2.610
4,163,2.166
4,164,2.678
4,165,2.669
4,166,2.208
4,167,2.297
4,168,2.134
4,169,1.786
4,170,1.753
4,171,2.617
4,172,2.514
4,173,2.288
4,174,2.590
4,175,2.549
4,176,2.108
4,177,2.038
4,178,2.364
4,179,2.437
4,180,2.480
4,181,2.089
4,182,2.153
4,183,2.830
4,184,2.300
4,185,3.243
4,186,2.211
4,187,1.825
4,188,1.636
4,189,1.925
4,190,1.820
4,191,1.827
4,192,1.597
4,193,3.060
4,194,2.253
4,195,2.058
4,196,2.025
4,197,1.821
4,198,1.732
4,199,1.883
4,200,2.875
4,201,2.799
4,202,2.588
4,203,2.292
4,204,1.978
4,205,2.541
4,206,2.438
4,207,3.083
4,208,2.909
4,209,2.349
4,210,2.570
4,211,2.306
4,212,1.926
4,213,2.603
4,214,2.895
4,215,2.655
4,216,2.694
4,217,2.227
4,218,2.316
4,219,2.987
4,220,2.360
4,221,2.858
4,222,2.683
4,223,2.332
4,224,2.750
4,225,2.740
4,226,2.426
4,227,3.956
4,228,2.830
4,229,2.619
4,230,2.914
4,231,2.958
4,232,2.645
4,233,2.979
4,234,2.906
4,235,2.312
4,236,2.879
4,237,2.653
4,238,2.520
4,239,3.086
4,240,2.813
4,241,4.877
4,242,2.824
4,243,2.864
4,244,2.921
4,245,2.642
4,246,2.777
4,247,3.106
4,248,2.611
4,249,2.292
4,250,2.313
4,251,2.540
4,252,2.228
4,253,2.771
4,254,3.034
4,255,2.570
4,256,2.529
4,257,2.538
4,258,2.502
4,259,3.270
4,260,3.888
4,261,6.227
4,262,5.477
4,263,4.486
4,264,3.788
4,265,3.652
4,266,3.040
4,267,2.962
4,268,2.710
4,269,2.767
4,270,2.650
4,271,3.035
4,272,3.531
4,273,2.498
4,274,2.700
4,275,3.857
4,276,3.175
4,277,3.225
4,278,2.765
4,279,2.810
4,280,2.421
4,281,2.530
4,282,2.973
4,283,2.790
4,284,2.925
4,285,2.559
4,286,2.813
4,287,2.816
4,288,2.920
4,289,3.096
4,290,5.069
4,291,3.719
4,292,3.392
4,293,3.454
4,294,3.087
4,295,2.924
4,296,2.514
4,297,2.794
4,298,3.082
4,299,3.007
4,300,2.756
4,301,3.191
4,302,3.269
4,303,2.775
4,304,2.965
4,305,2.796
4,306,2.757
4,307,3.300
4,308,3.186
4,309,2.794
4,310,2.163
4,311,2.212
4,312,2.546
4,313,2.377
4,314,2.784
4,315,2.563
4,316,2.383
4,317,2.416
4,318,2.015
4,319,2.030
4,320,2.457
4,321,2.838
4,322,2.537
4,323,2.217
4,324,2.136
4,325,2.448
4,326,2.546
4,327,2.509
4,328,3.381
4,329,3.130
4,330,2.333
4,331,2.471
4,332,2.130
4,333,2.632
4,334,2.667
4,335,2.438
4,336,3.108
4,337,2.447
4,338,2.110
4,339,2.781
4,340,3.333
4,341,3.897
4,342,3.124
4,343,2.640
4,344,2.772
4,345,2.825
4,346,2.851
4,347,2.820
4,348,3.121
4,349,2.316
4,350,3.008
4,351,2.640
4,352,2.363
4,353,3.049
4,354,2.788
4,355,2.583
4,356,4.077
4,357,2.812
4,358,2.766
4,359,2.554
4,360,3.380
4,361,3.114
4,362,2.469
4,363,2.524
4,364,2.485
4,365,3.275
4,366,3.063
4,367,3.464
4,368,2.284
4,369,2.019
4,370,2.107
4,371,2.229
4,372,2.374
4,373,2.601
4,374,2.607
4,375,2.401
4,376,2.892
4,377,2.963
4,378,2.788
4,379,3.684
4,380,3.116
4,381,2.490
4,382,2.344
4,383,2.187
4,384,2.441
4,385,2.470
4,386,2.526
4,387,2.683
4,388,2.285
4,389,2.551
4,390,3.074
4,391,3.734
4,392,3.620
4,393,3.497
4,394,2.815
4,395,2.732
4,396,3.580
4,397,2.961
4,398,2.852
4,399,3.257
4,400,3.103
4,401,6.960
4,402,4.642
4,403,4.533
4,404,2.982
4,405,2.806
4,406,2.421
4,407,2.777
4,408,2.834
4,409,2.843
4,410,2.692
4,411,2.445
4,412,2.223
4,413,2.551
4,414,2.289
4,415,2.652
4,416,3.146
4,417,2.070
4,418,2.213
4,419,2.374
4,420,2.304
4,421,2.608
4,422,2.313
4,423,2.339
4,424,2.439
4,425,2.350
4,426,2.012
4,427,2.022
4,428,2.182
4,429,2.235
4,430,1.928
4,431,2.205
4,432,1.880
4,433,2.039
4,434,2.421
4,435,2.138
4,436,2.573
4,437,2.348
4,438,2.390
4,439,2.200
4,440,2.083
4,441,1.898
4,442,1.644
4,443,1.957
4,444,2.152
4,445,1.685
4,446,1.593
4,447,1.732
4,448,2.602
4,449,1.827
4,450,1.610
4,451,2.023
4,452,2.166
4,453,1.765
4,454,1.835
4,455,1.927
4,456,1.685
4,457,2.297
4,458,2.307
4,459,2.334
4,460,2.563
4,461,2.266
4,462,1.976
4,463,2.192
4,464,2.169
4,465,2.194
4,466,1.923
4,467,2.583
4,468,2.201
4,469,1.691
4,470,1.624
4,471,1.839
4,472,2.010
4,473,1.741
4,474,1.951
4,475,2.034
4,476,1.869
4,477,1.698
4,478,2.218
4,479,1.744
4,480,1.495
4,481,1.464
4,482,1.832
4,483,1.878
4,484,2.267
4,485,2.239
4,486,2.104
4,487,1.955
4,488,1.839
4,489,2.303
4,490,2.095
4,491,2.926
4,492,2.767
4,493,2.686
4,494,2.736
4,495,2.601
4,496,2.504
4,497,3.252
4,498,2.271
4,499,2.008
4,500,1.885
4,501,1.818
4,502,1.507
4,503,1.425
4,504,1.848
4,505,1.871
4,506,1.928
4,507,1.963
4,508,1.940
4,509,1.919
4,510,1.596
4,511,1.782
4,512,2.208
4,513,2.313
4,514,2.717
4,515,2.478
4,516,2.299
4,517,2.671
4,518,2.583
4,519,2.639
4,520,2.680
4,521,1.757
4,522,1.499
4,523,1.606
4,524,1.656
4,525,1.831
4,526,1.556
4,527,1.526
4,528,1.791
4,529,1.978
4,530,1.800
4,531,2.063
4,532,1.997
4,533,2.013
4,534,2.542
4,535,2.933
4,536,2.729
4,537,2.449
4,538,2.149
4,539,2.227
4,540,2.722
4,541,2.287
4,542,3.020
4,543,2.660
4,544,1.918
4,545,1.527
4,546,1.785
4,547,1.994
4,548,1.731
4,549,1.545
4,550,1.679
4,551,2.806
4,552,2.463
4,553,2.651
4,554,2.228
4,555,1.931
4,556,2.118
4,557,2.479
4,558,2.958
4,559,2.361
4,560,2.077
4,561,1.938
4,562,2.150
4,563,2.026
4,564,1.941
4,565,2.669
4,566,2.739
4,567,2.061
4,568,1.976
4,569,1.942
4,570,1.915
4,571,2.356
4,572,2.504
4,573,1.663
4,574,1.864
4,575,1.808
4,576,1.875
4,577,1.792
4,578,1.680
4,579,2.113
4,580,2.140
4,581,1.898
4,582,2.287
4,583,2.172
4,584,1.661
4,585,1.662
4,586,2.115
4,587,1.882
4,588,1.840
4,589,1.645
4,590,1.819
4,591,1.726
4,592,2.036
4,593,2.711
4,594,2.188
4,595,2.351
4,596,2.599
4,597,1.854
4,598,1.673
4,599,1.517
4,600,1.897
4,601,2.146
4,602,1.772
4,603,1.727
4,604,3.090
4,605,2.117
4,606,2.496
4,607,2.241
4,608,1.836
4,609,2.670
4,610,2.150
4,611,1.857
4,612,1.575
4,613,1.590
4,614,1.601
4,615,1.611
4,616,1.711
4,617,1.818
4,618,1.643
4,619,1.934
4,620,2.297
4,621,2.061
4,622,1.872
4,623,1.540
4,624,1.468
4,625,1.744
4,626,1.704
4,627,1.617
4,628,2.117
4,629,2.731
4,630,2.060
4,631,1.755
4,632,1.973
4,633,2.190
4,634,1.702
4,635,1.651
4,636,1.955
4,637,1.849
4,638,2.077
4,639,1.660
4,640,1.588
4,641,1.569
4,642,1.592
4,643,1.831
4,644,1.844
4,645,1.812
4,646,2.006
4,647,1.924
4,648,2.157
4,649,1.778
4,650,1.471
4,651,1.589
4,652,1.704
4,653,2.392
4,654,2.412
4,655,2.120
4,656,1.885
4,657,2.014
4,658,1.776
4,659,2.111
4,660,1.791
4,661,1.868
4,662,1.965
4,663,1.669
4,664,1.654
4,665,1.745
4,666,1.678
4,667,1.919
4,668,1.710
4,669,1.861
4,670,2.328
4,671,2.203
4,672,1.794
4,673,1.816
4,674,1.597
4,675,1.598
4,676,1.909
4,677,1.712
4,678,1.505
4,679,1.639
4,680,2.753
4,681,2.578
4,682,2.281
4,683,2.339
4,684,3.059
4,685,2.688
4,686,2.707
4,687,2.433
4,688,2.077
4,689,2.126
4,690,1.802
4,691,1.964
4,692,1.871
4,693,2.294
4,694,2.543
4,695,2.252
4,696,2.133
4,697,2.256
4,698,2.495
4,699,2.529
4,700,2.320
4,701,2.599
4,702,2.705
4,703,3.017
4,704,2.637
4,705,2.247
4,706,2.951
4,707,2.267
4,708,2.134
4,709,2.087
4,710,2.374
4,711,2.008
4,712,1.672
4,713,2.791
4,714,2.867
4,715,2.102
4,716,2.831
4,717,2.643
4,718,2.314
4,719,2.387
4,720,1.977
4,721,2.260
4,722,1.797
4,723,1.746
4,724,1.679
4,725,1.626
4,726,1.647
4,727,1.973
4,728,2.759
4,729,2.095
4,730,1.949
4,731,1.532
4,732,1.649
4,733,1.598
4,734,1.722
4,735,1.455
4,736,1.591
4,737,2.548
4,738,1.796
4,739,1.878
4,740,2.257
4,741,1.673
4,742,1.501
4,743,1.521
4,744,1.670
4,745,1.740
4,746,1.651
4,747,1.437
4,748,1.523
4,749,1.928
4,750,1.868
4,751,1.690
4,752,1.856
4,753,1.935
4,754,1.748
4,755,2.499
4,756,2.680
4,757,2.103
4,758,1.772
4,759,2.469
4,760,2.063
4,761,2.047
4,762,2.341
4,763,2.205
4,764,2.056
4,765,2.287
4,766,2.197
4,767,2.021
4,768,2.142
4,769,2.108
4,770,3.020
4,771,2.512
4,772,2.570
4,773,2.547
4,774,3.009
4,775,2.557
4,776,3.045
4,777,2.902
4,778,3.452
4,779,2.695
4,780,2.699
4,781,2.554
4,782,2.585
4,783,2.337
4,784,2.588
4,785,2.360
4,786,2.003
4,787,2.949
4,788,2.915
4,789,2.412
4,790,2.757
4,791,2.565
4,792,2.823
4,793,2.723
4,794,3.334
4,795,2.504
4,796,2.522
4,797,2.502
4,798,2.349
4,799,2.096
4,800,3.126
4,801,2.612
4,802,2.170
4,803,2.538
4,804,2.476
4,805,2.266
4,806,2.797
4,807,2.578
4,808,2.913
4,809,2.752
4,810,2.853
4,811,2.786
4,812,2.672
4,813,2.887
4,814,3.046
4,815,3.207
4,816,2.686
4,817,2.559
4,818,3.353
4,819,2.740
4,820,3.343
4,821,2.978
4,822,2.915
4,823,3.038
4,824,2.458
4,825,2.728
4,826,2.664
4,827,2.502
4,828,3.109
4,829,2.879
4,830,3.004
4,831,2.766
4,832,3.591
4,833,2.858
4,834,2.859
4,835,2.943
4,836,3.036
4,837,3.632
4,838,3.810
4,839,2.978
4,840,2.751
4,841,2.774
4,842,2.599
4,843,2.654
4,844,3.315
4,845,2.737
4,846,2.951
4,847,2.691
4,848,2.772
4,849,3.574
4,850,3.090
4,851,2.855
4,852,2.661
4,853,2.627
4,854,2.965
4,855,3.260
4,856,3.507
4,857,2.491
4,858,2.655
4,859,2.617
4,860,2.975
4,861,3.417
4,862,3.118
4,863,3.958
4,864,2.749
4,865,3.489
4,866,2.184
4,867,2.385
4,868,2.523
4,869,2.300
4,870,2.389
4,871,2.836
4,872,3.067
4,873,3.225
4,874,2.553
4,875,2.706
4,876,2.295
4,877,2.711
4,878,2.257
4,879,2.290
4,880,2.173
4,881,2.484
4,882,2.595
4,883,2.552
4,884,2.584
4,885,2.535
4,886,2.458
4,887,2.390
4,888,2.135
4,889,3.223
4,890,2.207
4,891,2.099
4,892,2.353
4,893,2.336
4,894,2.664
4,895,2.402
4,896,2.625
4,897,2.418
4,898,2.247
4,899,2.146
4,900,2.344
4,901,2.523
4,902,2.211
4,903,2.458
4,904,2.737
4,905,2.350
4,906,2.391
4,907,2.256
4,908,2.487
4,909,2.719
4,910,3.048
4,911,2.702
4,912,2.639
4,913,2.549
4,914,2.583
4,915,2.452
4,916,2.621
4,917,2.749
4,918,2.592
4,919,2.195
4,920,2.443
4,921,2.208
4,922,2.551
4,923,2.713
4,924,2.352
4,925,3.590
4,926,2.294
4,927,2.085
4,928,2.433
4,929,2.322
4,930,1.983
4,931,2.212
4,932,2.512
4,933,2.288
4,934,2.349
4,935,2.542
4,936,2.614
4,937,2.504
4,938,2.102
4,939,2.275
4,940,2.674
4,941,2.252
4,942,2.913
4,943,2.710
4,944,2.265
4,945,2.574
4,946,2.498
4,947,2.050
4,948,3.019
4,949,2.569
4,950,2.291
4,951,2.920
4,952,3.128
4,953,4.231
4,954,3.214
4,955,3.587
4,956,2.781
4,957,2.567
4,958,2.621
4,959,2.988
4,960,2.805
4,961,2.544
4,962,2.536
4,963,2.827
4,964,2.547
4,965,2.737
4,966,3.153
4,967,3.040
4,968,2.548
4,969,2.285
4,970,3.187
4,971,2.312
4,972,2.487
4,973,2.982
4,974,2.555
4,975,2.857
4,976,2.781
4,977,2.757
4,978,2.756
4,979,2.688
4,980,2.488
4,981,3.267
4,982,3.083
4,983,2.873
4,984,2.747
4,985,3.186
4,986,2.624
4,987,3.351
4,988,3.325
4,989,2.997
4,990,2.794
4,991,3.253
4,992,3.155
4,993,2.823
4,994,5.478
4,995,4.299
4,996,5.679
4,997,3.933
4,998,4.067
4,999,3.952
4,1000,3.571
4,1001,3.306
4,1002,3.046
4,1003,3.574
4,1004,3.439
4,1005,3.130
4,1006,3.595
4,1007,3.616
4,1008,6.256
4,1009,4.482
4,1010,3.580
4,1011,4.775
4,1012,3.538
4,1013,3.192
4,1014,3.095
4,1015,3.138
4,1016,2.766
4,1017,3.517
4,1018,3.227
4,1019,3.166
4,1020,2.663
4,1021,2.758
4,1022,2.363
4,1023,2.146
4,1024,2.277
4,1025,3.568
4,1026,2.773
4,1027,2.317
4,1028,3.947
4,1029,2.896
4,1030,2.336
4,1031,2.136
4,1032,2.320
4,1033,2.147
4,1034,2.252
4,1035,2.764
4,1036,2.262
4,1037,2.039
4,1038,2.041
4,1039,2.102
4,1040,2.081
4,1041,2.340
4,1042,2.289
4,1043,2.754
4,1044,2.358
4,1045,2.695
4,1046,2.352
4,1047,2.287
4,1048,2.912
4,1049,2.660
4,1050,2.966
4,1051,2.528
4,1052,2.610
4,1053,2.401
4,1054,2.388
4,1055,2.429
4,1056,2.400
4,1057,2.696
4,1058,2.298
4,1059,2.347
4,1060,2.543
4,1061,2.681
4,1062,2.217
4,1063,2.122
4,1064,2.675
4,1065,2.653
4,1066,2.653
4,1067,3.059
4,1068,2.284
4,1069,2.392
4,1070,2.073
4,1071,2.313
4,1072,2.340
4,1073,3.056
4,1074,2.556
4,1075,2.323
4,1076,2.162
4,1077,2.146
4,1078,2.412
4,1079,2.107
4,1080,2.792
4,1081,2.484
4,1082,2.059
4,1083,1.936
4,1084,2.283
4,1085,2.243
4,1086,2.875
4,1087,3.038
4,1088,1.918
4,1089,1.744
4,1090,1.863
4,1091,1.756
4,1092,1.590
4,1093,1.630
4,1094,1.888
4,1095,2.193
4,1096,2.139
4,1097,1.771
4,1098,2.285
4,1099,1.732
4,1100,1.640
4,1101,1.886
4,1102,1.822
4,1103,1.464
4,1104,2.056
4,1105,2.225
4,1106,1.939
4,1107,1.600
4,1108,1.666
4,1109,1.996
4,1110,1.970
4,1111,1.984
4,1112,2.067
4,1113,2.601
4,1114,1.701
4,1115,1.891
4,1116,1.970
4,1117,1.848
4,1118,1.503
4,1119,1.518
4,1120,1.740
4,1121,1.749
4,1122,1.977
4,1123,2.466
4,1124,1.775
4,1125,1.542
4,1126,1.487
4,1127,1.796
4,1128,1.866
4,1129,1.486
4,1130,1.359
4,1131,1.886
4,1132,2.331
4,1133,2.467
4,1134,2.369
4,1135,2.368
4,1136,2.150
4,1137,2.749
4,1138,2.623
4,1139,2.228
4,1140,2.774
4,1141,2.033
4,1142,1.741
4,1143,1.576
4,1144,1.686
4,1145,1.809
4,1146,2.116
4,1147,2.148
4,1148,1.845
4,1149,1.745
4,1150,1.441
4,1151,1.745
4,1152,1.792
4,1153,1.738
4,1154,2.045
4,1155,2.139
4,1156,2.061
4,1157,1.835
4,1158,2.019
4,1159,2.681
4,1160,2.596
4,1161,2.632
4,1162,2.530
4,1163,1.769
4,1164,1.722
4,1165,1.877
4,1166,1.609
4,1167,2.345
4,1168,2.233
4,1169,1.995
4,1170,1.771
4,1171,1.804
4,1172,2.022
4,1173,1.698
4,1174,1.434
4,1175,1.563
4,1176,2.035
4,1177,1.637
4,1178,2.345
4,1179,2.239
4,1180,1.982
4,1181,1.872
4,1182,1.837
4,1183,1.807
4,1184,1.519
4,1185,1.801
4,1186,2.229
4,1187,1.985
4,1188,2.137
4,1189,1.764
4,1190,1.705
4,1191,1.585
4,1192,2.063
4,1193,2.084
4,1194,2.270
4,1195,1.997
4,1196,1.590
4,1197,2.327
4,1198,2.186
4,1199,1.749
4,1200,1.565
4,1201,1.555
4,1202,1.448
4,1203,1.590
4,1204,2.951
4,1205,2.172
4,1206,1.924
4,1207,1.997
4,1208,2.070
4,1209,2.054
4,1210,2.320
4,1211,2.562
4,1212,2.484
4,1213,2.476
4,1214,2.195
4,1215,1.913
4,1216,1.784
4,1217,1.894
4,1218,2.855
4,1219,2.357
4,1220,2.473
4,1221,2.433
4,1222,2.133
4,1223,2.115
4,1224,2.186
4,1225,2.545
4,1226,1.901
4,1227,1.568
4,1228,1.800
4,1229,1.396
4,1230,1.632
4,1231,1.592
4,1232,1.559
4,1233,1.619
4,1234,2.516
4,1235,2.161
4,1236,1.673
4,1237,1.886
4,1238,2.133
4,1239,1.590
4,1240,1.435
4,1241,1.489
4,1242,1.639
4,1243,1.873
4,1244,1.719
4,1245,1.427
4,1246,1.503
4,1247,1.649
4,1248,1.550
4,1249,1.925
4,1250,1.809
4,1251,1.566
4,1252,1.396
4,1253,2.332
4,1254,2.616
4,1255,2.303
4,1256,2.610
4,1257,3.755
4,1258,3.184
4,1259,3.133
4,1260,2.373
4,1261,2.338
4,1262,2.736
4,1263,1.759
4,1264,1.472
4,1265,2.010
4,1266,2.031
4,1267,2.240
4,1268,1.845
4,1269,1.615
4,1270,1.601
4,1271,1.597
4,1272,1.764
4,1273,1.895
4,1274,1.934
4,1275,2.092
4,1276,1.779
4,1277,1.653
4,1278,1.719
4,1279,1.467
4,1280,1.426
4,1281,1.496
4,1282,1.642
4,1283,1.895
4,1284,2.064
4,1285,2.720
4,1286,2.375
4,1287,1.937
4,1288,2.084
4,1289,1.715
4,1290,1.589
4,1291,1.937
4,1292,2.167
4,1293,1.900
4,1294,2.254
4,1295,1.891
4,1296,1.675
4,1297,1.734
4,1298,1.930
4,1299,2.086
4,1300,1.897
4,1301,1.666
4,1302,1.860
4,1303,2.269
4,1304,2.211
4,1305,1.956
4,1306,1.968
4,1307,2.142
4,1308,2.497
4,1309,2.030
4,1310,1.851
4,1311,2.775
4,1312,2.347
4,1313,2.433
4,1314,2.199
4,1315,2.523
4,1316,1.973
4,1317,2.062
4,1318,2.665
4,1319,2.738
4,1320,2.519
4,1321,2.370
4,1322,2.175
4,1323,1.814
4,1324,1.863
4,1325,1.909
4,1326,1.915
4,1327,2.317
4,1328,1.902
4,1329,4.736
4,1330,3.131
4,1331,2.406
4,1332,2.454
4,1333,2.405
4,1334,3.166
4,1335,2.847
4,1336,2.453
4,1337,2.449
4,1338,2.264
4,1339,1.864
4,1340,2.352
4,1341,2.376
4,1342,2.191
4,1343,2.081
4,1344,2.074
4,1345,2.068
4,1346,1.904
4,1347,2.202
4,1348,2.821
4,1349,2.691
4,1350,2.717
4,1351,2.526
4,1352,2.578
4,1353,2.450
4,1354,3.982
4,1355,2.833
4,1356,2.305
4,1357,2.497
4,1358,2.480
4,1359,3.055
4,1360,3.294
4,1361,2.924
4,1362,2.715
4,1363,2.424
4,1364,2.488
4,1365,2.959
4,1366,2.727
4,1367,2.505
4,1368,2.266
4,1369,2.439
4,1370,2.230
4,1371,2.339
4,1372,2.418
4,1373,2.602
4,1374,2.199
4,1375,1.991
4,1376,2.107
4,1377,2.394
4,1378,2.668
4,1379,2.785
4,1380,2.806
4,1381,2.508
4,1382,2.318
4,1383,1.968
4,1384,2.345
4,1385,2.534
4,1386,2.580
4,1387,2.176
4,1388,2.170
4,1389,2.213
4,1390,2.141
4,1391,2.091
4,1392,2.419
4,1393,2.182
4,1394,2.228
4,1395,2.352
4,1396,1.834
4,1397,1.846
4,1398,2.000
4,1399,2.050
4,1400,2.934
4,1401,2.222
4,1402,2.268
4,1403,2.401
4,1404,2.217
4,1405,1.859
4,1406,1.801
4,1407,2.540
4,1408,2.480
4,1409,2.051
4,1410,1.894
4,1411,1.751
4,1412,1.840
4,1413,3.000
4,1414,2.165
4,1415,1.715
4,1416,1.942
4,1417,1.748
4,1418,2.022
4,1419,1.767
4,1420,1.742
4,1421,1.736
4,1422,2.229
4,1423,2.319
4,1424,1.969
4,1425,1.783
4,1426,1.411
4,1427,1.518
4,1428,1.583
4,1429,1.524
4,1430,1.598
4,1431,1.803
4,1432,1.804
4,1433,1.670
4,1434,1.539
4,1435,1.564
4,1436,2.026
4,1437,1.616
4,1438,1.517
4,1439,1.516
4,1440,1.668
4,1441,1.915
4,1442,1.799
4,1443,1.596
4,1444,1.761
4,1445,1.872
4,1446,1.933
4,1447,2.074
4,1448,1.897
4,1449,2.060
4,1450,2.026
4,1451,2.082
4,1452,2.112
4,1453,1.996
4,1454,1.924
4,1455,2.684
4,1456,2.294
4,1457,2.095
4,1458,1.730
4,1459,1.500
4,1460,1.593
4,1461,1.491
4,1462,1.733
4,1463,1.706
4,1464,2.060
4,1465,2.210
4,1466,2.573
4,1467,1.889
4,1468,1.559
4,1469,1.703
4,1470,2.033
4,1471,1.748
4,1472,1.928
4,1473,3.087
4,1474,2.035
4,1475,1.561
4,1476,1.671
4,1477,1.994
4,1478,2.076
4,1479,1.675
4,1480,1.662
4,1481,1.491
4,1482,2.140
4,1483,1.818
4,1484,1.706
4,1485,1.455
4,1486,1.374
4,1487,1.503
4,1488,1.572
4,1489,1.680
4,1490,1.539
4,1491,1.365
4,1492,1.880
4,1493,2.615
4,1494,1.744
4,1495,1.672
4,1496,1.767
4,1497,1.776
4,1498,1.603
4,1499,1.581
4,1500,2.035
4,1501,2.905
4,1502,2.443
4,1503,2.261
4,1504,2.075
4,1505,1.998
4,1506,1.863
4,1507,1.938
4,1508,2.128
4,1509,2.231
4,1510,2.587
4,1511,1.965
4,1512,1.821
4,1513,2.126
4,1514,2.202
4,1515,1.895
4,1516,2.234
4,1517,2.373
4,1518,2.229
4,1519,2.114
4,1520,2.202
4,1521,2.027
4,1522,1.973
4,1523,2.533
4,1524,2.533
4,1525,2.209
4,1526,2.514
4,1527,1.987
4,1528,1.764
4,1529,1.809
4,1530,1.886
4,1531,1.828
4,1532,1.669
4,1533,1.827
4,1534,1.730
4,1535,1.961
4,1536,1.703
4,1537,1.988
4,1538,1.954
4,1539,1.948
4,1540,1.770
4,1541,2.382
4,1542,1.995
4,1543,1.740
4,1544,2.664
4,1545,1.862
4,1546,1.727
4,1547,2.146
4,1548,1.918
4,1549,2.177
4,1550,1.735
4,1551,1.782
4,1552,1.684
4,1553,1.837
4,1554,1.678
4,1555,2.204
4,1556,1.717
4,1557,1.404
4,1558,1.461
4,1559,1.809
4,1560,1.927
4,1561,1.617
4,1562,1.461
4,1563,1.950
4,1564,2.032
4,1565,1.789
4,1566,1.878
4,1567,1.782
4,1568,1.532
4,1569,1.531
4,1570,1.827
4,1571,1.956
4,1572,1.771
4,1573,2.800
4,1574,2.028
4,1575,1.744
4,1576,2.006
4,1577,1.862
4,1578,1.892
4,1579,1.605
4,1580,1.524
4,1581,1.807
4,1582,2.428
4,1583,1.695
4,1584,1.389
4,1585,1.489
4,1586,1.721
4,1587,1.703
4,1588,1.767
4,1589,1.541
4,1590,1.733
4,1591,2.151
4,1592,1.907
4,1593,1.882
4,1594,1.859
4,1595,1.546
4,1596,1.440
4,1597,1.685
4,1598,1.892
4,1599,1.854
4,1600,1.876
4,1601,1.997
4,1602,2.090
4,1603,1.833
4,1604,2.196
4,1605,1.964
4,1606,1.622
4,1607,1.579
4,1608,1.669
4,1609,1.820
4,1610,1.734
4,1611,1.371
4,1612,1.673
4,1613,1.745
4,1614,1.632
4,1615,1.570
4,1616,1.911
4,1617,2.136
4,1618,1.893
4,1619,1.605
4,1620,1.578
4,1621,1.703
4,1622,1.840
4,1623,1.419
4,1624,1.379
4,1625,1.672
4,1626,1.934
4,1627,1.898
4,1628,1.995
4,1629,2.013
4,1630,1.711
4,1631,1.532
4,1632,2.205
4,1633,1.928
4,1634,1.783
4,1635,1.943
4,1636,2.031
4,1637,1.823
4,1638,1.719
4,1639,1.470
4,1640,1.626
4,1641,1.590
4,1642,1.870
4,1643,1.882
4,1644,2.172
4,1645,1.730
4,1646,1.409
4,1647,1.376
4,1648,1.754
4,1649,1.654
4,1650,1.707
4,1651,1.416
4,1652,2.023
4,1653,2.058
4,1654,1.776
4,1655,1.655
4,1656,1.831
4,1657,1.838
4,1658,1.687
4,1659,1.598
4,1660,1.755
4,1661,2.382
4,1662,2.645
4,1663,2.234
4,1664,2.076
4,1665,1.933
4,1666,2.969
4,1667,2.135
4,1668,2.107
4,1669,2.607
4,1670,2.455
4,1671,1.637
4,1672,1.683
4,1673,2.020
4,1674,2.005
4,1675,1.918
4,1676,2.563
4,1677,2.106
4,1678,1.887
4,1679,2.360
4,1680,2.158
4,1681,1.850
4,1682,1.935
4,1683,2.380
4,1684,2.369
4,1685,1.908
4,1686,1.893
4,1687,1.981
4,1688,1.629
4,1689,1.679
4,1690,1.744
4,1691,1.538
4,1692,1.704
4,1693,2.205
4,1694,2.413
4,1695,2.142
4,1696,2.243
4,1697,1.955
4,1698,1.684
4,1699,1.569
4,1700,1.959
4,1701,1.949
4,1702,1.569
4,1703,1.534
4,1704,1.658
4,1705,1.785
4,1706,1.976
4,1707,1.713
4,1708,1.716
4,1709,2.054
4,1710,1.836
4,1711,2.104
4,1712,1.990
4,1713,1.860
4,1714,1.659
4,1715,1.922
4,1716,1.922
4,1717,1.760
4,1718,1.875
4,1719,1.746
4,1720,1.889
4,1721,1.758
4,1722,1.772
4,1723,1.710
4,1724,1.761
4,1725,1.913
4,1726,1.955
4,1727,2.162
4,1728,1.802
4,1729,1.447
4,1730,3.006
4,1731,2.305
4,1732,1.867
4,1733,2.034
4,1734,3.043
4,1735,1.793
4,1736,1.911
4,1737,1.863
4,1738,1.760
4,1739,1.685
4,1740,1.760
4,1741,1.948
4,1742,1.979
4,1743,1.789
4,1744,1.498
4,1745,1.903
4,1746,1.857
4,1747,1.727
4,1748,2.045
4,1749,1.893
4,1750,1.493
4,1751,1.857
4,1752,2.439
4,1753,2.286
4,1754,1.561
4,1755,1.503
4,1756,1.997
4,1757,1.753
4,1758,1.594
4,1759,1.624
4,1760,2.108
4,1761,2.140
4,1762,2.054
4,1763,2.914
4,1764,1.907
4,1765,1.555
4,1766,1.594
4,1767,1.550
4,1768,1.963
4,1769,2.018
4,1770,1.789
4,1771,1.560
4,1772,1.858
4,1773,1.557
4,1774,1.862
4,1775,1.851
4,1776,1.599
4,1777,2.067
4,1778,1.949
4,1779,1.661
4,1780,1.689
4,1781,1.472
4,1782,1.826
4,1783,1.610
4,1784,1.613
4,1785,2.536
4,1786,3.127
4,1787,1.946
4,1788,1.565
4,1789,1.611
4,1790,1.776
4,1791,1.747
4,1792,1.508
4,1793,1.527
4,1794,1.744
4,1795,1.818
4,1796,1.682
4,1797,1.700
4,1798,1.535
4,1799,1.369
4,1800,1.389
4,1801,1.459
4,1802,2.050
4,1803,1.799
4,1804,1.652
4,1805,1.396
4,1806,1.612
4,1807,1.559
4,1808,1.436
4,1809,1.614
4,1810,1.522
4,1811,1.470
4,1812,1.341
4,1813,2.114
4,1814,2.913
4,1815,1.987
4,1816,1.606
4,1817,1.558
4,1818,1.783
4,1819,1.681
4,1820,1.969
4,1821,1.618
4,1822,3.122
4,1823,2.429
4,1824,2.529
4,1825,2.294
4,1826,1.796
4,1827,1.622
4,1828,2.106
4,1829,2.706
4,1830,2.362
4,1831,2.041
4,1832,1.929
4,1833,1.809
4,1834,2.033
4,1835,1.945
4,1836,2.018
4,1837,2.117
4,1838,2.129
4,1839,2.415
4,1840,2.135
4,1841,2.192
4,1842,2.116
4,1843,2.834
4,1844,2.757
4,1845,1.962
4,1846,2.067
4,1847,2.551
4,1848,1.761
4,1849,1.411
4,1850,1.357
4,1851,1.769
4,1852,1.692
4,1853,1.675
4,1854,1.481
4,1855,1.522
4,1856,1.526
4,1857,1.682
4,1858,1.504
4,1859,1.521
4,1860,1.732
4,1861,1.660
4,1862,1.834
4,1863,1.778
4,1864,1.856
4,1865,1.760
4,1866,1.734
4,1867,2.172
4,1868,1.720
4,1869,1.602
4,1870,1.979
4,1871,2.520
4,1872,1.798
4,1873,1.434
4,1874,1.460
4,1875,1.609
4,1876,1.564
4,1877,1.714
4,1878,1.375
4,1879,1.620
4,1880,1.641
4,1881,1.524
4,1882,1.574
4,1883,1.900
4,1884,1.811
4,1885,1.559
4,1886,1.422
4,1887,1.367
4,1888,2.143
4,1889,2.082
4,1890,1.700
4,1891,1.412
4,1892,1.633
4,1893,1.685
4,1894,1.583
4,1895,1.735
4,1896,1.658
4,1897,1.949
4,1898,2.578
4,1899,1.969
4,1900,2.148
4,1901,1.668
4,1902,1.543
4,1903,1.534
4,1904,1.552
4,1905,2.078
4,1906,1.814
4,1907,2.245
4,1908,2.143
4,1909,1.748
4,1910,1.580
4,1911,1.977
4,1912,1.589
4,1913,1.553
4,1914,1.795
4,1915,1.907
4,1916,1.718
4,1917,2.108
4,1918,2.310
4,1919,2.013
4,1920,2.003
4,1921,2.011
4,1922,2.132
4,1923,2.038
4,1924,1.953
4,1925,2.073
4,1926,2.753
4,1927,1.995
4,1928,1.865
4,1929,1.847
4,1930,2.736
4,1931,2.290
4,1932,1.941
4,1933,1.755
4,1934,2.085
4,1935,2.047
4,1936,1.944
4,1937,1.864
4,1938,2.838
4,1939,2.073
4,1940,2.033
4,1941,2.070
4,1942,2.387
4,1943,2.047
4,1944,2.085
4,1945,2.477
4,1946,2.391
4,1947,2.226
4,1948,2.344
4,1949,2.543
4,1950,2.956
4,1951,2.437
4,1952,2.310
4,1953,2.145
4,1954,2.316
4,1955,2.209
4,1956,2.315
4,1957,3.471
4,1958,2.593
4,1959,2.315
4,1960,2.352
4,1961,2.424
4,1962,2.298
4,1963,2.214
4,1964,2.934
4,1965,2.584
4,1966,2.317
4,1967,2.453
4,1968,2.606
4,1969,2.696
4,1970,3.316
4,1971,2.981
4,1972,2.878
4,1973,2.445
4,1974,2.198
4,1975,2.743
4,1976,3.476
4,1977,2.984
4,1978,2.448
4,1979,2.495
4,1980,2.664
4,1981,2.342
4,1982,3.451
4,1983,2.477
4,1984,2.648
4,1985,2.477
4,1986,2.280
4,1987,2.299
4,1988,3.329
4,1989,2.154
4,1990,1.959
4,1991,2.494
4,1992,2.059
4,1993,1.805
4,1994,2.352
4,1995,2.362
4,1996,2.257
4,1997,2.232
4,1998,2.148
4,1999,2.248
4,2000,2.149
4,2001,2.269
4,2002,2.433
4,2003,2.293
4,2004,2.270
4,2005,2.125
4,2006,2.173
4,2007,2.561
4,2008,2.164
4,2009,2.714
4,2010,2.688
4,2011,1.990
4,2012,2.263
4,2013,2.419
4,2014,2.695
4,2015,2.397
4,2016,2.226
4,2017,2.007
4,2018,2.356
4,2019,2.029
4,2020,2.160
4,2021,2.503
4,2022,2.585
4,2023,2.553
4,2024,2.175
4,2025,2.199
4,2026,2.116
4,2027,2.271
4,2028,2.074
4,2029,2.432
4,2030,3.389
4,2031,2.690
4,2032,2.482
4,2033,2.407
4,2034,2.124
4,2035,2.460
4,2036,2.131
4,2037,1.926
4,2038,1.644
4,2039,1.894
4,2040,1.916
4,2041,1.797
4,2042,1.621
4,2043,1.820
4,2044,1.852
4,2045,1.954
4,2046,1.940
4,2047,2.082
4,2048,1.765
4,2049,1.773
4,2050,1.944
4,2051,1.933
4,2052,1.792
4,2053,1.994
4,2054,2.274
4,2055,2.365
4,2056,2.212
4,2057,1.941
4,2058,1.729
4,2059,1.606
4,2060,1.536
4,2061,2.388
4,2062,2.095
4,2063,1.572
4,2064,1.628
4,2065,1.901
4,2066,1.748
4,2067,1.581
4,2068,1.438
4,2069,1.522
4,2070,1.580
4,2071,1.642
4,2072,1.589
4,2073,1.612
4,2074,1.434
4,2075,1.302
4,2076,1.633
4,2077,1.665
4,2078,1.669
4,2079,1.779
4,2080,1.664
4,2081,2.630
4,2082,1.796
4,2083,1.505
4,2084,1.876
4,2085,1.777
4,2086,1.981
4,2087,1.552
4,2088,1.460
4,2089,2.036
4,2090,2.372
4,2091,1.954
4,2092,2.000
4,2093,2.062
4,2094,2.201
4,2095,2.432
4,2096,2.413
4,2097,2.236
4,2098,1.797
4,2099,1.803
4,2100,1.605
4,2101,1.456
4,2102,1.354
4,2103,1.648
4,2104,1.970
4,2105,1.615
4,2106,1.809
4,2107,1.861
4,2108,1.624
4,2109,1.574
4,2110,1.568
4,2111,2.010
4,2112,1.782
4,2113,1.544
4,2114,1.667
4,2115,2.170
4,2116,2.338
4,2117,1.865
4,2118,1.640
4,2119,1.892
4,2120,1.937
4,2121,1.836
4,2122,2.220
4,2123,2.332
4,2124,1.941
4,2125,1.963
4,2126,2.268
4,2127,1.948
4,2128,1.640
4,2129,1.729
4,2130,2.117
4,2131,2.159
4,2132,2.590
4,2133,2.098
4,2134,1.971
4,2135,2.721
4,2136,2.743
4,2137,2.280
4,2138,2.562
4,2139,2.318
4,2140,1.794
4,2141,1.458
4,2142,1.543
4,2143,2.093
4,2144,2.438
4,2145,2.628
4,2146,2.061
4,2147,1.773
4,2148,2.202
4,2149,1.953
4,2150,1.969
4,2151,1.892
4,2152,2.341
4,2153,2.559
4,2154,2.165
4,2155,2.330
4,2156,2.432
4,2157,1.826
4,2158,2.007
4,2159,2.342
4,2160,2.060
4,2161,1.987
4,2162,2.077
4,2163,2.163
4,2164,2.551
4,2165,2.177
4,2166,2.051
4,2167,2.322
4,2168,2.461
4,2169,1.966
4,2170,1.631
4,2171,1.819
4,2172,2.259
4,2173,2.227
4,2174,2.380
4,2175,2.384
4,2176,2.272
4,2177,2.460
4,2178,2.141
4,2179,1.737
4,2180,1.675
4,2181,1.845
4,2182,1.770
4,2183,1.843
4,2184,1.454
4,2185,1.669
4,2186,1.614
4,2187,1.461
4,2188,1.527
4,2189,1.759
4,2190,1.613
4,2191,1.707
4,2192,1.945
4,2193,1.744
4,2194,1.755
4,2195,1.784
4,2196,1.425
4,2197,1.398
4,2198,1.564
4,2199,1.691
4,2200,1.969
4,2201,2.719
4,2202,1.936
4,2203,1.714
4,2204,1.994
4,2205,2.051
4,2206,2.251
4,2207,2.076
4,2208,2.251
4,2209,2.229
4,2210,2.415
4,2211,1.972
4,2212,1.724
4,2213,1.603
4,2214,1.472
4,2215,1.542
4,2216,1.818
4,2217,1.596
4,2218,1.372
4,2219,1.721
4,2220,1.663
4,2221,1.579
4,2222,1.666
4,2223,1.503
4,2224,1.520
4,2225,1.388
4,2226,1.908
4,2227,1.798
4,2228,1.855
4,2229,1.690
4,2230,1.625
4,2231,1.335
4,2232,1.652
4,2233,1.775
4,2234,1.845
4,2235,1.752
4,2236,2.280
4,2237,1.681
4,2238,1.532
4,2239,1.494
4,2240,2.677
4,2241,2.002
4,2242,1.526
4,2243,1.438
4,2244,1.936
4,2245,1.983
4,2246,1.699
4,2247,1.436
4,2248,1.512
4,2249,1.510
4,2250,1.700
4,2251,1.664
4,2252,1.653
4,2253,1.531
4,2254,1.357
4,2255,2.978
4,2256,2.367
4,2257,2.132
4,2258,1.914
4,2259,2.729
4,2260,2.333
4,2261,2.677
4,2262,2.460
4,2263,2.031
4,2264,1.780
4,2265,2.835
4,2266,2.633
4,2267,2.022
4,2268,2.401
4,2269,2.549
4,2270,2.475
4,2271,2.460
4,2272,2.256
4,2273,3.333
4,2274,2.410
4,2275,2.595
4,2276,2.779
4,2277,2.508
4,2278,2.166
4,2279,2.370
4,2280,2.929
4,2281,3.262
4,2282,3.017
4,2283,2.458
4,2284,2.840
4,2285,2.239
4,2286,3.179
4,2287,2.653
4,2288,2.576
4,2289,2.420
4,2290,2.072
4,2291,2.024
4,2292,2.347
4,2293,2.536
4,2294,2.195
4,2295,2.476
4,2296,2.204
4,2297,1.986
4,2298,1.805
4,2299,1.660
4,2300,2.210
4,2301,2.820
4,2302,2.598
4,2303,2.057
4,2304,1.824
4,2305,1.885
4,2306,2.169
4,2307,2.078
4,2308,2.685
4,2309,2.539
4,2310,1.695
4,2311,1.980
4,2312,1.609
4,2313,2.361
4,2314,2.507
4,2315,2.309
4,2316,1.986
4,2317,1.927
4,2318,1.659
4,2319,1.571
4,2320,1.544
4,2321,1.719
4,2322,1.841
4,2323,1.649
4,2324,1.870
4,2325,1.966
4,2326,2.005
4,2327,2.295
4,2328,1.616
4,2329,1.748
4,2330,1.877
4,2331,1.628
4,2332,2.686
4,2333,2.663
4,2334,1.875
4,2335,1.756
4,2336,2.350
4,2337,1.726
4,2338,1.463
4,2339,1.408
4,2340,2.140
4,2341,2.321
4,2342,1.688
4,2343,1.874
4,2344,1.980
4,2345,2.043
4,2346,1.656
4,2347,1.953
4,2348,2.116
4,2349,1.877
4,2350,1.774
4,2351,1.968
4,2352,2.117
4,2353,1.758
4,2354,1.830
4,2355,1.802
4,2356,1.662
4,2357,2.046
4,2358,2.495
4,2359,1.970
4,2360,1.612
4,2361,1.568
4,2362,1.782
4,2363,2.158
4,2364,1.516
4,2365,1.599
4,2366,2.701
4,2367,1.873
4,2368,1.760
4,2369,2.222
4,2370,2.008
4,2371,1.734
4,2372,2.222
4,2373,2.168
4,2374,2.131
4,2375,2.192
4,2376,2.498
4,2377,2.338
4,2378,1.939
4,2379,1.919
4,2380,2.962
4,2381,2.659
4,2382,2.407
4,2383,1.735
4,2384,1.512
4,2385,1.752
4,2386,1.760
4,2387,1.693
4,2388,2.391
4,2389,2.914
4,2390,2.076
4,2391,1.854
4,2392,2.041
4,2393,1.704
4,2394,1.487
4,2395,1.735
4,2396,1.959
4,2397,1.820
4,2398,1.845
4,2399,1.516
4,2400,1.794
4,2401,1.763
4,2402,1.615
4,2403,2.001
4,2404,2.643
4,2405,2.124
4,2406,2.257
4,2407,3.317
4,2408,2.117
4,2409,1.859
4,2410,2.396
4,2411,2.438
4,2412,2.503
4,2413,2.270
4,2414,2.635
4,2415,2.231
4,2416,2.204
4,2417,2.294
4,2418,2.721
4,2419,2.275
4,2420,2.208
4,2421,2.853
4,2422,3.024
4,2423,3.005
4,2424,2.646
4,2425,2.135
4,2426,2.307
4,2427,2.726
4,2428,2.033
4,2429,2.962
4,2430,2.362
4,2431,2.137
4,2432,2.232
4,2433,1.965
4,2434,1.653
4,2435,1.780
4,2436,2.311
4,2437,2.439
4,2438,1.839
4,2439,1.830
4,2440,1.743
4,2441,1.634
4,2442,1.756
4,2443,1.766
4,2444,1.546
4,2445,1.757
4,2446,1.823
4,2447,2.381
4,2448,1.942
4,2449,1.462
4,2450,1.560
4,2451,2.014
4,2452,1.730
4,2453,2.102
4,2454,2.099
4,2455,1.837
4,2456,4.762
4,2457,2.235
4,2458,1.550
4,2459,1.341
4,2460,1.649
4,2461,2.162
4,2462,1.938
4,2463,1.666
4,2464,2.115
4,2465,1.703
4,2466,1.551
4,2467,1.587
4,2468,1.839
4,2469,1.729
4,2470,2.264
4,2471,2.037
4,2472,2.201
4,2473,2.881
4,2474,1.755
4,2475,1.730
4,2476,1.580
4,2477,1.657
4,2478,2.627
4,2479,2.008
4,2480,1.585
4,2481,1.658
4,2482,2.945
4,2483,2.041
4,2484,1.410
4,2485,1.389
4,2486,2.401
4,2487,2.273
4,2488,2.133
4,2489,1.982
4,2490,1.634
4,2491,1.828
4,2492,1.664
4,2493,1.837
4,2494,2.376
4,2495,2.690
4,2496,2.906
4,2497,2.401
4,2498,2.995
4,2499,3.343
4,2500,2.984
4,2501,3.455
4,2502,2.200
4,2503,2.320
4,2504,2.424
4,2505,2.701
4,2506,2.320
4,2507,2.158
4,2508,2.230
4,2509,2.476
4,2510,1.748
4,2511,1.551
4,2512,2.212
4,2513,2.573
4,2514,1.899
4,2515,1.690
4,2516,2.125
4,2517,2.277
4,2518,2.383
4,2519,2.350
4,2520,2.342
4,2521,2.975
4,2522,3.008
4,2523,2.278
4,2524,2.012
4,2525,2.124
4,2526,3.048
4,2527,2.613
4,2528,2.563
4,2529,2.069
4,2530,2.558
4,2531,2.255
4,2532,2.014
4,2533,2.942
4,2534,2.552
4,2535,2.420
4,2536,2.381
4,2537,2.398
4,2538,2.223
4,2539,2.680
4,2540,2.207
4,2541,3.026
4,2542,3.552
4,2543,2.572
4,2544,2.348
4,2545,2.210
4,2546,2.301
4,2547,2.481
4,2548,1.857
4,2549,1.929
4,2550,1.979
4,2551,2.150
4,2552,2.120
4,2553,2.727
4,2554,2.312
4,2555,2.049
4,2556,2.397
4,2557,2.472
4,2558,2.427
4,2559,2.812
4,2560,2.378
4,2561,2.139
4,2562,2.339
4,2563,2.227
4,2564,2.850
4,2565,2.487
4,2566,2.328
4,2567,2.440
4,2568,2.455
4,2569,2.132
4,2570,2.093
4,2571,2.581
4,2572,2.708
4,2573,2.310
4,2574,2.121
4,2575,1.931
4,2576,2.130
4,2577,2.032
4,2578,1.877
4,2579,2.410
4,2580,2.454
4,2581,2.218
4,2582,2.123
4,2583,1.992
4,2584,2.152
4,2585,2.003
4,2586,2.770
4,2587,3.015
4,2588,2.098
4,2589,2.217
4,2590,2.163
4,2591,1.786
4,2592,2.015
4,2593,2.165
4,2594,2.244
4,2595,2.814
4,2596,2.108
4,2597,2.106
4,2598,2.372
4,2599,2.346
4,2600,1.975
4,2601,2.346
4,2602,2.293
4,2603,2.580
4,2604,2.346
4,2605,2.035
4,2606,1.972
4,2607,2.036
4,2608,2.906
4,2609,2.262
4,2610,2.092
4,2611,2.409
4,2612,2.152
4,2613,2.110
4,2614,2.037
4,2615,2.947
4,2616,2.310
4,2617,2.190
4,2618,1.918
4,2619,2.569
4,2620,2.162
4,2621,2.405
4,2622,2.327
4,2623,2.206
4,2624,2.190
4,2625,2.464
4,2626,2.309
4,2627,2.191
4,2628,2.153
4,2629,3.003
4,2630,2.379
4,2631,2.311
4,2632,2.272
4,2633,2.307
4,2634,2.183
4,2635,2.367
4,2636,2.150
4,2637,2.538
4,2638,2.417
4,2639,2.670
4,2640,3.513
4,2641,2.778
4,2642,2.765
4,2643,2.192
4,2644,2.135
4,2645,2.263
4,2646,2.244
4,2647,1.844
4,2648,1.605
4,2649,3.004
4,2650,3.183
4,2651,2.985
4,2652,2.568
4,2653,2.672
4,2654,3.197
4,2655,2.588
4,2656,3.333
4,2657,3.061
4,2658,2.644
4,2659,2.822
4,2660,3.118
4,2661,3.361
4,2662,3.230
4,2663,2.610
4,2664,2.529
4,2665,2.228
4,2666,2.248
4,2667,2.326
4,2668,3.222
4,2669,3.162
4,2670,2.559
4,2671,2.783
4,2672,2.777
4,2673,2.478
4,2674,2.807
4,2675,2.608
4,2676,3.337
4,2677,2.999
4,2678,3.247
4,2679,2.848
4,2680,3.404
4,2681,3.753
4,2682,3.112
4,2683,2.512
4,2684,2.579
4,2685,3.591
4,2686,2.661
4,2687,2.690
4,2688,2.778
4,2689,2.048
4,2690,2.309
4,2691,2.358
4,2692,2.232
4,2693,2.204
4,2694,2.492
4,2695,2.592
4,2696,2.940
4,2697,3.350
4,2698,2.894
4,2699,4.192
4,2700,3.064
4,2701,3.182
4,2702,4.399
4,2703,2.684
4,2704,3.405
4,2705,2.966
4,2706,2.451
4,2707,2.356
4,2708,4.538
4,2709,3.724
4,2710,2.109
4,2711,2.194
4,2712,2.304
4,2713,2.097
4,2714,2.434
4,2715,2.452
4,2716,2.732
4,2717,2.496
4,2718,2.109
4,2719,1.886
4,2720,1.844
4,2721,2.239
4,2722,1.978
4,2723,2.625
4,2724,2.397
4,2725,1.766
4,2726,1.690
4,2727,2.577
4,2728,2.305
4,2729,1.709
4,2730,2.736
4,2731,2.072
4,2732,1.468
4,2733,1.302
4,2734,1.595
4,2735,1.666
4,2736,1.513
4,2737,1.620
4,2738,1.600
4,2739,1.915
4,2740,2.910
4,2741,2.288
4,2742,2.362
4,2743,1.962
4,2744,2.159
4,2745,2.322
4,2746,2.856
4,2747,3.142
4,2748,2.491
4,2749,2.589
4,2750,3.156
4,2751,2.626
4,2752,3.150
4,2753,2.786
4,2754,1.771
4,2755,1.789
4,2756,2.188
4,2757,2.005
4,2758,1.878
4,2759,2.314
4,2760,2.079
4,2761,2.836
4,2762,2.392
4,2763,1.975
4,2764,1.746
4,2765,2.066
4,2766,2.262
4,2767,3.665
4,2768,2.770
4,2769,2.241
4,2770,2.285
4,2771,2.287
4,2772,1.652
4,2773,2.247
4,2774,2.208
4,2775,1.910
4,2776,1.896
4,2777,1.673
4,2778,1.547
4,2779,1.481
4,2780,1.434
4,2781,1.607
4,2782,2.033
4,2783,1.687
4,2784,1.501
4,2785,2.322
4,2786,2.358
4,2787,2.008
4,2788,1.907
4,2789,2.039
4,2790,1.945
4,2791,2.192
4,2792,1.958
4,2793,1.683
4,2794,1.540
4,2795,1.740
4,2796,1.661
4,2797,1.594
4,2798,1.760
4,2799,1.842
4,2800,1.793
4,2801,1.689
4,2802,1.599
4,2803,1.809
4,2804,1.778
4,2805,1.703
4,2806,1.423
4,2807,1.455
4,2808,2.164
4,2809,1.988
4,2810,1.605
4,2811,1.355
4,2812,1.494
4,2813,1.706
4,2814,1.530
4,2815,1.759
4,2816,1.977
4,2817,1.760
4,2818,1.720
4,2819,1.588
4,2820,1.601
4,2821,1.992
4,2822,1.614
4,2823,1.513
4,2824,1.554
4,2825,1.707
4,2826,2.176
4,2827,2.519
4,2828,2.617
4,2829,2.207
4,2830,1.777
4,2831,1.952
4,2832,1.677
4,2833,1.413
4,2834,1.488
4,2835,2.363
4,2836,1.730
4,2837,1.794
4,2838,1.472
4,2839,1.474
4,2840,2.549
4,2841,2.370
4,2842,2.205
4,2843,2.647
4,2844,2.817
4,2845,2.383
4,2846,2.628
4,2847,2.269
4,2848,2.405
4,2849,2.189
4,2850,2.165
4,2851,3.019
4,2852,2.067
4,2853,2.022
4,2854,2.087
4,2855,1.793
4,2856,1.424
4,2857,1.603
4,2858,1.767
4,2859,1.683
4,2860,1.879
4,2861,1.598
4,2862,1.566
4,2863,1.483
4,2864,1.468
4,2865,1.538
4,2866,1.646
4,2867,2.830
4,2868,2.111
4,2869,1.876
4,2870,2.148
4,2871,2.062
4,2872,1.752
4,2873,1.688
4,2874,1.613
4,2875,1.886
4,2876,1.787
4,2877,1.878
4,2878,1.592
4,2879,1.443
4,2880,1.653
4,2881,1.675
4,2882,1.702
4,2883,1.630
4,2884,1.799
4,2885,2.059
4,2886,2.182
4,2887,2.085
4,2888,2.369
4,2889,2.532
4,2890,2.018
4,2891,2.561
4,2892,2.441
4,2893,1.873
4,2894,1.491
4,2895,1.621
4,2896,1.728
4,2897,1.688
4,2898,2.538
4,2899,1.894
4,2900,2.817
4,2901,2.979
4,2902,2.890
4,2903,2.149
4,2904,1.804
4,2905,2.169
4,2906,2.426
4,2907,2.560
4,2908,2.349
4,2909,2.238
4,2910,2.572
4,2911,1.966
4,2912,1.631
4,2913,2.437
4,2914,2.484
4,2915,2.230
4,2916,2.080
4,2917,1.956
4,2918,2.051
4,2919,1.981
4,2920,2.358
4,2921,2.694
4,2922,2.381
4,2923,2.666
4,2924,2.102
4,2925,1.461
4,2926,1.466
4,2927,1.811
4,2928,1.785
4,2929,1.899
4,2930,2.202
4,2931,1.671
4,2932,1.409
4,2933,1.420
4,2934,1.499
4,2935,1.601
4,2936,1.646
4,2937,1.582
4,2938,2.125
4,2939,2.401
4,2940,2.394
4,2941,2.405
4,2942,2.117
4,2943,1.885
4,2944,1.891
4,2945,2.505
4,2946,2.156
4,2947,1.728
4,2948,2.323
4,2949,2.039
4,2950,2.042
4,2951,1.758
4,2952,1.686
4,2953,2.936
4,2954,2.688
4,2955,2.162
4,2956,2.254
4,2957,2.037
4,2958,1.943
4,2959,2.420
4,2960,2.580
4,2961,2.200
4,2962,2.046
4,2963,1.961
4,2964,2.696
4,2965,1.667
4,2966,1.416
4,2967,1.532
4,2968,2.059
4,2969,2.276
4,2970,1.786
4,2971,1.960
4,2972,1.912
4,2973,1.915
4,2974,1.712
4,2975,1.777
4,2976,1.600
4,2977,1.844
4,2978,2.200
4,2979,2.179
4,2980,1.801
4,2981,1.504
4,2982,1.390
4,2983,1.876
4,2984,1.591
4,2985,1.656
4,2986,1.822
4,2987,1.868
4,2988,1.590
4,2989,1.566
4,2990,1.571
4,2991,1.890
4,2992,1.819
4,2993,1.703
4,2994,1.429
4,2995,1.781
4,2996,2.315
4,2997,2.198
4,2998,1.770
4,2999,1.680
4,3000,1.517
4,3001,1.524
4,3002,1.511
4,3003,1.868
4,3004,1.678
4,3005,1.638
4,3006,1.533
4,3007,1.732
4,3008,1.854
4,3009,1.734
4,3010,1.461
4,3011,1.518
4,3012,1.581
4,3013,1.516
4,3014,2.258
4,3015,2.501
4,3016,1.771
4,3017,1.545
4,3018,2.009
4,3019,2.448
4,3020,1.943
4,3021,1.430
4,3022,1.691
4,3023,2.591
4,3024,2.370
4,3025,2.282
4,3026,2.217
4,3027,2.144
4,3028,2.235
4,3029,2.316
4,3030,1.904
4,3031,2.144
4,3032,2.041
4,3033,2.055
4,3034,1.903
4,3035,1.735
4,3036,1.570
4,3037,1.622
4,3038,2.550
4,3039,2.485
4,3040,2.498
4,3041,1.976
4,3042,2.268
4,3043,1.906
4,3044,1.845
4,3045,2.036
4,3046,1.711
4,3047,1.622
4,3048,1.558
4,3049,2.326
4,3050,1.691
4,3051,1.515
4,3052,1.492
4,3053,1.815
4,3054,2.622
4,3055,2.150
4,3056,1.860
4,3057,1.917
4,3058,2.416
4,3059,2.276
4,3060,2.234
4,3061,2.112
4,3062,2.059
4,3063,2.387
4,3064,2.261
4,3065,1.915
4,3066,2.223
4,3067,2.042
4,3068,2.771
4,3069,2.174
4,3070,1.773
4,3071,1.759
4,3072,2.024
4,3073,2.497
4,3074,2.423
4,3075,2.052
4,3076,2.016
4,3077,2.226
4,3078,2.093
4,3079,1.937
4,3080,1.651
4,3081,1.601
4,3082,1.569
4,3083,2.519
4,3084,2.312
4,3085,1.871
4,3086,1.771
4,3087,1.686
4,3088,1.674
4,3089,1.582
4,3090,1.549
4,3091,1.619
4,3092,1.999
4,3093,2.087
4,3094,2.021
4,3095,1.852
4,3096,1.553
4,3097,1.644
4,3098,1.810
4,3099,2.158
4,3100,1.645
4,3101,1.717
4,3102,1.872
4,3103,1.867
4,3104,1.654
4,3105,1.745
4,3106,1.686
4,3107,1.505
4,3108,1.410
4,3109,1.428
4,3110,2.010
4,3111,1.999
4,3112,1.640
4,3113,1.630
4,3114,1.504
4,3115,1.519
4,3116,1.514
4,3117,1.594
4,3118,1.540
4,3119,2.075
4,3120,2.420
4,3121,1.793
4,3122,1.911
4,3123,2.479
4,3124,1.850
4,3125,1.555
4,3126,1.634
4,3127,1.579
4,3128,2.624
4,3129,2.472
4,3130,2.025
4,3131,1.808
4,3132,2.167
4,3133,1.974
4,3134,1.598
4,3135,1.682
4,3136,2.199
4,3137,2.269
4,3138,1.817
4,3139,1.439
4,3140,2.843
4,3141,2.415
4,3142,1.831
4,3143,2.361
4,3144,1.911
4,3145,1.615
4,3146,1.603
4,3147,1.813
4,3148,1.977
4,3149,1.653
4,3150,1.939
4,3151,2.899
4,3152,2.441
4,3153,2.144
4,3154,1.996
4,3155,1.641
4,3156,1.522
4,3157,1.690
4,3158,1.794
4,3159,2.431
4,3160,2.159
4,3161,2.239
4,3162,2.176
4,3163,2.008
4,3164,1.979
4,3165,1.937
4,3166,1.852
4,3167,2.614
4,3168,2.318
4,3169,1.918
4,3170,2.211
4,3171,2.441
4,3172,2.160
4,3173,2.014
4,3174,2.508
4,3175,2.702
4,3176,3.048
4,3177,2.415
4,3178,1.931
4,3179,2.291
4,3180,2.267
4,3181,2.125
4,3182,2.692
4,3183,2.109
4,3184,2.282
4,3185,2.336
4,3186,4.736
4,3187,3.682
4,3188,3.234
4,3189,2.857
4,3190,2.717
4,3191,2.811
4,3192,3.348
4,3193,2.977
4,3194,3.856
4,3195,2.599
4,3196,2.919
4,3197,3.621
4,3198,2.953
4,3199,5.534
4,3200,3.742
4,3201,3.332
4,3202,3.022
4,3203,3.209
4,3204,2.740
4,3205,2.208
4,3206,3.415
4,3207,2.535
4,3208,2.326
4,3209,2.783
4,3210,3.264
4,3211,2.691
4,3212,4.156
4,3213,2.970
4,3214,2.579
4,3215,2.404
4,3216,2.855
4,3217,2.574
4,3218,2.866
4,3219,3.005
4,3220,2.931
4,3221,2.680
4,3222,2.559
4,3223,2.959
4,3224,2.901
4,3225,2.415
4,3226,2.879
4,3227,3.062
4,3228,2.814
4,3229,2.689
4,3230,2.978
4,3231,2.653
4,3232,2.389
4,3233,2.739
4,3234,2.959
4,3235,3.424
4,3236,3.372
4,3237,3.111
4,3238,2.651
4,3239,2.789
4,3240,2.748
4,3241,2.603
4,3242,2.720
4,3243,2.433
4,3244,2.373
4,3245,2.988
4,3246,3.286
4,3247,2.360
4,3248,2.539
4,3249,2.767
4,3250,2.017
4,3251,2.516
4,3252,4.230
4,3253,3.641
4,3254,2.969
4,3255,3.508
4,3256,2.378
4,3257,3.429
4,3258,3.576
4,3259,3.095
4,3260,3.231
4,3261,3.752
4,3262,2.692
4,3263,2.281
4,3264,2.325
4,3265,2.395
4,3266,2.028
4,3267,1.943
4,3268,3.125
4,3269,2.494
4,3270,2.615
4,3271,1.841
4,3272,1.576
4,3273,1.516
4,3274,2.102
4,3275,2.379
4,3276,2.674
4,3277,2.606
4,3278,2.295
4,3279,2.262
4,3280,2.011
4,3281,1.729
4,3282,1.715
4,3283,2.488
4,3284,2.221
4,3285,1.599
4,3286,1.550
4,3287,1.834
4,3288,1.759
4,3289,1.752
4,3290,1.631
4,3291,2.464
4,3292,2.764
4,3293,2.273
4,3294,2.033
4,3295,1.646
4,3296,1.490
4,3297,1.607
4,3298,1.800
4,3299,1.944
4,3300,2.278
4,3301,1.921
4,3302,2.210
4,3303,1.760
4,3304,1.861
4,3305,2.026
4,3306,1.772
4,3307,1.808
4,3308,2.054
4,3309,2.503
4,3310,1.834
4,3311,1.855
4,3312,1.856
4,3313,1.691
4,3314,1.752
4,3315,1.825
4,3316,2.082
4,3317,2.114
4,3318,1.875
4,3319,2.453
4,3320,2.678
4,3321,2.137
4,3322,2.515
4,3323,2.548
4,3324,2.610
4,3325,2.406
4,3326,2.246
4,3327,2.739
4,3328,2.697
4,3329,2.480
4,3330,2.527
4,3331,2.945
4,3332,2.555
4,3333,2.427
4,3334,3.511
4,3335,3.064
4,3336,3.073
4,3337,2.594
4,3338,2.556
4,3339,2.343
4,3340,2.796
4,3341,2.609
4,3342,2.826
4,3343,2.513
4,3344,2.085
4,3345,2.316
4,3346,2.585
4,3347,3.058
4,3348,2.188
4,3349,2.251
4,3350,2.474
4,3351,2.351
4,3352,2.209
4,3353,2.680
4,3354,4.212
4,3355,2.774
4,3356,3.420
4,3357,3.409
4,3358,3.333
4,3359,2.889
4,3360,2.607
4,3361,2.241
4,3362,1.978
4,3363,2.198
4,3364,2.432
4,3365,2.621
4,3366,2.866
4,3367,2.437
4,3368,2.642
4,3369,3.357
4,3370,2.549
4,3371,2.845
4,3372,2.382
4,3373,1.599
4,3374,1.464
4,3375,2.110
4,3376,2.177
4,3377,3.457
4,3378,2.555
4,3379,1.954
4,3380,2.255
4,3381,1.926
4,3382,1.596
4,3383,1.386
4,3384,1.679
4,3385,2.407
4,3386,1.800
4,3387,1.903
4,3388,1.945
4,3389,1.830
4,3390,1.619
4,3391,1.585
4,3392,2.422
4,3393,2.736
4,3394,2.257
4,3395,2.274
4,3396,2.190
4,3397,2.458
4,3398,2.143
4,3399,2.111
4,3400,2.342
4,3401,2.425
4,3402,1.711
4,3403,1.419
4,3404,1.420
4,3405,1.586
4,3406,1.820
4,3407,1.673
4,3408,1.421
4,3409,1.624
4,3410,1.708
4,3411,1.639
4,3412,1.647
4,3413,1.952
4,3414,1.811
4,3415,1.561
4,3416,1.634
4,3417,1.569
4,3418,2.334
4,3419,1.961
4,3420,1.726
4,3421,1.758
4,3422,1.608
4,3423,1.647
4,3424,1.667
4,3425,1.843
4,3426,1.768
4,3427,1.945
4,3428,2.220
4,3429,2.072
4,3430,1.599
4,3431,1.494
4,3432,1.416
4,3433,1.523
4,3434,1.506
4,3435,1.423
4,3436,2.306
4,3437,2.621
4,3438,2.511
4,3439,2.369
4,3440,2.337
4,3441,2.181
4,3442,1.856
4,3443,2.168
4,3444,3.260
4,3445,2.099
4,3446,1.823
4,3447,1.535
4,3448,1.534
4,3449,1.469
4,3450,1.794
4,3451,1.785
4,3452,1.742
4,3453,1.771
4,3454,1.810
4,3455,1.885
4,3456,1.683
4,3457,1.481
4,3458,1.549
4,3459,1.468
4,3460,1.486
4,3461,1.907
4,3462,3.105
4,3463,3.264
4,3464,2.456
4,3465,2.602
4,3466,2.342
4,3467,2.715
4,3468,2.939
4,3469,3.139
4,3470,2.462
4,3471,1.979
4,3472,1.993
4,3473,2.327
4,3474,2.048
4,3475,1.781
4,3476,2.178
4,3477,2.230
4,3478,2.411
4,3479,2.234
4,3480,2.232
4,3481,3.024
4,3482,2.453
4,3483,2.204
4,3484,1.814
4,3485,2.202
4,3486,2.534
4,3487,2.316
4,3488,2.251
4,3489,1.871
4,3490,1.629
4,3491,2.049
4,3492,1.921
4,3493,2.212
4,3494,2.527
4,3495,2.417
4,3496,1.944
4,3497,1.462
4,3498,1.451
4,3499,1.723
4,3500,1.628
4,3501,1.601
4,3502,1.740
4,3503,1.813
4,3504,2.653
4,3505,1.903
4,3506,2.003
4,3507,1.744
4,3508,1.431
4,3509,1.385
4,3510,1.469
4,3511,1.802
4,3512,2.110
4,3513,2.391
4,3514,2.255
4,3515,1.663
4,3516,1.518
4,3517,1.676
4,3518,2.253
4,3519,1.762
4,3520,1.696
4,3521,2.318
4,3522,2.075
4,3523,2.625
4,3524,1.680
4,3525,1.675
4,3526,1.583
4,3527,1.538
4,3528,1.817
4,3529,2.718
4,3530,2.019
4,3531,1.707
4,3532,2.290
4,3533,2.008
4,3534,1.831
4,3535,1.688
4,3536,1.858
4,3537,2.468
4,3538,2.417
4,3539,2.498
4,3540,2.519
4,3541,2.478
4,3542,2.836
4,3543,2.575
4,3544,2.535
4,3545,2.060
4,3546,1.678
4,3547,2.120
4,3548,1.821
4,3549,1.526
4,3550,1.510
4,3551,3.469
4,3552,3.634
4,3553,2.210
4,3554,2.836
4,3555,2.930
4,3556,2.908
4,3557,3.098
4,3558,2.732
4,3559,2.452
4,3560,2.182
4,3561,2.298
4,3562,3.171
4,3563,2.339
4,3564,1.786
4,3565,1.643
4,3566,1.505
4,3567,1.817
4,3568,1.828
4,3569,1.467
4,3570,1.409
4,3571,2.420
4,3572,2.002
4,3573,1.902
4,3574,1.504
4,3575,1.525
4,3576,1.589
4,3577,1.531
4,3578,1.518
4,3579,1.751
4,3580,1.797
4,3581,1.731
4,3582,1.505
4,3583,1.475
4,3584,1.772
4,3585,1.610
4,3586,1.643
4,3587,1.560
4,3588,1.527
4,3589,1.789
4,3590,1.770
4,3591,2.042
4,3592,2.171
4,3593,1.620
4,3594,1.482
4,3595,1.491
4,3596,1.589
4,3597,1.664
4,3598,1.524
4,3599,3.033
4,3600,2.078
4,3601,1.952
4,3602,2.199
4,3603,1.882
4,3604,1.830
4,3605,1.573
4,3606,1.727
4,3607,1.762
4,3608,1.892
4,3609,1.512
4,3610,1.376
4,3611,1.788
4,3612,2.047
4,3613,1.926
4,3614,1.648
4,3615,1.724
4,3616,2.501
4,3617,2.124
4,3618,2.367
4,3619,2.134
4,3620,1.831
4,3621,2.631
4,3622,2.448
4,3623,2.220
4,3624,2.015
4,3625,1.957
4,3626,1.940
4,3627,2.110
4,3628,2.155
4,3629,2.695
4,3630,2.140
4,3631,2.178
4,3632,2.050
4,3633,1.779
4,3634,1.832
4,3635,2.066
4,3636,2.036
4,3637,2.923
4,3638,1.786
4,3639,1.469
4,3640,1.460
4,3641,1.454
4,3642,1.929
4,3643,1.647
4,3644,1.546
4,3645,1.495
4,3646,1.922
4,3647,2.127
4,3648,1.783
4,3649,1.598
4,3650,1.591
4,3651,1.516
4,3652,1.503
4,3653,1.601
4,3654,1.890
4,3655,1.874
4,3656,2.103
4,3657,1.893
4,3658,1.793
4,3659,1.719
4,3660,1.573
4,3661,1.394
4,3662,1.582
4,3663,1.607
4,3664,1.563
4,3665,1.947
4,3666,2.076
4,3667,2.198
4,3668,1.620
4,3669,1.693
4,3670,1.685
4,3671,1.834
4,3672,1.596
4,3673,1.472
4,3674,1.849
4,3675,1.820
4,3676,1.558
4,3677,3.091
4,3678,1.977
4,3679,1.566
4,3680,1.556
4,3681,1.652
4,3682,1.728
4,3683,2.765
4,3684,3.786
4,3685,3.564
4,3686,2.850
4,3687,2.640
4,3688,2.758
4,3689,2.771
4,3690,1.791
4,3691,1.484
4,3692,2.301
4,3693,1.699
4,3694,2.038
4,3695,1.637
4,3696,1.863
4,3697,1.672
4,3698,1.578
4,3699,1.573
4,3700,1.831
4,3701,1.500
4,3702,1.652
4,3703,1.455
4,3704,1.489
4,3705,1.775
4,3706,1.935
4,3707,1.529
4,3708,1.507
4,3709,1.572
4,3710,1.495
4,3711,1.398
4,3712,1.515
4,3713,1.931
4,3714,1.448
4,3715,1.418
4,3716,2.435
4,3717,1.970
4,3718,2.007
4,3719,1.713
4,3720,1.495
4,3721,1.591
4,3722,1.522
4,3723,2.363
4,3724,2.018
4,3725,1.868
4,3726,1.591
4,3727,1.530
4,3728,1.643
4,3729,1.748
4,3730,1.603
4,3731,1.460
4,3732,1.452
4,3733,2.338
4,3734,2.055
4,3735,1.812
4,3736,1.699
4,3737,1.560
4,3738,1.661
4,3739,2.281
4,3740,2.157
4,3741,2.253
4,3742,3.585
4,3743,2.906
4,3744,3.002
4,3745,2.408
4,3746,2.232
4,3747,2.368
4,3748,3.210
4,3749,2.298
4,3750,2.300
4,3751,2.197
4,3752,2.015
4,3753,1.964
4,3754,2.436
4,3755,2.719
4,3756,2.318
4,3757,2.561
4,3758,1.914
4,3759,1.709
4,3760,1.889
4,3761,2.041
4,3762,1.934
4,3763,1.742
4,3764,2.280
4,3765,2.025
4,3766,2.406
4,3767,2.163
4,3768,1.824
4,3769,2.264
4,3770,2.912
4,3771,2.294
4,3772,2.070
4,3773,2.414
4,3774,2.500
4,3775,2.288
4,3776,2.952
4,3777,3.833
4,3778,3.433
4,3779,2.503
4,3780,2.967
4,3781,2.841
4,3782,2.612
4,3783,2.502
4,3784,2.280
4,3785,2.553
4,3786,2.574
4,3787,3.221
4,3788,2.593
4,3789,2.630
4,3790,2.297
4,3791,2.092
4,3792,2.097
4,3793,2.377
4,3794,2.459
4,3795,1.941
4,3796,1.950
4,3797,2.104
4,3798,2.209
4,3799,1.971
4,3800,2.012
4,3801,2.694
4,3802,2.892
4,3803,2.405
4,3804,2.268
4,3805,2.145
4,3806,2.072
4,3807,2.370
4,3808,2.159
4,3809,2.187
4,3810,2.820
4,3811,2.783
4,3812,2.400
4,3813,2.078
4,3814,3.468
4,3815,2.485
4,3816,2.160
4,3817,2.524
4,3818,2.308
4,3819,2.019
4,3820,1.941
4,3821,2.401
4,3822,2.105
4,3823,2.003
4,3824,2.184
4,3825,2.282
4,3826,2.038
4,3827,2.568
4,3828,2.552
4,3829,2.271
4,3830,2.233
4,3831,2.339
4,3832,2.593
4,3833,2.595
4,3834,2.799
4,3835,2.479
4,3836,2.294
4,3837,2.226
4,3838,2.548
4,3839,2.356
4,3840,2.944
4,3841,2.367
4,3842,2.134
4,3843,2.129
4,3844,2.153
4,3845,2.195
4,3846,1.707
4,3847,1.695
4,3848,2.327
4,3849,2.143
4,3850,2.111
4,3851,1.929
4,3852,1.767
4,3853,1.663
4,3854,1.662
4,3855,2.582
4,3856,2.174
4,3857,2.343
4,3858,2.381
4,3859,2.328
4,3860,2.165
4,3861,2.424
4,3862,2.545
4,3863,2.181
4,3864,2.164
4,3865,2.076
4,3866,1.724
4,3867,1.713
4,3868,1.806
4,3869,1.889
4,3870,2.912
4,3871,2.139
4,3872,1.865
4,3873,1.775
4,3874,2.424
4,3875,1.695
4,3876,1.462
4,3877,1.831
4,3878,1.926
4,3879,2.297
4,3880,1.675
4,3881,1.530
4,3882,1.665
4,3883,1.639
4,3884,2.028
4,3885,1.886
4,3886,1.745
4,3887,1.640
4,3888,1.527
4,3889,1.485
4,3890,1.803
4,3891,1.672
4,3892,1.581
4,3893,1.479
4,3894,2.211
4,3895,1.734
4,3896,2.182
4,3897,3.316
4,3898,2.164
4,3899,1.601
4,3900,1.627
4,3901,2.045
4,3902,1.955
4,3903,1.552
4,3904,1.591
4,3905,1.865
4,3906,2.081
4,3907,1.568
4,3908,1.677
4,3909,2.066
4,3910,1.821
4,3911,1.651
4,3912,2.053
4,3913,1.991
4,3914,1.929
4,3915,1.850
4,3916,2.157
4,3917,2.085
4,3918,1.754
4,3919,1.676
4,3920,1.885
4,3921,2.580
4,3922,2.343
4,3923,1.880
4,3924,1.655
4,3925,1.807
4,3926,1.979
4,3927,2.286
4,3928,1.925
4,3929,2.150
4,3930,2.894
4,3931,2.292
4,3932,2.002
4,3933,2.013
4,3934,2.000
4,3935,1.927
4,3936,2.375
4,3937,2.073
4,3938,1.740
4,3939,1.529
4,3940,1.652
4,3941,1.861
4,3942,1.624
4,3943,1.400
4,3944,1.576
4,3945,1.946
4,3946,1.766
4,3947,1.653
4,3948,2.302
4,3949,1.914
4,3950,1.567
4,3951,1.600
4,3952,1.739
4,3953,2.009
4,3954,1.936
4,3955,2.232
4,3956,2.677
4,3957,2.989
4,3958,2.430
4,3959,1.894
4,3960,1.577
4,3961,1.696
4,3962,1.968
4,3963,1.771
4,3964,1.445
4,3965,1.419
4,3966,2.488
4,3967,1.853
4,3968,1.688
4,3969,1.532
4,3970,1.684
4,3971,1.724
4,3972,1.616
4,3973,1.560
4,3974,1.878
4,3975,1.672
4,3976,1.666
4,3977,1.493
4,3978,1.776
4,3979,1.706
4,3980,1.928
4,3981,1.991
4,3982,2.200
4,3983,1.777
4,3984,1.581
4,3985,2.151
4,3986,2.128
4,3987,1.567
4,3988,1.971
4,3989,2.330
4,3990,1.967
4,3991,1.438
4,3992,1.379
4,3993,1.614
4,3994,1.590
4,3995,1.449
4,3996,1.845
4,3997,1.835
4,3998,1.777
4,3999,1.572
4,4000,1.519
4,4001,1.690
4,4002,2.135
4,4003,1.527
4,4004,1.350
4,4005,1.446
4,4006,2.809
4,4007,3.042
4,4008,2.814
4,4009,1.972
4,4010,1.683
4,4011,1.800
4,4012,2.485
4,4013,1.928
4,4014,1.923
4,4015,1.992
4,4016,1.898
4,4017,1.688
4,4018,1.452
4,4019,1.602
4,4020,1.522
4,4021,1.388
4,4022,2.022
4,4023,2.079
4,4024,1.959
4,4025,1.427
4,4026,1.401
4,4027,1.703
4,4028,1.735
4,4029,1.615
4,4030,1.409
4,4031,1.786
4,4032,1.855
4,4033,1.750
4,4034,1.673
4,4035,2.377
4,4036,1.752
4,4037,1.384
4,4038,1.477
4,4039,1.702
4,4040,2.412
4,4041,1.868
4,4042,1.774
4,4043,1.911
4,4044,1.890
4,4045,2.150
4,4046,1.986
4,4047,1.931
4,4048,2.089
4,4049,2.019
4,4050,2.126
4,4051,1.755
4,4052,1.391
4,4053,1.376
4,4054,2.371
4,4055,1.626
4,4056,1.727
4,4057,1.963
4,4058,1.860
4,4059,1.671
4,4060,1.590
4,4061,1.697
4,4062,1.960
4,4063,1.788
4,4064,1.698
4,4065,1.854
4,4066,2.012
4,4067,2.014
4,4068,1.479
4,4069,1.671
4,4070,1.658
4,4071,1.511
4,4072,1.484
4,4073,1.676
4,4074,2.060
4,4075,2.460
4,4076,2.339
4,4077,2.278
4,4078,2.111
4,4079,1.702
4,4080,1.924
4,4081,1.992
4,4082,2.425
4,4083,2.318
4,4084,2.019
4,4085,1.824
4,4086,1.851
4,4087,2.052
4,4088,2.196
4,4089,1.759
4,4090,2.114
4,4091,2.561
4,4092,2.313
4,4093,2.121
4,4094,2.034
4,4095,1.801
4,4096,1.856
4,4097,2.824
4,4098,2.287
4,4099,2.359
4,4100,2.361
4,4101,2.258
4,4102,1.796
4,4103,1.697
4,4104,1.586
4,4105,2.059
4,4106,2.532
4,4107,2.545
4,4108,1.830
4,4109,2.126
4,4110,2.078
4,4111,1.837
4,4112,1.865
4,4113,1.857
4,4114,1.766
4,4115,1.626
4,4116,2.207
4,4117,1.889
4,4118,1.677
4,4119,1.397
4,4120,1.395
4,4121,1.616
4,4122,2.290
4,4123,1.634
4,4124,1.409
4,4125,1.466
4,4126,2.169
4,4127,1.655
4,4128,1.694
4,4129,1.685
4,4130,1.842
4,4131,2.013
4,4132,1.752
4,4133,1.872
4,4134,1.848
4,4135,1.442
4,4136,1.631
4,4137,1.657
4,4138,1.738
4,4139,1.797
4,4140,1.795
4,4141,2.076
4,4142,1.805
4,4143,1.665
4,4144,1.471
4,4145,2.102
4,4146,2.021
4,4147,1.859
4,4148,2.325
4,4149,2.095
4,4150,1.639
4,4151,1.398
4,4152,1.944
4,4153,1.970
4,4154,1.707
4,4155,1.898
4,4156,2.163
4,4157,1.744
4,4158,1.441
4,4159,1.434
4,4160,1.833
4,4161,1.687
4,4162,1.556
4,4163,1.333
4,4164,1.389
4,4165,1.833
4,4166,3.014
4,4167,2.273
4,4168,2.245
4,4169,1.835
4,4170,1.666
4,4171,1.690
4,4172,2.171
4,4173,1.869
4,4174,2.211
4,4175,1.923
4,4176,1.625
4,4177,1.582
4,4178,1.645
4,4179,1.664
4,4180,1.430
4,4181,1.411
4,4182,1.568
4,4183,1.951
4,4184,2.147
4,4185,1.444
4,4186,1.304
4,4187,1.515
4,4188,1.685
4,4189,1.530
4,4190,1.601
4,4191,1.578
4,4192,2.205
4,4193,2.488
4,4194,2.260
4,4195,2.385
4,4196,1.751
4,4197,1.358
4,4198,1.432
4,4199,1.732
4,4200,2.296
4,4201,1.748
4,4202,1.646
4,4203,1.515
4,4204,1.645
4,4205,1.434
4,4206,1.601
4,4207,1.736
4,4208,1.462
4,4209,1.429
4,4210,2.258
4,4211,1.806
4,4212,1.850
4,4213,1.549
4,4214,1.668
4,4215,1.497
4,4216,1.531
4,4217,1.508
4,4218,1.709
4,4219,2.524
4,4220,1.981
4,4221,1.593
4,4222,1.662
4,4223,1.754
4,4224,2.170
4,4225,1.809
4,4226,1.641
4,4227,1.629
4,4228,1.793
4,4229,2.217
4,4230,1.876
4,4231,1.598
4,4232,1.468
4,4233,1.514
4,4234,1.896
4,4235,1.764
4,4236,1.513
4,4237,1.609
4,4238,1.950
4,4239,2.086
4,4240,1.987
4,4241,1.714
4,4242,1.834
4,4243,1.765
4,4244,2.170
4,4245,2.511
4,4246,2.444
4,4247,2.048
4,4248,3.039
4,4249,2.305
4,4250,2.008
4,4251,2.000
4,4252,3.163
4,4253,2.463
4,4254,3.051
4,4255,2.293
4,4256,1.786
4,4257,1.988
4,4258,2.531
4,4259,2.698
4,4260,2.252
4,4261,2.066
4,4262,2.209
4,4263,1.957
4,4264,1.617
4,4265,1.771
4,4266,2.562
4,4267,2.601
4,4268,1.609
4,4269,1.337
4,4270,1.383
4,4271,1.492
4,4272,1.666
4,4273,1.617
4,4274,1.869
4,4275,2.181
4,4276,1.581
4,4277,1.945
4,4278,2.000
4,4279,2.229
4,4280,1.701
4,4281,1.468
4,4282,1.511
4,4283,2.262
4,4284,1.914
4,4285,1.600
4,4286,1.972
4,4287,2.365
4,4288,1.899
4,4289,2.159
4,4290,2.001
4,4291,2.075
4,4292,1.666
4,4293,1.905
4,4294,1.729
4,4295,1.606
4,4296,2.068
4,4297,1.665
4,4298,1.674
4,4299,1.831
4,4300,2.283
4,4301,2.028
4,4302,1.533
4,4303,1.408
4,4304,1.466
4,4305,1.516
4,4306,2.236
4,4307,1.522
4,4308,1.752
4,4309,1.838
4,4310,1.589
4,4311,1.539
4,4312,1.736
4,4313,1.612
4,4314,1.490
4,4315,1.391
4,4316,1.623
4,4317,1.539
4,4318,1.855
4,4319,1.764
4,4320,1.434
4,4321,1.408
4,4322,1.611
4,4323,1.595
4,4324,1.526
4,4325,1.357
4,4326,1.383
4,4327,1.608
4,4328,1.406
4,4329,1.515
4,4330,2.353
4,4331,2.346
4,4332,2.057
4,4333,1.778
4,4334,1.902
4,4335,2.223
4,4336,2.181
4,4337,2.077
4,4338,1.862
4,4339,1.708
4,4340,1.659
4,4341,1.914
4,4342,1.517
4,4343,1.406
4,4344,1.329
4,4345,1.460
4,4346,2.083
4,4347,2.170
4,4348,1.819
4,4349,1.674
4,4350,1.496
4,4351,1.445
4,4352,1.674
4,4353,1.900
4,4354,1.554
4,4355,1.605
4,4356,1.855
4,4357,1.569
4,4358,1.639
4,4359,1.666
4,4360,1.593
4,4361,1.572
4,4362,1.705
4,4363,1.577
4,4364,1.519
4,4365,2.749
4,4366,2.266
4,4367,1.677
4,4368,1.464
4,4369,1.470
4,4370,1.671
4,4371,1.562
4,4372,1.437
4,4373,1.342
4,4374,1.894
4,4375,1.804
4,4376,1.787
4,4377,1.724
4,4378,1.532
4,4379,1.380
4,4380,1.331
4,4381,1.462
4,4382,1.505
4,4383,1.640
4,4384,1.612
4,4385,1.494
4,4386,1.423
4,4387,1.718
4,4388,1.857
4,4389,1.640
4,4390,1.646
4,4391,1.751
4,4392,1.890
4,4393,1.610
4,4394,1.579
4,4395,2.195
4,4396,1.957
4,4397,1.484
4,4398,1.586
4,4399,1.865
4,4400,1.950
4,4401,1.587
4,4402,1.385
4,4403,2.429
4,4404,2.175
4,4405,2.098
4,4406,2.373
4,4407,2.469
4,4408,1.978
4,4409,1.730
4,4410,2.692
4,4411,2.056
4,4412,1.713
4,4413,2.092
4,4414,2.090
4,4415,3.038
4,4416,2.102
4,4417,2.655
4,4418,2.756
4,4419,2.975
4,4420,2.334
4,4421,2.528
4,4422,2.746
4,4423,2.696
4,4424,2.595
4,4425,2.360
4,4426,2.291
4,4427,2.322
4,4428,1.921
4,4429,2.278
4,4430,2.427
4,4431,2.243
4,4432,2.143
4,4433,2.009
4,4434,2.282
4,4435,1.937
4,4436,3.013
4,4437,2.939
4,4438,2.179
4,4439,2.695
4,4440,2.023
4,4441,2.231
4,4442,2.240
4,4443,2.379
4,4444,2.963
4,4445,2.113
4,4446,2.056
4,4447,1.951
4,4448,2.317
4,4449,2.015
4,4450,1.675
4,4451,2.415
4,4452,2.463
4,4453,1.990
4,4454,2.090
4,4455,2.006
4,4456,1.947
4,4457,2.048
4,4458,2.587
4,4459,2.301
4,4460,2.477
4,4461,2.234
4,4462,2.401
4,4463,2.192
4,4464,2.137
4,4465,2.054
4,4466,2.207
4,4467,2.359
4,4468,2.565
4,4469,2.068
4,4470,2.158
4,4471,2.143
4,4472,2.107
4,4473,2.262
4,4474,2.079
4,4475,1.966
4,4476,2.468
4,4477,1.882
4,4478,1.833
4,4479,2.191
4,4480,2.475
4,4481,2.165
4,4482,1.974
4,4483,2.318
4,4484,2.961
4,4485,3.861
4,4486,3.247
4,4487,2.304
4,4488,2.221
4,4489,1.963
4,4490,1.980
4,4491,2.482
4,4492,2.253
4,4493,2.180
4,4494,2.015
4,4495,1.939
4,4496,1.939
4,4497,2.153
4,4498,2.061
4,4499,2.688
4,4500,2.552
4,4501,2.287
4,4502,2.140
4,4503,2.002
4,4504,2.072
4,4505,2.128
4,4506,2.553
4,4507,3.220
4,4508,2.938
4,4509,3.212
4,4510,2.437
4,4511,1.887
4,4512,1.913
4,4513,2.424
4,4514,2.478
4,4515,1.851
4,4516,1.601
4,4517,1.648
4,4518,1.776
4,4519,1.783
4,4520,1.805
4,4521,2.016
4,4522,2.109
4,4523,2.221
4,4524,2.019
4,4525,2.154
4,4526,1.827
4,4527,1.658
4,4528,1.676
4,4529,2.252
4,4530,2.511
4,4531,1.755
4,4532,1.978
4,4533,1.814
4,4534,1.738
4,4535,1.671
4,4536,1.575
4,4537,1.571
4,4538,2.767
4,4539,2.307
4,4540,2.493
4,4541,2.281
4,4542,1.661
4,4543,1.685
4,4544,1.611
4,4545,1.869
4,4546,1.956
4,4547,2.030
4,4548,1.904
4,4549,1.873
4,4550,2.770
4,4551,1.869
4,4552,1.522
4,4553,1.827
4,4554,2.698
4,4555,2.305
4,4556,1.891
4,4557,2.037
4,4558,2.726
4,4559,1.811
4,4560,1.863
4,4561,2.300
4,4562,1.910
4,4563,2.155
4,4564,2.106
4,4565,1.774
4,4566,1.687
4,4567,2.710
4,4568,2.509
4,4569,2.071
4,4570,1.752
4,4571,1.465
4,4572,1.431
4,4573,1.486
4,4574,1.592
4,4575,1.782
4,4576,2.114
4,4577,1.452
4,4578,1.886
4,4579,2.106
4,4580,1.955
4,4581,1.620
4,4582,1.601
4,4583,1.484
4,4584,1.501
4,4585,1.637
4,4586,2.056
4,4587,1.816
4,4588,1.466
4,4589,1.368
4,4590,1.373
4,4591,1.553
4,4592,1.613
4,4593,1.673
4,4594,1.417
4,4595,1.429
4,4596,1.473
4,4597,1.962
4,4598,1.628
4,4599,1.688
4,4600,1.670
4,4601,1.386
4,4602,1.327
4,4603,1.527
4,4604,1.579
4,4605,1.745
4,4606,6.770
4,4607,2.379
4,4608,2.414
4,4609,2.036
4,4610,1.798
4,4611,1.742
4,4612,2.162
4,4613,2.154
4,4614,1.534
4,4615,1.404
4,4616,1.968
4,4617,1.594
4,4618,1.651
4,4619,1.654
4,4620,1.515
4,4621,1.503
4,4622,2.113
4,4623,1.782
4,4624,1.771
4,4625,1.730
4,4626,1.715
4,4627,1.371
4,4628,1.594
4,4629,1.722
4,4630,1.563
4,4631,1.820
4,4632,2.162
4,4633,2.065
4,4634,1.750
4,4635,3.833
4,4636,2.781
4,4637,1.592
4,4638,1.999
4,4639,1.811
4,4640,1.727
4,4641,1.445
4,4642,1.478
4,4643,1.603
4,4644,1.588
4,4645,1.592
4,4646,1.809
4,4647,1.746
4,4648,1.515
4,4649,1.355
4,4650,1.352
4,4651,1.513
4,4652,1.671
4,4653,1.635
4,4654,1.449
4,4655,1.352
4,4656,1.545
4,4657,1.988
4,4658,1.969
4,4659,1.799
4,4660,1.756
4,4661,1.518
4,4662,1.507
4,4663,1.570
4,4664,2.196
4,4665,1.657
4,4666,1.467
4,4667,2.201
4,4668,1.698
4,4669,1.563
4,4670,1.596
4,4671,1.463
4,4672,1.466
4,4673,1.458
4,4674,1.390
4,4675,1.400
4,4676,1.561
4,4677,2.851
4,4678,1.853
4,4679,1.408
4,4680,1.499
4,4681,1.551
4,4682,1.529
4,4683,1.541
4,4684,1.437
4,4685,1.499
4,4686,1.984
4,4687,1.701
4,4688,1.867
4,4689,2.558
4,4690,1.696
4,4691,1.395
4,4692,1.434
4,4693,1.696
4,4694,2.397
4,4695,1.817
4,4696,1.716
4,4697,1.608
4,4698,1.514
4,4699,1.727
4,4700,1.748
4,4701,1.594
4,4702,1.425
4,4703,1.362
4,4704,2.727
4,4705,2.591
4,4706,2.012
4,4707,1.853
4,4708,2.496
4,4709,1.584
4,4710,1.568
4,4711,1.848
4,4712,2.149
4,4713,2.006
4,4714,1.946
4,4715,2.044
4,4716,2.172
4,4717,2.162
4,4718,2.109
4,4719,3.038
4,4720,3.044
4,4721,2.245
4,4722,2.173
4,4723,1.693
4,4724,1.958
4,4725,2.174
4,4726,2.258
4,4727,2.388
4,4728,2.196
4,4729,1.933
4,4730,1.700
4,4731,1.765
4,4732,1.878
4,4733,1.741
4,4734,2.290
4,4735,1.756
4,4736,1.494
4,4737,1.483
4,4738,1.937
4,4739,2.019
4,4740,1.932
4,4741,1.458
4,4742,1.415
4,4743,1.911
4,4744,2.326
4,4745,2.305
4,4746,1.805
4,4747,1.513
4,4748,1.414
4,4749,1.393
4,4750,1.514
4,4751,1.593
4,4752,2.026
4,4753,1.503
4,4754,1.800
4,4755,1.631
4,4756,1.520
4,4757,1.692
4,4758,1.546
4,4759,1.476
4,4760,1.371
4,4761,1.385
4,4762,1.690
4,4763,2.117
4,4764,1.712
4,4765,1.629
4,4766,1.309
4,4767,1.530
4,4768,1.528
4,4769,1.450
4,4770,1.805
4,4771,2.126
4,4772,1.915
4,4773,2.805
4,4774,2.743
4,4775,2.168
4,4776,1.501
4,4777,1.384
4,4778,1.495
4,4779,2.147
4,4780,2.302
4,4781,2.045
4,4782,2.150
4,4783,2.030
4,4784,2.238
4,4785,1.835
4,4786,1.625
4,4787,1.992
4,4788,1.634
4,4789,1.676
4,4790,1.692
4,4791,1.544
4,4792,1.321
4,4793,1.450
4,4794,2.440
4,4795,1.556
4,4796,1.821
4,4797,1.986
4,4798,1.672
4,4799,1.455
4,4800,1.433
4,4801,1.580
4,4802,2.063
4,4803,1.633
4,4804,1.859
4,4805,1.577
4,4806,2.045
4,4807,1.691
4,4808,1.567
4,4809,1.570
4,4810,1.923
4,4811,2.098
4,4812,2.109
4,4813,2.250
4,4814,2.428
4,4815,1.804
4,4816,1.665
4,4817,1.745
4,4818,1.742
4,4819,1.494
4,4820,1.496
4,4821,1.622
4,4822,1.678
4,4823,1.820
4,4824,2.577
4,4825,2.139
4,4826,1.480
4,4827,1.416
4,4828,1.805
4,4829,2.531
4,4830,1.675
4,4831,1.685
4,4832,2.070
4,4833,2.369
4,4834,1.991
4,4835,1.894
4,4836,1.618
4,4837,1.426
4,4838,1.512
4,4839,1.601
4,4840,2.016
4,4841,2.045
4,4842,1.947
4,4843,2.536
4,4844,2.174
4,4845,1.861
4,4846,1.718
4,4847,1.731
4,4848,1.617
4,4849,2.596
4,4850,2.228
4,4851,1.868
4,4852,1.701
4,4853,1.524
4,4854,1.778
4,4855,2.179
4,4856,1.623
4,4857,1.912
4,4858,2.565
4,4859,2.251
4,4860,2.126
4,4861,2.286
4,4862,1.502
4,4863,1.681
4,4864,1.690
4,4865,2.256
4,4866,1.816
4,4867,1.407
4,4868,1.659
4,4869,1.931
4,4870,1.929
4,4871,2.289
4,4872,2.147
4,4873,2.090
4,4874,2.110
4,4875,2.257
4,4876,2.203
4,4877,1.789
4,4878,1.735
4,4879,2.338
4,4880,3.212
4,4881,2.392
4,4882,1.994
4,4883,1.853
4,4884,1.894
4,4885,2.132
4,4886,1.828
4,4887,1.855
4,4888,2.806
4,4889,2.201
4,4890,1.871
4,4891,1.951
4,4892,1.890
4,4893,1.769
4,4894,1.657
4,4895,2.371
4,4896,2.021
4,4897,1.676
4,4898,1.625
4,4899,1.704
4,4900,1.752
4,4901,1.678
4,4902,1.656
4,4903,1.659
4,4904,1.913
4,4905,1.853
4,4906,2.097
4,4907,2.099
4,4908,1.540
4,4909,1.472
4,4910,1.618
4,4911,1.784
4,4912,1.704
4,4913,1.605
4,4914,1.600
4,4915,1.831
4,4916,1.612
4,4917,2.351
4,4918,1.738
4,4919,1.597
4,4920,1.385
4,4921,1.399
4,4922,1.742
4,4923,2.482
4,4924,1.751
4,4925,1.370
4,4926,1.368
4,4927,2.037
4,4928,1.641
4,4929,1.636
4,4930,1.765
4,4931,2.227
4,4932,1.795
4,4933,1.578
4,4934,2.113
4,4935,1.933
4,4936,1.907
4,4937,1.369
4,4938,1.603
4,4939,1.847
4,4940,2.091
4,4941,1.609
4,4942,1.655
4,4943,1.601
4,4944,1.472
4,4945,1.402
4,4946,1.836
4,4947,2.232
4,4948,2.093
4,4949,1.847
4,4950,2.066
4,4951,1.887
4,4952,1.582
4,4953,1.429
4,4954,1.548
4,4955,1.654
4,4956,1.500
4,4957,2.208
4,4958,2.017
4,4959,1.774
4,4960,1.585
4,4961,1.693
4,4962,1.862
4,4963,2.296
4,4964,2.837
4,4965,2.491
4,4966,2.043
4,4967,1.626
4,4968,1.618
4,4969,1.647
4,4970,1.407
4,4971,1.466
4,4972,1.552
4,4973,1.965
4,4974,2.112
4,4975,1.789
4,4976,1.683
4,4977,1.701
4,4978,1.549
4,4979,1.626
4,4980,1.633
4,4981,1.738
4,4982,1.924
4,4983,1.753
4,4984,1.604
4,4985,1.993
4,4986,2.017
4,4987,1.407
4,4988,1.477
4,4989,1.719
4,4990,2.086
4,4991,2.184
4,4992,1.786
4,4993,1.842
4,4994,1.521
4,4995,1.470
4,4996,1.804
4,4997,1.636
4,4998,1.480
4,4999,1.394
4,5000,1.562
4,5001,2.912
4,5002,2.202
4,5003,1.891
4,5004,2.158
4,5005,2.211
4,5006,1.587
4,5007,1.692
4,5008,1.856
4,5009,2.003
4,5010,2.056
4,5011,1.874
4,5012,1.857
4,5013,1.680
4,5014,1.795
4,5015,1.693
4,5016,1.719
4,5017,2.310
4,5018,1.895
4,5019,1.886
4,5020,1.537
4,5021,1.481
4,5022,1.503
4,5023,1.695
4,5024,1.896
4,5025,1.389
4,5026,1.514
4,5027,1.874
4,5028,1.772
4,5029,1.715
4,5030,1.537
4,5031,1.776
4,5032,1.737
4,5033,1.576
4,5034,1.770
4,5035,1.790
4,5036,2.309
4,5037,1.575
4,5038,1.435
4,5039,1.959
4,5040,1.745
4,5041,1.652
4,5042,1.614
4,5043,1.769
4,5044,2.631
4,5045,2.131
4,5046,2.772
4,5047,2.177
4,5048,1.780
4,5049,1.915
4,5050,2.127
4,5051,2.044
4,5052,2.252
4,5053,2.201
4,5054,2.006
4,5055,2.026
4,5056,2.124
4,5057,1.813
4,5058,1.713
4,5059,1.864
4,5060,2.804
4,5061,2.299
4,5062,1.683
4,5063,2.127
4,5064,1.946
4,5065,2.016
4,5066,2.160
4,5067,2.130
4,5068,1.695
4,5069,1.634
4,5070,2.491
4,5071,1.761
4,5072,1.487
4,5073,1.530
4,5074,1.697
4,5075,1.563
4,5076,1.792
4,5077,1.967
4,5078,1.966
4,5079,1.895
4,5080,2.439
4,5081,1.933
4,5082,2.053
4,5083,1.814
4,5084,1.939
4,5085,1.955
4,5086,1.982
4,5087,1.770
4,5088,1.802
4,5089,2.155
4,5090,1.944
4,5091,1.995
4,5092,2.287
4,5093,2.228
4,5094,1.976
4,5095,2.200
4,5096,2.427
4,5097,2.692
4,5098,1.960
4,5099,1.976
4,5100,2.210
4,5101,2.135
4,5102,1.856
4,5103,1.732
4,5104,1.843
4,5105,2.245
4,5106,2.108
4,5107,1.696
4,5108,2.237
4,5109,2.129
4,5110,2.018
4,5111,2.185
4,5112,1.833
4,5113,1.896
4,5114,1.995
4,5115,2.634
4,5116,2.263
4,5117,1.950
4,5118,2.006
4,5119,2.214
4,5120,2.573
4,5121,2.111
4,5122,2.397
4,5123,3.158
4,5124,2.288
4,5125,2.052
4,5126,1.952
4,5127,2.090
4,5128,2.323
4,5129,2.199
4,5130,2.252
4,5131,2.633
4,5132,2.083
4,5133,2.308
4,5134,2.228
4,5135,2.185
4,5136,2.741
4,5137,2.869
4,5138,3.070
4,5139,2.930
4,5140,2.895
4,5141,2.540
4,5142,2.348
4,5143,1.788
4,5144,2.122
4,5145,2.520
4,5146,1.894
4,5147,2.028
4,5148,2.121
4,5149,2.579
4,5150,2.187
4,5151,1.941
4,5152,2.024
4,5153,2.485
4,5154,2.136
4,5155,1.995
4,5156,1.996
4,5157,2.336
4,5158,2.208
4,5159,2.236
4,5160,2.269
4,5161,2.394
4,5162,2.142
4,5163,2.843
4,5164,2.182
4,5165,1.923
4,5166,2.387
4,5167,2.287
4,5168,2.001
4,5169,2.252
4,5170,2.430
4,5171,2.368
4,5172,2.327
4,5173,2.127
4,5174,2.082
4,5175,2.300
4,5176,2.266
4,5177,2.909
4,5178,3.001
4,5179,2.191
4,5180,2.251
4,5181,2.360
4,5182,1.966
4,5183,1.786
4,5184,2.247
4,5185,3.204
4,5186,2.133
4,5187,2.345
4,5188,2.159
4,5189,2.082
4,5190,2.024
4,5191,2.027
4,5192,2.108
4,5193,3.205
4,5194,2.091
4,5195,1.762
4,5196,2.033
4,5197,2.166
4,5198,2.513
4,5199,2.270
4,5200,2.172
4,5201,2.569
4,5202,2.205
4,5203,2.321
4,5204,2.093
4,5205,1.921
4,5206,2.066
4,5207,2.279
4,5208,1.664
4,5209,1.835
4,5210,1.649
4,5211,1.587
4,5212,1.513
4,5213,1.807
4,5214,1.808
4,5215,1.584
4,5216,1.498
4,5217,1.438
4,5218,1.696
4,5219,1.718
4,5220,1.672
4,5221,1.408
4,5222,1.482
4,5223,1.822
4,5224,1.986
4,5225,1.923
4,5226,1.868
4,5227,1.707
4,5228,1.683
4,5229,1.467
4,5230,1.896
4,5231,1.596
4,5232,1.716
4,5233,1.724
4,5234,1.801
4,5235,1.690
4,5236,1.971
4,5237,1.514
4,5238,1.678
4,5239,1.759
4,5240,1.833
4,5241,2.056
4,5242,2.530
4,5243,1.624
4,5244,1.317
4,5245,1.353
4,5246,1.557
4,5247,1.621
4,5248,1.693
4,5249,1.462
4,5250,2.493
4,5251,2.225
4,5252,1.760
4,5253,1.886
4,5254,1.959
4,5255,1.639
4,5256,1.576
4,5257,1.625
4,5258,1.761
4,5259,2.446
4,5260,1.883
4,5261,1.649
4,5262,1.679
4,5263,1.541
4,5264,1.925
4,5265,1.790
4,5266,1.819
4,5267,1.499
4,5268,1.352
4,5269,2.116
4,5270,2.155
4,5271,1.812
4,5272,1.908
4,5273,2.390
4,5274,2.147
4,5275,2.043
4,5276,2.386
4,5277,2.954
4,5278,2.379
4,5279,2.655
4,5280,2.406
4,5281,2.447
4,5282,2.693
4,5283,2.456
4,5284,2.646
4,5285,2.083
4,5286,1.857
4,5287,2.275
4,5288,2.235
4,5289,2.493
4,5290,2.964
4,5291,2.536
4,5292,2.871
4,5293,2.662
4,5294,3.453
4,5295,3.620
4,5296,2.961
4,5297,2.318
4,5298,2.957
4,5299,1.823
4,5300,1.933
4,5301,3.255
4,5302,2.237
4,5303,2.435
4,5304,2.171
4,5305,2.117
4,5306,2.638
4,5307,2.196
4,5308,2.275
4,5309,2.399
4,5310,2.247
4,5311,2.023
4,5312,1.978
4,5313,2.845
4,5314,2.864
4,5315,2.608
4,5316,1.986
4,5317,1.991
4,5318,2.089
4,5319,2.466
4,5320,3.053
4,5321,3.091
4,5322,3.049
4,5323,3.200
4,5324,3.423
4,5325,4.145
4,5326,4.300
4,5327,3.263
4,5328,2.622
4,5329,2.665
4,5330,2.370
4,5331,2.453
4,5332,2.978
4,5333,2.274
4,5334,2.055
4,5335,2.114
4,5336,1.923
4,5337,3.094
4,5338,2.171
4,5339,2.198
4,5340,2.609
4,5341,2.317
4,5342,1.821
4,5343,1.590
4,5344,2.570
4,5345,2.342
4,5346,1.678
4,5347,1.548
4,5348,1.531
4,5349,1.795
4,5350,1.574
4,5351,1.601
4,5352,1.609
4,5353,2.103
4,5354,2.238
4,5355,2.297
4,5356,2.296
4,5357,1.962
4,5358,2.090
4,5359,1.642
4,5360,1.492
4,5361,1.729
4,5362,1.998
4,5363,1.590
4,5364,1.299
4,5365,1.359
4,5366,1.549
4,5367,1.753
4,5368,1.617
4,5369,2.576
4,5370,2.944
4,5371,2.053
4,5372,2.072
4,5373,1.857
4,5374,1.933
4,5375,1.552
4,5376,1.466
4,5377,1.533
4,5378,2.134
4,5379,1.903
4,5380,1.539
4,5381,1.478
4,5382,1.597
4,5383,1.648
4,5384,1.782
4,5385,1.573
4,5386,1.534
4,5387,1.386
4,5388,1.587
4,5389,2.025
4,5390,1.919
4,5391,1.718
4,5392,1.516
4,5393,1.373
4,5394,1.717
4,5395,1.680
4,5396,3.047
4,5397,4.682
4,5398,3.382
4,5399,3.496
4,5400,2.265
4,5401,3.120
4,5402,3.728
4,5403,3.379
4,5404,3.190
4,5405,2.742
4,5406,2.705
4,5407,2.532
4,5408,2.688
4,5409,2.448
4,5410,1.956
4,5411,5.354
4,5412,3.072
4,5413,2.676
4,5414,2.778
4,5415,4.025
4,5416,2.535
4,5417,2.247
4,5418,1.958
4,5419,1.946
4,5420,1.806
4,5421,1.778
4,5422,1.726
4,5423,1.659
4,5424,1.792
4,5425,2.659
4,5426,1.959
4,5427,1.714
4,5428,1.840
4,5429,1.880
4,5430,1.838
4,5431,1.717
4,5432,1.824
4,5433,2.226
4,5434,2.493
4,5435,2.037
4,5436,1.763
4,5437,1.417
4,5438,1.403
4,5439,1.680
4,5440,2.012
4,5441,1.573
4,5442,1.919
4,5443,1.840
4,5444,1.934
4,5445,1.720
4,5446,1.610
4,5447,1.546
4,5448,1.402
4,5449,1.276
4,5450,1.390
4,5451,1.376
4,5452,1.739
4,5453,1.715
4,5454,1.400
4,5455,1.612
4,5456,1.415
4,5457,1.528
4,5458,1.402
4,5459,1.441
4,5460,1.490
4,5461,1.460
4,5462,1.528
4,5463,1.853
4,5464,1.667
4,5465,1.624
4,5466,2.725
4,5467,1.647
4,5468,1.435
4,5469,1.625
4,5470,1.600
4,5471,2.558
4,5472,1.712
4,5473,1.777
4,5474,1.505
4,5475,1.425
4,5476,1.621
4,5477,1.656
4,5478,1.555
4,5479,2.090
4,5480,1.952
4,5481,1.883
4,5482,1.928
4,5483,1.654
4,5484,1.411
4,5485,1.463
4,5486,1.901
4,5487,1.500
4,5488,1.393
4,5489,2.386
4,5490,1.848
4,5491,1.438
4,5492,1.442
4,5493,1.690
4,5494,1.650
4,5495,1.682
4,5496,2.307
4,5497,1.665
4,5498,1.817
4,5499,1.742
4,5500,1.948
4,5501,1.758
4,5502,1.632
4,5503,1.452
4,5504,1.413
4,5505,1.529
4,5506,1.915
4,5507,2.026
4,5508,1.570
4,5509,1.524
4,5510,1.510
4,5511,1.521
4,5512,1.659
4,5513,1.547
4,5514,1.521
4,5515,1.348
4,5516,1.387
4,5517,2.073
4,5518,2.023
4,5519,1.796
4,5520,1.806
4,5521,1.894
4,5522,2.205
4,5523,2.180
4,5524,1.929
4,5525,2.661
4,5526,2.587
4,5527,2.674
4,5528,2.571
4,5529,1.961
4,5530,2.538
4,5531,2.875
4,5532,2.079
4,5533,2.586
4,5534,1.971
4,5535,1.923
4,5536,1.864
4,5537,2.144
4,5538,2.065
4,5539,2.459
4,5540,2.212
4,5541,2.322
4,5542,1.785
4,5543,1.483
4,5544,1.543
4,5545,1.535
4,5546,1.688
4,5547,2.096
4,5548,2.339
4,5549,2.077
4,5550,2.713
4,5551,2.664
4,5552,2.141
4,5553,2.167
4,5554,2.287
4,5555,2.294
4,5556,1.753
4,5557,1.638
4,5558,2.208
4,5559,1.599
4,5560,1.563
4,5561,1.851
4,5562,1.670
4,5563,1.739
4,5564,1.692
4,5565,1.931
4,5566,1.651
4,5567,1.592
4,5568,1.690
4,5569,1.533
4,5570,1.481
4,5571,1.501
4,5572,1.617
4,5573,2.377
4,5574,2.209
4,5575,1.675
4,5576,1.768
4,5577,1.914
4,5578,2.911
4,5579,1.967
4,5580,2.086
4,5581,2.079
4,5582,1.906
4,5583,1.891
4,5584,1.861
4,5585,1.687
4,5586,1.663
4,5587,2.121
4,5588,2.234
4,5589,1.860
4,5590,1.682
4,5591,1.847
4,5592,1.861
4,5593,1.840
4,5594,1.812
4,5595,1.758
4,5596,2.357
4,5597,2.013
4,5598,1.925
4,5599,2.138
4,5600,1.939
4,5601,1.664
4,5602,1.683
4,5603,1.902
4,5604,1.591
4,5605,2.154
4,5606,1.735
4,5607,1.516
4,5608,1.465
4,5609,1.505
4,5610,1.597
4,5611,1.362
4,5612,1.296
4,5613,1.264
4,5614,1.411
4,5615,1.649
4,5616,2.314
4,5617,1.575
4,5618,1.417
4,5619,1.465
4,5620,1.436
4,5621,1.360
4,5622,1.408
4,5623,1.606
4,5624,1.468
4,5625,1.487
4,5626,1.534
4,5627,1.830
4,5628,1.708
4,5629,1.614
4,5630,1.574
4,5631,1.431
4,5632,1.389
4,5633,1.497
4,5634,1.494
4,5635,1.925
4,5636,2.359
4,5637,2.157
4,5638,1.663
4,5639,1.504
4,5640,1.496
4,5641,1.640
4,5642,1.433
4,5643,1.291
4,5644,1.260
4,5645,1.898
4,5646,2.187
4,5647,1.783
4,5648,1.843
4,5649,1.723
4,5650,1.569
4,5651,1.506
4,5652,1.393
4,5653,1.591
4,5654,1.679
4,5655,1.534
4,5656,1.356
4,5657,1.565
4,5658,1.875
4,5659,2.540
4,5660,1.803
4,5661,1.724
4,5662,1.692
4,5663,1.552
4,5664,1.598
4,5665,2.639
4,5666,1.770
4,5667,1.807
4,5668,2.347
4,5669,2.099
4,5670,1.723
4,5671,1.316
4,5672,2.164
4,5673,1.863
4,5674,1.566
4,5675,1.623
4,5676,1.665
4,5677,1.708
4,5678,1.746
4,5679,1.457
4,5680,1.529
4,5681,2.450
4,5682,1.691
4,5683,1.402
4,5684,1.398
4,5685,1.878
4,5686,1.639
4,5687,1.570
4,5688,1.839
4,5689,1.796
4,5690,1.967
4,5691,1.724
4,5692,1.642
4,5693,2.289
4,5694,1.780
4,5695,1.453
4,5696,1.496
4,5697,1.671
4,5698,1.836
4,5699,1.910
4,5700,2.203
4,5701,2.151
4,5702,2.058
4,5703,2.414
4,5704,2.063
4,5705,1.533
4,5706,1.292
4,5707,2.113
4,5708,2.376
4,5709,2.142
4,5710,1.956
4,5711,2.176
4,5712,1.915
4,5713,1.650
4,5714,1.826
4,5715,2.187
4,5716,2.132
4,5717,1.677
4,5718,1.872
4,5719,2.021
4,5720,1.588
4,5721,1.535
4,5722,1.659
4,5723,1.718
4,5724,1.932
4,5725,2.023
4,5726,2.324
4,5727,2.007
4,5728,1.667
4,5729,2.033
4,5730,1.930
4,5731,1.685
4,5732,2.037
4,5733,2.181
4,5734,2.499
4,5735,2.447
4,5736,2.056
4,5737,1.888
4,5738,1.887
4,5739,2.382
4,5740,2.848
4,5741,2.032
4,5742,2.753
4,5743,2.963
4,5744,2.062
4,5745,2.330
4,5746,2.088
4,5747,2.353
4,5748,2.320
4,5749,1.916
4,5750,1.965
4,5751,2.827
4,5752,2.562
4,5753,2.562
4,5754,2.449
4,5755,2.374
4,5756,2.412
4,5757,2.283
4,5758,2.800
4,5759,2.594
4,5760,2.593
4,5761,2.210
4,5762,2.277
4,5763,2.212
4,5764,2.434
4,5765,2.650
4,5766,2.870
4,5767,2.252
4,5768,2.407
4,5769,2.315
4,5770,1.830
4,5771,2.131
4,5772,2.103
4,5773,3.016
4,5774,2.219
4,5775,2.112
4,5776,2.096
4,5777,2.387
4,5778,2.087
4,5779,1.886
4,5780,2.308
4,5781,2.933
4,5782,2.221
4,5783,2.214
4,5784,2.090
4,5785,2.034
4,5786,2.932
4,5787,2.983
4,5788,2.724
4,5789,2.254
4,5790,1.974
4,5791,1.977
4,5792,2.107
4,5793,2.123
4,5794,2.745
4,5795,2.485
4,5796,3.131
4,5797,2.898
4,5798,2.801
4,5799,2.566
4,5800,3.089
4,5801,2.692
4,5802,3.144
4,5803,2.458
4,5804,2.412
4,5805,2.945
4,5806,3.011
4,5807,2.516
4,5808,2.461
4,5809,2.746
4,5810,2.903
4,5811,3.097
4,5812,3.010
4,5813,2.322
4,5814,2.291
4,5815,2.523
4,5816,2.930
4,5817,2.307
4,5818,2.715
4,5819,2.204
4,5820,2.265
4,5821,2.389
4,5822,2.185
4,5823,2.882
4,5824,3.134
4,5825,2.515
4,5826,2.528
4,5827,2.278
4,5828,2.077
4,5829,2.405
4,5830,2.486
4,5831,2.580
4,5832,3.226
4,5833,2.688
4,5834,3.595
4,5835,3.757
4,5836,3.500
4,5837,3.161
4,5838,3.541
4,5839,2.909
4,5840,3.052
4,5841,3.860
4,5842,3.323
4,5843,2.741
4,5844,2.788
4,5845,2.380
4,5846,2.237
4,5847,3.486
4,5848,2.685
4,5849,2.092
4,5850,2.810
4,5851,2.674
4,5852,4.461
4,5853,2.762
4,5854,3.034
4,5855,2.975
4,5856,3.076
4,5857,3.768
4,5858,3.316
4,5859,2.823
4,5860,2.898
4,5861,2.872
4,5862,2.499
4,5863,2.246
4,5864,2.742
4,5865,2.510
4,5866,2.505
4,5867,3.025
4,5868,2.157
4,5869,3.958
4,5870,2.393
4,5871,2.574
4,5872,2.531
4,5873,2.401
4,5874,3.227
4,5875,2.927
4,5876,2.883
4,5877,2.228
4,5878,1.930
4,5879,2.119
4,5880,2.329
4,5881,2.628
4,5882,2.133
4,5883,2.317
4,5884,2.171
4,5885,2.372
4,5886,2.113
4,5887,2.052
4,5888,2.973
4,5889,3.076
4,5890,2.466
4,5891,3.448
4,5892,2.836
4,5893,3.261
4,5894,2.465
4,5895,2.312
4,5896,2.299
4,5897,1.853
4,5898,1.505
4,5899,1.443
4,5900,1.500
4,5901,1.828
4,5902,2.458
4,5903,2.372
4,5904,2.257
4,5905,1.593
4,5906,1.706
4,5907,1.980
4,5908,1.492
4,5909,1.347
4,5910,1.611
4,5911,1.677
4,5912,1.555
4,5913,1.404
4,5914,1.350
4,5915,1.633
4,5916,1.425
4,5917,1.423
4,5918,1.470
4,5919,1.428
4,5920,2.500
4,5921,2.160
4,5922,1.912
4,5923,2.019
4,5924,3.985
4,5925,2.775
4,5926,2.671
4,5927,2.211
4,5928,1.906
4,5929,1.894
4,5930,1.922
4,5931,1.840
4,5932,1.818
4,5933,3.009
4,5934,2.176
4,5935,1.962
4,5936,1.840
4,5937,1.717
4,5938,1.743
4,5939,1.709
4,5940,1.701
4,5941,1.925
4,5942,2.905
4,5943,2.376
4,5944,2.218
4,5945,2.153
4,5946,1.936
4,5947,2.012
4,5948,1.536
4,5949,1.729
4,5950,2.258
4,5951,1.881
4,5952,1.976
4,5953,2.224
4,5954,1.928
4,5955,1.840
4,5956,1.831
4,5957,2.457
4,5958,2.159
4,5959,1.773
4,5960,1.496
4,5961,1.493
4,5962,1.416
4,5963,1.425
4,5964,1.594
4,5965,1.449
4,5966,1.474
4,5967,1.578
4,5968,1.652
4,5969,1.704
4,5970,2.098
4,5971,2.133
4,5972,1.753
4,5973,2.085
4,5974,1.865
4,5975,2.343
4,5976,2.019
4,5977,1.607
4,5978,1.403
4,5979,1.894
4,5980,1.751
4,5981,1.543
4,5982,1.319
4,5983,1.296
4,5984,1.392
4,5985,2.098
4,5986,1.749
4,5987,1.701
4,5988,1.492
4,5989,2.245
4,5990,2.279
4,5991,1.796
4,5992,1.871
4,5993,1.719
4,5994,1.560
4,5995,1.443
4,5996,1.717
4,5997,1.543
4,5998,1.432
4,5999,1.376
4,6000,2.190
4,6001,1.655
4,6002,1.629
4,6003,1.868
4,6004,2.790
4,6005,1.981
4,6006,1.673
4,6007,1.700
4,6008,2.028
4,6009,2.347
4,6010,1.679
4,6011,1.890
4,6012,1.944
4,6013,1.914
4,6014,2.017
4,6015,1.948
4,6016,1.632
4,6017,1.676
4,6018,2.183
4,6019,2.301
4,6020,2.154
4,6021,1.797
4,6022,1.941
4,6023,2.000
4,6024,1.991
4,6025,2.212
4,6026,2.185
4,6027,2.409
4,6028,1.919
4,6029,2.213
4,6030,1.659
4,6031,1.542
4,6032,1.640
4,6033,1.651
4,6034,1.631
4,6035,1.917
4,6036,1.855
4,6037,2.043
4,6038,1.659
4,6039,1.573
4,6040,1.865
4,6041,2.051
4,6042,1.595
4,6043,1.507
4,6044,2.146
4,6045,3.257
4,6046,4.282
4,6047,3.823
4,6048,2.730
4,6049,2.793
4,6050,2.197
4,6051,2.064
4,6052,2.915
4,6053,2.437
4,6054,2.469
4,6055,3.753
4,6056,2.977
4,6057,2.718
4,6058,2.813
4,6059,2.046
4,6060,1.922
4,6061,1.708
4,6062,1.849
4,6063,1.767
4,6064,1.683
4,6065,1.592
4,6066,1.750
4,6067,2.506
4,6068,3.027
4,6069,2.318
4,6070,2.001
4,6071,1.601
4,6072,1.659
4,6073,2.544
4,6074,2.885
4,6075,2.954
4,6076,2.486
4,6077,2.394
4,6078,2.126
4,6079,1.829
4,6080,1.489
4,6081,1.652
4,6082,1.811
4,6083,2.439
4,6084,1.832
4,6085,1.643
4,6086,1.815
4,6087,1.768
4,6088,1.731
4,6089,1.945
4,6090,1.778
4,6091,1.495
4,6092,1.813
4,6093,2.892
4,6094,2.361
4,6095,2.167
4,6096,2.379
4,6097,1.897
4,6098,2.029
4,6099,1.852
4,6100,2.343
4,6101,2.179
4,6102,1.630
4,6103,1.828
4,6104,3.660
4,6105,2.135
4,6106,2.053
4,6107,2.447
4,6108,1.848
4,6109,1.906
4,6110,1.588
4,6111,1.483
4,6112,1.479
4,6113,1.772
4,6114,1.559
4,6115,1.553
4,6116,1.681
4,6117,1.876
4,6118,1.777
4,6119,1.789
4,6120,2.666
4,6121,1.983
4,6122,2.224
4,6123,2.619
4,6124,1.961
4,6125,1.592
4,6126,1.416
4,6127,1.493
4,6128,1.559
4,6129,2.040
4,6130,2.246
4,6131,1.943
4,6132,1.637
4,6133,1.546
4,6134,1.482
4,6135,1.715
4,6136,1.604
4,6137,1.365
4,6138,1.355
4,6139,2.405
4,6140,1.898
4,6141,2.187
4,6142,2.109
4,6143,2.152
4,6144,2.037
4,6145,1.754
4,6146,1.864
4,6147,1.825
4,6148,1.841
4,6149,2.126
4,6150,2.949
4,6151,2.004
4,6152,1.707
4,6153,1.808
4,6154,1.865
4,6155,1.775
4,6156,1.671
4,6157,3.177
4,6158,2.134
4,6159,2.798
4,6160,2.380
4,6161,1.797
4,6162,1.543
4,6163,1.787
4,6164,2.465
4,6165,2.794
4,6166,2.024
4,6167,1.892
4,6168,1.859
4,6169,1.914
4,6170,2.120
4,6171,2.025
4,6172,1.964
4,6173,1.870
4,6174,2.570
4,6175,1.770
4,6176,1.504
4,6177,1.541
4,6178,1.492
4,6179,1.447
4,6180,1.548
4,6181,1.655
4,6182,1.721
4,6183,1.393
4,6184,1.375
4,6185,1.670
4,6186,1.689
4,6187,1.751
4,6188,1.427
4,6189,1.348
4,6190,1.377
4,6191,2.198
4,6192,2.069
4,6193,1.851
4,6194,2.091
4,6195,2.397
4,6196,2.370
4,6197,2.165
4,6198,1.935
4,6199,2.406
4,6200,2.051
4,6201,1.730
4,6202,1.946
4,6203,1.749
4,6204,1.697
4,6205,1.510
4,6206,1.430
4,6207,1.581
4,6208,1.929
4,6209,1.694
4,6210,1.382
4,6211,1.284
4,6212,1.318
4,6213,1.574
4,6214,1.858
4,6215,1.673
4,6216,1.399
4,6217,1.454
4,6218,1.923
4,6219,2.260
4,6220,1.746
4,6221,1.697
4,6222,1.515
4,6223,1.349
4,6224,1.633
4,6225,1.720
4,6226,2.305
4,6227,2.346
4,6228,2.209
4,6229,2.144
4,6230,2.206
4,6231,2.722
4,6232,2.482
4,6233,2.454
4,6234,2.422
4,6235,2.097
4,6236,1.730
4,6237,1.535
4,6238,1.552
4,6239,2.031
4,6240,1.939
4,6241,2.068
4,6242,2.000
4,6243,1.547
4,6244,1.448
4,6245,1.413
4,6246,1.733
4,6247,1.573
4,6248,1.331
4,6249,1.295
4,6250,1.403
4,6251,1.770
4,6252,2.650
4,6253,2.236
4,6254,2.292
4,6255,2.611
4,6256,2.981
4,6257,2.819
4,6258,2.116
4,6259,2.551
4,6260,1.908
4,6261,1.993
4,6262,1.868
4,6263,1.998
4,6264,1.950
4,6265,2.159
4,6266,2.253
4,6267,2.049
4,6268,1.517
4,6269,2.465
4,6270,2.291
4,6271,1.972
4,6272,1.575
4,6273,1.816
4,6274,4.032
4,6275,3.553
4,6276,2.138
4,6277,1.783
4,6278,1.754
4,6279,3.070
4,6280,3.136
4,6281,2.694
4,6282,2.612
4,6283,1.681
4,6284,1.780
4,6285,1.910
4,6286,2.104
4,6287,3.454
4,6288,1.698
4,6289,1.339
4,6290,1.307
4,6291,1.916
4,6292,1.482
4,6293,1.576
4,6294,1.400
4,6295,1.399
4,6296,2.163
4,6297,2.098
4,6298,1.727
4,6299,1.832
4,6300,1.722
4,6301,1.708
4,6302,1.554
4,6303,1.775
4,6304,2.102
4,6305,2.364
4,6306,2.307
4,6307,2.036
4,6308,1.858
4,6309,1.890
4,6310,2.436
4,6311,1.703
4,6312,2.003
4,6313,2.685
4,6314,2.199
4,6315,1.621
4,6316,1.589
4,6317,1.782
4,6318,1.849
4,6319,2.093
4,6320,2.331
4,6321,2.446
4,6322,2.113
4,6323,2.120
4,6324,2.216
4,6325,1.888
4,6326,1.550
4,6327,2.737
4,6328,3.559
4,6329,2.124
4,6330,2.057
4,6331,1.661
4,6332,1.601
4,6333,1.776
4,6334,1.532
4,6335,1.957
4,6336,2.138
4,6337,2.266
4,6338,2.031
4,6339,1.723
4,6340,1.814
4,6341,1.759
4,6342,1.812
4,6343,1.795
4,6344,3.560
4,6345,2.441
4,6346,1.975
4,6347,2.134
4,6348,2.150
4,6349,2.047
4,6350,2.217
4,6351,2.511
4,6352,3.034
4,6353,2.870
4,6354,1.929
4,6355,2.021
4,6356,2.197
4,6357,2.169
4,6358,2.214
4,6359,2.088
4,6360,2.455
4,6361,2.170
4,6362,2.022
4,6363,2.009
4,6364,1.964
4,6365,2.967
4,6366,2.196
4,6367,1.747
4,6368,2.299
4,6369,2.413
4,6370,2.162
4,6371,2.111
4,6372,2.331
4,6373,2.115
4,6374,2.478
4,6375,2.234
4,6376,2.117
4,6377,2.000
4,6378,2.128
4,6379,2.257
4,6380,2.203
4,6381,2.302
4,6382,2.188
4,6383,2.546
4,6384,2.865
4,6385,2.609
4,6386,3.677
4,6387,2.473
4,6388,1.784
4,6389,2.196
4,6390,2.200
4,6391,2.307
4,6392,2.615
4,6393,2.564
4,6394,2.354
4,6395,3.110
4,6396,4.153
4,6397,3.479
4,6398,2.881
4,6399,2.356
4,6400,2.082
4,6401,2.039
4,6402,2.438
4,6403,2.132
4,6404,2.713
4,6405,2.479
4,6406,2.326
4,6407,1.998
4,6408,2.075
4,6409,2.098
4,6410,2.275
4,6411,2.532
4,6412,2.616
4,6413,2.107
4,6414,2.103
4,6415,2.501
4,6416,2.101
4,6417,2.483
4,6418,2.293
4,6419,1.976
4,6420,2.656
4,6421,2.059
4,6422,1.933
4,6423,2.032
4,6424,2.564
4,6425,2.177
4,6426,1.911
4,6427,2.169
4,6428,2.147
4,6429,1.924
4,6430,1.832
4,6431,1.688
4,6432,1.794
4,6433,1.978
4,6434,2.116
4,6435,1.880
4,6436,1.895
4,6437,2.332
4,6438,2.014
4,6439,2.322
4,6440,2.504
4,6441,2.507
4,6442,2.176
4,6443,2.306
4,6444,2.481
4,6445,2.399
4,6446,2.155
4,6447,2.481
4,6448,2.834
4,6449,2.900
4,6450,2.290
4,6451,2.100
4,6452,2.907
4,6453,2.391
4,6454,2.937
4,6455,2.405
4,6456,2.025
4,6457,1.965
4,6458,2.113
4,6459,2.325
4,6460,2.414
4,6461,2.282
4,6462,1.834
4,6463,1.516
4,6464,1.570
4,6465,1.895
4,6466,1.615
4,6467,1.378
4,6468,1.653
4,6469,1.940
4,6470,1.825
4,6471,1.918
4,6472,1.764
4,6473,1.779
4,6474,1.600
4,6475,1.473
4,6476,1.635
4,6477,1.972
4,6478,2.148
4,6479,1.742
4,6480,1.806
4,6481,1.969
4,6482,1.755
4,6483,1.765
4,6484,1.850
4,6485,1.844
4,6486,2.020
4,6487,3.275
4,6488,2.044
4,6489,1.478
4,6490,1.388
4,6491,1.566
4,6492,1.655
4,6493,1.619
4,6494,1.404
4,6495,1.776
4,6496,2.539
4,6497,2.806
4,6498,2.569
4,6499,2.418
4,6500,2.729
4,6501,3.242
4,6502,3.569
4,6503,4.037
4,6504,3.310
4,6505,3.520
4,6506,3.136
4,6507,2.688
4,6508,2.122
4,6509,1.951
4,6510,2.198
4,6511,2.116
4,6512,1.937
4,6513,1.853
4,6514,1.816
4,6515,1.605
4,6516,1.545
4,6517,1.680
4,6518,2.221
4,6519,1.521
4,6520,1.346
4,6521,1.425
4,6522,2.260
4,6523,2.195
4,6524,1.613
4,6525,1.481
4,6526,1.626
4,6527,1.751
4,6528,1.958
4,6529,1.939
4,6530,2.188
4,6531,2.186
4,6532,2.029
4,6533,2.201
4,6534,2.589
4,6535,2.260
4,6536,2.502
4,6537,1.965
4,6538,1.704
4,6539,1.658
4,6540,1.605
4,6541,1.864
4,6542,2.359
4,6543,2.238
4,6544,1.807
4,6545,1.820
4,6546,2.109
4,6547,2.635
4,6548,2.047
4,6549,1.940
4,6550,1.963
4,6551,1.787
4,6552,1.656
4,6553,1.938
4,6554,2.603
4,6555,2.003
4,6556,2.036
4,6557,2.193
4,6558,2.260
4,6559,1.726
4,6560,1.816
4,6561,2.574
4,6562,2.528
4,6563,2.241
4,6564,1.752
4,6565,1.467
4,6566,1.568
4,6567,1.793
4,6568,1.769
4,6569,2.128
4,6570,2.075
4,6571,2.271
4,6572,1.700
4,6573,1.691
4,6574,1.937
4,6575,1.650
4,6576,1.436
4,6577,1.496
4,6578,2.111
4,6579,2.169
4,6580,1.771
4,6581,1.896
4,6582,2.062
4,6583,2.122
4,6584,3.333
4,6585,3.173
4,6586,2.541
4,6587,2.655
4,6588,2.400
4,6589,2.136
4,6590,2.389
4,6591,2.684
4,6592,2.253
4,6593,2.089
4,6594,1.920
4,6595,1.844
4,6596,2.525
4,6597,2.103
4,6598,2.509
4,6599,2.540
4,6600,2.299
4,6601,2.062
4,6602,2.194
4,6603,2.092
4,6604,2.163
4,6605,2.981
4,6606,2.073
4,6607,1.481
4,6608,1.501
4,6609,1.688
4,6610,1.751
4,6611,1.534
4,6612,1.400
4,6613,1.536
4,6614,2.915
4,6615,2.315
4,6616,2.554
4,6617,2.132
4,6618,1.665
4,6619,1.588
4,6620,1.839
4,6621,1.857
4,6622,1.799
4,6623,1.532
4,6624,1.816
4,6625,1.802
4,6626,1.717
4,6627,1.761
4,6628,1.955
4,6629,1.802
4,6630,1.560
4,6631,2.296
4,6632,2.755
4,6633,1.783
4,6634,1.648
4,6635,1.764
4,6636,1.695
4,6637,1.700
4,6638,1.511
4,6639,1.940
4,6640,2.152
4,6641,2.383
4,6642,2.458
4,6643,2.062
4,6644,1.794
4,6645,2.458
4,6646,3.463
4,6647,3.784
4,6648,3.789
4,6649,3.308
4,6650,3.240
4,6651,3.543
4,6652,3.485
4,6653,3.235
4,6654,2.706
4,6655,2.965
4,6656,2.818
4,6657,2.420
4,6658,2.334
4,6659,2.534
4,6660,2.343
4,6661,2.244
4,6662,2.808
4,6663,2.245
4,6664,3.094
4,6665,2.384
4,6666,2.012
4,6667,2.711
4,6668,2.790
4,6669,2.477
4,6670,2.469
4,6671,2.631
4,6672,2.153
4,6673,2.002
4,6674,2.142
4,6675,2.234
4,6676,2.104
4,6677,1.770
4,6678,1.863
4,6679,1.967
4,6680,2.283
4,6681,1.948
4,6682,1.911
4,6683,4.997
4,6684,3.228
4,6685,2.868
4,6686,4.625
4,6687,3.963
4,6688,3.707
4,6689,3.241
4,6690,2.728
4,6691,3.980
4,6692,3.753
4,6693,2.156
4,6694,1.494
4,6695,2.183
4,6696,1.774
4,6697,1.791
4,6698,2.834
4,6699,1.972
4,6700,1.821
4,6701,1.923
4,6702,2.581
4,6703,1.732
4,6704,1.455
4,6705,1.594
4,6706,2.185
4,6707,2.172
4,6708,1.921
4,6709,2.001
4,6710,2.221
4,6711,2.610
4,6712,2.823
4,6713,2.418
4,6714,2.595
4,6715,2.474
4,6716,2.215
4,6717,2.238
4,6718,2.946
4,6719,2.497
4,6720,2.772
4,6721,2.103
4,6722,1.911
4,6723,2.062
4,6724,2.240
4,6725,2.130
4,6726,3.114
4,6727,3.260
4,6728,2.248
4,6729,2.212
4,6730,2.032
4,6731,1.912
4,6732,2.627
4,6733,2.783
4,6734,2.317
4,6735,2.058
4,6736,1.804
4,6737,1.868
4,6738,1.813
4,6739,2.356
4,6740,2.361
4,6741,2.658
4,6742,2.005
4,6743,1.624
4,6744,1.496
4,6745,1.718
4,6746,1.714
4,6747,1.760
4,6748,1.677
4,6749,2.016
4,6750,2.742
4,6751,2.335
4,6752,4.484
4,6753,2.490
4,6754,2.657
4,6755,2.911
4,6756,2.646
4,6757,1.956
4,6758,1.791
4,6759,1.772
4,6760,1.823
4,6761,1.690
4,6762,1.779
4,6763,1.887
4,6764,2.017
4,6765,2.546
4,6766,1.848
4,6767,1.671
4,6768,1.788
4,6769,2.197
4,6770,3.079
4,6771,2.200
4,6772,2.105
4,6773,2.262
4,6774,2.048
4,6775,1.924
4,6776,2.079
4,6777,2.479
4,6778,2.912
4,6779,2.374
4,6780,2.695
4,6781,3.062
4,6782,2.309
4,6783,2.264
4,6784,2.079
4,6785,2.239
4,6786,2.297
4,6787,2.202
4,6788,1.983
4,6789,2.421
4,6790,2.366
4,6791,2.888
4,6792,2.492
4,6793,2.178
4,6794,2.331
4,6795,2.237
4,6796,2.802
4,6797,2.297
4,6798,2.246
4,6799,2.389
4,6800,2.338
4,6801,2.143
4,6802,2.018
4,6803,1.962
4,6804,2.581
4,6805,2.340
4,6806,2.165
4,6807,2.034
4,6808,2.073
4,6809,2.065
4,6810,2.000
4,6811,2.199
4,6812,2.574
4,6813,2.208
4,6814,1.776
4,6815,2.262
4,6816,2.620
4,6817,2.336
4,6818,2.261
4,6819,2.268
4,6820,2.678
4,6821,1.806
4,6822,2.376
4,6823,2.041
4,6824,1.700
4,6825,1.813
4,6826,2.350
4,6827,2.308
4,6828,2.159
4,6829,2.045
4,6830,2.296
4,6831,2.131
4,6832,2.183
4,6833,1.980
4,6834,2.016
4,6835,2.026
4,6836,2.845
4,6837,2.238
4,6838,2.778
4,6839,2.560
4,6840,3.058
4,6841,2.525
4,6842,2.256
4,6843,2.787
4,6844,2.978
4,6845,1.840
4,6846,1.844
4,6847,2.418
4,6848,2.559
4,6849,2.412
4,6850,2.801
4,6851,2.141
4,6852,2.591
4,6853,2.719
4,6854,2.727
4,6855,2.616
4,6856,2.290
4,6857,3.031
4,6858,2.475
4,6859,2.294
4,6860,2.945
4,6861,2.265
4,6862,2.114
4,6863,2.553
4,6864,3.210
4,6865,2.660
4,6866,3.008
4,6867,2.347
4,6868,2.595
4,6869,2.288
4,6870,2.075
4,6871,2.798
4,6872,2.707
4,6873,2.148
4,6874,2.331
4,6875,2.208
4,6876,2.133
4,6877,2.176
4,6878,2.089
4,6879,3.896
4,6880,2.429
4,6881,1.756
4,6882,1.738
4,6883,2.036
4,6884,2.423
4,6885,1.860
4,6886,2.743
4,6887,2.371
4,6888,1.733
4,6889,1.791
4,6890,1.588
4,6891,1.499
4,6892,1.473
4,6893,1.668
4,6894,2.501
4,6895,2.546
4,6896,2.938
4,6897,2.467
4,6898,2.338
4,6899,2.552
4,6900,2.409
4,6901,3.288
4,6902,2.536
4,6903,2.564
4,6904,2.315
4,6905,2.099
4,6906,2.631
4,6907,2.643
4,6908,2.121
4,6909,2.088
4,6910,2.196
4,6911,2.645
4,6912,1.944
4,6913,2.262
4,6914,2.239
4,6915,2.255
4,6916,2.291
4,6917,2.058
4,6918,2.556
4,6919,3.650
4,6920,2.886
4,6921,2.735
4,6922,2.399
4,6923,2.368
4,6924,2.532
4,6925,2.167
4,6926,3.069
4,6927,3.153
4,6928,2.474
4,6929,4.631
4,6930,2.562
4,6931,2.360
4,6932,2.683
4,6933,2.442
4,6934,2.531
4,6935,2.136
4,6936,2.435
4,6937,2.420
4,6938,2.509
4,6939,2.760
4,6940,2.349
4,6941,2.423
4,6942,2.601
4,6943,2.445
4,6944,2.550
4,6945,2.937
4,6946,3.222
4,6947,2.383
4,6948,2.406
4,6949,2.459
4,6950,3.373
4,6951,4.221
4,6952,4.459
4,6953,3.527
4,6954,4.245
4,6955,3.625
4,6956,4.358
4,6957,3.284
4,6958,3.054
4,6959,5.464
4,6960,3.645
4,6961,2.764
4,6962,2.921
4,6963,3.044
4,6964,2.700
4,6965,2.655
4,6966,2.976
4,6967,2.527
4,6968,3.109
4,6969,2.987
4,6970,3.036
4,6971,2.735
4,6972,2.840
4,6973,2.881
4,6974,3.327
4,6975,2.935
4,6976,2.688
4,6977,3.572
4,6978,2.748
4,6979,2.783
4,6980,3.633
4,6981,2.534
4,6982,2.930
4,6983,2.758
4,6984,2.021
4,6985,1.907
4,6986,2.487
4,6987,2.710
4,6988,2.257
4,6989,2.071
4,6990,1.880
4,6991,2.063
4,6992,2.506
4,6993,2.388
4,6994,2.305
4,6995,3.436
4,6996,3.336
4,6997,2.660
4,6998,2.526
4,6999,2.536
4,7000,2.658
4,7001,2.841
4,7002,2.729
4,7003,2.853
4,7004,2.966
4,7005,2.749
4,7006,3.096
4,7007,2.825
4,7008,2.232
4,7009,2.396
4,7010,2.535
4,7011,2.552
4,7012,2.340
4,7013,2.095
4,7014,2.244
4,7015,2.395
4,7016,2.015
4,7017,1.809
4,7018,1.934
4,7019,1.989
4,7020,2.031
4,7021,2.059
4,7022,2.304
4,7023,2.458
4,7024,2.351
4,7025,2.384
4,7026,2.010
4,7027,1.788
4,7028,2.061
4,7029,2.066
4,7030,1.873
4,7031,2.158
4,7032,2.121
4,7033,2.101
4,7034,2.040
4,7035,2.220
4,7036,2.056
4,7037,1.883
4,7038,2.036
4,7039,2.671
4,7040,3.104
4,7041,2.410
4,7042,2.130
4,7043,2.015
4,7044,2.064
4,7045,1.860
4,7046,1.840
4,7047,2.139
4,7048,2.789
4,7049,1.926
4,7050,1.726
4,7051,2.012
4,7052,1.995
4,7053,2.064
4,7054,1.857
4,7055,2.337
4,7056,2.821
4,7057,2.633
4,7058,2.543
4,7059,2.733
4,7060,2.525
4,7061,3.506
4,7062,2.626
4,7063,2.119
4,7064,2.039
4,7065,2.187
4,7066,1.979
4,7067,2.316
4,7068,2.700
4,7069,2.427
4,7070,2.781
4,7071,2.111
4,7072,1.960
4,7073,2.002
4,7074,2.763
4,7075,2.035
4,7076,2.239
4,7077,2.114
4,7078,2.416
4,7079,2.045
4,7080,1.795
4,7081,2.760
4,7082,3.117
4,7083,2.612
4,7084,2.482
4,7085,2.349
4,7086,2.331
4,7087,2.413
4,7088,2.279
4,7089,2.574
4,7090,2.583
4,7091,2.281
4,7092,2.670
4,7093,2.399
4,7094,2.474
4,7095,2.490
4,7096,2.065
4,7097,2.251
4,7098,2.518
4,7099,2.814
4,7100,3.791
4,7101,2.656
4,7102,3.003
4,7103,2.449
4,7104,2.490
4,7105,3.197
4,7106,2.243
4,7107,1.736
4,7108,1.911
4,7109,2.007
4,7110,2.132
4,7111,2.065
4,7112,1.903
4,7113,2.821
4,7114,2.328
4,7115,2.172
4,7116,1.809
4,7117,1.833
4,7118,2.096
4,7119,2.235
4,7120,3.203
4,7121,3.067
4,7122,2.695
4,7123,3.333
4,7124,2.548
4,7125,3.491
4,7126,2.501
4,7127,2.266
4,7128,1.900
4,7129,1.920
4,7130,2.035
4,7131,2.431
4,7132,2.402
4,7133,1.875
4,7134,1.690
4,7135,1.879
4,7136,2.330
4,7137,1.903
4,7138,1.983
4,7139,2.254
4,7140,2.130
4,7141,2.429
4,7142,2.395
4,7143,2.183
4,7144,2.645
4,7145,2.651
4,7146,4.297
4,7147,3.489
4,7148,2.694
4,7149,2.932
4,7150,3.782
4,7151,3.145
4,7152,2.390
4,7153,2.626
4,7154,2.855
4,7155,2.464
4,7156,3.251
4,7157,2.430
4,7158,2.496
4,7159,2.645
4,7160,2.246
4,7161,2.517
4,7162,3.313
4,7163,2.749
4,7164,2.573
4,7165,2.281
4,7166,2.231
4,7167,2.383
4,7168,2.975
4,7169,2.725
4,7170,2.881
4,7171,1.993
4,7172,2.296
4,7173,2.410
4,7174,2.498
4,7175,2.413
4,7176,2.168
4,7177,2.012
4,7178,2.667
4,7179,2.226
4,7180,1.824
4,7181,2.433
4,7182,2.502
4,7183,2.747
4,7184,2.490
4,7185,2.842
4,7186,2.307
4,7187,2.491
4,7188,2.172
4,7189,2.160
4,7190,2.505
4,7191,2.593
4,7192,2.805
4,7193,2.187
4,7194,2.227
4,7195,2.317
4,7196,2.918
4,7197,2.424
4,7198,2.307
4,7199,2.925
4,7200,2.205
4,7201,2.734
4,7202,2.935
4,7203,3.666
4,7204,2.487
4,7205,2.873
4,7206,2.333
4,7207,1.875
4,7208,1.545
4,7209,1.743
4,7210,1.883
4,7211,2.039
4,7212,1.907
4,7213,2.114
4,7214,3.424
4,7215,2.960
4,7216,2.501
4,7217,2.623
4,7218,2.766
4,7219,2.773
4,7220,4.017
4,7221,3.356
4,7222,4.478
4,7223,3.625
4,7224,3.611
4,7225,3.091
4,7226,2.783
4,7227,2.874
4,7228,2.738
4,7229,2.856
4,7230,2.421
4,7231,3.146
4,7232,2.261
4,7233,2.003
4,7234,2.441
4,7235,2.659
4,7236,2.690
4,7237,2.829
4,7238,2.785
4,7239,3.209
4,7240,2.857
4,7241,2.787
4,7242,2.473
4,7243,2.250
4,7244,2.156
4,7245,2.431
4,7246,1.881
4,7247,2.202
4,7248,2.243
4,7249,1.670
4,7250,1.510
4,7251,1.714
4,7252,1.730
4,7253,1.760
4,7254,1.770
4,7255,1.682
4,7256,2.161
4,7257,2.570
4,7258,2.524
4,7259,2.112
4,7260,1.670
4,7261,1.638
4,7262,1.856
4,7263,2.602
4,7264,3.343
4,7265,2.172
4,7266,1.828
4,7267,1.776
4,7268,1.853
4,7269,1.707
4,7270,1.548
4,7271,2.177
4,7272,2.559
4,7273,2.091
4,7274,1.946
4,7275,1.874
4,7276,1.827
4,7277,1.918
4,7278,1.874
4,7279,2.555
4,7280,2.621
4,7281,2.104
4,7282,2.646
4,7283,2.060
4,7284,1.692
4,7285,1.938
4,7286,2.940
4,7287,2.032
4,7288,2.434
4,7289,1.910
4,7290,1.685
4,7291,1.778
4,7292,1.944
4,7293,1.732
4,7294,1.705
4,7295,1.918
4,7296,2.157
4,7297,2.379
4,7298,2.122
4,7299,2.416
4,7300,2.337
4,7301,2.752
4,7302,2.046
4,7303,1.627
4,7304,1.742
4,7305,2.439
4,7306,2.146
4,7307,1.824
4,7308,2.205
4,7309,2.341
4,7310,2.413
4,7311,2.142
4,7312,1.941
4,7313,2.345
4,7314,2.115
4,7315,2.040
4,7316,2.890
4,7317,2.178
4,7318,2.288
4,7319,2.056
4,7320,1.904
4,7321,2.213
4,7322,1.810
4,7323,1.793
4,7324,2.280
4,7325,1.955
4,7326,1.576
4,7327,1.478
4,7328,1.934
4,7329,2.001
4,7330,2.303
4,7331,1.963
4,7332,2.310
4,7333,1.918
4,7334,2.239
4,7335,2.135
4,7336,1.818
4,7337,1.662
4,7338,1.761
4,7339,2.636
4,7340,2.063
4,7341,1.723
4,7342,1.883
4,7343,1.769
4,7344,1.805
4,7345,1.941
4,7346,1.945
4,7347,1.901
4,7348,2.195
4,7349,2.018
4,7350,1.789
4,7351,1.566
4,7352,1.515
4,7353,1.823
4,7354,1.849
4,7355,1.848
4,7356,2.998
4,7357,2.988
4,7358,2.083
4,7359,3.131
4,7360,2.381
4,7361,1.992
4,7362,2.521
4,7363,2.597
4,7364,2.892
4,7365,2.516
4,7366,2.466
4,7367,2.760
4,7368,2.815
4,7369,2.553
4,7370,2.777
4,7371,3.058
4,7372,1.883
4,7373,1.886
4,7374,2.349
4,7375,2.933
4,7376,2.492
4,7377,2.079
4,7378,1.986
4,7379,2.567
4,7380,1.827
4,7381,2.419
4,7382,2.031
4,7383,1.675
4,7384,1.640
4,7385,1.681
4,7386,1.565
4,7387,1.435
4,7388,2.343
4,7389,2.221
4,7390,2.085
4,7391,1.557
4,7392,1.455
4,7393,1.693
4,7394,1.614
4,7395,1.595
4,7396,1.635
4,7397,1.590
4,7398,1.867
4,7399,1.725
4,7400,1.722
4,7401,1.875
4,7402,1.906
4,7403,1.738
4,7404,1.518
4,7405,1.715
4,7406,1.712
4,7407,2.378
4,7408,2.460
4,7409,1.864
4,7410,1.618
4,7411,1.664
4,7412,1.860
4,7413,1.736
4,7414,1.481
4,7415,1.405
4,7416,2.269
4,7417,1.976
4,7418,2.678
4,7419,2.233
4,7420,2.102
4,7421,1.880
4,7422,1.710
4,7423,2.400
4,7424,1.979
4,7425,1.616
4,7426,1.806
4,7427,2.150
4,7428,1.707
4,7429,1.783
4,7430,1.786
4,7431,2.064
4,7432,2.071
4,7433,2.511
4,7434,1.973
4,7435,1.698
4,7436,1.930
4,7437,1.735
4,7438,1.800
4,7439,1.764
4,7440,1.787
4,7441,1.803
4,7442,1.755
4,7443,1.879
4,7444,1.783
4,7445,4.148
4,7446,3.751
4,7447,3.757
4,7448,3.819
4,7449,3.890
4,7450,3.947
4,7451,3.336
4,7452,3.420
4,7453,2.965
4,7454,3.114
4,7455,3.525
4,7456,5.496
4,7457,4.553
4,7458,2.935
4,7459,3.149
4,7460,3.855
4,7461,2.525
4,7462,2.573
4,7463,2.313
4,7464,2.386
4,7465,3.302
4,7466,2.494
4,7467,2.630
4,7468,3.021
4,7469,2.417
4,7470,2.361
4,7471,3.078
4,7472,3.083
4,7473,2.385
4,7474,2.417
4,7475,2.620
4,7476,2.531
4,7477,2.346
4,7478,2.459
4,7479,2.274
4,7480,2.097
4,7481,2.229
4,7482,2.186
4,7483,2.110
4,7484,2.974
4,7485,2.413
4,7486,2.211
4,7487,2.394
4,7488,2.455
4,7489,2.108
4,7490,2.351
4,7491,2.994
4,7492,2.767
4,7493,2.437
4,7494,2.257
4,7495,2.556
4,7496,2.617
4,7497,2.923
4,7498,3.038
4,7499,2.488
4,7500,2.449
4,7501,2.258
4,7502,2.478
4,7503,3.541
4,7504,3.577
4,7505,2.903
4,7506,2.552
4,7507,3.229
4,7508,3.507
4,7509,2.482
4,7510,2.678
4,7511,2.690
4,7512,2.463
4,7513,2.613
4,7514,2.418
4,7515,2.317
4,7516,2.338
4,7517,2.205
4,7518,2.990
4,7519,2.372
4,7520,2.602
4,7521,2.678
4,7522,2.573
4,7523,2.277
4,7524,2.471
4,7525,2.865
4,7526,3.883
4,7527,2.417
4,7528,2.441
4,7529,2.583
4,7530,2.268
4,7531,2.118
4,7532,3.578
4,7533,2.217
4,7534,2.147
4,7535,2.255
4,7536,1.994
4,7537,2.168
4,7538,2.356
4,7539,2.605
4,7540,2.789
4,7541,2.360
4,7542,2.207
4,7543,2.103
4,7544,2.302
4,7545,2.769
4,7546,2.910
4,7547,2.892
4,7548,2.519
4,7549,2.418
4,7550,2.016
4,7551,1.914
4,7552,2.804
4,7553,2.293
4,7554,2.785
4,7555,2.891
4,7556,2.383
4,7557,2.657
4,7558,2.428
4,7559,1.840
4,7560,2.468
4,7561,2.795
4,7562,2.507
4,7563,2.467
4,7564,2.511
4,7565,2.307
4,7566,2.816
4,7567,2.164
4,7568,2.193
4,7569,2.319
4,7570,2.530
4,7571,2.615
4,7572,2.937
4,7573,3.033
4,7574,2.890
4,7575,2.999
4,7576,2.552
4,7577,2.378
4,7578,2.182
4,7579,2.532
4,7580,2.131
4,7581,2.249
4,7582,2.986
4,7583,2.263
4,7584,1.820
4,7585,1.965
4,7586,2.171
4,7587,1.708
4,7588,1.816
4,7589,2.116
4,7590,2.324
4,7591,2.026
4,7592,2.401
4,7593,2.286
4,7594,2.207
4,7595,2.541
4,7596,2.352
4,7597,2.724
4,7598,3.019
4,7599,2.627
4,7600,2.416
4,7601,1.887
4,7602,1.757
4,7603,2.200
4,7604,2.980
4,7605,2.338
4,7606,2.181
4,7607,1.719
4,7608,2.213
4,7609,1.756
4,7610,2.560
4,7611,2.669
4,7612,2.045
4,7613,2.177
4,7614,1.573
4,7615,1.446
4,7616,1.589
4,7617,1.706
4,7618,1.971
4,7619,1.779
4,7620,1.547
4,7621,1.619
4,7622,1.601
4,7623,1.788
4,7624,1.783
4,7625,1.907
4,7626,1.593
4,7627,1.447
4,7628,1.898
4,7629,1.979
4,7630,1.907
4,7631,1.808
4,7632,1.728
4,7633,2.114
4,7634,1.675
4,7635,2.086
4,7636,2.058
4,7637,2.051
4,7638,1.780
4,7639,1.844
4,7640,2.185
4,7641,1.882
4,7642,1.758
4,7643,1.539
4,7644,1.617
4,7645,1.730
4,7646,2.091
4,7647,1.826
4,7648,1.654
4,7649,1.467
4,7650,1.489
4,7651,1.505
4,7652,2.121
4,7653,1.595
4,7654,1.473
4,7655,2.278
4,7656,2.572
4,7657,2.350
4,7658,2.425
4,7659,2.269
4,7660,2.446
4,7661,2.171
4,7662,2.014
4,7663,2.129
4,7664,1.854
4,7665,2.386
4,7666,2.310
4,7667,1.772
4,7668,1.973
4,7669,1.639
4,7670,1.842
4,7671,2.038
4,7672,1.936
4,7673,1.577
4,7674,1.519
4,7675,1.564
4,7676,1.703
4,7677,1.763
4,7678,2.016
4,7679,2.142
4,7680,2.143
4,7681,1.811
4,7682,1.683
4,7683,1.866
4,7684,1.929
4,7685,1.703
4,7686,1.663
4,7687,2.387
4,7688,2.360
4,7689,1.743
4,7690,1.672
4,7691,2.262
4,7692,1.974
4,7693,1.752
4,7694,1.643
4,7695,1.637
4,7696,2.363
4,7697,2.155
4,7698,1.933
4,7699,1.618
4,7700,1.437
4,7701,1.467
4,7702,1.705
4,7703,1.638
4,7704,1.532
4,7705,1.942
4,7706,2.249
4,7707,2.298
4,7708,2.142
4,7709,2.310
4,7710,1.959
4,7711,1.684
4,7712,2.653
4,7713,3.059
4,7714,2.983
4,7715,2.439
4,7716,2.081
4,7717,2.030
4,7718,2.508
4,7719,2.175
4,7720,2.582
4,7721,2.758
4,7722,2.069
4,7723,1.692
4,7724,1.979
4,7725,3.034
4,7726,2.624
4,7727,2.170
4,7728,2.176
4,7729,2.858
4,7730,2.523
4,7731,2.137
4,7732,2.999
4,7733,2.445
4,7734,2.482
4,7735,2.058
4,7736,2.127
4,7737,1.759
4,7738,1.834
4,7739,2.517
4,7740,2.151
4,7741,1.585
4,7742,1.643
4,7743,1.646
4,7744,1.770
4,7745,1.801
4,7746,1.601
4,7747,1.570
4,7748,1.938
4,7749,1.782
4,7750,1.802
4,7751,1.593
4,7752,1.411
4,7753,1.515
4,7754,1.676
4,7755,2.051
4,7756,2.039
4,7757,2.095
4,7758,2.128
4,7759,1.800
4,7760,1.685
4,7761,2.122
4,7762,1.742
4,7763,1.576
4,7764,1.788
4,7765,1.631
4,7766,2.765
4,7767,1.884
4,7768,1.459
4,7769,1.551
4,7770,1.555
4,7771,1.534
4,7772,1.663
4,7773,1.577
4,7774,2.104
4,7775,2.154
4,7776,1.858
4,7777,1.852
4,7778,1.676
4,7779,1.628
4,7780,1.479
4,7781,1.715
4,7782,2.274
4,7783,3.234
4,7784,2.248
4,7785,1.945
4,7786,1.770
4,7787,2.274
4,7788,1.943
4,7789,1.706
4,7790,1.757
4,7791,2.786
4,7792,2.184
4,7793,2.024
4,7794,2.170
4,7795,2.185
4,7796,2.334
4,7797,2.287
4,7798,2.197
4,7799,2.277
4,7800,1.966
4,7801,1.940
4,7802,1.668
4,7803,1.423
4,7804,1.456
4,7805,1.647
4,7806,1.769
4,7807,1.826
4,7808,1.987
4,7809,2.277
4,7810,1.652
4,7811,1.530
4,7812,1.669
4,7813,2.154
4,7814,1.681
4,7815,1.716
4,7816,1.825
4,7817,1.807
4,7818,1.770
4,7819,1.850
4,7820,1.703
4,7821,1.672
4,7822,1.549
4,7823,1.698
4,7824,2.969
4,7825,1.920
4,7826,1.508
4,7827,1.610
4,7828,1.858
4,7829,2.575
4,7830,1.952
4,7831,1.994
4,7832,1.846
4,7833,1.652
4,7834,1.745
4,7835,1.879
4,7836,1.798
4,7837,1.595
4,7838,1.940
4,7839,1.872
4,7840,2.734
4,7841,2.511
4,7842,2.206
4,7843,2.013
4,7844,2.858
4,7845,2.356
4,7846,2.040
4,7847,1.745
4,7848,2.012
4,7849,1.816
4,7850,1.468
4,7851,1.414
4,7852,1.622
4,7853,1.575
4,7854,1.543
4,7855,1.609
4,7856,1.952
4,7857,1.639
4,7858,1.584
4,7859,1.638
4,7860,1.777
4,7861,1.925
4,7862,1.796
4,7863,1.592
4,7864,1.692
4,7865,1.893
4,7866,2.981
4,7867,2.288
4,7868,2.092
4,7869,1.986
4,7870,2.007
4,7871,2.255
4,7872,2.017
4,7873,1.973
4,7874,2.536
4,7875,2.184
4,7876,2.051
4,7877,2.003
4,7878,2.055
4,7879,2.411
4,7880,2.651
4,7881,2.376
4,7882,2.763
4,7883,2.567
4,7884,2.272
4,7885,2.129
4,7886,2.324
4,7887,1.979
4,7888,2.098
4,7889,1.797
4,7890,2.187
4,7891,1.622
4,7892,1.521
4,7893,1.664
4,7894,2.271
4,7895,1.970
4,7896,1.645
4,7897,1.765
4,7898,1.575
4,7899,1.803
4,7900,2.031
4,7901,1.649
4,7902,1.461
4,7903,2.078
4,7904,2.436
4,7905,2.264
4,7906,1.716
4,7907,1.496
4,7908,1.758
4,7909,1.945
4,7910,1.769
4,7911,2.388
4,7912,2.126
4,7913,1.740
4,7914,1.619
4,7915,2.179
4,7916,1.824
4,7917,1.579
4,7918,1.737
4,7919,1.811
4,7920,1.931
4,7921,1.951
4,7922,2.198
4,7923,3.488
4,7924,2.210
4,7925,2.165
4,7926,2.049
4,7927,1.627
4,7928,1.614
4,7929,1.730
4,7930,1.753
4,7931,1.586
4,7932,1.473
4,7933,1.610
4,7934,1.845
4,7935,1.821
4,7936,2.232
4,7937,1.946
4,7938,1.831
4,7939,1.819
4,7940,1.886
4,7941,2.763
4,7942,3.807
4,7943,2.490
4,7944,2.084
4,7945,1.505
4,7946,1.465
4,7947,1.491
4,7948,1.442
4,7949,1.449
4,7950,1.439
4,7951,1.978
4,7952,1.921
4,7953,1.560
4,7954,1.468
4,7955,1.976
4,7956,1.714
4,7957,1.696
4,7958,1.526
4,7959,1.618
4,7960,1.594
4,7961,2.021
4,7962,2.006
4,7963,2.052
4,7964,1.874
4,7965,1.888
4,7966,1.761
4,7967,1.954
4,7968,2.240
4,7969,2.041
4,7970,1.959
4,7971,2.008
4,7972,1.766
4,7973,1.757
4,7974,2.289
4,7975,1.711
4,7976,1.540
4,7977,1.753
4,7978,2.229
4,7979,1.803
4,7980,1.448
4,7981,1.472
4,7982,1.725
4,7983,1.828
4,7984,1.994
4,7985,1.696
4,7986,1.996
4,7987,1.972
4,7988,1.819
4,7989,1.907
4,7990,2.033
4,7991,1.744
4,7992,1.684
4,7993,2.236
4,7994,2.943
4,7995,2.512
4,7996,2.359
4,7997,2.306
4,7998,2.150
4,7999,2.075
4,8000,1.717
4,8001,1.874
4,8002,1.955
4,8003,2.134
4,8004,1.868
4,8005,1.522
4,8006,1.648
4,8007,1.775
4,8008,1.614
4,8009,1.668
4,8010,2.013
4,8011,2.282
4,8012,1.905
4,8013,1.720
4,8014,2.105
4,8015,2.030
4,8016,1.649
4,8017,1.570
4,8018,2.237
4,8019,2.310
4,8020,3.037
4,8021,2.289
4,8022,1.923
4,8023,1.896
4,8024,2.254
4,8025,2.403
4,8026,2.415
4,8027,2.235
4,8028,2.620
4,8029,1.906
4,8030,2.037
4,8031,2.247
4,8032,3.239
4,8033,2.324
4,8034,1.748
4,8035,1.615
4,8036,3.042
4,8037,2.253
4,8038,2.191
4,8039,2.157
4,8040,2.104
4,8041,1.740
4,8042,2.425
4,8043,1.846
4,8044,1.882
4,8045,1.665
4,8046,1.808
4,8047,2.202
4,8048,1.752
4,8049,1.743
4,8050,1.823
4,8051,1.682
4,8052,1.825
4,8053,1.859
4,8054,2.050
4,8055,2.128
4,8056,2.796
4,8057,2.436
4,8058,1.877
4,8059,1.797
4,8060,2.297
4,8061,2.131
4,8062,2.683
4,8063,2.411
4,8064,2.205
4,8065,2.149
4,8066,2.737
4,8067,2.108
4,8068,2.035
4,8069,2.396
4,8070,2.634
4,8071,2.084
4,8072,2.591
4,8073,2.517
4,8074,2.512
4,8075,2.416
4,8076,3.101
4,8077,3.371
4,8078,2.400
4,8079,2.027
4,8080,2.255
4,8081,2.632
4,8082,2.568
4,8083,2.359
4,8084,2.481
4,8085,2.407
4,8086,2.768
4,8087,2.266
4,8088,3.107
4,8089,2.420
4,8090,2.269
4,8091,2.584
4,8092,2.405
4,8093,2.345
4,8094,2.636
4,8095,2.527
4,8096,2.538
4,8097,2.628
4,8098,3.301
4,8099,2.517
4,8100,2.791
4,8101,2.683
4,8102,2.868
4,8103,2.576
4,8104,3.077
4,8105,4.224
4,8106,3.012
4,8107,2.597
4,8108,2.855
4,8109,2.428
4,8110,2.776
4,8111,3.655
4,8112,2.870
4,8113,3.071
4,8114,2.914
4,8115,2.850
4,8116,2.969
4,8117,3.395
4,8118,3.744
4,8119,2.833
4,8120,2.894
4,8121,3.369
4,8122,3.189
4,8123,2.718
4,8124,2.813
4,8125,2.880
4,8126,3.324
4,8127,4.019
4,8128,3.414
4,8129,2.904
4,8130,2.987
4,8131,3.337
4,8132,2.866
4,8133,2.993
4,8134,3.393
4,8135,3.202
4,8136,3.233
4,8137,4.222
4,8138,3.618
4,8139,4.313
4,8140,3.750
4,8141,3.367
4,8142,3.447
4,8143,3.245
4,8144,4.185
4,8145,3.466
4,8146,3.687
4,8147,4.093
4,8148,4.146
4,8149,4.031
4,8150,4.445
4,8151,3.470
4,8152,4.728
4,8153,2.715
4,8154,2.829
4,8155,2.445
4,8156,2.923
4,8157,2.618
4,8158,3.135
4,8159,3.337
4,8160,3.319
4,8161,3.019
4,8162,2.752
4,8163,2.832
4,8164,2.543
4,8165,2.619
4,8166,3.422
4,8167,3.756
4,8168,3.141
4,8169,2.683
4,8170,2.635
4,8171,2.221
4,8172,2.603
4,8173,2.570
4,8174,2.467
4,8175,2.943
4,8176,2.258
4,8177,2.013
4,8178,4.411
4,8179,2.667
4,8180,2.869
4,8181,2.465
4,8182,1.995
4,8183,2.114
4,8184,2.056
4,8185,2.458
4,8186,2.198
4,8187,3.435
4,8188,2.433
4,8189,2.162
4,8190,1.610
4,8191,1.546
4,8192,1.592
4,8193,1.729
4,8194,1.773
4,8195,2.373
4,8196,2.772
4,8197,2.306
4,8198,2.308
4,8199,2.510
4,8200,2.110
4,8201,1.766
4,8202,2.022
4,8203,1.987
4,8204,2.104
4,8205,1.636
4,8206,1.615
4,8207,1.708
4,8208,1.703
4,8209,1.918
4,8210,1.891
4,8211,2.449
4,8212,2.152
4,8213,3.036
4,8214,2.202
4,8215,1.661
4,8216,1.674
4,8217,1.691
4,8218,2.115
4,8219,2.172
4,8220,2.014
4,8221,1.817
4,8222,2.292
4,8223,2.325
4,8224,2.224
4,8225,1.998
4,8226,2.491
4,8227,2.333
4,8228,2.278
4,8229,2.341
4,8230,2.410
4,8231,2.136
4,8232,2.755
4,8233,2.314
4,8234,2.019
4,8235,2.115
4,8236,2.222
4,8237,2.055
4,8238,2.335
4,8239,2.251
4,8240,2.263
4,8241,2.327
4,8242,2.200
4,8243,1.923
4,8244,1.962
4,8245,2.090
4,8246,2.825
4,8247,2.195
4,8248,2.275
4,8249,2.178
4,8250,2.186
4,8251,2.391
4,8252,2.235
4,8253,2.634
4,8254,3.419
4,8255,2.522
4,8256,2.537
4,8257,2.666
4,8258,2.450
4,8259,2.437
4,8260,2.455
4,8261,2.759
4,8262,2.582
4,8263,2.079
4,8264,2.170
4,8265,2.391
4,8266,3.161
4,8267,2.614
4,8268,2.479
4,8269,2.269
4,8270,2.451
4,8271,2.274
4,8272,2.755
4,8273,2.532
4,8274,2.807
4,8275,2.857
4,8276,2.368
4,8277,2.368
4,8278,2.732
4,8279,2.353
4,8280,2.223
4,8281,2.379
4,8282,2.701
4,8283,2.244
4,8284,2.076
4,8285,3.051
4,8286,2.434
4,8287,2.337
4,8288,2.195
4,8289,2.641
4,8290,2.745
4,8291,2.631
4,8292,2.587
4,8293,2.573
4,8294,2.896
4,8295,2.554
4,8296,3.047
4,8297,2.628
4,8298,2.197
4,8299,2.165
4,8300,2.181
4,8301,2.156
4,8302,2.228
4,8303,2.176
4,8304,2.960
4,8305,2.186
4,8306,2.265
4,8307,2.366
4,8308,2.055
4,8309,2.227
4,8310,2.877
4,8311,2.672
4,8312,2.436
4,8313,2.375
4,8314,2.608
4,8315,2.431
4,8316,2.440
4,8317,2.229
4,8318,2.757
4,8319,2.125
4,8320,1.866
4,8321,2.122
4,8322,2.209
4,8323,2.601
4,8324,2.656
4,8325,2.358
4,8326,2.580
4,8327,2.494
4,8328,2.198
4,8329,2.066
4,8330,3.481
4,8331,2.308
4,8332,2.437
4,8333,2.814
4,8334,2.216
4,8335,2.815
4,8336,2.684
4,8337,2.261
4,8338,2.300
4,8339,2.301
4,8340,2.260
4,8341,2.229
4,8342,2.166
4,8343,2.626
4,8344,2.406
4,8345,2.100
4,8346,2.009
4,8347,2.873
4,8348,2.670
4,8349,2.568
4,8350,2.379
4,8351,2.204
4,8352,2.338
4,8353,2.323
4,8354,2.185
4,8355,2.236
4,8356,3.586
4,8357,2.201
4,8358,2.253
4,8359,2.263
4,8360,2.170
4,8361,2.154
4,8362,2.236
4,8363,2.523
4,8364,2.432
4,8365,2.184
4,8366,1.869
4,8367,2.055
4,8368,2.237
4,8369,2.193
4,8370,2.278
4,8371,2.599
4,8372,2.310
4,8373,2.380
4,8374,2.411
4,8375,2.032
4,8376,2.095
4,8377,2.600
4,8378,2.867
4,8379,2.712
4,8380,2.306
4,8381,2.325
4,8382,2.227
4,8383,2.023
4,8384,1.906
4,8385,2.118
4,8386,2.255
4,8387,2.737
4,8388,1.938
4,8389,2.126
4,8390,2.282
4,8391,2.577
4,8392,2.334
4,8393,2.676
4,8394,4.431
4,8395,2.406
4,8396,3.565
4,8397,2.887
4,8398,2.610
4,8399,2.376
4,8400,2.606
4,8401,2.695
4,8402,2.479
4,8403,2.125
4,8404,2.303
4,8405,2.580
4,8406,2.282
4,8407,2.899
4,8408,2.632
4,8409,2.518
4,8410,2.318
4,8411,2.083
4,8412,2.136
4,8413,2.333
4,8414,2.469
4,8415,2.728
4,8416,2.354
4,8417,2.118
4,8418,2.644
4,8419,2.194
4,8420,1.956
4,8421,2.362
4,8422,2.646
4,8423,1.998
4,8424,1.797
4,8425,2.087
4,8426,2.002
4,8427,2.187
4,8428,2.043
4,8429,2.325
4,8430,3.326
4,8431,2.473
4,8432,2.017
4,8433,1.859
4,8434,2.126
4,8435,2.288
4,8436,2.317
4,8437,2.373
4,8438,2.462
4,8439,2.162
4,8440,3.001
4,8441,2.122
4,8442,1.996
4,8443,3.290
4,8444,2.562
4,8445,2.763
4,8446,2.624
4,8447,2.560
4,8448,2.711
4,8449,2.579
4,8450,2.338
4,8451,2.236
4,8452,2.458
4,8453,1.951
4,8454,2.153
4,8455,2.173
4,8456,2.404
4,8457,2.577
4,8458,2.099
4,8459,1.942
4,8460,3.138
4,8461,2.198
4,8462,2.121
4,8463,2.260
4,8464,2.196
4,8465,2.100
4,8466,2.260
4,8467,2.614
4,8468,2.685
4,8469,2.568
4,8470,1.936
4,8471,1.611
4,8472,1.693
4,8473,1.685
4,8474,1.729
4,8475,1.602
4,8476,1.617
4,8477,1.826
4,8478,1.681
4,8479,3.267
4,8480,2.717
4,8481,2.101
4,8482,2.631
4,8483,2.730
4,8484,2.347
4,8485,2.100
4,8486,1.920
4,8487,1.690
4,8488,1.704
4,8489,1.711
4,8490,1.519
4,8491,1.440
4,8492,1.505
4,8493,1.574
4,8494,2.436
4,8495,1.687
4,8496,1.454
4,8497,1.502
4,8498,1.916
4,8499,2.018
4,8500,1.738
4,8501,2.388
4,8502,1.974
4,8503,3.543
4,8504,2.432
4,8505,2.037
4,8506,1.841
4,8507,1.909
4,8508,1.694
4,8509,2.074
4,8510,2.747
4,8511,2.532
4,8512,1.842
4,8513,1.730
4,8514,1.815
4,8515,1.619
4,8516,1.511
4,8517,1.529
4,8518,1.669
4,8519,2.164
4,8520,1.882
4,8521,1.906
4,8522,1.655
4,8523,1.545
4,8524,1.518
4,8525,1.600
4,8526,1.726
4,8527,1.567
4,8528,1.852
4,8529,2.904
4,8530,2.353
4,8531,2.615
4,8532,2.187
4,8533,2.099
4,8534,2.194
4,8535,2.810
4,8536,2.221
4,8537,1.933
4,8538,1.987
4,8539,2.375
4,8540,1.925
4,8541,1.655
4,8542,2.589
4,8543,2.670
4,8544,2.528
4,8545,2.129
4,8546,1.971
4,8547,2.243
4,8548,2.293
4,8549,2.211
4,8550,1.648
4,8551,1.650
4,8552,1.777
4,8553,1.714
4,8554,1.738
4,8555,2.006
4,8556,2.056
4,8557,2.455
4,8558,2.675
4,8559,2.182
4,8560,1.736
4,8561,1.538
4,8562,1.711
4,8563,1.767
4,8564,1.660
4,8565,1.961
4,8566,1.890
4,8567,1.820
4,8568,1.780
4,8569,1.830
4,8570,1.759
4,8571,1.552
4,8572,1.463
4,8573,1.695
4,8574,1.954
4,8575,2.412
4,8576,1.643
4,8577,1.538
4,8578,1.657
4,8579,1.673
4,8580,1.557
4,8581,1.619
4,8582,1.862
4,8583,1.950
4,8584,1.760
4,8585,2.031
4,8586,2.373
4,8587,1.871
4,8588,1.552
4,8589,1.574
4,8590,1.600
4,8591,1.822
4,8592,1.904
4,8593,1.949
4,8594,2.126
4,8595,1.685
4,8596,1.665
4,8597,1.966
4,8598,1.666
4,8599,1.639
4,8600,2.356
4,8601,2.173
4,8602,2.301
4,8603,2.542
4,8604,2.708
4,8605,2.130
4,8606,2.146
4,8607,2.562
4,8608,2.108
4,8609,1.970
4,8610,2.071
4,8611,2.772
4,8612,2.008
4,8613,1.982
4,8614,3.072
4,8615,2.434
4,8616,2.013
4,8617,1.784
4,8618,1.913
4,8619,2.379
4,8620,2.605
4,8621,3.100
4,8622,2.300
4,8623,2.018
4,8624,2.156
4,8625,1.962
4,8626,2.074
4,8627,2.393
4,8628,2.411
4,8629,2.147
4,8630,1.981
4,8631,2.300
4,8632,2.127
4,8633,2.582
4,8634,2.314
4,8635,3.095
4,8636,2.297
4,8637,2.087
4,8638,1.986
4,8639,1.876
4,8640,2.089
4,8641,2.822
4,8642,2.646
4,8643,3.200
4,8644,2.535
4,8645,2.628
4,8646,2.321
4,8647,2.524
4,8648,2.819
4,8649,2.444
4,8650,2.789
4,8651,2.429
4,8652,2.091
4,8653,2.758
4,8654,2.397
4,8655,2.040
4,8656,1.959
4,8657,2.289
4,8658,2.405
4,8659,1.837
4,8660,2.384
4,8661,2.461
4,8662,2.245
4,8663,2.102
4,8664,2.097
4,8665,2.072
4,8666,2.457
4,8667,2.493
4,8668,2.500
4,8669,2.588
4,8670,2.406
4,8671,2.367
4,8672,2.410
4,8673,3.367
4,8674,3.074
4,8675,2.456
4,8676,2.380
4,8677,2.657
4,8678,2.552
4,8679,2.166
4,8680,3.022
4,8681,2.627
4,8682,2.638
4,8683,2.400
4,8684,2.229
4,8685,2.633
4,8686,2.483
4,8687,2.746
4,8688,2.564
4,8689,2.283
4,8690,2.426
4,8691,2.466
4,8692,3.031
4,8693,2.547
4,8694,3.077
4,8695,2.145
4,8696,2.434
4,8697,2.354
4,8698,2.385
4,8699,2.178
4,8700,1.906
4,8701,1.851
4,8702,2.305
4,8703,2.186
4,8704,1.777
4,8705,1.771
4,8706,3.342
4,8707,3.262
4,8708,2.848
4,8709,2.733
4,8710,2.667
4,8711,2.900
4,8712,2.610
4,8713,2.690
4,8714,2.795
4,8715,2.314
4,8716,2.644
4,8717,2.547
4,8718,3.409
4,8719,2.300
4,8720,2.116
4,8721,2.482
4,8722,2.322
4,8723,2.249
4,8724,2.346
4,8725,2.018
4,8726,1.761
4,8727,1.620
4,8728,1.698
4,8729,1.806
4,8730,1.845
4,8731,1.916
4,8732,2.717
4,8733,1.970
4,8734,1.840
4,8735,1.986
4,8736,2.148
4,8737,1.995
4,8738,2.044
4,8739,1.866
4,8740,2.793
4,8741,2.676
4,8742,1.943
4,8743,1.522
4,8744,1.600
4,8745,1.858
4,8746,1.983
4,8747,1.871
4,8748,2.209
4,8749,2.032
4,8750,2.462
4,8751,1.835
4,8752,1.902
4,8753,1.738
4,8754,1.640
4,8755,2.401
4,8756,2.512
4,8757,1.822
4,8758,1.685
4,8759,2.155
4,8760,1.809
4,8761,2.172
4,8762,2.176
4,8763,2.172
4,8764,1.956
4,8765,2.024
4,8766,2.149
4,8767,1.761
4,8768,1.737
4,8769,1.637
4,8770,2.030
4,8771,2.438
4,8772,1.941
4,8773,1.760
4,8774,1.621
4,8775,1.588
4,8776,1.662
4,8777,2.148
4,8778,2.634
4,8779,2.203
4,8780,2.390
4,8781,2.363
4,8782,2.305
4,8783,2.421
4,8784,2.051
4,8785,3.019
4,8786,2.496
4,8787,1.662
4,8788,1.563
4,8789,1.699
4,8790,1.861
4,8791,1.632
4,8792,1.460
4,8793,1.847
4,8794,2.569
4,8795,2.500
4,8796,2.107
4,8797,1.823
4,8798,1.559
4,8799,1.577
4,8800,1.699
4,8801,2.127
4,8802,1.887
4,8803,1.571
4,8804,2.239
4,8805,1.759
4,8806,1.776
4,8807,1.944
4,8808,1.953
4,8809,1.715
4,8810,2.136
4,8811,2.957
4,8812,2.038
4,8813,1.982
4,8814,2.124
4,8815,2.051
4,8816,1.992
4,8817,2.067
4,8818,2.260
4,8819,2.205
4,8820,2.311
4,8821,2.561
4,8822,1.884
4,8823,1.748
4,8824,2.225
4,8825,2.305
4,8826,2.037
4,8827,2.055
4,8828,2.317
4,8829,3.210
4,8830,2.633
4,8831,2.334
4,8832,2.286
4,8833,2.222
4,8834,2.265
4,8835,1.690
4,8836,1.721
4,8837,2.041
4,8838,1.712
4,8839,2.130
4,8840,1.957
4,8841,1.677
4,8842,1.736
4,8843,1.821
4,8844,2.100
4,8845,1.729
4,8846,1.729
4,8847,1.892
4,8848,2.111
4,8849,1.857
4,8850,1.697
4,8851,1.772
4,8852,1.659
4,8853,1.681
4,8854,1.582
4,8855,1.808
4,8856,2.171
4,8857,1.817
4,8858,1.727
4,8859,2.068
4,8860,2.431
4,8861,1.773
4,8862,1.954
4,8863,2.035
4,8864,2.353
4,8865,2.674
4,8866,1.904
4,8867,1.495
4,8868,1.469
4,8869,1.754
4,8870,1.859
4,8871,1.787
4,8872,1.703
4,8873,1.872
4,8874,1.874
4,8875,1.921
4,8876,1.789
4,8877,1.917
4,8878,1.763
4,8879,1.591
4,8880,1.907
4,8881,2.188
4,8882,1.993
4,8883,1.669
4,8884,2.059
4,8885,2.028
4,8886,1.872
4,8887,2.178
4,8888,2.355
4,8889,1.800
4,8890,1.576
4,8891,1.626
4,8892,1.951
4,8893,2.244
4,8894,2.190
4,8895,2.208
4,8896,2.522
4,8897,2.213
4,8898,2.329
4,8899,2.064
4,8900,1.821
4,8901,2.314
4,8902,1.857
4,8903,1.532
4,8904,3.244
4,8905,2.746
4,8906,2.565
4,8907,2.699
4,8908,2.622
4,8909,2.842
4,8910,2.418
4,8911,1.984
4,8912,2.265
4,8913,2.348
4,8914,2.259
4,8915,2.375
4,8916,2.105
4,8917,1.940
4,8918,1.984
4,8919,1.855
4,8920,1.588
4,8921,1.479
4,8922,1.542
4,8923,4.159
4,8924,2.865
4,8925,2.066
4,8926,1.930
4,8927,1.905
4,8928,1.789
4,8929,1.800
4,8930,1.771
4,8931,1.718
4,8932,2.199
4,8933,2.622
4,8934,1.831
4,8935,1.678
4,8936,1.675
4,8937,1.576
4,8938,1.715
4,8939,1.562
4,8940,2.114
4,8941,2.733
4,8942,2.974
4,8943,2.341
4,8944,1.599
4,8945,1.425
4,8946,1.638
4,8947,1.595
4,8948,2.004
4,8949,2.249
4,8950,1.894
4,8951,2.002
4,8952,1.791
4,8953,1.798
4,8954,1.863
4,8955,1.817
4,8956,1.921
4,8957,4.442
4,8958,2.908
4,8959,2.821
4,8960,2.204
4,8961,1.999
4,8962,2.703
4,8963,2.375
4,8964,2.054
4,8965,2.316
4,8966,2.150
4,8967,2.378
4,8968,1.955
4,8969,2.338
4,8970,2.254
4,8971,2.298
4,8972,2.112
4,8973,2.329
4,8974,2.413
4,8975,2.460
4,8976,2.490
4,8977,2.932
4,8978,2.743
4,8979,2.355
4,8980,2.281
4,8981,1.931
4,8982,1.878
4,8983,2.281
4,8984,2.071
4,8985,1.736
4,8986,1.907
4,8987,1.978
4,8988,1.896
4,8989,1.629
4,8990,1.611
4,8991,1.819
4,8992,1.985
4,8993,1.843
4,8994,1.858
4,8995,1.618
4,8996,1.420
4,8997,1.529
4,8998,1.710
4,8999,1.766
4,9000,1.662
4,9001,2.691
4,9002,2.579
4,9003,1.955
4,9004,2.061
4,9005,2.018
4,9006,1.825
4,9007,1.636
4,9008,1.595
4,9009,2.254
4,9010,2.562
4,9011,1.844
4,9012,1.729
4,9013,1.705
4,9014,1.876
4,9015,2.043
4,9016,1.863
4,9017,1.941
4,9018,2.511
4,9019,2.663
4,9020,2.084
4,9021,1.782
4,9022,1.874
4,9023,1.971
4,9024,2.099
4,9025,1.991
4,9026,2.057
4,9027,1.808
4,9028,1.968
4,9029,2.003
4,9030,1.916
4,9031,1.750
4,9032,1.798
4,9033,2.731
4,9034,2.200
4,9035,1.685
4,9036,1.492
4,9037,1.850
4,9038,1.574
4,9039,1.650
4,9040,1.967
4,9041,1.892
4,9042,1.570
4,9043,1.505
4,9044,1.521
4,9045,1.687
4,9046,1.746
4,9047,1.886
4,9048,1.563
4,9049,1.758
4,9050,2.008
4,9051,1.842
4,9052,1.860
4,9053,1.935
4,9054,1.699
4,9055,1.645
4,9056,1.705
4,9057,2.474
4,9058,2.438
4,9059,1.802
4,9060,1.870
4,9061,1.759
4,9062,2.050
4,9063,2.182
4,9064,2.114
4,9065,2.035
4,9066,2.229
4,9067,2.213
4,9068,2.511
4,9069,2.012
4,9070,2.394
4,9071,2.174
4,9072,1.789
4,9073,2.378
4,9074,2.178
4,9075,1.753
4,9076,1.962
4,9077,2.102
4,9078,1.871
4,9079,1.690
4,9080,1.820
4,9081,2.358
4,9082,2.214
4,9083,1.871
4,9084,1.949
4,9085,1.692
4,9086,1.779
4,9087,1.847
4,9088,1.826
4,9089,1.832
4,9090,2.284
4,9091,2.610
4,9092,1.830
4,9093,1.488
4,9094,1.511
4,9095,1.780
4,9096,1.640
4,9097,2.014
4,9098,2.426
4,9099,2.184
4,9100,2.167
4,9101,2.008
4,9102,1.989
4,9103,1.816
4,9104,1.749
4,9105,2.373
4,9106,2.805
4,9107,2.196
4,9108,2.970
4,9109,2.168
4,9110,2.146
4,9111,2.597
4,9112,2.335
4,9113,2.208
4,9114,2.354
4,9115,2.527
4,9116,1.993
4,9117,2.134
4,9118,2.422
4,9119,3.357
4,9120,2.641
4,9121,2.434
4,9122,3.012
4,9123,2.393
4,9124,2.552
4,9125,2.454
4,9126,2.134
4,9127,2.471
4,9128,2.211
4,9129,2.244
4,9130,1.973
4,9131,2.325
4,9132,2.068
4,9133,1.819
4,9134,1.932
4,9135,1.854
4,9136,1.960
4,9137,1.870
4,9138,2.140
4,9139,1.724
4,9140,3.264
4,9141,2.251
4,9142,1.838
4,9143,1.567
4,9144,1.903
4,9145,2.074
4,9146,2.038
4,9147,1.987
4,9148,2.359
4,9149,2.351
4,9150,2.734
4,9151,2.328
4,9152,1.899
4,9153,1.661
4,9154,2.649
4,9155,2.328
4,9156,1.750
4,9157,1.934
4,9158,2.121
4,9159,1.909
4,9160,2.072
4,9161,1.826
4,9162,1.761
4,9163,1.946
4,9164,1.805
4,9165,1.704
4,9166,1.501
4,9167,1.444
4,9168,1.459
4,9169,1.681
4,9170,1.740
4,9171,1.701
4,9172,2.828
4,9173,2.913
4,9174,2.298
4,9175,2.888
4,9176,1.988
4,9177,1.567
4,9178,1.564
4,9179,2.095
4,9180,1.973
4,9181,2.427
4,9182,1.813
4,9183,2.144
4,9184,1.981
4,9185,2.103
4,9186,2.146
4,9187,1.782
4,9188,1.542
4,9189,1.732
4,9190,2.148
4,9191,2.233
4,9192,2.325
4,9193,1.789
4,9194,1.823
4,9195,2.297
4,9196,2.091
4,9197,1.905
4,9198,1.683
4,9199,2.072
4,9200,2.183
4,9201,1.823
4,9202,1.618
4,9203,2.106
4,9204,2.142
4,9205,1.732
4,9206,1.817
4,9207,1.810
4,9208,1.909
4,9209,1.917
4,9210,1.739
4,9211,2.301
4,9212,1.927
4,9213,1.777
4,9214,1.704
4,9215,1.668
4,9216,1.627
4,9217,1.695
4,9218,2.423
4,9219,1.764
4,9220,2.175
4,9221,2.456
4,9222,2.199
4,9223,2.067
4,9224,2.072
4,9225,2.056
4,9226,2.898
4,9227,2.647
4,9228,2.395
4,9229,2.255
4,9230,2.234
4,9231,2.053
4,9232,1.745
4,9233,2.402
4,9234,2.944
4,9235,2.314
4,9236,2.979
4,9237,2.723
4,9238,2.418
4,9239,2.662
4,9240,2.153
4,9241,3.140
4,9242,2.174
4,9243,2.083
4,9244,2.224
4,9245,2.273
4,9246,2.922
4,9247,3.342
4,9248,3.364
4,9249,2.816
4,9250,2.570
4,9251,2.232
4,9252,2.645
4,9253,2.767
4,9254,2.553
4,9255,2.662
4,9256,2.447
4,9257,2.389
4,9258,2.849
4,9259,2.484
4,9260,2.814
4,9261,2.643
4,9262,3.239
4,9263,2.406
4,9264,2.556
4,9265,3.045
4,9266,2.486
4,9267,2.420
4,9268,2.441
4,9269,2.719
4,9270,2.426
4,9271,2.500
4,9272,2.158
4,9273,2.531
4,9274,2.205
4,9275,2.066
4,9276,2.406
4,9277,2.732
4,9278,2.195
4,9279,2.275
4,9280,2.356
4,9281,2.310
4,9282,2.434
4,9283,2.525
4,9284,3.176
4,9285,2.916
4,9286,2.386
4,9287,2.324
4,9288,2.268
4,9289,2.237
4,9290,2.827
4,9291,2.632
4,9292,2.416
4,9293,2.724
4,9294,2.379
4,9295,2.160
4,9296,2.567
4,9297,2.450
4,9298,2.628
4,9299,2.416
4,9300,2.521
4,9301,2.578
4,9302,2.599
4,9303,2.460
4,9304,2.635
4,9305,2.967
4,9306,2.322
4,9307,2.448
4,9308,2.598
4,9309,2.438
4,9310,2.114
4,9311,1.804
4,9312,1.731
4,9313,2.815
4,9314,2.262
4,9315,2.058
4,9316,2.378
4,9317,2.345
4,9318,2.247
4,9319,2.078
4,9320,1.954
4,9321,2.580
4,9322,2.638
4,9323,2.592
4,9324,2.339
4,9325,2.475
4,9326,2.725
4,9327,2.165
4,9328,3.009
4,9329,2.304
4,9330,2.574
4,9331,2.064
4,9332,1.673
4,9333,1.555
4,9334,1.778
4,9335,1.968
4,9336,3.417
4,9337,2.678
4,9338,2.096
4,9339,1.813
4,9340,1.946
4,9341,1.704
4,9342,1.515
4,9343,1.640
4,9344,2.612
4,9345,2.016
4,9346,1.830
4,9347,1.879
4,9348,1.971
4,9349,1.837
4,9350,2.551
4,9351,3.110
4,9352,2.584
4,9353,2.193
4,9354,2.124
4,9355,1.722
4,9356,1.583
4,9357,1.856
4,9358,2.784
4,9359,2.452
4,9360,2.769
4,9361,1.918
4,9362,1.794
4,9363,1.915
4,9364,1.878
4,9365,1.908
4,9366,19.506
4,9367,2.193
4,9368,1.735
4,9369,1.930
4,9370,2.146
4,9371,2.182
4,9372,2.545
4,9373,2.337
4,9374,2.849
4,9375,2.696
4,9376,2.007
4,9377,2.078
4,9378,3.205
4,9379,2.696
4,9380,2.493
4,9381,2.320
4,9382,2.544
4,9383,2.483
4,9384,2.492
4,9385,2.365
4,9386,2.649
4,9387,2.185
4,9388,1.964
4,9389,2.613
4,9390,2.508
4,9391,2.281
4,9392,2.297
4,9393,2.274
4,9394,2.234
4,9395,2.499
4,9396,2.142
4,9397,1.926
4,9398,2.052
4,9399,1.859
4,9400,1.758
4,9401,1.569
4,9402,1.619
4,9403,1.737
4,9404,1.783
4,9405,1.653
4,9406,2.703
4,9407,2.027
4,9408,1.992
4,9409,2.090
4,9410,2.340
4,9411,1.933
4,9412,1.932
4,9413,1.860
4,9414,2.715
4,9415,2.973
4,9416,3.595
4,9417,2.911
4,9418,2.736
4,9419,2.563
4,9420,2.969
4,9421,2.057
4,9422,1.848
4,9423,1.762
4,9424,1.699
4,9425,1.655
4,9426,1.812
4,9427,2.128
4,9428,2.249
4,9429,2.078
4,9430,2.064
4,9431,1.908
4,9432,2.595
4,9433,2.305
4,9434,2.117
4,9435,2.356
4,9436,2.451
4,9437,2.251
4,9438,1.682
4,9439,1.934
4,9440,1.853
4,9441,1.804
4,9442,1.714
4,9443,1.855
4,9444,2.346
4,9445,2.364
4,9446,2.599
4,9447,2.327
4,9448,1.788
4,9449,1.801
4,9450,2.138
4,9451,2.165
4,9452,2.005
4,9453,2.020
4,9454,2.763
4,9455,2.615
4,9456,2.292
4,9457,2.973
4,9458,2.480
4,9459,2.288
4,9460,2.128
4,9461,1.980
4,9462,1.992
4,9463,2.174
4,9464,2.845
4,9465,2.398
4,9466,2.039
4,9467,1.816
4,9468,1.957
4,9469,2.611
4,9470,1.970
4,9471,2.212
4,9472,2.783
4,9473,2.414
4,9474,2.209
4,9475,2.268
4,9476,1.944
4,9477,2.581
4,9478,3.423
4,9479,2.475
4,9480,2.756
4,9481,2.787
4,9482,3.329
4,9483,3.429
4,9484,2.656
4,9485,2.167
4,9486,1.725
4,9487,1.635
4,9488,1.897
4,9489,2.013
4,9490,1.906
4,9491,2.210
4,9492,2.340
4,9493,2.053
4,9494,2.025
4,9495,2.197
4,9496,2.046
4,9497,1.802
4,9498,3.051
4,9499,2.478
4,9500,1.931
4,9501,2.187
4,9502,2.026
4,9503,2.029
4,9504,1.873
4,9505,2.793
4,9506,2.310
4,9507,3.424
4,9508,2.314
4,9509,1.940
4,9510,2.455
4,9511,2.601
4,9512,2.264
4,9513,2.341
4,9514,2.963
4,9515,2.319
4,9516,2.444
4,9517,2.646
4,9518,2.617
4,9519,2.755
4,9520,2.178
4,9521,2.849
4,9522,2.384
4,9523,2.580
4,9524,2.328
4,9525,1.981
4,9526,1.903
4,9527,2.114
4,9528,2.110
4,9529,1.947
4,9530,2.106
4,9531,2.447
4,9532,2.070
4,9533,1.865
4,9534,1.951
4,9535,1.900
4,9536,1.857
4,9537,1.985
4,9538,2.853
4,9539,2.448
4,9540,2.458
4,9541,2.956
4,9542,3.687
4,9543,2.464
4,9544,3.299
4,9545,2.570
4,9546,1.926
4,9547,1.670
4,9548,1.902
4,9549,2.221
4,9550,1.860
4,9551,1.784
4,9552,3.331
4,9553,2.176
4,9554,2.150
4,9555,2.022
4,9556,1.745
4,9557,1.847
4,9558,2.193
4,9559,2.522
4,9560,2.722
4,9561,2.453
4,9562,2.046
4,9563,2.259
4,9564,2.158
4,9565,1.902
4,9566,1.936
4,9567,2.249
4,9568,2.351
4,9569,1.712
4,9570,1.668
4,9571,1.918
4,9572,1.892
4,9573,1.964
4,9574,2.280
4,9575,2.175
4,9576,1.959
4,9577,2.517
4,9578,2.076
4,9579,1.672
4,9580,1.562
4,9581,2.147
4,9582,2.132
4,9583,1.697
4,9584,1.737
4,9585,2.117
4,9586,2.408
4,9587,2.324
4,9588,2.533
4,9589,2.792
4,9590,2.314
4,9591,2.404
4,9592,1.970
4,9593,2.001
4,9594,1.907
4,9595,1.811
4,9596,2.396
4,9597,2.477
4,9598,1.899
4,9599,1.694
4,9600,1.894
4,9601,2.124
4,9602,2.143
4,9603,1.869
4,9604,2.357
4,9605,2.145
4,9606,2.028
4,9607,2.257
4,9608,2.156
4,9609,1.862
4,9610,2.154
4,9611,2.683
4,9612,2.038
4,9613,1.884
4,9614,2.033
4,9615,1.951
4,9616,1.861
4,9617,1.878
4,9618,1.902
4,9619,2.289
4,9620,2.247
4,9621,2.335
4,9622,1.970
4,9623,1.662
4,9624,1.965
4,9625,2.021
4,9626,2.538
4,9627,3.070
4,9628,2.192
4,9629,1.871
4,9630,2.166
4,9631,1.967
4,9632,1.938
4,9633,2.469
4,9634,2.775
4,9635,2.270
4,9636,1.875
4,9637,2.103
4,9638,1.824
4,9639,4.496
4,9640,3.462
4,9641,3.246
4,9642,3.543
4,9643,3.255
4,9644,3.452
4,9645,3.110
4,9646,2.875
4,9647,3.758
4,9648,3.199
4,9649,3.171
4,9650,9.966
4,9651,6.271
4,9652,3.909
4,9653,3.317
4,9654,2.227
4,9655,2.139
4,9656,2.047
4,9657,3.479
4,9658,2.963
4,9659,2.301
4,9660,2.897
4,9661,2.669
4,9662,2.690
4,9663,2.731
4,9664,2.372
4,9665,2.766
4,9666,2.674
4,9667,3.620
4,9668,3.060
4,9669,2.064
4,9670,1.704
4,9671,1.803
4,9672,1.968
4,9673,1.912
4,9674,1.835
4,9675,2.486
4,9676,2.653
4,9677,2.231
4,9678,2.340
4,9679,1.832
4,9680,2.393
4,9681,2.079
4,9682,1.954
4,9683,2.159
4,9684,2.208
4,9685,1.975
4,9686,1.864
4,9687,2.354
4,9688,2.225
4,9689,1.764
4,9690,1.664
4,9691,2.058
4,9692,2.105
4,9693,1.765
4,9694,1.676
4,9695,1.745
4,9696,1.647
4,9697,2.394
4,9698,2.012
4,9699,2.667
4,9700,2.135
4,9701,2.458
4,9702,2.306
4,9703,1.797
4,9704,1.587
4,9705,2.175
4,9706,2.020
4,9707,2.188
4,9708,2.196
4,9709,1.878
4,9710,1.792
4,9711,1.866
4,9712,2.405
4,9713,1.815
4,9714,2.218
4,9715,2.192
4,9716,1.932
4,9717,1.698
4,9718,1.605
4,9719,1.704
4,9720,1.585
4,9721,1.736
4,9722,1.789
4,9723,2.485
4,9724,2.735
4,9725,2.662
4,9726,2.467
4,9727,2.125
4,9728,1.793
4,9729,2.003
4,9730,2.022
4,9731,1.890
4,9732,2.476
4,9733,1.913
4,9734,1.809
4,9735,1.925
4,9736,2.192
4,9737,2.995
4,9738,2.462
4,9739,2.449
4,9740,4.039
4,9741,2.462
4,9742,1.784
4,9743,2.056
4,9744,2.208
4,9745,1.913
4,9746,1.597
4,9747,1.669
4,9748,2.054
4,9749,1.695
4,9750,1.815
4,9751,2.103
4,9752,1.926
4,9753,1.788
4,9754,1.844
4,9755,1.999
4,9756,1.817
4,9757,2.711
4,9758,2.149
4,9759,2.693
4,9760,2.313
4,9761,2.147
4,9762,2.138
4,9763,1.874
4,9764,2.085
4,9765,2.175
4,9766,3.026
4,9767,2.371
4,9768,2.355
4,9769,2.093
4,9770,1.968
4,9771,1.992
4,9772,2.421
4,9773,3.155
4,9774,2.474
4,9775,2.444
4,9776,2.775
4,9777,2.543
4,9778,2.584
4,9779,2.599
4,9780,3.301
4,9781,2.654
4,9782,2.464
4,9783,2.440
4,9784,2.688
4,9785,2.583
4,9786,2.594
4,9787,2.993
4,9788,2.384
4,9789,2.683
4,9790,2.711
4,9791,2.848
4,9792,2.580
4,9793,2.341
4,9794,3.311
4,9795,2.521
4,9796,2.902
4,9797,2.797
4,9798,2.762
4,9799,3.260
4,9800,2.886
4,9801,2.579
4,9802,3.106
4,9803,2.674
4,9804,2.604
4,9805,2.611
4,9806,2.647
4,9807,2.992
4,9808,2.558
4,9809,2.669
4,9810,2.702
4,9811,2.568
4,9812,2.720
4,9813,2.782
4,9814,3.008
4,9815,2.613
4,9816,2.680
4,9817,3.012
4,9818,2.648
4,9819,2.799
4,9820,3.030
4,9821,2.662
4,9822,3.146
4,9823,2.912
4,9824,2.926
4,9825,2.507
4,9826,2.778
4,9827,2.759
4,9828,2.554
4,9829,2.638
4,9830,2.793
4,9831,2.760
4,9832,2.777
4,9833,2.807
4,9834,2.828
4,9835,3.465
4,9836,3.083
4,9837,2.738
4,9838,2.938
4,9839,3.107
4,9840,2.810
4,9841,3.072
4,9842,3.433
4,9843,3.446
4,9844,3.081
4,9845,3.430
4,9846,3.268
4,9847,3.156
4,9848,2.809
4,9849,2.852
4,9850,2.907
4,9851,3.694
4,9852,2.882
4,9853,5.843
4,9854,2.579
4,9855,2.602
4,9856,4.117
4,9857,2.538
4,9858,2.579
4,9859,2.512
4,9860,2.426
4,9861,2.546
4,9862,2.735
4,9863,2.685
4,9864,2.592
4,9865,2.267
4,9866,2.381
4,9867,2.695
4,9868,3.074
4,9869,2.775
4,9870,2.211
4,9871,2.189
4,9872,2.157
4,9873,1.957
4,9874,2.137
4,9875,2.607
4,9876,2.418
4,9877,2.581
4,9878,2.110
4,9879,1.986
4,9880,1.977
4,9881,2.243
4,9882,2.174
4,9883,2.006
4,9884,2.133
4,9885,2.410
4,9886,2.158
4,9887,2.181
4,9888,2.316
4,9889,2.899
4,9890,3.212
4,9891,2.662
4,9892,2.838
4,9893,2.089
4,9894,1.936
4,9895,2.734
4,9896,2.183
4,9897,1.888
4,9898,2.026
4,9899,2.136
4,9900,2.028
4,9901,1.738
4,9902,2.059
4,9903,2.174
4,9904,1.800
4,9905,1.666
4,9906,2.007
4,9907,1.888
4,9908,1.759
4,9909,2.020
4,9910,2.104
4,9911,2.439
4,9912,2.142
4,9913,2.394
4,9914,1.909
4,9915,1.732
4,9916,1.836
4,9917,1.787
4,9918,2.312
4,9919,2.089
4,9920,1.941
4,9921,1.863
4,9922,1.868
4,9923,2.077
4,9924,1.995
4,9925,1.682
4,9926,1.923
4,9927,3.166
4,9928,2.207
4,9929,1.785
4,9930,1.738
4,9931,1.705
4,9932,1.816
4,9933,1.928
4,9934,2.002
4,9935,1.840
4,9936,2.584
4,9937,2.070
4,9938,2.313
4,9939,1.844
4,9940,1.806
4,9941,1.907
4,9942,2.191
4,9943,2.116
4,9944,2.248
4,9945,1.672
4,9946,1.655
4,9947,1.669
4,9948,1.896
4,9949,1.903
4,9950,1.875
4,9951,1.966
4,9952,1.886
4,9953,2.053
4,9954,2.082
4,9955,2.294
4,9956,1.926
4,9957,1.728
4,9958,3.038
4,9959,2.520
4,9960,2.418
4,9961,2.878
4,9962,2.887
4,9963,2.735
4,9964,2.497
4,9965,2.199
4,9966,2.121
4,9967,1.800
4,9968,1.881
4,9969,1.723
4,9970,1.856
4,9971,2.150
4,9972,1.906
4,9973,1.750
4,9974,1.779
4,9975,1.614
4,9976,1.595
4,9977,1.938
4,9978,1.970
4,9979,1.700
4,9980,3.386
4,9981,2.576
4,9982,2.224
4,9983,2.245
4,9984,2.168
4,9985,2.126
4,9986,3.336
4,9987,2.684
4,9988,2.639
4,9989,2.787
4,9990,2.411
4,9991,2.705
4,9992,3.006
4,9993,3.093
4,9994,2.345
4,9995,2.250
4,9996,2.362
4,9997,2.756
4,9998,2.545
4,9999,2.525
4,10000,2.855
4,10001,2.574
4,10002,2.363
4,10003,2.249
4,10004,2.840
4,10005,3.069
4,10006,2.373
4,10007,2.617
4,10008,2.248
4,10009,2.146
4,10010,2.129
4,10011,2.328
4,10012,2.336
4,10013,2.606
4,10014,2.199
4,10015,2.571
4,10016,2.274
4,10017,2.455
4,10018,2.407
4,10019,2.320
4,10020,2.570
4,10021,2.723
4,10022,3.489
4,10023,3.251
4,10024,3.245
4,10025,2.481
4,10026,2.153
4,10027,2.264
4,10028,2.526
4,10029,2.629
4,10030,2.369
4,10031,2.408
4,10032,2.687
4,10033,2.441
4,10034,2.133
4,10035,2.557
4,10036,2.277
4,10037,2.157
4,10038,2.486
4,10039,2.167
4,10040,1.890
4,10041,1.988
4,10042,1.895
4,10043,2.761
4,10044,2.209
4,10045,2.519
4,10046,1.903
4,10047,1.794
4,10048,1.845
4,10049,1.717
4,10050,1.908
4,10051,1.888
4,10052,2.014
4,10053,1.565
4,10054,1.548
4,10055,1.658
4,10056,2.154
4,10057,1.874
4,10058,1.576
4,10059,2.576
4,10060,1.953
4,10061,2.166
4,10062,1.819
4,10063,1.780
4,10064,1.865
4,10065,1.837
4,10066,2.296
4,10067,2.327
4,10068,1.885
4,10069,1.770
4,10070,2.139
4,10071,2.196
4,10072,2.079
4,10073,2.331
4,10074,2.563
4,10075,2.020
4,10076,2.160
4,10077,1.787
4,10078,1.822
4,10079,1.682
4,10080,2.028
4,10081,2.221
4,10082,1.879
4,10083,2.035
4,10084,2.155
4,10085,2.007
4,10086,2.517
4,10087,2.692
4,10088,2.571
4,10089,2.712
4,10090,2.368
4,10091,2.312
4,10092,2.345
4,10093,2.012
4,10094,2.646
4,10095,2.210
4,10096,1.971
4,10097,1.802
4,10098,1.860
4,10099,1.989
4,10100,1.689
4,10101,1.518
4,10102,1.709
4,10103,2.024
4,10104,2.552
4,10105,2.127
4,10106,1.845
4,10107,1.639
4,10108,1.580
4,10109,1.741
4,10110,1.848
4,10111,1.552
4,10112,2.269
4,10113,2.852
4,10114,2.439
4,10115,2.365
4,10116,2.321
4,10117,2.175
4,10118,2.100
4,10119,3.141
4,10120,2.549
4,10121,2.253
4,10122,2.340
4,10123,2.205
4,10124,1.970
4,10125,2.108
4,10126,2.305
4,10127,2.385
4,10128,2.597
4,10129,2.015
4,10130,1.940
4,10131,2.337
4,10132,2.232
4,10133,1.846
4,10134,1.905
4,10135,1.985
4,10136,2.069
4,10137,2.048
4,10138,2.020
4,10139,1.710
4,10140,1.798
4,10141,2.767
4,10142,2.913
4,10143,2.422
4,10144,2.931
4,10145,2.833
4,10146,2.809
4,10147,2.512
4,10148,2.244
4,10149,2.229
4,10150,1.882
4,10151,1.978
4,10152,1.643
4,10153,1.812
4,10154,1.833
4,10155,1.953
4,10156,1.760
4,10157,1.871
4,10158,1.814
4,10159,1.682
4,10160,1.993
4,10161,2.535
4,10162,2.219
4,10163,2.215
4,10164,2.828
4,10165,2.058
4,10166,1.864
4,10167,1.953
4,10168,1.820
4,10169,2.454
4,10170,2.810
4,10171,1.922
4,10172,1.724
4,10173,2.115
4,10174,2.050
4,10175,1.611
4,10176,1.599
4,10177,2.087
4,10178,2.362
4,10179,2.024
4,10180,1.922
4,10181,1.925
4,10182,1.851
4,10183,1.960
4,10184,2.155
4,10185,2.555
4,10186,2.183
4,10187,2.224
4,10188,2.438
4,10189,2.075
4,10190,2.151
4,10191,1.923
4,10192,2.477
4,10193,2.363
4,10194,2.820
4,10195,2.234
4,10196,2.337
4,10197,2.168
4,10198,1.744
4,10199,2.984
4,10200,2.139
4,10201,1.791
4,10202,2.171
4,10203,1.851
4,10204,1.588
4,10205,1.670
4,10206,2.245
4,10207,2.348
4,10208,1.974
4,10209,2.039
4,10210,2.154
4,10211,2.503
4,10212,2.062
4,10213,2.445
4,10214,2.550
4,10215,2.725
4,10216,2.469
4,10217,2.151
4,10218,3.156
4,10219,2.892
4,10220,2.705
4,10221,2.127
4,10222,1.898
4,10223,1.892
4,10224,2.219
4,10225,2.099
4,10226,1.613
4,10227,2.150
4,10228,2.388
4,10229,2.098
4,10230,1.989
4,10231,2.195
4,10232,1.935
4,10233,2.278
4,10234,2.610
4,10235,2.393
4,10236,1.992
4,10237,2.175
4,10238,1.970
4,10239,1.712
4,10240,1.691
4,10241,1.934
4,10242,2.113
4,10243,3.094
4,10244,2.172
4,10245,1.731
4,10246,1.707
4,10247,1.875
4,10248,1.945
4,10249,1.595
4,10250,1.818
4,10251,3.045
4,10252,3.021
4,10253,3.286
4,10254,2.398
4,10255,2.379
4,10256,2.947
4,10257,2.434
4,10258,2.285
4,10259,2.632
4,10260,2.332
4,10261,2.453
4,10262,3.004
4,10263,3.026
4,10264,2.486
4,10265,1.982
4,10266,2.275
4,10267,2.473
4,10268,2.473
4,10269,2.892
4,10270,2.267
4,10271,1.815
4,10272,1.736
4,10273,1.781
4,10274,2.054
4,10275,1.943
4,10276,2.398
4,10277,2.660
4,10278,1.867
4,10279,1.864
4,10280,2.003
4,10281,1.827
4,10282,1.812
4,10283,2.303
4,10284,2.210
4,10285,1.950
4,10286,2.136
4,10287,2.332
4,10288,1.688
4,10289,1.553
4,10290,1.792
4,10291,1.888
4,10292,2.894
4,10293,2.369
4,10294,2.392
4,10295,2.695
4,10296,2.819
4,10297,2.619
4,10298,3.112
4,10299,3.508
4,10300,2.564
4,10301,2.453
4,10302,2.269
4,10303,2.730
4,10304,2.812
4,10305,2.270
4,10306,3.577
4,10307,2.754
4,10308,2.558
4,10309,3.710
4,10310,3.246
4,10311,2.422
4,10312,3.017
4,10313,2.720
4,10314,2.690
4,10315,3.325
4,10316,4.399
4,10317,3.300
4,10318,2.988
4,10319,3.098
4,10320,2.883
4,10321,2.508
4,10322,2.723
4,10323,2.932
4,10324,3.856
4,10325,3.638
4,10326,2.897
4,10327,2.693
4,10328,2.682
4,10329,3.231
4,10330,3.211
4,10331,2.810
4,10332,2.810
4,10333,3.488
4,10334,3.042
4,10335,3.477
4,10336,3.257
4,10337,2.973
4,10338,3.177
4,10339,3.448
4,10340,3.049
4,10341,2.479
4,10342,3.113
4,10343,2.351
4,10344,2.263
4,10345,2.914
4,10346,3.215
4,10347,2.974
4,10348,2.931
4,10349,2.704
4,10350,2.936
4,10351,2.698
4,10352,2.671
4,10353,2.538
4,10354,2.421
4,10355,2.981
4,10356,2.485
4,10357,3.528
4,10358,2.459
4,10359,2.403
4,10360,2.498
4,10361,2.515
4,10362,3.553
4,10363,2.905
4,10364,2.886
4,10365,2.587
4,10366,2.566
4,10367,2.672
4,10368,3.719
4,10369,3.002
4,10370,2.667
4,10371,2.802
4,10372,2.640
4,10373,2.330
4,10374,3.851
4,10375,2.815
4,10376,2.676
4,10377,2.732
4,10378,2.672
4,10379,2.737
4,10380,3.283
4,10381,2.773
4,10382,2.674
4,10383,2.404
4,10384,2.586
4,10385,2.779
4,10386,2.865
4,10387,2.993
4,10388,2.414
4,10389,2.449
4,10390,2.515
4,10391,2.671
4,10392,3.066
4,10393,2.964
4,10394,3.420
4,10395,2.718
4,10396,2.955
4,10397,2.727
4,10398,2.671
4,10399,2.826
4,10400,3.358
4,10401,2.713
4,10402,2.966
4,10403,3.418
4,10404,2.907
4,10405,2.878
4,10406,3.472
4,10407,3.138
4,10408,3.100
4,10409,3.135
4,10410,2.873
4,10411,2.376
4,10412,2.644
4,10413,3.853
4,10414,3.181
4,10415,3.427
4,10416,2.777
4,10417,2.885
4,10418,2.872
4,10419,2.402
4,10420,3.238
4,10421,2.444
4,10422,2.558
4,10423,2.910
4,10424,2.691
4,10425,3.103
4,10426,2.476
4,10427,2.486
4,10428,2.214
4,10429,2.160
4,10430,3.222
4,10431,2.803
4,10432,3.201
4,10433,2.561
4,10434,2.353
4,10435,2.798
4,10436,2.547
4,10437,2.070
4,10438,2.197
4,10439,2.887
4,10440,2.495
4,10441,3.069
4,10442,2.886
4,10443,2.427
4,10444,2.436
4,10445,2.322
4,10446,2.855
4,10447,2.016
4,10448,1.775
4,10449,1.860
4,10450,1.858
4,10451,1.908
4,10452,1.693
4,10453,2.207
4,10454,2.414
4,10455,2.190
4,10456,2.060
4,10457,2.776
4,10458,2.044
4,10459,2.032
4,10460,2.311
4,10461,1.911
4,10462,1.829
4,10463,2.201
4,10464,2.056
4,10465,1.909
4,10466,2.005
4,10467,1.715
4,10468,1.530
4,10469,1.610
4,10470,1.831
4,10471,1.984
4,10472,2.349
4,10473,2.048
4,10474,2.382
4,10475,2.153
4,10476,2.010
4,10477,1.848
4,10478,1.611
4,10479,1.746
4,10480,2.061
4,10481,3.325
4,10482,2.258
4,10483,2.192
4,10484,2.164
4,10485,2.513
4,10486,2.340
4,10487,2.464
4,10488,2.799
4,10489,2.625
4,10490,2.081
4,10491,1.864
4,10492,2.020
4,10493,2.282
4,10494,2.562
4,10495,2.331
4,10496,2.593
4,10497,2.136
4,10498,2.288
4,10499,2.413
4,10500,2.203
4,10501,2.297
4,10502,2.345
4,10503,1.781
4,10504,2.148
4,10505,2.375
4,10506,2.007
4,10507,2.304
4,10508,2.414
4,10509,2.125
4,10510,1.929
4,10511,2.140
4,10512,2.163
4,10513,1.577
4,10514,1.671
4,10515,1.932
4,10516,1.916
4,10517,2.215
4,10518,2.208
4,10519,1.922
4,10520,1.808
4,10521,2.630
4,10522,1.903
4,10523,1.604
4,10524,1.488
4,10525,2.418
4,10526,2.527
4,10527,2.419
4,10528,3.216
4,10529,2.545
4,10530,2.662
4,10531,3.131
4,10532,1.917
4,10533,2.011
4,10534,2.201
4,10535,1.792
4,10536,1.586
4,10537,2.164
4,10538,2.151
4,10539,2.119
4,10540,2.155
4,10541,1.895
4,10542,1.682
4,10543,1.755
4,10544,2.032
4,10545,1.926
4,10546,2.559
4,10547,2.187
4,10548,2.108
4,10549,1.980
4,10550,1.976
4,10551,2.148
4,10552,1.929
4,10553,2.126
4,10554,3.159
4,10555,2.001
4,10556,1.639
4,10557,1.860
4,10558,1.907
4,10559,1.951
4,10560,1.770
4,10561,2.060
4,10562,1.926
4,10563,2.016
4,10564,2.311
4,10565,1.935
4,10566,1.590
4,10567,1.648
4,10568,1.920
4,10569,2.212
4,10570,2.169
4,10571,2.042
4,10572,2.373
4,10573,2.094
4,10574,2.189
4,10575,2.154
4,10576,2.177
4,10577,2.666
4,10578,2.534
4,10579,2.011
4,10580,2.273
4,10581,1.991
4,10582,1.960
4,10583,2.708
4,10584,2.283
4,10585,1.735
4,10586,1.637
4,10587,1.933
4,10588,1.946
4,10589,1.805
4,10590,1.598
4,10591,1.781
4,10592,1.958
4,10593,2.036
4,10594,1.884
4,10595,1.726
4,10596,1.681
4,10597,1.765
4,10598,1.917
4,10599,1.981
4,10600,2.018
4,10601,2.197
4,10602,2.134
4,10603,2.243
4,10604,1.804
4,10605,1.824
4,10606,1.765
4,10607,1.822
4,10608,2.691
4,10609,2.721
4,10610,4.229
4,10611,2.340
4,10612,2.254
4,10613,1.829
4,10614,2.670
4,10615,2.890
4,10616,2.643
4,10617,2.352
4,10618,2.206
4,10619,2.997
4,10620,3.099
4,10621,2.826
4,10622,2.834
4,10623,2.664
4,10624,2.586
4,10625,2.539
4,10626,2.595
4,10627,2.645
4,10628,2.225
4,10629,2.657
4,10630,2.465
4,10631,2.580
4,10632,2.723
4,10633,2.315
4,10634,2.348
4,10635,2.596
4,10636,3.016
4,10637,3.070
4,10638,2.813
4,10639,2.667
4,10640,2.758
4,10641,2.667
4,10642,3.585
4,10643,3.115
4,10644,1.890
4,10645,1.954
4,10646,1.955
4,10647,1.709
4,10648,1.584
4,10649,1.720
4,10650,2.316
4,10651,2.064
4,10652,2.130
4,10653,1.762
4,10654,1.575
4,10655,1.659
4,10656,1.813
4,10657,1.870
4,10658,1.665
4,10659,2.412
4,10660,2.206
4,10661,1.963
4,10662,1.968
4,10663,2.528
4,10664,2.157
4,10665,1.840
4,10666,1.884
4,10667,3.266
4,10668,1.888
4,10669,1.971
4,10670,1.884
4,10671,1.841
4,10672,1.819
4,10673,1.883
4,10674,2.774
4,10675,3.146
4,10676,2.627
4,10677,1.945
4,10678,1.668
4,10679,2.007
4,10680,2.058
4,10681,2.136
4,10682,2.439
4,10683,2.900
4,10684,2.566
4,10685,2.657
4,10686,2.467
4,10687,2.717
4,10688,2.918
4,10689,1.994
4,10690,2.265
4,10691,1.853
4,10692,1.748
4,10693,2.304
4,10694,2.490
4,10695,1.969
4,10696,1.718
4,10697,1.875
4,10698,2.113
4,10699,2.012
4,10700,1.618
4,10701,1.969
4,10702,2.330
4,10703,2.480
4,10704,2.263
4,10705,1.744
4,10706,1.753
4,10707,1.680
4,10708,2.484
4,10709,2.473
4,10710,2.773
4,10711,2.410
4,10712,2.405
4,10713,1.979
4,10714,1.781
4,10715,1.676
4,10716,2.371
4,10717,2.628
4,10718,1.832
4,10719,1.524
4,10720,1.679
4,10721,1.739
4,10722,1.879
4,10723,1.748
4,10724,2.154
4,10725,2.599
4,10726,1.936
4,10727,1.996
4,10728,1.848
4,10729,1.599
4,10730,1.656
4,10731,1.907
4,10732,2.046
4,10733,2.816
4,10734,2.789
4,10735,2.182
4,10736,2.411
4,10737,2.156
4,10738,1.940
4,10739,2.120
4,10740,2.231
4,10741,2.011
4,10742,2.132
4,10743,1.597
4,10744,1.975
4,10745,2.271
4,10746,2.438
4,10747,2.398
4,10748,1.941
4,10749,1.807
4,10750,1.809
4,10751,2.269
4,10752,1.653
4,10753,1.507
4,10754,2.536
4,10755,2.998
4,10756,2.455
4,10757,2.469
4,10758,2.371
4,10759,2.948
4,10760,4.139
4,10761,2.782
4,10762,2.551
4,10763,2.318
4,10764,2.071
4,10765,2.568
4,10766,2.559
4,10767,2.604
4,10768,2.105
4,10769,2.005
4,10770,2.270
4,10771,2.493
4,10772,2.193
4,10773,2.961
4,10774,2.232
4,10775,2.055
4,10776,2.144
4,10777,2.037
4,10778,1.987
4,10779,2.198
4,10780,3.124
4,10781,2.740
4,10782,2.327
4,10783,2.357
4,10784,2.131
4,10785,2.000
4,10786,1.872
4,10787,2.537
4,10788,2.582
4,10789,2.452
4,10790,1.765
4,10791,1.930
4,10792,2.037
4,10793,2.661
4,10794,2.776
4,10795,2.350
4,10796,2.559
4,10797,2.945
4,10798,2.612
4,10799,2.211
4,10800,2.484
4,10801,2.470
4,10802,1.909
4,10803,2.075
4,10804,2.279
4,10805,1.950
4,10806,2.329
4,10807,2.193
4,10808,2.201
4,10809,2.113
4,10810,2.078
4,10811,1.819
4,10812,1.990
4,10813,2.377
4,10814,2.683
4,10815,3.083
4,10816,2.592
4,10817,2.624
4,10818,2.891
4,10819,2.589
4,10820,1.986
4,10821,2.565
4,10822,2.413
4,10823,2.472
4,10824,2.112
4,10825,1.940
4,10826,1.916
4,10827,2.517
4,10828,1.929
4,10829,1.649
4,10830,1.638
4,10831,1.877
4,10832,2.115
4,10833,1.842
4,10834,1.728
4,10835,1.986
4,10836,2.751
4,10837,2.217
4,10838,1.902
4,10839,1.541
4,10840,1.581
4,10841,1.861
4,10842,1.922
4,10843,1.791
4,10844,1.932
4,10845,2.588
4,10846,2.016
4,10847,1.773
4,10848,2.230
4,10849,1.818
4,10850,1.958
4,10851,2.919
4,10852,2.396
4,10853,2.292
4,10854,1.608
4,10855,1.750
4,10856,1.662
4,10857,1.867
4,10858,1.782
4,10859,2.006
4,10860,2.012
4,10861,1.869
4,10862,2.644
4,10863,1.906
4,10864,1.639
4,10865,1.488
4,10866,1.887
4,10867,2.198
4,10868,2.419
4,10869,2.762
4,10870,3.250
4,10871,2.741
4,10872,3.519
4,10873,2.955
4,10874,2.682
4,10875,2.276
4,10876,2.338
4,10877,2.234
4,10878,2.073
4,10879,2.523
4,10880,2.376
4,10881,2.102
4,10882,2.071
4,10883,2.270
4,10884,2.237
4,10885,2.071
4,10886,2.507
4,10887,2.761
4,10888,3.027
4,10889,2.707
4,10890,2.425
4,10891,2.986
4,10892,3.097
4,10893,2.879
4,10894,2.544
4,10895,2.521
4,10896,3.113
4,10897,3.209
4,10898,3.262
4,10899,2.493
4,10900,2.181
4,10901,2.530
4,10902,2.754
4,10903,2.543
4,10904,3.906
4,10905,2.557
4,10906,2.619
4,10907,2.325
4,10908,2.455
4,10909,2.844
4,10910,3.062
4,10911,2.508
4,10912,2.299
4,10913,2.314
4,10914,2.477
4,10915,2.345
4,10916,2.676
4,10917,2.949
4,10918,2.081
4,10919,2.228
4,10920,2.444
4,10921,2.513
4,10922,2.723
4,10923,2.425
4,10924,2.646
4,10925,2.572
4,10926,2.441
4,10927,2.317
4,10928,2.972
4,10929,3.651
4,10930,4.962
4,10931,3.163
4,10932,2.642
4,10933,2.329
4,10934,2.529
4,10935,2.502
4,10936,2.354
4,10937,2.467
4,10938,2.881
4,10939,2.672
4,10940,2.512
4,10941,2.208
4,10942,2.585
4,10943,2.520
4,10944,2.363
4,10945,2.943
4,10946,2.716
4,10947,3.019
4,10948,2.611
4,10949,2.278
4,10950,2.721
4,10951,2.618
4,10952,2.420
4,10953,2.414
4,10954,2.579
4,10955,2.457
4,10956,2.540
4,10957,2.207
4,10958,1.893
4,10959,2.342
4,10960,2.470
4,10961,2.098
4,10962,2.343
4,10963,11.603
4,10964,3.368
4,10965,2.721
4,10966,2.585
4,10967,2.356
4,10968,2.047
4,10969,2.177
4,10970,2.458
4,10971,2.749
4,10972,2.434
4,10973,2.028
4,10974,1.769
4,10975,1.873
4,10976,2.155
4,10977,1.927
4,10978,1.572
4,10979,1.834
4,10980,2.386
4,10981,1.936
4,10982,1.907
4,10983,2.318
4,10984,2.205
4,10985,2.168
4,10986,2.235
4,10987,3.281
4,10988,2.906
4,10989,2.172
4,10990,1.889
4,10991,1.759
4,10992,1.760
4,10993,1.721
4,10994,2.158
4,10995,2.208
4,10996,2.025
4,10997,1.832
4,10998,1.509
4,10999,1.874
4,11000,1.917
4,11001,1.754
4,11002,1.988
4,11003,2.063
4,11004,2.018
4,11005,1.854
4,11006,2.366
4,11007,1.967
4,11008,1.775
4,11009,1.706
4,11010,2.495
4,11011,2.545
4,11012,2.184
4,11013,2.235
4,11014,2.502
4,11015,2.531
4,11016,2.699
4,11017,2.719
4,11018,3.016
4,11019,2.459
4,11020,2.187
4,11021,2.947
4,11022,2.621
4,11023,3.000
4,11024,2.407
4,11025,2.330
4,11026,2.979
4,11027,2.518
4,11028,3.001
4,11029,2.820
4,11030,2.990
4,11031,2.680
4,11032,2.279
4,11033,1.884
4,11034,2.320
4,11035,2.942
4,11036,2.460
4,11037,2.552
4,11038,2.280
4,11039,1.985
4,11040,2.132
4,11041,2.281
4,11042,3.632
4,11043,3.209
4,11044,2.458
4,11045,2.778
4,11046,2.453
4,11047,2.713
4,11048,2.647
4,11049,2.483
4,11050,3.310
4,11051,2.385
4,11052,2.323
4,11053,2.485
4,11054,2.081
4,11055,1.855
4,11056,2.259
4,11057,2.666
4,11058,2.163
4,11059,2.189
4,11060,2.358
4,11061,2.605
4,11062,2.672
4,11063,2.108
4,11064,2.398
4,11065,2.375
4,11066,2.185
4,11067,3.233
4,11068,2.675
4,11069,2.917
4,11070,3.142
4,11071,2.781
4,11072,2.688
4,11073,2.391
4,11074,2.184
4,11075,2.528
4,11076,2.477
4,11077,2.712
4,11078,3.309
4,11079,4.984
4,11080,2.838
4,11081,2.134
4,11082,2.304
4,11083,2.655
4,11084,3.638
4,11085,3.264
4,11086,2.834
4,11087,2.811
4,11088,1.975
4,11089,2.122
4,11090,2.294
4,11091,2.474
4,11092,2.503
4,11093,2.772
4,11094,3.005
4,11095,2.885
4,11096,1.927
4,11097,1.572
4,11098,2.244
4,11099,1.724
4,11100,1.811
4,11101,1.622
4,11102,1.680
4,11103,2.101
4,11104,2.241
4,11105,2.090
4,11106,1.927
4,11107,2.504
4,11108,2.127
4,11109,2.301
4,11110,2.591
4,11111,3.387
4,11112,2.090
4,11113,1.818
4,11114,2.127
4,11115,1.663
4,11116,1.482
4,11117,1.500
4,11118,1.700
4,11119,2.509
4,11120,2.032
4,11121,1.546
4,11122,1.567
4,11123,1.646
4,11124,1.821
4,11125,1.722
4,11126,1.673
4,11127,1.589
4,11128,2.308
4,11129,1.856
4,11130,1.910
4,11131,1.858
4,11132,1.717
4,11133,1.659
4,11134,2.273
4,11135,2.826
4,11136,3.437
4,11137,2.605
4,11138,2.442
4,11139,2.522
4,11140,2.389
4,11141,2.730
4,11142,2.659
4,11143,2.247
4,11144,2.006
4,11145,1.998
4,11146,1.911
4,11147,1.939
4,11148,2.401
4,11149,2.509
4,11150,2.097
4,11151,2.184
4,11152,2.259
4,11153,1.989
4,11154,1.933
4,11155,2.687
4,11156,2.479
4,11157,2.997
4,11158,2.103
4,11159,1.932
4,11160,2.088
4,11161,2.193
4,11162,2.922
4,11163,2.670
4,11164,2.944
4,11165,2.558
4,11166,1.968
4,11167,1.555
4,11168,1.505
4,11169,2.403
4,11170,2.082
4,11171,1.633
4,11172,1.464
4,11173,1.997
4,11174,1.881
4,11175,1.787
4,11176,1.685
4,11177,2.535
4,11178,2.326
4,11179,1.718
4,11180,1.837
4,11181,2.100
4,11182,1.888
4,11183,1.588
4,11184,1.728
4,11185,2.304
4,11186,2.370
4,11187,2.108
4,11188,1.998
4,11189,2.046
4,11190,2.133
4,11191,2.195
4,11192,2.647
4,11193,2.193
4,11194,2.614
4,11195,1.921
4,11196,1.532
4,11197,1.610
4,11198,1.660
4,11199,1.814
4,11200,2.193
4,11201,1.927
4,11202,1.753
4,11203,1.974
4,11204,2.289
4,11205,2.728
4,11206,2.086
4,11207,2.686
4,11208,2.728
4,11209,2.430
4,11210,2.385
4,11211,2.497
4,11212,2.060
4,11213,2.467
4,11214,2.222
4,11215,2.482
4,11216,2.440
4,11217,2.354
4,11218,2.198
4,11219,2.154
4,11220,2.713
4,11221,2.029
4,11222,2.090
4,11223,2.258
4,11224,1.806
4,11225,2.053
4,11226,2.377
4,11227,2.273
4,11228,1.849
4,11229,2.064
4,11230,1.835
4,11231,1.774
4,11232,2.070
4,11233,1.953
4,11234,1.676
4,11235,1.580
4,11236,2.098
4,11237,2.136
4,11238,1.658
4,11239,1.553
4,11240,2.121
4,11241,4.484
4,11242,2.890
4,11243,3.108
4,11244,2.082
4,11245,2.199
4,11246,1.978
4,11247,2.253
4,11248,2.336
4,11249,2.401
4,11250,2.504
4,11251,2.411
4,11252,2.099
4,11253,1.978
4,11254,2.345
4,11255,2.333
4,11256,2.048
4,11257,2.419
4,11258,2.300
4,11259,1.952
4,11260,2.017
4,11261,2.541
4,11262,2.368
4,11263,2.656
4,11264,2.051
4,11265,1.791
4,11266,1.982
4,11267,2.099
4,11268,1.816
4,11269,1.654
4,11270,1.989
4,11271,2.297
4,11272,3.753
4,11273,2.617
4,11274,2.146
4,11275,2.211
4,11276,2.450
4,11277,2.322
4,11278,2.456
4,11279,2.975
4,11280,2.244
4,11281,2.186
4,11282,2.089
4,11283,1.939
4,11284,2.307
4,11285,2.475
4,11286,2.120
4,11287,2.519
4,11288,2.518
4,11289,2.035
4,11290,2.039
4,11291,3.511
4,11292,2.235
4,11293,2.795
4,11294,2.655
4,11295,2.030
4,11296,2.126
4,11297,2.289
4,11298,2.207
4,11299,2.066
4,11300,1.924
4,11301,1.857
4,11302,2.429
4,11303,1.764
4,11304,1.499
4,11305,1.777
4,11306,1.958
4,11307,1.866
4,11308,1.862
4,11309,1.622
4,11310,1.827
4,11311,1.755
4,11312,2.095
4,11313,2.143
4,11314,2.275
4,11315,1.938
4,11316,1.644
4,11317,1.945
4,11318,2.293
4,11319,1.702
4,11320,1.677
4,11321,2.714
4,11322,2.628
4,11323,2.044
4,11324,1.685
4,11325,1.499
4,11326,1.574
4,11327,1.779
4,11328,1.943
4,11329,1.539
4,11330,2.181
4,11331,2.187
4,11332,1.906
4,11333,1.977
4,11334,1.558
4,11335,1.702
4,11336,2.275
4,11337,2.408
4,11338,2.169
4,11339,2.088
4,11340,1.772
4,11341,2.017
4,11342,2.233
4,11343,2.530
4,11344,1.905
4,11345,2.172
4,11346,2.387
4,11347,2.987
4,11348,2.401
4,11349,1.979
4,11350,1.834
4,11351,1.973
4,11352,2.283
4,11353,1.737
4,11354,1.620
4,11355,2.183
4,11356,2.069
4,11357,1.804
4,11358,2.315
4,11359,2.021
4,11360,2.374
4,11361,2.167
4,11362,2.033
4,11363,2.214
4,11364,2.538
4,11365,2.341
4,11366,2.848
4,11367,3.990
4,11368,2.255
4,11369,2.091
4,11370,2.147
4,11371,1.587
4,11372,1.494
4,11373,1.674
4,11374,2.312
4,11375,2.114
4,11376,1.695
4,11377,1.710
4,11378,1.684
4,11379,1.613
4,11380,2.138
4,11381,2.011
4,11382,1.912
4,11383,1.793
4,11384,2.082
4,11385,2.067
4,11386,1.905
4,11387,1.823
4,11388,1.906
4,11389,2.299
4,11390,2.143
4,11391,2.504
4,11392,1.907
4,11393,1.690
4,11394,1.664
4,11395,1.867
4,11396,1.716
4,11397,1.574
4,11398,2.744
4,11399,1.952
4,11400,1.773
4,11401,1.866
4,11402,1.842
4,11403,1.607
4,11404,1.637
4,11405,1.621
4,11406,2.025
4,11407,2.789
4,11408,1.962
4,11409,2.112
4,11410,2.204
4,11411,2.264
4,11412,2.175
4,11413,2.249
4,11414,2.546
4,11415,3.351
4,11416,2.343
4,11417,1.965
4,11418,2.199
4,11419,2.481
4,11420,2.825
4,11421,2.379
4,11422,2.440
4,11423,2.273
4,11424,2.199
4,11425,1.849
4,11426,1.817
4,11427,2.525
4,11428,2.590
4,11429,2.386
4,11430,3.270
4,11431,2.392
4,11432,2.215
4,11433,2.630
4,11434,2.803
4,11435,2.785
4,11436,2.848
4,11437,2.690
4,11438,2.630
4,11439,2.698
4,11440,2.455
4,11441,2.134
4,11442,2.011
4,11443,2.343
4,11444,2.409
4,11445,2.399
4,11446,2.858
4,11447,2.998
4,11448,2.580
4,11449,2.756
4,11450,2.548
4,11451,4.385
4,11452,2.521
4,11453,2.528
4,11454,2.479
4,11455,2.608
4,11456,2.522
4,11457,2.730
4,11458,2.349
4,11459,2.427
4,11460,2.060
4,11461,2.192
4,11462,2.513
4,11463,2.425
4,11464,2.709
4,11465,2.313
4,11466,2.295
4,11467,2.418
4,11468,2.172
4,11469,2.312
4,11470,2.540
4,11471,2.747
4,11472,2.435
4,11473,2.625
4,11474,2.784
4,11475,3.286
4,11476,2.727
4,11477,2.395
4,11478,2.767
4,11479,2.199
4,11480,2.146
4,11481,2.521
4,11482,2.879
4,11483,2.771
4,11484,2.420
4,11485,2.755
4,11486,2.615
4,11487,2.701
4,11488,2.652
4,11489,3.045
4,11490,2.488
4,11491,2.491
4,11492,2.922
4,11493,3.052
4,11494,2.972
4,11495,2.467
4,11496,2.504
4,11497,2.583
4,11498,2.326
4,11499,3.414
4,11500,2.576
4,11501,2.469
4,11502,2.494
4,11503,2.357
4,11504,2.734
4,11505,2.967
4,11506,3.259
4,11507,2.850
4,11508,2.969
4,11509,2.971
4,11510,2.982
4,11511,3.321
4,11512,3.384
4,11513,2.692
4,11514,2.735
4,11515,3.101
4,11516,2.661
4,11517,2.307
4,11518,2.772
4,11519,2.383
4,11520,2.006
4,11521,2.164
4,11522,2.341
4,11523,2.297
4,11524,2.279
4,11525,2.328
4,11526,2.493
4,11527,2.193
4,11528,2.633
4,11529,2.586
4,11530,2.165
4,11531,2.300
4,11532,2.458
4,11533,2.553
4,11534,2.259
4,11535,3.131
4,11536,2.637
4,11537,3.086
4,11538,3.241
4,11539,3.024
4,11540,2.334
4,11541,2.438
4,11542,2.436
4,11543,2.117
4,11544,2.142
4,11545,2.385
4,11546,2.451
4,11547,2.755
4,11548,2.226
4,11549,2.637
4,11550,3.703
4,11551,3.863
4,11552,3.088
4,11553,2.032
4,11554,1.914
4,11555,1.689
4,11556,1.458
4,11557,1.512
4,11558,1.706
4,11559,2.047
4,11560,2.561
4,11561,1.913
4,11562,1.785
4,11563,1.649
4,11564,1.608
4,11565,1.570
4,11566,2.185
4,11567,1.899
4,11568,2.581
4,11569,2.393
4,11570,2.202
4,11571,1.855
4,11572,1.807
4,11573,1.780
4,11574,1.961
4,11575,3.842
4,11576,2.379
4,11577,2.307
4,11578,2.797
4,11579,1.832
4,11580,1.502
4,11581,1.500
4,11582,2.355
4,11583,2.588
4,11584,2.557
4,11585,2.482
4,11586,2.517
4,11587,2.276
4,11588,2.029
4,11589,2.370
4,11590,1.953
4,11591,1.890
4,11592,1.924
4,11593,1.663
4,11594,1.738
4,11595,2.338
4,11596,2.146
4,11597,2.586
4,11598,2.207
4,11599,2.025
4,11600,1.879
4,11601,1.871
4,11602,1.853
4,11603,1.829
4,11604,1.711
4,11605,1.925
4,11606,1.828
4,11607,1.943
4,11608,1.780
4,11609,1.690
4,11610,1.480
4,11611,1.518
4,11612,1.982
4,11613,2.812
4,11614,2.208
4,11615,2.298
4,11616,2.166
4,11617,1.979
4,11618,1.804
4,11619,1.854
4,11620,1.673
4,11621,2.599
4,11622,2.733
4,11623,2.332
4,11624,1.741
4,11625,1.671
4,11626,1.817
4,11627,1.877
4,11628,1.822
4,11629,2.568
4,11630,2.697
4,11631,2.266
4,11632,2.355
4,11633,1.848
4,11634,1.541
4,11635,1.558
4,11636,2.783
4,11637,2.267
4,11638,1.850
4,11639,1.851
4,11640,1.785
4,11641,1.689
4,11642,1.621
4,11643,1.896
4,11644,2.320
4,11645,2.229
4,11646,2.336
4,11647,2.834
4,11648,1.738
4,11649,1.738
4,11650,2.000
4,11651,2.125
4,11652,4.390
4,11653,2.896
4,11654,3.203
4,11655,2.803
4,11656,2.595
4,11657,2.714
4,11658,2.561
4,11659,2.475
4,11660,2.642
4,11661,2.956
4,11662,3.645
4,11663,2.960
4,11664,3.088
4,11665,3.372
4,11666,5.037
4,11667,4.128
4,11668,3.059
4,11669,3.033
4,11670,3.172
4,11671,2.489
4,11672,2.540
4,11673,2.633
4,11674,2.150
4,11675,2.498
4,11676,2.335
4,11677,2.040
4,11678,3.365
4,11679,2.148
4,11680,2.072
4,11681,2.567
4,11682,2.368
4,11683,2.623
4,11684,2.694
4,11685,2.293
4,11686,2.283
4,11687,2.649
4,11688,1.955
4,11689,1.740
4,11690,2.192
4,11691,2.465
4,11692,1.871
4,11693,1.760
4,11694,1.775
4,11695,1.667
4,11696,1.997
4,11697,1.950
4,11698,1.687
4,11699,1.508
4,11700,2.391
4,11701,2.344
4,11702,2.182
4,11703,1.951
4,11704,2.033
4,11705,2.200
4,11706,1.654
4,11707,2.320
4,11708,2.235
4,11709,1.755
4,11710,1.561
4,11711,1.892
4,11712,1.899
4,11713,1.537
4,11714,1.809
4,11715,1.829
4,11716,2.230
4,11717,2.093
4,11718,1.837
4,11719,1.981
4,11720,1.692
4,11721,1.603
4,11722,1.865
4,11723,2.119
4,11724,2.183
4,11725,2.002
4,11726,2.120
4,11727,1.875
4,11728,1.789
4,11729,2.044
4,11730,1.996
4,11731,2.019
4,11732,3.193
4,11733,2.862
4,11734,2.040
4,11735,2.159
4,11736,2.168
4,11737,1.752
4,11738,1.654
4,11739,2.158
4,11740,2.633
4,11741,2.262
4,11742,2.077
4,11743,1.672
4,11744,1.611
4,11745,1.740
4,11746,1.940
4,11747,1.895
4,11748,1.698
4,11749,2.173
4,11750,2.121
4,11751,1.904
4,11752,2.077
4,11753,2.210
4,11754,2.066
4,11755,2.248
4,11756,2.366
4,11757,2.574
4,11758,1.699
4,11759,1.943
4,11760,1.824
4,11761,1.822
4,11762,1.619
4,11763,2.912
4,11764,1.899
4,11765,1.834
4,11766,2.497
4,11767,1.771
4,11768,1.458
4,11769,1.550
4,11770,1.822
4,11771,2.338
4,11772,1.807
4,11773,1.667
4,11774,1.970
4,11775,2.879
4,11776,2.272
4,11777,2.189
4,11778,2.074
4,11779,2.370
4,11780,2.436
4,11781,2.243
4,11782,1.767
4,11783,2.444
4,11784,1.857
4,11785,2.210
4,11786,2.272
4,11787,1.783
4,11788,1.596
4,11789,1.636
4,11790,2.079
4,11791,1.908
4,11792,2.309
4,11793,2.015
4,11794,2.008
4,11795,1.846
4,11796,1.714
4,11797,2.014
4,11798,1.889
4,11799,1.805
4,11800,1.919
4,11801,2.572
4,11802,2.037
4,11803,1.924
4,11804,2.031
4,11805,1.940
4,11806,2.133
4,11807,2.068
4,11808,2.002
4,11809,2.277
4,11810,2.131
4,11811,2.071
4,11812,1.634
4,11813,1.560
4,11814,2.127
4,11815,2.316
4,11816,1.799
4,11817,2.326
4,11818,2.837
4,11819,2.210
4,11820,2.391
4,11821,2.181
4,11822,1.999
4,11823,2.531
4,11824,2.824
4,11825,2.971
4,11826,2.609
4,11827,2.261
4,11828,3.078
4,11829,2.756
4,11830,2.278
4,11831,2.466
4,11832,2.794
4,11833,1.872
4,11834,1.984
4,11835,2.362
4,11836,2.557
4,11837,2.654
4,11838,2.465
4,11839,2.755
4,11840,2.475
4,11841,1.921
4,11842,1.784
4,11843,2.717
4,11844,2.585
4,11845,2.023
4,11846,2.161
4,11847,2.352
4,11848,1.705
4,11849,2.386
4,11850,2.291
4,11851,1.875
4,11852,1.834
4,11853,1.985
4,11854,1.936
4,11855,1.522
4,11856,1.832
4,11857,1.806
4,11858,2.064
4,11859,2.005
4,11860,1.984
4,11861,1.722
4,11862,1.544
4,11863,1.587
4,11864,1.881
4,11865,1.988
4,11866,1.993
4,11867,2.218
4,11868,1.901
4,11869,1.787
4,11870,1.844
4,11871,1.909
4,11872,1.792
4,11873,1.780
4,11874,2.290
4,11875,3.511
4,11876,2.038
4,11877,1.900
4,11878,1.887
4,11879,1.858
4,11880,1.869
4,11881,1.810
4,11882,1.802
4,11883,1.672
4,11884,2.493
4,11885,2.061
4,11886,1.607
4,11887,1.875
4,11888,2.166
4,11889,1.978
4,11890,2.024
4,11891,1.924
4,11892,1.808
4,11893,2.458
4,11894,1.818
4,11895,2.194
4,11896,1.968
4,11897,1.717
4,11898,1.666
4,11899,2.276
4,11900,2.264
4,11901,1.878
4,11902,2.132
4,11903,1.764
4,11904,1.630
4,11905,1.678
4,11906,1.738
4,11907,1.674
4,11908,1.586
4,11909,1.538
4,11910,1.713
4,11911,1.864
4,11912,1.865
4,11913,1.518
4,11914,1.670
4,11915,1.708
4,11916,1.849
4,11917,1.908
4,11918,1.785
4,11919,1.563
4,11920,1.544
4,11921,1.747
4,11922,2.139
4,11923,1.807
4,11924,1.667
4,11925,2.024
4,11926,2.747
4,11927,2.721
4,11928,3.118
4,11929,2.556
4,11930,2.820
4,11931,2.964
4,11932,1.991
4,11933,1.638
4,11934,2.257
4,11935,2.231
4,11936,1.802
4,11937,1.676
4,11938,2.249
4,11939,1.978
4,11940,1.727
4,11941,1.726
4,11942,1.520
4,11943,1.404
4,11944,1.529
4,11945,1.867
4,11946,1.947
4,11947,1.772
4,11948,2.904
4,11949,2.123
4,11950,1.742
4,11951,1.745
4,11952,2.058
4,11953,1.792
4,11954,1.754
4,11955,1.654
4,11956,2.265
4,11957,2.393
4,11958,1.900
4,11959,1.604
4,11960,1.669
4,11961,1.660
4,11962,1.798
4,11963,1.834
4,11964,1.626
4,11965,2.094
4,11966,2.334
4,11967,2.734
4,11968,2.048
4,11969,1.727
4,11970,2.045
4,11971,2.195
4,11972,2.317
4,11973,2.488
4,11974,2.233
4,11975,2.374
4,11976,2.626
4,11977,2.148
4,11978,1.852
4,11979,2.214
4,11980,2.846
4,11981,2.090
4,11982,2.037
4,11983,2.498
4,11984,2.131
4,11985,2.428
4,11986,2.002
4,11987,2.605
4,11988,2.218
4,11989,2.197
4,11990,1.719
4,11991,1.730
4,11992,1.776
4,11993,1.806
4,11994,1.853
4,11995,1.905
4,11996,1.850
4,11997,1.815
4,11998,1.775
4,11999,1.707
4,12000,1.882
4,12001,2.227
4,12002,1.658
4,12003,2.137
4,12004,2.272
4,12005,1.864
4,12006,1.654
4,12007,1.803
4,12008,2.083
4,12009,2.179
4,12010,2.792
4,12011,2.950
4,12012,2.123
4,12013,2.367
4,12014,2.089
4,12015,1.856
4,12016,1.911
4,12017,1.907
4,12018,2.612
4,12019,2.326
4,12020,2.275
4,12021,2.029
4,12022,2.179
4,12023,2.292
4,12024,2.524
4,12025,2.848
4,12026,2.453
4,12027,2.468
4,12028,2.670
4,12029,2.395
4,12030,2.492
4,12031,3.108
4,12032,2.399
4,12033,2.751
4,12034,2.597
4,12035,2.572
4,12036,2.789
4,12037,2.756
4,12038,2.340
4,12039,2.579
4,12040,2.670
4,12041,2.124
4,12042,2.441
4,12043,3.179
4,12044,2.507
4,12045,2.348
4,12046,2.037
4,12047,3.061
4,12048,2.178
4,12049,2.502
4,12050,3.194
4,12051,2.397
4,12052,2.229
4,12053,2.301
4,12054,3.222
4,12055,3.010
4,12056,2.542
4,12057,2.403
4,12058,2.673
4,12059,2.328
4,12060,2.757
4,12061,3.000
4,12062,3.186
4,12063,2.831
4,12064,2.486
4,12065,2.780
4,12066,2.583
4,12067,3.252
4,12068,2.783
4,12069,2.628
4,12070,2.661
4,12071,2.384
4,12072,2.646
4,12073,2.990
4,12074,2.674
4,12075,2.717
4,12076,2.766
4,12077,2.473
4,12078,2.799
4,12079,2.592
4,12080,2.471
4,12081,3.129
4,12082,2.275
4,12083,2.467
4,12084,2.470
4,12085,2.487
4,12086,2.738
4,12087,2.415
4,12088,2.781
4,12089,2.445
4,12090,2.238
4,12091,2.766
4,12092,2.663
4,12093,2.456
4,12094,2.679
4,12095,2.767
4,12096,2.444
4,12097,2.495
4,12098,2.232
4,12099,2.215
4,12100,3.160
4,12101,2.397
4,12102,2.397
4,12103,2.159
4,12104,2.159
4,12105,2.101
4,12106,1.903
4,12107,1.928
4,12108,1.884
4,12109,2.274
4,12110,2.149
4,12111,1.834
4,12112,2.094
4,12113,2.045
4,12114,2.056
4,12115,1.896
4,12116,1.855
4,12117,1.934
4,12118,1.896
4,12119,2.659
4,12120,2.157
4,12121,2.051
4,12122,2.005
4,12123,1.917
4,12124,2.063
4,12125,1.632
4,12126,1.756
4,12127,1.988
4,12128,2.499
4,12129,2.485
4,12130,2.124
4,12131,1.712
4,12132,1.548
4,12133,1.916
4,12134,1.916
4,12135,1.819
4,12136,1.798
4,12137,2.171
4,12138,1.675
4,12139,1.721
4,12140,1.684
4,12141,1.560
4,12142,1.459
4,12143,1.692
4,12144,1.869
4,12145,2.028
4,12146,1.743
4,12147,1.958
4,12148,1.878
4,12149,1.824
4,12150,1.782
4,12151,2.050
4,12152,2.247
4,12153,1.979
4,12154,1.662
4,12155,1.609
4,12156,1.921
4,12157,1.491
4,12158,1.858
4,12159,2.024
4,12160,2.377
4,12161,2.223
4,12162,1.658
4,12163,1.709
4,12164,1.584
4,12165,1.848
4,12166,1.690
4,12167,1.810
4,12168,1.571
4,12169,1.610
4,12170,1.725
4,12171,1.863
4,12172,1.864
4,12173,1.727
4,12174,1.631
4,12175,2.263
4,12176,1.805
4,12177,1.647
4,12178,3.559
4,12179,2.633
4,12180,2.570
4,12181,2.601
4,12182,2.813
4,12183,1.860
4,12184,2.398
4,12185,2.098
4,12186,1.887
4,12187,1.695
4,12188,1.517
4,12189,1.575
4,12190,1.603
4,12191,2.445
4,12192,1.852
4,12193,2.016
4,12194,1.873
4,12195,1.795
4,12196,1.764
4,12197,1.701
4,12198,1.809
4,12199,1.831
4,12200,2.061
4,12201,2.365
4,12202,2.853
4,12203,2.076
4,12204,1.914
4,12205,2.150
4,12206,2.168
4,12207,1.897
4,12208,2.390
4,12209,2.234
4,12210,2.275
4,12211,2.339
4,12212,2.071
4,12213,1.836
4,12214,1.916
4,12215,2.212
4,12216,3.108
4,12217,2.493
4,12218,2.225
4,12219,2.103
4,12220,2.255
4,12221,2.244
4,12222,1.916
4,12223,1.895
4,12224,2.587
4,12225,1.799
4,12226,1.635
4,12227,1.691
4,12228,1.983
4,12229,1.919
4,12230,1.687
4,12231,1.616
4,12232,3.887
4,12233,2.633
4,12234,2.528
4,12235,2.184
4,12236,2.351
4,12237,2.451
4,12238,2.150
4,12239,1.834
4,12240,1.997
4,12241,2.604
4,12242,2.530
4,12243,1.932
4,12244,1.723
4,12245,1.984
4,12246,1.911
4,12247,2.344
4,12248,1.797
4,12249,2.302
4,12250,2.042
4,12251,1.731
4,12252,1.767
4,12253,2.065
4,12254,1.864
4,12255,1.552
4,12256,1.625
4,12257,1.769
4,12258,2.348
4,12259,1.666
4,12260,1.481
4,12261,1.631
4,12262,1.819
4,12263,1.811
4,12264,1.754
4,12265,1.666
4,12266,1.488
4,12267,1.541
4,12268,1.863
4,12269,1.761
4,12270,1.903
4,12271,2.164
4,12272,2.138
4,12273,2.105
4,12274,2.274
4,12275,1.917
4,12276,1.847
4,12277,1.965
4,12278,1.924
4,12279,2.106
4,12280,1.863
4,12281,1.524
4,12282,1.395
4,12283,1.461
4,12284,1.708
4,12285,1.717
4,12286,1.731
4,12287,2.068
4,12288,2.618
4,12289,1.762
4,12290,1.691
4,12291,1.845
4,12292,1.639
4,12293,1.499
4,12294,1.522
4,12295,1.694
4,12296,2.189
4,12297,2.437
4,12298,1.879
4,12299,1.846
4,12300,1.785
4,12301,1.712
4,12302,2.671
4,12303,4.607
4,12304,2.859
4,12305,1.986
4,12306,1.496
4,12307,1.386
4,12308,1.604
4,12309,1.520
4,12310,1.607
4,12311,2.086
4,12312,2.033
4,12313,1.634
4,12314,2.251
4,12315,1.665
4,12316,1.649
4,12317,1.471
4,12318,1.410
4,12319,1.350
4,12320,1.936
4,12321,1.912
4,12322,1.875
4,12323,1.684
4,12324,2.142
4,12325,1.834
4,12326,1.712
4,12327,2.056
4,12328,2.085
4,12329,1.864
4,12330,1.625
4,12331,1.641
4,12332,1.749
4,12333,2.537
4,12334,1.934
4,12335,1.849
4,12336,1.740
4,12337,2.004
4,12338,2.138
4,12339,1.789
4,12340,1.493
4,12341,1.464
4,12342,1.870
4,12343,1.976
4,12344,1.866
4,12345,2.429
4,12346,2.492
4,12347,2.083
4,12348,1.864
4,12349,1.972
4,12350,1.873
4,12351,2.028
4,12352,2.391
4,12353,2.856
4,12354,2.124
4,12355,2.004
4,12356,2.535
4,12357,2.071
4,12358,2.084
4,12359,2.549
4,12360,2.203
4,12361,2.220
4,12362,2.459
4,12363,1.962
4,12364,1.682
4,12365,2.007
4,12366,2.376
4,12367,2.502
4,12368,2.053
4,12369,1.998
4,12370,2.045
4,12371,3.842
4,12372,2.789
4,12373,2.428
4,12374,3.018
4,12375,2.361
4,12376,2.179
4,12377,1.808
4,12378,1.644
4,12379,1.839
4,12380,2.431
4,12381,1.822
4,12382,1.833
4,12383,1.600
4,12384,1.802
4,12385,1.743
4,12386,2.034
4,12387,2.288
4,12388,2.246
4,12389,2.125
4,12390,1.895
4,12391,2.830
4,12392,1.957
4,12393,1.899
4,12394,1.833
4,12395,1.903
4,12396,1.957
4,12397,1.984
4,12398,1.908
4,12399,2.168
4,12400,2.085
4,12401,1.776
4,12402,1.589
4,12403,1.566
4,12404,2.184
4,12405,2.128
4,12406,1.631
4,12407,1.424
4,12408,1.564
4,12409,1.708
4,12410,2.045
4,12411,1.764
4,12412,1.658
4,12413,1.933
4,12414,1.774
4,12415,1.638
4,12416,1.798
4,12417,1.725
4,12418,1.446
4,12419,1.496
4,12420,2.028
4,12421,2.112
4,12422,2.136
4,12423,1.823
4,12424,2.200
4,12425,1.716
4,12426,1.557
4,12427,2.092
4,12428,2.069
4,12429,2.200
4,12430,2.663
4,12431,2.228
4,12432,1.811
4,12433,1.452
4,12434,1.472
4,12435,1.823
4,12436,1.729
4,12437,1.787
4,12438,2.327
4,12439,2.160
4,12440,1.820
4,12441,1.540
4,12442,1.752
4,12443,2.122
4,12444,1.837
4,12445,1.505
4,12446,2.187
4,12447,2.784
4,12448,1.828
4,12449,1.816
4,12450,1.958
4,12451,2.207
4,12452,2.494
4,12453,2.086
4,12454,3.281
4,12455,2.843
4,12456,2.377
4,12457,1.945
4,12458,2.006
4,12459,1.826
4,12460,1.870
4,12461,2.260
4,12462,1.976
4,12463,1.868
4,12464,1.571
4,12465,1.706
4,12466,1.965
4,12467,1.599
4,12468,1.427
4,12469,1.724
4,12470,2.061
4,12471,1.788
4,12472,1.760
4,12473,2.116
4,12474,1.862
4,12475,1.677
4,12476,1.965
4,12477,2.579
4,12478,2.084
4,12479,1.633
4,12480,1.641
4,12481,1.892
4,12482,2.185
4,12483,1.628
4,12484,1.928
4,12485,2.934
4,12486,2.576
4,12487,2.304
4,12488,1.762
4,12489,1.428
4,12490,1.865
4,12491,1.803
4,12492,1.930
4,12493,2.076
4,12494,1.949
4,12495,1.846
4,12496,1.752
4,12497,1.784
4,12498,1.988
4,12499,2.094
4,12500,1.958
4,12501,3.025
4,12502,2.775
4,12503,2.017
4,12504,2.268
4,12505,2.155
4,12506,2.107
4,12507,2.741
4,12508,2.301
4,12509,1.948
4,12510,2.349
4,12511,2.315
4,12512,1.810
4,12513,1.830
4,12514,2.683
4,12515,2.794
4,12516,2.198
4,12517,2.024
4,12518,2.082
4,12519,2.104
4,12520,2.362
4,12521,2.567
4,12522,2.632
4,12523,2.663
4,12524,2.899
4,12525,2.721
4,12526,2.165
4,12527,3.362
4,12528,2.428
4,12529,2.193
4,12530,2.549
4,12531,2.324
4,12532,2.079
4,12533,2.880
4,12534,3.555
4,12535,2.815
4,12536,2.428
4,12537,2.533
4,12538,2.477
4,12539,3.256
4,12540,3.279
4,12541,2.524
4,12542,2.546
4,12543,2.508
4,12544,2.552
4,12545,2.718
4,12546,2.707
4,12547,2.285
4,12548,2.148
4,12549,2.593
4,12550,2.489
4,12551,3.106
4,12552,2.570
4,12553,2.709
4,12554,2.759
4,12555,2.254
4,12556,2.443
4,12557,2.760
4,12558,2.721
4,12559,2.563
4,12560,2.631
4,12561,3.271
4,12562,3.132
4,12563,2.378
4,12564,2.885
4,12565,2.600
4,12566,2.254
4,12567,2.564
4,12568,2.888
4,12569,3.056
4,12570,2.587
4,12571,3.003
4,12572,2.925
4,12573,2.485
4,12574,3.412
4,12575,2.376
4,12576,2.296
4,12577,2.515
4,12578,2.577
4,12579,2.187
4,12580,2.992
4,12581,2.552
4,12582,2.072
4,12583,2.059
4,12584,1.926
4,12585,1.680
4,12586,2.169
4,12587,1.728
4,12588,2.178
4,12589,2.897
4,12590,2.293
4,12591,1.779
4,12592,1.838
4,12593,2.004
4,12594,2.618
4,12595,2.254
4,12596,1.978
4,12597,1.838
4,12598,1.654
4,12599,1.897
4,12600,1.977
4,12601,1.708
4,12602,1.931
4,12603,3.196
4,12604,2.724
4,12605,2.129
4,12606,2.257
4,12607,2.263
4,12608,2.636
4,12609,2.574
4,12610,2.599
4,12611,2.386
4,12612,2.191
4,12613,1.810
4,12614,1.927
4,12615,2.129
4,12616,2.240
4,12617,2.795
4,12618,2.816
4,12619,2.308
4,12620,2.549
4,12621,2.337
4,12622,2.327
4,12623,3.442
4,12624,3.007
4,12625,2.999
4,12626,2.517
4,12627,2.229
4,12628,3.290
4,12629,2.798
4,12630,2.517
4,12631,2.908
4,12632,2.560
4,12633,2.750
4,12634,2.585
4,12635,2.531
4,12636,2.621
4,12637,2.288
4,12638,2.666
4,12639,2.863
4,12640,2.770
4,12641,2.691
4,12642,2.283
4,12643,2.603
4,12644,2.448
4,12645,2.140
4,12646,2.736
4,12647,2.508
4,12648,1.973
4,12649,2.130
4,12650,2.232
4,12651,2.350
4,12652,2.397
4,12653,2.557
4,12654,2.968
4,12655,2.778
4,12656,2.554
4,12657,2.413
4,12658,3.055
4,12659,3.283
4,12660,2.990
4,12661,2.435
4,12662,2.819
4,12663,2.338
4,12664,2.304
4,12665,2.526
4,12666,2.435
4,12667,2.502
4,12668,2.258
4,12669,2.241
4,12670,2.364
4,12671,3.180
4,12672,2.136
4,12673,2.145
4,12674,2.925
4,12675,2.212
4,12676,2.020
4,12677,2.550
4,12678,2.552
4,12679,2.688
4,12680,2.471
4,12681,2.524
4,12682,2.488
4,12683,2.744
4,12684,2.300
4,12685,2.323
4,12686,2.360
4,12687,2.321
4,12688,2.407
4,12689,1.873
4,12690,2.185
4,12691,2.872
4,12692,2.715
4,12693,2.679
4,12694,2.762
4,12695,2.848
4,12696,2.524
4,12697,2.513
4,12698,3.210
4,12699,2.795
4,12700,2.342
4,12701,2.737
4,12702,3.623
4,12703,2.848
4,12704,2.995
4,12705,2.525
4,12706,2.483
4,12707,2.189
4,12708,2.402
4,12709,3.226
4,12710,2.208
4,12711,2.181
4,12712,2.286
4,12713,2.254
4,12714,2.319
4,12715,2.771
4,12716,3.024
4,12717,2.564
4,12718,2.714
4,12719,2.547
4,12720,2.820
4,12721,3.333
4,12722,3.021
4,12723,2.309
4,12724,2.312
4,12725,2.471
4,12726,2.117
4,12727,2.634
4,12728,2.709
4,12729,2.738
4,12730,2.082
4,12731,2.219
4,12732,2.089
4,12733,2.069
4,12734,3.769
4,12735,2.782
4,12736,2.684
4,12737,2.547
4,12738,2.637
4,12739,3.023
4,12740,3.055
4,12741,3.211
4,12742,2.670
4,12743,2.631
4,12744,2.533
4,12745,3.652
4,12746,3.392
4,12747,3.262
4,12748,3.268
4,12749,2.371
4,12750,2.583
4,12751,2.309
4,12752,1.935
4,12753,1.906
4,12754,2.307
4,12755,2.229
4,12756,2.395
4,12757,2.658
4,12758,2.472
4,12759,2.503
4,12760,2.312
4,12761,1.812
4,12762,1.744
4,12763,2.029
4,12764,2.181
4,12765,2.072
4,12766,1.881
4,12767,1.687
4,12768,1.693
4,12769,1.654
4,12770,1.981
4,12771,1.654
4,12772,1.455
4,12773,1.516
4,12774,2.282
4,12775,2.088
4,12776,1.663
4,12777,1.417
4,12778,1.626
4,12779,1.985
4,12780,1.801
4,12781,1.885
4,12782,2.209
4,12783,2.929
4,12784,2.005
4,12785,2.411
4,12786,1.902
4,12787,1.665
4,12788,1.700
4,12789,1.818
4,12790,2.028
4,12791,2.177
4,12792,2.499
4,12793,2.325
4,12794,2.431
4,12795,2.462
4,12796,1.714
4,12797,1.541
4,12798,1.718
4,12799,1.837
4,12800,1.768
4,12801,1.816
4,12802,1.533
4,12803,1.775
4,12804,1.801
4,12805,1.664
4,12806,1.986
4,12807,2.181
4,12808,1.877
4,12809,1.597
4,12810,1.799
4,12811,2.355
4,12812,1.703
4,12813,1.573
4,12814,1.767
4,12815,1.949
4,12816,2.266
4,12817,2.012
4,12818,1.945
4,12819,2.075
4,12820,2.959
4,12821,2.224
4,12822,1.620
4,12823,2.214
4,12824,2.211
4,12825,1.882
4,12826,1.842
4,12827,1.787
4,12828,2.119
4,12829,1.717
4,12830,1.659
4,12831,2.556
4,12832,2.082
4,12833,1.702
4,12834,1.705
4,12835,1.945
4,12836,2.295
4,12837,2.094
4,12838,1.991
4,12839,2.735
4,12840,1.702
4,12841,2.034
4,12842,1.812
4,12843,1.535
4,12844,1.512
4,12845,1.771
4,12846,2.302
4,12847,2.462
4,12848,1.937
4,12849,1.889
4,12850,1.682
4,12851,1.638
4,12852,1.945
4,12853,1.762
4,12854,1.480
4,12855,2.888
4,12856,3.310
4,12857,2.430
4,12858,2.969
4,12859,2.808
4,12860,3.422
4,12861,3.052
4,12862,2.065
4,12863,2.401
4,12864,2.419
4,12865,1.806
4,12866,1.891
4,12867,2.161
4,12868,2.924
4,12869,2.933
4,12870,2.395
4,12871,2.712
4,12872,2.756
4,12873,2.636
4,12874,3.156
4,12875,2.712
4,12876,2.544
4,12877,2.305
4,12878,2.236
4,12879,2.302
4,12880,3.019
4,12881,2.599
4,12882,2.676
4,12883,2.677
4,12884,2.112
4,12885,2.314
4,12886,2.670
4,12887,2.853
4,12888,2.446
4,12889,2.166
4,12890,2.730
4,12891,2.494
4,12892,2.556
4,12893,2.901
4,12894,2.859
4,12895,3.135
4,12896,3.051
4,12897,2.937
4,12898,3.163
4,12899,2.260
4,12900,2.662
4,12901,2.981
4,12902,3.461
4,12903,3.413
4,12904,3.150
4,12905,2.993
4,12906,2.769
4,12907,2.834
4,12908,3.725
4,12909,2.768
4,12910,2.563
4,12911,2.368
4,12912,3.048
4,12913,2.473
4,12914,3.898
4,12915,3.007
4,12916,2.523
4,12917,2.466
4,12918,2.337
4,12919,2.962
4,12920,3.051
4,12921,2.560
4,12922,2.913
4,12923,2.539
4,12924,2.492
4,12925,2.670
4,12926,2.871
4,12927,3.234
4,12928,2.992
4,12929,3.047
4,12930,3.036
4,12931,3.393
4,12932,3.046
4,12933,3.369
4,12934,2.500
4,12935,2.368
4,12936,3.287
4,12937,2.517
4,12938,2.148
4,12939,2.744
4,12940,3.097
4,12941,2.490
4,12942,4.161
4,12943,3.644
4,12944,3.058
4,12945,2.932
4,12946,3.236
4,12947,2.850
4,12948,2.856
4,12949,2.415
4,12950,2.961
4,12951,3.114
4,12952,6.609
4,12953,3.122
4,12954,2.734
4,12955,2.758
4,12956,3.164
4,12957,4.125
4,12958,2.689
4,12959,1.672
4,12960,1.428
4,12961,1.409
4,12962,1.730
4,12963,1.787
4,12964,2.037
4,12965,2.078
4,12966,1.926
4,12967,1.811
4,12968,1.724
4,12969,2.137
4,12970,2.021
4,12971,2.116
4,12972,1.915
4,12973,1.844
4,12974,2.082
4,12975,1.656
4,12976,1.588
4,12977,1.647
4,12978,1.563
4,12979,1.573
4,12980,2.006
4,12981,2.261
4,12982,2.092
4,12983,1.496
4,12984,2.331
4,12985,1.910
4,12986,1.670
4,12987,1.496
4,12988,1.679
4,12989,2.075
4,12990,1.815
4,12991,1.880
4,12992,1.960
4,12993,2.350
4,12994,2.249
4,12995,2.594
4,12996,2.496
4,12997,2.736
4,12998,2.465
4,12999,2.419
4,13000,2.659
4,13001,2.307
4,13002,2.311
4,13003,2.592
4,13004,2.180
4,13005,1.687
4,13006,1.793
4,13007,2.137
4,13008,2.606
4,13009,2.428
4,13010,2.550
4,13011,2.342
4,13012,2.355
4,13013,2.262
4,13014,2.048
4,13015,1.937
4,13016,2.921
4,13017,2.359
4,13018,1.790
4,13019,1.741
4,13020,1.624
4,13021,1.517
4,13022,1.598
4,13023,1.753
4,13024,2.357
4,13025,2.092
4,13026,2.315
4,13027,2.308
4,13028,1.773
4,13029,1.510
4,13030,1.717
4,13031,1.688
4,13032,2.203
4,13033,1.886
4,13034,2.056
4,13035,1.515
4,13036,1.570
4,13037,1.777
4,13038,1.882
4,13039,1.784
4,13040,1.862
4,13041,2.264
4,13042,2.201
4,13043,2.779
4,13044,1.979
4,13045,1.729
4,13046,1.551
4,13047,1.685
4,13048,1.949
4,13049,1.787
4,13050,2.233
4,13051,2.118
4,13052,2.334
4,13053,2.039
4,13054,1.621
4,13055,2.416
4,13056,2.262
4,13057,2.234
4,13058,2.491
4,13059,2.239
4,13060,2.426
4,13061,2.295
4,13062,2.290
4,13063,1.962
4,13064,2.063
4,13065,2.246
4,13066,1.904
4,13067,2.220
4,13068,2.371
4,13069,2.154
4,13070,2.146
4,13071,2.122
4,13072,1.735
4,13073,1.481
4,13074,1.572
4,13075,1.681
4,13076,1.567
4,13077,2.379
4,13078,4.462
4,13079,2.124
4,13080,1.650
4,13081,1.898
4,13082,1.615
4,13083,1.530
4,13084,1.720
4,13085,2.552
4,13086,1.795
4,13087,1.530
4,13088,1.741
4,13089,1.799
4,13090,1.800
4,13091,1.817
4,13092,2.333
4,13093,2.221
4,13094,2.169
4,13095,1.850
4,13096,1.764
4,13097,1.796
4,13098,1.548
4,13099,1.771
4,13100,1.798
4,13101,1.864
4,13102,2.067
4,13103,2.063
4,13104,1.928
4,13105,1.511
4,13106,1.488
4,13107,1.718
4,13108,1.733
4,13109,1.601
4,13110,2.183
4,13111,3.047
4,13112,2.613
4,13113,2.753
4,13114,2.414
4,13115,2.354
4,13116,3.331
4,13117,3.222
4,13118,2.129
4,13119,1.744
4,13120,1.936
4,13121,1.816
4,13122,1.742
4,13123,2.162
4,13124,1.803
4,13125,1.744
4,13126,1.979
4,13127,1.684
4,13128,1.482
4,13129,1.501
4,13130,2.102
4,13131,1.935
4,13132,2.038
4,13133,1.826
4,13134,1.708
4,13135,1.827
4,13136,2.356
4,13137,2.421
4,13138,1.951
4,13139,2.418
4,13140,2.218
4,13141,2.370
4,13142,1.806
4,13143,1.718
4,13144,1.691
4,13145,1.628
4,13146,1.575
4,13147,2.043
4,13148,2.650
4,13149,2.207
4,13150,2.183
4,13151,2.738
4,13152,2.090
4,13153,1.853
4,13154,2.414
4,13155,2.618
4,13156,2.760
4,13157,2.420
4,13158,2.332
4,13159,2.448
4,13160,2.484
4,13161,3.054
4,13162,3.028
4,13163,3.217
4,13164,2.698
4,13165,2.455
4,13166,2.580
4,13167,2.651
4,13168,1.989
4,13169,2.047
4,13170,2.619
4,13171,2.413
4,13172,1.974
4,13173,2.728
4,13174,2.510
4,13175,2.370
4,13176,2.423
4,13177,2.455
4,13178,2.532
4,13179,2.682
4,13180,2.382
4,13181,2.697
4,13182,2.611
4,13183,2.907
4,13184,2.742
4,13185,2.354
4,13186,2.430
4,13187,2.538
4,13188,2.079
4,13189,2.347
4,13190,2.515
4,13191,2.802
4,13192,2.634
4,13193,2.227
4,13194,2.188
4,13195,2.471
4,13196,2.192
4,13197,2.137
4,13198,2.633
4,13199,2.823
4,13200,2.369
4,13201,2.595
4,13202,2.358
4,13203,2.790
4,13204,2.599
4,13205,2.791
4,13206,3.080
4,13207,2.573
4,13208,2.118
4,13209,2.391
4,13210,2.844
4,13211,2.889
4,13212,2.409
4,13213,3.014
4,13214,2.650
4,13215,2.416
4,13216,2.436
4,13217,2.678
4,13218,2.539
4,13219,2.515
4,13220,2.842
4,13221,2.348
4,13222,3.065
4,13223,2.695
4,13224,2.382
4,13225,2.551
4,13226,2.307
4,13227,2.575
4,13228,2.357
4,13229,2.526
4,13230,2.739
4,13231,2.333
4,13232,2.111
4,13233,2.458
4,13234,2.730
4,13235,2.491
4,13236,2.475
4,13237,2.369
4,13238,2.575
4,13239,2.607
4,13240,2.291
4,13241,2.745
4,13242,2.721
4,13243,2.110
4,13244,2.300
4,13245,2.360
4,13246,2.131
4,13247,2.253
4,13248,2.350
4,13249,2.464
4,13250,2.386
4,13251,2.359
4,13252,1.919
4,13253,1.895
4,13254,2.136
4,13255,2.537
4,13256,2.576
4,13257,2.975
4,13258,2.541
4,13259,2.580
4,13260,2.205
4,13261,2.036
4,13262,2.428
4,13263,3.309
4,13264,3.064
4,13265,2.208
4,13266,1.808
4,13267,1.903
4,13268,2.320
4,13269,2.267
4,13270,2.218
4,13271,2.404
4,13272,2.837
4,13273,2.045
4,13274,2.105
4,13275,2.489
4,13276,2.475
4,13277,2.364
4,13278,1.985
4,13279,1.986
4,13280,2.722
4,13281,2.363
4,13282,2.507
4,13283,2.438
4,13284,2.210
4,13285,2.532
4,13286,2.397
4,13287,2.354
4,13288,2.260
4,13289,2.430
4,13290,1.658
4,13291,1.424
4,13292,1.693
4,13293,1.872
4,13294,1.661
4,13295,1.622
4,13296,2.009
4,13297,2.069
4,13298,1.905
4,13299,1.815
4,13300,2.164
4,13301,1.890
4,13302,1.556
4,13303,1.683
4,13304,1.962
4,13305,2.301
4,13306,2.466
4,13307,2.383
4,13308,2.036
4,13309,1.987
4,13310,2.588
4,13311,2.745
4,13312,4.556
4,13313,2.998
4,13314,3.066
4,13315,3.138
4,13316,2.557
4,13317,3.918
4,13318,2.958
4,13319,3.062
4,13320,2.022
4,13321,1.871
4,13322,2.346
4,13323,2.826
4,13324,2.571
4,13325,2.379
4,13326,2.337
4,13327,2.329
4,13328,2.515
4,13329,2.871
4,13330,2.419
4,13331,2.120
4,13332,1.825
4,13333,1.992
4,13334,2.504
4,13335,2.227
4,13336,2.608
4,13337,2.439
4,13338,1.909
4,13339,1.904
4,13340,2.044
4,13341,1.959
4,13342,2.029
4,13343,3.425
4,13344,2.041
4,13345,1.892
4,13346,2.181
4,13347,1.829
4,13348,1.630
4,13349,1.981
4,13350,3.597
4,13351,2.540
4,13352,2.452
4,13353,2.322
4,13354,2.156
4,13355,1.994
4,13356,1.786
4,13357,2.322
4,13358,2.147
4,13359,2.095
4,13360,1.564
4,13361,1.521
4,13362,1.674
4,13363,1.776
4,13364,2.516
4,13365,2.334
4,13366,2.016
4,13367,1.731
4,13368,1.924
4,13369,1.995
4,13370,1.843
4,13371,1.724
4,13372,2.143
4,13373,2.640
4,13374,2.425
4,13375,2.736
4,13376,1.775
4,13377,1.628
4,13378,1.674
4,13379,1.825
4,13380,1.883
4,13381,1.779
4,13382,1.653
4,13383,1.934
4,13384,2.253
4,13385,1.682
4,13386,1.595
4,13387,1.649
4,13388,1.612
4,13389,2.472
4,13390,2.800
4,13391,1.878
4,13392,1.645
4,13393,2.210
4,13394,1.987
4,13395,1.705
4,13396,1.686
4,13397,2.409
4,13398,2.366
4,13399,2.574
4,13400,2.141
4,13401,2.009
4,13402,1.678
4,13403,1.762
4,13404,2.219
4,13405,2.611
4,13406,2.329
4,13407,2.314
4,13408,2.230
4,13409,2.520
4,13410,2.051
4,13411,2.184
4,13412,2.210
4,13413,2.547
4,13414,1.948
4,13415,1.730
4,13416,2.172
4,13417,2.935
4,13418,3.323
4,13419,2.967
4,13420,2.702
4,13421,3.737
4,13422,2.594
4,13423,2.962
4,13424,2.683
4,13425,2.265
4,13426,1.927
4,13427,1.692
4,13428,1.741
4,13429,2.166
4,13430,1.775
4,13431,2.193
4,13432,2.404
4,13433,2.054
4,13434,1.886
4,13435,1.648
4,13436,1.666
4,13437,1.903
4,13438,1.827
4,13439,1.721
4,13440,2.565
4,13441,1.999
4,13442,1.870
4,13443,1.832
4,13444,2.315
4,13445,1.847
4,13446,1.697
4,13447,1.770
4,13448,2.161
4,13449,2.355
4,13450,1.782
4,13451,1.690
4,13452,1.518
4,13453,1.482
4,13454,1.555
4,13455,2.036
4,13456,1.694
4,13457,1.673
4,13458,1.754
4,13459,2.267
4,13460,1.821
4,13461,1.786
4,13462,1.722
4,13463,1.655
4,13464,1.758
4,13465,2.331
4,13466,2.448
4,13467,2.055
4,13468,1.982
4,13469,1.756
4,13470,1.837
4,13471,2.148
4,13472,1.670
4,13473,2.382
4,13474,1.957
4,13475,1.718
4,13476,1.877
4,13477,1.929
4,13478,1.532
4,13479,1.498
4,13480,1.562
4,13481,1.893
4,13482,2.384
4,13483,1.809
4,13484,2.120
4,13485,2.179
4,13486,2.286
4,13487,2.234
4,13488,2.092
4,13489,2.097
4,13490,2.089
4,13491,2.146
4,13492,1.894
4,13493,1.758
4,13494,1.933
4,13495,2.238
4,13496,2.235
4,13497,2.623
4,13498,2.128
4,13499,1.887
4,13500,1.855
4,13501,1.975
4,13502,1.604
4,13503,1.459
4,13504,2.272
4,13505,2.731
4,13506,2.293
4,13507,2.145
4,13508,1.999
4,13509,1.642
4,13510,1.599
4,13511,1.920
4,13512,1.915
4,13513,2.002
4,13514,1.705
4,13515,2.033
4,13516,2.054
4,13517,1.764
4,13518,1.792
4,13519,1.870
4,13520,1.807
4,13521,2.158
4,13522,2.393
4,13523,1.972
4,13524,1.713
4,13525,1.767
4,13526,2.077
4,13527,1.833
4,13528,1.562
4,13529,2.128
4,13530,2.102
4,13531,2.314
4,13532,2.038
4,13533,2.086
4,13534,1.872
4,13535,1.711
4,13536,2.332
4,13537,2.338
4,13538,1.784
4,13539,2.547
4,13540,2.789
4,13541,2.096
4,13542,1.979
4,13543,2.265
4,13544,2.046
4,13545,2.347
4,13546,2.151
4,13547,1.857
4,13548,1.972
4,13549,2.115
4,13550,2.195
4,13551,2.032
4,13552,1.793
4,13553,1.959
4,13554,1.838
4,13555,2.074
4,13556,2.125
4,13557,2.064
4,13558,1.679
4,13559,3.020
4,13560,2.555
4,13561,1.970
4,13562,2.195
4,13563,2.379
4,13564,2.190
4,13565,3.073
4,13566,2.506
4,13567,2.319
4,13568,2.781
4,13569,2.270
4,13570,1.927
4,13571,2.206
4,13572,2.996
4,13573,2.356
4,13574,2.262
4,13575,2.101
4,13576,2.204
4,13577,2.497
4,13578,2.573
4,13579,2.865
4,13580,2.413
4,13581,2.207
4,13582,2.021
4,13583,2.064
4,13584,2.256
4,13585,2.945
4,13586,2.750
4,13587,1.994
4,13588,2.047
4,13589,3.157
4,13590,2.139
4,13591,2.336
4,13592,2.173
4,13593,1.963
4,13594,2.157
4,13595,1.858
4,13596,1.620
4,13597,1.603
4,13598,1.909
4,13599,2.183
4,13600,2.208
4,13601,2.123
4,13602,1.935
4,13603,2.089
4,13604,1.828
4,13605,1.683
4,13606,1.520
4,13607,1.549
4,13608,1.651
4,13609,2.591
4,13610,2.112
4,13611,2.253
4,13612,2.584
4,13613,1.950
4,13614,2.175
4,13615,1.788
4,13616,2.016
4,13617,2.300
4,13618,2.721
4,13619,2.426
4,13620,2.588
4,13621,2.440
4,13622,2.512
4,13623,2.650
4,13624,2.270
4,13625,1.857
4,13626,1.696
4,13627,1.829
4,13628,2.032
4,13629,1.597
4,13630,1.621
4,13631,2.117
4,13632,2.134
4,13633,1.995
4,13634,1.940
4,13635,2.030
4,13636,1.867
4,13637,2.437
4,13638,2.286
4,13639,2.082
4,13640,2.273
4,13641,2.682
4,13642,2.160
4,13643,1.607
4,13644,1.511
4,13645,2.294
4,13646,1.872
4,13647,1.989
4,13648,1.922
4,13649,1.745
4,13650,1.653
4,13651,1.624
4,13652,1.887
4,13653,1.774
4,13654,2.025
4,13655,2.399
4,13656,2.656
4,13657,2.022
4,13658,1.773
4,13659,2.062
4,13660,1.989
4,13661,1.813
4,13662,2.617
4,13663,2.292
4,13664,1.814
4,13665,1.728
4,13666,1.872
4,13667,1.838
4,13668,1.619
4,13669,1.637
4,13670,1.738
4,13671,2.066
4,13672,2.068
4,13673,2.024
4,13674,1.641
4,13675,1.527
4,13676,1.522
4,13677,1.747
4,13678,1.905
4,13679,1.698
4,13680,1.798
4,13681,2.728
4,13682,1.972
4,13683,1.850
4,13684,2.031
4,13685,2.051
4,13686,1.932
4,13687,1.743
4,13688,2.554
4,13689,2.515
4,13690,1.704
4,13691,1.821
5,1,2.021
5,2,1.731
5,3,1.787
5,4,1.932
5,5,2.463
5,6,2.368
5,7,2.964
5,8,2.218
5,9,2.324
5,10,2.378
5,11,2.605
5,12,2.616
5,13,2.209
5,14,2.324
5,15,2.218
5,16,2.192
5,17,2.074
5,18,2.382
5,19,2.471
5,20,2.515
5,21,2.246
5,22,2.518
5,23,2.123
5,24,2.284
5,25,2.250
5,26,2.154
5,27,2.288
5,28,2.359
5,29,2.008
5,30,2.019
5,31,1.966
5,32,2.269
5,33,2.405
5,34,2.020
5,35,1.600
5,36,1.650
5,37,2.309
5,38,2.523
5,39,2.570
5,40,2.653
5,41,2.224
5,42,2.280
5,43,1.909
5,44,1.837
5,45,1.619
5,46,1.626
5,47,2.492
5,48,2.296
5,49,1.982
5,50,1.967
5,51,2.052
5,52,2.221
5,53,1.975
5,54,2.055
5,55,2.590
5,56,2.177
5,57,2.135
5,58,1.937
5,59,1.779
5,60,2.228
5,61,2.251
5,62,4.457
5,63,3.537
5,64,3.709
5,65,3.064
5,66,3.607
5,67,3.143
5,68,3.224
5,69,2.935
5,70,2.999
5,71,3.380
5,72,3.771
5,73,3.811
5,74,5.679
5,75,3.787
5,76,3.270
5,77,3.169
5,78,4.233
5,79,3.189
5,80,2.724
5,81,2.715
5,82,2.514
5,83,2.571
5,84,2.726
5,85,2.876
5,86,2.930
5,87,2.495
5,88,2.651
5,89,2.483
5,90,2.088
5,91,2.633
5,92,2.507
5,93,2.786
5,94,2.507
5,95,2.436
5,96,2.431
5,97,2.912
5,98,2.387
5,99,2.351
5,100,2.684
5,101,2.943
5,102,2.804
5,103,2.668
5,104,2.786
5,105,2.369
5,106,2.199
5,107,2.784
5,108,2.462
5,109,2.551
5,110,2.417
5,111,2.381
5,112,2.395
5,113,2.355
5,114,2.838
5,115,3.411
5,116,2.861
5,117,2.539
5,118,2.407
5,119,2.289
5,120,2.581
5,121,3.925
5,122,2.501
5,123,2.769
5,124,2.420
5,125,2.242
5,126,2.087
5,127,2.339
5,128,2.512
5,129,2.110
5,130,2.003
5,131,2.249
5,132,2.363
5,133,2.459
5,134,2.767
5,135,2.704
5,136,3.432
5,137,3.986
5,138,2.622
5,139,2.852
5,140,3.354
5,141,2.951
5,142,2.932
5,143,2.240
5,144,2.586
5,145,2.522
5,146,2.679
5,147,2.111
5,148,1.855
5,149,2.775
5,150,3.014
5,151,3.105
5,152,2.814
5,153,1.972
5,154,2.187
5,155,1.963
5,156,1.972
5,157,1.730
5,158,2.060
5,159,2.024
5,160,1.659
5,161,1.526
5,162,1.617
5,163,1.591
5,164,1.570
5,165,1.767
5,166,2.319
5,167,2.253
5,168,2.346
5,169,2.583
5,170,2.324
5,171,1.596
5,172,1.837
5,173,2.023
5,174,2.653
5,175,1.846
5,176,1.926
5,177,1.918
5,178,1.765
5,179,2.040
5,180,1.995
5,181,2.175
5,182,2.019
5,183,2.415
5,184,2.029
5,185,1.741
5,186,1.631
5,187,1.689
5,188,1.611
5,189,2.196
5,190,2.672
5,191,1.830
5,192,1.913
5,193,1.659
5,194,1.907
5,195,2.082
5,196,1.620
5,197,2.272
5,198,2.982
5,199,2.094
5,200,1.978
5,201,2.626
5,202,2.107
5,203,2.239
5,204,3.260
5,205,2.127
5,206,3.129
5,207,2.483
5,208,2.237
5,209,1.900
5,210,1.987
5,211,1.794
5,212,2.209
5,213,2.029
5,214,1.601
5,215,1.551
5,216,1.873
5,217,2.144
5,218,2.055
5,219,1.909
5,220,1.905
5,221,1.945
5,222,1.853
5,223,2.178
5,224,2.047
5,225,1.765
5,226,2.336
5,227,2.657
5,228,1.970
5,229,1.609
5,230,1.776
5,231,1.772
5,232,1.659
5,233,1.911
5,234,2.104
5,235,2.270
5,236,1.723
5,237,2.031
5,238,2.238
5,239,1.645
5,240,1.498
5,241,1.783
5,242,1.889
5,243,2.204
5,244,3.090
5,245,2.570
5,246,2.433
5,247,2.448
5,248,2.017
5,249,2.002
5,250,2.812
5,251,2.774
5,252,1.935
5,253,2.041
5,254,1.893
5,255,1.672
5,256,1.758
5,257,2.273
5,258,1.820
5,259,1.523
5,260,2.496
5,261,2.148
5,262,1.850
5,263,2.510
5,264,2.484
5,265,2.235
5,266,2.398
5,267,2.062
5,268,1.950
5,269,1.778
5,270,2.151
5,271,2.441
5,272,2.835
5,273,2.381
5,274,1.932
5,275,2.313
5,276,2.424
5,277,1.887
5,278,1.932
5,279,2.758
5,280,2.251
5,281,1.869
5,282,2.176
5,283,2.280
5,284,2.587
5,285,2.611
5,286,2.427
5,287,2.246
5,288,2.514
5,289,2.297
5,290,1.905
5,291,2.281
5,292,3.333
5,293,2.550
5,294,2.665
5,295,2.265
5,296,2.727
5,297,2.394
5,298,2.139
5,299,2.738
5,300,2.218
5,301,1.786
5,302,1.719
5,303,1.865
5,304,1.765
5,305,1.848
5,306,1.973
5,307,2.273
5,308,2.354
5,309,1.949
5,310,2.183
5,311,1.867
5,312,2.064
5,313,2.364
5,314,2.220
5,315,2.051
5,316,2.551
5,317,2.161
5,318,1.793
5,319,2.029
5,320,2.290
5,321,2.022
5,322,2.138
5,323,2.200
5,324,2.262
5,325,1.883
5,326,1.873
5,327,1.836
5,328,1.724
5,329,2.199
5,330,2.353
5,331,1.774
5,332,1.576
5,333,2.236
5,334,2.026
5,335,1.757
5,336,1.660
5,337,1.946
5,338,1.968
5,339,2.384
5,340,2.576
5,341,1.909
5,342,1.948
5,343,2.259
5,344,2.430
5,345,3.082
5,346,2.429
5,347,1.993
5,348,1.808
5,349,1.828
5,350,2.013
5,351,1.630
5,352,1.650
5,353,3.483
5,354,2.126
5,355,1.744
5,356,2.085
5,357,2.198
5,358,2.802
5,359,2.565
5,360,2.298
5,361,2.612
5,362,2.663
5,363,2.085
5,364,2.691
5,365,4.405
5,366,2.761
5,367,1.935
5,368,1.727
5,369,1.827
5,370,2.093
5,371,1.894
5,372,1.980
5,373,2.515
5,374,2.695
5,375,4.034
5,376,2.870
5,377,6.805
5,378,5.114
5,379,3.507
5,380,3.845
5,381,3.586
5,382,3.909
5,383,3.868
5,384,3.906
5,385,3.217
5,386,3.339
5,387,3.593
5,388,3.284
5,389,3.532
5,390,3.205
5,391,2.923
5,392,3.290
5,393,3.026
5,394,3.854
5,395,3.134
5,396,3.524
5,397,2.994
5,398,3.806
5,399,3.773
5,400,3.339
5,401,3.464
5,402,4.589
5,403,4.228
5,404,3.585
5,405,2.624
5,406,2.626
5,407,3.698
5,408,2.791
5,409,2.842
5,410,3.189
5,411,3.453
5,412,4.361
5,413,5.104
5,414,4.654
5,415,5.327
5,416,4.270
5,417,3.597
5,418,2.548
5,419,2.329
5,420,2.417
5,421,1.902
5,422,2.002
5,423,1.881
5,424,1.733
5,425,1.809
5,426,1.952
5,427,2.347
5,428,1.877
5,429,2.122
5,430,1.733
5,431,1.610
5,432,1.721
5,433,1.785
5,434,1.550
5,435,1.465
5,436,1.772
5,437,1.957
5,438,1.973
5,439,1.924
5,440,1.533
5,441,1.748
5,442,1.684
5,443,1.610
5,444,1.679
5,445,1.831
5,446,1.749
5,447,1.568
5,448,2.301
5,449,2.463
5,450,1.733
5,451,1.603
5,452,1.789
5,453,1.827
5,454,2.817
5,455,2.333
5,456,2.037
5,457,1.871
5,458,2.519
5,459,2.377
5,460,1.873
5,461,1.790
5,462,1.781
5,463,1.752
5,464,1.907
5,465,1.666
5,466,1.608
5,467,1.878
5,468,1.628
5,469,2.154
5,470,2.806
5,471,2.258
5,472,2.255
5,473,2.575
5,474,2.394
5,475,3.015
5,476,3.001
5,477,3.005
5,478,3.017
5,479,4.298
5,480,2.695
5,481,2.273
5,482,1.692
5,483,1.879
5,484,1.664
5,485,1.792
5,486,1.773
5,487,2.098
5,488,1.586
5,489,1.858
5,490,2.110
5,491,2.200
5,492,1.566
5,493,1.453
5,494,1.785
5,495,1.755
5,496,1.687
5,497,1.608
5,498,1.923
5,499,1.995
5,500,1.887
5,501,2.768
5,502,2.074
5,503,1.785
5,504,1.604
5,505,1.757
5,506,2.257
5,507,2.079
5,508,2.501
5,509,2.383
5,510,1.859
5,511,2.027
5,512,1.848
5,513,1.588
5,514,1.956
5,515,1.840
5,516,1.969
5,517,1.749
5,518,1.776
5,519,1.620
5,520,1.771
5,521,1.608
5,522,2.063
5,523,1.952
5,524,1.797
5,525,1.773
5,526,1.668
5,527,1.754
5,528,2.212
5,529,1.658
5,530,1.475
5,531,2.481
5,532,2.038
5,533,1.888
5,534,2.004
5,535,2.265
5,536,2.126
5,537,2.883
5,538,2.106
5,539,2.103
5,540,2.276
5,541,2.153
5,542,2.176
5,543,1.978
5,544,2.019
5,545,2.459
5,546,2.624
5,547,2.218
5,548,1.973
5,549,1.920
5,550,2.837
5,551,2.599
5,552,2.683
5,553,3.021
5,554,2.207
5,555,2.354
5,556,2.435
5,557,2.436
5,558,2.994
5,559,2.504
5,560,2.232
5,561,2.352
5,562,2.386
5,563,2.493
5,564,2.593
5,565,2.675
5,566,2.495
5,567,2.448
5,568,1.934
5,569,1.940
5,570,2.101
5,571,2.470
5,572,2.846
5,573,2.186
5,574,1.714
5,575,1.973
5,576,1.983
5,577,1.702
5,578,1.526
5,579,1.895
5,580,2.609
5,581,2.172
5,582,1.550
5,583,1.735
5,584,2.066
5,585,1.698
5,586,1.814
5,587,2.064
5,588,2.393
5,589,2.313
5,590,2.395
5,591,2.286
5,592,2.776
5,593,2.319
5,594,2.641
5,595,2.762
5,596,2.405
5,597,2.095
5,598,2.127
5,599,2.519
5,600,2.070
5,601,2.928
5,602,2.480
5,603,2.263
5,604,2.299
5,605,2.117
5,606,2.720
5,607,2.612
5,608,2.340
5,609,2.014
5,610,2.401
5,611,2.349
5,612,2.097
5,613,2.516
5,614,2.897
5,615,2.377
5,616,2.856
5,617,2.328
5,618,2.305
5,619,2.459
5,620,3.084
5,621,3.010
5,622,2.667
5,623,2.788
5,624,2.655
5,625,2.627
5,626,3.242
5,627,3.028
5,628,2.894
5,629,2.810
5,630,2.700
5,631,4.432
5,632,4.086
5,633,3.341
5,634,2.446
5,635,2.736
5,636,2.692
5,637,2.610
5,638,2.524
5,639,2.513
5,640,3.363
5,641,2.588
5,642,3.205
5,643,2.636
5,644,2.466
5,645,2.573
5,646,2.915
5,647,2.660
5,648,2.349
5,649,2.213
5,650,2.366
5,651,2.611
5,652,2.260
5,653,2.680
5,654,2.350
5,655,2.480
5,656,2.408
5,657,2.484
5,658,2.557
5,659,3.063
5,660,2.791
5,661,2.480
5,662,2.434
5,663,2.485
5,664,2.759
5,665,2.579
5,666,3.213
5,667,2.815
5,668,2.244
5,669,2.399
5,670,2.536
5,671,2.855
5,672,2.582
5,673,2.354
5,674,2.641
5,675,2.092
5,676,1.748
5,677,1.677
5,678,1.900
5,679,2.268
5,680,2.096
5,681,1.815
5,682,1.827
5,683,2.021
5,684,1.896
5,685,2.150
5,686,2.168
5,687,2.098
5,688,2.174
5,689,2.255
5,690,2.164
5,691,2.791
5,692,2.041
5,693,2.319
5,694,2.621
5,695,2.079
5,696,1.814
5,697,1.780
5,698,1.935
5,699,2.310
5,700,2.000
5,701,2.048
5,702,2.003
5,703,2.041
5,704,2.204
5,705,1.970
5,706,1.630
5,707,1.631
5,708,2.027
5,709,2.076
5,710,1.773
5,711,1.522
5,712,1.779
5,713,1.815
5,714,1.706
5,715,1.757
5,716,2.031
5,717,2.334
5,718,2.711
5,719,2.874
5,720,2.306
5,721,2.226
5,722,2.362
5,723,2.321
5,724,2.535
5,725,2.231
5,726,1.685
5,727,1.635
5,728,1.961
5,729,1.701
5,730,1.486
5,731,1.514
5,732,2.045
5,733,1.932
5,734,1.520
5,735,2.084
5,736,1.865
5,737,1.608
5,738,1.616
5,739,1.649
5,740,1.897
5,741,2.129
5,742,1.800
5,743,1.666
5,744,2.197
5,745,2.090
5,746,1.632
5,747,1.587
5,748,1.709
5,749,1.807
5,750,3.402
5,751,2.186
5,752,1.566
5,753,1.484
5,754,1.972
5,755,1.902
5,756,1.520
5,757,1.946
5,758,1.685
5,759,1.986
5,760,2.221
5,761,1.847
5,762,1.765
5,763,2.050
5,764,1.663
5,765,3.891
5,766,2.681
5,767,2.300
5,768,2.676
5,769,3.061
5,770,3.709
5,771,2.702
5,772,2.369
5,773,2.081
5,774,1.721
5,775,1.799
5,776,2.244
5,777,2.722
5,778,2.211
5,779,2.066
5,780,2.022
5,781,2.056
5,782,1.982
5,783,1.934
5,784,2.073
5,785,2.269
5,786,2.163
5,787,2.191
5,788,1.985
5,789,1.801
5,790,1.692
5,791,2.109
5,792,2.158
5,793,1.929
5,794,1.673
5,795,1.649
5,796,2.235
5,797,1.788
5,798,1.426
5,799,1.372
5,800,1.440
5,801,2.075
5,802,1.841
5,803,1.728
5,804,1.587
5,805,1.645
5,806,1.878
5,807,1.637
5,808,1.792
5,809,1.975
5,810,1.726
5,811,1.591
5,812,1.711
5,813,1.794
5,814,1.650
5,815,1.678
5,816,2.234
5,817,2.014
5,818,1.978
5,819,2.356
5,820,1.959
5,821,1.722
5,822,1.553
5,823,1.555
5,824,1.825
5,825,2.104
5,826,1.557
5,827,1.709
5,828,2.053
5,829,1.897
5,830,1.923
5,831,1.729
5,832,1.576
5,833,1.908
5,834,2.208
5,835,2.666
5,836,1.919
5,837,1.507
5,838,1.564
5,839,1.863
5,840,1.815
5,841,1.767
5,842,1.838
5,843,1.795
5,844,2.554
5,845,1.891
5,846,2.227
5,847,1.746
5,848,1.507
5,849,1.539
5,850,1.605
5,851,1.709
5,852,1.784
5,853,1.493
5,854,1.963
5,855,1.649
5,856,1.563
5,857,1.688
5,858,1.904
5,859,1.615
5,860,1.455
5,861,1.483
5,862,1.729
5,863,2.068
5,864,2.023
5,865,1.506
5,866,1.688
5,867,2.150
5,868,2.028
5,869,1.941
5,870,2.020
5,871,1.943
5,872,1.741
5,873,2.180
5,874,2.141
5,875,1.687
5,876,1.641
5,877,1.768
5,878,1.621
5,879,1.971
5,880,1.743
5,881,1.613
5,882,1.509
5,883,1.745
5,884,1.504
5,885,1.879
5,886,1.718
5,887,1.418
5,888,1.348
5,889,2.863
5,890,1.852
5,891,1.745
5,892,1.453
5,893,1.839
5,894,1.624
5,895,1.643
5,896,1.587
5,897,2.421
5,898,1.914
5,899,1.679
5,900,2.218
5,901,2.100
5,902,2.287
5,903,1.732
5,904,1.638
5,905,1.958
5,906,2.294
5,907,2.048
5,908,1.842
5,909,1.586
5,910,1.573
5,911,2.258
5,912,2.019
5,913,1.809
5,914,1.633
5,915,1.722
5,916,1.634
5,917,1.624
5,918,1.701
5,919,1.639
5,920,1.497
5,921,1.738
5,922,1.647
5,923,2.477
5,924,2.249
5,925,2.008
5,926,2.341
5,927,2.171
5,928,2.472
5,929,3.137
5,930,5.270
5,931,2.652
5,932,1.792
5,933,1.660
5,934,1.932
5,935,2.273
5,936,2.711
5,937,2.256
5,938,2.032
5,939,1.897
5,940,2.238
5,941,1.965
5,942,1.781
5,943,2.456
5,944,2.898
5,945,2.215
5,946,2.297
5,947,2.203
5,948,1.709
5,949,1.959
5,950,1.938
5,951,2.811
5,952,2.437
5,953,2.086
5,954,1.895
5,955,1.495
5,956,1.500
5,957,2.213
5,958,2.457
5,959,3.343
5,960,2.476
5,961,1.795
5,962,1.650
5,963,1.861
5,964,1.711
5,965,1.778
5,966,1.718
5,967,2.051
5,968,2.063
5,969,1.973
5,970,1.833
5,971,2.076
5,972,1.776
5,973,1.916
5,974,2.416
5,975,1.910
5,976,1.602
5,977,1.575
5,978,2.164
5,979,1.680
5,980,1.488
5,981,1.465
5,982,2.081
5,983,1.947
5,984,1.761
5,985,2.033
5,986,1.835
5,987,1.489
5,988,1.994
5,989,2.058
5,990,1.916
5,991,2.029
5,992,1.544
5,993,1.939
5,994,1.876
5,995,1.805
5,996,1.797
5,997,2.453
5,998,1.943
5,999,1.839
5,1000,2.353
5,1001,1.821
5,1002,1.558
5,1003,1.627
5,1004,1.793
5,1005,1.728
5,1006,2.057
5,1007,2.069
5,1008,2.762
5,1009,2.390
5,1010,2.501
5,1011,2.314
5,1012,1.624
5,1013,1.560
5,1014,2.106
5,1015,2.159
5,1016,1.764
5,1017,1.636
5,1018,1.857
5,1019,1.741
5,1020,1.635
5,1021,1.966
5,1022,2.067
5,1023,2.127
5,1024,1.877
5,1025,2.095
5,1026,2.221
5,1027,1.781
5,1028,1.832
5,1029,1.806
5,1030,1.685
5,1031,1.728
5,1032,3.066
5,1033,1.976
5,1034,1.553
5,1035,1.633
5,1036,1.925
5,1037,1.703
5,1038,1.425
5,1039,1.513
5,1040,1.869
5,1041,2.190
5,1042,1.861
5,1043,1.804
5,1044,1.703
5,1045,1.581
5,1046,1.580
5,1047,1.766
5,1048,2.026
5,1049,1.934
5,1050,2.225
5,1051,2.426
5,1052,2.236
5,1053,1.694
5,1054,1.844
5,1055,1.812
5,1056,1.564
5,1057,1.848
5,1058,2.384
5,1059,1.976
5,1060,2.208
5,1061,2.608
5,1062,2.530
5,1063,2.067
5,1064,2.835
5,1065,2.484
5,1066,2.421
5,1067,2.760
5,1068,1.970
5,1069,2.030
5,1070,2.835
5,1071,3.435
5,1072,2.936
5,1073,2.836
5,1074,3.488
5,1075,2.983
5,1076,3.697
5,1077,2.815
5,1078,2.175
5,1079,2.607
5,1080,2.797
5,1081,2.673
5,1082,2.597
5,1083,2.483
5,1084,2.836
5,1085,2.451
5,1086,2.283
5,1087,3.734
5,1088,2.674
5,1089,2.518
5,1090,2.355
5,1091,2.151
5,1092,2.845
5,1093,2.654
5,1094,2.762
5,1095,2.492
5,1096,2.274
5,1097,2.124
5,1098,2.543
5,1099,2.399
5,1100,2.716
5,1101,2.718
5,1102,2.133
5,1103,2.400
5,1104,2.473
5,1105,2.242
5,1106,2.460
5,1107,2.943
5,1108,3.292
5,1109,2.676
5,1110,2.652
5,1111,3.105
5,1112,3.782
5,1113,2.568
5,1114,2.478
5,1115,1.863
5,1116,1.704
5,1117,2.163
5,1118,2.179
5,1119,2.774
5,1120,3.053
5,1121,2.143
5,1122,2.519
5,1123,1.937
5,1124,1.556
5,1125,1.437
5,1126,1.766
5,1127,1.795
5,1128,1.663
5,1129,1.763
5,1130,1.972
5,1131,1.908
5,1132,2.222
5,1133,1.901
5,1134,2.476
5,1135,1.960
5,1136,1.635
5,1137,1.768
5,1138,1.779
5,1139,1.682
5,1140,1.862
5,1141,2.054
5,1142,1.661
5,1143,2.016
5,1144,1.801
5,1145,2.045
5,1146,1.711
5,1147,1.431
5,1148,1.516
5,1149,1.922
5,1150,1.795
5,1151,2.568
5,1152,2.060
5,1153,1.765
5,1154,1.701
5,1155,1.628
5,1156,1.961
5,1157,1.796
5,1158,1.681
5,1159,2.491
5,1160,3.191
5,1161,3.018
5,1162,4.065
5,1163,2.369
5,1164,2.431
5,1165,2.638
5,1166,2.060
5,1167,1.994
5,1168,1.985
5,1169,1.707
5,1170,1.614
5,1171,1.842
5,1172,2.203
5,1173,2.102
5,1174,2.205
5,1175,2.016
5,1176,1.519
5,1177,1.598
5,1178,2.288
5,1179,1.900
5,1180,1.678
5,1181,2.056
5,1182,2.135
5,1183,1.869
5,1184,2.891
5,1185,1.924
5,1186,1.653
5,1187,1.563
5,1188,1.647
5,1189,1.869
5,1190,2.028
5,1191,1.891
5,1192,1.951
5,1193,2.207
5,1194,2.139
5,1195,2.003
5,1196,1.833
5,1197,1.945
5,1198,2.244
5,1199,2.339
5,1200,2.164
5,1201,2.166
5,1202,2.300
5,1203,2.020
5,1204,1.912
5,1205,2.551
5,1206,2.771
5,1207,2.886
5,1208,3.043
5,1209,2.841
5,1210,3.246
5,1211,3.066
5,1212,2.643
5,1213,2.604
5,1214,2.618
5,1215,3.001
5,1216,2.616
5,1217,2.660
5,1218,2.457
5,1219,2.140
5,1220,2.370
5,1221,2.330
5,1222,2.590
5,1223,3.593
5,1224,2.484
5,1225,2.258
5,1226,2.612
5,1227,2.173
5,1228,2.194
5,1229,2.645
5,1230,2.294
5,1231,2.213
5,1232,1.959
5,1233,1.928
5,1234,2.105
5,1235,2.369
5,1236,2.152
5,1237,2.623
5,1238,2.306
5,1239,2.225
5,1240,2.085
5,1241,2.093
5,1242,2.107
5,1243,2.334
5,1244,3.286
5,1245,2.816
5,1246,2.567
5,1247,2.849
5,1248,2.356
5,1249,2.714
5,1250,2.535
5,1251,2.324
5,1252,2.691
5,1253,2.010
5,1254,2.071
5,1255,2.504
5,1256,2.703
5,1257,2.452
5,1258,2.449
5,1259,2.734
5,1260,2.356
5,1261,2.005
5,1262,2.306
5,1263,2.406
5,1264,2.378
5,1265,2.155
5,1266,2.258
5,1267,2.461
5,1268,2.251
5,1269,2.777
5,1270,2.410
5,1271,2.224
5,1272,2.416
5,1273,2.476
5,1274,2.831
5,1275,2.416
5,1276,2.456
5,1277,2.447
5,1278,2.426
5,1279,2.203
5,1280,1.898
5,1281,2.057
5,1282,2.050
5,1283,2.150
5,1284,2.131
5,1285,2.075
5,1286,2.011
5,1287,2.032
5,1288,2.146
5,1289,2.191
5,1290,3.335
5,1291,2.256
5,1292,1.849
5,1293,1.678
5,1294,2.000
5,1295,1.960
5,1296,1.694
5,1297,1.657
5,1298,2.407
5,1299,2.461
5,1300,2.119
5,1301,1.917
5,1302,1.724
5,1303,1.714
5,1304,1.869
5,1305,2.477
5,1306,2.780
5,1307,2.603
5,1308,2.126
5,1309,2.310
5,1310,2.623
5,1311,2.477
5,1312,2.389
5,1313,2.728
5,1314,2.900
5,1315,2.169
5,1316,2.273
5,1317,2.233
5,1318,2.198
5,1319,2.260
5,1320,1.999
5,1321,2.023
5,1322,2.476
5,1323,1.861
5,1324,1.642
5,1325,1.743
5,1326,2.281
5,1327,2.405
5,1328,2.272
5,1329,2.850
5,1330,2.746
5,1331,2.316
5,1332,2.431
5,1333,2.747
5,1334,2.795
5,1335,2.596
5,1336,2.129
5,1337,3.042
5,1338,2.701
5,1339,2.579
5,1340,2.434
5,1341,2.275
5,1342,2.665
5,1343,2.360
5,1344,2.293
5,1345,3.121
5,1346,2.836
5,1347,2.574
5,1348,2.314
5,1349,2.451
5,1350,2.730
5,1351,2.958
5,1352,2.238
5,1353,2.446
5,1354,2.649
5,1355,2.108
5,1356,2.214
5,1357,2.383
5,1358,2.595
5,1359,2.296
5,1360,2.039
5,1361,1.963
5,1362,2.406
5,1363,2.487
5,1364,2.337
5,1365,2.456
5,1366,2.481
5,1367,2.184
5,1368,2.133
5,1369,1.787
5,1370,1.675
5,1371,1.900
5,1372,2.216
5,1373,2.044
5,1374,1.753
5,1375,2.559
5,1376,1.919
5,1377,2.011
5,1378,1.716
5,1379,2.029
5,1380,1.787
5,1381,1.564
5,1382,1.769
5,1383,1.800
5,1384,2.340
5,1385,1.562
5,1386,1.785
5,1387,1.987
5,1388,2.677
5,1389,2.041
5,1390,1.958
5,1391,1.672
5,1392,1.521
5,1393,2.591
5,1394,1.722
5,1395,1.988
5,1396,2.214
5,1397,2.183
5,1398,1.908
5,1399,1.827
5,1400,2.109
5,1401,1.884
5,1402,2.313
5,1403,2.278
5,1404,1.968
5,1405,1.665
5,1406,1.586
5,1407,1.712
5,1408,1.678
5,1409,1.440
5,1410,1.404
5,1411,1.506
5,1412,2.087
5,1413,1.691
5,1414,1.544
5,1415,1.506
5,1416,1.480
5,1417,1.407
5,1418,1.426
5,1419,1.487
5,1420,1.748
5,1421,1.599
5,1422,1.605
5,1423,1.920
5,1424,1.826
5,1425,1.997
5,1426,1.838
5,1427,1.526
5,1428,1.770
5,1429,1.832
5,1430,1.763
5,1431,2.106
5,1432,2.583
5,1433,2.597
5,1434,1.841
5,1435,1.803
5,1436,1.705
5,1437,1.504
5,1438,1.382
5,1439,2.203
5,1440,2.103
5,1441,1.807
5,1442,2.292
5,1443,1.737
5,1444,1.419
5,1445,1.489
5,1446,1.561
5,1447,1.992
5,1448,2.084
5,1449,1.543
5,1450,1.502
5,1451,1.618
5,1452,1.816
5,1453,1.659
5,1454,1.766
5,1455,3.656
5,1456,2.413
5,1457,2.626
5,1458,2.332
5,1459,2.166
5,1460,2.740
5,1461,1.796
5,1462,1.827
5,1463,2.550
5,1464,2.291
5,1465,2.174
5,1466,2.431
5,1467,1.863
5,1468,1.630
5,1469,1.372
5,1470,2.125
5,1471,2.352
5,1472,1.889
5,1473,1.817
5,1474,1.926
5,1475,2.065
5,1476,2.236
5,1477,2.551
5,1478,2.154
5,1479,2.251
5,1480,2.266
5,1481,2.438
5,1482,2.113
5,1483,2.166
5,1484,2.375
5,1485,2.891
5,1486,2.339
5,1487,2.144
5,1488,2.201
5,1489,2.437
5,1490,2.275
5,1491,2.775
5,1492,2.673
5,1493,2.288
5,1494,2.628
5,1495,2.411
5,1496,2.273
5,1497,2.711
5,1498,2.322
5,1499,3.053
5,1500,2.459
5,1501,2.480
5,1502,2.752
5,1503,2.677
5,1504,2.610
5,1505,2.558
5,1506,2.342
5,1507,1.975
5,1508,2.095
5,1509,2.239
5,1510,2.869
5,1511,2.593
5,1512,2.428
5,1513,2.523
5,1514,2.691
5,1515,2.252
5,1516,2.742
5,1517,2.788
5,1518,2.097
5,1519,2.207
5,1520,2.262
5,1521,2.792
5,1522,2.955
5,1523,2.322
5,1524,2.145
5,1525,2.285
5,1526,2.090
5,1527,2.059
5,1528,2.062
5,1529,3.136
5,1530,2.878
5,1531,2.804
5,1532,2.690
5,1533,2.546
5,1534,2.106
5,1535,1.922
5,1536,2.702
5,1537,2.157
5,1538,2.191
5,1539,2.344
5,1540,2.187
5,1541,2.074
5,1542,2.568
5,1543,2.845
5,1544,2.435
5,1545,2.248
5,1546,2.225
5,1547,2.003
5,1548,2.020
5,1549,1.972
5,1550,2.542
5,1551,2.410
5,1552,2.436
5,1553,1.931
5,1554,2.003
5,1555,2.147
5,1556,2.126
5,1557,2.099
5,1558,2.190
5,1559,2.379
5,1560,2.301
5,1561,2.193
5,1562,2.067
5,1563,2.311
5,1564,3.532
5,1565,2.166
5,1566,1.799
5,1567,2.079
5,1568,2.313
5,1569,2.099
5,1570,2.045
5,1571,2.155
5,1572,2.433
5,1573,2.360
5,1574,2.053
5,1575,1.886
5,1576,2.215
5,1577,2.111
5,1578,2.168
5,1579,2.513
5,1580,2.285
5,1581,2.051
5,1582,2.155
5,1583,2.208
5,1584,2.337
5,1585,2.290
5,1586,2.428
5,1587,2.594
5,1588,2.581
5,1589,2.334
5,1590,2.222
5,1591,2.736
5,1592,2.190
5,1593,2.012
5,1594,2.020
5,1595,2.329
5,1596,2.062
5,1597,1.844
5,1598,2.001
5,1599,2.691
5,1600,2.368
5,1601,2.771
5,1602,2.164
5,1603,2.020
5,1604,2.253
5,1605,2.048
5,1606,2.214
5,1607,2.588
5,1608,2.219
5,1609,2.349
5,1610,2.289
5,1611,2.183
5,1612,1.987
5,1613,2.527
5,1614,2.435
5,1615,2.703
5,1616,2.481
5,1617,2.325
5,1618,2.168
5,1619,2.114
5,1620,2.311
5,1621,2.487
5,1622,2.570
5,1623,2.420
5,1624,2.352
5,1625,2.455
5,1626,2.522
5,1627,2.389
5,1628,2.523
5,1629,2.309
5,1630,2.869
5,1631,2.467
5,1632,2.115
5,1633,2.848
5,1634,2.585
5,1635,2.144
5,1636,2.562
5,1637,2.836
5,1638,2.486
5,1639,2.255
5,1640,2.102
5,1641,2.019
5,1642,2.206
5,1643,1.943
5,1644,1.844
5,1645,2.379
5,1646,2.148
5,1647,2.459
5,1648,2.542
5,1649,2.266
5,1650,2.240
5,1651,2.607
5,1652,2.373
5,1653,2.385
5,1654,2.345
5,1655,2.215
5,1656,1.923
5,1657,1.840
5,1658,1.966
5,1659,1.969
5,1660,2.056
5,1661,2.667
5,1662,2.146
5,1663,2.007
5,1664,2.103
5,1665,2.014
5,1666,1.982
5,1667,2.003
5,1668,2.075
5,1669,2.370
5,1670,2.161
5,1671,2.126
5,1672,2.027
5,1673,1.930
5,1674,2.412
5,1675,2.032
5,1676,1.833
5,1677,2.882
5,1678,2.123
5,1679,2.045
5,1680,1.997
5,1681,1.893
5,1682,1.858
5,1683,1.870
5,1684,2.201
5,1685,2.517
5,1686,1.989
5,1687,2.032
5,1688,2.195
5,1689,1.986
5,1690,1.985
5,1691,2.014
5,1692,2.166
5,1693,2.861
5,1694,2.534
5,1695,2.274
5,1696,2.146
5,1697,2.153
5,1698,2.409
5,1699,2.242
5,1700,2.078
5,1701,2.451
5,1702,1.949
5,1703,1.875
5,1704,1.744
5,1705,1.706
5,1706,2.031
5,1707,2.487
5,1708,2.299
5,1709,2.083
5,1710,2.312
5,1711,2.157
5,1712,2.083
5,1713,1.917
5,1714,1.889
5,1715,2.337
5,1716,2.563
5,1717,2.282
5,1718,2.532
5,1719,2.420
5,1720,2.466
5,1721,2.141
5,1722,2.636
5,1723,2.042
5,1724,1.986
5,1725,2.244
5,1726,2.149
5,1727,1.735
5,1728,1.939
5,1729,2.192
5,1730,2.303
5,1731,1.897
5,1732,1.754
5,1733,1.590
5,1734,1.681
5,1735,2.151
5,1736,1.882
5,1737,2.011
5,1738,1.819
5,1739,1.775
5,1740,1.868
5,1741,1.610
5,1742,1.605
5,1743,1.663
5,1744,1.750
5,1745,1.828
5,1746,2.724
5,1747,2.160
5,1748,1.574
5,1749,1.387
5,1750,1.422
5,1751,1.801
5,1752,1.863
5,1753,1.461
5,1754,1.310
5,1755,2.576
5,1756,2.170
5,1757,2.083
5,1758,2.053
5,1759,2.512
5,1760,2.092
5,1761,2.102
5,1762,2.560
5,1763,2.530
5,1764,2.389
5,1765,2.371
5,1766,2.087
5,1767,2.113
5,1768,2.558
5,1769,2.600
5,1770,3.132
5,1771,2.844
5,1772,2.460
5,1773,2.516
5,1774,2.199
5,1775,3.032
5,1776,2.425
5,1777,2.354
5,1778,2.409
5,1779,2.082
5,1780,1.855
5,1781,2.318
5,1782,2.409
5,1783,2.127
5,1784,2.202
5,1785,2.371
5,1786,2.425
5,1787,2.144
5,1788,2.333
5,1789,2.201
5,1790,2.207
5,1791,3.344
5,1792,4.500
5,1793,2.776
5,1794,2.314
5,1795,2.344
5,1796,2.090
5,1797,1.971
5,1798,2.418
5,1799,2.049
5,1800,1.859
5,1801,2.636
5,1802,2.664
5,1803,2.046
5,1804,2.066
5,1805,2.203
5,1806,2.023
5,1807,2.252
5,1808,2.480
5,1809,2.412
5,1810,2.234
5,1811,2.366
5,1812,2.365
5,1813,2.167
5,1814,2.867
5,1815,3.119
5,1816,2.621
5,1817,2.055
5,1818,1.974
5,1819,2.330
5,1820,2.281
5,1821,1.930
5,1822,2.971
5,1823,2.234
5,1824,2.585
5,1825,2.152
5,1826,2.194
5,1827,2.119
5,1828,2.603
5,1829,2.386
5,1830,2.191
5,1831,2.399
5,1832,2.949
5,1833,2.286
5,1834,2.541
5,1835,2.279
5,1836,2.262
5,1837,2.320
5,1838,1.967
5,1839,2.041
5,1840,2.898
5,1841,2.529
5,1842,2.119
5,1843,2.180
5,1844,2.121
5,1845,2.102
5,1846,2.246
5,1847,2.125
5,1848,2.708
5,1849,2.600
5,1850,2.280
5,1851,2.053
5,1852,2.093
5,1853,1.937
5,1854,2.148
5,1855,2.678
5,1856,2.378
5,1857,1.819
5,1858,1.919
5,1859,2.263
5,1860,1.938
5,1861,1.734
5,1862,2.315
5,1863,2.510
5,1864,2.306
5,1865,2.090
5,1866,1.878
5,1867,1.856
5,1868,2.032
5,1869,2.084
5,1870,2.340
5,1871,2.815
5,1872,2.420
5,1873,1.834
5,1874,1.892
5,1875,2.155
5,1876,1.960
5,1877,2.173
5,1878,2.491
5,1879,1.844
5,1880,1.749
5,1881,1.551
5,1882,1.711
5,1883,1.656
5,1884,1.505
5,1885,1.414
5,1886,1.876
5,1887,1.906
5,1888,1.677
5,1889,1.878
5,1890,2.116
5,1891,1.574
5,1892,1.475
5,1893,1.601
5,1894,1.828
5,1895,2.229
5,1896,2.226
5,1897,2.321
5,1898,2.127
5,1899,2.195
5,1900,2.139
5,1901,2.074
5,1902,1.993
5,1903,2.103
5,1904,2.823
5,1905,1.994
5,1906,1.750
5,1907,2.442
5,1908,2.274
5,1909,2.449
5,1910,2.756
5,1911,2.212
5,1912,2.301
5,1913,2.217
5,1914,1.789
5,1915,1.916
5,1916,2.033
5,1917,2.713
5,1918,1.758
5,1919,1.647
5,1920,1.892
5,1921,1.664
5,1922,2.196
5,1923,1.840
5,1924,2.309
5,1925,2.463
5,1926,2.286
5,1927,2.255
5,1928,1.675
5,1929,1.664
5,1930,1.741
5,1931,1.635
5,1932,1.591
5,1933,1.964
5,1934,2.646
5,1935,1.837
5,1936,1.534
5,1937,1.853
5,1938,2.102
5,1939,1.562
5,1940,1.383
5,1941,1.568
5,1942,2.082
5,1943,2.830
5,1944,1.811
5,1945,1.865
5,1946,1.772
5,1947,1.730
5,1948,1.918
5,1949,2.259
5,1950,1.809
5,1951,2.223
5,1952,2.496
5,1953,2.346
5,1954,1.937
5,1955,2.048
5,1956,1.929
5,1957,1.815
5,1958,2.145
5,1959,2.042
5,1960,2.222
5,1961,1.819
5,1962,2.030
5,1963,2.083
5,1964,1.625
5,1965,1.557
5,1966,1.971
5,1967,1.836
5,1968,1.562
5,1969,2.122
5,1970,1.656
5,1971,1.434
5,1972,1.450
5,1973,1.643
5,1974,1.757
5,1975,1.936
5,1976,1.763
5,1977,1.691
5,1978,1.908
5,1979,2.630
5,1980,2.977
5,1981,1.824
5,1982,1.603
5,1983,2.400
5,1984,2.270
5,1985,2.066
5,1986,1.883
5,1987,2.658
5,1988,2.082
5,1989,1.772
5,1990,1.834
5,1991,1.734
5,1992,1.462
5,1993,1.435
5,1994,1.535
5,1995,1.725
5,1996,1.456
5,1997,1.605
5,1998,1.351
5,1999,1.660
5,2000,1.941
5,2001,1.880
5,2002,1.704
5,2003,1.821
5,2004,1.617
5,2005,1.483
5,2006,1.531
5,2007,1.822
5,2008,2.038
5,2009,2.693
5,2010,1.917
5,2011,1.709
5,2012,1.660
5,2013,1.462
5,2014,1.461
5,2015,1.450
5,2016,1.387
5,2017,1.628
5,2018,2.722
5,2019,1.869
5,2020,1.425
5,2021,1.330
5,2022,1.317
5,2023,1.495
5,2024,1.599
5,2025,1.498
5,2026,1.312
5,2027,2.042
5,2028,2.097
5,2029,2.091
5,2030,1.697
5,2031,1.644
5,2032,1.709
5,2033,1.661
5,2034,1.574
5,2035,1.747
5,2036,3.227
5,2037,2.175
5,2038,2.392
5,2039,2.088
5,2040,1.789
5,2041,1.511
5,2042,1.501
5,2043,1.708
5,2044,1.682
5,2045,1.542
5,2046,1.811
5,2047,1.671
5,2048,2.018
5,2049,1.798
5,2050,1.925
5,2051,2.174
5,2052,3.261
5,2053,2.564
5,2054,2.107
5,2055,2.059
5,2056,2.417
5,2057,1.998
5,2058,2.053
5,2059,2.315
5,2060,2.368
5,2061,1.862
5,2062,1.962
5,2063,1.902
5,2064,2.057
5,2065,1.936
5,2066,2.309
5,2067,2.176
5,2068,1.839
5,2069,2.530
5,2070,2.257
5,2071,1.837
5,2072,2.491
5,2073,2.192
5,2074,2.186
5,2075,1.928
5,2076,1.599
5,2077,1.441
5,2078,1.554
5,2079,1.569
5,2080,1.730
5,2081,1.873
5,2082,2.069
5,2083,2.038
5,2084,1.854
5,2085,2.034
5,2086,1.586
5,2087,1.658
5,2088,1.470
5,2089,1.461
5,2090,1.423
5,2091,2.425
5,2092,2.073
5,2093,1.509
5,2094,1.295
5,2095,1.459
5,2096,1.480
5,2097,1.613
5,2098,1.620
5,2099,1.420
5,2100,1.543
5,2101,1.657
5,2102,1.891
5,2103,1.645
5,2104,1.703
5,2105,1.507
5,2106,1.353
5,2107,1.317
5,2108,1.425
5,2109,1.645
5,2110,1.685
5,2111,3.248
5,2112,2.323
5,2113,1.713
5,2114,1.445
5,2115,1.917
5,2116,1.710
5,2117,1.581
5,2118,1.527
5,2119,1.616
5,2120,1.808
5,2121,1.828
5,2122,1.731
5,2123,1.333
5,2124,1.407
5,2125,1.501
5,2126,1.411
5,2127,1.914
5,2128,1.647
5,2129,1.885
5,2130,1.641
5,2131,1.527
5,2132,1.500
5,2133,2.323
5,2134,1.549
5,2135,1.420
5,2136,1.315
5,2137,1.536
5,2138,1.846
5,2139,1.852
5,2140,1.857
5,2141,1.956
5,2142,1.749
5,2143,1.851
5,2144,1.557
5,2145,2.115
5,2146,1.685
5,2147,1.796
5,2148,2.351
5,2149,2.321
5,2150,2.003
5,2151,1.547
5,2152,1.815
5,2153,1.513
5,2154,1.552
5,2155,1.745
5,2156,2.167
5,2157,2.119
5,2158,1.653
5,2159,1.460
5,2160,1.648
5,2161,1.667
5,2162,1.751
5,2163,1.377
5,2164,1.414
5,2165,2.243
5,2166,1.932
5,2167,1.976
5,2168,2.742
5,2169,4.261
5,2170,3.983
5,2171,2.676
5,2172,2.577
5,2173,2.359
5,2174,2.190
5,2175,2.371
5,2176,2.460
5,2177,2.877
5,2178,2.581
5,2179,2.258
5,2180,2.394
5,2181,2.582
5,2182,2.505
5,2183,2.425
5,2184,4.909
5,2185,3.557
5,2186,3.181
5,2187,3.231
5,2188,3.377
5,2189,2.541
5,2190,1.985
5,2191,1.678
5,2192,1.570
5,2193,1.844
5,2194,1.892
5,2195,1.692
5,2196,1.566
5,2197,1.779
5,2198,2.026
5,2199,1.813
5,2200,1.423
5,2201,1.689
5,2202,1.673
5,2203,2.365
5,2204,2.610
5,2205,2.284
5,2206,1.985
5,2207,2.078
5,2208,2.714
5,2209,1.939
5,2210,2.200
5,2211,2.440
5,2212,2.307
5,2213,1.966
5,2214,2.142
5,2215,1.918
5,2216,2.072
5,2217,2.258
5,2218,2.321
5,2219,1.712
5,2220,1.731
5,2221,2.111
5,2222,2.461
5,2223,2.152
5,2224,2.512
5,2225,2.239
5,2226,2.050
5,2227,1.921
5,2228,1.629
5,2229,1.413
5,2230,1.624
5,2231,1.739
5,2232,1.753
5,2233,1.919
5,2234,1.838
5,2235,2.092
5,2236,1.850
5,2237,1.987
5,2238,1.745
5,2239,1.888
5,2240,1.648
5,2241,1.505
5,2242,1.978
5,2243,2.245
5,2244,1.561
5,2245,1.352
5,2246,1.437
5,2247,1.483
5,2248,1.389
5,2249,1.560
5,2250,1.540
5,2251,1.512
5,2252,1.946
5,2253,1.892
5,2254,2.110
5,2255,1.761
5,2256,1.507
5,2257,1.369
5,2258,1.329
5,2259,1.553
5,2260,1.589
5,2261,1.540
5,2262,2.611
5,2263,1.940
5,2264,1.990
5,2265,1.536
5,2266,1.492
5,2267,2.061
5,2268,1.623
5,2269,1.466
5,2270,1.645
5,2271,1.699
5,2272,1.635
5,2273,1.690
5,2274,1.698
5,2275,1.546
5,2276,1.519
5,2277,1.499
5,2278,1.495
5,2279,1.586
5,2280,2.707
5,2281,2.222
5,2282,2.240
5,2283,2.288
5,2284,2.248
5,2285,1.424
5,2286,1.441
5,2287,1.752
5,2288,1.711
5,2289,1.592
5,2290,1.697
5,2291,1.631
5,2292,1.596
5,2293,1.632
5,2294,1.948
5,2295,2.425
5,2296,2.169
5,2297,1.897
5,2298,1.744
5,2299,1.597
5,2300,1.571
5,2301,1.608
5,2302,1.509
5,2303,1.393
5,2304,1.601
5,2305,1.478
5,2306,1.748
5,2307,1.941
5,2308,1.553
5,2309,1.326
5,2310,1.345
5,2311,1.567
5,2312,1.569
5,2313,1.630
5,2314,1.509
5,2315,1.648
5,2316,1.838
5,2317,2.023
5,2318,1.700
5,2319,1.790
5,2320,1.753
5,2321,1.632
5,2322,1.623
5,2323,1.624
5,2324,1.702
5,2325,2.476
5,2326,2.245
5,2327,2.206
5,2328,2.115
5,2329,2.225
5,2330,1.974
5,2331,1.537
5,2332,1.342
5,2333,1.316
5,2334,2.009
5,2335,1.947
5,2336,1.658
5,2337,1.398
5,2338,1.529
5,2339,1.693
5,2340,1.606
5,2341,1.602
5,2342,1.576
5,2343,1.623
5,2344,2.238
5,2345,1.939
5,2346,1.794
5,2347,1.758
5,2348,1.640
5,2349,1.623
5,2350,1.682
5,2351,1.875
5,2352,2.167
5,2353,2.919
5,2354,4.523
5,2355,2.319
5,2356,2.479
5,2357,4.855
5,2358,2.428
5,2359,1.954
5,2360,1.689
5,2361,2.650
5,2362,2.178
5,2363,1.626
5,2364,1.976
5,2365,2.100
5,2366,2.172
5,2367,2.091
5,2368,2.175
5,2369,2.462
5,2370,2.017
5,2371,2.101
5,2372,2.428
5,2373,2.602
5,2374,2.137
5,2375,1.821
5,2376,1.762
5,2377,2.279
5,2378,2.092
5,2379,2.820
5,2380,2.050
5,2381,2.031
5,2382,1.972
5,2383,1.998
5,2384,1.899
5,2385,2.126
5,2386,2.121
5,2387,2.123
5,2388,1.697
5,2389,1.454
5,2390,1.346
5,2391,1.584
5,2392,1.638
5,2393,1.664
5,2394,1.539
5,2395,1.968
5,2396,2.921
5,2397,1.737
5,2398,2.042
5,2399,1.717
5,2400,1.501
5,2401,1.525
5,2402,1.419
5,2403,1.550
5,2404,1.556
5,2405,2.285
5,2406,2.045
5,2407,1.900
5,2408,1.766
5,2409,1.736
5,2410,2.064
5,2411,1.915
5,2412,1.624
5,2413,1.797
5,2414,2.676
5,2415,2.521
5,2416,2.120
5,2417,2.273
5,2418,3.335
5,2419,2.682
5,2420,2.629
5,2421,2.762
5,2422,2.286
5,2423,2.355
5,2424,2.058
5,2425,2.226
5,2426,2.270
5,2427,2.206
5,2428,2.187
5,2429,2.639
5,2430,2.182
5,2431,2.230
5,2432,2.127
5,2433,1.950
5,2434,2.106
5,2435,2.153
5,2436,2.025
5,2437,2.254
5,2438,2.124
5,2439,1.971
5,2440,2.177
5,2441,2.333
5,2442,1.986
5,2443,1.936
5,2444,2.242
5,2445,3.117
5,2446,2.193
5,2447,2.256
5,2448,2.712
5,2449,2.279
5,2450,2.127
5,2451,1.834
5,2452,1.878
5,2453,2.382
5,2454,2.424
5,2455,2.216
5,2456,2.078
5,2457,2.163
5,2458,2.006
5,2459,2.156
5,2460,2.120
5,2461,2.969
5,2462,2.619
5,2463,2.346
5,2464,2.060
5,2465,2.132
5,2466,2.178
5,2467,2.378
5,2468,2.945
5,2469,3.002
5,2470,2.136
5,2471,2.243
5,2472,2.056
5,2473,1.884
5,2474,1.929
5,2475,2.253
5,2476,2.768
5,2477,2.074
5,2478,2.108
5,2479,1.912
5,2480,2.123
5,2481,2.234
5,2482,1.990
5,2483,2.942
5,2484,2.906
5,2485,2.128
5,2486,1.956
5,2487,2.375
5,2488,2.251
5,2489,2.902
5,2490,2.587
5,2491,2.550
5,2492,2.310
5,2493,2.145
5,2494,1.942
5,2495,2.296
5,2496,3.254
5,2497,2.679
5,2498,2.543
5,2499,1.989
5,2500,1.745
5,2501,1.824
5,2502,2.726
5,2503,2.880
5,2504,3.153
5,2505,3.472
5,2506,2.434
5,2507,2.627
5,2508,2.759
5,2509,3.033
5,2510,2.294
5,2511,2.206
5,2512,2.812
5,2513,2.519
5,2514,2.301
5,2515,2.037
5,2516,1.944
5,2517,2.277
5,2518,2.236
5,2519,2.316
5,2520,3.128
5,2521,2.320
5,2522,2.019
5,2523,1.894
5,2524,2.231
5,2525,2.012
5,2526,1.814
5,2527,1.990
5,2528,2.965
5,2529,1.873
5,2530,1.655
5,2531,2.129
5,2532,1.672
5,2533,1.481
5,2534,1.541
5,2535,1.554
5,2536,1.706
5,2537,1.913
5,2538,1.916
5,2539,1.593
5,2540,1.572
5,2541,1.483
5,2542,1.564
5,2543,1.904
5,2544,1.473
5,2545,1.387
5,2546,1.555
5,2547,2.524
5,2548,2.537
5,2549,2.045
5,2550,2.112
5,2551,2.110
5,2552,2.104
5,2553,2.362
5,2554,3.083
5,2555,2.645
5,2556,2.660
5,2557,2.558
5,2558,1.939
5,2559,1.684
5,2560,1.702
5,2561,1.797
5,2562,1.854
5,2563,1.631
5,2564,1.348
5,2565,2.054
5,2566,1.563
5,2567,1.881
5,2568,1.769
5,2569,1.670
5,2570,1.780
5,2571,2.175
5,2572,2.836
5,2573,2.496
5,2574,2.564
5,2575,1.776
5,2576,1.765
5,2577,2.067
5,2578,1.868
5,2579,1.631
5,2580,2.461
5,2581,2.192
5,2582,2.150
5,2583,2.086
5,2584,2.224
5,2585,2.173
5,2586,2.174
5,2587,2.344
5,2588,2.065
5,2589,1.981
5,2590,2.560
5,2591,2.929
5,2592,2.633
5,2593,2.799
5,2594,2.274
5,2595,2.394
5,2596,2.514
5,2597,3.808
5,2598,3.352
5,2599,2.950
5,2600,2.512
5,2601,2.216
5,2602,2.400
5,2603,2.757
5,2604,2.213
5,2605,2.440
5,2606,2.430
5,2607,2.047
5,2608,1.878
5,2609,2.081
5,2610,2.431
5,2611,2.072
5,2612,2.031
5,2613,2.236
5,2614,2.049
5,2615,2.359
5,2616,2.133
5,2617,2.043
5,2618,2.102
5,2619,2.215
5,2620,1.932
5,2621,2.184
5,2622,2.266
5,2623,2.173
5,2624,1.935
5,2625,2.986
5,2626,2.637
5,2627,2.720
5,2628,2.940
5,2629,2.545
5,2630,2.566
5,2631,2.842
5,2632,2.642
5,2633,3.012
5,2634,2.509
5,2635,3.035
5,2636,2.014
5,2637,3.351
5,2638,2.485
5,2639,1.865
5,2640,1.751
5,2641,1.890
5,2642,1.933
5,2643,2.166
5,2644,2.667
5,2645,2.577
5,2646,1.972
5,2647,2.019
5,2648,2.133
5,2649,1.971
5,2650,1.900
5,2651,2.558
5,2652,2.452
5,2653,2.164
5,2654,2.315
5,2655,1.836
5,2656,1.529
5,2657,2.143
5,2658,2.929
5,2659,2.652
5,2660,2.162
5,2661,2.023
5,2662,1.895
5,2663,2.173
5,2664,2.292
5,2665,2.740
5,2666,2.399
5,2667,2.874
5,2668,1.828
5,2669,1.744
5,2670,1.698
5,2671,1.578
5,2672,1.625
5,2673,1.706
5,2674,2.283
5,2675,1.692
5,2676,1.817
5,2677,1.851
5,2678,2.181
5,2679,1.854
5,2680,1.707
5,2681,1.862
5,2682,1.931
5,2683,1.940
5,2684,1.719
5,2685,2.012
5,2686,1.621
5,2687,1.513
5,2688,1.590
5,2689,1.842
5,2690,1.624
5,2691,1.812
5,2692,3.059
5,2693,2.150
5,2694,2.508
5,2695,2.040
5,2696,1.851
5,2697,1.693
5,2698,2.116
5,2699,2.811
5,2700,2.267
5,2701,2.272
5,2702,2.140
5,2703,1.775
5,2704,1.959
5,2705,1.776
5,2706,2.419
5,2707,2.257
5,2708,2.270
5,2709,2.110
5,2710,2.284
5,2711,2.259
5,2712,1.943
5,2713,1.836
5,2714,1.920
5,2715,2.081
5,2716,1.925
5,2717,2.098
5,2718,1.989
5,2719,2.307
5,2720,1.688
5,2721,1.770
5,2722,2.427
5,2723,1.862
5,2724,1.465
5,2725,1.440
5,2726,1.735
5,2727,1.792
5,2728,1.934
5,2729,2.187
5,2730,2.401
5,2731,1.835
5,2732,1.768
5,2733,2.049
5,2734,1.708
5,2735,1.537
5,2736,1.584
5,2737,1.931
5,2738,2.284
5,2739,2.114
5,2740,2.206
5,2741,2.376
5,2742,1.929
5,2743,2.623
5,2744,2.360
5,2745,1.811
5,2746,2.629
5,2747,2.321
5,2748,1.703
5,2749,1.548
5,2750,1.676
5,2751,1.799
5,2752,1.632
5,2753,1.838
5,2754,2.238
5,2755,2.244
5,2756,1.768
5,2757,1.993
5,2758,1.962
5,2759,1.733
5,2760,1.670
5,2761,1.899
5,2762,2.195
5,2763,2.358
5,2764,2.513
5,2765,2.215
5,2766,1.861
5,2767,2.084
5,2768,2.655
5,2769,2.228
5,2770,2.177
5,2771,2.140
5,2772,2.086
5,2773,1.830
5,2774,1.914
5,2775,1.758
5,2776,1.596
5,2777,1.791
5,2778,2.218
5,2779,1.715
5,2780,1.429
5,2781,2.557
5,2782,2.353
5,2783,1.713
5,2784,1.419
5,2785,1.572
5,2786,1.644
5,2787,2.716
5,2788,2.204
5,2789,2.126
5,2790,1.888
5,2791,2.009
5,2792,1.822
5,2793,1.950
5,2794,1.951
5,2795,2.524
5,2796,2.392
5,2797,2.206
5,2798,2.269
5,2799,2.202
5,2800,1.801
5,2801,2.325
5,2802,2.475
5,2803,1.893
5,2804,2.267
5,2805,2.214
5,2806,2.010
5,2807,2.448
5,2808,2.406
5,2809,2.153
5,2810,2.097
5,2811,2.143
5,2812,1.909
5,2813,1.901
5,2814,2.316
5,2815,2.866
5,2816,2.758
5,2817,2.331
5,2818,2.089
5,2819,2.024
5,2820,2.313
5,2821,2.089
5,2822,2.260
5,2823,2.586
5,2824,1.906
5,2825,1.646
5,2826,1.359
5,2827,1.519
5,2828,1.420
5,2829,1.395
5,2830,1.422
5,2831,1.467
5,2832,1.965
5,2833,1.719
5,2834,1.416
5,2835,1.547
5,2836,1.708
5,2837,1.712
5,2838,1.811
5,2839,1.959
5,2840,2.012
5,2841,2.708
5,2842,2.473
5,2843,2.355
5,2844,1.829
5,2845,1.729
5,2846,1.917
5,2847,2.007
5,2848,2.026
5,2849,2.381
5,2850,2.071
5,2851,1.956
5,2852,2.247
5,2853,1.950
5,2854,1.901
5,2855,4.008
5,2856,2.997
5,2857,2.519
5,2858,2.941
5,2859,2.995
5,2860,2.855
5,2861,3.072
5,2862,2.843
5,2863,3.084
5,2864,2.329
5,2865,2.901
5,2866,2.423
5,2867,2.361
5,2868,2.123
5,2869,1.730
5,2870,1.560
5,2871,1.668
5,2872,1.772
5,2873,1.446
5,2874,1.565
5,2875,1.357
5,2876,1.864
5,2877,2.112
5,2878,1.639
5,2879,1.376
5,2880,1.421
5,2881,1.511
5,2882,1.557
5,2883,1.536
5,2884,1.608
5,2885,2.319
5,2886,2.439
5,2887,1.954
5,2888,1.970
5,2889,2.184
5,2890,1.630
5,2891,1.477
5,2892,1.622
5,2893,1.507
5,2894,2.038
5,2895,2.137
5,2896,2.024
5,2897,1.826
5,2898,1.576
5,2899,1.483
5,2900,1.847
5,2901,1.631
5,2902,1.378
5,2903,1.523
5,2904,1.942
5,2905,1.795
5,2906,1.792
5,2907,1.499
5,2908,1.560
5,2909,1.460
5,2910,1.573
5,2911,1.515
5,2912,2.401
5,2913,2.145
5,2914,1.987
5,2915,1.744
5,2916,1.870
5,2917,2.101
5,2918,1.720
5,2919,1.619
5,2920,2.035
5,2921,2.244
5,2922,1.875
5,2923,2.685
5,2924,1.783
5,2925,1.504
5,2926,1.564
5,2927,1.800
5,2928,2.076
5,2929,1.691
5,2930,1.573
5,2931,1.903
5,2932,2.112
5,2933,2.816
5,2934,2.104
5,2935,2.054
5,2936,3.004
5,2937,2.789
5,2938,2.209
5,2939,2.536
5,2940,2.460
5,2941,2.198
5,2942,2.153
5,2943,2.251
5,2944,2.034
5,2945,2.048
5,2946,2.095
5,2947,1.725
5,2948,2.426
5,2949,1.929
5,2950,2.090
5,2951,2.021
5,2952,1.915
5,2953,1.850
5,2954,1.778
5,2955,1.888
5,2956,2.088
5,2957,2.065
5,2958,1.969
5,2959,2.421
5,2960,2.194
5,2961,2.003
5,2962,1.871
5,2963,2.057
5,2964,1.951
5,2965,2.472
5,2966,2.701
5,2967,1.844
5,2968,1.530
5,2969,1.777
5,2970,2.217
5,2971,1.786
5,2972,1.517
5,2973,1.548
5,2974,2.421
5,2975,2.526
5,2976,1.788
5,2977,1.745
5,2978,1.542
5,2979,1.468
5,2980,1.541
5,2981,2.073
5,2982,1.830
5,2983,2.037
5,2984,1.843
5,2985,2.195
5,2986,1.920
5,2987,1.587
5,2988,1.619
5,2989,1.915
5,2990,1.770
5,2991,2.115
5,2992,2.786
5,2993,2.279
5,2994,2.595
5,2995,2.509
5,2996,2.517
5,2997,2.337
5,2998,2.275
5,2999,2.043
5,3000,1.984
5,3001,2.036
5,3002,1.917
5,3003,1.489
5,3004,1.546
5,3005,1.785
5,3006,2.020
5,3007,1.829
5,3008,1.843
5,3009,2.037
5,3010,1.984
5,3011,1.771
5,3012,2.190
5,3013,1.817
5,3014,2.094
5,3015,2.781
5,3016,2.582
5,3017,1.908
5,3018,1.916
5,3019,2.162
5,3020,2.276
5,3021,1.921
5,3022,2.519
5,3023,2.094
5,3024,2.157
5,3025,2.387
5,3026,2.014
5,3027,1.715
5,3028,2.469
5,3029,2.941
5,3030,2.339
5,3031,2.295
5,3032,2.436
5,3033,2.487
5,3034,2.548
5,3035,3.487
5,3036,3.924
5,3037,3.025
5,3038,2.926
5,3039,2.427
5,3040,3.157
5,3041,2.895
5,3042,2.283
5,3043,2.600
5,3044,2.525
5,3045,2.354
5,3046,2.383
5,3047,2.389
5,3048,2.880
5,3049,2.323
5,3050,2.335
5,3051,2.348
5,3052,2.638
5,3053,2.476
5,3054,2.522
5,3055,2.752
5,3056,2.458
5,3057,2.197
5,3058,2.335
5,3059,2.118
5,3060,2.101
5,3061,2.155
5,3062,1.926
5,3063,2.546
5,3064,2.280
5,3065,2.311
5,3066,2.358
5,3067,2.269
5,3068,2.130
5,3069,2.260
5,3070,2.064
5,3071,2.831
5,3072,3.394
5,3073,2.370
5,3074,2.084
5,3075,2.298
5,3076,2.176
5,3077,2.491
5,3078,2.961
5,3079,2.261
5,3080,2.189
5,3081,2.551
5,3082,2.609
5,3083,2.286
5,3084,2.253
5,3085,3.142
5,3086,2.439
5,3087,2.239
5,3088,2.279
5,3089,2.532
5,3090,2.301
5,3091,2.340
5,3092,2.971
5,3093,2.252
5,3094,2.130
5,3095,2.295
5,3096,2.488
5,3097,2.429
5,3098,3.115
5,3099,2.756
5,3100,2.150
5,3101,2.205
5,3102,2.058
5,3103,1.992
5,3104,2.195
5,3105,2.392
5,3106,2.242
5,3107,2.404
5,3108,1.724
5,3109,1.652
5,3110,1.806
5,3111,1.831
5,3112,1.827
5,3113,2.554
5,3114,2.543
5,3115,2.232
5,3116,2.448
5,3117,2.138
5,3118,1.966
5,3119,2.069
5,3120,3.097
5,3121,2.373
5,3122,2.366
5,3123,2.577
5,3124,2.691
5,3125,2.608
5,3126,2.867
5,3127,2.828
5,3128,2.429
5,3129,2.141
5,3130,2.661
5,3131,3.060
5,3132,2.869
5,3133,2.578
5,3134,2.571
5,3135,2.022
5,3136,2.018
5,3137,2.151
5,3138,3.337
5,3139,1.853
5,3140,2.026
5,3141,1.768
5,3142,1.905
5,3143,1.674
5,3144,1.518
5,3145,1.551
5,3146,1.800
5,3147,1.872
5,3148,1.457
5,3149,1.462
5,3150,1.495
5,3151,1.683
5,3152,1.768
5,3153,1.451
5,3154,1.399
5,3155,1.484
5,3156,1.910
5,3157,2.560
5,3158,2.497
5,3159,2.326
5,3160,2.182
5,3161,2.335
5,3162,2.402
5,3163,2.070
5,3164,2.098
5,3165,2.238
5,3166,2.481
5,3167,1.657
5,3168,1.725
5,3169,1.468
5,3170,1.446
5,3171,1.861
5,3172,2.692
5,3173,2.451
5,3174,1.687
5,3175,2.604
5,3176,2.276
5,3177,1.906
5,3178,2.084
5,3179,2.580
5,3180,2.221
5,3181,2.465
5,3182,2.261
5,3183,2.237
5,3184,2.092
5,3185,2.199
5,3186,2.557
5,3187,2.421
5,3188,2.380
5,3189,2.632
5,3190,2.538
5,3191,2.741
5,3192,2.295
5,3193,2.207
5,3194,1.774
5,3195,1.407
5,3196,1.322
5,3197,1.528
5,3198,1.535
5,3199,1.599
5,3200,1.626
5,3201,1.759
5,3202,2.366
5,3203,1.909
5,3204,1.595
5,3205,1.796
5,3206,1.609
5,3207,1.373
5,3208,1.329
5,3209,1.498
5,3210,1.748
5,3211,2.636
5,3212,1.702
5,3213,1.742
5,3214,1.695
5,3215,1.672
5,3216,1.865
5,3217,2.517
5,3218,1.830
5,3219,1.814
5,3220,2.069
5,3221,1.746
5,3222,1.749
5,3223,1.460
5,3224,1.562
5,3225,1.563
5,3226,1.397
5,3227,1.561
5,3228,1.551
5,3229,2.073
5,3230,1.902
5,3231,1.437
5,3232,1.472
5,3233,1.721
5,3234,1.731
5,3235,1.510
5,3236,1.382
5,3237,1.492
5,3238,1.768
5,3239,1.896
5,3240,1.865
5,3241,2.043
5,3242,1.756
5,3243,1.753
5,3244,1.676
5,3245,1.790
5,3246,2.240
5,3247,2.042
5,3248,2.290
5,3249,2.056
5,3250,2.156
5,3251,2.090
5,3252,1.997
5,3253,1.685
5,3254,1.592
5,3255,1.681
5,3256,2.215
5,3257,1.741
5,3258,1.420
5,3259,1.451
5,3260,1.900
5,3261,1.577
5,3262,1.617
5,3263,1.409
5,3264,1.839
5,3265,1.605
5,3266,1.972
5,3267,1.941
5,3268,1.855
5,3269,1.680
5,3270,1.887
5,3271,1.621
5,3272,1.659
5,3273,1.989
5,3274,1.964
5,3275,2.453
5,3276,2.099
5,3277,1.738
5,3278,1.672
5,3279,2.161
5,3280,1.687
5,3281,1.519
5,3282,1.847
5,3283,2.151
5,3284,1.875
5,3285,1.544
5,3286,1.452
5,3287,1.929
5,3288,1.896
5,3289,2.080
5,3290,1.840
5,3291,1.708
5,3292,1.584
5,3293,1.552
5,3294,1.679
5,3295,1.774
5,3296,1.580
5,3297,1.496
5,3298,1.659
5,3299,2.409
5,3300,2.927
5,3301,2.042
5,3302,1.723
5,3303,1.453
5,3304,1.439
5,3305,1.462
5,3306,1.721
5,3307,1.495
5,3308,1.722
5,3309,1.821
5,3310,1.622
5,3311,1.689
5,3312,1.865
5,3313,1.571
5,3314,1.874
5,3315,1.874
5,3316,1.762
5,3317,2.014
5,3318,2.088
5,3319,1.851
5,3320,1.589
5,3321,1.594
5,3322,1.681
5,3323,1.698
5,3324,1.589
5,3325,1.541
5,3326,2.019
5,3327,1.775
5,3328,1.707
5,3329,2.471
5,3330,1.789
5,3331,1.745
5,3332,1.617
5,3333,1.672
5,3334,2.259
5,3335,2.392
5,3336,2.054
5,3337,2.015
5,3338,2.359
5,3339,1.951
5,3340,1.883
5,3341,1.694
5,3342,2.408
5,3343,2.428
5,3344,2.055
5,3345,1.723
5,3346,1.673
5,3347,2.352
5,3348,2.110
5,3349,2.024
5,3350,2.478
5,3351,2.078
5,3352,1.921
5,3353,2.473
5,3354,2.087
5,3355,2.145
5,3356,2.273
5,3357,2.632
5,3358,1.876
5,3359,1.438
5,3360,1.529
5,3361,1.458
5,3362,1.505
5,3363,1.524
5,3364,1.913
5,3365,1.908
5,3366,1.685
5,3367,1.585
5,3368,1.557
5,3369,1.680
5,3370,1.730
5,3371,1.520
5,3372,1.889
5,3373,2.503
5,3374,2.489
5,3375,2.673
5,3376,2.344
5,3377,2.328
5,3378,2.367
5,3379,3.192
5,3380,2.381
5,3381,2.961
5,3382,2.593
5,3383,1.643
5,3384,1.882
5,3385,1.897
5,3386,1.653
5,3387,2.035
5,3388,2.325
5,3389,1.842
5,3390,1.467
5,3391,1.894
5,3392,1.876
5,3393,1.846
5,3394,1.665
5,3395,1.809
5,3396,1.866
5,3397,1.903
5,3398,1.869
5,3399,2.006
5,3400,2.194
5,3401,1.588
5,3402,1.630
5,3403,1.828
5,3404,2.268
5,3405,1.830
5,3406,2.430
5,3407,2.030
5,3408,1.776
5,3409,2.028
5,3410,1.803
5,3411,1.545
5,3412,1.518
5,3413,1.618
5,3414,2.056
5,3415,2.372
5,3416,2.069
5,3417,2.242
5,3418,2.556
5,3419,2.051
5,3420,2.255
5,3421,2.404
5,3422,2.321
5,3423,2.234
5,3424,1.969
5,3425,1.682
5,3426,1.901
5,3427,1.846
5,3428,2.527
5,3429,2.689
5,3430,2.208
5,3431,1.834
5,3432,1.646
5,3433,1.925
5,3434,1.691
5,3435,1.691
5,3436,2.330
5,3437,2.643
5,3438,2.275
5,3439,2.278
5,3440,2.579
5,3441,2.249
5,3442,2.933
5,3443,2.700
5,3444,2.143
5,3445,2.490
5,3446,2.420
5,3447,2.010
5,3448,2.816
5,3449,2.402
5,3450,3.001
5,3451,2.595
5,3452,2.330
5,3453,2.419
5,3454,2.808
5,3455,3.326
5,3456,2.853
5,3457,2.502
5,3458,2.333
5,3459,2.243
5,3460,2.379
5,3461,2.847
5,3462,2.488
5,3463,2.241
5,3464,2.717
5,3465,2.586
5,3466,3.985
5,3467,3.280
5,3468,2.961
5,3469,3.215
5,3470,3.374
5,3471,2.924
5,3472,2.482
5,3473,2.355
5,3474,2.771
5,3475,2.851
5,3476,3.339
5,3477,2.787
5,3478,2.750
5,3479,2.697
5,3480,2.725
5,3481,2.856
5,3482,3.243
5,3483,3.245
5,3484,3.352
5,3485,3.890
5,3486,2.522
5,3487,2.913
5,3488,3.013
5,3489,2.889
5,3490,2.715
5,3491,1.854
5,3492,1.740
5,3493,2.402
5,3494,2.010
5,3495,1.527
5,3496,1.800
5,3497,1.825
5,3498,1.825
5,3499,1.599
5,3500,1.525
5,3501,1.646
5,3502,1.674
5,3503,1.914
5,3504,2.055
5,3505,1.946
5,3506,1.879
5,3507,1.664
5,3508,1.821
5,3509,2.199
5,3510,1.744
5,3511,2.146
5,3512,2.832
5,3513,1.955
5,3514,1.762
5,3515,2.617
5,3516,1.641
5,3517,1.474
5,3518,1.516
5,3519,2.151
5,3520,1.906
5,3521,1.455
5,3522,1.484
5,3523,1.801
5,3524,1.680
5,3525,1.907
5,3526,1.659
5,3527,1.927
5,3528,2.095
5,3529,1.757
5,3530,1.828
5,3531,3.754
5,3532,2.098
5,3533,2.777
5,3534,2.864
5,3535,2.853
5,3536,4.173
5,3537,2.479
5,3538,2.018
5,3539,1.764
5,3540,1.554
5,3541,1.820
5,3542,1.896
5,3543,1.803
5,3544,1.500
5,3545,1.649
5,3546,1.678
5,3547,1.546
5,3548,1.641
5,3549,2.435
5,3550,2.251
5,3551,1.664
5,3552,1.693
5,3553,1.969
5,3554,1.925
5,3555,1.521
5,3556,1.641
5,3557,1.878
5,3558,2.147
5,3559,2.027
5,3560,1.859
5,3561,1.775
5,3562,1.637
5,3563,1.505
5,3564,1.676
5,3565,2.007
5,3566,1.535
5,3567,1.789
5,3568,2.378
5,3569,1.855
5,3570,1.826
5,3571,1.721
5,3572,1.777
5,3573,1.612
5,3574,1.494
5,3575,1.491
5,3576,2.053
5,3577,1.825
5,3578,1.836
5,3579,1.558
5,3580,1.886
5,3581,1.939
5,3582,1.922
5,3583,1.876
5,3584,1.940
5,3585,2.319
5,3586,2.171
5,3587,2.957
5,3588,2.002
5,3589,1.705
5,3590,2.775
5,3591,2.610
5,3592,2.077
5,3593,2.169
5,3594,2.215
5,3595,2.731
5,3596,2.362
5,3597,1.736
5,3598,1.734
5,3599,2.193
5,3600,2.056
5,3601,1.575
5,3602,1.399
5,3603,1.586
5,3604,1.813
5,3605,1.604
5,3606,1.623
5,3607,1.938
5,3608,2.463
5,3609,2.168
5,3610,2.158
5,3611,2.328
5,3612,1.627
5,3613,1.811
5,3614,1.782
5,3615,1.874
5,3616,2.323
5,3617,2.190
5,3618,1.792
5,3619,1.811
5,3620,1.957
5,3621,2.243
5,3622,2.165
5,3623,1.930
5,3624,2.193
5,3625,2.146
5,3626,2.003
5,3627,1.846
5,3628,1.793
5,3629,1.855
5,3630,1.904
5,3631,3.532
5,3632,3.443
5,3633,2.811
5,3634,2.541
5,3635,2.330
5,3636,2.348
5,3637,3.257
5,3638,2.556
5,3639,2.374
5,3640,2.340
5,3641,2.727
5,3642,2.372
5,3643,2.728
5,3644,3.104
5,3645,2.513
5,3646,2.348
5,3647,1.922
5,3648,2.112
5,3649,2.444
5,3650,2.484
5,3651,2.632
5,3652,3.125
5,3653,2.772
5,3654,2.964
5,3655,2.944
5,3656,2.153
5,3657,2.452
5,3658,2.462
5,3659,2.093
5,3660,2.209
5,3661,2.380
5,3662,2.376
5,3663,2.157
5,3664,1.930
5,3665,2.052
5,3666,2.495
5,3667,2.067
5,3668,2.487
5,3669,3.143
5,3670,2.587
5,3671,2.371
5,3672,2.486
5,3673,2.609
5,3674,2.683
5,3675,2.278
5,3676,2.109
5,3677,2.139
5,3678,2.187
5,3679,2.173
5,3680,1.953
5,3681,2.872
5,3682,2.346
5,3683,2.309
5,3684,2.195
5,3685,2.030
5,3686,2.060
5,3687,2.118
5,3688,2.357
5,3689,2.752
5,3690,2.277
5,3691,2.363
5,3692,2.281
5,3693,2.339
5,3694,2.212
5,3695,2.681
5,3696,3.410
5,3697,2.305
5,3698,2.282
5,3699,2.271
5,3700,2.311
5,3701,2.293
5,3702,2.553
5,3703,2.420
5,3704,2.264
5,3705,2.131
5,3706,2.054
5,3707,2.109
5,3708,2.364
5,3709,2.270
5,3710,1.972
5,3711,2.782
5,3712,2.193
5,3713,2.324
5,3714,2.288
5,3715,2.437
5,3716,2.435
5,3717,2.688
5,3718,2.583
5,3719,2.234
5,3720,2.100
5,3721,1.941
5,3722,1.756
5,3723,2.204
5,3724,1.795
5,3725,1.754
5,3726,1.907
5,3727,2.660
5,3728,1.793
5,3729,1.614
5,3730,2.168
5,3731,2.253
5,3732,1.935
5,3733,1.807
5,3734,1.727
5,3735,1.742
5,3736,2.156
5,3737,2.352
5,3738,2.040
5,3739,2.023
5,3740,2.127
5,3741,1.974
5,3742,2.226
5,3743,1.963
5,3744,2.316
5,3745,1.841
5,3746,1.715
5,3747,2.073
5,3748,2.103
5,3749,1.886
5,3750,2.298
5,3751,2.707
5,3752,2.224
5,3753,1.754
5,3754,2.677
5,3755,2.591
5,3756,2.187
5,3757,2.369
5,3758,2.219
5,3759,2.804
5,3760,2.924
5,3761,2.753
5,3762,2.684
5,3763,2.656
5,3764,2.660
5,3765,2.652
5,3766,2.603
5,3767,3.106
5,3768,1.994
5,3769,1.865
5,3770,2.014
5,3771,2.457
5,3772,2.462
5,3773,2.514
5,3774,2.257
5,3775,2.329
5,3776,2.048
5,3777,1.937
5,3778,1.633
5,3779,1.869
5,3780,2.199
5,3781,2.763
5,3782,1.970
5,3783,2.785
5,3784,2.218
5,3785,2.513
5,3786,2.364
5,3787,2.239
5,3788,2.168
5,3789,2.401
5,3790,2.692
5,3791,2.469
5,3792,2.424
5,3793,2.335
5,3794,2.610
5,3795,2.221
5,3796,1.878
5,3797,2.058
5,3798,2.677
5,3799,1.906
5,3800,1.975
5,3801,2.609
5,3802,2.173
5,3803,2.579
5,3804,3.024
5,3805,2.450
5,3806,2.978
5,3807,2.473
5,3808,2.328
5,3809,2.685
5,3810,2.366
5,3811,1.985
5,3812,2.440
5,3813,2.940
5,3814,2.385
5,3815,2.299
5,3816,1.866
5,3817,1.837
5,3818,2.135
5,3819,2.228
5,3820,2.040
5,3821,1.818
5,3822,1.886
5,3823,1.668
5,3824,1.731
5,3825,1.706
5,3826,1.705
5,3827,1.675
5,3828,1.856
5,3829,2.413
5,3830,2.355
5,3831,1.545
5,3832,1.628
5,3833,1.544
5,3834,1.569
5,3835,1.641
5,3836,1.497
5,3837,2.173
5,3838,2.208
5,3839,1.847
5,3840,2.285
5,3841,1.769
5,3842,1.436
5,3843,1.427
5,3844,1.619
5,3845,1.640
5,3846,1.983
5,3847,1.566
5,3848,1.493
5,3849,1.478
5,3850,1.813
5,3851,1.569
5,3852,1.748
5,3853,1.748
5,3854,1.650
5,3855,2.168
5,3856,2.269
5,3857,2.063
5,3858,1.959
5,3859,2.261
5,3860,1.672
5,3861,1.569
5,3862,1.996
5,3863,2.178
5,3864,1.626
5,3865,1.367
5,3866,1.326
5,3867,1.397
5,3868,1.643
5,3869,2.015
5,3870,1.478
5,3871,1.354
5,3872,1.877
5,3873,1.794
5,3874,1.577
5,3875,1.653
5,3876,1.557
5,3877,1.499
5,3878,1.366
5,3879,1.476
5,3880,2.031
5,3881,2.313
5,3882,1.812
5,3883,1.641
5,3884,1.687
5,3885,1.580
5,3886,1.527
5,3887,1.924
5,3888,1.599
5,3889,1.650
5,3890,1.975
5,3891,2.580
5,3892,2.117
5,3893,1.573
5,3894,1.392
5,3895,1.339
5,3896,1.478
5,3897,1.494
5,3898,1.580
5,3899,1.755
5,3900,3.000
5,3901,2.318
5,3902,2.249
5,3903,2.468
5,3904,1.899
5,3905,1.570
5,3906,1.814
5,3907,2.900
5,3908,2.551
5,3909,2.224
5,3910,2.163
5,3911,1.973
5,3912,2.121
5,3913,2.668
5,3914,2.248
5,3915,2.046
5,3916,2.321
5,3917,2.002
5,3918,1.655
5,3919,1.791
5,3920,1.891
5,3921,2.642
5,3922,2.146
5,3923,2.214
5,3924,1.587
5,3925,2.133
5,3926,2.540
5,3927,1.783
5,3928,1.878
5,3929,2.392
5,3930,2.283
5,3931,2.241
5,3932,2.205
5,3933,2.175
5,3934,1.568
5,3935,2.710
5,3936,2.843
5,3937,2.094
5,3938,2.470
5,3939,2.411
5,3940,1.658
5,3941,1.963
5,3942,1.798
5,3943,1.674
5,3944,1.667
5,3945,1.773
5,3946,1.722
5,3947,1.520
5,3948,1.854
5,3949,1.849
5,3950,1.647
5,3951,2.540
5,3952,1.777
5,3953,1.645
5,3954,1.641
5,3955,1.566
5,3956,1.620
5,3957,1.712
5,3958,1.736
5,3959,1.600
5,3960,1.804
5,3961,2.908
5,3962,2.266
5,3963,1.634
5,3964,1.421
5,3965,1.588
5,3966,1.520
5,3967,1.522
5,3968,1.575
5,3969,1.932
5,3970,1.889
5,3971,2.328
5,3972,1.633
5,3973,1.916
5,3974,1.595
5,3975,1.386
5,3976,1.372
5,3977,1.584
5,3978,1.686
5,3979,1.630
5,3980,1.619
5,3981,1.871
5,3982,1.716
5,3983,1.628
5,3984,1.614
5,3985,1.778
5,3986,2.617
5,3987,2.057
5,3988,1.933
5,3989,1.710
5,3990,2.330
5,3991,1.996
5,3992,1.685
5,3993,1.714
5,3994,1.858
5,3995,2.684
5,3996,1.943
5,3997,1.457
5,3998,1.339
5,3999,1.560
5,4000,1.677
5,4001,1.689
5,4002,1.505
5,4003,1.386
5,4004,1.607
5,4005,1.760
5,4006,1.589
5,4007,1.633
5,4008,1.559
5,4009,1.531
5,4010,1.791
5,4011,1.589
5,4012,1.590
5,4013,1.983
5,4014,1.763
5,4015,1.549
5,4016,1.528
5,4017,2.350
5,4018,1.803
5,4019,2.137
5,4020,2.046
5,4021,1.631
5,4022,2.195
5,4023,1.896
5,4024,1.825
5,4025,1.497
5,4026,1.378
5,4027,1.436
5,4028,1.785
5,4029,1.766
5,4030,2.059
5,4031,1.872
5,4032,1.670
5,4033,1.589
5,4034,1.498
5,4035,1.505
5,4036,1.585
5,4037,1.577
5,4038,1.394
5,4039,1.338
5,4040,1.333
5,4041,2.682
5,4042,2.074
5,4043,1.684
5,4044,1.708
5,4045,1.801
5,4046,1.679
5,4047,2.126
5,4048,3.534
5,4049,2.335
5,4050,1.624
5,4051,1.615
5,4052,1.763
5,4053,1.511
5,4054,1.369
5,4055,1.391
5,4056,1.507
5,4057,2.162
5,4058,2.515
5,4059,2.448
5,4060,1.842
5,4061,2.148
5,4062,2.036
5,4063,2.042
5,4064,1.689
5,4065,1.791
5,4066,2.229
5,4067,2.013
5,4068,2.151
5,4069,2.520
5,4070,2.594
5,4071,2.731
5,4072,3.383
5,4073,2.029
5,4074,2.210
5,4075,2.892
5,4076,2.270
5,4077,2.294
5,4078,2.673
5,4079,2.133
5,4080,2.163
5,4081,1.743
5,4082,1.421
5,4083,1.631
5,4084,1.641
5,4085,1.963
5,4086,1.851
5,4087,1.482
5,4088,1.544
5,4089,1.792
5,4090,1.930
5,4091,1.822
5,4092,1.853
5,4093,2.272
5,4094,1.972
5,4095,1.935
5,4096,1.913
5,4097,2.101
5,4098,1.575
5,4099,1.471
5,4100,1.630
5,4101,1.530
5,4102,1.575
5,4103,2.364
5,4104,2.118
5,4105,1.848
5,4106,1.790
5,4107,2.369
5,4108,1.742
5,4109,1.507
5,4110,1.413
5,4111,1.541
5,4112,2.351
5,4113,1.933
5,4114,1.549
5,4115,1.636
5,4116,1.595
5,4117,1.552
5,4118,1.522
5,4119,1.710
5,4120,1.619
5,4121,1.613
5,4122,2.785
5,4123,2.649
5,4124,2.497
5,4125,1.943
5,4126,1.998
5,4127,1.819
5,4128,1.667
5,4129,2.351
5,4130,2.319
5,4131,1.527
5,4132,1.457
5,4133,1.675
5,4134,1.851
5,4135,1.605
5,4136,1.374
5,4137,1.421
5,4138,1.763
5,4139,1.758
5,4140,1.962
5,4141,1.681
5,4142,1.572
5,4143,1.380
5,4144,1.464
5,4145,1.579
5,4146,1.666
5,4147,1.675
5,4148,1.778
5,4149,1.793
5,4150,1.883
5,4151,2.007
5,4152,1.657
5,4153,1.953
5,4154,1.663
5,4155,1.587
5,4156,1.505
5,4157,1.723
5,4158,1.978
5,4159,1.652
5,4160,1.391
5,4161,1.608
5,4162,1.538
5,4163,1.513
5,4164,1.643
5,4165,1.549
5,4166,1.372
5,4167,1.548
5,4168,2.368
5,4169,1.640
5,4170,1.812
5,4171,1.724
5,4172,2.071
5,4173,1.826
5,4174,1.920
5,4175,1.843
5,4176,2.682
5,4177,2.015
5,4178,1.872
5,4179,1.694
5,4180,1.686
5,4181,2.687
5,4182,2.076
5,4183,1.852
5,4184,1.858
5,4185,1.999
5,4186,1.742
5,4187,1.378
5,4188,4.005
5,4189,3.261
5,4190,3.046
5,4191,2.573
5,4192,2.796
5,4193,2.480
5,4194,2.122
5,4195,2.160
5,4196,3.158
5,4197,2.855
5,4198,2.757
5,4199,2.612
5,4200,2.693
5,4201,3.488
5,4202,3.917
5,4203,2.757
5,4204,4.684
5,4205,2.945
5,4206,3.475
5,4207,3.086
5,4208,2.873
5,4209,2.296
5,4210,2.231
5,4211,1.631
5,4212,1.776
5,4213,2.292
5,4214,2.177
5,4215,2.753
5,4216,2.290
5,4217,1.976
5,4218,1.787
5,4219,2.277
5,4220,3.801
5,4221,2.544
5,4222,3.480
5,4223,2.258
5,4224,1.968
5,4225,2.298
5,4226,2.081
5,4227,2.207
5,4228,1.766
5,4229,1.436
5,4230,1.672
5,4231,1.733
5,4232,1.650
5,4233,1.586
5,4234,1.643
5,4235,1.958
5,4236,1.820
5,4237,1.806
5,4238,1.932
5,4239,2.066
5,4240,2.233
5,4241,2.079
5,4242,2.260
5,4243,2.477
5,4244,1.726
5,4245,1.805
5,4246,1.896
5,4247,1.719
5,4248,1.777
5,4249,2.182
5,4250,1.800
5,4251,2.590
5,4252,2.345
5,4253,2.331
5,4254,1.801
5,4255,1.758
5,4256,1.946
5,4257,2.377
5,4258,2.325
5,4259,2.005
5,4260,1.978
5,4261,1.898
5,4262,2.033
5,4263,2.168
5,4264,1.862
5,4265,2.235
5,4266,2.661
5,4267,2.161
5,4268,2.453
5,4269,2.338
5,4270,2.051
5,4271,2.157
5,4272,2.667
5,4273,2.325
5,4274,3.258
5,4275,2.491
5,4276,2.213
5,4277,2.221
5,4278,2.538
5,4279,2.145
5,4280,2.304
5,4281,3.052
5,4282,2.538
5,4283,2.550
5,4284,2.443
5,4285,2.296
5,4286,2.434
5,4287,2.128
5,4288,3.138
5,4289,2.290
5,4290,1.928
5,4291,2.928
5,4292,2.334
5,4293,1.768
5,4294,1.957
5,4295,2.257
5,4296,2.849
5,4297,2.259
5,4298,2.650
5,4299,2.394
5,4300,2.311
5,4301,2.248
5,4302,1.903
5,4303,2.242
5,4304,2.737
5,4305,3.382
5,4306,2.921
5,4307,2.299
5,4308,2.461
5,4309,2.797
5,4310,2.384
5,4311,2.879
5,4312,2.446
5,4313,2.411
5,4314,2.558
5,4315,2.294
5,4316,2.893
5,4317,2.465
5,4318,2.639
5,4319,2.872
5,4320,3.079
5,4321,2.745
5,4322,2.542
5,4323,2.468
5,4324,2.327
5,4325,2.893
5,4326,2.446
5,4327,2.398
5,4328,3.035
5,4329,2.608
5,4330,2.399
5,4331,2.243
5,4332,2.501
5,4333,2.902
5,4334,2.647
5,4335,3.086
5,4336,2.441
5,4337,2.264
5,4338,2.583
5,4339,2.759
5,4340,2.368
5,4341,2.280
5,4342,2.087
5,4343,2.142
5,4344,2.249
5,4345,2.093
5,4346,2.212
5,4347,2.929
5,4348,2.559
5,4349,2.092
5,4350,2.242
5,4351,2.117
5,4352,2.228
5,4353,2.216
5,4354,2.117
5,4355,2.353
5,4356,2.500
5,4357,2.017
5,4358,1.702
5,4359,1.859
5,4360,2.064
5,4361,2.155
5,4362,2.066
5,4363,2.525
5,4364,1.832
5,4365,1.730
5,4366,2.056
5,4367,1.886
5,4368,1.614
5,4369,1.942
5,4370,2.454
5,4371,2.012
5,4372,2.335
5,4373,1.948
5,4374,1.663
5,4375,1.594
5,4376,1.511
5,4377,2.727
5,4378,2.642
5,4379,3.421
5,4380,3.084
5,4381,2.355
5,4382,2.642
5,4383,2.404
5,4384,2.391
5,4385,2.368
5,4386,2.134
5,4387,2.471
5,4388,2.145
5,4389,1.954
5,4390,1.973
5,4391,2.128
5,4392,1.859
5,4393,1.629
5,4394,2.030
5,4395,1.563
5,4396,1.629
5,4397,1.398
5,4398,1.602
5,4399,1.924
5,4400,1.560
5,4401,1.355
5,4402,1.390
5,4403,1.427
5,4404,1.456
5,4405,1.458
5,4406,1.627
5,4407,1.805
5,4408,1.694
5,4409,1.578
5,4410,1.498
5,4411,1.476
5,4412,1.728
5,4413,1.638
5,4414,1.361
5,4415,1.284
5,4416,1.388
5,4417,1.665
5,4418,2.223
5,4419,1.934
5,4420,1.696
5,4421,1.734
5,4422,1.699
5,4423,1.552
5,4424,1.634
5,4425,2.124
5,4426,1.933
5,4427,2.600
5,4428,2.585
5,4429,1.849
5,4430,1.493
5,4431,1.418
5,4432,1.464
5,4433,1.432
5,4434,1.426
5,4435,2.227
5,4436,1.873
5,4437,1.457
5,4438,1.524
5,4439,1.365
5,4440,1.848
5,4441,1.948
5,4442,1.536
5,4443,1.393
5,4444,1.624
5,4445,2.225
5,4446,1.828
5,4447,1.988
5,4448,2.606
5,4449,1.927
5,4450,1.742
5,4451,1.903
5,4452,2.705
5,4453,2.319
5,4454,2.127
5,4455,2.099
5,4456,2.412
5,4457,1.845
5,4458,1.510
5,4459,1.326
5,4460,1.455
5,4461,1.579
5,4462,1.759
5,4463,1.687
5,4464,1.401
5,4465,1.307
5,4466,1.412
5,4467,1.873
5,4468,1.576
5,4469,1.633
5,4470,1.644
5,4471,1.858
5,4472,1.852
5,4473,1.853
5,4474,1.745
5,4475,1.758
5,4476,1.512
5,4477,1.811
5,4478,1.673
5,4479,2.090
5,4480,1.955
5,4481,1.946
5,4482,1.669
5,4483,1.548
5,4484,1.455
5,4485,1.446
5,4486,1.507
5,4487,1.940
5,4488,2.026
5,4489,2.333
5,4490,2.173
5,4491,2.113
5,4492,1.893
5,4493,1.587
5,4494,1.645
5,4495,1.492
5,4496,2.195
5,4497,2.264
5,4498,2.026
5,4499,2.080
5,4500,2.071
5,4501,2.156
5,4502,1.855
5,4503,1.807
5,4504,2.542
5,4505,2.698
5,4506,2.349
5,4507,1.988
5,4508,1.831
5,4509,1.683
5,4510,1.987
5,4511,2.277
5,4512,2.006
5,4513,1.860
5,4514,1.713
5,4515,1.839
5,4516,2.189
5,4517,1.800
5,4518,1.896
5,4519,1.939
5,4520,1.857
5,4521,1.851
5,4522,2.221
5,4523,1.447
5,4524,1.357
5,4525,1.475
5,4526,1.588
5,4527,1.670
5,4528,1.515
5,4529,1.721
5,4530,2.158
5,4531,2.067
5,4532,1.854
5,4533,2.261
5,4534,1.706
5,4535,1.537
5,4536,1.409
5,4537,1.440
5,4538,1.766
5,4539,1.763
5,4540,1.490
5,4541,1.380
5,4542,1.517
5,4543,1.781
5,4544,1.587
5,4545,1.688
5,4546,1.620
5,4547,1.708
5,4548,1.686
5,4549,1.926
5,4550,1.808
5,4551,1.812
5,4552,1.546
5,4553,1.695
5,4554,1.499
5,4555,1.727
5,4556,1.749
5,4557,1.662
5,4558,1.783
5,4559,1.999
5,4560,1.920
5,4561,1.738
5,4562,1.784
5,4563,2.287
5,4564,1.566
5,4565,1.419
5,4566,1.584
5,4567,1.724
5,4568,1.769
5,4569,1.556
5,4570,1.476
5,4571,1.565
5,4572,1.472
5,4573,1.423
5,4574,1.897
5,4575,1.753
5,4576,2.262
5,4577,2.520
5,4578,2.310
5,4579,1.718
5,4580,1.411
5,4581,1.285
5,4582,1.425
5,4583,1.777
5,4584,1.962
5,4585,1.696
5,4586,2.900
5,4587,1.979
5,4588,1.637
5,4589,1.576
5,4590,1.912
5,4591,2.001
5,4592,1.521
5,4593,1.842
5,4594,1.682
5,4595,2.684
5,4596,1.707
5,4597,1.746
5,4598,1.663
5,4599,1.507
5,4600,1.489
5,4601,1.874
5,4602,1.871
5,4603,2.076
5,4604,2.127
5,4605,2.095
5,4606,2.215
5,4607,1.699
5,4608,1.506
5,4609,1.620
5,4610,1.611
5,4611,1.594
5,4612,2.146
5,4613,2.428
5,4614,1.711
5,4615,1.575
5,4616,2.395
5,4617,2.241
5,4618,1.868
5,4619,1.568
5,4620,1.964
5,4621,1.812
5,4622,1.975
5,4623,1.639
5,4624,1.754
5,4625,1.448
5,4626,1.354
5,4627,1.567
5,4628,1.954
5,4629,2.258
5,4630,1.652
5,4631,1.488
5,4632,2.025
5,4633,1.666
5,4634,1.727
5,4635,1.654
5,4636,1.732
5,4637,1.581
5,4638,1.794
5,4639,1.881
5,4640,2.050
5,4641,1.840
5,4642,2.493
5,4643,2.062
5,4644,1.744
5,4645,1.959
5,4646,1.684
5,4647,2.826
5,4648,1.642
5,4649,1.515
5,4650,2.284
5,4651,1.963
5,4652,1.477
5,4653,1.471
5,4654,1.630
5,4655,1.841
5,4656,1.730
5,4657,1.534
5,4658,1.824
5,4659,1.815
5,4660,1.616
5,4661,2.041
5,4662,1.939
5,4663,1.595
5,4664,2.384
5,4665,2.480
5,4666,2.076
5,4667,1.871
5,4668,1.875
5,4669,2.143
5,4670,2.387
5,4671,3.121
5,4672,2.295
5,4673,1.801
5,4674,1.739
5,4675,2.023
5,4676,1.876
5,4677,1.743
5,4678,2.173
5,4679,2.143
5,4680,2.281
5,4681,1.951
5,4682,1.836
5,4683,1.652
5,4684,1.640
5,4685,1.804
5,4686,2.148
5,4687,2.576
5,4688,1.506
5,4689,1.656
5,4690,1.625
5,4691,1.659
5,4692,1.509
5,4693,1.565
5,4694,1.638
5,4695,1.704
5,4696,1.840
5,4697,2.467
5,4698,2.427
5,4699,1.704
5,4700,1.535
5,4701,1.526
5,4702,1.526
5,4703,1.625
5,4704,1.591
5,4705,2.976
5,4706,2.022
5,4707,1.646
5,4708,1.741
5,4709,1.556
5,4710,1.389
5,4711,1.362
5,4712,1.398
5,4713,1.596
5,4714,1.741
5,4715,1.537
5,4716,1.362
5,4717,1.682
5,4718,1.497
5,4719,1.539
5,4720,1.598
5,4721,1.643
5,4722,1.632
5,4723,1.632
5,4724,2.314
5,4725,2.109
5,4726,1.868
5,4727,2.136
5,4728,1.556
5,4729,1.598
5,4730,1.581
5,4731,1.481
5,4732,1.892
5,4733,2.677
5,4734,1.743
5,4735,1.426
5,4736,1.421
5,4737,2.267
5,4738,1.724
5,4739,1.407
5,4740,1.295
5,4741,1.797
5,4742,1.855
5,4743,1.798
5,4744,1.631
5,4745,1.544
5,4746,1.471
5,4747,1.799
5,4748,1.594
5,4749,1.667
5,4750,1.938
5,4751,2.227
5,4752,1.854
5,4753,1.726
5,4754,1.667
5,4755,1.775
5,4756,1.460
5,4757,1.767
5,4758,1.483
5,4759,1.378
5,4760,2.255
5,4761,1.839
5,4762,1.684
5,4763,1.517
5,4764,1.474
5,4765,1.425
5,4766,1.708
5,4767,1.813
5,4768,1.768
5,4769,1.764
5,4770,2.569
5,4771,2.685
5,4772,2.503
5,4773,2.095
5,4774,1.859
5,4775,1.649
5,4776,2.208
5,4777,1.824
5,4778,1.500
5,4779,1.457
5,4780,1.789
5,4781,1.702
5,4782,1.701
5,4783,1.930
5,4784,1.723
5,4785,1.632
5,4786,1.828
5,4787,1.430
5,4788,1.641
5,4789,1.528
5,4790,1.314
5,4791,1.313
5,4792,1.365
5,4793,1.558
5,4794,1.485
5,4795,1.619
5,4796,1.816
5,4797,2.466
5,4798,2.023
5,4799,1.944
5,4800,2.211
5,4801,1.884
5,4802,1.386
5,4803,1.477
5,4804,1.788
5,4805,2.016
5,4806,2.011
5,4807,1.492
5,4808,1.622
5,4809,1.659
5,4810,1.590
5,4811,1.631
5,4812,2.019
5,4813,1.666
5,4814,1.598
5,4815,1.511
5,4816,1.778
5,4817,1.750
5,4818,1.663
5,4819,1.362
5,4820,1.347
5,4821,1.474
5,4822,1.451
5,4823,1.420
5,4824,1.592
5,4825,1.909
5,4826,1.555
5,4827,1.680
5,4828,1.411
5,4829,1.463
5,4830,1.660
5,4831,1.650
5,4832,1.411
5,4833,1.315
5,4834,1.514
5,4835,2.872
5,4836,2.091
5,4837,2.311
5,4838,2.072
5,4839,2.366
5,4840,2.246
5,4841,2.614
5,4842,2.046
5,4843,1.840
5,4844,1.994
5,4845,2.160
5,4846,1.705
5,4847,1.643
5,4848,1.792
5,4849,1.775
5,4850,2.355
5,4851,2.219
5,4852,1.715
5,4853,1.577
5,4854,2.493
5,4855,2.098
5,4856,2.135
5,4857,1.793
5,4858,1.991
5,4859,1.698
5,4860,1.637
5,4861,1.678
5,4862,1.616
5,4863,1.821
5,4864,2.788
5,4865,2.396
5,4866,2.381
5,4867,1.774
5,4868,1.448
5,4869,1.591
5,4870,1.564
5,4871,1.684
5,4872,1.883
5,4873,1.842
5,4874,1.759
5,4875,1.965
5,4876,1.969
5,4877,1.980
5,4878,1.521
5,4879,1.364
5,4880,1.312
5,4881,1.461
5,4882,1.769
5,4883,1.547
5,4884,1.435
5,4885,1.725
5,4886,1.724
5,4887,1.561
5,4888,1.572
5,4889,1.556
5,4890,1.711
5,4891,1.522
5,4892,1.484
5,4893,1.905
5,4894,1.747
5,4895,2.231
5,4896,2.047
5,4897,1.562
5,4898,1.604
5,4899,1.475
5,4900,1.416
5,4901,1.489
5,4902,1.564
5,4903,1.795
5,4904,1.470
5,4905,2.167
5,4906,2.088
5,4907,2.025
5,4908,1.564
5,4909,1.347
5,4910,1.408
5,4911,1.458
5,4912,1.413
5,4913,1.967
5,4914,2.253
5,4915,1.736
5,4916,1.430
5,4917,1.570
5,4918,1.521
5,4919,1.675
5,4920,1.532
5,4921,1.641
5,4922,1.663
5,4923,3.153
5,4924,2.070
5,4925,2.180
5,4926,1.839
5,4927,1.639
5,4928,1.670
5,4929,1.801
5,4930,1.942
5,4931,2.711
5,4932,2.540
5,4933,2.237
5,4934,2.326
5,4935,1.571
5,4936,1.776
5,4937,1.756
5,4938,1.625
5,4939,2.191
5,4940,2.038
5,4941,2.107
5,4942,1.659
5,4943,2.012
5,4944,2.060
5,4945,1.800
5,4946,1.825
5,4947,2.440
5,4948,2.390
5,4949,2.089
5,4950,2.998
5,4951,2.248
5,4952,2.235
5,4953,2.565
5,4954,2.075
5,4955,1.813
5,4956,1.969
5,4957,1.956
5,4958,2.405
5,4959,2.130
5,4960,1.845
5,4961,1.999
5,4962,2.024
5,4963,2.246
5,4964,1.879
5,4965,1.897
5,4966,3.363
5,4967,2.679
5,4968,2.357
5,4969,2.045
5,4970,2.071
5,4971,1.960
5,4972,2.503
5,4973,2.120
5,4974,1.859
5,4975,3.545
5,4976,2.821
5,4977,2.023
5,4978,1.944
5,4979,1.809
5,4980,2.137
5,4981,2.359
5,4982,1.977
5,4983,2.724
5,4984,2.233
5,4985,2.183
5,4986,1.850
5,4987,2.003
5,4988,1.992
5,4989,2.435
5,4990,2.460
5,4991,2.979
5,4992,2.403
5,4993,2.619
5,4994,2.680
5,4995,2.505
5,4996,2.449
5,4997,2.218
5,4998,2.598
5,4999,2.110
5,5000,2.009
5,5001,2.221
5,5002,2.494
5,5003,2.230
5,5004,2.083
5,5005,2.217
5,5006,2.522
5,5007,1.945
5,5008,2.146
5,5009,2.517
5,5010,2.847
5,5011,2.336
5,5012,1.999
5,5013,2.034
5,5014,3.049
5,5015,2.701
5,5016,2.780
5,5017,2.246
5,5018,1.991
5,5019,2.266
5,5020,1.857
5,5021,1.794
5,5022,1.575
5,5023,2.118
5,5024,2.297
5,5025,1.866
5,5026,2.082
5,5027,1.942
5,5028,1.823
5,5029,1.822
5,5030,2.168
5,5031,2.071
5,5032,2.008
5,5033,1.946
5,5034,2.107
5,5035,1.966
5,5036,1.849
5,5037,1.928
5,5038,2.016
5,5039,2.976
5,5040,2.600
5,5041,1.890
5,5042,1.631
5,5043,1.811
5,5044,1.997
5,5045,1.723
5,5046,1.517
5,5047,1.552
5,5048,2.619
5,5049,2.057
5,5050,1.477
5,5051,1.444
5,5052,1.624
5,5053,1.439
5,5054,1.482
5,5055,1.659
5,5056,1.706
5,5057,2.570
5,5058,2.646
5,5059,2.324
5,5060,2.246
5,5061,1.944
5,5062,2.571
5,5063,2.379
5,5064,2.258
5,5065,2.442
5,5066,2.095
5,5067,1.663
5,5068,1.632
5,5069,2.083
5,5070,1.861
5,5071,1.473
5,5072,1.821
5,5073,1.952
5,5074,1.828
5,5075,1.698
5,5076,1.970
5,5077,1.598
5,5078,1.493
5,5079,1.431
5,5080,1.541
5,5081,2.016
5,5082,2.019
5,5083,2.112
5,5084,2.379
5,5085,2.235
5,5086,2.532
5,5087,2.414
5,5088,2.263
5,5089,2.520
5,5090,2.437
5,5091,1.728
5,5092,1.468
5,5093,1.568
5,5094,1.988
5,5095,1.728
5,5096,1.420
5,5097,2.014
5,5098,2.209
5,5099,1.936
5,5100,2.010
5,5101,2.030
5,5102,1.732
5,5103,1.787
5,5104,1.504
5,5105,2.015
5,5106,1.841
5,5107,1.382
5,5108,1.321
5,5109,1.904
5,5110,1.788
5,5111,1.692
5,5112,1.608
5,5113,2.121
5,5114,1.939
5,5115,1.814
5,5116,1.715
5,5117,1.939
5,5118,2.048
5,5119,1.560
5,5120,1.481
5,5121,1.685
5,5122,1.628
5,5123,2.519
5,5124,1.794
5,5125,1.639
5,5126,1.427
5,5127,1.430
5,5128,1.570
5,5129,1.895
5,5130,1.538
5,5131,1.322
5,5132,1.412
5,5133,2.402
5,5134,2.210
5,5135,1.558
5,5136,1.385
5,5137,1.532
5,5138,1.573
5,5139,1.523
5,5140,1.439
5,5141,1.658
5,5142,2.007
5,5143,2.209
5,5144,3.210
5,5145,2.851
5,5146,2.225
5,5147,2.079
5,5148,1.924
5,5149,2.680
5,5150,2.374
5,5151,2.321
5,5152,1.769
5,5153,1.921
5,5154,2.233
5,5155,1.895
5,5156,2.236
5,5157,2.383
5,5158,1.897
5,5159,1.870
5,5160,2.319
5,5161,1.995
5,5162,1.959
5,5163,2.139
5,5164,2.672
5,5165,2.057
5,5166,1.744
5,5167,2.064
5,5168,2.197
5,5169,1.963
5,5170,2.065
5,5171,1.949
5,5172,1.883
5,5173,1.936
5,5174,2.060
5,5175,1.688
5,5176,1.451
5,5177,2.336
5,5178,2.071
5,5179,2.042
5,5180,2.274
5,5181,1.901
5,5182,1.610
5,5183,1.486
5,5184,1.618
5,5185,1.722
5,5186,1.747
5,5187,1.491
5,5188,1.503
5,5189,2.519
5,5190,2.203
5,5191,1.714
5,5192,2.409
5,5193,2.393
5,5194,1.986
5,5195,2.539
5,5196,2.916
5,5197,2.039
5,5198,1.904
5,5199,1.804
5,5200,1.414
5,5201,1.344
5,5202,1.701
5,5203,2.031
5,5204,2.101
5,5205,2.749
5,5206,2.123
5,5207,1.941
5,5208,1.467
5,5209,1.525
5,5210,1.927
5,5211,1.452
5,5212,1.382
5,5213,1.518
5,5214,2.174
5,5215,1.900
5,5216,1.590
5,5217,1.673
5,5218,1.797
5,5219,1.662
5,5220,1.476
5,5221,1.606
5,5222,2.117
5,5223,2.092
5,5224,1.992
5,5225,1.810
5,5226,1.899
5,5227,1.598
5,5228,1.337
5,5229,1.440
5,5230,1.599
5,5231,1.545
5,5232,1.739
5,5233,2.014
5,5234,2.593
5,5235,1.729
5,5236,1.485
5,5237,1.618
5,5238,1.739
5,5239,1.504
5,5240,1.305
5,5241,1.317
5,5242,2.866
5,5243,1.751
5,5244,1.959
5,5245,2.171
5,5246,1.858
5,5247,1.623
5,5248,1.579
5,5249,1.804
5,5250,2.596
5,5251,1.863
5,5252,1.596
5,5253,2.173
5,5254,1.573
5,5255,1.435
5,5256,1.406
5,5257,1.507
5,5258,1.514
5,5259,1.619
5,5260,1.631
5,5261,1.992
5,5262,1.699
5,5263,1.380
5,5264,1.731
5,5265,2.623
5,5266,2.279
5,5267,1.807
5,5268,1.797
5,5269,1.856
5,5270,1.645
5,5271,1.529
5,5272,1.825
5,5273,2.213
5,5274,1.652
5,5275,1.428
5,5276,1.741
5,5277,2.071
5,5278,2.062
5,5279,1.606
5,5280,1.686
5,5281,1.692
5,5282,1.550
5,5283,1.920
5,5284,1.764
5,5285,1.625
5,5286,2.526
5,5287,2.242
5,5288,2.103
5,5289,1.540
5,5290,1.336
5,5291,1.594
5,5292,1.850
5,5293,2.445
5,5294,2.274
5,5295,2.062
5,5296,1.806
5,5297,1.509
5,5298,1.706
5,5299,1.861
5,5300,1.483
5,5301,1.467
5,5302,1.521
5,5303,2.705
5,5304,2.205
5,5305,2.480
5,5306,1.976
5,5307,1.704
5,5308,1.740
5,5309,1.906
5,5310,1.889
5,5311,1.634
5,5312,2.813
5,5313,2.164
5,5314,2.092
5,5315,1.793
5,5316,1.733
5,5317,1.658
5,5318,1.601
5,5319,1.813
5,5320,2.233
5,5321,2.156
5,5322,1.597
5,5323,1.655
5,5324,2.334
5,5325,2.557
5,5326,1.975
5,5327,2.045
5,5328,2.330
5,5329,1.803
5,5330,2.321
5,5331,1.717
5,5332,1.451
5,5333,1.389
5,5334,1.459
5,5335,1.903
5,5336,1.457
5,5337,1.612
5,5338,1.559
5,5339,1.551
5,5340,1.468
5,5341,1.808
5,5342,1.492
5,5343,1.440
5,5344,1.368
5,5345,1.324
5,5346,1.403
5,5347,1.650
5,5348,2.054
5,5349,1.681
5,5350,1.361
5,5351,1.316
5,5352,2.198
5,5353,1.514
5,5354,1.519
5,5355,1.443
5,5356,1.369
5,5357,1.708
5,5358,1.773
5,5359,1.652
5,5360,1.665
5,5361,2.092
5,5362,1.917
5,5363,1.508
5,5364,1.466
5,5365,1.488
5,5366,1.968
5,5367,2.390
5,5368,2.066
5,5369,1.976
5,5370,2.002
5,5371,2.765
5,5372,2.068
5,5373,2.004
5,5374,2.564
5,5375,2.237
5,5376,1.972
5,5377,1.869
5,5378,2.063
5,5379,2.346
5,5380,1.745
5,5381,1.836
5,5382,1.832
5,5383,1.698
5,5384,1.535
5,5385,1.494
5,5386,1.667
5,5387,1.857
5,5388,1.492
5,5389,1.705
5,5390,1.604
5,5391,1.899
5,5392,2.065
5,5393,2.115
5,5394,2.477
5,5395,2.313
5,5396,2.490
5,5397,2.478
5,5398,2.240
5,5399,2.206
5,5400,1.834
5,5401,1.666
5,5402,1.408
5,5403,1.407
5,5404,1.474
5,5405,1.417
5,5406,1.465
5,5407,2.616
5,5408,1.865
5,5409,1.577
5,5410,1.481
5,5411,1.538
5,5412,1.581
5,5413,1.677
5,5414,1.871
5,5415,1.626
5,5416,1.928
5,5417,2.533
5,5418,1.827
5,5419,1.663
5,5420,1.721
5,5421,1.665
5,5422,1.526
5,5423,1.543
5,5424,1.767
5,5425,1.845
5,5426,2.342
5,5427,3.301
5,5428,2.443
5,5429,2.530
5,5430,2.414
5,5431,2.494
5,5432,3.187
5,5433,2.365
5,5434,2.802
5,5435,2.513
5,5436,2.562
5,5437,3.068
5,5438,2.185
5,5439,1.758
5,5440,1.784
5,5441,2.437
5,5442,1.648
5,5443,1.582
5,5444,2.753
5,5445,2.655
5,5446,2.352
5,5447,1.886
5,5448,1.702
5,5449,2.027
5,5450,2.323
5,5451,2.196
5,5452,1.997
5,5453,2.392
5,5454,2.118
5,5455,2.035
5,5456,2.232
5,5457,2.765
5,5458,2.115
5,5459,3.208
5,5460,3.433
5,5461,2.642
5,5462,2.883
5,5463,2.591
5,5464,1.951
5,5465,2.622
5,5466,2.253
5,5467,2.036
5,5468,1.949
5,5469,1.766
5,5470,1.725
5,5471,2.756
5,5472,2.165
5,5473,1.826
5,5474,1.856
5,5475,2.154
5,5476,2.066
5,5477,1.790
5,5478,1.976
5,5479,2.152
5,5480,2.937
5,5481,2.637
5,5482,1.955
5,5483,1.934
5,5484,2.228
5,5485,2.360
5,5486,1.983
5,5487,2.678
5,5488,2.477
5,5489,1.682
5,5490,1.906
5,5491,1.703
5,5492,1.462
5,5493,1.365
5,5494,1.364
5,5495,2.109
5,5496,2.063
5,5497,1.435
5,5498,1.691
5,5499,1.842
5,5500,1.745
5,5501,1.533
5,5502,1.986
5,5503,2.158
5,5504,2.151
5,5505,1.684
5,5506,1.698
5,5507,2.567
5,5508,1.987
5,5509,1.549
5,5510,1.635
5,5511,1.598
5,5512,2.756
5,5513,1.927
5,5514,1.719
5,5515,1.479
5,5516,1.417
5,5517,1.615
5,5518,2.271
5,5519,1.643
5,5520,1.513
5,5521,1.472
5,5522,1.683
5,5523,1.563
5,5524,1.550
5,5525,1.442
5,5526,1.573
5,5527,1.594
5,5528,1.551
5,5529,1.847
5,5530,2.089
5,5531,2.415
5,5532,1.942
5,5533,1.661
5,5534,1.723
5,5535,1.804
5,5536,1.895
5,5537,1.633
5,5538,2.259
5,5539,1.848
5,5540,1.592
5,5541,1.629
5,5542,1.635
5,5543,1.420
5,5544,1.369
5,5545,1.455
5,5546,1.969
5,5547,1.926
5,5548,2.611
5,5549,2.187
5,5550,1.712
5,5551,1.448
5,5552,18.973
5,5553,2.655
5,5554,2.209
5,5555,2.394
5,5556,2.154
5,5557,2.091
5,5558,2.291
5,5559,1.974
5,5560,1.872
5,5561,3.143
5,5562,2.529
5,5563,2.284
5,5564,1.983
5,5565,1.878
5,5566,1.979
5,5567,2.214
5,5568,1.895
5,5569,2.106
5,5570,2.661
5,5571,2.284
5,5572,2.032
5,5573,2.541
5,5574,2.209
5,5575,2.046
5,5576,2.679
5,5577,2.656
5,5578,1.987
5,5579,2.069
5,5580,2.332
5,5581,1.825
5,5582,2.167
5,5583,2.211
5,5584,2.645
5,5585,2.677
5,5586,1.872
5,5587,1.900
5,5588,1.824
5,5589,2.101
5,5590,1.996
5,5591,1.721
5,5592,2.335
5,5593,2.136
5,5594,2.247
5,5595,2.182
5,5596,2.095
5,5597,1.968
5,5598,2.030
5,5599,2.749
5,5600,2.138
5,5601,1.972
5,5602,2.480
5,5603,2.402
5,5604,1.907
5,5605,1.901
5,5606,1.920
5,5607,2.600
5,5608,2.446
5,5609,2.192
5,5610,2.386
5,5611,2.368
5,5612,2.259
5,5613,1.947
5,5614,2.169
5,5615,3.436
5,5616,2.280
5,5617,2.613
5,5618,2.119
5,5619,2.012
5,5620,2.149
5,5621,2.794
5,5622,1.967
5,5623,2.043
5,5624,2.017
5,5625,2.418
5,5626,2.060
5,5627,1.926
5,5628,2.188
5,5629,2.454
5,5630,2.417
5,5631,1.934
5,5632,1.945
5,5633,2.522
5,5634,2.083
5,5635,2.244
5,5636,2.520
5,5637,2.425
5,5638,2.358
5,5639,2.298
5,5640,2.174
5,5641,3.034
5,5642,3.228
5,5643,2.531
5,5644,2.146
5,5645,1.874
5,5646,2.037
5,5647,2.103
5,5648,2.416
5,5649,2.128
5,5650,2.354
5,5651,2.426
5,5652,1.989
5,5653,1.933
5,5654,2.053
5,5655,2.422
5,5656,2.901
5,5657,2.233
5,5658,2.374
5,5659,2.376
5,5660,2.286
5,5661,2.147
5,5662,2.419
5,5663,2.332
5,5664,1.865
5,5665,2.089
5,5666,1.874
5,5667,1.777
5,5668,1.680
5,5669,2.185
5,5670,2.293
5,5671,1.799
5,5672,1.966
5,5673,2.145
5,5674,2.394
5,5675,2.105
5,5676,2.082
5,5677,2.298
5,5678,1.814
5,5679,1.941
5,5680,2.406
5,5681,1.703
5,5682,1.610
5,5683,2.092
5,5684,2.233
5,5685,2.313
5,5686,2.274
5,5687,2.233
5,5688,2.581
5,5689,2.610
5,5690,2.083
5,5691,2.212
5,5692,1.980
5,5693,1.898
5,5694,1.507
5,5695,1.320
5,5696,1.347
5,5697,1.781
5,5698,1.393
5,5699,1.393
5,5700,1.600
5,5701,1.645
5,5702,1.881
5,5703,1.913
5,5704,1.845
5,5705,2.067
5,5706,1.831
5,5707,1.843
5,5708,1.616
5,5709,2.129
5,5710,2.528
5,5711,2.172
5,5712,2.070
5,5713,1.812
5,5714,1.730
5,5715,1.948
5,5716,2.615
5,5717,2.157
5,5718,2.167
5,5719,2.012
5,5720,2.216
5,5721,2.016
5,5722,2.226
5,5723,2.078
5,5724,2.315
5,5725,2.476
5,5726,1.567
5,5727,1.335
5,5728,1.415
5,5729,1.443
5,5730,1.509
5,5731,1.493
5,5732,1.340
5,5733,1.360
5,5734,1.549
5,5735,1.937
5,5736,1.807
5,5737,1.733
5,5738,1.717
5,5739,1.681
5,5740,1.829
5,5741,1.732
5,5742,1.824
5,5743,2.319
5,5744,1.823
5,5745,1.891
5,5746,1.612
5,5747,1.532
5,5748,1.523
5,5749,1.443
5,5750,1.477
5,5751,1.351
5,5752,1.361
5,5753,1.322
5,5754,2.203
5,5755,2.127
5,5756,2.143
5,5757,1.913
5,5758,2.155
5,5759,2.067
5,5760,1.900
5,5761,1.633
5,5762,1.927
5,5763,2.355
5,5764,2.302
5,5765,2.502
5,5766,1.989
5,5767,1.712
5,5768,1.701
5,5769,1.598
5,5770,2.083
5,5771,1.760
5,5772,1.667
5,5773,1.524
5,5774,1.423
5,5775,2.141
5,5776,1.742
5,5777,1.581
5,5778,1.368
5,5779,1.361
5,5780,2.228
5,5781,2.016
5,5782,1.720
5,5783,1.680
5,5784,2.163
5,5785,2.253
5,5786,1.820
5,5787,1.780
5,5788,2.078
5,5789,1.770
5,5790,1.530
5,5791,1.600
5,5792,1.732
5,5793,1.592
5,5794,1.505
5,5795,1.882
5,5796,1.876
5,5797,2.078
5,5798,2.323
5,5799,1.840
5,5800,1.568
5,5801,1.452
5,5802,1.425
5,5803,1.590
5,5804,1.596
5,5805,2.037
5,5806,1.459
5,5807,2.023
5,5808,1.751
5,5809,1.709
5,5810,1.541
5,5811,1.422
5,5812,1.451
5,5813,1.343
5,5814,1.369
5,5815,1.390
5,5816,2.007
5,5817,3.005
5,5818,1.831
5,5819,1.948
5,5820,2.028
5,5821,1.866
5,5822,1.641
5,5823,1.690
5,5824,1.540
5,5825,2.233
5,5826,1.716
5,5827,1.989
5,5828,1.526
5,5829,1.448
5,5830,1.379
5,5831,1.548
5,5832,1.669
5,5833,1.521
5,5834,1.480
5,5835,1.371
5,5836,1.731
5,5837,1.493
5,5838,1.465
5,5839,1.616
5,5840,1.545
5,5841,1.892
5,5842,1.383
5,5843,1.318
5,5844,1.376
5,5845,3.157
5,5846,2.012
5,5847,1.722
5,5848,2.083
5,5849,2.113
5,5850,2.239
5,5851,2.169
5,5852,2.087
5,5853,2.021
5,5854,2.188
5,5855,3.125
5,5856,1.881
5,5857,1.952
5,5858,2.561
5,5859,2.250
5,5860,1.871
5,5861,1.776
5,5862,1.509
5,5863,1.780
5,5864,1.790
5,5865,1.714
5,5866,1.438
5,5867,1.435
5,5868,2.628
5,5869,2.409
5,5870,1.873
5,5871,1.597
5,5872,2.166
5,5873,1.977
5,5874,1.825
5,5875,2.168
5,5876,2.151
5,5877,1.944
5,5878,1.799
5,5879,1.860
5,5880,2.342
5,5881,2.609
5,5882,1.879
5,5883,2.341
5,5884,2.037
5,5885,1.946
5,5886,1.999
5,5887,1.902
5,5888,1.702
5,5889,2.005
5,5890,2.314
5,5891,2.065
5,5892,1.636
5,5893,1.624
5,5894,1.467
5,5895,1.570
5,5896,1.399
5,5897,1.394
5,5898,1.392
5,5899,1.497
5,5900,1.521
5,5901,2.802
5,5902,1.613
5,5903,1.510
5,5904,1.513
5,5905,1.803
5,5906,1.845
5,5907,2.099
5,5908,1.459
5,5909,1.635
5,5910,2.172
5,5911,2.155
5,5912,1.685
5,5913,1.716
5,5914,1.469
5,5915,1.323
5,5916,1.338
5,5917,1.386
5,5918,1.773
5,5919,2.031
5,5920,1.704
5,5921,1.452
5,5922,1.878
5,5923,2.312
5,5924,2.562
5,5925,1.933
5,5926,1.585
5,5927,1.738
5,5928,2.085
5,5929,2.217
5,5930,1.818
5,5931,2.185
5,5932,2.033
5,5933,1.989
5,5934,1.888
5,5935,2.459
5,5936,2.357
5,5937,2.255
5,5938,2.255
5,5939,2.713
5,5940,1.998
5,5941,2.110
5,5942,2.337
5,5943,2.296
5,5944,1.877
5,5945,2.050
5,5946,2.218
5,5947,2.624
5,5948,2.233
5,5949,2.860
5,5950,2.425
5,5951,2.580
5,5952,2.053
5,5953,1.879
5,5954,2.255
5,5955,3.785
5,5956,3.509
5,5957,2.504
5,5958,2.464
5,5959,2.796
5,5960,2.256
5,5961,3.205
5,5962,3.612
5,5963,2.911
5,5964,2.257
5,5965,2.217
5,5966,2.612
5,5967,3.503
5,5968,3.065
5,5969,2.724
5,5970,2.452
5,5971,2.820
5,5972,2.938
5,5973,3.057
5,5974,2.743
5,5975,2.418
5,5976,2.830
5,5977,2.536
5,5978,3.144
5,5979,2.868
5,5980,2.411
5,5981,2.651
5,5982,2.215
5,5983,1.961
5,5984,3.368
5,5985,2.268
5,5986,2.340
5,5987,2.456
5,5988,2.139
5,5989,2.213
5,5990,2.531
5,5991,2.455
5,5992,2.834
5,5993,3.324
5,5994,2.225
5,5995,2.908
5,5996,2.776
5,5997,3.157
5,5998,2.578
5,5999,2.369
5,6000,2.263
5,6001,2.009
5,6002,2.000
5,6003,2.504
5,6004,2.273
5,6005,1.857
5,6006,1.796
5,6007,2.529
5,6008,1.970
5,6009,2.086
5,6010,2.491
5,6011,2.584
5,6012,3.284
5,6013,2.384
5,6014,2.524
5,6015,2.529
5,6016,2.359
5,6017,2.551
5,6018,2.323
5,6019,1.878
5,6020,1.647
5,6021,1.915
5,6022,2.752
5,6023,1.818
5,6024,2.654
5,6025,2.307
5,6026,1.724
5,6027,1.489
5,6028,1.546
5,6029,1.529
5,6030,1.486
5,6031,1.823
5,6032,1.936
5,6033,2.890
5,6034,1.953
5,6035,1.888
5,6036,2.243
5,6037,2.099
5,6038,1.947
5,6039,2.228
5,6040,2.225
5,6041,1.749
5,6042,1.793
5,6043,1.730
5,6044,1.389
5,6045,1.301
5,6046,1.428
5,6047,1.696
5,6048,1.840
5,6049,2.095
5,6050,2.005
5,6051,2.011
5,6052,1.687
5,6053,1.551
5,6054,1.896
5,6055,1.721
5,6056,1.418
5,6057,1.437
5,6058,1.610
5,6059,2.550
5,6060,1.956
5,6061,1.944
5,6062,2.053
5,6063,2.078
5,6064,1.990
5,6065,2.791
5,6066,2.392
5,6067,2.207
5,6068,2.150
5,6069,2.058
5,6070,1.653
5,6071,1.563
5,6072,2.133
5,6073,2.324
5,6074,2.903
5,6075,2.562
5,6076,1.990
5,6077,1.929
5,6078,2.239
5,6079,1.984
5,6080,1.770
5,6081,2.819
5,6082,2.441
5,6083,2.295
5,6084,2.242
5,6085,2.265
5,6086,1.945
5,6087,2.156
5,6088,2.817
5,6089,2.168
5,6090,2.216
5,6091,2.288
5,6092,1.572
5,6093,1.401
5,6094,1.534
5,6095,1.587
5,6096,1.501
5,6097,2.409
5,6098,2.074
5,6099,1.685
5,6100,1.463
5,6101,1.938
5,6102,1.782
5,6103,1.719
5,6104,1.470
5,6105,1.669
5,6106,2.203
5,6107,2.154
5,6108,2.173
5,6109,2.459
5,6110,2.775
5,6111,1.918
5,6112,2.052
5,6113,2.602
5,6114,1.706
5,6115,1.617
5,6116,1.917
5,6117,1.780
5,6118,1.652
5,6119,1.864
5,6120,1.595
5,6121,1.442
5,6122,1.708
5,6123,1.841
5,6124,1.815
5,6125,1.499
5,6126,1.355
5,6127,1.316
5,6128,1.594
5,6129,1.585
5,6130,1.951
5,6131,1.440
5,6132,1.643
5,6133,1.783
5,6134,1.934
5,6135,1.897
5,6136,2.027
5,6137,1.768
5,6138,1.574
5,6139,1.628
5,6140,2.586
5,6141,2.766
5,6142,1.584
5,6143,1.668
5,6144,1.654
5,6145,1.537
5,6146,1.611
5,6147,1.641
5,6148,1.480
5,6149,1.924
5,6150,1.823
5,6151,1.721
5,6152,1.920
5,6153,1.607
5,6154,1.388
5,6155,1.388
5,6156,1.518
5,6157,1.376
5,6158,1.425
5,6159,2.460
5,6160,2.415
5,6161,2.625
5,6162,2.253
5,6163,2.314
5,6164,2.188
5,6165,2.244
5,6166,2.945
5,6167,2.288
5,6168,3.051
5,6169,2.178
5,6170,2.222
5,6171,2.234
5,6172,2.009
5,6173,1.824
5,6174,2.239
5,6175,2.638
5,6176,2.646
5,6177,1.923
5,6178,1.943
5,6179,2.018
5,6180,2.297
5,6181,2.275
5,6182,1.818
5,6183,1.635
5,6184,1.810
5,6185,2.192
5,6186,1.909
5,6187,1.941
5,6188,2.330
5,6189,1.894
5,6190,1.571
5,6191,1.998
5,6192,1.689
5,6193,1.773
5,6194,2.275
5,6195,2.044
5,6196,3.102
5,6197,2.157
5,6198,1.800
5,6199,2.199
5,6200,2.317
5,6201,2.092
5,6202,2.000
5,6203,2.866
5,6204,2.396
5,6205,2.197
5,6206,2.146
5,6207,2.285
5,6208,1.958
5,6209,2.051
5,6210,3.228
5,6211,2.101
5,6212,1.854
5,6213,1.978
5,6214,2.384
5,6215,1.802
5,6216,1.902
5,6217,2.499
5,6218,2.947
5,6219,2.045
5,6220,2.136
5,6221,2.117
5,6222,2.026
5,6223,2.452
5,6224,2.166
5,6225,1.940
5,6226,2.357
5,6227,2.131
5,6228,1.819
5,6229,1.983
5,6230,2.135
5,6231,1.927
5,6232,3.130
5,6233,3.947
5,6234,3.557
5,6235,3.381
5,6236,2.950
5,6237,2.690
5,6238,2.491
5,6239,2.629
5,6240,2.822
5,6241,2.639
5,6242,2.979
5,6243,2.741
5,6244,2.845
5,6245,2.837
5,6246,3.493
5,6247,4.926
5,6248,3.256
5,6249,2.572
5,6250,3.164
5,6251,3.498
5,6252,3.610
5,6253,2.866
5,6254,2.624
5,6255,2.297
5,6256,1.849
5,6257,2.401
5,6258,2.584
5,6259,2.246
5,6260,1.880
5,6261,2.091
5,6262,2.070
5,6263,2.140
5,6264,2.195
5,6265,2.776
5,6266,2.112
5,6267,2.298
5,6268,2.179
5,6269,2.253
5,6270,2.307
5,6271,2.664
5,6272,3.212
5,6273,2.893
5,6274,1.961
5,6275,2.057
5,6276,2.268
5,6277,1.981
5,6278,2.162
5,6279,2.454
5,6280,2.477
5,6281,2.390
5,6282,2.064
5,6283,1.820
5,6284,1.655
5,6285,2.017
5,6286,2.337
5,6287,3.722
5,6288,2.897
5,6289,2.747
5,6290,2.119
5,6291,2.326
5,6292,2.997
5,6293,2.867
5,6294,2.275
5,6295,1.957
5,6296,2.494
5,6297,2.587
5,6298,2.106
5,6299,2.197
5,6300,2.266
5,6301,2.305
5,6302,2.061
5,6303,2.051
5,6304,2.250
5,6305,2.311
5,6306,2.777
5,6307,1.875
5,6308,1.503
5,6309,2.012
5,6310,2.277
5,6311,2.048
5,6312,2.712
5,6313,2.897
5,6314,2.003
5,6315,2.771
5,6316,2.216
5,6317,1.848
5,6318,2.296
5,6319,2.747
5,6320,2.096
5,6321,2.019
5,6322,1.717
5,6323,1.546
5,6324,1.756
5,6325,1.995
5,6326,1.675
5,6327,1.389
5,6328,2.212
5,6329,2.045
5,6330,1.841
5,6331,1.554
5,6332,1.756
5,6333,2.176
5,6334,2.087
5,6335,2.077
5,6336,2.982
5,6337,3.118
5,6338,2.681
5,6339,2.933
5,6340,1.957
5,6341,2.034
5,6342,2.206
5,6343,2.214
5,6344,2.847
5,6345,2.771
5,6346,2.257
5,6347,2.608
5,6348,2.120
5,6349,1.944
5,6350,2.137
5,6351,2.561
5,6352,1.858
5,6353,1.875
5,6354,2.106
5,6355,2.124
5,6356,2.583
5,6357,2.609
5,6358,2.554
5,6359,3.066
5,6360,2.925
5,6361,2.363
5,6362,2.776
5,6363,2.237
5,6364,2.226
5,6365,2.296
5,6366,2.485
5,6367,2.069
5,6368,2.399
5,6369,2.034
5,6370,1.729
5,6371,1.895
5,6372,1.895
5,6373,1.946
5,6374,2.318
5,6375,3.118
5,6376,2.965
5,6377,2.241
5,6378,1.871
5,6379,1.882
5,6380,2.112
5,6381,2.018
5,6382,2.003
5,6383,2.981
5,6384,2.297
5,6385,1.996
5,6386,2.215
5,6387,2.237
5,6388,1.797
5,6389,1.729
5,6390,1.858
5,6391,3.276
5,6392,1.912
5,6393,2.032
5,6394,2.283
5,6395,2.484
5,6396,2.275
5,6397,2.112
5,6398,2.699
5,6399,3.011
5,6400,1.889
5,6401,1.593
5,6402,2.462
5,6403,2.162
5,6404,2.130
5,6405,2.902
5,6406,2.100
5,6407,1.977
5,6408,2.019
5,6409,1.510
5,6410,1.377
5,6411,1.341
5,6412,1.342
5,6413,2.026
5,6414,2.187
5,6415,1.980
5,6416,1.752
5,6417,1.806
5,6418,1.482
5,6419,1.483
5,6420,1.537
5,6421,1.629
5,6422,1.659
5,6423,1.610
5,6424,1.535
5,6425,1.718
5,6426,1.671
5,6427,1.728
5,6428,1.855
5,6429,1.739
5,6430,1.680
5,6431,1.488
5,6432,2.141
5,6433,2.808
5,6434,2.026
5,6435,1.694
5,6436,2.000
5,6437,2.318
5,6438,1.830
5,6439,2.239
5,6440,3.342
5,6441,2.989
5,6442,2.062
5,6443,1.671
5,6444,1.915
5,6445,3.549
5,6446,2.981
5,6447,3.018
5,6448,2.469
5,6449,2.326
5,6450,2.321
5,6451,2.009
5,6452,2.712
5,6453,3.199
5,6454,2.902
5,6455,1.896
5,6456,1.651
5,6457,1.486
5,6458,1.716
5,6459,1.873
5,6460,1.864
5,6461,1.571
5,6462,1.533
5,6463,1.624
5,6464,1.869
5,6465,1.511
5,6466,1.384
5,6467,1.362
5,6468,1.613
5,6469,1.929
5,6470,1.991
5,6471,1.916
5,6472,1.672
5,6473,1.618
5,6474,1.734
5,6475,1.698
5,6476,1.832
5,6477,1.730
5,6478,1.942
5,6479,1.898
5,6480,1.804
5,6481,2.055
5,6482,1.933
5,6483,1.716
5,6484,1.573
5,6485,1.434
5,6486,1.573
5,6487,1.906
5,6488,1.685
5,6489,1.458
5,6490,1.364
5,6491,1.965
5,6492,1.823
5,6493,1.608
5,6494,1.440
5,6495,1.374
5,6496,1.711
5,6497,2.253
5,6498,1.922
5,6499,1.704
5,6500,2.116
5,6501,2.111
5,6502,1.714
5,6503,1.684
5,6504,2.007
5,6505,2.114
5,6506,2.415
5,6507,2.602
5,6508,2.395
5,6509,3.181
5,6510,2.039
5,6511,2.066
5,6512,2.148
5,6513,2.481
5,6514,1.871
5,6515,1.559
5,6516,1.680
5,6517,1.949
5,6518,1.782
5,6519,1.570
5,6520,2.184
5,6521,1.887
5,6522,1.713
5,6523,1.755
5,6524,1.716
5,6525,1.445
5,6526,1.361
5,6527,2.198
5,6528,2.118
5,6529,2.048
5,6530,1.763
5,6531,1.763
5,6532,1.677
5,6533,1.516
5,6534,1.523
5,6535,2.089
5,6536,2.538
5,6537,1.884
5,6538,1.624
5,6539,2.256
5,6540,1.983
5,6541,1.510
5,6542,1.384
5,6543,1.564
5,6544,1.558
5,6545,1.886
5,6546,2.116
5,6547,1.647
5,6548,1.475
5,6549,1.407
5,6550,1.376
5,6551,1.673
5,6552,1.779
5,6553,1.479
5,6554,1.639
5,6555,1.626
5,6556,1.736
5,6557,1.840
5,6558,1.587
5,6559,1.652
5,6560,1.718
5,6561,1.913
5,6562,1.910
5,6563,2.252
5,6564,2.467
5,6565,1.750
5,6566,2.060
5,6567,1.761
5,6568,1.661
5,6569,1.534
5,6570,1.449
5,6571,1.587
5,6572,2.830
5,6573,2.042
5,6574,2.046
5,6575,1.992
5,6576,1.484
5,6577,1.444
5,6578,1.624
5,6579,1.651
5,6580,1.396
5,6581,1.979
5,6582,1.617
5,6583,1.650
5,6584,1.656
5,6585,1.658
5,6586,2.350
5,6587,2.184
5,6588,2.096
5,6589,2.321
5,6590,2.222
5,6591,2.563
5,6592,2.271
5,6593,2.143
5,6594,2.312
5,6595,2.148
5,6596,2.415
5,6597,2.111
5,6598,1.865
5,6599,2.276
5,6600,1.868
5,6601,1.557
5,6602,1.657
5,6603,2.800
5,6604,2.367
5,6605,1.934
5,6606,1.798
5,6607,1.865
5,6608,1.878
5,6609,2.018
5,6610,1.958
5,6611,2.411
5,6612,2.924
5,6613,2.195
5,6614,2.385
5,6615,1.900
5,6616,2.091
5,6617,2.273
5,6618,2.694
5,6619,2.361
5,6620,2.244
5,6621,1.778
5,6622,1.826
5,6623,1.754
5,6624,1.482
5,6625,1.510
5,6626,1.915
5,6627,1.628
5,6628,1.746
5,6629,1.613
5,6630,2.188
5,6631,1.778
5,6632,1.470
5,6633,1.629
5,6634,1.808
5,6635,2.707
5,6636,1.980
5,6637,1.975
5,6638,1.668
5,6639,1.946
5,6640,2.675
5,6641,2.792
5,6642,2.165
5,6643,2.084
5,6644,1.775
5,6645,1.469
5,6646,1.361
5,6647,1.458
5,6648,1.819
5,6649,1.801
5,6650,1.640
5,6651,2.478
5,6652,1.796
5,6653,1.644
5,6654,1.588
5,6655,1.877
5,6656,1.590
5,6657,1.403
5,6658,1.717
5,6659,2.173
5,6660,2.016
5,6661,1.835
5,6662,1.834
5,6663,2.175
5,6664,2.022
5,6665,2.052
5,6666,2.581
5,6667,3.313
5,6668,2.028
5,6669,1.827
5,6670,1.674
5,6671,1.510
5,6672,1.552
5,6673,1.562
5,6674,1.475
5,6675,2.512
5,6676,2.367
5,6677,1.669
5,6678,1.444
5,6679,1.408
5,6680,1.504
5,6681,1.770
5,6682,1.743
5,6683,1.807
5,6684,1.644
5,6685,1.781
5,6686,1.974
5,6687,1.752
5,6688,1.471
5,6689,1.689
5,6690,1.765
5,6691,1.600
5,6692,1.856
5,6693,2.568
5,6694,1.837
5,6695,1.498
5,6696,2.260
5,6697,1.612
5,6698,1.580
5,6699,1.529
5,6700,1.485
5,6701,1.933
5,6702,2.095
5,6703,2.013
5,6704,2.231
5,6705,2.393
5,6706,1.802
5,6707,1.741
5,6708,2.508
5,6709,2.199
5,6710,1.539
5,6711,1.674
5,6712,1.731
5,6713,1.673
5,6714,2.101
5,6715,1.891
5,6716,1.833
5,6717,2.241
5,6718,2.848
5,6719,2.768
5,6720,2.126
5,6721,2.247
5,6722,2.590
5,6723,1.949
5,6724,2.250
5,6725,2.097
5,6726,1.688
5,6727,1.780
5,6728,2.079
5,6729,1.877
5,6730,1.548
5,6731,2.266
5,6732,2.066
5,6733,1.968
5,6734,1.588
5,6735,1.703
5,6736,1.797
5,6737,1.700
5,6738,1.582
5,6739,2.002
5,6740,2.019
5,6741,2.580
5,6742,2.519
5,6743,2.082
5,6744,2.240
5,6745,2.637
5,6746,2.192
5,6747,2.106
5,6748,3.554
5,6749,2.528
5,6750,2.110
5,6751,2.505
5,6752,1.943
5,6753,1.640
5,6754,2.192
5,6755,2.407
5,6756,2.623
5,6757,2.769
5,6758,2.677
5,6759,2.746
5,6760,3.018
5,6761,2.611
5,6762,2.543
5,6763,3.042
5,6764,2.945
5,6765,2.352
5,6766,2.256
5,6767,2.540
5,6768,2.033
5,6769,1.599
5,6770,2.408
5,6771,2.088
5,6772,2.058
5,6773,1.733
5,6774,2.375
5,6775,2.004
5,6776,1.746
5,6777,1.861
5,6778,1.816
5,6779,1.796
5,6780,1.441
5,6781,1.633
5,6782,2.127
5,6783,2.064
5,6784,1.880
5,6785,2.069
5,6786,1.994
5,6787,1.813
5,6788,2.616
5,6789,2.191
5,6790,2.562
5,6791,2.652
5,6792,2.351
5,6793,1.960
5,6794,2.148
5,6795,2.408
5,6796,2.721
5,6797,2.427
5,6798,1.854
5,6799,1.538
5,6800,1.555
5,6801,1.938
5,6802,1.772
5,6803,1.474
5,6804,1.355
5,6805,2.204
5,6806,2.749
5,6807,1.952
5,6808,2.466
5,6809,2.251
5,6810,1.930
5,6811,2.079
5,6812,2.701
5,6813,2.249
5,6814,3.257
5,6815,2.199
5,6816,2.052
5,6817,2.478
5,6818,2.502
5,6819,2.629
5,6820,2.368
5,6821,2.105
5,6822,2.130
5,6823,2.341
5,6824,2.209
5,6825,2.437
5,6826,3.337
5,6827,2.565
5,6828,2.710
5,6829,2.413
5,6830,2.197
5,6831,3.757
5,6832,2.701
5,6833,2.534
5,6834,2.625
5,6835,2.860
5,6836,2.801
5,6837,2.601
5,6838,2.695
5,6839,2.449
5,6840,2.259
5,6841,2.423
5,6842,3.564
5,6843,2.175
5,6844,1.998
5,6845,2.162
5,6846,2.095
5,6847,2.304
5,6848,2.165
5,6849,2.606
5,6850,3.112
5,6851,2.747
5,6852,2.337
5,6853,2.326
5,6854,2.111
5,6855,3.056
5,6856,2.830
5,6857,2.972
5,6858,2.594
5,6859,2.285
5,6860,2.077
5,6861,2.893
5,6862,2.387
5,6863,2.684
5,6864,3.199
5,6865,2.232
5,6866,2.442
5,6867,2.455
5,6868,2.440
5,6869,2.413
5,6870,2.470
5,6871,2.960
5,6872,2.296
5,6873,2.251
5,6874,2.466
5,6875,2.473
5,6876,2.028
5,6877,2.284
5,6878,2.737
5,6879,2.143
5,6880,2.480
5,6881,2.609
5,6882,2.405
5,6883,2.625
5,6884,2.315
5,6885,2.649
5,6886,3.127
5,6887,2.487
5,6888,3.656
5,6889,2.680
5,6890,3.202
5,6891,2.763
5,6892,2.115
5,6893,2.229
5,6894,2.491
5,6895,2.109
5,6896,2.362
5,6897,2.627
5,6898,2.950
5,6899,2.361
5,6900,2.248
5,6901,2.272
5,6902,2.439
5,6903,2.033
5,6904,1.734
5,6905,2.712
5,6906,2.905
5,6907,2.486
5,6908,2.457
5,6909,2.238
5,6910,2.869
5,6911,3.427
5,6912,2.291
5,6913,2.511
5,6914,2.137
5,6915,1.767
5,6916,1.647
5,6917,1.869
5,6918,1.697
5,6919,3.333
5,6920,2.751
5,6921,2.306
5,6922,1.802
5,6923,1.808
5,6924,1.724
5,6925,1.542
5,6926,1.919
5,6927,1.898
5,6928,1.734
5,6929,1.781
5,6930,1.802
5,6931,2.059
5,6932,2.159
5,6933,2.304
5,6934,2.917
5,6935,2.084
5,6936,1.795
5,6937,1.791
5,6938,1.653
5,6939,2.091
5,6940,1.773
5,6941,1.690
5,6942,1.997
5,6943,2.388
5,6944,2.285
5,6945,1.880
5,6946,1.501
5,6947,1.607
5,6948,2.086
5,6949,1.889
5,6950,1.834
5,6951,1.844
5,6952,1.682
5,6953,1.727
5,6954,1.682
5,6955,2.066
5,6956,1.924
5,6957,2.375
5,6958,2.185
5,6959,2.359
5,6960,2.608
5,6961,1.894
5,6962,1.661
5,6963,1.667
5,6964,1.665
5,6965,1.821
5,6966,2.565
5,6967,2.596
5,6968,2.223
5,6969,2.146
5,6970,1.720
5,6971,1.486
5,6972,1.620
5,6973,1.583
5,6974,1.626
5,6975,2.742
5,6976,2.617
5,6977,2.185
5,6978,1.998
5,6979,2.098
5,6980,1.951
5,6981,1.766
5,6982,1.787
5,6983,2.319
5,6984,2.313
5,6985,2.808
5,6986,2.178
5,6987,2.020
5,6988,2.002
5,6989,2.086
5,6990,1.662
5,6991,3.231
5,6992,2.698
5,6993,2.658
5,6994,2.438
5,6995,2.113
5,6996,1.971
5,6997,2.459
5,6998,2.418
5,6999,1.577
5,7000,1.559
5,7001,1.828
5,7002,1.923
5,7003,2.172
5,7004,2.208
5,7005,2.263
5,7006,1.892
5,7007,2.570
5,7008,1.956
5,7009,1.717
5,7010,1.629
5,7011,1.770
5,7012,1.942
5,7013,1.938
5,7014,1.620
5,7015,2.020
5,7016,2.314
5,7017,1.992
5,7018,1.802
5,7019,1.742
5,7020,1.563
5,7021,1.651
5,7022,2.764
5,7023,2.261
5,7024,1.810
5,7025,2.253
5,7026,2.184
5,7027,2.344
5,7028,2.327
5,7029,2.592
5,7030,2.475
5,7031,2.470
5,7032,3.081
5,7033,2.122
5,7034,2.122
5,7035,2.478
5,7036,2.267
5,7037,2.096
5,7038,2.034
5,7039,2.083
5,7040,2.955
5,7041,2.387
5,7042,2.879
5,7043,2.682
5,7044,2.376
5,7045,2.074
5,7046,1.996
5,7047,2.244
5,7048,1.936
5,7049,2.121
5,7050,2.120
5,7051,1.827
5,7052,1.720
5,7053,2.072
5,7054,2.275
5,7055,1.697
5,7056,1.892
5,7057,2.005
5,7058,1.982
5,7059,1.746
5,7060,1.731
5,7061,1.667
5,7062,1.585
5,7063,1.619
5,7064,1.869
5,7065,1.892
5,7066,2.665
5,7067,1.893
5,7068,1.717
5,7069,1.679
5,7070,1.622
5,7071,1.651
5,7072,1.543
5,7073,1.655
5,7074,2.050
5,7075,3.171
5,7076,2.717
5,7077,2.167
5,7078,2.318
5,7079,2.478
5,7080,1.804
5,7081,2.590
5,7082,1.822
5,7083,1.745
5,7084,2.296
5,7085,1.958
5,7086,1.760
5,7087,1.567
5,7088,1.940
5,7089,2.232
5,7090,1.797
5,7091,1.567
5,7092,1.877
5,7093,2.104
5,7094,1.895
5,7095,1.862
5,7096,1.837
5,7097,1.722
5,7098,1.843
5,7099,2.432
5,7100,2.061
5,7101,1.819
5,7102,2.051
5,7103,1.978
5,7104,1.788
5,7105,1.932
5,7106,2.157
5,7107,2.059
5,7108,1.710
5,7109,1.813
5,7110,2.003
5,7111,1.968
5,7112,1.520
5,7113,1.644
5,7114,1.933
5,7115,2.045
5,7116,1.742
5,7117,1.876
5,7118,1.891
5,7119,1.683
5,7120,1.715
5,7121,2.359
5,7122,1.756
5,7123,1.637
5,7124,1.712
5,7125,2.056
5,7126,1.969
5,7127,1.703
5,7128,1.762
5,7129,2.053
5,7130,2.245
5,7131,2.136
5,7132,2.752
5,7133,2.096
5,7134,1.884
5,7135,2.166
5,7136,2.001
5,7137,1.575
5,7138,2.068
5,7139,2.361
5,7140,2.447
5,7141,2.027
5,7142,1.881
5,7143,1.667
5,7144,1.577
5,7145,1.608
5,7146,1.862
5,7147,1.964
5,7148,2.390
5,7149,2.298
5,7150,2.116
5,7151,1.801
5,7152,1.677
5,7153,1.910
5,7154,1.939
5,7155,1.876
5,7156,3.300
5,7157,2.036
5,7158,1.715
5,7159,1.831
5,7160,1.950
5,7161,1.760
5,7162,1.464
5,7163,1.817
5,7164,1.965
5,7165,2.023
5,7166,1.978
5,7167,1.991
5,7168,1.707
5,7169,1.536
5,7170,1.578
5,7171,1.912
5,7172,1.883
5,7173,2.536
5,7174,3.038
5,7175,2.149
5,7176,2.220
5,7177,2.190
5,7178,2.103
5,7179,2.106
5,7180,2.929
5,7181,2.813
5,7182,2.252
5,7183,2.117
5,7184,1.952
5,7185,1.851
5,7186,2.627
5,7187,2.990
5,7188,2.743
5,7189,2.616
5,7190,1.932
5,7191,1.937
5,7192,2.257
5,7193,2.518
5,7194,2.474
5,7195,2.092
5,7196,2.022
5,7197,2.259
5,7198,1.928
5,7199,1.901
5,7200,1.876
5,7201,1.873
5,7202,1.883
5,7203,2.157
5,7204,1.719
5,7205,1.768
5,7206,1.938
5,7207,1.849
5,7208,2.229
5,7209,1.859
5,7210,1.486
5,7211,1.455
5,7212,1.575
5,7213,1.973
5,7214,1.804
5,7215,1.524
5,7216,2.450
5,7217,1.795
5,7218,1.624
5,7219,1.686
5,7220,1.700
5,7221,1.600
5,7222,1.505
5,7223,1.577
5,7224,1.722
5,7225,2.032
5,7226,2.229
5,7227,1.794
5,7228,1.961
5,7229,1.814
5,7230,1.793
5,7231,2.088
5,7232,1.822
5,7233,1.890
5,7234,2.115
5,7235,2.304
5,7236,1.789
5,7237,1.533
5,7238,1.479
5,7239,1.645
5,7240,1.664
5,7241,1.803
5,7242,1.884
5,7243,1.865
5,7244,1.690
5,7245,1.874
5,7246,1.658
5,7247,1.803
5,7248,1.647
5,7249,1.447
5,7250,1.509
5,7251,1.937
5,7252,2.041
5,7253,1.863
5,7254,1.738
5,7255,2.139
5,7256,1.730
5,7257,1.892
5,7258,2.744
5,7259,2.418
5,7260,1.908
5,7261,1.674
5,7262,1.870
5,7263,1.807
5,7264,1.776
5,7265,1.672
5,7266,1.742
5,7267,2.041
5,7268,2.424
5,7269,2.423
5,7270,2.195
5,7271,2.082
5,7272,2.033
5,7273,2.100
5,7274,1.823
5,7275,2.009
5,7276,2.019
5,7277,1.865
5,7278,1.746
5,7279,1.743
5,7280,1.851
5,7281,2.149
5,7282,2.959
5,7283,2.699
5,7284,1.823
5,7285,1.600
5,7286,1.763
5,7287,1.754
5,7288,1.688
5,7289,1.485
5,7290,2.048
5,7291,2.912
5,7292,2.234
5,7293,2.178
5,7294,1.758
5,7295,1.926
5,7296,1.640
5,7297,1.989
5,7298,2.252
5,7299,1.917
5,7300,1.835
5,7301,1.857
5,7302,1.715
5,7303,1.812
5,7304,1.817
5,7305,1.743
5,7306,1.988
5,7307,2.082
5,7308,2.234
5,7309,2.182
5,7310,1.888
5,7311,1.938
5,7312,1.721
5,7313,1.910
5,7314,2.092
5,7315,2.148
5,7316,2.075
5,7317,2.661
5,7318,2.611
5,7319,2.034
5,7320,1.760
5,7321,2.935
5,7322,2.491
5,7323,2.276
5,7324,2.450
5,7325,1.959
5,7326,1.857
5,7327,2.043
5,7328,2.348
5,7329,2.343
5,7330,2.542
5,7331,2.716
5,7332,2.412
5,7333,2.075
5,7334,3.305
5,7335,2.519
5,7336,1.973
5,7337,1.807
5,7338,2.062
5,7339,2.838
5,7340,2.520
5,7341,2.740
5,7342,2.335
5,7343,1.924
5,7344,1.991
5,7345,1.890
5,7346,1.941
5,7347,2.381
5,7348,3.067
5,7349,1.814
5,7350,1.614
5,7351,1.895
5,7352,1.737
5,7353,1.771
5,7354,2.007
5,7355,2.369
5,7356,2.288
5,7357,2.396
5,7358,2.055
5,7359,1.568
5,7360,1.496
5,7361,1.562
5,7362,1.676
5,7363,1.755
5,7364,2.169
5,7365,2.282
5,7366,1.943
5,7367,1.668
5,7368,1.752
5,7369,1.910
5,7370,1.603
5,7371,1.486
5,7372,1.700
5,7373,1.880
5,7374,1.901
5,7375,1.709
5,7376,2.127
5,7377,2.406
5,7378,1.975
5,7379,1.788
5,7380,3.560
5,7381,2.043
5,7382,1.776
5,7383,1.845
5,7384,2.171
5,7385,1.556
5,7386,1.447
5,7387,1.879
5,7388,1.805
5,7389,1.839
5,7390,1.908
5,7391,1.782
5,7392,1.509
5,7393,1.559
5,7394,1.908
5,7395,2.068
5,7396,2.247
5,7397,1.807
5,7398,1.925
5,7399,1.827
5,7400,1.796
5,7401,1.692
5,7402,1.673
5,7403,2.095
5,7404,2.503
5,7405,2.664
5,7406,2.287
5,7407,1.759
5,7408,1.682
5,7409,1.823
5,7410,2.016
5,7411,2.509
5,7412,2.647
5,7413,2.240
5,7414,2.033
5,7415,2.280
5,7416,2.031
5,7417,1.840
5,7418,2.471
5,7419,3.268
5,7420,2.119
5,7421,2.199
5,7422,2.189
5,7423,2.049
5,7424,2.088
5,7425,2.298
5,7426,2.255
5,7427,2.678
5,7428,2.659
5,7429,2.192
5,7430,2.244
5,7431,2.476
5,7432,2.523
5,7433,2.315
5,7434,2.664
5,7435,2.444
5,7436,2.546
5,7437,1.990
5,7438,2.730
5,7439,2.310
5,7440,2.392
5,7441,2.649
5,7442,2.147
5,7443,2.422
5,7444,2.527
5,7445,2.361
5,7446,2.258
5,7447,2.381
5,7448,2.681
5,7449,2.476
5,7450,2.566
5,7451,2.370
5,7452,2.203
5,7453,2.434
5,7454,2.094
5,7455,2.410
5,7456,2.447
5,7457,2.629
5,7458,2.123
5,7459,2.370
5,7460,2.262
5,7461,2.250
5,7462,2.374
5,7463,2.899
5,7464,2.831
5,7465,3.187
5,7466,2.352
5,7467,2.586
5,7468,2.464
5,7469,2.760
5,7470,3.036
5,7471,2.589
5,7472,2.655
5,7473,2.429
5,7474,2.246
5,7475,2.547
5,7476,3.944
5,7477,2.992
5,7478,2.376
5,7479,2.378
5,7480,2.553
5,7481,2.372
5,7482,2.650
5,7483,2.786
5,7484,3.071
5,7485,2.727
5,7486,2.820
5,7487,2.686
5,7488,3.123
5,7489,2.598
5,7490,2.887
5,7491,2.341
5,7492,2.039
5,7493,2.355
5,7494,3.010
5,7495,2.580
5,7496,2.576
5,7497,2.760
5,7498,2.371
5,7499,2.242
5,7500,2.204
5,7501,2.241
5,7502,2.433
5,7503,2.247
5,7504,2.270
5,7505,2.778
5,7506,2.449
5,7507,2.962
5,7508,2.344
5,7509,1.987
5,7510,2.227
5,7511,2.209
5,7512,2.263
5,7513,2.357
5,7514,2.269
5,7515,2.105
5,7516,2.463
5,7517,2.156
5,7518,1.825
5,7519,1.804
5,7520,2.265
5,7521,2.700
5,7522,2.429
5,7523,2.532
5,7524,2.765
5,7525,2.642
5,7526,3.778
5,7527,2.813
5,7528,2.331
5,7529,1.727
5,7530,1.743
5,7531,1.882
5,7532,1.827
5,7533,1.986
5,7534,1.926
5,7535,1.882
5,7536,2.037
5,7537,1.734
5,7538,2.121
5,7539,1.925
5,7540,1.622
5,7541,1.548
5,7542,2.079
5,7543,2.080
5,7544,1.736
5,7545,1.858
5,7546,1.793
5,7547,1.764
5,7548,1.874
5,7549,2.126
5,7550,2.215
5,7551,2.225
5,7552,2.068
5,7553,2.140
5,7554,2.392
5,7555,1.967
5,7556,1.979
5,7557,1.811
5,7558,2.338
5,7559,2.122
5,7560,1.821
5,7561,1.593
5,7562,1.615
5,7563,2.684
5,7564,1.958
5,7565,1.717
5,7566,1.960
5,7567,1.920
5,7568,1.779
5,7569,1.782
5,7570,1.783
5,7571,1.629
5,7572,1.882
5,7573,1.745
5,7574,2.221
5,7575,2.851
5,7576,2.536
5,7577,2.604
5,7578,2.730
5,7579,2.568
5,7580,2.841
5,7581,3.270
5,7582,2.405
5,7583,2.000
5,7584,2.425
5,7585,2.579
5,7586,2.351
5,7587,2.905
5,7588,2.204
5,7589,1.882
5,7590,1.955
5,7591,1.928
5,7592,1.656
5,7593,1.629
5,7594,1.867
5,7595,2.152
5,7596,2.594
5,7597,2.113
5,7598,2.077
5,7599,1.851
5,7600,1.824
5,7601,2.341
5,7602,2.028
5,7603,1.847
5,7604,1.886
5,7605,2.394
5,7606,1.731
5,7607,1.484
5,7608,1.591
5,7609,1.766
5,7610,2.107
5,7611,3.622
5,7612,2.487
5,7613,2.436
5,7614,2.423
5,7615,2.146
5,7616,2.033
5,7617,2.394
5,7618,2.519
5,7619,2.159
5,7620,2.406
5,7621,2.506
5,7622,1.999
5,7623,2.480
5,7624,2.805
5,7625,2.026
5,7626,2.320
5,7627,2.329
5,7628,1.814
5,7629,2.163
5,7630,2.346
5,7631,2.266
5,7632,2.116
5,7633,1.993
5,7634,1.629
5,7635,1.592
5,7636,1.730
5,7637,1.995
5,7638,2.177
5,7639,2.320
5,7640,2.272
5,7641,1.908
5,7642,2.035
5,7643,2.425
5,7644,2.605
5,7645,2.265
5,7646,2.641
5,7647,2.257
5,7648,1.800
5,7649,1.925
5,7650,1.778
5,7651,1.777
5,7652,1.718
5,7653,1.889
5,7654,2.190
5,7655,2.435
5,7656,2.275
5,7657,2.091
5,7658,1.736
5,7659,1.670
5,7660,1.868
5,7661,1.861
5,7662,2.540
5,7663,2.653
5,7664,2.291
5,7665,1.956
5,7666,2.105
5,7667,1.840
5,7668,1.732
5,7669,2.278
5,7670,2.390
5,7671,2.142
5,7672,2.034
5,7673,1.981
5,7674,1.751
5,7675,1.760
5,7676,1.833
5,7677,2.091
5,7678,1.762
5,7679,1.657
5,7680,1.928
5,7681,2.386
5,7682,1.634
5,7683,1.702
5,7684,2.098
5,7685,2.093
5,7686,2.009
5,7687,1.885
5,7688,1.772
5,7689,1.654
5,7690,1.986
5,7691,2.004
5,7692,1.959
5,7693,1.949
5,7694,2.351
5,7695,2.541
5,7696,2.482
5,7697,1.993
5,7698,2.268
5,7699,1.826
5,7700,2.523
5,7701,2.267
5,7702,1.635
5,7703,1.485
5,7704,1.618
5,7705,1.913
5,7706,1.961
5,7707,2.015
5,7708,2.468
5,7709,2.611
5,7710,2.418
5,7711,2.419
5,7712,2.070
5,7713,2.139
5,7714,2.488
5,7715,2.751
5,7716,2.116
5,7717,2.034
5,7718,1.826
5,7719,2.102
5,7720,2.378
5,7721,1.773
5,7722,1.752
5,7723,2.527
5,7724,2.113
5,7725,1.746
5,7726,1.489
5,7727,1.669
5,7728,1.628
5,7729,1.733
5,7730,1.772
5,7731,2.444
5,7732,2.060
5,7733,1.624
5,7734,1.754
5,7735,1.958
5,7736,1.592
5,7737,1.446
5,7738,1.403
5,7739,1.702
5,7740,2.162
5,7741,2.121
5,7742,2.767
5,7743,1.943
5,7744,1.751
5,7745,1.814
5,7746,2.201
5,7747,1.717
5,7748,1.986
5,7749,2.091
5,7750,1.871
5,7751,2.088
5,7752,1.566
5,7753,1.656
5,7754,1.604
5,7755,1.975
5,7756,2.707
5,7757,2.876
5,7758,2.349
5,7759,2.712
5,7760,2.266
5,7761,1.791
5,7762,1.823
5,7763,2.376
5,7764,2.254
5,7765,2.304
5,7766,2.184
5,7767,2.399
5,7768,2.182
5,7769,2.265
5,7770,2.875
5,7771,2.286
5,7772,2.183
5,7773,2.139
5,7774,2.092
5,7775,2.587
5,7776,2.117
5,7777,2.591
5,7778,2.255
5,7779,2.112
5,7780,2.325
5,7781,2.368
5,7782,2.298
5,7783,2.153
5,7784,2.007
5,7785,1.909
5,7786,1.746
5,7787,1.707
5,7788,1.643
5,7789,1.620
5,7790,1.670
5,7791,1.807
5,7792,1.844
5,7793,2.823
5,7794,2.556
5,7795,2.246
5,7796,2.204
5,7797,2.490
5,7798,2.238
5,7799,2.094
5,7800,2.778
5,7801,2.721
5,7802,1.665
5,7803,1.555
5,7804,1.635
5,7805,1.580
5,7806,2.085
5,7807,2.437
5,7808,2.338
5,7809,2.373
5,7810,2.799
5,7811,2.251
5,7812,2.278
5,7813,2.386
5,7814,2.376
5,7815,2.749
5,7816,2.166
5,7817,1.981
5,7818,1.587
5,7819,1.633
5,7820,1.890
5,7821,1.542
5,7822,1.469
5,7823,2.604
5,7824,2.074
5,7825,1.988
5,7826,1.909
5,7827,1.905
5,7828,1.820
5,7829,1.679
5,7830,1.623
5,7831,1.902
5,7832,1.649
5,7833,1.464
5,7834,1.538
5,7835,1.823
5,7836,2.110
5,7837,1.670
5,7838,1.647
5,7839,1.941
5,7840,1.838
5,7841,2.058
5,7842,2.264
5,7843,1.973
5,7844,1.697
5,7845,1.962
5,7846,1.928
5,7847,1.896
5,7848,1.542
5,7849,2.457
5,7850,2.928
5,7851,2.529
5,7852,2.431
5,7853,2.524
5,7854,2.233
5,7855,3.200
5,7856,2.322
5,7857,1.670
5,7858,1.789
5,7859,1.879
5,7860,1.867
5,7861,1.905
5,7862,1.917
5,7863,2.189
5,7864,1.787
5,7865,1.757
5,7866,2.014
5,7867,1.683
5,7868,2.213
5,7869,2.267
5,7870,2.436
5,7871,1.901
5,7872,1.671
5,7873,1.619
5,7874,1.564
5,7875,1.604
5,7876,1.903
5,7877,1.710
5,7878,1.450
5,7879,1.608
5,7880,2.193
5,7881,2.092
5,7882,1.835
5,7883,1.525
5,7884,1.532
5,7885,1.820
5,7886,1.777
5,7887,1.756
5,7888,2.002
5,7889,2.152
5,7890,2.321
5,7891,1.979
5,7892,2.177
5,7893,2.233
5,7894,1.715
5,7895,2.063
5,7896,2.593
5,7897,2.093
5,7898,2.209
5,7899,1.794
5,7900,1.606
5,7901,1.596
5,7902,2.174
5,7903,1.790
5,7904,1.800
5,7905,2.471
5,7906,2.603
5,7907,2.467
5,7908,2.048
5,7909,2.276
5,7910,2.189
5,7911,3.418
5,7912,2.411
5,7913,2.126
5,7914,2.888
5,7915,2.751
5,7916,2.425
5,7917,2.650
5,7918,2.325
5,7919,2.334
5,7920,2.106
5,7921,2.097
5,7922,1.965
5,7923,2.402
5,7924,2.829
5,7925,2.012
5,7926,2.041
5,7927,1.953
5,7928,1.970
5,7929,2.696
5,7930,1.731
5,7931,2.027
5,7932,2.627
5,7933,2.660
5,7934,2.761
5,7935,2.582
5,7936,2.533
5,7937,2.865
5,7938,2.622
5,7939,1.743
5,7940,1.804
5,7941,1.760
5,7942,1.571
5,7943,1.451
5,7944,1.767
5,7945,3.575
5,7946,2.531
5,7947,2.245
5,7948,2.227
5,7949,2.109
5,7950,2.141
5,7951,1.884
5,7952,2.400
5,7953,2.653
5,7954,2.317
5,7955,1.967
5,7956,2.722
5,7957,2.503
5,7958,2.799
5,7959,2.873
5,7960,1.878
5,7961,1.592
5,7962,1.744
5,7963,2.027
5,7964,1.665
5,7965,1.449
5,7966,1.748
5,7967,1.823
5,7968,1.953
5,7969,1.898
5,7970,1.812
5,7971,1.625
5,7972,1.522
5,7973,1.521
5,7974,2.459
5,7975,2.644
5,7976,1.954
5,7977,2.985
5,7978,2.794
5,7979,2.548
5,7980,2.257
5,7981,2.607
5,7982,2.381
5,7983,2.528
5,7984,2.172
5,7985,1.919
5,7986,2.081
5,7987,2.135
5,7988,2.164
5,7989,2.149
5,7990,1.926
5,7991,2.097
5,7992,2.250
5,7993,2.221
5,7994,1.788
5,7995,2.473
5,7996,2.521
5,7997,2.042
5,7998,1.931
5,7999,2.252
5,8000,2.134
5,8001,2.628
5,8002,2.626
5,8003,2.378
5,8004,2.160
5,8005,2.221
5,8006,2.289
5,8007,2.027
5,8008,2.137
5,8009,2.811
5,8010,2.381
5,8011,2.015
5,8012,1.989
5,8013,2.017
5,8014,2.214
5,8015,2.124
5,8016,1.983
5,8017,2.722
5,8018,2.298
5,8019,2.052
5,8020,2.154
5,8021,1.971
5,8022,2.114
5,8023,2.431
5,8024,2.343
5,8025,2.995
5,8026,2.415
5,8027,2.371
5,8028,3.028
5,8029,2.343
5,8030,2.832
5,8031,2.316
5,8032,2.585
5,8033,2.812
5,8034,2.736
5,8035,2.934
5,8036,2.833
5,8037,2.471
5,8038,2.811
5,8039,2.746
5,8040,2.242
5,8041,2.484
5,8042,2.622
5,8043,2.201
5,8044,2.044
5,8045,2.479
5,8046,2.566
5,8047,2.607
5,8048,2.691
5,8049,2.286
5,8050,2.464
5,8051,2.462
5,8052,2.077
5,8053,2.537
5,8054,3.062
5,8055,2.509
5,8056,2.450
5,8057,2.359
5,8058,2.766
5,8059,2.422
5,8060,3.093
5,8061,2.582
5,8062,2.514
5,8063,2.380
5,8064,2.490
5,8065,2.464
5,8066,2.995
5,8067,3.507
5,8068,2.318
5,8069,2.608
5,8070,2.442
5,8071,2.142
5,8072,2.544
5,8073,2.523
5,8074,3.190
5,8075,2.442
5,8076,2.339
5,8077,2.617
5,8078,2.346
5,8079,3.947
5,8080,2.943
5,8081,2.491
5,8082,2.457
5,8083,2.689
5,8084,2.666
5,8085,2.763
5,8086,2.306
5,8087,2.468
5,8088,2.277
5,8089,2.258
5,8090,3.181
5,8091,4.113
5,8092,2.688
5,8093,2.389
5,8094,1.787
5,8095,1.822
5,8096,2.166
5,8097,3.413
5,8098,2.562
5,8099,2.560
5,8100,2.913
5,8101,2.545
5,8102,2.900
5,8103,2.997
5,8104,3.228
5,8105,4.061
5,8106,2.815
5,8107,2.260
5,8108,2.244
5,8109,2.465
5,8110,2.504
5,8111,2.472
5,8112,2.145
5,8113,2.320
5,8114,2.457
5,8115,2.347
5,8116,2.281
5,8117,2.230
5,8118,2.176
5,8119,2.311
5,8120,2.361
5,8121,3.048
5,8122,2.369
5,8123,1.955
5,8124,2.175
5,8125,2.228
5,8126,2.272
5,8127,1.849
5,8128,2.253
5,8129,2.212
5,8130,1.579
5,8131,1.439
5,8132,1.447
5,8133,1.654
5,8134,1.801
5,8135,1.636
5,8136,1.432
5,8137,1.762
5,8138,1.746
5,8139,2.324
5,8140,1.814
5,8141,1.780
5,8142,1.528
5,8143,1.534
5,8144,1.556
5,8145,1.745
5,8146,1.896
5,8147,1.848
5,8148,1.700
5,8149,2.342
5,8150,1.816
5,8151,1.797
5,8152,2.064
5,8153,1.765
5,8154,2.527
5,8155,1.748
5,8156,1.885
5,8157,1.705
5,8158,1.800
5,8159,1.462
5,8160,1.626
5,8161,1.618
5,8162,1.993
5,8163,1.722
5,8164,1.668
5,8165,1.580
5,8166,1.481
5,8167,1.561
5,8168,1.830
5,8169,1.919
5,8170,1.519
5,8171,1.456
5,8172,2.508
5,8173,2.375
5,8174,1.897
5,8175,2.002
5,8176,2.472
5,8177,1.960
5,8178,2.833
5,8179,2.695
5,8180,2.571
5,8181,2.787
5,8182,2.204
5,8183,1.848
5,8184,3.599
5,8185,4.168
5,8186,3.525
5,8187,3.746
5,8188,3.564
5,8189,3.349
5,8190,3.086
5,8191,2.751
5,8192,2.911
5,8193,2.968
5,8194,3.321
5,8195,3.177
5,8196,3.220
5,8197,4.786
5,8198,3.969
5,8199,3.906
5,8200,3.851
5,8201,2.421
5,8202,1.871
5,8203,2.080
5,8204,2.105
5,8205,1.734
5,8206,1.784
5,8207,1.729
5,8208,1.718
5,8209,1.796
5,8210,2.192
5,8211,2.047
5,8212,2.163
5,8213,1.965
5,8214,2.140
5,8215,1.586
5,8216,1.513
5,8217,1.594
5,8218,1.525
5,8219,1.842
5,8220,2.399
5,8221,1.927
5,8222,1.872
5,8223,1.886
5,8224,1.846
5,8225,2.056
5,8226,2.053
5,8227,2.026
5,8228,2.879
5,8229,2.058
5,8230,1.669
5,8231,1.614
5,8232,1.564
5,8233,1.550
5,8234,1.628
5,8235,1.654
5,8236,1.678
5,8237,2.137
5,8238,2.800
5,8239,2.396
5,8240,2.558
5,8241,2.121
5,8242,2.026
5,8243,1.868
5,8244,2.196
5,8245,2.735
5,8246,2.376
5,8247,1.897
5,8248,2.202
5,8249,2.339
5,8250,1.859
5,8251,2.128
5,8252,2.378
5,8253,2.135
5,8254,2.455
5,8255,2.172
5,8256,2.226
5,8257,2.225
5,8258,2.544
5,8259,2.288
5,8260,2.028
5,8261,2.263
5,8262,2.591
5,8263,2.738
5,8264,2.129
5,8265,2.415
5,8266,2.276
5,8267,2.247
5,8268,1.766
5,8269,1.645
5,8270,2.467
5,8271,2.099
5,8272,2.702
5,8273,2.643
5,8274,2.106
5,8275,2.733
5,8276,2.653
5,8277,2.524
5,8278,2.869
5,8279,2.588
5,8280,2.526
5,8281,2.644
5,8282,2.129
5,8283,2.236
5,8284,3.920
5,8285,2.283
5,8286,2.494
5,8287,2.402
5,8288,2.176
5,8289,2.253
5,8290,3.362
5,8291,4.043
5,8292,2.254
5,8293,2.066
5,8294,2.452
5,8295,2.106
5,8296,1.868
5,8297,4.280
5,8298,3.192
5,8299,2.950
5,8300,2.668
5,8301,3.221
5,8302,3.178
5,8303,2.685
5,8304,3.209
5,8305,2.504
5,8306,2.550
5,8307,2.783
5,8308,2.770
5,8309,2.369
5,8310,2.064
5,8311,2.655
5,8312,2.605
5,8313,2.436
5,8314,2.491
5,8315,2.604
5,8316,2.295
5,8317,2.381
5,8318,2.776
5,8319,2.583
5,8320,3.359
5,8321,4.712
5,8322,3.230
5,8323,3.109
5,8324,2.813
5,8325,2.497
5,8326,2.259
5,8327,2.130
5,8328,1.610
5,8329,1.386
5,8330,2.015
5,8331,3.213
5,8332,3.053
5,8333,3.189
5,8334,2.316
5,8335,2.130
5,8336,2.042
5,8337,1.840
5,8338,3.299
5,8339,2.502
5,8340,2.683
5,8341,2.477
5,8342,2.206
5,8343,1.847
5,8344,1.892
5,8345,2.281
5,8346,1.738
5,8347,17.116
5,8348,2.399
5,8349,1.673
5,8350,1.896
5,8351,2.233
5,8352,1.832
5,8353,1.823
5,8354,2.561
5,8355,2.479
5,8356,2.983
5,8357,2.341
5,8358,2.032
5,8359,1.896
5,8360,2.569
5,8361,2.634
5,8362,1.973
5,8363,2.074
5,8364,2.806
5,8365,1.992
5,8366,1.971
5,8367,2.695
5,8368,3.188
5,8369,2.351
5,8370,1.893
5,8371,2.273
5,8372,2.292
5,8373,2.167
5,8374,2.358
5,8375,2.351
5,8376,1.930
5,8377,1.679
5,8378,2.312
5,8379,2.156
5,8380,1.600
5,8381,1.515
5,8382,2.793
5,8383,1.699
5,8384,1.477
5,8385,1.543
5,8386,1.783
5,8387,1.677
5,8388,1.805
5,8389,1.993
5,8390,1.965
5,8391,1.822
5,8392,1.737
5,8393,1.972
5,8394,1.902
5,8395,1.648
5,8396,1.446
5,8397,2.238
5,8398,2.610
5,8399,2.008
5,8400,1.976
5,8401,2.204
5,8402,1.911
5,8403,1.909
5,8404,2.408
5,8405,1.762
5,8406,1.736
5,8407,1.813
5,8408,2.222
5,8409,1.804
5,8410,1.498
5,8411,1.696
5,8412,1.788
5,8413,1.669
5,8414,1.752
5,8415,2.006
5,8416,2.573
5,8417,1.830
5,8418,1.851
5,8419,1.894
5,8420,1.628
5,8421,1.420
5,8422,1.501
5,8423,1.647
5,8424,1.806
5,8425,2.349
5,8426,2.499
5,8427,2.010
5,8428,1.755
5,8429,1.661
5,8430,2.407
5,8431,2.618
5,8432,2.556
5,8433,2.305
5,8434,2.577
5,8435,2.497
5,8436,2.298
5,8437,2.102
5,8438,2.069
5,8439,2.445
5,8440,1.916
5,8441,1.607
5,8442,2.133
5,8443,1.955
5,8444,1.712
5,8445,1.577
5,8446,1.688
5,8447,1.792
5,8448,2.228
5,8449,2.035
5,8450,1.936
5,8451,2.430
5,8452,1.920
5,8453,2.063
5,8454,2.205
5,8455,1.706
5,8456,2.421
5,8457,1.893
5,8458,1.624
5,8459,1.773
5,8460,1.918
5,8461,1.483
5,8462,1.416
5,8463,1.472
5,8464,1.674
5,8465,2.112
5,8466,1.776
5,8467,1.479
5,8468,1.613
5,8469,1.550
5,8470,1.561
5,8471,2.324
5,8472,1.958
5,8473,1.442
5,8474,1.750
5,8475,2.121
5,8476,2.014
5,8477,1.937
5,8478,2.126
5,8479,2.724
5,8480,2.665
5,8481,3.040
5,8482,2.083
5,8483,1.672
5,8484,1.656
5,8485,1.851
5,8486,1.695
5,8487,1.489
5,8488,1.400
5,8489,2.304
5,8490,2.366
5,8491,2.023
5,8492,1.661
5,8493,2.267
5,8494,1.948
5,8495,1.859
5,8496,2.021
5,8497,1.693
5,8498,2.181
5,8499,2.112
5,8500,1.983
5,8501,1.576
5,8502,1.424
5,8503,1.559
5,8504,1.672
5,8505,1.838
5,8506,1.681
5,8507,2.565
5,8508,3.006
5,8509,1.940
5,8510,2.036
5,8511,2.144
5,8512,1.846
5,8513,1.674
5,8514,1.868
5,8515,2.294
5,8516,2.770
5,8517,2.092
5,8518,1.728
5,8519,1.763
5,8520,1.849
5,8521,2.124
5,8522,2.238
5,8523,3.447
5,8524,2.935
5,8525,2.437
5,8526,2.507
5,8527,2.225
5,8528,2.446
5,8529,3.908
5,8530,2.629
5,8531,2.904
5,8532,2.402
5,8533,2.702
5,8534,3.481
5,8535,2.718
5,8536,2.796
5,8537,2.581
5,8538,2.368
5,8539,2.646
5,8540,2.692
5,8541,2.518
5,8542,2.427
5,8543,2.634
5,8544,3.110
5,8545,2.605
5,8546,3.593
5,8547,3.053
5,8548,2.424
5,8549,2.433
5,8550,2.614
5,8551,2.683
5,8552,2.519
5,8553,2.397
5,8554,2.812
5,8555,2.345
5,8556,2.235
5,8557,2.987
5,8558,2.636
5,8559,2.535
5,8560,2.481
5,8561,2.669
5,8562,2.781
5,8563,2.556
5,8564,2.758
5,8565,2.323
5,8566,2.001
5,8567,2.314
5,8568,2.068
5,8569,2.014
5,8570,2.268
5,8571,2.501
5,8572,2.339
5,8573,1.925
5,8574,2.192
5,8575,2.285
5,8576,2.062
5,8577,2.176
5,8578,2.322
5,8579,2.156
5,8580,2.562
5,8581,2.180
5,8582,2.056
5,8583,2.804
5,8584,4.371
5,8585,2.676
5,8586,2.364
5,8587,2.525
5,8588,2.690
5,8589,2.204
5,8590,2.127
5,8591,2.362
5,8592,2.131
5,8593,2.556
5,8594,2.701
5,8595,2.917
5,8596,2.424
5,8597,2.324
5,8598,2.031
5,8599,1.970
5,8600,2.388
5,8601,2.189
5,8602,2.390
5,8603,2.918
5,8604,2.339
5,8605,2.220
5,8606,2.401
5,8607,2.372
5,8608,2.286
5,8609,3.102
5,8610,2.678
5,8611,2.383
5,8612,2.488
5,8613,2.074
5,8614,2.171
5,8615,2.607
5,8616,2.646
5,8617,3.215
5,8618,2.278
5,8619,2.309
5,8620,2.484
5,8621,2.104
5,8622,2.652
5,8623,2.573
5,8624,2.830
5,8625,2.597
5,8626,2.390
5,8627,2.253
5,8628,3.490
5,8629,3.116
5,8630,3.178
5,8631,2.512
5,8632,2.335
5,8633,2.615
5,8634,2.636
5,8635,2.797
5,8636,2.499
5,8637,2.755
5,8638,3.190
5,8639,2.653
5,8640,2.417
5,8641,2.495
5,8642,2.302
5,8643,2.407
5,8644,2.986
5,8645,2.231
5,8646,2.789
5,8647,2.747
5,8648,2.164
5,8649,2.219
5,8650,2.076
5,8651,2.375
5,8652,2.621
5,8653,2.372
5,8654,2.377
5,8655,2.381
5,8656,1.898
5,8657,1.654
5,8658,1.694
5,8659,2.400
5,8660,2.320
5,8661,1.960
5,8662,2.107
5,8663,1.926
5,8664,1.710
5,8665,1.977
5,8666,1.758
5,8667,1.631
5,8668,2.560
5,8669,2.222
5,8670,2.342
5,8671,1.641
5,8672,1.887
5,8673,1.818
5,8674,1.655
5,8675,1.737
5,8676,1.975
5,8677,2.037
5,8678,1.603
5,8679,1.616
5,8680,1.888
5,8681,1.789
5,8682,1.502
5,8683,1.452
5,8684,1.595
5,8685,1.631
5,8686,2.113
5,8687,2.454
5,8688,1.601
5,8689,1.880
5,8690,1.567
5,8691,1.700
5,8692,1.810
5,8693,1.587
5,8694,1.705
5,8695,2.175
5,8696,2.251
5,8697,2.811
5,8698,2.098
5,8699,1.705
5,8700,1.504
5,8701,1.453
5,8702,1.651
5,8703,1.831
5,8704,1.733
5,8705,1.495
5,8706,1.548
5,8707,2.107
5,8708,1.797
5,8709,1.722
5,8710,1.647
5,8711,1.583
5,8712,1.627
5,8713,2.500
5,8714,2.088
5,8715,1.667
5,8716,1.975
5,8717,2.198
5,8718,2.159
5,8719,2.078
5,8720,1.982
5,8721,2.583
5,8722,2.527
5,8723,2.668
5,8724,2.745
5,8725,2.108
5,8726,2.078
5,8727,2.640
5,8728,1.979
5,8729,1.785
5,8730,2.544
5,8731,5.171
5,8732,3.457
5,8733,2.339
5,8734,2.302
5,8735,2.078
5,8736,1.747
5,8737,2.071
5,8738,2.227
5,8739,2.353
5,8740,2.782
5,8741,2.177
5,8742,1.952
5,8743,2.005
5,8744,2.467
5,8745,1.957
5,8746,2.578
5,8747,2.683
5,8748,2.894
5,8749,2.496
5,8750,2.119
5,8751,2.054
5,8752,2.624
5,8753,2.198
5,8754,1.849
5,8755,1.924
5,8756,2.545
5,8757,2.134
5,8758,1.872
5,8759,2.039
5,8760,3.589
5,8761,2.368
5,8762,2.427
5,8763,2.608
5,8764,2.721
5,8765,3.754
5,8766,3.142
5,8767,3.297
5,8768,3.107
5,8769,2.567
5,8770,2.500
5,8771,2.881
5,8772,2.332
5,8773,2.336
5,8774,2.398
5,8775,2.378
5,8776,2.572
5,8777,2.499
5,8778,2.252
5,8779,2.162
5,8780,2.156
5,8781,1.969
5,8782,1.935
5,8783,2.257
5,8784,2.932
5,8785,1.971
5,8786,1.817
5,8787,1.619
5,8788,1.560
5,8789,1.658
5,8790,1.731
5,8791,1.593
5,8792,1.482
5,8793,1.807
5,8794,2.883
5,8795,2.008
5,8796,1.477
5,8797,1.437
5,8798,1.531
5,8799,1.979
5,8800,2.351
5,8801,2.383
5,8802,2.139
5,8803,2.514
5,8804,1.880
5,8805,1.984
5,8806,1.729
5,8807,2.173
5,8808,2.107
5,8809,2.256
5,8810,2.753
5,8811,2.612
5,8812,2.058
5,8813,1.787
5,8814,1.838
5,8815,2.027
5,8816,2.150
5,8817,1.649
5,8818,1.675
5,8819,1.712
5,8820,1.994
5,8821,1.614
5,8822,1.617
5,8823,1.505
5,8824,1.761
5,8825,1.930
5,8826,1.877
5,8827,1.511
5,8828,1.404
5,8829,1.487
5,8830,2.060
5,8831,1.760
5,8832,1.690
5,8833,2.166
5,8834,2.463
5,8835,2.015
5,8836,2.373
5,8837,2.332
5,8838,2.132
5,8839,1.626
5,8840,3.086
5,8841,2.059
5,8842,1.555
5,8843,1.541
5,8844,1.601
5,8845,1.583
5,8846,1.715
5,8847,1.962
5,8848,1.589
5,8849,1.859
5,8850,2.163
5,8851,2.347
5,8852,2.218
5,8853,2.201
5,8854,2.579
5,8855,2.711
5,8856,2.577
5,8857,2.275
5,8858,2.226
5,8859,2.256
5,8860,2.603
5,8861,1.938
5,8862,1.557
5,8863,2.152
5,8864,1.888
5,8865,1.827
5,8866,1.533
5,8867,1.572
5,8868,1.558
5,8869,1.541
5,8870,1.594
5,8871,1.782
5,8872,1.900
5,8873,1.911
5,8874,1.499
5,8875,1.540
5,8876,1.733
5,8877,1.700
5,8878,1.548
5,8879,1.386
5,8880,1.561
5,8881,1.658
5,8882,1.845
5,8883,1.899
5,8884,2.266
5,8885,1.785
5,8886,1.662
5,8887,1.624
5,8888,2.109
5,8889,1.739
5,8890,1.772
5,8891,1.901
5,8892,1.748
5,8893,1.660
5,8894,1.987
5,8895,1.989
5,8896,1.530
5,8897,1.433
5,8898,1.441
5,8899,1.930
5,8900,2.108
5,8901,1.582
5,8902,1.416
5,8903,1.494
5,8904,2.155
5,8905,1.761
5,8906,1.627
5,8907,1.618
5,8908,1.919
5,8909,1.981
5,8910,2.035
5,8911,2.413
5,8912,2.182
5,8913,2.580
5,8914,2.197
5,8915,2.355
5,8916,1.855
5,8917,1.794
5,8918,1.835
5,8919,1.705
5,8920,1.729
5,8921,1.758
5,8922,2.087
5,8923,1.760
5,8924,2.709
5,8925,2.600
5,8926,1.967
5,8927,2.005
5,8928,2.290
5,8929,2.115
5,8930,2.377
5,8931,2.584
5,8932,1.975
5,8933,1.932
5,8934,2.286
5,8935,2.071
5,8936,1.899
5,8937,1.987
5,8938,3.338
5,8939,2.359
5,8940,2.133
5,8941,2.065
5,8942,1.869
5,8943,2.136
5,8944,2.154
5,8945,2.150
5,8946,2.193
5,8947,1.908
5,8948,1.931
5,8949,1.739
5,8950,1.604
5,8951,1.566
5,8952,1.511
5,8953,1.816
5,8954,2.080
5,8955,1.795
5,8956,1.717
5,8957,1.594
5,8958,1.807
5,8959,1.697
5,8960,1.780
5,8961,1.713
5,8962,2.308
5,8963,2.246
5,8964,1.963
5,8965,2.799
5,8966,2.316
5,8967,2.199
5,8968,2.260
5,8969,2.346
5,8970,2.021
5,8971,2.004
5,8972,2.047
5,8973,2.496
5,8974,2.308
5,8975,2.172
5,8976,2.136
5,8977,2.486
5,8978,2.377
5,8979,2.080
5,8980,1.960
5,8981,2.887
5,8982,2.278
5,8983,2.554
5,8984,2.534
5,8985,2.152
5,8986,2.259
5,8987,2.579
5,8988,2.410
5,8989,2.240
5,8990,2.763
5,8991,2.454
5,8992,2.295
5,8993,2.329
5,8994,2.172
5,8995,2.709
5,8996,2.145
5,8997,2.333
5,8998,2.607
5,8999,2.590
5,9000,2.097
5,9001,2.653
5,9002,2.960
5,9003,2.958
5,9004,2.719
5,9005,2.358
5,9006,2.465
5,9007,2.664
5,9008,2.090
5,9009,3.448
5,9010,2.284
5,9011,2.055
5,9012,2.204
5,9013,2.049
5,9014,1.969
5,9015,2.447
5,9016,2.263
5,9017,3.299
5,9018,2.478
5,9019,2.317
5,9020,2.161
5,9021,2.263
5,9022,2.294
5,9023,2.657
5,9024,3.010
5,9025,2.295
5,9026,2.394
5,9027,2.628
5,9028,2.114
5,9029,2.246
5,9030,2.921
5,9031,2.639
5,9032,2.364
5,9033,2.094
5,9034,1.998
5,9035,2.328
5,9036,2.542
5,9037,2.478
5,9038,2.494
5,9039,2.657
5,9040,2.266
5,9041,2.225
5,9042,2.206
5,9043,2.403
5,9044,2.628
5,9045,2.961
5,9046,3.206
5,9047,2.390
5,9048,2.740
5,9049,2.530
5,9050,2.218
5,9051,2.252
5,9052,2.327
5,9053,2.322
5,9054,2.017
5,9055,2.346
5,9056,2.735
5,9057,2.771
5,9058,2.475
5,9059,2.275
5,9060,3.028
5,9061,2.474
5,9062,2.763
5,9063,2.859
5,9064,2.280
5,9065,2.360
5,9066,2.621
5,9067,2.660
5,9068,3.259
5,9069,2.691
5,9070,3.051
5,9071,2.751
5,9072,2.301
5,9073,2.886
5,9074,2.554
5,9075,2.324
5,9076,2.322
5,9077,2.072
5,9078,2.113
5,9079,2.382
5,9080,2.076
5,9081,3.151
5,9082,2.524
5,9083,2.268
5,9084,2.205
5,9085,2.347
5,9086,2.187
5,9087,2.541
5,9088,3.117
5,9089,2.204
5,9090,2.300
5,9091,2.406
5,9092,2.119
5,9093,2.070
5,9094,2.815
5,9095,2.615
5,9096,2.546
5,9097,2.104
5,9098,1.932
5,9099,2.174
5,9100,2.364
5,9101,2.297
5,9102,2.229
5,9103,2.715
5,9104,2.303
5,9105,2.397
5,9106,2.280
5,9107,2.421
5,9108,3.246
5,9109,2.308
5,9110,2.728
5,9111,2.776
5,9112,2.222
5,9113,2.722
5,9114,2.809
5,9115,2.307
5,9116,2.504
5,9117,2.586
5,9118,2.029
5,9119,2.281
5,9120,3.250
5,9121,2.139
5,9122,2.472
5,9123,2.158
5,9124,2.851
5,9125,2.657
5,9126,2.567
5,9127,2.607
5,9128,2.923
5,9129,2.885
5,9130,4.538
5,9131,3.545
5,9132,4.243
5,9133,3.025
5,9134,2.528
5,9135,2.369
5,9136,2.412
5,9137,3.043
5,9138,2.323
5,9139,2.375
5,9140,2.322
5,9141,2.579
5,9142,2.719
5,9143,2.446
5,9144,3.143
5,9145,2.956
5,9146,2.743
5,9147,2.703
5,9148,2.928
5,9149,2.624
5,9150,2.542
5,9151,2.484
5,9152,2.564
5,9153,2.580
5,9154,2.538
5,9155,2.381
5,9156,2.464
5,9157,2.865
5,9158,2.278
5,9159,2.825
5,9160,2.794
5,9161,2.423
5,9162,2.704
5,9163,2.586
5,9164,3.321
5,9165,2.769
5,9166,2.557
5,9167,2.554
5,9168,2.429
5,9169,2.108
5,9170,2.783
5,9171,3.223
5,9172,2.609
5,9173,2.603
5,9174,2.511
5,9175,2.760
5,9176,2.511
5,9177,3.495
5,9178,3.939
5,9179,2.697
5,9180,2.783
5,9181,3.521
5,9182,3.698
5,9183,2.673
5,9184,3.387
5,9185,2.647
5,9186,2.727
5,9187,2.850
5,9188,2.851
5,9189,2.698
5,9190,2.894
5,9191,2.716
5,9192,2.810
5,9193,2.493
5,9194,2.588
5,9195,2.511
5,9196,2.500
5,9197,2.825
5,9198,2.913
5,9199,2.871
5,9200,3.031
5,9201,2.727
5,9202,2.739
5,9203,3.316
5,9204,3.341
5,9205,2.600
5,9206,3.129
5,9207,2.440
5,9208,2.370
5,9209,2.999
5,9210,2.600
5,9211,2.118
5,9212,1.992
5,9213,2.020
5,9214,2.216
5,9215,2.521
5,9216,2.312
5,9217,2.688
5,9218,2.317
5,9219,2.422
5,9220,2.114
5,9221,1.983
5,9222,2.009
5,9223,2.772
5,9224,2.204
5,9225,2.314
5,9226,1.903
5,9227,2.407
5,9228,2.304
5,9229,2.054
5,9230,2.183
5,9231,1.930
5,9232,2.038
5,9233,2.948
5,9234,2.021
5,9235,1.778
5,9236,2.055
5,9237,2.215
5,9238,1.809
5,9239,1.665
5,9240,1.996
5,9241,1.936
5,9242,2.488
5,9243,1.963
5,9244,2.805
5,9245,1.895
5,9246,1.996
5,9247,1.938
5,9248,1.584
5,9249,1.466
5,9250,1.552
5,9251,1.878
5,9252,2.082
5,9253,2.239
5,9254,1.838
5,9255,1.592
5,9256,1.585
5,9257,1.658
5,9258,1.955
5,9259,1.635
5,9260,1.438
5,9261,2.112
5,9262,2.029
5,9263,1.947
5,9264,1.856
5,9265,1.841
5,9266,1.885
5,9267,1.712
5,9268,1.666
5,9269,2.888
5,9270,3.381
5,9271,2.195
5,9272,2.217
5,9273,1.906
5,9274,1.535
5,9275,1.740
5,9276,1.851
5,9277,1.725
5,9278,1.844
5,9279,2.153
5,9280,1.779
5,9281,1.633
5,9282,1.563
5,9283,1.762
5,9284,2.054
5,9285,1.885
5,9286,1.654
5,9287,1.872
5,9288,1.903
5,9289,2.090
5,9290,2.041
5,9291,2.345
5,9292,1.978
5,9293,2.555
5,9294,2.554
5,9295,1.875
5,9296,1.624
5,9297,2.402
5,9298,2.332
5,9299,4.264
5,9300,2.624
5,9301,2.557
5,9302,2.472
5,9303,2.030
5,9304,1.987
5,9305,1.809
5,9306,1.907
5,9307,1.789
5,9308,1.588
5,9309,1.706
5,9310,1.710
5,9311,1.730
5,9312,1.818
5,9313,1.914
5,9314,2.205
5,9315,2.587
5,9316,2.844
5,9317,2.460
5,9318,2.173
5,9319,3.050
5,9320,2.913
5,9321,2.944
5,9322,2.575
5,9323,2.480
5,9324,2.790
5,9325,2.358
5,9326,2.338
5,9327,2.593
5,9328,2.969
5,9329,2.434
5,9330,2.374
5,9331,2.368
5,9332,2.615
5,9333,2.765
5,9334,2.866
5,9335,2.969
5,9336,2.751
5,9337,2.522
5,9338,2.242
5,9339,2.380
5,9340,2.791
5,9341,2.529
5,9342,2.974
5,9343,2.795
5,9344,2.214
5,9345,2.269
5,9346,3.391
5,9347,3.441
5,9348,4.808
5,9349,2.693
5,9350,2.742
5,9351,2.255
5,9352,2.293
5,9353,2.022
5,9354,2.453
5,9355,2.100
5,9356,1.951
5,9357,2.106
5,9358,2.402
5,9359,2.184
5,9360,1.669
5,9361,1.555
5,9362,1.753
5,9363,2.569
5,9364,2.105
5,9365,2.309
5,9366,2.264
5,9367,2.162
5,9368,2.377
5,9369,2.272
5,9370,1.929
5,9371,2.869
5,9372,2.360
5,9373,1.802
5,9374,1.684
5,9375,1.961
5,9376,2.008
5,9377,2.242
5,9378,2.142
5,9379,2.977
5,9380,2.179
5,9381,2.152
5,9382,2.068
5,9383,1.690
5,9384,1.668
5,9385,1.808
5,9386,1.747
5,9387,2.285
5,9388,2.828
5,9389,1.992
5,9390,1.815
5,9391,1.865
5,9392,2.147
5,9393,1.704
5,9394,1.566
5,9395,2.174
5,9396,2.362
5,9397,2.398
5,9398,2.324
5,9399,1.966
5,9400,1.767
5,9401,1.921
5,9402,2.297
5,9403,2.360
5,9404,2.328
5,9405,2.539
5,9406,2.057
5,9407,1.614
5,9408,1.759
5,9409,1.732
5,9410,2.073
5,9411,2.746
5,9412,2.413
5,9413,2.325
5,9414,2.170
5,9415,2.255
5,9416,1.830
5,9417,1.927
5,9418,2.152
5,9419,2.422
5,9420,2.674
5,9421,2.737
5,9422,2.455
5,9423,2.221
5,9424,2.854
5,9425,1.931
5,9426,1.776
5,9427,1.734
5,9428,1.657
5,9429,2.259
5,9430,1.837
5,9431,1.745
5,9432,1.740
5,9433,1.650
5,9434,1.994
5,9435,1.865
5,9436,1.543
5,9437,1.444
5,9438,1.666
5,9439,1.953
5,9440,1.967
5,9441,2.083
5,9442,1.826
5,9443,1.693
5,9444,1.764
5,9445,1.989
5,9446,2.193
5,9447,1.748
5,9448,1.842
5,9449,2.130
5,9450,2.785
5,9451,2.346
5,9452,2.220
5,9453,2.045
5,9454,2.106
5,9455,2.490
5,9456,2.714
5,9457,2.137
5,9458,2.245
5,9459,2.396
5,9460,2.090
5,9461,2.004
5,9462,2.022
5,9463,3.272
5,9464,3.319
5,9465,2.176
5,9466,2.273
5,9467,2.505
5,9468,2.245
5,9469,2.186
5,9470,2.457
5,9471,2.837
5,9472,2.105
5,9473,1.900
5,9474,1.731
5,9475,1.598
5,9476,5.264
5,9477,2.034
5,9478,2.121
5,9479,1.854
5,9480,1.945
5,9481,1.744
5,9482,1.774
5,9483,1.958
5,9484,1.998
5,9485,1.932
5,9486,1.709
5,9487,1.813
5,9488,1.609
5,9489,2.036
5,9490,2.058
5,9491,2.171
5,9492,2.432
5,9493,2.025
5,9494,1.783
5,9495,2.173
5,9496,2.277
5,9497,1.739
5,9498,1.642
5,9499,1.692
5,9500,2.465
5,9501,2.387
5,9502,1.640
5,9503,1.776
5,9504,1.661
5,9505,2.013
5,9506,2.039
5,9507,1.861
5,9508,1.997
5,9509,1.998
5,9510,2.194
5,9511,1.920
5,9512,1.558
5,9513,1.540
5,9514,2.455
5,9515,2.034
5,9516,2.018
5,9517,1.954
5,9518,1.790
5,9519,2.119
5,9520,2.257
5,9521,2.530
5,9522,2.162
5,9523,1.669
5,9524,2.549
5,9525,2.094
5,9526,1.770
5,9527,1.876
5,9528,1.785
5,9529,1.638
5,9530,1.757
5,9531,2.424
5,9532,1.885
5,9533,1.618
5,9534,1.597
5,9535,1.903
5,9536,1.964
5,9537,1.726
5,9538,1.558
5,9539,1.717
5,9540,1.971
5,9541,2.510
5,9542,3.084
5,9543,2.258
5,9544,1.872
5,9545,2.000
5,9546,2.163
5,9547,1.700
5,9548,2.380
5,9549,2.584
5,9550,2.119
5,9551,2.044
5,9552,2.283
5,9553,2.272
5,9554,2.168
5,9555,2.679
5,9556,2.640
5,9557,3.014
5,9558,2.803
5,9559,2.374
5,9560,1.865
5,9561,1.612
5,9562,2.241
5,9563,2.145
5,9564,1.898
5,9565,1.982
5,9566,1.708
5,9567,2.180
5,9568,2.521
5,9569,1.860
5,9570,2.321
5,9571,1.851
5,9572,1.753
5,9573,1.902
5,9574,2.436
5,9575,1.716
5,9576,1.575
5,9577,1.733
5,9578,2.339
5,9579,1.997
5,9580,1.667
5,9581,1.792
5,9582,1.727
5,9583,2.092
5,9584,1.921
5,9585,1.766
5,9586,2.173
5,9587,1.870
5,9588,1.880
5,9589,2.072
5,9590,1.800
5,9591,1.603
5,9592,2.344
5,9593,2.086
5,9594,3.295
5,9595,2.414
5,9596,2.083
5,9597,2.227
5,9598,2.614
5,9599,2.753
5,9600,3.101
5,9601,2.934
5,9602,2.698
5,9603,2.503
5,9604,2.185
5,9605,2.290
5,9606,2.839
5,9607,2.204
5,9608,2.127
5,9609,2.411
5,9610,2.287
5,9611,2.105
5,9612,2.556
5,9613,2.747
5,9614,3.104
5,9615,2.139
5,9616,1.792
5,9617,1.868
5,9618,1.872
5,9619,2.035
5,9620,1.781
5,9621,1.853
5,9622,1.843
5,9623,2.331
5,9624,1.999
5,9625,1.782
5,9626,1.571
5,9627,1.625
5,9628,2.499
5,9629,2.237
5,9630,1.688
5,9631,1.513
5,9632,2.317
5,9633,1.991
5,9634,2.106
5,9635,2.157
5,9636,2.570
5,9637,1.940
5,9638,1.816
5,9639,2.070
5,9640,2.038
5,9641,1.737
5,9642,1.823
5,9643,1.807
5,9644,2.526
5,9645,2.146
5,9646,1.827
5,9647,1.706
5,9648,1.764
5,9649,2.407
5,9650,2.019
5,9651,1.688
5,9652,2.113
5,9653,2.570
5,9654,1.986
5,9655,1.570
5,9656,1.728
5,9657,1.849
5,9658,2.163
5,9659,2.118
5,9660,2.217
5,9661,2.020
5,9662,1.897
5,9663,2.184
5,9664,2.496
5,9665,1.964
5,9666,2.187
5,9667,1.938
5,9668,2.971
5,9669,2.155
5,9670,1.725
5,9671,1.573
5,9672,1.597
5,9673,2.109
5,9674,1.820
5,9675,2.563
5,9676,5.578
5,9677,3.702
5,9678,3.773
5,9679,4.106
5,9680,3.448
5,9681,3.628
5,9682,3.927
5,9683,4.177
5,9684,4.104
5,9685,2.228
5,9686,1.616
5,9687,1.571
5,9688,1.742
5,9689,1.983
5,9690,1.999
5,9691,1.787
5,9692,1.874
5,9693,1.820
5,9694,1.881
5,9695,2.142
5,9696,1.726
5,9697,1.561
5,9698,1.806
5,9699,3.069
5,9700,2.349
5,9701,1.973
5,9702,2.250
5,9703,2.545
5,9704,2.578
5,9705,2.533
5,9706,2.156
5,9707,2.155
5,9708,2.233
5,9709,2.131
5,9710,1.927
5,9711,2.398
5,9712,3.488
5,9713,2.496
5,9714,2.318
5,9715,2.417
5,9716,2.573
5,9717,2.546
5,9718,3.080
5,9719,2.858
5,9720,2.549
5,9721,2.538
5,9722,2.279
5,9723,2.512
5,9724,3.230
5,9725,2.963
5,9726,2.619
5,9727,2.748
5,9728,2.575
5,9729,3.029
5,9730,2.820
5,9731,3.095
5,9732,2.662
5,9733,2.432
5,9734,2.594
5,9735,2.853
5,9736,2.514
5,9737,2.735
5,9738,2.976
5,9739,2.896
5,9740,2.883
5,9741,2.958
5,9742,3.017
5,9743,2.434
5,9744,2.886
5,9745,2.515
5,9746,2.413
5,9747,2.507
5,9748,2.318
5,9749,2.566
5,9750,2.538
5,9751,2.506
5,9752,2.561
5,9753,3.021
5,9754,2.367
5,9755,2.337
5,9756,2.464
5,9757,2.677
5,9758,3.105
5,9759,2.407
5,9760,2.533
5,9761,3.033
5,9762,2.461
5,9763,2.620
5,9764,2.502
5,9765,3.046
5,9766,2.744
5,9767,2.447
5,9768,2.511
5,9769,2.520
5,9770,2.264
5,9771,2.636
5,9772,2.827
5,9773,2.664
5,9774,2.551
5,9775,2.495
5,9776,2.620
5,9777,2.677
5,9778,2.355
5,9779,2.691
5,9780,2.419
5,9781,2.545
5,9782,2.380
5,9783,2.301
5,9784,2.817
5,9785,2.545
5,9786,2.599
5,9787,2.239
5,9788,2.478
5,9789,2.105
5,9790,2.039
5,9791,2.426
5,9792,2.403
5,9793,2.437
5,9794,2.858
5,9795,2.184
5,9796,2.591
5,9797,3.665
5,9798,3.361
5,9799,3.301
5,9800,4.266
5,9801,3.348
5,9802,3.739
5,9803,3.263
5,9804,3.269
5,9805,3.624
5,9806,3.173
5,9807,3.607
5,9808,3.476
5,9809,3.374
5,9810,3.684
5,9811,2.793
5,9812,2.534
5,9813,2.800
5,9814,2.804
5,9815,3.543
5,9816,2.945
5,9817,2.579
5,9818,3.070
5,9819,2.786
5,9820,3.071
5,9821,3.658
5,9822,3.248
5,9823,2.988
5,9824,3.056
5,9825,3.254
5,9826,3.558
5,9827,2.969
5,9828,3.955
5,9829,3.588
5,9830,4.422
5,9831,3.344
5,9832,3.367
5,9833,3.118
5,9834,2.781
5,9835,2.979
5,9836,3.003
5,9837,2.829
5,9838,2.606
5,9839,3.507
5,9840,3.431
5,9841,3.593
5,9842,2.856
5,9843,2.821
5,9844,2.321
5,9845,2.986
5,9846,3.104
5,9847,2.635
5,9848,2.481
5,9849,2.276
5,9850,2.067
5,9851,2.073
5,9852,2.571
5,9853,2.170
5,9854,2.303
5,9855,2.269
5,9856,1.761
5,9857,1.578
5,9858,1.811
5,9859,2.124
5,9860,2.191
5,9861,2.125
5,9862,2.061
5,9863,1.956
5,9864,1.932
5,9865,2.210
5,9866,1.914
5,9867,1.970
5,9868,2.155
5,9869,2.171
5,9870,2.374
5,9871,1.894
5,9872,2.083
5,9873,1.860
5,9874,2.425
5,9875,2.856
5,9876,2.227
5,9877,1.976
5,9878,2.684
5,9879,1.904
5,9880,1.555
5,9881,1.852
5,9882,2.674
5,9883,2.047
5,9884,1.916
5,9885,2.018
5,9886,1.777
5,9887,2.474
5,9888,2.317
5,9889,2.123
5,9890,2.061
5,9891,2.448
5,9892,2.297
5,9893,2.373
5,9894,2.206
5,9895,2.327
5,9896,2.047
5,9897,2.380
5,9898,1.980
5,9899,1.690
5,9900,1.717
5,9901,1.913
5,9902,2.024
5,9903,1.799
5,9904,2.345
5,9905,2.076
5,9906,1.768
5,9907,1.830
5,9908,2.066
5,9909,1.777
5,9910,1.578
5,9911,1.933
5,9912,3.078
5,9913,2.680
5,9914,2.422
5,9915,1.896
5,9916,1.927
5,9917,2.357
5,9918,2.206
5,9919,2.431
5,9920,2.887
5,9921,2.921
5,9922,2.473
5,9923,2.544
5,9924,2.071
5,9925,2.374
5,9926,2.857
5,9927,2.050
5,9928,2.071
5,9929,2.180
5,9930,1.847
5,9931,1.655
5,9932,1.831
5,9933,2.485
5,9934,2.395
5,9935,1.975
5,9936,1.933
5,9937,2.099
5,9938,2.003
5,9939,2.430
5,9940,2.120
5,9941,2.129
5,9942,2.489
5,9943,2.413
5,9944,1.998
5,9945,2.550
5,9946,1.968
5,9947,1.912
5,9948,2.828
5,9949,2.048
5,9950,1.668
5,9951,1.699
5,9952,2.005
5,9953,2.101
5,9954,1.641
5,9955,1.813
5,9956,2.075
5,9957,1.946
5,9958,2.135
5,9959,1.986
5,9960,1.642
5,9961,1.700
5,9962,2.116
5,9963,1.799
5,9964,2.611
5,9965,2.454
5,9966,2.261
5,9967,2.254
5,9968,2.173
5,9969,2.256
5,9970,3.219
5,9971,2.752
5,9972,2.221
5,9973,1.870
5,9974,2.030
5,9975,2.128
5,9976,2.220
5,9977,2.680
5,9978,2.729
5,9979,2.210
5,9980,2.479
5,9981,2.127
5,9982,1.903
5,9983,2.428
5,9984,2.781
5,9985,2.557
5,9986,2.809
5,9987,2.524
5,9988,2.483
5,9989,2.184
5,9990,1.873
5,9991,1.820
5,9992,1.920
5,9993,2.054
5,9994,1.998
5,9995,1.632
5,9996,1.740
5,9997,1.665
5,9998,2.726
5,9999,2.183
5,10000,1.699
5,10001,1.583
5,10002,1.712
5,10003,2.237
5,10004,2.255
5,10005,2.414
5,10006,2.541
5,10007,2.466
5,10008,2.737
5,10009,2.605
5,10010,2.579
5,10011,2.785
5,10012,2.432
5,10013,2.170
5,10014,2.299
5,10015,2.068
5,10016,1.976
5,10017,1.876
5,10018,2.687
5,10019,1.950
5,10020,1.883
5,10021,1.968
5,10022,1.696
5,10023,1.651
5,10024,1.630
5,10025,2.274
5,10026,2.558
5,10027,3.007
5,10028,2.085
5,10029,1.891
5,10030,2.021
5,10031,2.336
5,10032,2.077
5,10033,1.911
5,10034,1.921
5,10035,2.215
5,10036,1.772
5,10037,1.591
5,10038,1.738
5,10039,1.717
5,10040,2.074
5,10041,2.372
5,10042,2.314
5,10043,1.971
5,10044,2.254
5,10045,2.074
5,10046,1.818
5,10047,1.688
5,10048,2.247
5,10049,2.512
5,10050,2.709
5,10051,2.839
5,10052,2.734
5,10053,1.862
5,10054,2.822
5,10055,2.700
5,10056,2.014
5,10057,1.967
5,10058,1.928
5,10059,1.757
5,10060,1.988
5,10061,1.892
5,10062,2.993
5,10063,2.893
5,10064,1.952
5,10065,1.610
5,10066,1.638
5,10067,1.875
5,10068,2.386
5,10069,2.153
5,10070,2.499
5,10071,2.347
5,10072,2.208
5,10073,2.371
5,10074,2.013
5,10075,2.045
5,10076,2.985
5,10077,2.644
5,10078,2.127
5,10079,2.117
5,10080,2.163
5,10081,2.171
5,10082,2.244
5,10083,2.926
5,10084,3.118
5,10085,2.583
5,10086,2.246
5,10087,2.196
5,10088,2.623
5,10089,2.556
5,10090,2.177
5,10091,2.334
5,10092,2.171
5,10093,2.585
5,10094,2.177
5,10095,2.075
5,10096,2.307
5,10097,2.473
5,10098,2.420
5,10099,2.851
5,10100,2.042
5,10101,2.031
5,10102,2.495
5,10103,2.489
5,10104,2.292
5,10105,2.629
5,10106,2.721
5,10107,2.405
5,10108,2.850
5,10109,2.736
5,10110,2.878
5,10111,2.615
5,10112,2.494
5,10113,3.436
5,10114,2.637
5,10115,2.768
5,10116,2.737
5,10117,2.787
5,10118,2.495
5,10119,2.953
5,10120,2.698
5,10121,2.314
5,10122,1.776
5,10123,2.075
5,10124,2.338
5,10125,2.703
5,10126,5.021
5,10127,2.623
5,10128,2.401
5,10129,2.178
5,10130,2.018
5,10131,2.226
5,10132,2.455
5,10133,5.921
5,10134,3.274
5,10135,3.806
5,10136,2.884
5,10137,3.257
5,10138,3.270
5,10139,3.092
5,10140,3.102
5,10141,2.922
5,10142,3.521
5,10143,3.765
5,10144,3.296
5,10145,2.724
5,10146,5.473
5,10147,3.085
5,10148,3.268
5,10149,3.549
5,10150,3.489
5,10151,2.384
5,10152,2.465
5,10153,2.141
5,10154,1.665
5,10155,1.940
5,10156,2.260
5,10157,1.958
5,10158,2.130
5,10159,2.667
5,10160,1.784
5,10161,1.721
5,10162,2.020
5,10163,1.907
5,10164,1.589
5,10165,1.838
5,10166,1.872
5,10167,2.589
5,10168,2.783
5,10169,2.309
5,10170,1.952
5,10171,1.896
5,10172,2.004
5,10173,2.416
5,10174,3.057
5,10175,2.343
5,10176,2.518
5,10177,2.442
5,10178,2.361
5,10179,2.168
5,10180,3.351
5,10181,2.171
5,10182,1.779
5,10183,2.122
5,10184,2.202
5,10185,2.300
5,10186,2.195
5,10187,2.426
5,10188,2.645
5,10189,2.657
5,10190,2.255
5,10191,1.875
5,10192,2.212
5,10193,2.703
5,10194,2.684
5,10195,2.759
5,10196,2.100
5,10197,2.174
5,10198,2.491
5,10199,2.138
5,10200,2.158
5,10201,2.067
5,10202,2.109
5,10203,1.941
5,10204,1.643
5,10205,1.841
5,10206,1.761
5,10207,1.767
5,10208,2.401
5,10209,2.064
5,10210,1.699
5,10211,1.879
5,10212,2.378
5,10213,1.884
5,10214,1.552
5,10215,1.609
5,10216,1.722
5,10217,3.206
5,10218,2.634
5,10219,1.867
5,10220,2.284
5,10221,2.200
5,10222,2.026
5,10223,1.684
5,10224,2.046
5,10225,2.483
5,10226,2.386
5,10227,2.028
5,10228,2.367
5,10229,1.907
5,10230,1.895
5,10231,2.373
5,10232,2.324
5,10233,1.985
5,10234,2.102
5,10235,2.229
5,10236,2.485
5,10237,2.200
5,10238,2.945
5,10239,2.618
5,10240,2.695
5,10241,2.378
5,10242,2.017
5,10243,2.821
5,10244,2.316
5,10245,3.027
5,10246,2.572
5,10247,2.583
5,10248,2.675
5,10249,2.714
5,10250,2.884
5,10251,3.265
5,10252,2.310
5,10253,2.406
5,10254,2.481
5,10255,2.467
5,10256,2.548
5,10257,3.044
5,10258,2.396
5,10259,2.950
5,10260,2.384
5,10261,2.482
5,10262,2.668
5,10263,3.050
5,10264,2.665
5,10265,2.397
5,10266,2.627
5,10267,2.436
5,10268,2.393
5,10269,2.983
5,10270,2.568
5,10271,2.702
5,10272,2.403
5,10273,2.513
5,10274,2.819
5,10275,2.616
5,10276,2.274
5,10277,2.528
5,10278,3.422
5,10279,2.352
5,10280,2.974
5,10281,3.517
5,10282,3.018
5,10283,2.671
5,10284,3.201
5,10285,2.975
5,10286,2.935
5,10287,2.737
5,10288,2.573
5,10289,2.565
5,10290,2.853
5,10291,2.559
5,10292,2.830
5,10293,2.535
5,10294,2.443
5,10295,2.532
5,10296,2.641
5,10297,3.270
5,10298,2.652
5,10299,2.536
5,10300,2.443
5,10301,2.264
5,10302,2.411
5,10303,2.813
5,10304,3.032
5,10305,2.808
5,10306,2.837
5,10307,2.869
5,10308,2.663
5,10309,3.104
5,10310,3.314
5,10311,2.625
5,10312,2.232
5,10313,2.512
5,10314,2.664
5,10315,3.097
5,10316,2.495
5,10317,3.058
5,10318,2.559
5,10319,2.135
5,10320,2.556
5,10321,2.654
5,10322,2.572
5,10323,2.250
5,10324,2.343
5,10325,2.150
5,10326,2.282
5,10327,2.657
5,10328,1.961
5,10329,2.272
5,10330,2.377
5,10331,2.178
5,10332,2.478
5,10333,2.157
5,10334,2.200
5,10335,2.547
5,10336,1.996
5,10337,1.756
5,10338,1.666
5,10339,1.767
5,10340,1.912
5,10341,2.376
5,10342,2.199
5,10343,1.910
5,10344,1.729
5,10345,1.911
5,10346,2.022
5,10347,1.727
5,10348,1.615
5,10349,2.044
5,10350,2.613
5,10351,1.836
5,10352,1.558
5,10353,1.693
5,10354,1.770
5,10355,1.870
5,10356,1.916
5,10357,2.019
5,10358,2.397
5,10359,2.127
5,10360,2.083
5,10361,2.154
5,10362,1.737
5,10363,1.860
5,10364,1.948
5,10365,2.335
5,10366,2.103
5,10367,1.924
5,10368,2.269
5,10369,1.920
5,10370,2.265
5,10371,1.973
5,10372,1.665
5,10373,2.003
5,10374,2.090
5,10375,2.179
5,10376,1.805
5,10377,1.989
5,10378,2.183
5,10379,2.187
5,10380,2.416
5,10381,2.534
5,10382,1.775
5,10383,1.648
5,10384,1.877
5,10385,2.169
5,10386,2.041
5,10387,1.917
5,10388,1.867
5,10389,2.036
5,10390,2.029
5,10391,1.914
5,10392,1.895
5,10393,2.071
5,10394,2.284
5,10395,2.376
5,10396,1.722
5,10397,2.194
5,10398,2.086
5,10399,1.973
5,10400,1.788
5,10401,1.686
5,10402,1.638
5,10403,1.623
5,10404,1.984
5,10405,2.235
5,10406,2.170
5,10407,1.687
5,10408,1.656
5,10409,1.941
5,10410,1.970
5,10411,2.229
5,10412,1.949
5,10413,2.241
5,10414,2.089
5,10415,2.153
5,10416,2.306
5,10417,1.716
5,10418,1.647
5,10419,1.873
5,10420,2.214
5,10421,2.177
5,10422,2.233
5,10423,1.924
5,10424,1.768
5,10425,1.816
5,10426,1.865
5,10427,1.662
5,10428,1.636
5,10429,1.832
5,10430,2.102
5,10431,2.448
5,10432,2.158
5,10433,1.764
5,10434,1.799
5,10435,1.793
5,10436,2.035
5,10437,1.925
5,10438,2.017
5,10439,2.093
5,10440,2.554
5,10441,1.939
5,10442,1.543
5,10443,1.500
5,10444,1.700
5,10445,1.755
5,10446,1.821
5,10447,2.638
5,10448,2.574
5,10449,2.653
5,10450,2.424
5,10451,2.210
5,10452,1.820
5,10453,2.492
5,10454,2.808
5,10455,2.576
5,10456,2.970
5,10457,2.737
5,10458,2.705
5,10459,3.412
5,10460,2.630
5,10461,3.257
5,10462,2.650
5,10463,2.237
5,10464,3.389
5,10465,2.961
5,10466,2.612
5,10467,2.382
5,10468,2.658
5,10469,2.900
5,10470,2.854
5,10471,3.661
5,10472,2.829
5,10473,2.482
5,10474,2.408
5,10475,2.836
5,10476,3.273
5,10477,2.525
5,10478,2.532
5,10479,2.720
5,10480,2.515
5,10481,3.278
5,10482,3.020
5,10483,2.830
5,10484,2.428
5,10485,2.173
5,10486,2.886
5,10487,2.811
5,10488,2.359
5,10489,2.948
5,10490,2.646
5,10491,2.861
5,10492,2.874
5,10493,2.837
5,10494,3.274
5,10495,3.175
5,10496,2.727
5,10497,2.735
5,10498,2.780
5,10499,2.538
5,10500,2.538
5,10501,3.195
5,10502,2.922
5,10503,3.281
5,10504,2.684
5,10505,1.823
5,10506,2.010
5,10507,1.942
5,10508,2.267
5,10509,2.778
5,10510,4.086
5,10511,3.746
5,10512,4.353
5,10513,3.272
5,10514,3.669
5,10515,3.165
5,10516,2.301
5,10517,2.286
5,10518,2.343
5,10519,2.020
5,10520,1.742
5,10521,3.695
5,10522,2.549
5,10523,2.561
5,10524,2.330
5,10525,1.900
5,10526,2.110
5,10527,2.368
5,10528,2.199
5,10529,1.984
5,10530,2.181
5,10531,2.096
5,10532,2.236
5,10533,2.239
5,10534,2.351
5,10535,2.361
5,10536,2.894
5,10537,2.066
5,10538,1.777
5,10539,1.987
5,10540,2.126
5,10541,1.977
5,10542,2.128
5,10543,2.029
5,10544,2.176
5,10545,2.152
5,10546,2.123
5,10547,1.707
5,10548,1.723
5,10549,3.046
5,10550,2.749
5,10551,2.565
5,10552,3.020
5,10553,2.244
5,10554,2.563
5,10555,2.900
5,10556,2.056
5,10557,2.491
5,10558,2.551
5,10559,1.988
5,10560,1.926
5,10561,2.061
5,10562,2.456
5,10563,2.610
5,10564,2.201
5,10565,2.109
5,10566,2.315
5,10567,2.225
5,10568,1.810
5,10569,3.088
5,10570,2.610
5,10571,2.331
5,10572,2.373
5,10573,2.297
5,10574,2.767
5,10575,3.357
5,10576,2.229
5,10577,2.681
5,10578,2.536
5,10579,1.956
5,10580,1.995
5,10581,3.062
5,10582,3.138
5,10583,2.620
5,10584,2.183
5,10585,2.177
5,10586,2.629
5,10587,2.604
5,10588,3.082
5,10589,2.242
5,10590,2.052
5,10591,2.438
5,10592,2.058
5,10593,1.698
5,10594,1.911
5,10595,2.353
5,10596,2.552
5,10597,1.904
5,10598,2.038
5,10599,1.987
5,10600,1.969
5,10601,2.604
5,10602,2.418
5,10603,1.896
5,10604,2.791
5,10605,2.017
5,10606,1.648
5,10607,1.736
5,10608,1.953
5,10609,2.130
5,10610,2.134
5,10611,2.320
5,10612,2.723
5,10613,2.671
5,10614,2.739
5,10615,2.145
5,10616,3.363
5,10617,3.017
5,10618,3.051
5,10619,3.850
5,10620,2.933
5,10621,3.722
5,10622,2.262
5,10623,2.282
5,10624,2.383
5,10625,2.428
5,10626,2.123
5,10627,2.072
5,10628,2.181
5,10629,2.025
5,10630,1.887
5,10631,1.757
5,10632,1.917
5,10633,2.192
5,10634,2.718
5,10635,2.225
5,10636,2.480
5,10637,2.071
5,10638,2.014
5,10639,1.949
5,10640,1.828
5,10641,1.692
5,10642,2.334
5,10643,2.312
5,10644,1.785
5,10645,1.555
5,10646,1.855
5,10647,2.154
5,10648,1.984
5,10649,1.733
5,10650,2.229
5,10651,2.521
5,10652,2.166
5,10653,2.200
5,10654,1.859
5,10655,1.720
5,10656,1.865
5,10657,2.203
5,10658,2.393
5,10659,2.696
5,10660,2.249
5,10661,2.057
5,10662,2.823
5,10663,4.133
5,10664,2.714
5,10665,2.558
5,10666,1.740
5,10667,1.709
5,10668,1.808
5,10669,1.709
5,10670,1.820
5,10671,1.868
5,10672,1.894
5,10673,1.900
5,10674,2.077
5,10675,2.027
5,10676,1.878
5,10677,1.560
5,10678,1.522
5,10679,1.903
5,10680,2.218
5,10681,2.552
5,10682,2.134
5,10683,2.526
5,10684,1.940
5,10685,2.079
5,10686,2.103
5,10687,1.742
5,10688,2.341
5,10689,2.198
5,10690,2.034
5,10691,1.989
5,10692,1.794
5,10693,1.748
5,10694,1.665
5,10695,1.893
5,10696,2.255
5,10697,2.220
5,10698,1.981
5,10699,2.149
5,10700,2.484
5,10701,2.139
5,10702,1.955
5,10703,3.400
5,10704,3.734
5,10705,3.532
5,10706,3.587
5,10707,3.529
5,10708,3.276
5,10709,2.742
5,10710,2.182
5,10711,2.067
5,10712,2.194
5,10713,1.980
5,10714,2.781
5,10715,2.363
5,10716,2.032
5,10717,2.113
5,10718,2.179
5,10719,2.215
5,10720,2.758
5,10721,2.445
5,10722,2.459
5,10723,2.540
5,10724,2.232
5,10725,1.659
5,10726,1.615
5,10727,1.822
5,10728,2.473
5,10729,2.383
5,10730,2.046
5,10731,1.814
5,10732,1.769
5,10733,1.976
5,10734,1.711
5,10735,1.621
5,10736,1.814
5,10737,2.316
5,10738,2.134
5,10739,1.745
5,10740,1.531
5,10741,1.761
5,10742,1.638
5,10743,1.652
5,10744,1.953
5,10745,1.976
5,10746,1.909
5,10747,1.725
5,10748,1.861
5,10749,2.008
5,10750,1.969
5,10751,1.712
5,10752,1.847
5,10753,2.052
5,10754,2.039
5,10755,2.460
5,10756,1.922
5,10757,1.760
5,10758,1.639
5,10759,1.928
5,10760,1.811
5,10761,1.814
5,10762,2.111
5,10763,2.194
5,10764,2.385
5,10765,1.886
5,10766,1.789
5,10767,1.879
5,10768,1.932
5,10769,2.225
5,10770,2.152
5,10771,1.629
5,10772,1.502
5,10773,2.110
5,10774,2.020
5,10775,1.999
5,10776,3.736
5,10777,2.912
5,10778,2.531
5,10779,2.930
5,10780,2.638
5,10781,2.253
5,10782,2.516
5,10783,2.231
5,10784,2.013
5,10785,2.023
5,10786,2.111
5,10787,2.105
5,10788,2.375
5,10789,2.029
5,10790,2.627
5,10791,2.796
5,10792,2.329
5,10793,2.462
5,10794,2.698
5,10795,2.938
5,10796,2.778
5,10797,2.625
5,10798,2.761
5,10799,3.038
5,10800,2.649
5,10801,3.732
5,10802,3.436
5,10803,3.604
5,10804,3.784
5,10805,3.004
5,10806,3.791
5,10807,2.903
5,10808,2.286
5,10809,2.166
5,10810,2.406
5,10811,2.282
5,10812,3.004
5,10813,2.945
5,10814,2.261
5,10815,2.583
5,10816,2.780
5,10817,2.303
5,10818,3.024
5,10819,2.972
5,10820,3.234
5,10821,2.653
5,10822,2.560
5,10823,2.791
5,10824,2.374
5,10825,2.567
5,10826,2.831
5,10827,2.715
5,10828,2.518
5,10829,2.406
5,10830,2.893
5,10831,2.975
5,10832,2.452
5,10833,2.911
5,10834,3.521
5,10835,3.002
5,10836,2.812
5,10837,3.983
5,10838,2.664
5,10839,2.467
5,10840,3.457
5,10841,2.820
5,10842,2.783
5,10843,2.704
5,10844,2.580
5,10845,2.640
5,10846,3.385
5,10847,3.008
5,10848,2.618
5,10849,2.382
5,10850,2.549
5,10851,2.523
5,10852,3.360
5,10853,2.776
5,10854,2.356
5,10855,2.500
5,10856,2.163
5,10857,1.846
5,10858,2.390
5,10859,2.521
5,10860,2.192
5,10861,2.936
5,10862,2.306
5,10863,2.366
5,10864,2.345
5,10865,2.649
5,10866,2.733
5,10867,2.607
5,10868,2.583
5,10869,2.411
5,10870,2.341
5,10871,2.606
5,10872,3.358
5,10873,2.720
5,10874,2.622
5,10875,2.782
5,10876,2.137
5,10877,2.233
5,10878,2.029
5,10879,2.155
5,10880,2.202
5,10881,2.530
5,10882,4.466
5,10883,3.246
5,10884,1.953
5,10885,2.286
5,10886,2.437
5,10887,2.073
5,10888,1.894
5,10889,1.774
5,10890,1.822
5,10891,2.550
5,10892,2.334
5,10893,1.981
5,10894,1.777
5,10895,1.822
5,10896,1.947
5,10897,1.863
5,10898,1.608
5,10899,2.396
5,10900,2.261
5,10901,1.981
5,10902,2.118
5,10903,1.798
5,10904,1.717
5,10905,1.628
5,10906,2.548
5,10907,2.923
5,10908,2.171
5,10909,1.977
5,10910,1.868
5,10911,1.790
5,10912,1.922
5,10913,1.735
5,10914,2.356
5,10915,2.179
5,10916,2.153
5,10917,2.402
5,10918,1.718
5,10919,1.793
5,10920,1.719
5,10921,1.950
5,10922,2.851
5,10923,2.880
5,10924,1.736
5,10925,2.453
5,10926,1.940
5,10927,1.622
5,10928,1.492
5,10929,1.838
5,10930,2.330
5,10931,2.471
5,10932,2.331
5,10933,2.174
5,10934,2.553
5,10935,2.638
5,10936,3.174
5,10937,2.417
5,10938,3.069
5,10939,3.136
5,10940,3.006
5,10941,3.363
5,10942,3.609
5,10943,2.623
5,10944,2.988
5,10945,3.281
5,10946,4.264
5,10947,2.624
5,10948,3.428
5,10949,2.735
5,10950,2.461
5,10951,3.359
5,10952,2.897
5,10953,2.619
5,10954,3.065
5,10955,3.286
5,10956,2.738
5,10957,2.452
5,10958,3.209
5,10959,2.258
5,10960,1.972
5,10961,2.356
5,10962,2.942
5,10963,2.645
5,10964,2.361
5,10965,2.800
5,10966,2.607
5,10967,2.367
5,10968,2.306
5,10969,2.921
5,10970,2.993
5,10971,2.933
5,10972,3.219
5,10973,2.609
5,10974,3.590
5,10975,2.183
5,10976,2.213
5,10977,3.256
5,10978,3.115
5,10979,3.034
5,10980,3.160
5,10981,2.375
5,10982,2.070
5,10983,2.099
5,10984,2.283
5,10985,2.648
5,10986,2.319
5,10987,2.181
5,10988,1.900
5,10989,2.013
5,10990,1.955
5,10991,1.817
5,10992,1.744
5,10993,1.893
5,10994,3.700
5,10995,2.447
5,10996,2.717
5,10997,2.748
5,10998,2.321
5,10999,2.489
5,11000,2.603
5,11001,2.693
5,11002,2.141
5,11003,1.734
5,11004,1.542
5,11005,1.714
5,11006,1.898
5,11007,2.121
5,11008,1.829
5,11009,1.777
5,11010,2.407
5,11011,1.810
5,11012,2.026
5,11013,2.107
5,11014,1.829
5,11015,2.305
5,11016,2.994
5,11017,2.279
5,11018,2.010
5,11019,1.882
5,11020,1.732
5,11021,1.875
5,11022,2.028
5,11023,2.830
5,11024,2.490
5,11025,2.652
5,11026,2.743
5,11027,2.153
5,11028,2.577
5,11029,2.539
5,11030,2.021
5,11031,1.816
5,11032,1.669
5,11033,1.701
5,11034,2.001
5,11035,2.155
5,11036,1.890
5,11037,2.885
5,11038,2.467
5,11039,2.468
5,11040,1.777
5,11041,2.193
5,11042,2.129
5,11043,1.812
5,11044,1.997
5,11045,1.841
5,11046,1.614
5,11047,1.525
5,11048,1.612
5,11049,1.881
5,11050,1.934
5,11051,1.623
5,11052,2.328
5,11053,2.306
5,11054,2.618
5,11055,2.479
5,11056,2.341
5,11057,2.432
5,11058,2.664
5,11059,2.564
5,11060,2.490
5,11061,2.175
5,11062,2.095
5,11063,2.280
5,11064,2.196
5,11065,1.961
5,11066,1.847
5,11067,2.769
5,11068,2.462
5,11069,1.781
5,11070,1.869
5,11071,2.054
5,11072,2.170
5,11073,1.888
5,11074,1.905
5,11075,2.564
5,11076,2.242
5,11077,2.136
5,11078,1.672
5,11079,1.501
5,11080,1.642
5,11081,1.975
5,11082,1.792
5,11083,1.946
5,11084,3.666
5,11085,2.331
5,11086,2.664
5,11087,2.451
5,11088,2.099
5,11089,2.023
5,11090,2.899
5,11091,2.889
5,11092,2.172
5,11093,2.195
5,11094,2.261
5,11095,2.333
5,11096,2.320
5,11097,2.200
5,11098,2.292
5,11099,2.692
5,11100,1.962
5,11101,1.759
5,11102,2.172
5,11103,2.656
5,11104,2.433
5,11105,1.921
5,11106,1.607
5,11107,2.080
5,11108,2.284
5,11109,1.815
5,11110,2.012
5,11111,2.047
5,11112,2.064
5,11113,1.941
5,11114,1.666
5,11115,1.670
5,11116,2.218
5,11117,1.941
5,11118,2.274
5,11119,2.219
5,11120,1.682
5,11121,1.551
5,11122,1.610
5,11123,1.733
5,11124,1.901
5,11125,2.321
5,11126,2.055
5,11127,2.143
5,11128,1.881
5,11129,2.003
5,11130,2.017
5,11131,1.768
5,11132,1.698
5,11133,1.856
5,11134,3.395
5,11135,2.658
5,11136,2.495
5,11137,2.301
5,11138,2.163
5,11139,1.936
5,11140,1.677
5,11141,2.493
5,11142,2.701
5,11143,2.661
5,11144,1.924
5,11145,1.997
5,11146,1.980
5,11147,1.922
5,11148,2.193
5,11149,2.104
5,11150,2.117
5,11151,1.972
5,11152,2.098
5,11153,1.941
5,11154,2.299
5,11155,2.296
5,11156,2.533
5,11157,1.957
5,11158,2.095
5,11159,1.828
5,11160,1.756
5,11161,1.845
5,11162,1.919
5,11163,2.031
5,11164,2.160
5,11165,2.464
5,11166,2.885
5,11167,2.101
5,11168,1.758
5,11169,1.925
5,11170,1.976
5,11171,2.043
5,11172,1.927
5,11173,1.687
5,11174,1.755
5,11175,1.925
5,11176,2.536
5,11177,1.962
5,11178,1.768
5,11179,2.093
5,11180,2.155
5,11181,2.280
5,11182,1.850
5,11183,2.050
5,11184,1.946
5,11185,1.841
5,11186,2.925
5,11187,1.806
5,11188,1.544
5,11189,1.649
5,11190,1.888
5,11191,1.945
5,11192,1.660
5,11193,2.001
5,11194,1.998
5,11195,1.932
5,11196,1.823
5,11197,1.861
5,11198,1.629
5,11199,1.483
5,11200,1.687
5,11201,1.984
5,11202,2.031
5,11203,2.392
5,11204,2.267
5,11205,1.946
5,11206,1.829
5,11207,2.279
5,11208,2.036
5,11209,1.720
5,11210,1.555
5,11211,2.345
5,11212,2.713
5,11213,1.800
5,11214,1.632
5,11215,1.752
5,11216,1.738
5,11217,1.958
5,11218,1.923
5,11219,2.137
5,11220,2.069
5,11221,2.564
5,11222,2.170
5,11223,1.754
5,11224,1.558
5,11225,2.084
5,11226,1.980
5,11227,2.499
5,11228,2.685
5,11229,2.613
5,11230,2.213
5,11231,2.826
5,11232,2.187
5,11233,2.179
5,11234,2.453
5,11235,2.447
5,11236,2.330
5,11237,2.201
5,11238,2.192
5,11239,2.351
5,11240,2.557
5,11241,2.175
5,11242,2.117
5,11243,2.399
5,11244,2.444
5,11245,1.803
5,11246,2.187
5,11247,2.455
5,11248,2.156
5,11249,2.181
5,11250,1.990
5,11251,1.682
5,11252,2.615
5,11253,2.298
5,11254,2.068
5,11255,2.374
5,11256,2.302
5,11257,2.017
5,11258,1.829
5,11259,2.089
5,11260,2.302
5,11261,1.736
5,11262,2.113
5,11263,2.816
5,11264,2.298
5,11265,2.580
5,11266,2.484
5,11267,1.845
5,11268,2.526
5,11269,1.835
5,11270,2.092
5,11271,1.957
5,11272,2.083
5,11273,1.703
5,11274,1.631
5,11275,1.899
5,11276,2.049
5,11277,2.490
5,11278,2.164
5,11279,2.035
5,11280,1.782
5,11281,1.746
5,11282,1.923
5,11283,1.726
5,11284,1.538
5,11285,1.457
5,11286,4.149
5,11287,2.173
5,11288,1.914
5,11289,2.031
5,11290,1.876
5,11291,1.922
5,11292,1.961
5,11293,2.041
5,11294,2.825
5,11295,2.847
5,11296,2.439
5,11297,1.926
5,11298,2.129
5,11299,1.882
5,11300,2.519
5,11301,2.290
5,11302,2.246
5,11303,1.729
5,11304,1.736
5,11305,2.026
5,11306,1.701
5,11307,1.650
5,11308,1.931
5,11309,2.180
5,11310,2.046
5,11311,3.034
5,11312,2.173
5,11313,1.772
5,11314,1.771
5,11315,1.928
5,11316,1.913
5,11317,1.647
5,11318,1.709
5,11319,2.071
5,11320,2.353
5,11321,1.787
5,11322,1.755
5,11323,1.983
5,11324,1.937
5,11325,2.413
5,11326,2.190
5,11327,1.827
5,11328,1.590
5,11329,2.155
5,11330,2.080
5,11331,1.614
5,11332,2.093
5,11333,2.549
5,11334,2.247
5,11335,2.128
5,11336,2.155
5,11337,2.386
5,11338,2.107
5,11339,2.492
5,11340,2.089
5,11341,1.839
5,11342,2.073
5,11343,2.280
5,11344,2.186
5,11345,2.710
5,11346,2.364
5,11347,2.939
5,11348,2.560
5,11349,2.298
5,11350,2.053
5,11351,2.361
5,11352,2.712
5,11353,2.307
5,11354,2.411
5,11355,2.075
5,11356,2.320
5,11357,2.366
5,11358,1.968
5,11359,2.010
5,11360,2.881
5,11361,2.244
5,11362,2.152
5,11363,2.322
5,11364,2.369
5,11365,2.446
5,11366,2.457
5,11367,4.333
5,11368,3.071
5,11369,2.566
5,11370,2.482
5,11371,2.555
5,11372,2.650
5,11373,2.838
5,11374,2.460
5,11375,2.765
5,11376,2.691
5,11377,2.203
5,11378,2.390
5,11379,3.200
5,11380,2.792
5,11381,2.573
5,11382,2.325
5,11383,2.687
5,11384,2.902
5,11385,2.390
5,11386,2.824
5,11387,3.288
5,11388,2.482
5,11389,2.413
5,11390,2.974
5,11391,3.274
5,11392,2.815
5,11393,3.332
5,11394,2.590
5,11395,2.209
5,11396,3.045
5,11397,2.586
5,11398,2.745
5,11399,2.350
5,11400,2.920
5,11401,2.472
5,11402,2.566
5,11403,2.363
5,11404,2.420
5,11405,2.563
5,11406,2.849
5,11407,2.621
5,11408,2.536
5,11409,2.674
5,11410,2.383
5,11411,2.234
5,11412,2.454
5,11413,2.560
5,11414,2.623
5,11415,2.467
5,11416,2.226
5,11417,2.411
5,11418,2.219
5,11419,1.809
5,11420,1.689
5,11421,2.027
5,11422,2.826
5,11423,2.241
5,11424,2.094
5,11425,2.043
5,11426,1.921
5,11427,2.390
5,11428,2.166
5,11429,2.424
5,11430,2.464
5,11431,2.304
5,11432,2.028
5,11433,1.722
5,11434,1.933
5,11435,1.891
5,11436,2.757
5,11437,3.515
5,11438,4.737
5,11439,2.698
5,11440,16.529
5,11441,3.296
5,11442,2.449
5,11443,2.433
5,11444,2.300
5,11445,2.247
5,11446,1.788
5,11447,2.138
5,11448,2.560
5,11449,2.983
5,11450,2.092
5,11451,1.602
5,11452,1.501
5,11453,1.576
5,11454,1.788
5,11455,1.751
5,11456,1.836
5,11457,1.763
5,11458,2.341
5,11459,1.961
5,11460,1.949
5,11461,2.224
5,11462,1.874
5,11463,1.740
5,11464,2.229
5,11465,2.816
5,11466,2.165
5,11467,1.781
5,11468,1.737
5,11469,1.670
5,11470,1.825
5,11471,1.739
5,11472,1.707
5,11473,1.944
5,11474,1.868
5,11475,2.003
5,11476,2.039
5,11477,1.612
5,11478,1.490
5,11479,1.623
5,11480,1.732
5,11481,1.914
5,11482,1.989
5,11483,2.246
5,11484,1.840
5,11485,1.859
5,11486,2.312
5,11487,2.092
5,11488,1.768
5,11489,1.709
5,11490,2.387
5,11491,2.764
5,11492,2.338
5,11493,2.237
5,11494,2.464
5,11495,2.325
5,11496,2.272
5,11497,2.285
5,11498,2.310
5,11499,2.646
5,11500,2.178
5,11501,1.785
5,11502,2.316
5,11503,2.229
5,11504,2.667
5,11505,2.642
5,11506,2.469
5,11507,2.690
5,11508,2.567
5,11509,2.752
5,11510,2.473
5,11511,2.968
5,11512,2.492
5,11513,2.167
5,11514,1.834
5,11515,1.739
5,11516,1.984
5,11517,2.295
5,11518,1.881
5,11519,1.713
5,11520,1.855
5,11521,1.921
5,11522,1.826
5,11523,1.645
5,11524,1.631
5,11525,1.548
5,11526,2.034
5,11527,2.432
5,11528,1.884
5,11529,1.585
5,11530,1.548
5,11531,1.771
5,11532,1.743
5,11533,1.808
5,11534,1.812
5,11535,3.569
5,11536,2.788
5,11537,2.950
5,11538,2.223
5,11539,1.760
5,11540,1.774
5,11541,2.319
5,11542,2.118
5,11543,1.682
5,11544,2.515
5,11545,2.148
5,11546,2.577
5,11547,2.216
5,11548,2.107
5,11549,4.531
5,11550,2.302
5,11551,1.881
5,11552,1.623
5,11553,2.034
5,11554,2.019
5,11555,1.993
5,11556,3.090
5,11557,2.114
5,11558,1.871
5,11559,2.361
5,11560,2.167
5,11561,1.717
5,11562,1.746
5,11563,2.486
5,11564,2.204
5,11565,2.211
5,11566,2.177
5,11567,1.849
5,11568,1.879
5,11569,2.513
5,11570,2.007
5,11571,1.742
5,11572,1.842
5,11573,2.203
5,11574,1.881
5,11575,1.706
5,11576,1.968
5,11577,1.899
5,11578,2.179
5,11579,2.398
5,11580,2.094
5,11581,1.749
5,11582,1.703
5,11583,2.041
5,11584,2.204
5,11585,1.650
5,11586,1.792
5,11587,3.563
5,11588,2.161
5,11589,1.944
5,11590,1.941
5,11591,1.727
5,11592,1.670
5,11593,2.054
5,11594,2.111
5,11595,2.317
5,11596,2.415
5,11597,2.079
5,11598,1.895
5,11599,1.706
5,11600,1.775
5,11601,1.864
5,11602,1.943
5,11603,2.388
5,11604,2.525
5,11605,1.997
5,11606,1.835
5,11607,2.076
5,11608,2.133
5,11609,1.698
5,11610,2.269
5,11611,2.142
5,11612,1.882
5,11613,2.336
5,11614,1.868
5,11615,1.692
5,11616,1.719
5,11617,1.972
5,11618,2.376
5,11619,1.777
5,11620,1.766
5,11621,1.750
5,11622,2.178
5,11623,2.023
5,11624,1.887
5,11625,1.643
5,11626,1.829
5,11627,2.157
5,11628,2.159
5,11629,2.068
5,11630,1.680
5,11631,2.142
5,11632,1.754
5,11633,2.185
5,11634,2.080
5,11635,2.332
5,11636,2.219
5,11637,2.252
5,11638,2.247
5,11639,2.196
5,11640,2.074
5,11641,2.462
5,11642,3.010
5,11643,2.160
5,11644,1.928
5,11645,1.979
5,11646,2.150
5,11647,2.493
5,11648,2.277
5,11649,2.216
5,11650,2.374
5,11651,2.342
5,11652,2.054
5,11653,2.118
5,11654,2.098
5,11655,3.248
5,11656,2.639
5,11657,1.893
5,11658,1.848
5,11659,1.910
5,11660,1.799
5,11661,1.538
5,11662,1.426
5,11663,1.606
5,11664,2.783
5,11665,2.204
5,11666,1.940
5,11667,1.661
5,11668,1.495
5,11669,1.539
5,11670,1.737
5,11671,1.884
5,11672,1.768
5,11673,2.636
5,11674,2.101
5,11675,1.897
5,11676,1.819
5,11677,1.668
5,11678,2.145
5,11679,2.163
5,11680,2.514
5,11681,2.914
5,11682,1.770
5,11683,1.555
5,11684,1.619
5,11685,1.638
5,11686,1.724
5,11687,1.640
5,11688,1.853
5,11689,1.933
5,11690,1.715
5,11691,2.871
5,11692,2.290
5,11693,1.712
5,11694,1.552
5,11695,1.703
5,11696,1.988
5,11697,2.335
5,11698,1.771
5,11699,1.815
5,11700,2.108
5,11701,1.801
5,11702,2.027
5,11703,1.904
5,11704,1.603
5,11705,1.990
5,11706,2.318
5,11707,2.141
5,11708,1.667
5,11709,1.959
5,11710,1.700
5,11711,1.612
5,11712,1.819
5,11713,2.112
5,11714,2.183
5,11715,1.954
5,11716,1.855
5,11717,2.048
5,11718,1.924
5,11719,1.519
5,11720,1.558
5,11721,1.901
5,11722,1.992
5,11723,1.809
5,11724,1.784
5,11725,1.824
5,11726,1.674
5,11727,1.691
5,11728,2.247
5,11729,1.950
5,11730,1.825
5,11731,1.698
5,11732,1.849
5,11733,2.347
5,11734,1.773
5,11735,1.632
5,11736,1.721
5,11737,1.829
5,11738,1.869
5,11739,1.985
5,11740,1.676
5,11741,1.498
5,11742,1.514
5,11743,1.612
5,11744,1.717
5,11745,1.817
5,11746,1.621
5,11747,1.881
5,11748,2.518
5,11749,2.109
5,11750,1.866
5,11751,1.881
5,11752,1.579
5,11753,1.501
5,11754,1.625
5,11755,2.043
5,11756,2.552
5,11757,1.844
5,11758,1.720
5,11759,1.689
5,11760,1.730
5,11761,2.174
5,11762,1.813
5,11763,1.715
5,11764,1.922
5,11765,2.268
5,11766,2.152
5,11767,1.582
5,11768,1.445
5,11769,1.490
5,11770,1.709
5,11771,1.705
5,11772,1.823
5,11773,2.415
5,11774,1.842
5,11775,1.894
5,11776,1.600
5,11777,1.855
5,11778,1.741
5,11779,1.550
5,11780,1.608
5,11781,2.242
5,11782,2.767
5,11783,2.390
5,11784,2.745
5,11785,2.302
5,11786,2.024
5,11787,2.606
5,11788,2.691
5,11789,2.288
5,11790,2.326
5,11791,2.271
5,11792,1.796
5,11793,1.857
5,11794,2.164
5,11795,2.468
5,11796,2.194
5,11797,1.891
5,11798,1.813
5,11799,1.961
5,11800,2.549
5,11801,2.155
5,11802,2.087
5,11803,2.378
5,11804,2.262
5,11805,2.094
5,11806,2.181
5,11807,2.028
5,11808,2.492
5,11809,3.760
5,11810,2.483
5,11811,2.430
5,11812,2.318
5,11813,1.839
5,11814,1.534
5,11815,2.641
5,11816,2.033
5,11817,2.621
5,11818,2.565
5,11819,1.880
5,11820,1.529
5,11821,1.687
5,11822,1.795
5,11823,2.794
5,11824,1.834
5,11825,1.829
5,11826,1.857
5,11827,1.781
5,11828,1.907
5,11829,1.910
5,11830,1.999
5,11831,2.954
5,11832,2.606
5,11833,2.016
5,11834,1.739
5,11835,1.786
5,11836,1.737
5,11837,1.781
5,11838,1.825
5,11839,1.820
5,11840,1.597
5,11841,1.792
5,11842,1.679
5,11843,2.142
5,11844,1.692
5,11845,1.489
5,11846,1.537
5,11847,2.199
5,11848,2.303
5,11849,1.858
5,11850,2.012
5,11851,1.604
5,11852,1.579
5,11853,1.727
5,11854,2.076
5,11855,1.991
5,11856,1.820
5,11857,1.659
5,11858,1.792
5,11859,1.836
5,11860,2.208
5,11861,1.852
5,11862,1.769
5,11863,1.793
5,11864,2.076
5,11865,2.060
5,11866,1.862
5,11867,1.642
5,11868,1.577
5,11869,2.287
5,11870,2.084
5,11871,1.701
5,11872,2.499
5,11873,2.209
5,11874,2.227
5,11875,2.199
5,11876,1.978
5,11877,1.966
5,11878,1.784
5,11879,2.069
5,11880,2.032
5,11881,1.773
5,11882,1.717
5,11883,1.784
5,11884,1.771
5,11885,2.233
5,11886,2.247
5,11887,1.827
5,11888,1.723
5,11889,1.747
5,11890,1.936
5,11891,1.609
5,11892,1.447
5,11893,1.449
5,11894,1.636
5,11895,1.763
5,11896,2.173
5,11897,2.700
5,11898,1.867
5,11899,1.612
5,11900,1.588
5,11901,1.819
5,11902,1.721
5,11903,1.553
5,11904,1.498
5,11905,1.809
5,11906,2.413
5,11907,1.973
5,11908,1.835
5,11909,1.787
5,11910,1.890
5,11911,1.709
5,11912,1.784
5,11913,2.263
5,11914,2.591
5,11915,2.229
5,11916,1.945
5,11917,1.905
5,11918,1.567
5,11919,1.521
5,11920,1.641
5,11921,1.628
5,11922,1.901
5,11923,1.871
5,11924,1.736
5,11925,1.766
5,11926,1.521
5,11927,1.515
5,11928,1.857
5,11929,1.708
5,11930,1.455
5,11931,2.257
5,11932,2.966
5,11933,2.421
5,11934,2.700
5,11935,2.151
5,11936,2.347
5,11937,2.798
5,11938,2.771
5,11939,2.286
5,11940,2.285
5,11941,2.521
5,11942,2.077
5,11943,2.003
5,11944,2.641
5,11945,3.314
5,11946,2.789
5,11947,2.313
5,11948,3.043
5,11949,2.328
5,11950,2.665
5,11951,2.720
5,11952,2.516
5,11953,2.910
5,11954,2.795
5,11955,3.085
5,11956,3.124
5,11957,2.715
5,11958,2.624
5,11959,2.577
5,11960,2.429
5,11961,2.612
5,11962,3.019
5,11963,2.516
5,11964,2.530
5,11965,2.207
5,11966,2.348
5,11967,2.350
5,11968,2.540
5,11969,2.697
5,11970,2.359
5,11971,2.298
5,11972,2.546
5,11973,2.415
5,11974,2.450
5,11975,2.962
5,11976,3.152
5,11977,2.454
5,11978,2.381
5,11979,2.288
5,11980,2.556
5,11981,2.411
5,11982,2.247
5,11983,2.974
5,11984,2.532
5,11985,2.289
5,11986,2.617
5,11987,3.140
5,11988,2.755
5,11989,2.538
5,11990,2.989
5,11991,2.671
5,11992,3.040
5,11993,2.780
5,11994,2.626
5,11995,2.802
5,11996,2.996
5,11997,2.355
5,11998,2.816
5,11999,2.456
5,12000,2.028
5,12001,2.448
5,12002,2.450
5,12003,2.604
5,12004,2.329
5,12005,2.600
5,12006,2.662
5,12007,2.706
5,12008,2.408
5,12009,2.447
5,12010,2.844
5,12011,2.794
5,12012,2.699
5,12013,2.518
5,12014,2.284
5,12015,2.613
5,12016,2.129
5,12017,2.798
5,12018,2.957
5,12019,2.288
5,12020,2.693
5,12021,2.435
5,12022,2.259
5,12023,2.287
5,12024,2.618
5,12025,1.979
5,12026,2.306
5,12027,2.273
5,12028,1.928
5,12029,1.968
5,12030,2.382
5,12031,2.825
5,12032,2.616
5,12033,2.272
5,12034,2.016
5,12035,2.192
5,12036,2.333
5,12037,2.110
5,12038,2.750
5,12039,2.605
5,12040,2.572
5,12041,2.507
5,12042,2.381
5,12043,3.531
5,12044,2.747
5,12045,1.896
5,12046,1.774
5,12047,2.516
5,12048,1.811
5,12049,1.506
5,12050,1.670
5,12051,2.238
5,12052,2.102
5,12053,2.012
5,12054,2.114
5,12055,1.951
5,12056,2.232
5,12057,2.258
5,12058,2.483
5,12059,2.060
5,12060,2.113
5,12061,2.048
5,12062,1.927
5,12063,1.737
5,12064,2.526
5,12065,1.708
5,12066,2.163
5,12067,3.176
5,12068,2.594
5,12069,2.892
5,12070,3.551
5,12071,3.239
5,12072,2.856
5,12073,2.651
5,12074,2.374
5,12075,2.149
5,12076,1.926
5,12077,2.295
5,12078,2.845
5,12079,2.809
5,12080,2.369
5,12081,2.066
5,12082,2.202
5,12083,2.282
5,12084,2.122
5,12085,3.019
5,12086,2.578
5,12087,1.761
5,12088,1.535
5,12089,1.691
5,12090,1.723
5,12091,1.739
5,12092,1.762
5,12093,2.049
5,12094,2.216
5,12095,1.787
5,12096,1.955
5,12097,2.232
5,12098,1.916
5,12099,1.726
5,12100,1.927
5,12101,2.182
5,12102,2.494
5,12103,2.885
5,12104,1.956
5,12105,1.659
5,12106,1.871
5,12107,1.996
5,12108,1.597
5,12109,1.903
5,12110,2.275
5,12111,2.107
5,12112,2.067
5,12113,1.659
5,12114,1.809
5,12115,4.442
5,12116,3.581
5,12117,2.662
5,12118,3.018
5,12119,3.066
5,12120,2.558
5,12121,2.834
5,12122,2.590
5,12123,3.259
5,12124,2.600
5,12125,3.383
5,12126,2.733
5,12127,2.507
5,12128,5.405
5,12129,3.231
5,12130,2.982
5,12131,4.069
5,12132,2.674
5,12133,1.830
5,12134,1.872
5,12135,2.021
5,12136,1.999
5,12137,2.173
5,12138,2.655
5,12139,2.564
5,12140,2.471
5,12141,2.742
5,12142,1.899
5,12143,1.684
5,12144,1.850
5,12145,1.904
5,12146,1.913
5,12147,2.287
5,12148,2.044
5,12149,1.771
5,12150,2.103
5,12151,2.046
5,12152,1.996
5,12153,1.526
5,12154,2.149
5,12155,2.074
5,12156,1.634
5,12157,1.483
5,12158,1.747
5,12159,1.734
5,12160,1.651
5,12161,1.758
5,12162,1.815
5,12163,2.022
5,12164,2.288
5,12165,1.907
5,12166,1.980
5,12167,1.928
5,12168,1.577
5,12169,1.845
5,12170,1.717
5,12171,1.656
5,12172,2.211
5,12173,2.260
5,12174,1.900
5,12175,1.828
5,12176,1.953
5,12177,1.956
5,12178,1.559
5,12179,1.451
5,12180,1.734
5,12181,1.843
5,12182,1.841
5,12183,1.885
5,12184,1.643
5,12185,1.582
5,12186,1.587
5,12187,1.690
5,12188,1.795
5,12189,2.023
5,12190,1.876
5,12191,1.660
5,12192,2.002
5,12193,2.575
5,12194,2.418
5,12195,2.079
5,12196,1.779
5,12197,1.866
5,12198,1.997
5,12199,1.860
5,12200,1.649
5,12201,1.594
5,12202,1.810
5,12203,1.792
5,12204,1.984
5,12205,1.809
5,12206,2.358
5,12207,2.240
5,12208,2.100
5,12209,2.214
5,12210,2.029
5,12211,2.103
5,12212,2.150
5,12213,2.582
5,12214,2.279
5,12215,1.824
5,12216,2.057
5,12217,2.019
5,12218,2.091
5,12219,3.173
5,12220,2.756
5,12221,2.711
5,12222,2.649
5,12223,2.422
5,12224,2.645
5,12225,2.894
5,12226,2.862
5,12227,2.457
5,12228,2.287
5,12229,2.411
5,12230,2.159
5,12231,1.606
5,12232,1.461
5,12233,1.899
5,12234,2.268
5,12235,1.903
5,12236,1.704
5,12237,1.831
5,12238,2.082
5,12239,2.031
5,12240,2.855
5,12241,2.402
5,12242,2.411
5,12243,2.184
5,12244,2.024
5,12245,1.694
5,12246,1.448
5,12247,1.580
5,12248,1.584
5,12249,2.669
5,12250,1.989
5,12251,1.983
5,12252,1.521
5,12253,1.470
5,12254,1.578
5,12255,1.823
5,12256,1.589
5,12257,1.423
5,12258,2.562
5,12259,2.384
5,12260,1.996
5,12261,2.161
5,12262,2.129
5,12263,1.827
5,12264,1.576
5,12265,1.772
5,12266,2.421
5,12267,1.961
5,12268,1.645
5,12269,1.751
5,12270,2.123
5,12271,1.769
5,12272,1.474
5,12273,1.629
5,12274,1.705
5,12275,1.758
5,12276,1.916
5,12277,1.998
5,12278,1.606
5,12279,1.438
5,12280,1.669
5,12281,1.677
5,12282,1.771
5,12283,1.791
5,12284,2.317
5,12285,1.970
5,12286,1.856
5,12287,1.818
5,12288,1.889
5,12289,2.062
5,12290,1.808
5,12291,2.529
5,12292,3.081
5,12293,2.356
5,12294,2.047
5,12295,1.874
5,12296,1.683
5,12297,2.088
5,12298,1.774
5,12299,1.744
5,12300,1.560
5,12301,1.513
5,12302,1.829
5,12303,1.846
5,12304,1.528
5,12305,1.451
5,12306,1.568
5,12307,2.054
5,12308,1.913
5,12309,2.113
5,12310,2.296
5,12311,2.298
5,12312,2.238
5,12313,2.269
5,12314,1.944
5,12315,2.656
5,12316,2.063
5,12317,1.879
5,12318,1.989
5,12319,1.643
5,12320,1.739
5,12321,1.620
5,12322,1.658
5,12323,1.883
5,12324,2.276
5,12325,1.885
5,12326,1.484
5,12327,1.573
5,12328,2.038
5,12329,1.961
5,12330,1.590
5,12331,1.535
5,12332,1.998
5,12333,2.121
5,12334,2.431
5,12335,1.954
5,12336,1.711
5,12337,1.600
5,12338,1.832
5,12339,2.090
5,12340,1.743
5,12341,2.858
5,12342,2.992
5,12343,3.241
5,12344,3.025
5,12345,2.239
5,12346,2.031
5,12347,2.285
5,12348,1.915
5,12349,1.501
5,12350,1.442
5,12351,2.064
5,12352,1.921
5,12353,1.816
5,12354,1.628
5,12355,2.317
5,12356,2.331
5,12357,2.282
5,12358,2.370
5,12359,2.258
5,12360,1.868
5,12361,2.752
5,12362,3.193
5,12363,2.833
5,12364,2.311
5,12365,2.128
5,12366,3.110
5,12367,2.494
5,12368,2.309
5,12369,2.466
5,12370,2.150
5,12371,1.720
5,12372,1.940
5,12373,2.160
5,12374,2.777
5,12375,2.311
5,12376,1.818
5,12377,1.702
5,12378,1.659
5,12379,2.003
5,12380,1.842
5,12381,1.698
5,12382,1.853
5,12383,3.101
5,12384,1.923
5,12385,1.654
5,12386,1.956
5,12387,2.066
5,12388,2.033
5,12389,2.280
5,12390,2.755
5,12391,2.300
5,12392,2.058
5,12393,2.048
5,12394,1.862
5,12395,1.792
5,12396,1.900
5,12397,1.752
5,12398,2.258
5,12399,2.818
5,12400,2.470
5,12401,1.908
5,12402,2.579
5,12403,2.223
5,12404,1.519
5,12405,1.757
5,12406,2.129
5,12407,1.970
5,12408,1.907
5,12409,2.389
5,12410,1.861
5,12411,1.628
5,12412,1.701
5,12413,2.230
5,12414,2.402
5,12415,1.810
5,12416,1.775
5,12417,1.684
5,12418,2.007
5,12419,1.701
5,12420,1.669
5,12421,1.692
5,12422,2.104
5,12423,2.114
5,12424,2.089
5,12425,1.891
5,12426,1.544
5,12427,1.933
5,12428,1.696
5,12429,1.771
5,12430,1.917
5,12431,1.825
5,12432,1.628
5,12433,1.584
5,12434,1.627
5,12435,1.966
5,12436,1.607
5,12437,1.778
5,12438,1.884
5,12439,2.496
5,12440,2.183
5,12441,2.167
5,12442,1.985
5,12443,1.767
5,12444,1.557
5,12445,1.678
5,12446,2.183
5,12447,1.630
5,12448,1.495
5,12449,1.502
5,12450,1.747
5,12451,1.892
5,12452,1.689
5,12453,1.457
5,12454,1.570
5,12455,1.650
5,12456,2.945
5,12457,2.145
5,12458,2.047
5,12459,2.041
5,12460,2.223
5,12461,2.439
5,12462,2.027
5,12463,2.779
5,12464,2.647
5,12465,2.066
5,12466,2.230
5,12467,2.185
5,12468,2.021
5,12469,2.061
5,12470,2.888
5,12471,1.977
5,12472,2.466
5,12473,2.152
5,12474,2.138
5,12475,1.990
5,12476,2.183
5,12477,2.179
5,12478,2.027
5,12479,2.204
5,12480,2.364
5,12481,1.874
5,12482,1.932
5,12483,2.425
5,12484,2.273
5,12485,1.721
5,12486,1.857
5,12487,1.953
5,12488,1.973
5,12489,2.548
5,12490,1.875
5,12491,1.859
5,12492,1.903
5,12493,1.910
5,12494,1.969
5,12495,1.569
5,12496,1.881
5,12497,3.571
5,12498,2.634
5,12499,2.135
5,12500,1.695
5,12501,1.570
5,12502,1.561
5,12503,1.828
5,12504,1.717
5,12505,1.465
5,12506,1.367
5,12507,1.557
5,12508,2.674
5,12509,2.308
5,12510,2.147
5,12511,2.156
5,12512,2.194
5,12513,2.478
5,12514,2.539
5,12515,2.095
5,12516,2.683
5,12517,2.332
5,12518,2.015
5,12519,1.888
5,12520,1.910
5,12521,1.851
5,12522,2.448
5,12523,2.651
5,12524,2.055
5,12525,1.776
5,12526,1.878
5,12527,2.336
5,12528,1.966
5,12529,1.905
5,12530,2.986
5,12531,2.768
5,12532,2.628
5,12533,2.158
5,12534,2.110
5,12535,2.097
5,12536,2.729
5,12537,2.320
5,12538,2.431
5,12539,2.130
5,12540,2.537
5,12541,2.146
5,12542,2.023
5,12543,2.443
5,12544,2.430
5,12545,2.533
5,12546,1.992
5,12547,2.035
5,12548,2.425
5,12549,2.386
5,12550,2.403
5,12551,2.380
5,12552,2.270
5,12553,2.370
5,12554,2.290
5,12555,2.109
5,12556,2.902
5,12557,2.578
5,12558,2.567
5,12559,2.375
5,12560,2.230
5,12561,2.326
5,12562,2.340
5,12563,2.538
5,12564,2.235
5,12565,2.408
5,12566,2.312
5,12567,1.837
5,12568,2.136
5,12569,2.123
5,12570,2.329
5,12571,2.724
5,12572,2.167
5,12573,2.325
5,12574,2.409
5,12575,2.376
5,12576,2.238
5,12577,2.977
5,12578,2.896
5,12579,2.775
5,12580,2.458
5,12581,2.286
5,12582,2.423
5,12583,2.275
5,12584,2.090
5,12585,2.746
5,12586,2.425
5,12587,2.235
5,12588,2.324
5,12589,2.287
5,12590,2.390
5,12591,2.676
5,12592,3.028
5,12593,2.499
5,12594,2.497
5,12595,2.340
5,12596,2.736
5,12597,2.655
5,12598,2.542
5,12599,3.426
5,12600,2.511
5,12601,2.695
5,12602,3.364
5,12603,2.758
5,12604,2.728
5,12605,3.294
5,12606,2.672
5,12607,2.806
5,12608,2.872
5,12609,2.409
5,12610,2.187
5,12611,2.201
5,12612,2.625
5,12613,2.491
5,12614,3.010
5,12615,2.501
5,12616,2.426
5,12617,2.816
5,12618,2.393
5,12619,2.537
5,12620,2.760
5,12621,2.205
5,12622,1.936
5,12623,1.868
5,12624,1.922
5,12625,2.074
5,12626,2.210
5,12627,2.423
5,12628,2.097
5,12629,2.198
5,12630,2.235
5,12631,1.729
5,12632,1.610
5,12633,1.965
5,12634,2.015
5,12635,2.003
5,12636,2.412
5,12637,1.983
5,12638,1.670
5,12639,1.629
5,12640,1.729
5,12641,2.017
5,12642,1.602
5,12643,1.620
5,12644,2.371
5,12645,2.460
5,12646,1.783
5,12647,1.698
5,12648,1.798
5,12649,1.942
5,12650,1.790
5,12651,2.066
5,12652,2.391
5,12653,1.807
5,12654,2.228
5,12655,1.834
5,12656,1.832
5,12657,1.554
5,12658,1.609
5,12659,1.549
5,12660,1.885
5,12661,1.966
5,12662,2.055
5,12663,2.273
5,12664,4.588
5,12665,2.703
5,12666,2.835
5,12667,2.178
5,12668,1.689
5,12669,1.729
5,12670,1.760
5,12671,1.778
5,12672,1.408
5,12673,1.399
5,12674,1.543
5,12675,2.033
5,12676,1.909
5,12677,1.460
5,12678,1.480
5,12679,1.668
5,12680,1.561
5,12681,1.616
5,12682,1.921
5,12683,1.638
5,12684,1.957
5,12685,1.860
5,12686,1.807
5,12687,1.998
5,12688,1.791
5,12689,1.711
5,12690,1.880
5,12691,1.839
5,12692,2.270
5,12693,2.293
5,12694,2.034
5,12695,1.674
5,12696,1.540
5,12697,1.736
5,12698,1.910
5,12699,1.547
5,12700,1.445
5,12701,1.961
5,12702,2.085
5,12703,1.746
5,12704,1.776
5,12705,1.634
5,12706,1.614
5,12707,1.520
5,12708,1.537
5,12709,1.577
5,12710,2.015
5,12711,1.853
5,12712,1.813
5,12713,1.645
5,12714,1.780
5,12715,1.832
5,12716,1.707
5,12717,1.761
5,12718,1.946
5,12719,2.216
5,12720,2.512
5,12721,2.887
5,12722,1.996
5,12723,1.852
5,12724,2.207
5,12725,1.988
5,12726,1.794
5,12727,2.363
5,12728,2.338
5,12729,2.644
5,12730,2.612
5,12731,2.345
5,12732,2.391
5,12733,3.557
5,12734,2.187
5,12735,2.552
5,12736,2.822
5,12737,2.216
5,12738,3.029
5,12739,2.906
5,12740,2.961
5,12741,2.961
5,12742,2.853
5,12743,2.633
5,12744,3.327
5,12745,3.491
5,12746,2.653
5,12747,2.599
5,12748,2.864
5,12749,2.231
5,12750,3.717
5,12751,3.386
5,12752,3.081
5,12753,2.671
5,12754,3.198
5,12755,3.330
5,12756,3.283
5,12757,3.369
5,12758,2.672
5,12759,2.861
5,12760,3.598
5,12761,3.179
5,12762,2.765
5,12763,2.993
5,12764,2.563
5,12765,2.259
5,12766,3.063
5,12767,2.614
5,12768,2.346
5,12769,2.530
5,12770,2.539
5,12771,2.865
5,12772,4.556
5,12773,3.191
5,12774,2.937
5,12775,2.901
5,12776,2.619
5,12777,2.916
5,12778,2.840
5,12779,2.427
5,12780,2.284
5,12781,2.522
5,12782,2.041
5,12783,1.555
5,12784,2.538
5,12785,3.065
5,12786,3.546
5,12787,3.403
5,12788,2.105
5,12789,2.255
5,12790,2.117
5,12791,1.766
5,12792,2.025
5,12793,2.459
5,12794,2.538
5,12795,2.936
5,12796,2.356
5,12797,2.150
5,12798,2.268
5,12799,1.938
5,12800,1.541
5,12801,1.568
5,12802,1.830
5,12803,1.871
5,12804,2.155
5,12805,2.236
5,12806,2.005
5,12807,1.744
5,12808,1.871
5,12809,1.966
5,12810,1.706
5,12811,1.564
5,12812,1.719
5,12813,2.445
5,12814,2.128
5,12815,1.759
5,12816,2.060
5,12817,2.003
5,12818,2.005
5,12819,2.219
5,12820,2.209
5,12821,2.608
5,12822,2.469
5,12823,2.780
5,12824,2.043
5,12825,1.776
5,12826,1.947
5,12827,2.144
5,12828,2.225
5,12829,2.428
5,12830,2.465
5,12831,2.640
5,12832,2.421
5,12833,1.763
5,12834,1.501
5,12835,2.607
5,12836,2.301
5,12837,2.023
5,12838,1.957
5,12839,2.156
5,12840,2.004
5,12841,2.137
5,12842,2.619
5,12843,2.427
5,12844,1.980
5,12845,2.462
5,12846,2.002
5,12847,1.650
5,12848,1.817
5,12849,1.850
5,12850,2.113
5,12851,2.765
5,12852,2.332
5,12853,2.598
5,12854,2.817
5,12855,2.280
5,12856,1.610
5,12857,2.395
5,12858,2.800
5,12859,2.803
5,12860,3.013
5,12861,1.988
5,12862,1.778
5,12863,2.626
5,12864,2.366
5,12865,2.273
5,12866,2.320
5,12867,2.377
5,12868,2.452
5,12869,2.185
5,12870,2.498
5,12871,2.866
5,12872,2.406
5,12873,2.173
5,12874,1.987
5,12875,2.493
5,12876,2.653
5,12877,2.259
5,12878,2.178
5,12879,2.318
5,12880,2.423
5,12881,2.272
5,12882,2.186
5,12883,2.442
5,12884,3.860
5,12885,4.304
5,12886,2.612
5,12887,2.806
5,12888,4.384
5,12889,2.735
5,12890,2.334
5,12891,1.703
5,12892,1.427
5,12893,1.657
5,12894,1.743
5,12895,1.669
5,12896,1.831
5,12897,2.053
5,12898,1.987
5,12899,1.740
5,12900,1.814
5,12901,2.089
5,12902,2.069
5,12903,2.186
5,12904,2.892
5,12905,2.613
5,12906,3.287
5,12907,2.262
5,12908,1.810
5,12909,1.848
5,12910,2.010
5,12911,1.918
5,12912,1.700
5,12913,1.727
5,12914,2.226
5,12915,2.736
5,12916,3.150
5,12917,2.061
5,12918,1.856
5,12919,2.272
5,12920,1.948
5,12921,1.498
5,12922,1.510
5,12923,2.226
5,12924,1.960
5,12925,1.682
5,12926,1.958
5,12927,2.260
5,12928,1.965
5,12929,2.159
5,12930,1.951
5,12931,1.618
5,12932,2.245
5,12933,1.683
5,12934,2.574
5,12935,1.808
5,12936,1.540
5,12937,1.724
5,12938,1.598
5,12939,1.526
5,12940,1.802
5,12941,1.855
5,12942,2.010
5,12943,1.938
5,12944,1.746
5,12945,2.014
5,12946,1.740
5,12947,1.481
5,12948,1.379
5,12949,1.546
5,12950,1.661
5,12951,1.759
5,12952,2.362
5,12953,2.184
5,12954,1.935
5,12955,1.710
5,12956,1.820
5,12957,2.105
5,12958,1.601
5,12959,1.581
5,12960,1.632
5,12961,2.837
5,12962,1.984
5,12963,1.531
5,12964,1.682
5,12965,1.593
5,12966,1.547
5,12967,1.630
5,12968,1.786
5,12969,1.538
5,12970,2.371
5,12971,2.375
5,12972,2.317
5,12973,2.041
5,12974,1.617
5,12975,1.771
5,12976,1.831
5,12977,2.226
5,12978,2.881
5,12979,2.307
5,12980,1.976
5,12981,2.031
5,12982,2.275
5,12983,1.771
5,12984,1.712
5,12985,2.183
5,12986,1.812
5,12987,1.775
5,12988,1.954
5,12989,1.786
5,12990,1.604
5,12991,1.510
5,12992,1.492
5,12993,1.878
5,12994,2.092
5,12995,1.599
5,12996,1.483
5,12997,1.662
5,12998,2.043
5,12999,1.881
5,13000,1.555
5,13001,1.634
5,13002,1.557
5,13003,2.490
5,13004,2.600
5,13005,1.999
5,13006,1.777
5,13007,2.056
5,13008,1.937
5,13009,2.230
5,13010,2.715
5,13011,2.740
5,13012,2.284
5,13013,2.310
5,13014,2.136
5,13015,2.190
5,13016,1.937
5,13017,2.414
5,13018,2.383
5,13019,1.917
5,13020,1.939
5,13021,1.994
5,13022,2.149
5,13023,2.431
5,13024,2.212
5,13025,2.558
5,13026,2.253
5,13027,2.261
5,13028,2.095
5,13029,2.301
5,13030,2.203
5,13031,2.898
5,13032,2.198
5,13033,1.822
5,13034,1.565
5,13035,1.513
5,13036,1.789
5,13037,1.629
5,13038,1.464
5,13039,1.474
5,13040,1.594
5,13041,2.377
5,13042,1.958
5,13043,1.708
5,13044,1.588
5,13045,1.585
5,13046,1.499
5,13047,1.510
5,13048,1.922
5,13049,1.809
5,13050,1.716
5,13051,1.899
5,13052,1.807
5,13053,1.775
5,13054,1.817
5,13055,1.691
5,13056,1.851
5,13057,1.831
5,13058,1.782
5,13059,2.394
5,13060,2.520
5,13061,1.982
5,13062,1.738
5,13063,1.778
5,13064,1.944
5,13065,1.608
5,13066,1.533
5,13067,2.276
5,13068,1.959
5,13069,2.099
5,13070,1.777
5,13071,1.678
5,13072,1.480
5,13073,1.481
5,13074,1.479
5,13075,1.869
5,13076,2.328
5,13077,2.038
5,13078,2.067
5,13079,2.627
5,13080,2.375
5,13081,2.327
5,13082,2.338
5,13083,2.334
5,13084,2.808
5,13085,2.634
5,13086,3.988
5,13087,2.568
5,13088,2.480
5,13089,2.731
5,13090,2.579
5,13091,2.455
5,13092,2.570
5,13093,1.695
5,13094,1.558
5,13095,1.802
5,13096,2.362
5,13097,1.789
5,13098,1.562
5,13099,1.772
5,13100,1.857
5,13101,2.153
5,13102,1.865
5,13103,2.107
5,13104,2.346
5,13105,2.254
5,13106,2.650
5,13107,2.164
5,13108,1.964
5,13109,2.444
5,13110,2.254
5,13111,2.590
5,13112,2.800
5,13113,2.712
5,13114,4.479
5,13115,4.302
5,13116,2.996
5,13117,2.598
5,13118,3.698
5,13119,4.177
5,13120,3.675
5,13121,3.336
5,13122,2.967
5,13123,3.000
5,13124,2.958
5,13125,2.726
5,13126,3.131
5,13127,2.536
5,13128,2.588
5,13129,2.978
5,13130,2.819
5,13131,2.694
5,13132,2.845
5,13133,2.517
5,13134,2.670
5,13135,2.508
5,13136,2.715
5,13137,2.754
5,13138,2.555
5,13139,2.997
5,13140,2.822
5,13141,2.912
5,13142,3.903
5,13143,3.205
5,13144,2.681
5,13145,3.124
5,13146,2.873
5,13147,2.942
5,13148,2.784
5,13149,2.605
5,13150,2.684
5,13151,3.222
5,13152,2.468
5,13153,2.966
5,13154,2.802
5,13155,2.493
5,13156,2.933
5,13157,3.313
5,13158,3.425
5,13159,2.696
5,13160,2.597
5,13161,2.626
5,13162,2.378
5,13163,2.857
5,13164,2.853
5,13165,2.766
5,13166,2.446
5,13167,2.369
5,13168,2.697
5,13169,2.619
5,13170,2.817
5,13171,3.053
5,13172,4.110
5,13173,3.070
5,13174,2.438
5,13175,3.398
5,13176,2.943
5,13177,2.285
5,13178,2.423
5,13179,2.503
5,13180,2.345
5,13181,2.740
5,13182,2.268
5,13183,2.812
5,13184,2.137
5,13185,1.894
5,13186,1.915
5,13187,2.125
5,13188,2.283
5,13189,1.941
5,13190,2.009
5,13191,2.325
5,13192,2.254
5,13193,2.190
5,13194,2.150
5,13195,2.647
5,13196,2.486
5,13197,2.556
5,13198,1.957
5,13199,3.382
5,13200,2.434
5,13201,2.950
5,13202,2.195
5,13203,2.014
5,13204,2.383
5,13205,2.316
5,13206,2.442
5,13207,1.993
5,13208,2.456
5,13209,2.380
5,13210,1.990
5,13211,1.760
5,13212,1.649
5,13213,1.675
5,13214,1.925
5,13215,2.365
5,13216,2.115
5,13217,1.961
5,13218,2.052
5,13219,2.213
5,13220,1.713
5,13221,1.775
5,13222,1.660
5,13223,1.962
5,13224,2.901
5,13225,2.180
5,13226,1.667
5,13227,1.551
5,13228,1.802
5,13229,1.864
5,13230,2.030
5,13231,2.040
5,13232,2.124
5,13233,2.173
5,13234,1.983
5,13235,1.954
5,13236,1.751
5,13237,1.573
5,13238,1.569
5,13239,2.061
5,13240,2.066
5,13241,1.984
5,13242,2.342
5,13243,1.997
5,13244,1.901
5,13245,2.147
5,13246,1.874
5,13247,3.486
5,13248,2.818
5,13249,2.557
5,13250,2.420
5,13251,1.733
5,13252,1.707
5,13253,1.915
5,13254,2.387
5,13255,1.949
5,13256,1.695
5,13257,1.668
5,13258,1.809
5,13259,2.745
5,13260,1.790
5,13261,1.959
5,13262,2.404
5,13263,2.246
5,13264,2.015
5,13265,2.255
5,13266,2.009
5,13267,2.318
5,13268,2.741
5,13269,2.474
5,13270,2.180
5,13271,2.174
5,13272,2.235
5,13273,1.760
5,13274,1.572
5,13275,2.461
5,13276,2.641
5,13277,2.758
5,13278,2.323
5,13279,2.328
5,13280,2.684
5,13281,2.502
5,13282,3.793
5,13283,3.293
5,13284,3.054
5,13285,3.167
5,13286,3.335
5,13287,4.248
5,13288,3.043
5,13289,3.125
5,13290,2.928
5,13291,3.802
5,13292,3.385
5,13293,3.070
5,13294,2.533
5,13295,2.599
5,13296,3.525
5,13297,3.389
5,13298,3.688
5,13299,3.218
5,13300,2.960
5,13301,3.096
5,13302,3.181
5,13303,3.496
5,13304,3.051
5,13305,2.843
5,13306,3.057
5,13307,2.428
5,13308,2.477
5,13309,3.248
5,13310,3.094
5,13311,2.942
5,13312,3.406
5,13313,2.944
5,13314,2.969
5,13315,3.361
5,13316,3.290
5,13317,3.260
5,13318,3.338
5,13319,3.244
5,13320,3.339
5,13321,2.808
5,13322,3.118
5,13323,2.668
5,13324,2.518
5,13325,3.043
5,13326,2.808
5,13327,3.205
5,13328,3.605
5,13329,2.984
5,13330,2.743
5,13331,3.364
5,13332,3.270
5,13333,2.949
5,13334,3.080
5,13335,3.097
5,13336,3.265
5,13337,3.036
5,13338,3.089
5,13339,2.731
5,13340,3.791
5,13341,3.330
5,13342,3.002
5,13343,2.881
5,13344,2.928
5,13345,2.665
5,13346,2.910
5,13347,3.163
5,13348,2.505
5,13349,2.438
5,13350,2.753
5,13351,2.540
5,13352,3.207
5,13353,3.020
5,13354,2.415
5,13355,2.705
5,13356,2.315
5,13357,2.574
5,13358,2.499
5,13359,2.853
5,13360,3.686
5,13361,2.224
5,13362,2.331
5,13363,2.735
5,13364,2.110
5,13365,2.629
5,13366,2.777
5,13367,2.795
5,13368,2.683
5,13369,2.681
5,13370,2.332
5,13371,3.427
5,13372,2.243
5,13373,2.434
5,13374,3.208
5,13375,2.245
5,13376,2.245
5,13377,2.705
5,13378,2.549
5,13379,2.354
5,13380,2.588
5,13381,2.810
5,13382,2.521
5,13383,2.647
5,13384,2.884
5,13385,2.568
5,13386,3.042
5,13387,2.393
5,13388,2.787
5,13389,3.447
5,13390,2.789
5,13391,2.457
5,13392,2.942
5,13393,2.464
5,13394,2.702
5,13395,3.472
5,13396,3.261
5,13397,2.662
5,13398,2.832
5,13399,2.574
5,13400,3.225
5,13401,4.913
5,13402,3.093
5,13403,2.593
5,13404,2.290
5,13405,2.743
5,13406,3.183
5,13407,2.664
5,13408,2.920
5,13409,2.148
5,13410,2.618
5,13411,2.677
5,13412,2.277
5,13413,3.267
5,13414,2.605
5,13415,1.975
5,13416,2.329
5,13417,2.711
5,13418,2.562
5,13419,2.748
5,13420,2.674
5,13421,2.412
5,13422,2.222
5,13423,2.295
5,13424,2.881
5,13425,2.265
5,13426,2.474
5,13427,3.020
5,13428,2.311
5,13429,2.147
5,13430,2.961
5,13431,2.004
5,13432,1.666
5,13433,1.879
5,13434,1.866
5,13435,2.734
5,13436,2.523
5,13437,2.632
5,13438,2.733
5,13439,2.759
5,13440,1.872
5,13441,2.075
5,13442,3.023
5,13443,2.463
5,13444,2.597
5,13445,2.798
5,13446,2.107
5,13447,2.824
5,13448,2.424
5,13449,3.087
5,13450,3.227
5,13451,2.248
5,13452,2.347
5,13453,2.522
5,13454,2.669
5,13455,2.884
5,13456,3.108
5,13457,2.141
5,13458,2.604
5,13459,2.572
5,13460,2.744
5,13461,3.218
5,13462,3.742
5,13463,2.905
5,13464,2.155
5,13465,2.637
5,13466,2.107
5,13467,2.627
5,13468,2.977
5,13469,2.759
5,13470,2.479
5,13471,2.699
5,13472,2.599
5,13473,2.617
5,13474,2.092
5,13475,1.728
5,13476,1.768
5,13477,2.350
5,13478,2.119
5,13479,1.614
5,13480,1.912
5,13481,2.237
5,13482,2.117
5,13483,2.029
5,13484,2.075
5,13485,1.999
5,13486,1.885
5,13487,2.695
5,13488,1.934
5,13489,1.893
5,13490,2.230
5,13491,1.989
5,13492,1.961
5,13493,1.778
5,13494,2.251
5,13495,3.025
5,13496,2.827
5,13497,2.227
5,13498,1.582
5,13499,1.655
5,13500,1.935
5,13501,1.876
5,13502,1.655
5,13503,1.960
5,13504,2.283
5,13505,2.519
5,13506,2.574
5,13507,2.335
5,13508,2.010
5,13509,2.169
5,13510,2.515
5,13511,3.206
5,13512,2.576
5,13513,2.420
5,13514,2.373
5,13515,2.347
5,13516,2.017
5,13517,2.135
5,13518,3.256
5,13519,2.222
5,13520,1.832
5,13521,2.289
5,13522,2.396
5,13523,2.391
5,13524,2.380
5,13525,2.448
5,13526,2.049
5,13527,2.234
5,13528,1.865
5,13529,1.706
5,13530,1.841
5,13531,2.006
5,13532,2.468
5,13533,2.592
5,13534,2.726
5,13535,2.397
5,13536,2.515
5,13537,2.055
5,13538,1.574
5,13539,1.767
5,13540,2.262
5,13541,2.280
5,13542,2.189
5,13543,1.989
5,13544,1.761
5,13545,1.783
5,13546,1.907
5,13547,2.319
5,13548,2.035
5,13549,1.882
5,13550,2.101
5,13551,2.544
5,13552,2.202
5,13553,2.181
5,13554,2.354
5,13555,2.926
5,13556,2.822
5,13557,2.576
5,13558,2.927
5,13559,2.444
5,13560,2.398
5,13561,2.594
5,13562,2.104
5,13563,2.077
5,13564,2.041
5,13565,1.864
5,13566,2.187
5,13567,2.465
5,13568,2.408
5,13569,1.703
5,13570,1.497
5,13571,1.904
5,13572,1.930
5,13573,1.938
5,13574,1.794
5,13575,2.749
5,13576,2.506
5,13577,2.620
5,13578,2.603
5,13579,1.813
5,13580,1.723
5,13581,2.061
5,13582,2.315
5,13583,2.515
5,13584,2.168
5,13585,2.048
5,13586,2.028
5,13587,2.316
5,13588,1.877
5,13589,1.582
5,13590,2.209
5,13591,2.709
5,13592,1.876
5,13593,1.636
5,13594,1.800
5,13595,2.137
5,13596,2.004
5,13597,2.464
5,13598,2.537
5,13599,2.358
5,13600,2.182
5,13601,2.403
5,13602,1.873
5,13603,1.882
5,13604,2.329
5,13605,2.398
5,13606,2.231
5,13607,2.342
5,13608,1.779
5,13609,1.637
5,13610,2.134
5,13611,2.510
5,13612,2.757
5,13613,2.344
5,13614,2.106
5,13615,2.099
5,13616,1.832
5,13617,1.848
5,13618,1.744
5,13619,2.783
5,13620,2.469
5,13621,2.127
5,13622,2.290
5,13623,2.729
5,13624,2.445
5,13625,2.519
5,13626,2.409
5,13627,2.282
5,13628,2.332
5,13629,2.207
5,13630,2.297
5,13631,2.648
5,13632,2.468
5,13633,2.186
5,13634,2.255
5,13635,2.297
5,13636,2.331
5,13637,2.827
5,13638,3.335
5,13639,3.086
5,13640,2.521
5,13641,2.303
5,13642,2.718
5,13643,2.364
5,13644,2.989
5,13645,3.037
5,13646,2.250
5,13647,2.660
5,13648,2.422
5,13649,1.963
5,13650,3.571
5,13651,3.354
5,13652,3.529
5,13653,2.798
5,13654,2.767
5,13655,3.014
5,13656,2.761
5,13657,2.761
5,13658,2.819
5,13659,2.537
5,13660,2.436
5,13661,2.748
5,13662,2.887
5,13663,2.426
5,13664,2.428
5,13665,3.129
5,13666,2.554
5,13667,2.462
5,13668,2.402
5,13669,2.455
5,13670,2.410
5,13671,2.263
5,13672,2.730
5,13673,2.621
5,13674,2.390
5,13675,2.418
5,13676,2.443
5,13677,2.462
5,13678,2.505
5,13679,2.818
5,13680,2.566
5,13681,3.071
5,13682,2.363
5,13683,2.381
5,13684,2.532
5,13685,2.395
5,13686,2.733
5,13687,2.553
5,13688,2.427
5,13689,2.604
5,13690,2.319
5,13691,2.227
5,13692,2.483
5,13693,3.629
5,13694,3.049
5,13695,2.713
5,13696,2.510
5,13697,2.628
5,13698,2.535
5,13699,3.130
5,13700,2.884
5,13701,2.449
5,13702,2.358
5,13703,2.198
5,13704,2.155
5,13705,2.234
5,13706,2.396
5,13707,1.964
5,13708,2.239
5,13709,2.217
5,13710,1.863
5,13711,1.899
5,13712,2.293
5,13713,2.331
5,13714,2.699
5,13715,2.151
5,13716,2.111
5,13717,2.157
5,13718,2.333
5,13719,2.260
5,13720,2.337
5,13721,2.585
5,13722,3.243
5,13723,2.458
5,13724,2.116
5,13725,2.157
5,13726,2.346
5,13727,1.837
5,13728,1.572
5,13729,1.551
5,13730,2.049
5,13731,1.842
5,13732,1.747
5,13733,1.598
5,13734,2.301
5,13735,1.848
5,13736,1.953
5,13737,1.931
5,13738,1.727
5,13739,1.775
5,13740,1.586
5,13741,1.818
5,13742,2.137
5,13743,2.005
5,13744,1.860
5,13745,2.024
5,13746,1.774
5,13747,1.871
5,13748,2.443
5,13749,1.853
5,13750,1.640
5,13751,1.963
5,13752,2.404
5,13753,1.934
5,13754,1.533
5,13755,1.462
5,13756,1.740
5,13757,1.986
5,13758,1.831
5,13759,1.728
5,13760,2.353
5,13761,1.787
5,13762,1.705
5,13763,1.943
5,13764,1.791
5,13765,1.524
5,13766,1.460
5,13767,2.241
5,13768,2.405
5,13769,2.338
5,13770,2.318
5,13771,2.319
5,13772,2.175
5,13773,2.600
5,13774,2.209
5,13775,3.469
5,13776,2.782
5,13777,2.399
5,13778,2.183
5,13779,2.500
5,13780,2.531
5,13781,3.136
5,13782,2.848
5,13783,2.268
5,13784,2.430
5,13785,2.144
5,13786,1.845
5,13787,1.919
5,13788,2.903
5,13789,2.413
5,13790,2.369
5,13791,1.772
5,13792,1.568
5,13793,1.643
5,13794,2.249
5,13795,1.804
5,13796,1.814
5,13797,1.895
5,13798,1.885
5,13799,2.286
5,13800,1.962
5,13801,1.706
5,13802,1.556
5,13803,1.535
5,13804,2.506
5,13805,2.504
5,13806,2.294
5,13807,2.324
5,13808,2.787
5,13809,2.307
5,13810,2.832
5,13811,2.389
5,13812,2.066
5,13813,1.980
5,13814,1.801
5,13815,1.793
5,13816,2.112
5,13817,2.625
5,13818,2.415
5,13819,1.698
5,13820,1.735
5,13821,2.047
