pass,frame,ms
1,1,4.633
1,2,3.029
1,3,3.691
1,4,5.064
1,5,3.830
1,6,3.903
1,7,3.201
1,8,4.008
1,9,2.617
1,10,3.942
1,11,5.947
1,12,3.329
1,13,6.586
1,14,4.252
1,15,5.125
1,16,3.569
1,17,4.254
1,18,3.119
1,19,3.052
1,20,3.531
1,21,5.691
1,22,3.419
1,23,3.105
1,24,2.609
1,25,3.150
1,26,3.020
1,27,2.838
1,28,3.469
1,29,2.480
1,30,3.582
1,31,5.942
1,32,3.077
1,33,3.176
1,34,3.796
1,35,3.473
1,36,2.485
1,37,2.997
1,38,2.840
1,39,2.787
1,40,3.478
1,41,3.705
1,42,3.720
1,43,3.174
1,44,3.226
1,45,2.851
1,46,3.118
1,47,2.762
1,48,1.902
1,49,1.993
1,50,2.667
1,51,2.640
1,52,2.811
1,53,2.204
1,54,1.769
1,55,2.421
1,56,2.171
1,57,2.226
1,58,2.535
1,59,2.535
1,60,1.999
1,61,2.563
1,62,2.157
1,63,1.839
1,64,3.227
1,65,2.082
1,66,2.358
1,67,2.878
1,68,2.666
1,69,2.318
1,70,2.972
1,71,2.501
1,72,2.889
1,73,2.273
1,74,2.224
1,75,2.734
1,76,2.916
1,77,2.636
1,78,2.734
1,79,2.500
1,80,2.737
1,81,3.042
1,82,2.916
1,83,2.894
1,84,2.434
1,85,2.826
1,86,2.739
1,87,3.686
1,88,2.727
1,89,2.346
1,90,3.084
1,91,2.739
1,92,2.977
1,93,3.552
1,94,3.363
1,95,2.850
1,96,3.171
1,97,3.275
1,98,3.251
1,99,3.452
1,100,2.543
1,101,3.412
1,102,3.713
1,103,3.224
1,104,2.936
1,105,4.385
1,106,3.182
1,107,3.409
1,108,2.978
1,109,3.295
1,110,4.893
1,111,3.052
1,112,3.189
1,113,3.009
1,114,2.879
1,115,2.886
1,116,2.459
1,117,2.583
1,118,3.654
1,119,2.720
1,120,2.456
1,121,2.760
1,122,3.043
1,123,3.525
1,124,2.855
1,125,2.968
1,126,2.549
1,127,2.761
1,128,3.150
1,129,2.471
1,130,3.303
1,131,2.583
1,132,2.763
1,133,3.023
1,134,2.606
1,135,3.366
1,136,2.556
1,137,2.579
1,138,2.514
1,139,2.642
1,140,3.320
1,141,2.528
1,142,3.167
1,143,2.894
1,144,3.347
1,145,2.893
1,146,2.818
1,147,2.942
1,148,2.474
1,149,2.733
1,150,3.562
1,151,3.204
1,152,3.050
1,153,2.339
1,154,2.477
1,155,2.394
1,156,2.420
1,157,3.145
1,158,2.141
1,159,2.327
1,160,2.933
1,161,2.286
1,162,2.751
1,163,2.333
1,164,2.301
1,165,2.689
1,166,2.620
1,167,2.115
1,168,3.093
1,169,2.799
1,170,2.828
1,171,2.579
1,172,2.430
1,173,2.968
1,174,2.478
1,175,2.300
1,176,2.626
1,177,2.160
1,178,1.629
1,179,2.208
1,180,2.318
1,181,2.514
1,182,2.342
1,183,1.922
1,184,1.682
1,185,1.910
1,186,2.013
1,187,1.624
1,188,1.610
1,189,2.064
1,190,3.032
1,191,2.340
1,192,2.358
1,193,2.322
1,194,2.497
1,195,2.982
1,196,2.535
1,197,3.006
1,198,2.793
1,199,2.572
1,200,2.640
1,201,2.452
1,202,2.804
1,203,2.555
1,204,2.459
1,205,2.352
1,206,2.521
1,207,2.161
1,208,2.719
1,209,2.676
1,210,2.531
1,211,2.831
1,212,2.167
1,213,2.005
1,214,2.854
1,215,2.307
1,216,2.515
1,217,2.930
1,218,2.715
1,219,2.112
1,220,1.978
1,221,1.766
1,222,2.693
1,223,2.459
1,224,1.731
1,225,1.632
1,226,2.541
1,227,2.333
1,228,1.756
1,229,2.558
1,230,2.418
1,231,2.079
1,232,2.305
1,233,2.102
1,234,2.263
1,235,2.541
1,236,2.946
1,237,2.193
1,238,2.308
1,239,2.090
1,240,2.201
1,241,2.561
1,242,3.790
1,243,4.480
1,244,3.009
1,245,2.877
1,246,2.607
1,247,3.177
1,248,3.027
1,249,2.655
1,250,2.684
1,251,2.245
1,252,2.083
1,253,4.423
1,254,3.404
1,255,3.322
1,256,4.986
1,257,5.069
1,258,4.453
1,259,5.036
1,260,4.955
1,261,3.750
1,262,6.127
1,263,4.173
1,264,5.472
1,265,3.915
1,266,5.267
1,267,5.252
1,268,3.799
1,269,4.790
1,270,6.890
1,271,4.827
1,272,5.257
1,273,6.562
1,274,5.985
1,275,4.954
1,276,5.839
1,277,6.929
1,278,3.702
1,279,5.305
1,280,5.274
1,281,3.205
1,282,5.874
1,283,5.215
1,284,5.087
1,285,4.499
1,286,4.771
1,287,4.333
1,288,3.613
1,289,4.527
1,290,3.489
1,291,4.452
1,292,3.464
1,293,4.921
1,294,2.743
1,295,3.113
1,296,3.196
1,297,4.599
1,298,4.973
1,299,3.869
1,300,4.342
1,301,4.146
1,302,3.355
1,303,3.543
1,304,2.823
1,305,2.333
1,306,3.922
1,307,2.929
1,308,3.517
1,309,2.934
1,310,2.871
1,311,3.263
1,312,3.497
1,313,3.532
1,314,2.724
1,315,2.436
1,316,2.758
1,317,2.817
1,318,3.214
1,319,2.467
1,320,3.125
1,321,3.651
1,322,3.806
1,323,3.074
1,324,4.133
1,325,2.958
1,326,3.599
1,327,2.849
1,328,3.378
1,329,4.078
1,330,4.037
1,331,5.241
1,332,3.523
1,333,5.370
1,334,3.856
1,335,3.455
1,336,3.247
1,337,3.497
1,338,3.506
1,339,4.449
1,340,4.409
1,341,4.495
1,342,3.492
1,343,3.203
1,344,2.933
1,345,3.381
1,346,3.327
1,347,2.829
1,348,5.184
1,349,3.288
1,350,3.464
1,351,2.739
1,352,3.358
1,353,3.576
1,354,3.363
1,355,3.412
1,356,6.311
1,357,4.950
1,358,5.360
1,359,4.806
1,360,3.770
1,361,4.463
1,362,5.109
1,363,5.179
1,364,4.189
1,365,3.854
1,366,5.042
1,367,4.380
1,368,3.840
1,369,4.374
1,370,3.497
1,371,3.430
1,372,3.319
1,373,3.287
1,374,3.446
1,375,3.449
1,376,4.208
1,377,3.951
1,378,3.653
1,379,4.327
1,380,4.696
1,381,4.244
1,382,4.198
1,383,3.210
1,384,3.684
1,385,3.374
1,386,4.183
1,387,3.009
1,388,3.297
1,389,3.158
1,390,3.299
1,391,3.239
1,392,6.074
1,393,2.863
1,394,5.534
1,395,4.014
1,396,3.147
1,397,4.316
1,398,3.848
1,399,3.981
1,400,3.919
1,401,4.141
1,402,5.036
1,403,3.963
1,404,4.061
1,405,5.720
1,406,5.605
1,407,4.286
1,408,4.033
1,409,4.751
1,410,3.669
1,411,3.987
1,412,4.110
1,413,4.732
1,414,3.598
1,415,3.975
1,416,4.319
1,417,3.723
1,418,4.645
1,419,3.057
1,420,4.428
1,421,4.319
1,422,3.750
1,423,4.044
1,424,3.543
1,425,3.416
1,426,3.288
1,427,3.185
1,428,3.341
1,429,5.613
1,430,3.644
1,431,3.887
1,432,3.286
1,433,4.749
1,434,4.663
1,435,3.766
1,436,5.166
1,437,4.841
1,438,4.800
1,439,4.757
1,440,3.778
1,441,5.078
1,442,5.531
1,443,5.472
1,444,3.736
1,445,5.393
1,446,5.981
1,447,5.000
1,448,4.521
1,449,6.673
1,450,5.371
1,451,6.025
1,452,5.334
1,453,3.283
1,454,5.691
1,455,5.126
1,456,4.376
1,457,6.786
1,458,4.614
1,459,4.407
1,460,4.386
1,461,3.815
1,462,5.215
1,463,2.937
1,464,3.385
1,465,4.354
1,466,3.066
1,467,2.877
1,468,2.575
1,469,3.031
1,470,2.986
1,471,3.888
1,472,2.920
1,473,3.667
1,474,3.562
1,475,3.273
1,476,2.898
1,477,3.064
1,478,2.672
1,479,2.929
1,480,3.415
1,481,2.918
1,482,3.446
1,483,2.857
1,484,4.323
1,485,3.182
1,486,3.470
1,487,4.166
1,488,3.323
1,489,3.939
1,490,2.833
1,491,3.016
1,492,3.782
1,493,2.639
1,494,4.630
1,495,3.681
1,496,3.399
1,497,3.158
1,498,3.488
1,499,3.079
1,500,3.101
1,501,2.913
1,502,3.096
1,503,3.532
1,504,4.817
1,505,2.771
1,506,3.156
1,507,2.851
1,508,3.141
1,509,2.736
1,510,3.112
1,511,3.083
1,512,2.761
1,513,3.706
1,514,2.931
1,515,2.646
1,516,2.614
1,517,2.794
1,518,2.513
1,519,2.418
1,520,2.574
1,521,3.281
1,522,2.459
1,523,2.735
1,524,2.603
1,525,3.105
1,526,2.803
1,527,2.631
1,528,3.729
1,529,2.413
1,530,2.925
1,531,3.009
1,532,2.738
1,533,3.006
1,534,2.246
1,535,2.760
1,536,3.118
1,537,3.427
1,538,2.861
1,539,3.584
1,540,3.252
1,541,3.438
1,542,2.651
1,543,2.896
1,544,3.863
1,545,3.335
1,546,3.248
1,547,3.125
1,548,4.210
1,549,3.065
1,550,4.581
1,551,2.828
1,552,3.175
1,553,3.336
1,554,3.399
1,555,3.837
1,556,3.454
1,557,2.572
1,558,3.019
1,559,2.866
1,560,2.953
1,561,3.146
1,562,2.528
1,563,3.133
1,564,2.464
1,565,3.452
1,566,3.796
1,567,3.308
1,568,3.193
1,569,3.777
1,570,3.060
1,571,4.057
1,572,3.740
1,573,2.743
1,574,3.872
1,575,3.327
1,576,3.035
1,577,2.981
1,578,3.606
1,579,3.309
1,580,3.619
1,581,3.032
1,582,2.822
1,583,2.457
1,584,4.041
1,585,3.096
1,586,3.467
1,587,3.552
1,588,3.400
1,589,3.534
1,590,4.210
1,591,2.895
1,592,3.627
1,593,2.567
1,594,3.380
1,595,2.670
1,596,2.964
1,597,2.885
1,598,2.764
1,599,4.912
1,600,3.516
1,601,2.623
1,602,2.652
1,603,2.826
1,604,2.974
1,605,2.624
1,606,3.023
1,607,2.304
1,608,2.503
1,609,2.667
1,610,2.667
1,611,4.174
1,612,2.650
1,613,2.872
1,614,2.236
1,615,2.657
1,616,4.274
1,617,3.356
1,618,2.761
1,619,2.383
1,620,2.737
1,621,2.341
1,622,1.909
1,623,2.380
1,624,2.266
1,625,2.148
1,626,2.125
1,627,2.690
1,628,2.442
1,629,2.138
1,630,1.937
1,631,1.814
1,632,2.354
1,633,2.969
1,634,2.168
1,635,3.144
1,636,2.437
1,637,2.523
1,638,3.173
1,639,2.171
1,640,3.136
1,641,2.403
1,642,2.022
1,643,2.251
1,644,2.420
1,645,1.980
1,646,1.957
1,647,2.598
1,648,2.650
1,649,2.766
1,650,2.270
1,651,2.083
1,652,2.636
1,653,2.866
1,654,2.577
1,655,2.924
1,656,2.202
1,657,2.575
1,658,2.154
1,659,1.911
1,660,2.551
1,661,2.862
1,662,2.946
1,663,3.169
1,664,2.480
1,665,2.468
1,666,3.585
1,667,3.272
1,668,3.217
1,669,3.996
1,670,4.693
1,671,3.989
1,672,3.098
1,673,4.549
1,674,3.149
1,675,3.773
1,676,2.643
1,677,2.576
1,678,2.632
1,679,3.845
1,680,2.821
1,681,2.925
1,682,2.791
1,683,2.437
1,684,2.482
1,685,4.159
1,686,2.737
1,687,2.653
1,688,2.222
1,689,2.387
1,690,2.756
1,691,2.886
1,692,2.650
1,693,2.470
1,694,2.356
1,695,2.582
1,696,2.195
1,697,2.801
1,698,2.928
1,699,2.888
1,700,2.766
1,701,2.399
1,702,2.304
1,703,2.647
1,704,2.997
1,705,3.966
1,706,2.786
1,707,3.280
1,708,3.672
1,709,8.431
1,710,3.077
1,711,2.566
1,712,4.243
1,713,2.682
1,714,3.015
1,715,3.721
1,716,3.826
1,717,2.915
1,718,3.498
1,719,3.279
1,720,3.058
1,721,3.890
1,722,5.585
1,723,3.066
1,724,3.126
1,725,2.667
1,726,2.701
1,727,3.617
1,728,2.338
1,729,2.562
1,730,2.212
1,731,2.910
1,732,2.459
1,733,2.010
1,734,2.837
1,735,2.569
1,736,2.141
1,737,3.055
1,738,2.479
1,739,2.590
1,740,2.506
1,741,2.292
1,742,2.301
1,743,2.828
1,744,2.510
1,745,2.454
1,746,2.612
1,747,2.282
1,748,3.138
1,749,3.199
1,750,23.136
1,751,3.188
1,752,2.441
1,753,2.969
1,754,3.181
1,755,2.891
1,756,2.270
1,757,2.892
1,758,2.352
1,759,2.670
1,760,2.550
1,761,2.353
1,762,2.093
1,763,2.323
1,764,2.745
1,765,2.912
1,766,2.865
1,767,2.493
1,768,2.732
1,769,4.301
1,770,5.664
1,771,4.761
1,772,3.931
1,773,4.680
1,774,4.703
1,775,4.096
1,776,3.659
1,777,5.353
1,778,4.442
1,779,3.821
1,780,4.531
1,781,3.999
1,782,4.456
1,783,4.212
1,784,5.890
1,785,3.861
1,786,4.575
1,787,3.704
1,788,3.276
1,789,3.804
1,790,3.872
1,791,4.266
1,792,3.361
1,793,2.958
1,794,2.685
1,795,3.026
1,796,4.311
1,797,5.516
1,798,5.022
1,799,4.854
1,800,3.854
1,801,3.734
1,802,4.263
1,803,3.712
1,804,2.542
1,805,4.183
1,806,2.849
1,807,1.978
1,808,2.927
1,809,2.443
1,810,2.232
1,811,2.506
1,812,2.281
1,813,2.553
1,814,2.299
1,815,3.212
1,816,3.295
1,817,2.755
1,818,3.040
1,819,3.434
1,820,2.988
1,821,2.660
1,822,2.408
1,823,3.008
1,824,3.736
1,825,3.633
1,826,2.580
1,827,1.909
1,828,2.225
1,829,1.920
1,830,2.022
1,831,2.476
1,832,2.898
1,833,2.552
1,834,2.930
1,835,2.348
1,836,2.326
1,837,2.529
1,838,2.670
1,839,2.995
1,840,2.166
1,841,2.090
1,842,2.381
1,843,2.519
1,844,3.052
1,845,3.648
1,846,2.865
1,847,2.595
1,848,2.237
1,849,2.834
1,850,3.408
1,851,2.154
1,852,2.816
1,853,2.668
1,854,1.961
1,855,2.429
1,856,2.270
1,857,2.440
1,858,2.656
1,859,2.442
1,860,3.874
1,861,2.594
1,862,2.662
1,863,2.355
1,864,2.107
1,865,2.194
1,866,2.182
1,867,2.195
1,868,2.054
1,869,2.446
1,870,2.082
1,871,1.783
1,872,2.243
1,873,2.315
1,874,2.283
1,875,3.348
1,876,2.649
1,877,2.385
1,878,2.953
1,879,2.067
1,880,1.934
1,881,2.205
1,882,2.567
1,883,2.716
1,884,2.109
1,885,1.961
1,886,2.222
1,887,2.586
1,888,2.000
1,889,2.224
1,890,3.050
1,891,2.077
1,892,1.939
1,893,2.664
1,894,2.013
1,895,2.303
1,896,2.848
1,897,2.707
1,898,2.239
1,899,2.706
1,900,2.426
1,901,2.465
1,902,2.553
1,903,2.326
1,904,3.730
1,905,1.952
1,906,2.035
1,907,2.519
1,908,2.369
1,909,2.728
1,910,2.145
1,911,2.720
1,912,2.138
1,913,2.300
1,914,2.094
1,915,3.048
1,916,2.410
1,917,2.104
1,918,2.731
1,919,2.380
1,920,2.479
1,921,2.936
1,922,2.487
1,923,2.646
1,924,2.916
1,925,2.982
1,926,3.244
1,927,2.463
1,928,2.582
1,929,2.364
1,930,2.348
1,931,2.744
1,932,3.722
1,933,3.355
1,934,2.417
1,935,1.951
1,936,2.421
1,937,2.257
1,938,2.344
1,939,4.302
1,940,3.015
1,941,3.280
1,942,3.069
1,943,2.682
1,944,2.757
1,945,2.963
1,946,2.169
1,947,2.024
1,948,2.191
1,949,2.345
1,950,2.008
1,951,2.972
1,952,3.174
1,953,2.412
1,954,3.491
1,955,3.303
1,956,3.380
1,957,2.595
1,958,3.114
1,959,2.496
1,960,2.790
1,961,3.067
1,962,2.957
1,963,3.189
1,964,3.260
1,965,4.348
1,966,2.898
1,967,2.604
1,968,2.533
1,969,2.450
1,970,2.703
1,971,2.177
1,972,2.195
1,973,2.958
1,974,2.652
1,975,2.237
1,976,2.681
1,977,2.786
1,978,2.943
1,979,3.282
1,980,2.701
1,981,2.674
1,982,2.339
1,983,2.910
1,984,2.630
1,985,2.346
1,986,3.063
1,987,2.359
1,988,2.220
1,989,2.773
1,990,2.828
1,991,2.373
1,992,2.657
1,993,1.956
1,994,1.782
1,995,3.633
1,996,2.859
1,997,2.976
1,998,1.975
1,999,1.875
1,1000,2.330
1,1001,1.950
1,1002,1.609
1,1003,2.462
1,1004,3.070
1,1005,1.997
1,1006,2.233
1,1007,2.113
1,1008,1.747
1,1009,2.070
1,1010,2.604
1,1011,1.845
1,1012,1.725
1,1013,2.357
1,1014,3.033
1,1015,2.175
1,1016,2.501
1,1017,2.644
1,1018,2.649
1,1019,2.610
1,1020,2.275
1,1021,3.166
1,1022,2.846
1,1023,2.923
1,1024,2.654
1,1025,2.433
1,1026,3.085
1,1027,2.854
1,1028,3.934
1,1029,2.702
1,1030,3.550
1,1031,3.655
1,1032,3.840
1,1033,2.224
1,1034,1.966
1,1035,2.735
1,1036,2.596
1,1037,2.052
1,1038,2.444
1,1039,3.708
1,1040,3.351
1,1041,2.276
1,1042,1.941
1,1043,2.421
1,1044,2.183
1,1045,2.052
1,1046,2.555
1,1047,1.935
1,1048,1.576
1,1049,1.567
1,1050,1.912
1,1051,1.769
1,1052,2.060
1,1053,2.768
1,1054,2.270
1,1055,1.801
1,1056,2.053
1,1057,2.504
1,1058,2.074
1,1059,1.784
1,1060,2.403
1,1061,3.521
1,1062,2.544
1,1063,2.283
1,1064,1.694
1,1065,1.977
1,1066,2.611
1,1067,2.605
1,1068,2.922
1,1069,2.002
1,1070,1.820
1,1071,2.841
1,1072,2.219
1,1073,1.999
1,1074,2.787
1,1075,3.455
1,1076,3.343
1,1077,5.676
1,1078,3.501
1,1079,3.324
1,1080,2.927
1,1081,2.732
1,1082,2.821
1,1083,2.480
1,1084,2.780
1,1085,2.542
1,1086,2.143
1,1087,2.332
1,1088,2.481
1,1089,2.907
1,1090,3.127
1,1091,2.337
1,1092,2.144
1,1093,2.544
1,1094,2.062
1,1095,1.949
1,1096,2.910
1,1097,2.152
1,1098,1.595
1,1099,1.773
1,1100,2.145
1,1101,1.805
1,1102,1.521
1,1103,1.765
1,1104,1.945
1,1105,2.588
1,1106,2.016
1,1107,2.002
1,1108,1.731
1,1109,1.594
1,1110,2.014
1,1111,2.221
1,1112,1.679
1,1113,1.519
1,1114,3.017
1,1115,2.192
1,1116,1.973
1,1117,2.146
1,1118,2.016
1,1119,1.840
1,1120,1.918
1,1121,2.796
1,1122,2.329
1,1123,1.853
1,1124,2.147
1,1125,1.885
1,1126,1.528
1,1127,1.849
1,1128,2.012
1,1129,2.488
1,1130,3.112
1,1131,2.575
1,1132,1.897
1,1133,2.293
1,1134,2.334
1,1135,1.648
1,1136,2.275
1,1137,2.188
1,1138,2.058
1,1139,2.678
1,1140,2.462
1,1141,2.220
1,1142,3.321
1,1143,2.628
1,1144,1.687
1,1145,1.681
1,1146,2.482
1,1147,2.003
1,1148,1.757
1,1149,1.905
1,1150,2.295
1,1151,1.893
1,1152,2.464
1,1153,1.930
1,1154,2.332
1,1155,1.864
1,1156,2.035
1,1157,1.742
1,1158,1.943
1,1159,2.323
1,1160,1.871
1,1161,1.861
1,1162,2.145
1,1163,2.403
1,1164,1.634
1,1165,1.401
1,1166,2.350
1,1167,2.091
1,1168,1.874
1,1169,1.735
1,1170,1.872
1,1171,1.949
1,1172,2.581
1,1173,3.234
1,1174,2.392
1,1175,2.146
1,1176,2.434
1,1177,1.794
1,1178,1.578
1,1179,1.921
1,1180,1.949
1,1181,2.321
1,1182,2.142
1,1183,2.046
1,1184,1.778
1,1185,1.649
1,1186,2.725
1,1187,2.101
1,1188,2.533
1,1189,2.897
1,1190,2.163
1,1191,2.186
1,1192,2.512
1,1193,2.038
1,1194,1.841
1,1195,2.443
1,1196,2.405
1,1197,1.663
1,1198,2.081
1,1199,2.218
1,1200,1.719
1,1201,1.612
1,1202,2.254
1,1203,2.246
1,1204,2.172
1,1205,2.696
1,1206,2.915
1,1207,2.321
1,1208,3.176
1,1209,2.346
1,1210,2.720
1,1211,2.023
1,1212,2.964
1,1213,2.916
1,1214,2.125
1,1215,2.579
1,1216,2.467
1,1217,1.955
1,1218,1.921
1,1219,3.118
1,1220,2.096
1,1221,2.097
1,1222,2.651
1,1223,2.496
1,1224,2.960
1,1225,2.460
1,1226,3.091
1,1227,3.105
1,1228,2.907
1,1229,3.103
1,1230,2.872
1,1231,2.191
1,1232,2.969
1,1233,2.114
1,1234,2.763
1,1235,2.565
1,1236,1.682
1,1237,1.642
1,1238,1.678
1,1239,1.571
1,1240,2.002
1,1241,2.417
1,1242,2.691
1,1243,1.908
1,1244,2.629
1,1245,2.683
1,1246,2.049
1,1247,2.551
1,1248,3.033
1,1249,2.512
1,1250,2.338
1,1251,1.801
1,1252,1.615
1,1253,2.032
1,1254,2.136
1,1255,2.765
1,1256,2.971
1,1257,2.304
1,1258,1.981
1,1259,3.189
1,1260,2.225
1,1261,2.909
1,1262,3.164
1,1263,2.452
1,1264,2.473
1,1265,2.465
1,1266,1.978
1,1267,2.361
1,1268,2.022
1,1269,1.972
1,1270,2.284
1,1271,2.284
1,1272,1.601
1,1273,1.433
1,1274,2.234
1,1275,2.656
1,1276,2.266
1,1277,2.423
1,1278,2.065
1,1279,2.670
1,1280,2.181
1,1281,1.760
1,1282,2.429
1,1283,2.809
1,1284,1.874
1,1285,1.513
1,1286,1.630
1,1287,2.444
1,1288,1.842
1,1289,1.602
1,1290,2.874
1,1291,2.415
1,1292,1.768
1,1293,2.516
1,1294,2.234
1,1295,1.835
1,1296,1.673
1,1297,1.627
1,1298,1.920
1,1299,2.462
1,1300,2.244
1,1301,1.794
1,1302,1.565
1,1303,1.890
1,1304,2.587
1,1305,1.628
1,1306,1.732
1,1307,1.979
1,1308,1.963
1,1309,1.681
1,1310,1.425
1,1311,1.707
1,1312,1.704
1,1313,1.940
1,1314,2.494
1,1315,2.547
1,1316,2.280
1,1317,2.408
1,1318,2.989
1,1319,2.201
1,1320,2.000
1,1321,3.576
1,1322,2.519
1,1323,2.733
1,1324,2.056
1,1325,1.726
1,1326,2.201
1,1327,1.828
1,1328,1.605
1,1329,2.678
1,1330,1.956
1,1331,1.798
1,1332,1.628
1,1333,1.824
1,1334,1.978
1,1335,1.629
1,1336,1.452
1,1337,2.234
1,1338,2.440
1,1339,1.820
1,1340,2.070
1,1341,2.693
1,1342,2.317
1,1343,2.073
1,1344,2.349
1,1345,2.746
1,1346,2.899
1,1347,2.405
1,1348,2.013
1,1349,2.966
1,1350,2.684
1,1351,2.098
1,1352,2.886
1,1353,2.359
1,1354,2.063
1,1355,2.458
1,1356,2.077
1,1357,2.092
1,1358,2.420
1,1359,1.881
1,1360,1.548
1,1361,2.493
1,1362,1.936
1,1363,2.060
1,1364,2.750
1,1365,2.093
1,1366,1.818
1,1367,1.904
1,1368,2.790
1,1369,2.507
1,1370,1.937
1,1371,2.438
1,1372,2.053
1,1373,1.639
1,1374,1.896
1,1375,1.752
1,1376,1.585
1,1377,1.805
1,1378,2.715
1,1379,2.559
1,1380,2.225
1,1381,2.894
1,1382,2.962
1,1383,2.619
1,1384,2.495
1,1385,3.324
1,1386,2.512
1,1387,2.287
1,1388,2.662
1,1389,2.553
1,1390,2.643
1,1391,2.488
1,1392,2.723
1,1393,2.022
1,1394,2.450
1,1395,1.815
1,1396,1.508
1,1397,2.017
1,1398,3.422
1,1399,3.428
1,1400,2.739
1,1401,1.939
1,1402,1.923
1,1403,2.690
1,1404,2.300
1,1405,2.913
1,1406,2.456
1,1407,2.212
1,1408,2.781
1,1409,3.188
1,1410,3.740
1,1411,2.184
1,1412,1.984
1,1413,2.210
1,1414,2.245
1,1415,2.013
1,1416,2.287
1,1417,2.950
1,1418,2.703
1,1419,2.538
1,1420,1.877
1,1421,1.728
1,1422,2.388
1,1423,2.983
1,1424,1.889
1,1425,2.312
1,1426,2.412
1,1427,2.110
1,1428,2.125
1,1429,2.656
1,1430,2.522
1,1431,2.630
1,1432,2.506
1,1433,2.022
1,1434,2.440
1,1435,1.826
1,1436,3.571
1,1437,3.593
1,1438,3.345
1,1439,2.330
1,1440,1.741
1,1441,1.595
1,1442,3.247
1,1443,2.194
1,1444,2.454
1,1445,2.437
1,1446,2.262
1,1447,2.391
1,1448,3.327
1,1449,2.793
1,1450,3.164
1,1451,2.451
1,1452,2.099
1,1453,2.819
1,1454,2.662
1,1455,2.591
1,1456,2.227
1,1457,2.315
1,1458,2.629
1,1459,2.141
1,1460,2.521
1,1461,3.924
1,1462,2.823
1,1463,2.929
1,1464,3.102
1,1465,3.447
1,1466,2.559
1,1467,2.362
1,1468,3.589
1,1469,2.870
1,1470,3.206
1,1471,2.460
1,1472,2.270
1,1473,2.627
1,1474,2.272
1,1475,2.791
1,1476,2.781
1,1477,2.742
1,1478,3.630
1,1479,3.204
1,1480,3.193
1,1481,2.727
1,1482,4.125
1,1483,5.919
1,1484,4.890
1,1485,3.580
1,1486,3.015
1,1487,2.949
1,1488,2.818
1,1489,2.638
1,1490,3.042
1,1491,2.681
1,1492,2.694
1,1493,2.549
1,1494,2.377
1,1495,2.549
1,1496,2.383
1,1497,2.749
1,1498,2.532
1,1499,2.184
1,1500,3.166
1,1501,2.804
1,1502,5.001
1,1503,2.657
1,1504,2.839
1,1505,3.178
1,1506,2.933
1,1507,3.120
1,1508,2.456
1,1509,2.544
1,1510,2.411
1,1511,2.335
1,1512,2.575
1,1513,2.977
1,1514,2.790
1,1515,2.926
1,1516,2.540
1,1517,3.016
1,1518,2.429
1,1519,3.862
1,1520,3.040
1,1521,3.945
1,1522,2.583
1,1523,2.209
1,1524,3.106
1,1525,2.678
1,1526,2.661
1,1527,2.401
1,1528,2.064
1,1529,2.592
1,1530,3.279
1,1531,2.118
1,1532,3.892
1,1533,2.946
1,1534,2.572
1,1535,2.969
1,1536,2.747
1,1537,2.857
1,1538,2.948
1,1539,3.063
1,1540,2.318
1,1541,2.468
1,1542,2.670
1,1543,2.033
1,1544,2.299
1,1545,2.623
1,1546,2.090
1,1547,3.168
1,1548,2.760
1,1549,1.987
1,1550,2.187
1,1551,2.657
1,1552,2.920
1,1553,2.460
1,1554,1.932
1,1555,1.694
1,1556,2.840
1,1557,2.662
1,1558,1.614
1,1559,1.989
1,1560,2.498
1,1561,2.379
1,1562,2.177
1,1563,1.803
1,1564,1.620
1,1565,1.871
1,1566,2.325
1,1567,1.753
1,1568,1.761
1,1569,2.718
1,1570,2.620
1,1571,1.946
1,1572,1.947
1,1573,1.988
1,1574,1.836
1,1575,2.183
1,1576,2.614
1,1577,2.017
1,1578,1.521
1,1579,1.776
1,1580,2.088
1,1581,2.712
1,1582,2.967
1,1583,2.784
1,1584,2.253
1,1585,3.585
1,1586,2.027
1,1587,2.314
1,1588,3.165
1,1589,3.154
1,1590,2.440
1,1591,2.089
1,1592,2.395
1,1593,2.091
1,1594,1.900
1,1595,1.845
1,1596,2.724
1,1597,2.189
1,1598,1.623
1,1599,1.954
1,1600,2.552
1,1601,2.222
1,1602,2.118
1,1603,2.310
1,1604,2.811
1,1605,2.719
1,1606,2.530
1,1607,2.797
1,1608,2.571
1,1609,2.815
1,1610,2.850
1,1611,2.544
1,1612,2.532
1,1613,3.339
1,1614,2.597
1,1615,2.712
1,1616,2.791
1,1617,2.029
1,1618,2.079
1,1619,2.036
1,1620,2.209
1,1621,2.897
1,1622,2.592
1,1623,1.702
1,1624,2.444
1,1625,2.519
1,1626,2.093
1,1627,2.078
1,1628,2.265
1,1629,2.520
1,1630,2.745
1,1631,5.675
1,1632,2.189
1,1633,1.562
1,1634,1.505
1,1635,2.225
1,1636,2.748
1,1637,2.607
1,1638,3.194
1,1639,2.198
1,1640,1.878
1,1641,3.186
1,1642,2.778
1,1643,2.363
1,1644,2.535
1,1645,1.841
1,1646,1.824
1,1647,2.113
1,1648,2.146
1,1649,2.255
1,1650,2.345
1,1651,1.933
1,1652,2.406
1,1653,2.570
1,1654,2.107
1,1655,1.807
1,1656,3.069
1,1657,2.701
1,1658,2.611
1,1659,2.723
1,1660,2.163
1,1661,2.275
1,1662,3.328
1,1663,2.421
1,1664,2.051
1,1665,1.967
1,1666,2.188
1,1667,1.820
1,1668,2.523
1,1669,2.311
1,1670,1.915
1,1671,2.344
1,1672,1.891
1,1673,2.787
1,1674,2.481
1,1675,1.861
1,1676,2.637
1,1677,2.823
1,1678,2.900
1,1679,3.305
1,1680,3.045
1,1681,2.892
1,1682,2.894
1,1683,2.160
1,1684,2.497
1,1685,2.387
1,1686,2.057
1,1687,2.095
1,1688,2.518
1,1689,1.993
1,1690,3.032
1,1691,2.911
1,1692,2.807
1,1693,3.096
1,1694,2.648
1,1695,3.553
1,1696,2.076
1,1697,2.393
1,1698,2.873
1,1699,1.925
1,1700,2.190
1,1701,2.189
1,1702,2.570
1,1703,1.898
1,1704,1.985
1,1705,1.711
1,1706,1.676
1,1707,3.234
1,1708,2.856
1,1709,2.744
1,1710,3.486
1,1711,2.450
1,1712,2.818
1,1713,2.663
1,1714,2.767
1,1715,2.600
1,1716,3.043
1,1717,2.500
1,1718,2.196
1,1719,1.988
1,1720,3.127
1,1721,2.245
1,1722,2.431
1,1723,2.609
1,1724,1.821
1,1725,1.957
1,1726,2.847
1,1727,1.856
1,1728,1.499
1,1729,1.963
1,1730,2.487
1,1731,2.607
1,1732,2.435
1,1733,2.536
1,1734,1.813
1,1735,2.487
1,1736,2.257
1,1737,2.118
1,1738,2.301
1,1739,2.615
1,1740,2.085
1,1741,2.195
1,1742,2.017
1,1743,1.667
1,1744,1.756
1,1745,2.070
1,1746,2.164
1,1747,1.680
1,1748,2.987
1,1749,2.317
1,1750,1.581
1,1751,1.845
1,1752,3.099
1,1753,2.005
1,1754,2.471
1,1755,2.687
1,1756,1.975
1,1757,1.917
1,1758,2.205
1,1759,1.599
1,1760,1.464
1,1761,1.951
1,1762,2.579
1,1763,2.606
1,1764,2.517
1,1765,2.259
1,1766,1.722
1,1767,4.049
1,1768,2.671
1,1769,2.915
1,1770,2.510
1,1771,2.159
1,1772,2.735
1,1773,2.085
1,1774,2.051
1,1775,2.831
1,1776,2.164
1,1777,1.918
1,1778,3.172
1,1779,2.706
1,1780,1.978
1,1781,3.172
1,1782,2.837
1,1783,2.998
1,1784,2.541
1,1785,2.054
1,1786,2.572
1,1787,2.287
1,1788,2.683
1,1789,2.264
1,1790,1.885
1,1791,1.818
1,1792,2.442
1,1793,1.951
1,1794,1.991
1,1795,2.246
1,1796,2.109
1,1797,1.650
1,1798,1.407
1,1799,2.332
1,1800,1.860
1,1801,1.805
1,1802,1.816
1,1803,3.030
1,1804,1.699
1,1805,1.654
1,1806,2.896
1,1807,2.059
1,1808,1.667
1,1809,2.880
1,1810,2.689
1,1811,3.091
1,1812,2.576
1,1813,1.799
1,1814,2.311
1,1815,2.283
1,1816,2.261
1,1817,2.544
1,1818,2.575
1,1819,1.729
1,1820,1.603
1,1821,1.957
1,1822,1.997
1,1823,2.294
1,1824,3.206
1,1825,2.135
1,1826,2.362
1,1827,2.872
1,1828,3.051
1,1829,2.657
1,1830,3.506
1,1831,3.054
1,1832,3.692
1,1833,3.137
1,1834,3.753
1,1835,2.710
1,1836,2.714
1,1837,2.343
1,1838,3.434
1,1839,2.858
1,1840,3.323
1,1841,2.991
1,1842,2.764
1,1843,3.215
1,1844,2.755
1,1845,3.301
1,1846,3.149
1,1847,3.006
1,1848,3.359
1,1849,3.212
1,1850,3.821
1,1851,2.401
1,1852,2.464
1,1853,2.348
1,1854,2.699
1,1855,2.791
1,1856,2.999
1,1857,4.205
1,1858,3.061
1,1859,4.862
1,1860,4.648
1,1861,4.645
1,1862,5.271
1,1863,5.536
1,1864,4.647
1,1865,4.522
1,1866,4.847
1,1867,4.323
1,1868,3.238
1,1869,3.877
1,1870,3.569
1,1871,3.814
1,1872,3.119
1,1873,6.207
1,1874,7.490
1,1875,3.135
1,1876,2.782
1,1877,3.308
1,1878,3.422
1,1879,3.555
1,1880,2.983
1,1881,3.554
1,1882,3.390
1,1883,3.902
1,1884,3.218
1,1885,2.609
1,1886,2.741
1,1887,2.981
1,1888,4.042
1,1889,3.554
1,1890,3.617
1,1891,4.032
1,1892,4.244
1,1893,3.266
1,1894,3.311
1,1895,4.441
1,1896,3.586
1,1897,3.594
1,1898,3.315
1,1899,3.575
1,1900,2.948
1,1901,3.013
1,1902,2.984
1,1903,2.241
1,1904,3.027
1,1905,2.546
1,1906,3.260
1,1907,2.540
1,1908,2.263
1,1909,2.284
1,1910,2.224
1,1911,2.048
1,1912,2.503
1,1913,3.777
1,1914,2.082
1,1915,2.704
1,1916,2.736
1,1917,2.686
1,1918,3.327
1,1919,3.566
1,1920,2.770
1,1921,2.156
1,1922,2.379
1,1923,2.370
1,1924,2.329
1,1925,2.638
1,1926,2.513
1,1927,2.134
1,1928,2.589
1,1929,2.285
1,1930,2.066
1,1931,3.158
1,1932,3.164
1,1933,2.902
1,1934,2.329
1,1935,2.529
1,1936,3.064
1,1937,3.110
1,1938,2.863
1,1939,3.150
1,1940,1.959
1,1941,2.675
1,1942,2.907
1,1943,2.930
1,1944,2.530
1,1945,2.099
1,1946,2.447
1,1947,2.010
1,1948,2.462
1,1949,2.649
1,1950,2.211
1,1951,2.004
1,1952,1.885
1,1953,1.992
1,1954,2.123
1,1955,2.302
1,1956,2.402
1,1957,1.882
1,1958,1.900
1,1959,2.245
1,1960,2.211
1,1961,2.157
1,1962,2.545
1,1963,2.516
1,1964,2.263
1,1965,3.064
1,1966,2.608
1,1967,2.698
1,1968,3.089
1,1969,3.548
1,1970,2.548
1,1971,2.449
1,1972,2.339
1,1973,2.348
1,1974,2.414
1,1975,2.724
1,1976,2.978
1,1977,2.321
1,1978,3.440
1,1979,2.765
1,1980,3.649
1,1981,2.770
1,1982,3.061
1,1983,2.542
1,1984,2.433
1,1985,2.641
1,1986,2.770
1,1987,3.366
1,1988,3.423
1,1989,3.069
1,1990,3.136
1,1991,3.978
1,1992,3.384
1,1993,3.225
1,1994,3.230
1,1995,3.114
1,1996,4.363
1,1997,3.688
1,1998,3.136
1,1999,2.454
1,2000,2.955
1,2001,2.608
1,2002,2.868
1,2003,2.872
1,2004,2.823
1,2005,2.599
1,2006,2.568
1,2007,2.568
1,2008,2.701
1,2009,2.751
1,2010,2.961
1,2011,2.756
1,2012,2.928
1,2013,3.025
1,2014,2.724
1,2015,3.100
1,2016,3.683
1,2017,3.481
1,2018,3.054
1,2019,4.659
1,2020,6.122
1,2021,3.945
1,2022,2.989
1,2023,2.931
1,2024,3.019
1,2025,2.537
1,2026,4.249
1,2027,3.685
1,2028,4.061
1,2029,3.098
1,2030,3.557
1,2031,2.683
1,2032,3.704
1,2033,2.877
1,2034,3.910
1,2035,4.025
1,2036,3.591
1,2037,3.022
1,2038,4.252
1,2039,2.606
1,2040,3.405
1,2041,2.810
1,2042,3.267
1,2043,3.258
1,2044,3.429
1,2045,2.812
1,2046,2.571
1,2047,3.145
1,2048,2.665
1,2049,3.117
1,2050,4.232
1,2051,3.764
1,2052,3.371
1,2053,3.255
1,2054,3.074
1,2055,2.764
1,2056,2.830
1,2057,2.796
1,2058,4.053
1,2059,3.493
1,2060,3.585
1,2061,3.580
1,2062,3.026
1,2063,3.021
1,2064,3.707
1,2065,3.527
1,2066,2.812
1,2067,2.665
1,2068,3.397
1,2069,3.259
1,2070,3.446
1,2071,2.579
1,2072,2.230
1,2073,2.892
1,2074,2.275
1,2075,3.342
1,2076,3.533
1,2077,2.879
1,2078,2.432
1,2079,2.321
1,2080,2.798
1,2081,2.719
1,2082,3.722
1,2083,3.464
1,2084,2.353
1,2085,2.799
1,2086,3.627
1,2087,2.825
1,2088,2.727
1,2089,3.358
1,2090,3.340
1,2091,2.784
1,2092,3.084
1,2093,2.546
1,2094,2.728
1,2095,2.583
1,2096,3.129
1,2097,2.751
1,2098,2.339
1,2099,2.656
1,2100,2.627
1,2101,2.232
1,2102,2.415
1,2103,2.870
1,2104,2.410
1,2105,3.184
1,2106,2.152
1,2107,2.108
1,2108,2.824
1,2109,3.497
1,2110,2.540
1,2111,2.305
1,2112,2.177
1,2113,2.323
1,2114,2.026
1,2115,2.559
1,2116,3.036
1,2117,1.826
1,2118,1.777
1,2119,2.512
1,2120,2.508
1,2121,2.184
1,2122,2.715
1,2123,2.371
1,2124,2.532
1,2125,2.333
1,2126,1.713
1,2127,1.540
1,2128,1.745
1,2129,2.107
1,2130,2.741
1,2131,1.983
1,2132,3.041
1,2133,2.083
1,2134,2.333
1,2135,2.140
1,2136,1.836
1,2137,2.889
1,2138,2.403
1,2139,2.783
1,2140,2.422
1,2141,2.182
1,2142,2.074
1,2143,2.457
1,2144,2.511
1,2145,1.935
1,2146,2.448
1,2147,2.502
1,2148,1.732
1,2149,1.842
1,2150,2.554
1,2151,2.396
1,2152,2.470
1,2153,2.351
1,2154,2.201
1,2155,2.701
1,2156,2.216
1,2157,2.460
1,2158,3.090
1,2159,2.520
1,2160,1.956
1,2161,3.280
1,2162,2.899
1,2163,3.063
1,2164,2.305
1,2165,1.822
1,2166,2.023
1,2167,2.308
1,2168,2.113
1,2169,2.968
1,2170,2.747
1,2171,2.925
1,2172,2.715
1,2173,2.079
1,2174,2.420
1,2175,2.927
1,2176,2.102
1,2177,3.093
1,2178,2.478
1,2179,2.243
1,2180,2.435
1,2181,2.731
1,2182,2.795
1,2183,2.508
1,2184,2.473
1,2185,2.444
1,2186,2.612
1,2187,3.666
1,2188,2.698
1,2189,1.902
1,2190,2.249
1,2191,3.185
1,2192,2.360
1,2193,2.963
1,2194,2.471
1,2195,2.034
1,2196,2.159
1,2197,2.021
1,2198,2.578
1,2199,2.546
1,2200,2.427
1,2201,2.221
1,2202,2.672
1,2203,2.366
1,2204,1.970
1,2205,2.923
1,2206,3.031
1,2207,3.263
1,2208,2.440
1,2209,2.166
1,2210,2.691
1,2211,3.320
1,2212,4.039
1,2213,3.057
1,2214,3.452
1,2215,2.655
1,2216,3.180
1,2217,2.625
1,2218,3.191
1,2219,2.791
1,2220,2.590
1,2221,2.876
1,2222,3.151
1,2223,2.386
1,2224,3.305
1,2225,1.892
1,2226,1.554
1,2227,2.172
1,2228,2.423
1,2229,2.083
1,2230,2.039
1,2231,2.541
1,2232,2.656
1,2233,2.415
1,2234,1.819
1,2235,2.124
1,2236,2.075
1,2237,2.077
1,2238,1.892
1,2239,1.625
1,2240,2.661
1,2241,2.921
1,2242,3.256
1,2243,2.222
1,2244,1.559
1,2245,1.708
1,2246,1.976
1,2247,2.155
1,2248,2.225
1,2249,2.425
1,2250,2.817
1,2251,2.945
1,2252,2.219
1,2253,1.886
1,2254,1.974
1,2255,2.375
1,2256,2.237
1,2257,1.904
1,2258,2.386
1,2259,2.548
1,2260,1.964
1,2261,2.737
1,2262,2.308
1,2263,2.534
1,2264,2.589
1,2265,1.683
1,2266,1.480
1,2267,1.695
1,2268,2.899
1,2269,2.136
1,2270,3.061
1,2271,2.698
1,2272,2.904
1,2273,2.703
1,2274,1.860
1,2275,1.697
1,2276,2.377
1,2277,2.850
1,2278,2.489
1,2279,2.323
1,2280,1.907
1,2281,1.710
1,2282,2.085
1,2283,2.722
1,2284,2.185
1,2285,2.777
1,2286,2.359
1,2287,2.483
1,2288,2.200
1,2289,2.100
1,2290,2.319
1,2291,2.121
1,2292,1.715
1,2293,1.568
1,2294,1.856
1,2295,2.373
1,2296,2.317
1,2297,2.532
1,2298,2.687
1,2299,2.738
1,2300,2.270
1,2301,2.481
1,2302,2.190
1,2303,2.755
1,2304,2.636
1,2305,2.421
1,2306,2.215
1,2307,1.967
1,2308,1.643
1,2309,1.602
1,2310,1.769
1,2311,2.566
1,2312,2.671
1,2313,2.366
1,2314,2.117
1,2315,1.893
1,2316,2.697
1,2317,2.499
1,2318,3.100
1,2319,2.477
1,2320,2.341
1,2321,2.272
1,2322,2.126
1,2323,1.581
1,2324,2.546
1,2325,3.124
1,2326,2.058
1,2327,2.079
1,2328,2.627
1,2329,1.931
1,2330,1.691
1,2331,2.100
1,2332,1.685
1,2333,1.656
1,2334,2.128
1,2335,2.264
1,2336,1.940
1,2337,1.551
1,2338,1.740
1,2339,2.574
1,2340,2.832
1,2341,3.152
1,2342,3.072
1,2343,2.992
1,2344,2.107
1,2345,1.936
1,2346,2.868
1,2347,2.193
1,2348,1.684
1,2349,1.998
1,2350,2.242
1,2351,2.741
1,2352,2.709
1,2353,2.378
1,2354,1.964
1,2355,2.826
1,2356,2.863
1,2357,1.989
1,2358,3.373
1,2359,2.594
1,2360,2.770
1,2361,2.133
1,2362,1.696
1,2363,2.038
1,2364,2.299
1,2365,2.377
1,2366,1.971
1,2367,2.431
1,2368,1.936
1,2369,1.482
1,2370,1.649
1,2371,1.961
1,2372,1.803
1,2373,3.498
1,2374,2.476
1,2375,1.518
1,2376,1.404
1,2377,1.854
1,2378,1.905
1,2379,1.748
1,2380,1.844
1,2381,2.166
1,2382,1.761
1,2383,1.797
1,2384,2.628
1,2385,1.923
1,2386,1.586
1,2387,1.600
1,2388,3.338
1,2389,2.209
1,2390,1.772
1,2391,2.276
1,2392,2.370
1,2393,1.698
1,2394,1.906
1,2395,1.976
1,2396,2.126
1,2397,2.277
1,2398,2.300
1,2399,1.825
1,2400,1.613
1,2401,2.816
1,2402,2.187
1,2403,2.597
1,2404,2.449
1,2405,1.788
1,2406,1.601
1,2407,1.936
1,2408,3.409
1,2409,2.484
1,2410,2.955
1,2411,2.154
1,2412,1.709
1,2413,1.990
1,2414,1.849
1,2415,1.819
1,2416,2.324
1,2417,4.304
1,2418,4.667
1,2419,2.635
1,2420,1.992
1,2421,2.465
1,2422,4.224
1,2423,2.831
1,2424,1.998
1,2425,3.918
1,2426,2.588
1,2427,1.791
1,2428,3.217
1,2429,2.310
1,2430,2.064
1,2431,2.260
1,2432,1.782
1,2433,1.532
1,2434,1.931
1,2435,2.216
1,2436,1.773
1,2437,1.558
1,2438,1.912
1,2439,2.393
1,2440,1.981
1,2441,1.893
1,2442,2.203
1,2443,2.672
1,2444,3.491
1,2445,2.546
1,2446,2.433
1,2447,2.317
1,2448,2.190
1,2449,1.639
1,2450,2.595
1,2451,2.220
1,2452,1.825
1,2453,2.059
1,2454,2.229
1,2455,1.665
1,2456,1.527
1,2457,2.196
1,2458,2.137
1,2459,1.594
1,2460,1.898
1,2461,2.588
1,2462,2.601
1,2463,8.919
1,2464,3.881
1,2465,5.478
1,2466,3.933
1,2467,3.737
1,2468,2.750
1,2469,3.254
1,2470,2.656
1,2471,2.763
1,2472,3.107
1,2473,2.936
1,2474,3.032
1,2475,3.150
1,2476,3.067
1,2477,3.016
1,2478,3.289
1,2479,2.745
1,2480,2.885
1,2481,3.155
1,2482,2.887
1,2483,4.131
1,2484,3.017
1,2485,2.831
1,2486,2.388
1,2487,2.876
1,2488,3.464
1,2489,2.975
1,2490,3.947
1,2491,3.196
1,2492,3.322
1,2493,2.848
1,2494,2.672
1,2495,2.575
1,2496,3.117
1,2497,2.526
1,2498,2.920
1,2499,3.366
1,2500,2.160
1,2501,2.719
1,2502,3.036
1,2503,2.734
1,2504,3.005
1,2505,2.846
1,2506,3.678
1,2507,3.807
1,2508,3.781
1,2509,2.686
1,2510,2.642
1,2511,2.606
1,2512,2.760
1,2513,2.757
1,2514,3.692
1,2515,3.406
1,2516,2.719
1,2517,3.120
1,2518,3.130
1,2519,4.471
1,2520,3.015
1,2521,2.628
1,2522,2.449
1,2523,2.068
1,2524,3.360
1,2525,3.022
1,2526,2.812
1,2527,3.050
1,2528,2.649
1,2529,2.865
1,2530,2.752
1,2531,2.696
1,2532,2.735
1,2533,3.459
1,2534,3.449
1,2535,3.102
1,2536,3.232
1,2537,2.557
1,2538,2.966
1,2539,3.025
1,2540,3.154
1,2541,4.045
1,2542,3.669
1,2543,2.999
1,2544,3.746
1,2545,2.990
1,2546,2.791
1,2547,3.071
1,2548,2.902
1,2549,2.918
1,2550,2.982
1,2551,3.400
1,2552,2.451
1,2553,2.400
1,2554,2.651
1,2555,2.407
1,2556,2.688
1,2557,3.945
1,2558,3.072
1,2559,3.241
1,2560,2.269
1,2561,2.976
1,2562,3.161
1,2563,2.874
1,2564,2.360
1,2565,2.358
1,2566,2.995
1,2567,2.325
1,2568,3.694
1,2569,3.769
1,2570,2.806
1,2571,2.888
1,2572,2.954
1,2573,2.764
1,2574,2.537
1,2575,3.266
1,2576,2.767
1,2577,2.747
1,2578,4.329
1,2579,3.260
1,2580,3.174
1,2581,2.854
1,2582,3.360
1,2583,2.825
1,2584,2.587
1,2585,2.603
1,2586,2.027
1,2587,1.931
1,2588,2.448
1,2589,2.388
1,2590,2.335
1,2591,2.028
1,2592,1.808
1,2593,2.001
1,2594,2.491
1,2595,2.374
1,2596,2.523
1,2597,2.011
1,2598,2.059
1,2599,2.204
1,2600,2.194
1,2601,1.913
1,2602,1.920
1,2603,2.796
1,2604,2.977
1,2605,1.714
1,2606,2.886
1,2607,2.341
1,2608,2.204
1,2609,3.648
1,2610,3.273
1,2611,3.051
1,2612,2.873
1,2613,2.378
1,2614,2.243
1,2615,1.909
1,2616,1.945
1,2617,1.746
1,2618,1.488
1,2619,1.823
1,2620,2.150
1,2621,2.013
1,2622,2.328
1,2623,2.381
1,2624,2.738
1,2625,2.615
1,2626,2.375
1,2627,2.556
1,2628,2.574
1,2629,2.849
1,2630,2.440
1,2631,2.233
1,2632,2.363
1,2633,2.030
1,2634,2.472
1,2635,3.294
1,2636,2.388
1,2637,2.875
1,2638,2.346
1,2639,1.956
1,2640,2.521
1,2641,2.680
1,2642,1.894
1,2643,2.135
1,2644,2.173
1,2645,2.523
1,2646,2.768
1,2647,2.661
1,2648,3.262
1,2649,3.015
1,2650,2.735
1,2651,2.666
1,2652,2.658
1,2653,2.382
1,2654,2.793
1,2655,2.259
1,2656,2.555
1,2657,2.592
1,2658,2.000
1,2659,2.635
1,2660,3.232
1,2661,2.546
1,2662,2.682
1,2663,2.197
1,2664,3.650
1,2665,2.834
1,2666,1.797
1,2667,2.120
1,2668,2.393
1,2669,1.614
1,2670,1.514
1,2671,1.703
1,2672,1.803
1,2673,2.562
1,2674,2.429
1,2675,2.483
1,2676,2.210
1,2677,3.465
1,2678,2.339
1,2679,2.128
1,2680,2.281
1,2681,2.064
1,2682,1.893
1,2683,2.244
1,2684,1.966
1,2685,2.012
1,2686,2.376
1,2687,2.953
1,2688,1.774
1,2689,2.145
1,2690,2.874
1,2691,1.852
1,2692,2.103
1,2693,2.941
1,2694,2.708
1,2695,2.455
1,2696,2.071
1,2697,1.832
1,2698,2.706
1,2699,2.250
1,2700,2.796
1,2701,2.396
1,2702,2.168
1,2703,2.270
1,2704,2.459
1,2705,2.051
1,2706,1.715
1,2707,3.282
1,2708,3.291
1,2709,2.684
1,2710,2.796
1,2711,2.389
1,2712,2.619
1,2713,2.291
1,2714,1.885
1,2715,2.873
1,2716,2.944
1,2717,2.486
1,2718,3.263
1,2719,2.168
1,2720,2.013
1,2721,1.784
1,2722,2.713
1,2723,2.362
1,2724,1.927
1,2725,1.565
1,2726,2.467
1,2727,2.532
1,2728,2.241
1,2729,1.861
1,2730,2.711
1,2731,2.406
1,2732,2.692
1,2733,2.451
1,2734,1.786
1,2735,2.180
1,2736,2.066
1,2737,1.676
1,2738,2.448
1,2739,2.336
1,2740,2.370
1,2741,2.012
1,2742,2.141
1,2743,1.781
1,2744,1.586
1,2745,1.582
1,2746,3.203
1,2747,2.337
1,2748,1.870
1,2749,2.460
1,2750,1.858
1,2751,1.927
1,2752,1.905
1,2753,1.628
1,2754,1.534
1,2755,2.387
1,2756,2.425
1,2757,1.632
1,2758,1.490
1,2759,1.665
1,2760,1.771
1,2761,1.876
1,2762,1.587
1,2763,1.981
1,2764,2.170
1,2765,1.713
1,2766,2.786
1,2767,2.441
1,2768,1.871
1,2769,2.074
1,2770,2.594
1,2771,2.702
1,2772,2.395
1,2773,2.750
1,2774,2.276
1,2775,2.584
1,2776,2.198
1,2777,1.886
1,2778,2.087
1,2779,2.687
1,2780,2.746
1,2781,2.538
1,2782,2.354
1,2783,2.299
1,2784,3.025
1,2785,2.473
1,2786,1.984
1,2787,2.381
1,2788,2.219
1,2789,1.545
1,2790,1.828
1,2791,2.328
1,2792,2.070
1,2793,1.856
1,2794,2.216
1,2795,2.146
1,2796,2.101
1,2797,2.822
1,2798,2.319
1,2799,1.651
1,2800,1.820
1,2801,1.859
1,2802,1.837
1,2803,1.568
1,2804,1.724
1,2805,1.761
1,2806,2.231
1,2807,1.973
1,2808,1.881
1,2809,1.711
1,2810,1.687
1,2811,1.913
1,2812,2.583
1,2813,1.935
1,2814,3.083
1,2815,3.005
1,2816,2.469
1,2817,2.543
1,2818,1.805
1,2819,1.594
1,2820,1.933
1,2821,3.525
1,2822,2.685
1,2823,2.365
1,2824,2.039
1,2825,1.908
1,2826,2.398
1,2827,2.517
1,2828,3.316
1,2829,3.022
1,2830,2.027
1,2831,2.167
1,2832,2.520
1,2833,2.429
1,2834,2.518
1,2835,2.202
1,2836,2.784
1,2837,2.466
1,2838,2.246
1,2839,2.336
1,2840,4.014
1,2841,3.172
1,2842,3.058
1,2843,2.385
1,2844,2.535
1,2845,2.250
1,2846,2.151
1,2847,2.250
1,2848,2.196
1,2849,2.275
1,2850,2.117
1,2851,1.989
1,2852,2.248
1,2853,2.122
1,2854,2.301
1,2855,1.871
1,2856,1.523
1,2857,1.434
1,2858,2.421
1,2859,2.033
1,2860,1.877
1,2861,2.075
1,2862,1.772
1,2863,1.807
1,2864,2.018
1,2865,2.026
1,2866,1.627
1,2867,1.874
1,2868,2.111
1,2869,3.025
1,2870,2.072
1,2871,1.886
1,2872,2.194
1,2873,1.868
1,2874,1.589
1,2875,2.075
1,2876,2.154
1,2877,2.040
1,2878,2.542
1,2879,2.158
1,2880,1.512
1,2881,1.382
1,2882,1.863
1,2883,1.984
1,2884,1.948
1,2885,2.418
1,2886,2.308
1,2887,1.861
1,2888,1.900
1,2889,2.686
1,2890,1.827
1,2891,1.499
1,2892,2.307
1,2893,2.883
1,2894,2.125
1,2895,2.259
1,2896,2.021
1,2897,1.644
1,2898,1.665
1,2899,2.094
1,2900,2.169
1,2901,1.931
1,2902,2.451
1,2903,2.973
1,2904,1.896
1,2905,2.361
1,2906,2.430
1,2907,2.614
1,2908,5.025
1,2909,2.548
1,2910,2.392
1,2911,1.690
1,2912,2.452
1,2913,2.589
1,2914,2.335
1,2915,1.551
1,2916,2.003
1,2917,1.784
1,2918,1.582
1,2919,1.734
1,2920,2.266
1,2921,2.694
1,2922,2.836
1,2923,2.725
1,2924,2.146
1,2925,1.962
1,2926,1.812
1,2927,2.342
1,2928,2.026
1,2929,3.066
1,2930,1.954
1,2931,1.820
1,2932,2.436
1,2933,2.358
1,2934,2.023
1,2935,2.076
1,2936,1.830
1,2937,1.909
1,2938,1.741
1,2939,1.739
1,2940,1.952
1,2941,1.890
1,2942,2.486
1,2943,2.710
1,2944,1.842
1,2945,1.943
1,2946,2.464
1,2947,2.136
1,2948,2.125
1,2949,2.358
1,2950,2.561
1,2951,2.622
1,2952,2.194
1,2953,1.730
1,2954,1.516
1,2955,2.217
1,2956,3.110
1,2957,2.104
1,2958,2.159
1,2959,2.382
1,2960,2.498
1,2961,2.233
1,2962,2.804
1,2963,2.768
1,2964,2.672
1,2965,1.894
1,2966,2.536
1,2967,2.232
1,2968,1.990
1,2969,2.185
1,2970,2.425
1,2971,2.500
1,2972,2.760
1,2973,2.381
1,2974,1.828
1,2975,1.935
1,2976,2.409
1,2977,2.921
1,2978,2.893
1,2979,1.960
1,2980,1.867
1,2981,2.260
1,2982,2.131
1,2983,1.811
1,2984,2.957
1,2985,2.198
1,2986,2.017
1,2987,1.569
1,2988,1.871
1,2989,1.721
1,2990,1.525
1,2991,1.768
1,2992,3.611
1,2993,2.264
1,2994,1.965
1,2995,2.760
1,2996,1.957
1,2997,1.720
1,2998,1.864
1,2999,2.075
1,3000,2.212
1,3001,2.431
1,3002,1.828
1,3003,2.266
1,3004,2.297
1,3005,2.058
1,3006,1.866
1,3007,1.907
1,3008,2.262
1,3009,2.032
1,3010,1.697
1,3011,1.714
1,3012,2.656
1,3013,2.042
1,3014,2.636
1,3015,2.299
1,3016,1.878
1,3017,1.830
1,3018,1.830
1,3019,1.804
1,3020,2.143
1,3021,3.184
1,3022,2.917
1,3023,3.305
1,3024,2.780
1,3025,2.374
1,3026,2.946
1,3027,2.742
1,3028,2.742
1,3029,2.629
1,3030,2.070
1,3031,2.352
1,3032,2.286
1,3033,2.354
1,3034,3.320
1,3035,2.379
1,3036,2.232
1,3037,2.351
1,3038,2.226
1,3039,2.000
1,3040,2.908
1,3041,2.107
1,3042,2.098
1,3043,2.408
1,3044,2.466
1,3045,2.239
1,3046,2.508
1,3047,2.952
1,3048,2.771
1,3049,2.973
1,3050,2.164
1,3051,2.661
1,3052,2.825
1,3053,3.403
1,3054,3.030
1,3055,2.339
1,3056,2.366
1,3057,2.617
1,3058,2.665
1,3059,2.871
1,3060,2.266
1,3061,3.016
1,3062,2.778
1,3063,2.336
1,3064,2.871
1,3065,2.592
1,3066,2.452
1,3067,2.441
1,3068,2.862
1,3069,3.058
1,3070,2.571
1,3071,2.315
1,3072,2.675
1,3073,3.200
1,3074,3.725
1,3075,3.012
1,3076,2.665
1,3077,2.446
1,3078,2.175
1,3079,2.785
1,3080,3.082
1,3081,3.202
1,3082,2.393
1,3083,2.230
1,3084,2.756
1,3085,2.275
1,3086,2.058
1,3087,3.247
1,3088,3.003
1,3089,2.578
1,3090,2.433
1,3091,2.376
1,3092,2.749
1,3093,2.810
1,3094,3.296
1,3095,2.936
1,3096,2.331
1,3097,3.497
1,3098,2.481
1,3099,3.443
1,3100,3.083
1,3101,2.621
1,3102,3.006
1,3103,2.289
1,3104,2.576
1,3105,3.070
1,3106,2.942
1,3107,3.168
1,3108,2.237
1,3109,2.458
1,3110,2.725
1,3111,3.236
1,3112,3.050
1,3113,3.103
1,3114,2.993
1,3115,2.691
1,3116,3.388
1,3117,2.902
1,3118,2.485
1,3119,3.025
1,3120,2.220
1,3121,2.481
1,3122,3.614
1,3123,2.351
1,3124,2.591
1,3125,2.269
1,3126,2.503
1,3127,2.715
1,3128,2.239
1,3129,2.146
1,3130,2.265
1,3131,1.952
1,3132,2.160
1,3133,2.131
1,3134,2.181
1,3135,1.581
1,3136,2.699
1,3137,2.689
1,3138,1.732
1,3139,1.932
1,3140,2.397
1,3141,2.062
1,3142,3.518
1,3143,3.061
1,3144,2.364
1,3145,2.214
1,3146,1.632
1,3147,1.474
1,3148,1.783
1,3149,3.205
1,3150,2.538
1,3151,2.314
1,3152,1.992
1,3153,1.690
1,3154,2.075
1,3155,2.090
1,3156,1.708
1,3157,1.870
1,3158,2.227
1,3159,2.764
1,3160,1.685
1,3161,2.185
1,3162,2.005
1,3163,1.810
1,3164,1.567
1,3165,2.791
1,3166,2.274
1,3167,2.183
1,3168,2.375
1,3169,1.982
1,3170,2.375
1,3171,2.253
1,3172,2.805
1,3173,2.205
1,3174,2.274
1,3175,2.434
1,3176,1.758
1,3177,2.761
1,3178,2.174
1,3179,1.968
1,3180,3.092
1,3181,2.325
1,3182,2.180
1,3183,2.462
1,3184,1.770
1,3185,1.715
1,3186,2.329
1,3187,2.297
1,3188,1.722
1,3189,1.703
1,3190,1.944
1,3191,1.912
1,3192,1.896
1,3193,1.739
1,3194,2.172
1,3195,2.489
1,3196,2.999
1,3197,2.166
1,3198,1.737
1,3199,1.815
1,3200,2.507
1,3201,2.093
1,3202,1.860
1,3203,2.028
1,3204,1.884
1,3205,1.801
1,3206,2.258
1,3207,2.089
1,3208,1.628
1,3209,2.754
1,3210,3.528
1,3211,1.835
1,3212,7.232
1,3213,2.972
1,3214,2.745
1,3215,2.359
1,3216,3.365
1,3217,2.436
1,3218,2.764
1,3219,2.539
1,3220,2.212
1,3221,3.134
1,3222,1.929
1,3223,2.055
1,3224,2.826
1,3225,2.233
1,3226,2.209
1,3227,2.473
1,3228,2.408
1,3229,1.823
1,3230,2.164
1,3231,2.004
1,3232,2.178
1,3233,2.085
1,3234,1.773
1,3235,1.574
1,3236,1.490
1,3237,3.345
1,3238,2.249
1,3239,1.795
1,3240,2.593
1,3241,2.854
1,3242,2.388
1,3243,1.865
1,3244,1.826
1,3245,1.499
1,3246,2.016
1,3247,2.667
1,3248,2.447
1,3249,2.675
1,3250,2.291
1,3251,1.760
1,3252,2.253
1,3253,2.090
1,3254,2.049
1,3255,3.634
1,3256,2.394
1,3257,2.332
1,3258,2.941
1,3259,2.775
1,3260,2.241
1,3261,2.185
1,3262,1.941
1,3263,2.432
1,3264,2.529
1,3265,2.412
1,3266,2.282
1,3267,4.448
1,3268,2.406
1,3269,2.292
1,3270,2.073
1,3271,2.180
1,3272,2.164
1,3273,2.471
1,3274,2.972
1,3275,2.572
1,3276,1.832
1,3277,2.054
1,3278,2.366
1,3279,2.030
1,3280,2.676
1,3281,2.585
1,3282,2.164
1,3283,2.085
1,3284,2.352
1,3285,1.978
1,3286,2.383
1,3287,2.529
1,3288,2.052
1,3289,2.222
1,3290,2.451
1,3291,1.772
1,3292,1.723
1,3293,2.393
1,3294,2.976
1,3295,2.706
1,3296,2.347
1,3297,1.903
1,3298,1.847
1,3299,1.768
1,3300,1.745
1,3301,2.319
1,3302,2.262
1,3303,2.431
1,3304,2.216
1,3305,2.427
1,3306,3.532
1,3307,4.742
1,3308,2.650
1,3309,2.727
1,3310,2.248
1,3311,1.738
1,3312,2.113
1,3313,2.175
1,3314,1.807
1,3315,1.454
1,3316,1.361
1,3317,1.801
1,3318,1.757
1,3319,1.819
1,3320,1.574
1,3321,1.977
1,3322,2.118
1,3323,1.482
1,3324,1.453
1,3325,2.803
1,3326,2.111
1,3327,1.798
1,3328,2.728
1,3329,2.287
1,3330,2.378
1,3331,2.525
1,3332,1.811
1,3333,1.662
1,3334,1.977
1,3335,2.050
1,3336,1.769
1,3337,1.695
1,3338,1.909
1,3339,2.600
1,3340,1.629
1,3341,1.528
1,3342,2.206
1,3343,1.995
1,3344,1.931
1,3345,2.163
1,3346,1.738
1,3347,1.526
1,3348,1.751
1,3349,1.869
1,3350,1.990
1,3351,1.809
1,3352,1.667
1,3353,2.456
1,3354,2.653
1,3355,3.573
1,3356,2.940
1,3357,1.619
1,3358,2.373
1,3359,2.750
1,3360,1.841
1,3361,1.803
1,3362,1.893
1,3363,1.973
1,3364,1.920
1,3365,1.722
1,3366,1.632
1,3367,1.659
1,3368,1.698
1,3369,1.934
1,3370,1.602
1,3371,1.361
1,3372,1.478
1,3373,1.998
1,3374,2.342
1,3375,2.561
1,3376,2.135
1,3377,1.776
1,3378,1.493
1,3379,1.480
1,3380,1.596
1,3381,1.717
1,3382,1.537
1,3383,1.413
1,3384,1.817
1,3385,2.203
1,3386,2.310
1,3387,1.730
1,3388,1.774
1,3389,1.839
1,3390,1.729
1,3391,1.768
1,3392,2.725
1,3393,2.775
1,3394,1.863
1,3395,2.177
1,3396,1.934
1,3397,1.568
1,3398,1.585
1,3399,1.885
1,3400,1.768
1,3401,2.936
1,3402,2.648
1,3403,1.808
1,3404,1.535
1,3405,2.029
1,3406,2.366
1,3407,1.699
1,3408,2.225
1,3409,2.841
1,3410,3.103
1,3411,2.434
1,3412,2.185
1,3413,1.954
1,3414,3.122
1,3415,2.702
1,3416,2.432
1,3417,3.050
1,3418,2.354
1,3419,2.173
1,3420,2.834
1,3421,2.562
1,3422,3.710
1,3423,2.801
1,3424,2.213
1,3425,2.814
1,3426,2.049
1,3427,2.056
1,3428,2.343
1,3429,1.980
1,3430,2.193
1,3431,2.773
1,3432,1.611
1,3433,2.129
1,3434,2.610
1,3435,2.074
1,3436,2.329
1,3437,2.779
1,3438,2.539
1,3439,2.985
1,3440,2.409
1,3441,2.106
1,3442,2.295
1,3443,2.304
1,3444,1.780
1,3445,1.797
1,3446,2.327
1,3447,3.082
1,3448,3.353
1,3449,2.871
1,3450,2.492
1,3451,3.179
1,3452,2.503
1,3453,3.101
1,3454,2.304
1,3455,2.175
1,3456,2.535
1,3457,2.149
1,3458,2.638
1,3459,3.257
1,3460,2.636
1,3461,2.604
1,3462,2.039
1,3463,1.795
1,3464,2.216
1,3465,2.606
1,3466,2.556
1,3467,2.330
1,3468,3.310
1,3469,2.241
1,3470,2.197
1,3471,2.202
1,3472,2.229
1,3473,2.485
1,3474,2.140
1,3475,2.642
1,3476,3.124
1,3477,2.011
1,3478,2.175
1,3479,2.871
1,3480,1.905
1,3481,1.930
1,3482,2.127
1,3483,2.297
1,3484,1.864
1,3485,3.183
1,3486,2.982
1,3487,2.790
1,3488,1.890
1,3489,1.495
1,3490,1.420
1,3491,2.527
1,3492,2.849
1,3493,1.899
1,3494,2.086
1,3495,1.691
1,3496,1.768
1,3497,1.931
1,3498,1.814
1,3499,1.512
1,3500,2.147
1,3501,2.665
1,3502,2.009
1,3503,1.523
1,3504,1.541
1,3505,3.071
1,3506,2.882
1,3507,3.359
1,3508,3.045
1,3509,3.013
1,3510,2.605
1,3511,2.077
1,3512,2.100
1,3513,2.341
1,3514,2.490
1,3515,2.688
1,3516,2.557
1,3517,2.003
1,3518,2.369
1,3519,1.939
1,3520,1.766
1,3521,2.734
1,3522,2.650
1,3523,2.444
1,3524,2.143
1,3525,1.890
1,3526,1.802
1,3527,2.578
1,3528,3.974
1,3529,3.214
1,3530,2.985
1,3531,1.792
1,3532,1.939
1,3533,3.014
1,3534,2.315
1,3535,3.252
1,3536,2.074
1,3537,2.138
1,3538,2.808
1,3539,2.861
1,3540,2.332
1,3541,2.182
1,3542,2.050
1,3543,1.995
1,3544,2.163
1,3545,2.291
1,3546,2.461
1,3547,2.826
1,3548,1.973
1,3549,1.672
1,3550,2.197
1,3551,2.085
1,3552,1.934
1,3553,2.868
1,3554,2.322
1,3555,1.842
1,3556,2.101
1,3557,2.947
1,3558,1.816
1,3559,1.709
1,3560,2.320
1,3561,2.467
1,3562,1.667
1,3563,2.762
1,3564,1.850
1,3565,1.826
1,3566,2.361
1,3567,2.423
1,3568,2.112
1,3569,2.687
1,3570,1.872
1,3571,1.645
1,3572,1.701
1,3573,1.849
1,3574,1.550
1,3575,1.733
1,3576,2.747
1,3577,2.757
1,3578,2.836
1,3579,3.418
1,3580,2.318
1,3581,2.786
1,3582,2.628
1,3583,2.123
1,3584,2.058
1,3585,2.406
1,3586,1.875
1,3587,2.085
1,3588,2.197
1,3589,2.261
1,3590,3.712
1,3591,2.602
1,3592,2.721
1,3593,2.836
1,3594,2.592
1,3595,2.636
1,3596,2.166
1,3597,1.692
1,3598,2.080
1,3599,2.778
1,3600,2.225
1,3601,2.353
1,3602,2.419
1,3603,2.256
1,3604,2.698
1,3605,2.107
1,3606,2.721
1,3607,2.511
1,3608,2.705
1,3609,2.303
1,3610,2.405
1,3611,2.766
1,3612,2.517
1,3613,2.642
1,3614,2.154
1,3615,2.438
1,3616,2.687
1,3617,2.056
1,3618,2.317
1,3619,3.064
1,3620,3.320
1,3621,2.605
1,3622,2.117
1,3623,2.364
1,3624,2.232
1,3625,2.208
1,3626,2.453
1,3627,3.329
1,3628,2.341
1,3629,2.546
1,3630,2.173
1,3631,2.169
1,3632,2.749
1,3633,2.511
1,3634,2.832
1,3635,2.481
1,3636,2.091
1,3637,2.169
1,3638,2.279
1,3639,2.261
1,3640,3.236
1,3641,2.854
1,3642,2.502
1,3643,3.616
1,3644,2.850
1,3645,3.004
1,3646,2.981
1,3647,2.771
1,3648,2.406
1,3649,2.167
1,3650,2.256
1,3651,2.531
1,3652,2.446
1,3653,2.602
1,3654,2.783
1,3655,2.272
1,3656,2.677
1,3657,2.099
1,3658,3.187
1,3659,2.938
1,3660,2.194
1,3661,2.788
1,3662,2.515
1,3663,2.380
1,3664,2.705
1,3665,2.876
1,3666,2.621
1,3667,2.457
1,3668,2.628
1,3669,3.681
1,3670,2.529
1,3671,2.405
1,3672,2.764
1,3673,3.266
1,3674,3.190
1,3675,2.753
1,3676,2.922
1,3677,2.832
1,3678,2.033
1,3679,2.237
1,3680,2.267
1,3681,2.493
1,3682,2.629
1,3683,2.071
1,3684,1.778
1,3685,2.351
1,3686,2.261
1,3687,1.762
1,3688,2.683
1,3689,2.809
1,3690,2.015
1,3691,2.520
1,3692,2.132
1,3693,1.930
1,3694,2.515
1,3695,2.078
1,3696,1.531
1,3697,1.617
1,3698,1.739
1,3699,3.103
1,3700,3.882
1,3701,2.489
1,3702,1.978
1,3703,2.127
1,3704,2.113
1,3705,1.522
1,3706,1.606
1,3707,1.993
1,3708,1.897
1,3709,1.488
1,3710,2.205
1,3711,2.193
1,3712,1.828
1,3713,2.451
1,3714,2.514
1,3715,2.362
1,3716,2.045
1,3717,2.335
1,3718,2.030
1,3719,1.702
1,3720,1.428
1,3721,1.973
1,3722,1.698
1,3723,2.047
1,3724,1.771
1,3725,1.816
1,3726,1.817
1,3727,1.720
1,3728,2.254
1,3729,2.035
1,3730,1.804
1,3731,1.468
1,3732,1.732
1,3733,1.855
1,3734,1.662
1,3735,1.670
1,3736,1.967
1,3737,1.990
1,3738,1.666
1,3739,1.905
1,3740,2.494
1,3741,1.675
1,3742,1.417
1,3743,1.925
1,3744,2.582
1,3745,1.916
1,3746,1.572
1,3747,2.287
1,3748,1.850
1,3749,2.349
1,3750,2.681
1,3751,2.838
1,3752,2.453
1,3753,2.671
1,3754,2.135
1,3755,2.119
1,3756,2.482
1,3757,2.940
1,3758,3.076
1,3759,2.970
1,3760,2.798
1,3761,3.244
1,3762,3.145
1,3763,3.036
1,3764,2.878
1,3765,5.248
1,3766,3.090
1,3767,3.799
1,3768,2.037
1,3769,1.973
1,3770,2.157
1,3771,1.737
1,3772,1.485
1,3773,1.988
1,3774,2.002
1,3775,2.420
1,3776,2.041
1,3777,2.020
1,3778,1.650
1,3779,1.486
1,3780,2.551
1,3781,2.725
1,3782,2.373
1,3783,2.754
1,3784,1.874
1,3785,1.733
1,3786,2.322
1,3787,1.837
1,3788,1.515
1,3789,1.474
1,3790,2.271
1,3791,2.310
1,3792,2.231
1,3793,2.042
1,3794,2.249
1,3795,1.835
1,3796,1.760
1,3797,3.193
1,3798,2.274
1,3799,2.997
1,3800,2.772
1,3801,1.978
1,3802,2.566
1,3803,2.623
1,3804,2.662
1,3805,2.415
1,3806,1.836
1,3807,2.500
1,3808,2.372
1,3809,1.905
1,3810,1.750
1,3811,2.783
1,3812,2.772
1,3813,2.410
1,3814,2.216
1,3815,2.738
1,3816,2.689
1,3817,2.306
1,3818,1.706
1,3819,1.811
1,3820,2.499
1,3821,1.854
1,3822,1.453
1,3823,2.494
1,3824,3.135
1,3825,1.996
1,3826,3.007
1,3827,2.204
1,3828,2.148
1,3829,2.659
1,3830,2.458
1,3831,2.128
1,3832,2.485
1,3833,2.018
1,3834,2.217
1,3835,2.382
1,3836,1.858
1,3837,1.647
1,3838,3.221
1,3839,2.355
1,3840,1.583
1,3841,2.006
1,3842,2.146
1,3843,1.704
1,3844,1.534
1,3845,1.979
1,3846,2.081
1,3847,2.615
1,3848,3.041
1,3849,2.115
1,3850,1.983
1,3851,2.417
1,3852,2.432
1,3853,1.867
1,3854,2.803
1,3855,2.414
1,3856,2.413
1,3857,2.346
1,3858,1.743
1,3859,1.450
1,3860,2.288
1,3861,2.182
1,3862,1.635
1,3863,1.437
1,3864,2.604
1,3865,1.834
1,3866,1.885
1,3867,1.861
1,3868,2.589
1,3869,2.031
1,3870,2.149
1,3871,2.376
1,3872,2.373
1,3873,1.682
1,3874,1.987
1,3875,2.247
1,3876,2.480
1,3877,3.229
1,3878,1.913
1,3879,1.687
1,3880,3.478
1,3881,2.225
1,3882,2.504
1,3883,2.568
1,3884,1.806
1,3885,1.735
1,3886,2.793
1,3887,2.262
1,3888,2.260
1,3889,3.149
1,3890,2.039
1,3891,2.191
1,3892,3.046
1,3893,1.927
1,3894,1.974
1,3895,2.294
1,3896,2.394
1,3897,2.260
1,3898,2.143
1,3899,1.791
1,3900,1.592
1,3901,1.913
1,3902,2.199
1,3903,2.608
1,3904,2.237
1,3905,2.247
1,3906,1.831
1,3907,1.705
1,3908,2.161
1,3909,1.738
1,3910,1.504
1,3911,2.412
1,3912,2.560
1,3913,1.913
1,3914,1.804
1,3915,2.079
1,3916,2.004
1,3917,1.750
1,3918,2.362
1,3919,3.135
1,3920,2.680
1,3921,2.471
1,3922,1.747
1,3923,1.459
1,3924,1.892
1,3925,2.093
1,3926,2.385
1,3927,2.112
1,3928,2.618
1,3929,1.934
1,3930,1.711
1,3931,1.868
1,3932,1.642
1,3933,1.481
1,3934,1.838
1,3935,3.556
1,3936,2.554
1,3937,2.907
1,3938,2.167
1,3939,2.042
1,3940,2.369
1,3941,2.466
1,3942,1.981
1,3943,2.483
1,3944,2.328
1,3945,2.016
1,3946,3.186
1,3947,2.944
1,3948,2.776
1,3949,2.467
1,3950,1.962
1,3951,2.550
1,3952,2.682
1,3953,2.439
1,3954,2.369
1,3955,2.151
1,3956,1.966
1,3957,2.130
1,3958,2.174
1,3959,1.707
1,3960,2.237
1,3961,2.732
1,3962,2.241
1,3963,2.021
1,3964,2.175
1,3965,2.013
1,3966,1.747
1,3967,2.169
1,3968,2.720
1,3969,4.152
1,3970,3.131
1,3971,3.025
1,3972,2.756
1,3973,2.640
1,3974,3.935
1,3975,2.557
1,3976,3.339
1,3977,2.428
1,3978,2.310
1,3979,3.820
1,3980,3.599
1,3981,2.795
1,3982,3.012
1,3983,2.146
1,3984,2.703
1,3985,2.585
1,3986,3.245
1,3987,2.558
1,3988,2.643
1,3989,2.739
1,3990,3.239
1,3991,2.950
1,3992,3.177
1,3993,2.921
1,3994,3.200
1,3995,3.868
1,3996,3.788
1,3997,3.341
1,3998,2.545
1,3999,2.636
1,4000,2.896
1,4001,2.799
1,4002,2.919
1,4003,3.644
1,4004,2.484
1,4005,2.921
1,4006,2.925
1,4007,2.819
1,4008,3.032
1,4009,3.034
1,4010,2.005
1,4011,3.111
1,4012,3.280
1,4013,2.378
1,4014,2.489
1,4015,2.244
1,4016,2.796
1,4017,2.889
1,4018,2.333
1,4019,2.983
1,4020,3.713
1,4021,2.477
1,4022,3.606
1,4023,2.646
1,4024,2.964
1,4025,2.566
1,4026,2.480
1,4027,2.658
1,4028,3.550
1,4029,2.512
1,4030,2.590
1,4031,2.549
1,4032,2.406
1,4033,2.215
1,4034,2.656
1,4035,2.788
1,4036,2.412
1,4037,2.532
1,4038,2.438
1,4039,2.722
1,4040,2.743
1,4041,2.627
1,4042,3.791
1,4043,2.339
1,4044,2.517
1,4045,2.674
1,4046,2.909
1,4047,3.186
1,4048,3.885
1,4049,3.500
1,4050,2.496
1,4051,3.700
1,4052,2.908
1,4053,2.541
1,4054,2.949
1,4055,2.391
1,4056,2.924
1,4057,3.319
1,4058,2.817
1,4059,2.698
1,4060,2.692
1,4061,2.625
1,4062,3.150
1,4063,3.037
1,4064,2.953
1,4065,2.260
1,4066,3.938
1,4067,2.479
1,4068,3.454
1,4069,2.669
1,4070,2.532
1,4071,2.626
1,4072,2.777
1,4073,3.560
1,4074,2.181
1,4075,1.849
1,4076,2.476
1,4077,2.498
1,4078,2.286
1,4079,3.275
1,4080,2.707
1,4081,2.570
1,4082,2.634
1,4083,2.713
1,4084,3.329
1,4085,4.036
1,4086,3.415
1,4087,3.317
1,4088,2.854
1,4089,2.431
1,4090,3.768
1,4091,3.838
1,4092,2.546
1,4093,3.527
1,4094,3.764
1,4095,3.435
1,4096,3.195
1,4097,3.871
1,4098,3.181
1,4099,3.548
1,4100,2.706
1,4101,2.763
1,4102,3.224
1,4103,2.959
1,4104,2.756
1,4105,3.937
1,4106,4.305
1,4107,3.452
1,4108,2.879
1,4109,4.117
1,4110,2.626
1,4111,3.576
1,4112,2.588
1,4113,3.375
1,4114,3.798
1,4115,3.167
1,4116,2.632
1,4117,2.880
1,4118,3.056
1,4119,3.265
1,4120,3.603
1,4121,3.959
1,4122,3.364
1,4123,3.814
1,4124,3.605
1,4125,2.991
1,4126,3.604
1,4127,3.356
1,4128,3.496
1,4129,3.684
1,4130,4.427
1,4131,3.497
1,4132,3.979
1,4133,3.290
1,4134,2.970
1,4135,3.039
1,4136,2.794
1,4137,3.379
1,4138,3.115
1,4139,4.499
1,4140,3.246
1,4141,2.676
1,4142,3.225
1,4143,2.527
1,4144,2.827
1,4145,2.817
1,4146,3.043
1,4147,2.496
1,4148,2.866
1,4149,3.556
1,4150,2.816
1,4151,3.570
1,4152,3.450
1,4153,3.268
1,4154,2.611
1,4155,2.231
1,4156,2.748
1,4157,2.279
1,4158,2.744
1,4159,2.995
1,4160,2.346
1,4161,2.898
1,4162,2.509
1,4163,2.204
1,4164,2.563
1,4165,2.818
1,4166,2.886
1,4167,2.383
1,4168,2.286
1,4169,2.444
1,4170,3.010
1,4171,2.796
1,4172,2.416
1,4173,2.587
1,4174,2.271
1,4175,2.970
1,4176,2.139
1,4177,3.236
1,4178,2.521
1,4179,2.209
1,4180,2.854
1,4181,2.379
1,4182,2.294
1,4183,2.697
1,4184,2.177
1,4185,2.364
1,4186,2.311
1,4187,2.281
1,4188,2.113
1,4189,2.356
1,4190,3.180
1,4191,2.688
1,4192,2.526
1,4193,2.418
1,4194,3.177
1,4195,2.694
1,4196,2.848
1,4197,2.436
1,4198,2.195
1,4199,2.214
1,4200,1.952
1,4201,2.698
1,4202,2.783
1,4203,2.860
1,4204,2.095
1,4205,2.644
1,4206,2.328
1,4207,1.784
1,4208,2.505
1,4209,2.805
1,4210,2.498
1,4211,2.109
1,4212,1.839
1,4213,2.021
1,4214,2.346
1,4215,1.849
1,4216,2.700
1,4217,2.362
1,4218,1.988
1,4219,1.758
1,4220,1.671
1,4221,1.816
1,4222,1.715
1,4223,1.743
1,4224,2.318
1,4225,2.795
1,4226,1.622
1,4227,1.382
1,4228,1.956
1,4229,2.010
1,4230,1.757
1,4231,1.505
1,4232,3.212
1,4233,2.664
1,4234,3.014
1,4235,2.189
1,4236,1.708
1,4237,1.865
1,4238,2.039
1,4239,2.588
1,4240,1.885
1,4241,2.371
1,4242,2.458
1,4243,1.903
1,4244,2.101
1,4245,1.983
1,4246,2.213
1,4247,2.335
1,4248,1.871
1,4249,1.564
1,4250,1.770
1,4251,1.946
1,4252,1.806
1,4253,1.854
1,4254,1.929
1,4255,2.761
1,4256,1.842
1,4257,1.687
1,4258,2.421
1,4259,1.823
1,4260,1.988
1,4261,1.606
1,4262,1.794
1,4263,2.273
1,4264,1.908
1,4265,2.828
1,4266,1.912
1,4267,1.786
1,4268,2.204
1,4269,2.301
1,4270,2.213
1,4271,2.851
1,4272,2.186
1,4273,1.728
1,4274,2.195
1,4275,1.946
1,4276,1.804
1,4277,2.475
1,4278,2.489
1,4279,2.051
1,4280,2.112
1,4281,2.264
1,4282,2.573
1,4283,1.998
1,4284,2.557
1,4285,2.886
1,4286,2.634
1,4287,2.472
1,4288,2.693
1,4289,3.304
1,4290,3.170
1,4291,4.184
1,4292,2.292
1,4293,2.815
1,4294,2.554
1,4295,2.629
1,4296,3.527
1,4297,2.519
1,4298,2.319
1,4299,2.224
1,4300,2.147
1,4301,1.434
1,4302,2.194
1,4303,2.587
1,4304,2.154
1,4305,2.309
1,4306,1.614
1,4307,1.472
1,4308,1.429
1,4309,1.790
1,4310,1.800
1,4311,1.935
1,4312,2.496
1,4313,1.926
1,4314,1.998
1,4315,2.370
1,4316,2.356
1,4317,1.691
1,4318,1.416
1,4319,2.172
1,4320,2.131
1,4321,1.649
1,4322,1.474
1,4323,1.958
1,4324,2.686
1,4325,2.071
1,4326,1.960
1,4327,2.469
1,4328,1.658
1,4329,1.729
1,4330,2.234
1,4331,2.098
1,4332,1.526
1,4333,1.604
1,4334,1.758
1,4335,2.018
1,4336,1.898
1,4337,1.770
1,4338,1.803
1,4339,1.500
1,4340,1.557
1,4341,2.199
1,4342,2.079
1,4343,1.661
1,4344,1.912
1,4345,2.936
1,4346,2.111
1,4347,1.642
1,4348,2.095
1,4349,2.290
1,4350,2.223
1,4351,2.757
1,4352,2.349
1,4353,1.805
1,4354,1.935
1,4355,2.029
1,4356,1.547
1,4357,1.408
1,4358,1.585
1,4359,3.171
1,4360,2.081
1,4361,1.937
1,4362,2.250
1,4363,1.746
1,4364,1.625
1,4365,2.341
1,4366,2.038
1,4367,2.256
1,4368,2.148
1,4369,1.949
1,4370,1.605
1,4371,1.593
1,4372,1.775
1,4373,1.614
1,4374,1.373
1,4375,1.497
1,4376,2.152
1,4377,2.881
1,4378,1.647
1,4379,1.508
1,4380,1.632
1,4381,1.867
1,4382,1.648
1,4383,1.431
1,4384,2.607
1,4385,2.052
1,4386,2.089
1,4387,1.994
1,4388,1.729
1,4389,1.648
1,4390,1.573
1,4391,3.126
1,4392,2.490
1,4393,1.960
1,4394,2.128
1,4395,2.153
1,4396,1.953
1,4397,2.215
1,4398,2.187
1,4399,1.746
1,4400,1.802
1,4401,2.398
1,4402,2.116
1,4403,1.582
1,4404,2.174
1,4405,1.811
1,4406,2.223
1,4407,3.244
1,4408,1.920
1,4409,1.558
1,4410,1.953
1,4411,2.488
1,4412,2.156
1,4413,1.811
1,4414,3.044
1,4415,2.469
1,4416,2.180
1,4417,2.238
1,4418,2.057
1,4419,1.937
1,4420,3.109
1,4421,1.851
1,4422,1.514
1,4423,2.477
1,4424,2.589
1,4425,1.613
1,4426,1.637
1,4427,2.066
1,4428,2.786
1,4429,2.931
1,4430,2.253
1,4431,1.764
1,4432,1.966
1,4433,2.396
1,4434,1.761
1,4435,1.940
1,4436,2.831
1,4437,2.038
1,4438,2.198
1,4439,2.218
1,4440,2.047
1,4441,1.713
1,4442,2.363
1,4443,2.577
1,4444,2.545
1,4445,2.367
1,4446,2.076
1,4447,2.161
1,4448,2.206
1,4449,2.257
1,4450,1.872
1,4451,2.034
1,4452,3.266
1,4453,1.800
1,4454,1.816
1,4455,2.156
1,4456,2.701
1,4457,2.745
1,4458,2.965
1,4459,2.900
1,4460,2.839
1,4461,2.340
1,4462,3.111
1,4463,2.574
1,4464,1.895
1,4465,1.825
1,4466,2.166
1,4467,1.793
1,4468,2.381
1,4469,2.367
1,4470,1.920
1,4471,1.488
1,4472,2.141
1,4473,2.097
1,4474,1.673
1,4475,2.239
1,4476,2.503
1,4477,2.083
1,4478,1.637
1,4479,1.824
1,4480,1.865
1,4481,1.707
1,4482,1.519
1,4483,2.900
1,4484,2.969
1,4485,2.008
1,4486,2.280
1,4487,2.130
1,4488,1.838
1,4489,2.227
1,4490,1.862
1,4491,2.370
1,4492,3.129
1,4493,1.810
1,4494,1.452
1,4495,1.500
1,4496,1.944
1,4497,1.965
1,4498,1.561
1,4499,2.000
1,4500,2.250
1,4501,2.303
1,4502,2.231
1,4503,2.456
1,4504,2.004
1,4505,1.746
1,4506,2.838
1,4507,2.788
1,4508,2.446
1,4509,2.250
1,4510,1.971
1,4511,2.140
1,4512,2.150
1,4513,2.120
1,4514,2.370
1,4515,3.035
1,4516,2.167
1,4517,2.384
1,4518,2.491
1,4519,1.863
1,4520,2.557
1,4521,3.006
1,4522,2.175
1,4523,2.779
1,4524,2.447
1,4525,1.788
1,4526,1.741
1,4527,2.724
1,4528,1.860
1,4529,1.744
1,4530,2.049
1,4531,1.776
1,4532,1.723
1,4533,2.518
1,4534,2.835
1,4535,1.986
1,4536,2.412
1,4537,2.325
1,4538,2.189
1,4539,1.986
1,4540,2.009
1,4541,2.872
1,4542,2.453
1,4543,2.170
1,4544,2.658
1,4545,2.442
1,4546,2.056
1,4547,1.732
1,4548,2.023
1,4549,2.373
1,4550,1.839
1,4551,2.026
1,4552,2.559
1,4553,1.938
1,4554,1.488
1,4555,2.141
1,4556,2.282
1,4557,1.700
1,4558,1.793
1,4559,1.913
1,4560,1.730
1,4561,2.170
1,4562,1.784
1,4563,2.481
1,4564,2.391
1,4565,2.587
1,4566,2.693
1,4567,1.757
1,4568,1.664
1,4569,2.183
1,4570,2.813
1,4571,3.062
1,4572,2.744
1,4573,3.228
1,4574,3.501
1,4575,2.100
1,4576,3.036
1,4577,2.713
1,4578,2.144
1,4579,3.039
1,4580,1.980
1,4581,2.368
1,4582,2.761
1,4583,2.077
1,4584,1.744
1,4585,2.197
1,4586,1.790
1,4587,1.793
1,4588,1.546
1,4589,1.798
1,4590,2.017
1,4591,1.767
1,4592,1.870
1,4593,2.056
1,4594,1.701
1,4595,1.571
1,4596,2.469
1,4597,2.474
1,4598,2.066
1,4599,2.120
1,4600,2.128
1,4601,2.160
1,4602,2.124
1,4603,2.013
1,4604,1.565
1,4605,1.552
1,4606,3.308
1,4607,3.083
1,4608,2.360
1,4609,2.816
1,4610,2.206
1,4611,2.712
1,4612,2.783
1,4613,2.737
1,4614,2.269
1,4615,2.196
1,4616,2.086
1,4617,2.185
1,4618,2.121
1,4619,2.154
1,4620,2.840
1,4621,2.739
1,4622,2.221
1,4623,2.211
1,4624,1.924
1,4625,2.461
1,4626,3.308
1,4627,1.988
1,4628,2.373
1,4629,2.541
1,4630,2.146
1,4631,1.874
1,4632,2.369
1,4633,2.140
1,4634,2.512
1,4635,2.755
1,4636,3.299
1,4637,2.914
1,4638,2.376
1,4639,2.326
1,4640,2.488
1,4641,2.063
1,4642,1.921
1,4643,2.690
1,4644,1.883
1,4645,2.677
1,4646,2.511
1,4647,2.425
1,4648,2.242
1,4649,2.210
1,4650,2.218
1,4651,3.010
1,4652,2.321
1,4653,2.116
1,4654,2.506
1,4655,2.607
1,4656,2.532
1,4657,2.596
1,4658,3.977
1,4659,2.859
1,4660,2.361
1,4661,1.928
1,4662,2.135
1,4663,2.470
1,4664,2.735
1,4665,3.237
1,4666,2.256
1,4667,2.577
1,4668,2.377
1,4669,1.915
1,4670,2.545
1,4671,2.506
1,4672,3.137
1,4673,2.356
1,4674,2.282
1,4675,1.823
1,4676,1.965
1,4677,2.402
1,4678,2.239
1,4679,2.494
1,4680,2.675
1,4681,1.892
1,4682,1.876
1,4683,2.125
1,4684,2.182
1,4685,2.791
1,4686,3.396
1,4687,3.036
1,4688,2.820
1,4689,2.113
1,4690,2.394
1,4691,3.025
1,4692,2.214
1,4693,2.634
1,4694,2.839
1,4695,2.327
1,4696,3.019
1,4697,2.693
1,4698,2.568
1,4699,2.550
1,4700,2.397
1,4701,2.793
1,4702,3.218
1,4703,3.055
1,4704,2.894
1,4705,2.779
1,4706,3.055
1,4707,3.037
1,4708,2.411
1,4709,2.474
1,4710,2.162
1,4711,2.537
1,4712,2.920
1,4713,2.884
1,4714,3.134
1,4715,2.619
1,4716,2.897
1,4717,2.505
1,4718,2.378
1,4719,3.201
1,4720,3.226
1,4721,2.669
1,4722,2.748
1,4723,3.198
1,4724,3.618
1,4725,2.856
1,4726,3.047
1,4727,2.581
1,4728,2.853
1,4729,2.500
1,4730,3.240
1,4731,3.006
1,4732,3.124
1,4733,3.657
1,4734,3.114
1,4735,3.512
1,4736,3.223
1,4737,3.646
1,4738,2.363
1,4739,3.285
1,4740,3.897
1,4741,3.061
1,4742,2.818
1,4743,3.253
1,4744,2.904
1,4745,2.606
1,4746,4.285
1,4747,2.565
1,4748,2.555
1,4749,3.418
1,4750,3.271
1,4751,2.765
1,4752,3.246
1,4753,2.870
1,4754,2.862
1,4755,4.038
1,4756,3.257
1,4757,3.181
1,4758,2.578
1,4759,3.460
1,4760,2.390
1,4761,3.213
1,4762,2.619
1,4763,2.768
1,4764,3.276
1,4765,2.440
1,4766,2.550
1,4767,2.734
1,4768,2.305
1,4769,2.656
1,4770,2.899
1,4771,2.412
1,4772,2.775
1,4773,2.320
1,4774,3.572
1,4775,2.410
1,4776,2.743
1,4777,3.498
1,4778,2.341
1,4779,3.096
1,4780,3.121
1,4781,2.072
1,4782,2.808
1,4783,2.203
1,4784,2.405
1,4785,3.015
1,4786,2.081
1,4787,2.447
1,4788,2.530
1,4789,2.086
1,4790,1.966
1,4791,2.077
1,4792,1.720
1,4793,1.524
1,4794,1.927
1,4795,2.405
1,4796,2.497
1,4797,2.188
1,4798,2.206
1,4799,1.978
1,4800,1.800
1,4801,2.228
1,4802,1.899
1,4803,2.076
1,4804,2.991
1,4805,2.424
1,4806,2.380
1,4807,3.650
1,4808,2.165
1,4809,2.544
1,4810,2.415
1,4811,2.759
1,4812,2.311
1,4813,2.026
1,4814,1.918
1,4815,3.131
1,4816,3.147
1,4817,2.343
1,4818,2.851
1,4819,2.066
1,4820,2.093
1,4821,2.123
1,4822,2.261
1,4823,2.559
1,4824,2.230
1,4825,1.681
1,4826,2.718
1,4827,2.399
1,4828,1.877
1,4829,2.602
1,4830,2.625
1,4831,2.838
1,4832,2.911
1,4833,2.393
1,4834,1.668
1,4835,2.396
1,4836,3.523
1,4837,1.970
1,4838,2.430
1,4839,2.248
1,4840,2.047
1,4841,2.718
1,4842,2.306
1,4843,2.249
1,4844,2.183
1,4845,1.784
1,4846,1.494
1,4847,1.800
1,4848,1.810
1,4849,1.716
1,4850,2.357
1,4851,2.485
1,4852,1.989
1,4853,1.570
1,4854,1.757
1,4855,1.972
1,4856,2.146
1,4857,1.831
1,4858,2.682
1,4859,3.079
1,4860,2.462
1,4861,2.006
1,4862,1.639
1,4863,1.684
1,4864,2.993
1,4865,2.404
1,4866,1.752
1,4867,2.451
1,4868,2.461
1,4869,1.793
1,4870,1.816
1,4871,1.933
1,4872,1.970
1,4873,2.452
1,4874,2.318
1,4875,2.479
1,4876,1.609
1,4877,1.940
1,4878,1.975
1,4879,1.682
1,4880,2.687
1,4881,2.169
1,4882,1.794
1,4883,2.113
1,4884,2.197
1,4885,1.551
1,4886,1.458
1,4887,1.721
1,4888,2.349
1,4889,1.876
1,4890,1.529
1,4891,1.889
1,4892,1.956
1,4893,1.949
1,4894,2.136
1,4895,1.879
1,4896,1.688
1,4897,2.162
1,4898,2.186
1,4899,2.912
1,4900,1.820
1,4901,2.061
1,4902,2.758
1,4903,2.068
1,4904,2.244
1,4905,2.248
1,4906,1.951
1,4907,2.282
1,4908,2.615
1,4909,1.580
1,4910,1.688
1,4911,2.363
1,4912,3.307
1,4913,2.686
1,4914,1.934
1,4915,1.619
1,4916,1.505
1,4917,1.714
1,4918,2.256
1,4919,2.035
1,4920,2.060
1,4921,2.338
1,4922,1.962
1,4923,1.710
1,4924,1.916
1,4925,1.695
1,4926,1.597
1,4927,3.322
1,4928,2.123
1,4929,1.643
1,4930,1.437
1,4931,1.779
1,4932,3.215
1,4933,1.690
1,4934,1.683
1,4935,4.459
1,4936,3.062
1,4937,2.721
1,4938,2.310
1,4939,2.611
1,4940,2.932
1,4941,3.865
1,4942,2.990
1,4943,2.199
1,4944,2.229
1,4945,1.840
1,4946,2.834
1,4947,2.617
1,4948,2.707
1,4949,1.993
1,4950,2.530
1,4951,2.424
1,4952,2.325
1,4953,2.798
1,4954,2.310
1,4955,3.772
1,4956,2.333
1,4957,2.008
1,4958,2.622
1,4959,2.413
1,4960,1.773
1,4961,2.008
1,4962,2.241
1,4963,1.967
1,4964,2.149
1,4965,2.073
1,4966,1.997
1,4967,2.782
1,4968,2.429
1,4969,1.641
1,4970,2.204
1,4971,1.702
1,4972,1.647
1,4973,2.163
1,4974,2.313
1,4975,2.092
1,4976,1.627
1,4977,1.974
1,4978,2.501
1,4979,2.537
1,4980,1.750
1,4981,1.905
1,4982,2.604
1,4983,1.885
1,4984,1.923
1,4985,2.121
1,4986,1.798
1,4987,1.602
1,4988,2.968
1,4989,1.934
1,4990,2.864
1,4991,2.778
1,4992,2.051
1,4993,2.229
1,4994,2.403
1,4995,2.723
1,4996,2.934
1,4997,2.167
1,4998,1.789
1,4999,2.074
1,5000,2.321
1,5001,1.930
1,5002,1.941
1,5003,2.834
1,5004,2.384
1,5005,2.325
1,5006,2.161
1,5007,1.863
1,5008,1.575
1,5009,2.212
1,5010,2.001
1,5011,2.844
1,5012,1.998
1,5013,1.948
1,5014,1.818
1,5015,1.867
1,5016,2.802
1,5017,1.881
1,5018,3.162
1,5019,3.249
1,5020,1.922
1,5021,3.083
1,5022,2.925
1,5023,3.208
1,5024,2.421
1,5025,3.026
1,5026,2.728
1,5027,2.120
1,5028,2.183
1,5029,2.824
1,5030,2.877
1,5031,2.526
1,5032,2.749
1,5033,2.367
1,5034,3.618
1,5035,3.309
1,5036,3.274
1,5037,2.768
1,5038,3.193
1,5039,2.624
1,5040,2.742
1,5041,3.554
1,5042,2.536
1,5043,2.859
1,5044,3.151
1,5045,3.298
1,5046,3.363
1,5047,3.247
1,5048,2.337
1,5049,2.111
1,5050,2.781
1,5051,2.800
1,5052,2.497
1,5053,2.933
1,5054,2.581
1,5055,2.118
1,5056,2.397
1,5057,2.951
1,5058,2.705
1,5059,2.303
1,5060,1.960
1,5061,2.113
1,5062,2.002
1,5063,1.936
1,5064,3.214
1,5065,3.921
1,5066,2.621
1,5067,2.691
1,5068,1.944
1,5069,2.812
1,5070,2.478
1,5071,2.165
1,5072,3.697
1,5073,4.165
1,5074,3.574
1,5075,2.821
1,5076,2.481
1,5077,2.322
1,5078,2.017
1,5079,2.111
1,5080,2.108
1,5081,2.306
1,5082,2.403
1,5083,2.017
1,5084,1.779
1,5085,2.947
1,5086,2.280
1,5087,1.810
1,5088,2.104
1,5089,2.267
1,5090,1.887
1,5091,2.039
1,5092,2.388
1,5093,3.522
1,5094,3.305
1,5095,2.519
1,5096,2.476
1,5097,2.652
1,5098,2.432
1,5099,2.905
1,5100,2.445
1,5101,2.316
1,5102,2.100
1,5103,1.890
1,5104,1.861
1,5105,1.933
1,5106,2.347
1,5107,2.670
1,5108,2.733
1,5109,2.265
1,5110,1.833
1,5111,1.653
1,5112,2.107
1,5113,1.820
1,5114,1.695
1,5115,2.446
1,5116,2.420
1,5117,1.614
1,5118,1.419
1,5119,1.637
1,5120,1.972
1,5121,1.938
1,5122,1.651
1,5123,2.512
1,5124,3.090
1,5125,2.169
1,5126,2.370
1,5127,2.037
1,5128,1.709
1,5129,2.228
1,5130,2.236
1,5131,2.013
1,5132,2.515
1,5133,2.153
1,5134,1.896
1,5135,2.046
1,5136,2.093
1,5137,1.725
1,5138,1.489
1,5139,2.362
1,5140,2.676
1,5141,2.150
1,5142,1.753
1,5143,2.085
1,5144,1.996
1,5145,1.809
1,5146,2.897
1,5147,2.171
1,5148,1.772
1,5149,2.559
1,5150,2.720
1,5151,2.571
1,5152,3.003
1,5153,2.684
1,5154,2.347
1,5155,2.451
1,5156,2.372
1,5157,2.410
1,5158,1.892
1,5159,1.491
1,5160,1.800
1,5161,2.570
1,5162,2.199
1,5163,1.692
1,5164,1.985
1,5165,2.127
1,5166,1.949
1,5167,1.971
1,5168,2.668
1,5169,2.657
1,5170,2.322
1,5171,2.019
1,5172,1.509
1,5173,2.572
1,5174,2.316
1,5175,2.742
1,5176,2.867
1,5177,2.572
1,5178,2.306
1,5179,2.863
1,5180,3.038
1,5181,2.791
1,5182,3.374
1,5183,2.389
1,5184,2.507
1,5185,1.871
1,5186,1.805
1,5187,2.916
1,5188,2.012
1,5189,1.697
1,5190,1.904
1,5191,2.164
1,5192,1.723
1,5193,1.584
1,5194,1.986
1,5195,2.600
1,5196,2.680
1,5197,2.414
1,5198,2.175
1,5199,1.869
1,5200,2.216
1,5201,2.303
1,5202,2.406
1,5203,2.882
1,5204,2.731
1,5205,2.761
1,5206,2.482
1,5207,2.171
1,5208,5.833
1,5209,4.092
1,5210,4.621
1,5211,4.246
1,5212,3.918
1,5213,4.204
1,5214,3.654
1,5215,3.073
1,5216,2.798
1,5217,2.770
1,5218,4.252
1,5219,4.187
1,5220,3.640
1,5221,2.448
1,5222,2.195
1,5223,2.515
1,5224,2.171
1,5225,2.154
1,5226,2.564
1,5227,2.771
1,5228,1.976
1,5229,3.210
1,5230,2.497
1,5231,2.186
1,5232,2.784
1,5233,2.386
1,5234,3.204
1,5235,2.447
1,5236,2.099
1,5237,2.702
1,5238,2.631
1,5239,2.623
1,5240,2.577
1,5241,3.072
1,5242,2.298
1,5243,2.328
1,5244,2.288
1,5245,3.378
1,5246,2.222
1,5247,2.678
1,5248,3.400
1,5249,2.261
1,5250,2.706
1,5251,2.654
1,5252,2.454
1,5253,2.725
1,5254,2.029
1,5255,2.876
1,5256,4.150
1,5257,3.387
1,5258,2.975
1,5259,2.335
1,5260,2.830
1,5261,2.673
1,5262,2.656
1,5263,2.834
1,5264,2.223
1,5265,2.370
1,5266,2.341
1,5267,2.414
1,5268,3.123
1,5269,2.562
1,5270,2.581
1,5271,2.858
1,5272,2.266
1,5273,2.731
1,5274,2.876
1,5275,3.173
1,5276,2.603
1,5277,2.275
1,5278,2.542
1,5279,3.349
1,5280,3.089
1,5281,3.006
1,5282,2.293
1,5283,2.395
1,5284,2.574
1,5285,2.341
1,5286,3.239
1,5287,3.259
1,5288,3.249
1,5289,2.545
1,5290,2.169
1,5291,2.371
1,5292,2.654
1,5293,2.674
1,5294,3.023
1,5295,3.070
1,5296,2.839
1,5297,2.515
1,5298,2.598
1,5299,3.458
1,5300,2.566
1,5301,3.223
1,5302,2.327
1,5303,3.694
1,5304,2.934
1,5305,2.440
1,5306,3.169
1,5307,2.605
1,5308,3.004
1,5309,2.463
1,5310,2.558
1,5311,3.086
1,5312,2.173
1,5313,2.500
1,5314,3.641
1,5315,2.287
1,5316,2.448
1,5317,2.235
1,5318,2.564
1,5319,2.477
1,5320,2.524
1,5321,3.076
1,5322,2.609
1,5323,2.211
1,5324,2.424
1,5325,2.087
1,5326,2.063
1,5327,2.574
1,5328,2.655
1,5329,1.675
1,5330,1.854
1,5331,3.265
1,5332,1.787
1,5333,1.842
1,5334,2.772
1,5335,2.180
1,5336,2.217
1,5337,2.011
1,5338,1.653
1,5339,1.589
1,5340,2.190
1,5341,1.999
1,5342,2.000
1,5343,2.958
1,5344,2.533
1,5345,2.078
1,5346,2.167
1,5347,1.974
1,5348,1.607
1,5349,2.206
1,5350,2.664
1,5351,1.789
1,5352,1.498
1,5353,2.337
1,5354,2.774
1,5355,2.023
1,5356,1.887
1,5357,2.653
1,5358,2.015
1,5359,2.042
1,5360,2.748
1,5361,1.680
1,5362,2.816
1,5363,2.209
1,5364,2.469
1,5365,2.146
1,5366,1.997
1,5367,1.816
1,5368,1.746
1,5369,2.293
1,5370,2.324
1,5371,2.092
1,5372,2.587
1,5373,2.082
1,5374,1.640
1,5375,1.611
1,5376,1.614
1,5377,1.667
1,5378,1.998
1,5379,2.762
1,5380,2.169
1,5381,2.300
1,5382,2.889
1,5383,2.355
1,5384,2.215
1,5385,2.696
1,5386,3.237
1,5387,2.381
1,5388,2.321
1,5389,2.559
1,5390,3.308
1,5391,2.795
1,5392,3.257
1,5393,3.224
1,5394,2.606
1,5395,2.677
1,5396,2.254
1,5397,3.653
1,5398,3.469
1,5399,3.386
1,5400,2.441
1,5401,1.895
1,5402,2.253
1,5403,2.405
1,5404,2.278
1,5405,2.236
1,5406,2.851
1,5407,2.034
1,5408,2.540
1,5409,2.488
1,5410,3.074
1,5411,2.828
1,5412,2.197
1,5413,2.722
1,5414,3.038
1,5415,2.696
1,5416,3.391
1,5417,2.350
1,5418,2.601
1,5419,2.885
1,5420,1.662
1,5421,2.611
1,5422,2.149
1,5423,2.104
1,5424,2.019
1,5425,1.845
1,5426,1.662
1,5427,1.915
1,5428,1.841
1,5429,2.349
1,5430,1.994
1,5431,2.125
1,5432,1.978
1,5433,1.987
1,5434,2.021
1,5435,2.126
1,5436,2.223
1,5437,1.809
1,5438,2.248
1,5439,2.257
1,5440,1.686
1,5441,1.841
1,5442,2.000
1,5443,1.809
1,5444,2.272
1,5445,3.190
1,5446,2.022
1,5447,1.877
1,5448,2.520
1,5449,2.008
1,5450,1.635
1,5451,1.752
1,5452,3.449
1,5453,2.676
1,5454,2.450
1,5455,1.952
1,5456,1.713
1,5457,2.186
1,5458,2.138
1,5459,2.043
1,5460,1.516
1,5461,1.749
1,5462,2.209
1,5463,2.517
1,5464,2.195
1,5465,2.764
1,5466,4.523
1,5467,2.850
1,5468,3.465
1,5469,3.048
1,5470,3.771
1,5471,3.380
1,5472,3.622
1,5473,4.344
1,5474,3.403
1,5475,4.552
1,5476,3.490
1,5477,2.269
1,5478,3.258
1,5479,2.357
1,5480,1.778
1,5481,2.099
1,5482,2.242
1,5483,1.728
1,5484,1.654
1,5485,1.974
1,5486,2.914
1,5487,2.276
1,5488,2.408
1,5489,2.048
1,5490,4.440
1,5491,2.539
1,5492,3.390
1,5493,2.849
1,5494,2.099
1,5495,1.964
1,5496,2.107
1,5497,2.070
1,5498,3.091
1,5499,3.020
1,5500,2.931
1,5501,2.662
1,5502,2.481
1,5503,1.664
1,5504,2.982
1,5505,2.622
1,5506,2.432
1,5507,2.817
1,5508,2.098
1,5509,2.728
1,5510,3.003
1,5511,2.940
1,5512,2.807
1,5513,2.318
1,5514,3.002
1,5515,2.421
1,5516,3.117
1,5517,4.435
1,5518,3.634
1,5519,3.065
1,5520,2.131
1,5521,2.997
1,5522,2.293
1,5523,2.298
1,5524,2.578
1,5525,2.407
1,5526,2.600
1,5527,2.623
1,5528,1.959
1,5529,2.003
1,5530,2.195
1,5531,2.001
1,5532,2.198
1,5533,2.323
1,5534,2.968
1,5535,3.204
1,5536,3.560
1,5537,2.858
1,5538,2.829
1,5539,3.603
1,5540,3.290
1,5541,2.022
1,5542,3.004
1,5543,2.807
1,5544,2.543
1,5545,3.038
1,5546,2.317
1,5547,2.193
1,5548,2.116
1,5549,1.855
1,5550,2.108
1,5551,2.508
1,5552,2.344
1,5553,2.983
1,5554,3.091
1,5555,2.154
1,5556,2.450
1,5557,2.756
1,5558,2.556
1,5559,2.310
1,5560,1.867
1,5561,1.946
1,5562,2.374
1,5563,2.010
1,5564,1.807
1,5565,2.259
1,5566,2.529
1,5567,2.232
1,5568,2.622
1,5569,2.795
1,5570,1.959
1,5571,2.976
1,5572,2.525
1,5573,1.796
1,5574,2.456
1,5575,3.030
1,5576,3.145
1,5577,2.052
1,5578,2.356
1,5579,3.038
1,5580,1.999
1,5581,1.516
1,5582,1.446
1,5583,1.819
1,5584,2.223
1,5585,1.829
1,5586,2.107
1,5587,2.253
1,5588,1.711
1,5589,1.777
1,5590,2.198
1,5591,2.032
1,5592,1.804
1,5593,2.274
1,5594,3.033
1,5595,2.247
1,5596,2.659
1,5597,2.657
1,5598,2.248
1,5599,3.680
1,5600,2.461
1,5601,2.471
1,5602,2.143
1,5603,1.591
1,5604,1.572
1,5605,2.047
1,5606,1.887
1,5607,2.234
1,5608,2.330
1,5609,2.805
1,5610,1.717
1,5611,2.438
1,5612,2.572
1,5613,2.142
1,5614,2.736
1,5615,2.273
1,5616,2.307
1,5617,2.206
1,5618,2.227
1,5619,1.867
1,5620,2.525
1,5621,2.703
1,5622,2.088
1,5623,2.274
1,5624,2.664
1,5625,1.831
1,5626,2.247
1,5627,2.148
1,5628,2.415
1,5629,3.998
1,5630,4.571
1,5631,3.247
1,5632,2.355
1,5633,2.866
1,5634,2.387
1,5635,2.632
1,5636,2.457
1,5637,1.893
1,5638,2.075
1,5639,3.179
1,5640,2.996
1,5641,2.466
1,5642,2.687
1,5643,2.171
1,5644,2.536
1,5645,3.373
1,5646,3.007
1,5647,2.601
1,5648,1.731
1,5649,2.169
1,5650,2.272
1,5651,1.935
1,5652,2.322
1,5653,3.652
1,5654,3.120
1,5655,3.498
1,5656,3.173
1,5657,3.191
1,5658,3.199
1,5659,2.681
1,5660,2.931
1,5661,2.471
1,5662,2.494
1,5663,2.687
1,5664,2.756
1,5665,2.466
1,5666,1.724
1,5667,2.035
1,5668,1.986
1,5669,1.912
1,5670,2.361
1,5671,2.441
1,5672,2.022
1,5673,2.308
1,5674,2.824
1,5675,2.308
1,5676,2.802
1,5677,4.075
1,5678,3.860
1,5679,3.204
1,5680,2.460
1,5681,2.886
1,5682,2.386
1,5683,2.423
1,5684,2.320
1,5685,1.975
1,5686,2.257
1,5687,2.141
1,5688,1.847
1,5689,2.348
1,5690,2.831
1,5691,1.975
1,5692,1.866
1,5693,2.504
1,5694,3.002
1,5695,2.423
1,5696,2.125
1,5697,1.939
1,5698,2.376
1,5699,2.123
1,5700,1.765
1,5701,1.666
1,5702,2.773
1,5703,2.187
1,5704,1.691
1,5705,2.171
1,5706,2.122
1,5707,2.077
1,5708,2.138
1,5709,2.807
1,5710,2.511
1,5711,2.695
1,5712,2.694
1,5713,2.113
1,5714,2.442
1,5715,2.381
1,5716,2.259
1,5717,3.194
1,5718,2.021
1,5719,1.788
1,5720,2.715
1,5721,1.906
1,5722,1.614
1,5723,2.284
1,5724,3.182
1,5725,2.412
1,5726,2.331
1,5727,2.128
1,5728,2.084
1,5729,2.681
1,5730,3.584
1,5731,3.098
1,5732,2.640
1,5733,1.833
1,5734,3.275
1,5735,2.763
1,5736,3.111
1,5737,2.450
1,5738,2.041
1,5739,2.634
1,5740,2.653
1,5741,1.997
1,5742,3.024
1,5743,3.044
1,5744,2.927
1,5745,2.742
1,5746,3.328
1,5747,2.874
1,5748,2.631
1,5749,2.793
1,5750,2.581
1,5751,2.697
1,5752,3.072
1,5753,3.018
1,5754,3.215
1,5755,2.537
1,5756,3.067
1,5757,2.673
1,5758,3.660
1,5759,3.805
1,5760,3.196
1,5761,2.787
1,5762,2.362
1,5763,2.721
1,5764,4.212
1,5765,2.720
1,5766,2.564
1,5767,2.248
1,5768,3.044
1,5769,2.616
1,5770,3.217
1,5771,2.509
1,5772,2.018
1,5773,2.441
1,5774,2.485
1,5775,2.961
1,5776,2.785
1,5777,3.028
1,5778,3.299
1,5779,2.550
1,5780,2.331
1,5781,3.120
1,5782,3.609
1,5783,4.158
1,5784,5.470
1,5785,4.940
1,5786,4.462
1,5787,4.679
1,5788,3.731
1,5789,4.639
1,5790,3.278
1,5791,3.029
1,5792,3.535
1,5793,2.831
1,5794,2.635
1,5795,2.720
1,5796,2.567
1,5797,2.456
1,5798,3.585
1,5799,2.859
1,5800,3.886
1,5801,2.678
1,5802,2.727
1,5803,2.519
1,5804,3.629
1,5805,3.016
1,5806,2.658
1,5807,3.037
1,5808,2.617
1,5809,3.388
1,5810,2.953
1,5811,2.671
1,5812,2.861
1,5813,2.560
1,5814,3.471
1,5815,3.546
1,5816,3.557
1,5817,2.705
1,5818,3.146
1,5819,3.254
1,5820,4.215
1,5821,3.443
1,5822,2.871
1,5823,3.531
1,5824,2.795
1,5825,2.943
1,5826,2.153
1,5827,2.783
1,5828,2.421
1,5829,1.986
1,5830,2.567
1,5831,3.018
1,5832,2.179
1,5833,2.873
1,5834,3.411
1,5835,3.254
1,5836,3.358
1,5837,3.728
1,5838,3.210
1,5839,3.306
1,5840,2.356
1,5841,2.694
1,5842,2.803
1,5843,2.124
1,5844,2.090
1,5845,3.441
1,5846,3.317
1,5847,3.199
1,5848,2.908
1,5849,3.026
1,5850,2.645
1,5851,3.071
1,5852,3.666
1,5853,2.746
1,5854,3.009
1,5855,2.909
1,5856,2.934
1,5857,2.834
1,5858,3.343
1,5859,2.908
1,5860,2.461
1,5861,2.729
1,5862,2.572
1,5863,2.802
1,5864,3.006
1,5865,2.114
1,5866,2.499
1,5867,2.349
1,5868,1.854
1,5869,3.238
1,5870,2.901
1,5871,2.749
1,5872,2.329
1,5873,2.123
1,5874,2.446
1,5875,2.403
1,5876,2.111
1,5877,2.263
1,5878,2.730
1,5879,2.738
1,5880,2.728
1,5881,2.579
1,5882,2.546
1,5883,2.644
1,5884,2.148
1,5885,1.961
1,5886,2.787
1,5887,2.222
1,5888,2.663
1,5889,2.797
1,5890,2.584
1,5891,3.057
1,5892,2.607
1,5893,3.318
1,5894,3.185
1,5895,2.574
1,5896,3.656
1,5897,2.487
1,5898,2.314
1,5899,3.232
1,5900,2.346
1,5901,2.511
1,5902,2.032
1,5903,1.727
1,5904,2.414
1,5905,2.199
1,5906,2.490
1,5907,3.564
1,5908,2.112
1,5909,2.126
1,5910,2.310
1,5911,1.842
1,5912,1.747
1,5913,2.485
1,5914,2.617
1,5915,2.353
1,5916,2.263
1,5917,2.359
1,5918,2.173
1,5919,3.546
1,5920,3.650
1,5921,3.259
1,5922,3.704
1,5923,3.300
1,5924,2.885
1,5925,2.966
1,5926,2.529
1,5927,2.661
1,5928,3.153
1,5929,3.094
1,5930,3.083
1,5931,2.918
1,5932,2.557
1,5933,2.608
1,5934,3.185
1,5935,3.172
1,5936,2.539
1,5937,2.870
1,5938,2.656
1,5939,2.553
1,5940,3.485
1,5941,2.274
1,5942,2.671
1,5943,2.806
1,5944,2.808
1,5945,3.861
1,5946,3.132
1,5947,2.845
1,5948,2.426
1,5949,3.000
1,5950,2.654
1,5951,2.871
1,5952,3.340
1,5953,2.298
1,5954,2.300
1,5955,2.678
1,5956,2.472
1,5957,3.442
1,5958,3.722
1,5959,3.272
1,5960,2.550
1,5961,2.841
1,5962,3.109
1,5963,2.727
1,5964,3.018
1,5965,2.934
1,5966,4.086
1,5967,2.992
1,5968,3.346
1,5969,2.836
1,5970,3.255
1,5971,4.879
1,5972,3.179
1,5973,7.831
1,5974,2.426
1,5975,3.455
1,5976,3.558
1,5977,3.903
1,5978,3.550
1,5979,3.871
1,5980,3.682
1,5981,2.854
1,5982,2.512
1,5983,3.335
1,5984,2.786
1,5985,3.489
1,5986,3.831
1,5987,3.955
1,5988,3.587
1,5989,3.165
1,5990,3.400
1,5991,3.565
1,5992,2.515
1,5993,3.047
1,5994,3.628
1,5995,3.991
1,5996,3.534
1,5997,3.143
1,5998,2.910
1,5999,3.917
1,6000,3.389
1,6001,3.002
1,6002,2.866
1,6003,2.639
1,6004,3.643
1,6005,3.059
1,6006,4.250
1,6007,3.300
1,6008,3.962
1,6009,4.158
1,6010,3.515
1,6011,3.642
1,6012,4.064
1,6013,3.418
1,6014,2.977
1,6015,2.459
1,6016,2.630
1,6017,2.426
1,6018,3.569
1,6019,2.495
1,6020,2.024
1,6021,2.845
1,6022,2.582
1,6023,2.654
1,6024,3.419
1,6025,3.968
1,6026,3.563
1,6027,2.784
1,6028,3.180
1,6029,2.873
1,6030,3.399
1,6031,3.150
1,6032,3.165
1,6033,2.663
1,6034,3.158
1,6035,2.709
1,6036,2.400
1,6037,3.790
1,6038,3.201
1,6039,2.902
1,6040,2.195
1,6041,2.169
1,6042,2.521
1,6043,2.713
1,6044,1.843
1,6045,2.680
1,6046,2.204
1,6047,1.847
1,6048,2.234
1,6049,2.081
1,6050,2.138
1,6051,3.725
1,6052,3.074
1,6053,2.578
1,6054,2.345
1,6055,2.212
1,6056,2.692
1,6057,2.566
1,6058,2.980
1,6059,2.733
1,6060,2.128
1,6061,2.457
1,6062,2.947
1,6063,2.523
1,6064,2.998
1,6065,3.290
1,6066,2.148
1,6067,2.252
1,6068,2.173
1,6069,2.693
1,6070,2.626
1,6071,2.361
1,6072,3.421
1,6073,2.810
1,6074,3.355
1,6075,3.950
1,6076,3.131
1,6077,2.881
1,6078,2.276
1,6079,2.611
1,6080,3.056
1,6081,3.037
1,6082,2.739
1,6083,2.651
1,6084,3.306
1,6085,2.299
1,6086,4.013
1,6087,3.148
1,6088,2.845
1,6089,2.780
1,6090,3.022
1,6091,3.278
1,6092,3.773
1,6093,3.047
1,6094,2.953
1,6095,3.369
1,6096,4.565
1,6097,3.622
1,6098,2.708
1,6099,2.764
1,6100,2.713
1,6101,2.910
1,6102,2.939
1,6103,2.957
1,6104,4.639
1,6105,4.226
1,6106,4.209
1,6107,3.917
1,6108,2.709
1,6109,2.961
1,6110,3.542
1,6111,3.446
1,6112,2.876
1,6113,3.361
1,6114,2.777
1,6115,2.902
1,6116,2.973
1,6117,3.027
1,6118,3.655
1,6119,3.947
1,6120,2.641
1,6121,2.254
1,6122,2.599
1,6123,2.930
1,6124,2.377
1,6125,3.270
1,6126,2.525
1,6127,2.787
1,6128,2.582
1,6129,2.046
1,6130,2.236
1,6131,2.458
1,6132,2.731
1,6133,3.070
1,6134,2.424
1,6135,2.101
1,6136,2.361
1,6137,2.334
1,6138,3.125
1,6139,4.733
1,6140,3.374
1,6141,3.168
1,6142,2.149
1,6143,3.058
1,6144,2.169
1,6145,2.711
1,6146,2.869
1,6147,2.530
1,6148,2.548
1,6149,3.543
1,6150,2.830
1,6151,2.615
1,6152,2.014
1,6153,2.220
1,6154,2.324
1,6155,2.697
1,6156,2.696
1,6157,2.256
1,6158,1.950
1,6159,2.400
1,6160,2.360
1,6161,2.336
1,6162,3.165
1,6163,2.615
1,6164,2.925
1,6165,2.963
1,6166,1.971
1,6167,3.465
1,6168,2.817
1,6169,2.189
1,6170,2.587
1,6171,2.130
1,6172,3.157
1,6173,3.184
1,6174,2.830
1,6175,2.898
1,6176,2.184
1,6177,2.886
1,6178,2.957
1,6179,3.171
1,6180,2.660
1,6181,2.040
1,6182,1.873
1,6183,2.057
1,6184,2.382
1,6185,2.921
1,6186,3.341
1,6187,3.305
1,6188,2.805
1,6189,2.287
1,6190,3.255
1,6191,3.506
1,6192,3.023
1,6193,2.743
1,6194,2.516
1,6195,2.512
1,6196,2.562
1,6197,3.181
1,6198,2.646
1,6199,2.057
1,6200,2.527
1,6201,2.418
1,6202,2.886
1,6203,2.551
1,6204,3.011
1,6205,2.618
1,6206,2.440
1,6207,2.274
1,6208,2.369
1,6209,2.882
1,6210,2.249
1,6211,3.118
1,6212,2.770
1,6213,2.933
1,6214,2.812
1,6215,2.580
1,6216,3.414
1,6217,2.721
1,6218,2.630
1,6219,2.346
1,6220,2.573
1,6221,2.969
1,6222,2.145
1,6223,2.431
1,6224,3.192
1,6225,2.149
1,6226,2.951
1,6227,2.594
1,6228,2.714
1,6229,2.776
1,6230,2.932
1,6231,3.471
1,6232,3.486
1,6233,3.118
1,6234,2.744
1,6235,2.997
1,6236,2.964
1,6237,3.920
1,6238,3.215
1,6239,2.333
1,6240,2.617
1,6241,3.809
1,6242,2.916
1,6243,2.746
1,6244,2.313
1,6245,2.530
1,6246,2.589
1,6247,3.168
1,6248,2.719
1,6249,2.217
1,6250,2.919
1,6251,2.542
1,6252,2.980
1,6253,3.006
1,6254,2.405
1,6255,2.498
1,6256,2.638
1,6257,3.538
1,6258,3.511
1,6259,2.831
1,6260,2.733
1,6261,2.531
1,6262,3.049
1,6263,3.622
1,6264,3.320
1,6265,2.641
1,6266,2.734
1,6267,2.720
1,6268,2.740
1,6269,3.812
1,6270,2.859
1,6271,2.382
1,6272,2.665
1,6273,2.718
1,6274,3.021
1,6275,4.018
1,6276,3.151
1,6277,2.449
1,6278,2.726
1,6279,2.897
1,6280,3.075
1,6281,4.095
1,6282,2.916
1,6283,3.459
1,6284,3.264
1,6285,3.191
1,6286,2.612
1,6287,2.459
1,6288,2.798
1,6289,2.931
1,6290,3.165
1,6291,2.384
1,6292,2.823
1,6293,2.974
1,6294,1.862
1,6295,2.103
1,6296,2.693
1,6297,2.074
1,6298,2.011
1,6299,2.328
1,6300,2.156
1,6301,2.847
1,6302,2.241
1,6303,2.485
1,6304,2.381
1,6305,2.697
1,6306,2.212
1,6307,3.243
1,6308,2.839
1,6309,2.923
1,6310,2.722
1,6311,1.833
1,6312,2.210
1,6313,2.399
1,6314,2.119
1,6315,2.788
1,6316,2.543
1,6317,2.485
1,6318,2.737
1,6319,2.406
1,6320,2.643
1,6321,3.417
1,6322,3.297
1,6323,2.663
1,6324,2.332
1,6325,2.715
1,6326,2.848
1,6327,2.466
1,6328,2.906
1,6329,2.634
1,6330,2.212
1,6331,2.489
1,6332,2.467
1,6333,2.649
1,6334,3.364
1,6335,2.511
1,6336,3.331
1,6337,2.220
1,6338,2.750
1,6339,2.884
1,6340,2.132
1,6341,2.427
1,6342,2.719
1,6343,2.630
1,6344,2.621
1,6345,2.142
1,6346,2.090
1,6347,2.882
1,6348,2.552
1,6349,2.408
1,6350,3.098
1,6351,2.428
1,6352,2.695
1,6353,2.090
1,6354,1.842
1,6355,2.522
1,6356,2.395
1,6357,2.702
1,6358,3.096
1,6359,3.586
1,6360,3.055
1,6361,2.478
1,6362,2.405
1,6363,3.222
1,6364,2.153
1,6365,2.422
1,6366,2.398
1,6367,2.299
1,6368,3.310
1,6369,3.550
1,6370,3.117
1,6371,2.748
1,6372,3.705
1,6373,2.796
1,6374,2.784
1,6375,2.623
1,6376,2.892
1,6377,3.195
1,6378,3.734
1,6379,3.293
1,6380,2.252
1,6381,2.072
1,6382,2.750
1,6383,2.655
1,6384,4.094
1,6385,2.491
1,6386,2.051
1,6387,2.385
1,6388,2.364
1,6389,2.326
1,6390,2.303
1,6391,2.617
1,6392,2.440
1,6393,2.512
1,6394,2.118
1,6395,2.768
1,6396,2.933
1,6397,2.426
1,6398,3.061
1,6399,2.972
1,6400,2.374
1,6401,2.363
1,6402,2.278
1,6403,3.737
1,6404,2.379
1,6405,2.015
1,6406,3.613
1,6407,2.496
1,6408,2.814
1,6409,3.359
1,6410,2.813
1,6411,2.376
1,6412,1.976
1,6413,1.916
1,6414,2.482
1,6415,2.411
1,6416,2.983
1,6417,2.555
1,6418,2.289
1,6419,2.385
1,6420,2.452
1,6421,2.194
1,6422,2.673
1,6423,2.935
1,6424,1.915
1,6425,2.326
1,6426,2.328
1,6427,1.943
1,6428,2.289
1,6429,2.427
1,6430,2.071
1,6431,2.864
1,6432,2.052
1,6433,2.293
1,6434,2.869
1,6435,3.454
1,6436,2.678
1,6437,2.540
1,6438,2.355
1,6439,2.345
1,6440,2.848
1,6441,3.077
1,6442,3.200
1,6443,2.374
1,6444,3.044
1,6445,2.729
1,6446,2.251
1,6447,2.698
1,6448,2.037
1,6449,1.780
1,6450,2.267
1,6451,1.891
1,6452,1.642
1,6453,3.304
1,6454,2.190
1,6455,2.177
1,6456,2.419
1,6457,2.329
1,6458,2.263
1,6459,2.981
1,6460,2.788
1,6461,1.972
1,6462,3.060
1,6463,2.737
1,6464,2.301
1,6465,2.938
1,6466,3.643
1,6467,3.709
1,6468,2.197
1,6469,2.824
1,6470,2.562
1,6471,3.272
1,6472,2.674
1,6473,3.019
1,6474,3.153
1,6475,2.334
1,6476,3.238
1,6477,2.959
1,6478,1.847
1,6479,1.997
1,6480,2.536
1,6481,2.566
1,6482,2.224
1,6483,3.209
1,6484,3.510
1,6485,3.422
1,6486,4.123
1,6487,2.559
1,6488,2.497
1,6489,3.810
1,6490,2.257
1,6491,2.638
1,6492,3.048
1,6493,2.508
1,6494,2.489
1,6495,2.128
1,6496,2.397
1,6497,2.612
1,6498,2.202
1,6499,3.249
1,6500,2.182
1,6501,1.928
1,6502,2.869
1,6503,2.509
1,6504,2.789
1,6505,2.667
1,6506,2.926
1,6507,3.389
1,6508,2.650
1,6509,3.544
1,6510,5.998
1,6511,3.675
1,6512,3.164
1,6513,3.325
1,6514,5.341
1,6515,4.446
1,6516,4.115
1,6517,3.644
1,6518,3.374
1,6519,3.139
1,6520,5.069
1,6521,3.306
1,6522,2.392
1,6523,2.910
1,6524,3.567
1,6525,2.918
1,6526,2.624
1,6527,2.521
1,6528,2.349
1,6529,4.503
1,6530,3.139
1,6531,3.639
1,6532,3.363
1,6533,3.468
1,6534,2.638
1,6535,2.809
1,6536,2.551
1,6537,2.286
1,6538,3.125
1,6539,3.174
1,6540,2.883
1,6541,2.205
1,6542,2.300
1,6543,2.522
1,6544,2.316
1,6545,2.783
1,6546,3.189
1,6547,2.334
1,6548,2.501
1,6549,2.413
1,6550,2.776
1,6551,3.434
1,6552,2.315
1,6553,3.814
1,6554,2.492
1,6555,3.198
1,6556,3.032
1,6557,2.448
1,6558,2.589
1,6559,2.819
1,6560,3.195
1,6561,2.690
1,6562,2.259
1,6563,2.926
1,6564,2.669
1,6565,2.567
1,6566,2.988
1,6567,2.693
1,6568,2.532
1,6569,2.284
1,6570,2.104
1,6571,2.602
1,6572,2.447
1,6573,3.731
1,6574,2.311
1,6575,2.295
1,6576,3.727
1,6577,2.745
1,6578,3.258
1,6579,2.752
1,6580,2.045
1,6581,2.225
1,6582,2.214
1,6583,2.473
1,6584,2.349
1,6585,2.795
1,6586,3.171
1,6587,2.215
1,6588,1.813
1,6589,2.055
1,6590,2.444
1,6591,2.427
1,6592,2.357
1,6593,2.322
1,6594,2.473
1,6595,2.465
1,6596,2.129
1,6597,1.724
1,6598,2.564
1,6599,2.806
1,6600,2.161
1,6601,2.406
1,6602,3.496
1,6603,2.324
1,6604,3.568
1,6605,1.936
1,6606,1.830
1,6607,2.431
1,6608,2.051
1,6609,2.520
1,6610,2.925
1,6611,2.135
1,6612,2.390
1,6613,2.279
1,6614,2.141
1,6615,2.242
1,6616,2.875
1,6617,2.892
1,6618,2.574
1,6619,2.155
1,6620,2.661
1,6621,2.391
1,6622,2.114
1,6623,2.882
1,6624,2.980
1,6625,2.191
1,6626,2.293
1,6627,2.567
1,6628,2.352
1,6629,3.558
1,6630,2.630
1,6631,2.378
1,6632,2.729
1,6633,2.350
1,6634,2.433
1,6635,2.746
1,6636,3.068
1,6637,2.622
1,6638,1.739
1,6639,1.850
1,6640,2.243
1,6641,1.851
1,6642,2.475
1,6643,2.497
1,6644,2.274
1,6645,3.127
1,6646,2.026
1,6647,1.788
1,6648,1.886
1,6649,2.432
1,6650,2.406
1,6651,2.329
1,6652,2.692
1,6653,2.642
1,6654,1.739
1,6655,1.950
1,6656,2.312
1,6657,2.282
1,6658,2.684
1,6659,2.667
1,6660,2.097
1,6661,2.935
1,6662,2.361
1,6663,2.529
1,6664,2.334
1,6665,2.389
1,6666,2.610
1,6667,2.402
1,6668,2.569
1,6669,2.303
1,6670,2.128
1,6671,1.899
1,6672,1.940
1,6673,1.955
1,6674,1.949
1,6675,1.911
1,6676,2.593
1,6677,2.775
1,6678,2.225
1,6679,2.429
1,6680,2.362
1,6681,2.266
1,6682,2.546
1,6683,3.301
1,6684,3.210
1,6685,2.590
1,6686,3.555
1,6687,2.904
1,6688,2.248
1,6689,2.856
1,6690,2.740
1,6691,1.978
1,6692,2.283
1,6693,2.321
1,6694,2.754
1,6695,2.564
1,6696,2.614
1,6697,3.451
1,6698,3.113
1,6699,3.167
1,6700,3.459
1,6701,3.495
1,6702,2.954
1,6703,2.487
1,6704,3.230
1,6705,2.562
1,6706,2.822
1,6707,2.847
1,6708,3.310
1,6709,3.636
1,6710,3.068
1,6711,2.985
1,6712,2.563
1,6713,2.873
1,6714,3.055
1,6715,3.921
1,6716,4.901
1,6717,3.656
1,6718,2.685
1,6719,4.109
1,6720,2.975
1,6721,2.911
1,6722,2.710
1,6723,2.579
1,6724,3.393
1,6725,3.136
1,6726,2.672
1,6727,2.517
1,6728,3.429
1,6729,4.147
1,6730,4.343
1,6731,3.473
1,6732,3.055
1,6733,3.031
1,6734,3.206
1,6735,3.188
1,6736,2.934
1,6737,3.278
1,6738,3.794
1,6739,2.792
1,6740,2.967
1,6741,3.080
1,6742,2.696
1,6743,3.778
1,6744,3.084
1,6745,2.950
1,6746,2.746
1,6747,2.779
1,6748,3.179
1,6749,3.069
1,6750,3.721
1,6751,3.167
1,6752,2.960
1,6753,2.913
1,6754,2.988
1,6755,2.949
1,6756,2.792
1,6757,2.959
1,6758,3.040
1,6759,3.431
1,6760,3.136
1,6761,3.879
1,6762,2.725
1,6763,2.920
1,6764,3.155
1,6765,2.449
1,6766,3.247
1,6767,2.949
1,6768,2.732
1,6769,2.232
1,6770,3.342
1,6771,2.879
1,6772,2.235
1,6773,2.552
1,6774,3.755
1,6775,3.061
1,6776,2.543
1,6777,2.041
1,6778,2.128
1,6779,1.955
1,6780,1.923
1,6781,2.393
1,6782,2.520
1,6783,2.377
1,6784,3.394
1,6785,2.355
1,6786,2.211
1,6787,2.497
1,6788,2.656
1,6789,1.993
1,6790,2.131
1,6791,2.097
1,6792,1.898
1,6793,1.969
1,6794,1.879
1,6795,1.839
1,6796,2.409
1,6797,2.416
1,6798,1.984
1,6799,1.947
1,6800,2.978
1,6801,2.365
1,6802,2.228
1,6803,2.792
1,6804,3.156
1,6805,2.894
1,6806,2.530
1,6807,2.581
1,6808,3.107
1,6809,2.485
1,6810,3.639
1,6811,2.437
1,6812,1.969
1,6813,2.254
1,6814,1.971
1,6815,1.694
1,6816,2.511
1,6817,2.467
1,6818,2.768
1,6819,2.656
1,6820,2.201
1,6821,1.681
1,6822,2.210
1,6823,4.670
1,6824,3.333
1,6825,2.639
1,6826,3.916
1,6827,4.436
1,6828,3.020
1,6829,3.109
1,6830,3.328
1,6831,2.174
1,6832,2.790
1,6833,3.298
1,6834,2.511
1,6835,2.657
1,6836,3.109
1,6837,3.046
1,6838,3.072
1,6839,6.870
1,6840,3.255
1,6841,4.301
1,6842,4.608
1,6843,2.570
1,6844,2.551
1,6845,3.301
1,6846,2.758
1,6847,3.010
1,6848,2.808
1,6849,2.476
1,6850,2.351
1,6851,2.208
1,6852,2.440
1,6853,3.314
1,6854,2.991
1,6855,3.133
1,6856,3.082
1,6857,2.998
1,6858,3.155
1,6859,4.421
1,6860,3.445
1,6861,2.803
1,6862,2.237
1,6863,2.875
1,6864,2.784
1,6865,3.326
1,6866,2.670
1,6867,2.385
1,6868,2.791
1,6869,3.462
1,6870,2.461
1,6871,3.390
1,6872,2.520
1,6873,2.665
1,6874,2.469
1,6875,2.469
1,6876,2.898
1,6877,2.241
1,6878,2.593
1,6879,2.560
1,6880,2.469
1,6881,2.667
1,6882,2.433
1,6883,2.324
1,6884,2.620
1,6885,2.946
1,6886,2.607
1,6887,2.656
1,6888,2.326
1,6889,2.594
1,6890,2.448
1,6891,2.400
1,6892,3.218
1,6893,2.868
1,6894,2.881
1,6895,3.527
1,6896,2.692
1,6897,2.809
1,6898,3.402
1,6899,2.462
1,6900,2.314
1,6901,2.188
1,6902,2.746
1,6903,2.245
1,6904,3.017
1,6905,3.231
1,6906,2.155
1,6907,2.508
1,6908,2.495
1,6909,2.308
1,6910,2.486
1,6911,2.694
1,6912,2.470
1,6913,2.443
1,6914,2.637
1,6915,2.467
1,6916,2.427
1,6917,3.121
1,6918,3.364
1,6919,2.670
1,6920,2.363
1,6921,3.026
1,6922,2.399
1,6923,2.638
1,6924,2.654
1,6925,2.343
1,6926,2.790
1,6927,2.245
1,6928,2.419
1,6929,2.987
1,6930,2.739
1,6931,2.904
1,6932,3.395
1,6933,3.463
1,6934,3.706
1,6935,3.292
1,6936,2.473
1,6937,2.228
1,6938,2.551
1,6939,2.858
1,6940,2.537
1,6941,2.482
1,6942,2.274
1,6943,3.250
1,6944,2.827
1,6945,3.431
1,6946,4.204
1,6947,2.547
1,6948,2.411
1,6949,2.406
1,6950,3.278
1,6951,3.829
1,6952,3.528
1,6953,2.862
1,6954,2.792
1,6955,2.658
1,6956,2.900
1,6957,3.515
1,6958,4.089
1,6959,3.008
1,6960,2.970
1,6961,3.522
1,6962,3.779
1,6963,4.046
1,6964,2.539
1,6965,3.633
1,6966,2.915
1,6967,2.712
1,6968,2.577
1,6969,3.123
1,6970,2.580
1,6971,3.152
1,6972,2.889
1,6973,2.621
1,6974,2.560
1,6975,2.974
1,6976,3.272
1,6977,2.846
1,6978,2.668
1,6979,2.876
1,6980,3.022
1,6981,5.410
1,6982,3.364
1,6983,2.885
1,6984,2.778
1,6985,2.822
1,6986,4.082
1,6987,3.783
1,6988,4.363
1,6989,4.186
1,6990,5.972
1,6991,4.728
1,6992,4.754
1,6993,5.439
1,6994,3.774
1,6995,6.707
1,6996,3.831
1,6997,3.722
1,6998,4.841
1,6999,5.207
1,7000,4.062
1,7001,3.717
1,7002,3.591
1,7003,5.211
1,7004,4.440
1,7005,4.235
1,7006,3.338
1,7007,5.724
1,7008,5.113
1,7009,3.869
1,7010,4.927
1,7011,4.842
1,7012,5.315
1,7013,8.502
1,7014,3.727
1,7015,6.156
1,7016,3.703
1,7017,5.124
1,7018,4.772
1,7019,5.508
1,7020,4.859
1,7021,5.061
1,7022,5.656
1,7023,4.310
1,7024,3.619
1,7025,4.666
1,7026,4.615
1,7027,4.803
1,7028,3.614
1,7029,4.532
1,7030,4.435
1,7031,3.349
1,7032,3.734
1,7033,3.718
1,7034,3.369
1,7035,3.549
1,7036,4.514
1,7037,3.930
1,7038,3.443
1,7039,4.194
1,7040,6.176
1,7041,4.883
1,7042,4.354
1,7043,6.169
1,7044,6.495
1,7045,5.869
1,7046,4.438
1,7047,4.211
1,7048,3.911
1,7049,5.085
1,7050,3.899
1,7051,5.621
1,7052,6.021
1,7053,4.954
1,7054,5.174
1,7055,2.779
1,7056,4.357
1,7057,4.866
1,7058,4.405
1,7059,3.829
1,7060,3.074
1,7061,3.600
1,7062,2.581
1,7063,2.553
1,7064,2.934
1,7065,2.942
1,7066,3.380
1,7067,2.566
1,7068,3.692
1,7069,3.408
1,7070,3.346
1,7071,3.241
1,7072,3.573
1,7073,3.297
1,7074,3.270
1,7075,2.758
1,7076,2.946
1,7077,3.169
1,7078,1.936
1,7079,3.119
1,7080,2.969
1,7081,2.797
1,7082,3.629
1,7083,2.376
1,7084,2.980
1,7085,2.614
1,7086,3.725
1,7087,3.442
1,7088,2.805
1,7089,3.745
1,7090,3.444
1,7091,4.356
1,7092,3.539
1,7093,2.717
1,7094,3.147
1,7095,3.078
1,7096,4.517
1,7097,2.941
1,7098,3.833
1,7099,3.559
1,7100,3.653
1,7101,3.917
1,7102,3.418
1,7103,2.596
1,7104,3.434
1,7105,3.522
1,7106,4.257
1,7107,3.133
1,7108,3.544
1,7109,3.537
1,7110,3.926
1,7111,3.296
1,7112,3.329
1,7113,3.157
1,7114,3.588
1,7115,2.898
1,7116,3.338
1,7117,3.160
1,7118,4.373
1,7119,5.628
1,7120,3.368
1,7121,4.777
1,7122,4.455
1,7123,3.938
1,7124,4.481
1,7125,4.840
1,7126,6.686
1,7127,4.984
1,7128,3.419
1,7129,3.188
1,7130,3.655
1,7131,2.701
1,7132,2.710
1,7133,3.273
1,7134,3.197
1,7135,3.203
1,7136,3.310
1,7137,2.655
1,7138,3.112
1,7139,3.046
1,7140,3.231
1,7141,3.216
1,7142,4.435
1,7143,5.238
1,7144,3.824
1,7145,4.264
1,7146,2.948
1,7147,3.851
1,7148,2.762
1,7149,2.935
1,7150,3.514
1,7151,5.170
1,7152,3.357
1,7153,3.239
1,7154,3.221
1,7155,3.930
1,7156,3.305
1,7157,3.605
1,7158,3.095
1,7159,4.303
1,7160,4.876
1,7161,6.334
1,7162,4.327
1,7163,4.006
1,7164,3.142
1,7165,3.308
1,7166,3.688
1,7167,5.912
1,7168,3.382
1,7169,3.648
1,7170,2.951
1,7171,3.582
1,7172,4.397
1,7173,3.226
1,7174,2.885
1,7175,3.186
1,7176,3.342
1,7177,3.204
1,7178,3.016
1,7179,4.385
1,7180,4.222
1,7181,3.230
1,7182,3.513
1,7183,2.904
1,7184,2.739
1,7185,3.209
1,7186,4.792
1,7187,2.847
1,7188,2.488
1,7189,2.943
1,7190,2.377
1,7191,3.769
1,7192,3.088
1,7193,3.577
1,7194,2.539
1,7195,2.460
1,7196,3.436
1,7197,2.648
1,7198,3.058
1,7199,3.059
1,7200,3.871
1,7201,3.272
1,7202,4.013
1,7203,4.008
1,7204,3.796
1,7205,2.673
1,7206,3.019
1,7207,2.996
1,7208,2.709
1,7209,2.769
1,7210,3.280
1,7211,3.215
1,7212,3.198
1,7213,3.999
1,7214,2.684
1,7215,2.890
1,7216,3.753
1,7217,3.365
1,7218,2.880
1,7219,3.441
1,7220,4.368
1,7221,4.226
1,7222,3.055
1,7223,3.477
1,7224,2.857
1,7225,3.115
1,7226,3.812
1,7227,3.808
1,7228,3.308
1,7229,3.874
1,7230,3.425
1,7231,4.523
1,7232,2.853
1,7233,3.643
1,7234,3.156
1,7235,3.227
1,7236,4.870
1,7237,3.394
1,7238,3.071
1,7239,4.475
1,7240,4.622
1,7241,3.701
1,7242,3.285
1,7243,2.856
1,7244,2.712
1,7245,2.931
1,7246,2.883
1,7247,3.488
1,7248,3.570
1,7249,3.126
1,7250,2.867
1,7251,3.649
1,7252,4.519
1,7253,3.488
1,7254,2.917
1,7255,4.090
1,7256,4.423
1,7257,4.910
1,7258,5.663
1,7259,5.679
1,7260,3.841
1,7261,3.264
1,7262,3.178
1,7263,4.506
1,7264,4.011
1,7265,3.655
1,7266,3.624
1,7267,3.321
1,7268,4.354
1,7269,3.372
1,7270,3.853
1,7271,3.857
1,7272,3.898
1,7273,3.923
1,7274,3.652
1,7275,2.697
1,7276,4.789
1,7277,3.007
1,7278,2.977
1,7279,3.385
1,7280,3.646
1,7281,5.669
1,7282,3.405
1,7283,2.916
1,7284,3.211
1,7285,4.019
1,7286,3.063
1,7287,2.884
1,7288,2.993
1,7289,2.634
1,7290,3.378
1,7291,2.655
1,7292,3.142
1,7293,2.309
1,7294,2.103
1,7295,3.479
1,7296,3.137
1,7297,3.645
1,7298,4.682
1,7299,2.923
1,7300,2.617
1,7301,2.946
1,7302,2.856
1,7303,3.213
1,7304,3.448
1,7305,3.144
1,7306,2.622
1,7307,2.841
1,7308,3.423
1,7309,2.682
1,7310,3.481
1,7311,3.450
1,7312,2.726
1,7313,3.072
1,7314,2.994
1,7315,3.094
1,7316,4.777
1,7317,3.336
1,7318,3.209
1,7319,3.298
1,7320,3.788
1,7321,3.310
1,7322,2.548
1,7323,3.232
1,7324,2.896
1,7325,3.135
1,7326,3.044
1,7327,3.931
1,7328,2.895
1,7329,3.080
1,7330,3.294
1,7331,2.951
1,7332,2.687
1,7333,5.555
1,7334,3.797
1,7335,4.127
1,7336,3.757
1,7337,3.679
1,7338,2.522
1,7339,3.000
1,7340,3.161
1,7341,3.078
1,7342,2.835
1,7343,3.402
1,7344,4.803
1,7345,4.105
1,7346,3.607
1,7347,5.340
1,7348,4.720
1,7349,2.994
1,7350,3.371
1,7351,3.169
1,7352,4.749
1,7353,3.673
1,7354,5.220
1,7355,5.138
1,7356,3.347
1,7357,3.149
1,7358,3.306
1,7359,3.431
1,7360,3.169
1,7361,3.105
1,7362,2.947
1,7363,3.133
1,7364,3.085
1,7365,4.096
1,7366,3.157
1,7367,3.143
1,7368,3.071
1,7369,3.312
1,7370,3.371
1,7371,3.444
1,7372,3.966
1,7373,2.699
1,7374,3.581
1,7375,2.948
1,7376,3.312
1,7377,3.200
1,7378,4.218
1,7379,3.043
1,7380,4.117
1,7381,2.724
1,7382,2.890
1,7383,3.051
1,7384,4.093
1,7385,3.423
1,7386,2.987
1,7387,3.745
1,7388,3.255
1,7389,4.982
1,7390,3.660
1,7391,2.542
1,7392,3.779
1,7393,2.752
1,7394,3.712
1,7395,2.945
1,7396,3.061
1,7397,2.943
1,7398,3.236
1,7399,3.188
1,7400,2.706
1,7401,2.898
1,7402,3.148
1,7403,3.378
1,7404,3.283
1,7405,3.970
1,7406,2.623
1,7407,2.854
1,7408,4.776
1,7409,2.865
1,7410,3.367
1,7411,2.421
1,7412,2.758
1,7413,3.075
1,7414,4.564
1,7415,2.791
1,7416,4.154
1,7417,2.578
1,7418,3.446
1,7419,2.848
1,7420,3.424
1,7421,2.948
1,7422,3.091
1,7423,3.799
1,7424,3.334
1,7425,3.152
1,7426,4.002
1,7427,3.216
1,7428,2.993
1,7429,2.895
1,7430,3.463
1,7431,3.902
1,7432,2.803
1,7433,4.302
1,7434,3.069
1,7435,3.829
1,7436,3.507
1,7437,3.672
1,7438,2.828
1,7439,3.302
1,7440,3.272
1,7441,3.050
1,7442,3.335
1,7443,4.014
1,7444,3.714
1,7445,3.526
1,7446,2.938
1,7447,4.588
1,7448,3.047
1,7449,3.242
1,7450,2.729
1,7451,3.209
1,7452,3.027
1,7453,2.787
1,7454,3.485
1,7455,2.968
1,7456,3.115
1,7457,2.835
1,7458,4.232
1,7459,2.832
1,7460,3.568
1,7461,3.124
1,7462,3.090
1,7463,3.537
1,7464,4.601
1,7465,4.704
1,7466,4.093
1,7467,3.955
1,7468,2.345
1,7469,5.103
1,7470,2.728
1,7471,3.024
1,7472,3.936
1,7473,3.067
1,7474,3.604
1,7475,3.162
1,7476,2.605
1,7477,2.777
1,7478,3.477
1,7479,3.826
1,7480,4.892
1,7481,3.863
1,7482,2.897
1,7483,3.671
1,7484,3.124
1,7485,3.176
1,7486,3.265
1,7487,2.347
1,7488,3.173
1,7489,3.004
1,7490,3.348
1,7491,3.644
1,7492,4.005
1,7493,3.463
1,7494,3.371
1,7495,3.091
1,7496,2.907
1,7497,2.727
1,7498,2.686
1,7499,2.879
1,7500,2.939
1,7501,3.078
1,7502,3.410
1,7503,3.263
1,7504,3.523
1,7505,3.621
1,7506,3.118
1,7507,2.995
1,7508,3.487
1,7509,3.479
1,7510,3.135
1,7511,3.038
1,7512,4.775
1,7513,3.070
1,7514,3.725
1,7515,3.568
1,7516,3.193
1,7517,3.413
1,7518,2.686
1,7519,2.835
1,7520,2.974
1,7521,2.691
1,7522,3.216
1,7523,2.999
1,7524,2.915
1,7525,3.298
1,7526,2.829
1,7527,3.624
1,7528,3.443
1,7529,3.385
1,7530,3.234
1,7531,4.472
1,7532,2.853
1,7533,3.105
1,7534,3.241
1,7535,3.387
1,7536,4.039
1,7537,3.592
1,7538,3.578
1,7539,3.595
1,7540,3.314
1,7541,2.913
1,7542,2.787
1,7543,3.189
1,7544,2.756
1,7545,4.783
1,7546,4.242
1,7547,3.319
1,7548,4.176
1,7549,3.347
1,7550,3.755
1,7551,3.540
1,7552,2.683
1,7553,2.983
1,7554,3.077
1,7555,3.541
1,7556,2.975
1,7557,2.752
1,7558,2.482
1,7559,2.616
1,7560,2.966
1,7561,2.241
1,7562,2.360
1,7563,2.985
1,7564,2.405
1,7565,3.466
1,7566,2.668
1,7567,3.418
1,7568,3.222
1,7569,3.671
1,7570,3.300
1,7571,2.892
1,7572,3.440
1,7573,4.183
1,7574,3.409
1,7575,2.307
1,7576,3.448
1,7577,2.512
1,7578,3.186
1,7579,2.483
1,7580,3.431
1,7581,2.883
1,7582,2.602
1,7583,3.081
1,7584,2.801
1,7585,2.853
1,7586,3.584
1,7587,2.857
1,7588,3.278
1,7589,3.236
1,7590,2.723
1,7591,3.011
1,7592,3.039
1,7593,2.407
1,7594,2.676
1,7595,2.834
1,7596,3.071
1,7597,3.750
1,7598,3.073
1,7599,3.407
1,7600,3.498
1,7601,3.657
1,7602,2.614
1,7603,2.721
1,7604,3.137
1,7605,2.609
1,7606,3.175
1,7607,2.517
1,7608,2.965
1,7609,2.770
1,7610,2.995
1,7611,3.226
1,7612,3.117
1,7613,2.866
1,7614,2.586
1,7615,2.460
1,7616,2.884
1,7617,3.222
1,7618,2.531
1,7619,2.264
1,7620,3.725
1,7621,2.838
1,7622,4.892
1,7623,4.679
1,7624,3.314
1,7625,3.683
1,7626,3.365
1,7627,4.181
1,7628,5.762
1,7629,4.104
1,7630,5.110
1,7631,3.210
1,7632,2.819
1,7633,2.595
1,7634,2.475
1,7635,2.747
1,7636,2.641
1,7637,2.786
1,7638,3.036
1,7639,2.566
1,7640,3.799
1,7641,3.028
1,7642,3.058
1,7643,3.006
1,7644,2.924
1,7645,2.878
1,7646,2.949
1,7647,2.917
1,7648,2.796
1,7649,2.826
1,7650,3.132
1,7651,3.210
1,7652,3.683
1,7653,2.859
1,7654,3.089
1,7655,2.731
1,7656,4.252
1,7657,2.762
1,7658,2.904
1,7659,2.547
1,7660,2.803
1,7661,2.711
1,7662,3.313
1,7663,3.199
1,7664,2.858
1,7665,3.227
1,7666,2.793
1,7667,3.418
1,7668,2.955
1,7669,2.973
1,7670,2.925
1,7671,1.930
1,7672,2.364
1,7673,3.694
1,7674,3.080
1,7675,2.593
1,7676,2.383
1,7677,2.466
1,7678,2.382
1,7679,2.739
1,7680,2.770
1,7681,3.378
1,7682,2.411
1,7683,4.007
1,7684,3.919
1,7685,2.613
1,7686,2.101
1,7687,2.870
1,7688,2.212
1,7689,2.193
1,7690,2.582
1,7691,2.214
1,7692,2.086
1,7693,2.119
1,7694,1.985
1,7695,2.369
1,7696,2.617
1,7697,2.880
1,7698,3.475
1,7699,3.231
1,7700,3.793
1,7701,3.478
1,7702,3.659
1,7703,3.504
1,7704,3.427
1,7705,3.652
1,7706,3.717
1,7707,3.067
1,7708,3.528
1,7709,2.795
1,7710,2.833
1,7711,3.265
1,7712,3.413
1,7713,2.661
1,7714,2.720
1,7715,2.810
1,7716,2.852
1,7717,3.365
1,7718,4.221
1,7719,2.492
1,7720,3.093
1,7721,3.025
1,7722,3.228
1,7723,4.407
1,7724,3.665
1,7725,3.103
1,7726,3.109
1,7727,3.110
1,7728,4.067
1,7729,3.413
1,7730,3.835
1,7731,3.253
1,7732,3.022
1,7733,3.554
1,7734,3.281
1,7735,3.716
1,7736,3.149
1,7737,2.909
1,7738,3.918
1,7739,4.067
1,7740,4.254
1,7741,3.446
1,7742,3.433
1,7743,4.388
1,7744,3.524
1,7745,3.710
1,7746,3.892
1,7747,4.571
1,7748,3.964
1,7749,3.415
1,7750,2.702
1,7751,2.755
1,7752,2.750
1,7753,2.937
1,7754,2.590
1,7755,3.074
1,7756,2.753
1,7757,2.506
1,7758,3.500
1,7759,3.570
1,7760,3.098
1,7761,3.007
1,7762,2.748
1,7763,3.296
1,7764,2.342
1,7765,2.891
1,7766,2.576
1,7767,2.878
1,7768,3.034
1,7769,4.239
1,7770,3.743
1,7771,2.779
1,7772,3.218
1,7773,3.268
1,7774,3.507
1,7775,2.456
1,7776,3.050
1,7777,2.158
1,7778,3.456
1,7779,3.635
1,7780,2.567
1,7781,2.497
1,7782,2.346
1,7783,2.435
1,7784,3.344
1,7785,2.561
1,7786,2.610
1,7787,2.337
1,7788,1.971
1,7789,2.136
1,7790,2.691
1,7791,2.642
1,7792,3.196
1,7793,2.404
1,7794,2.382
1,7795,2.412
1,7796,2.346
1,7797,2.263
1,7798,2.715
1,7799,2.253
1,7800,2.488
1,7801,2.380
1,7802,2.268
1,7803,3.232
1,7804,3.266
1,7805,3.031
1,7806,2.924
1,7807,2.232
1,7808,2.267
1,7809,3.039
1,7810,2.480
1,7811,2.103
1,7812,2.793
1,7813,2.234
1,7814,2.260
1,7815,2.187
1,7816,2.359
1,7817,3.895
1,7818,3.508
1,7819,2.880
1,7820,2.381
1,7821,2.598
1,7822,2.010
1,7823,1.737
1,7824,2.030
1,7825,2.020
1,7826,1.879
1,7827,2.165
1,7828,2.490
1,7829,2.364
1,7830,2.262
1,7831,2.294
1,7832,2.066
1,7833,1.920
1,7834,3.110
1,7835,3.337
1,7836,4.462
1,7837,2.738
1,7838,2.758
1,7839,2.169
1,7840,2.286
1,7841,3.212
1,7842,2.247
1,7843,2.529
1,7844,3.416
1,7845,2.552
1,7846,3.120
1,7847,3.032
1,7848,2.881
1,7849,2.954
1,7850,2.424
1,7851,2.500
1,7852,3.891
1,7853,3.137
1,7854,2.435
1,7855,2.860
1,7856,3.255
1,7857,3.540
1,7858,2.982
1,7859,2.862
1,7860,2.498
1,7861,2.132
1,7862,3.177
1,7863,2.796
1,7864,2.416
1,7865,2.718
1,7866,3.704
1,7867,2.770
1,7868,3.394
1,7869,3.333
1,7870,2.448
1,7871,2.080
1,7872,2.540
1,7873,2.701
1,7874,2.323
1,7875,2.504
1,7876,2.364
1,7877,2.184
1,7878,2.198
1,7879,2.685
1,7880,2.082
1,7881,2.918
1,7882,2.432
1,7883,2.463
1,7884,2.546
1,7885,2.291
1,7886,3.116
1,7887,2.425
1,7888,2.309
1,7889,2.533
1,7890,2.259
1,7891,1.981
1,7892,2.151
1,7893,4.554
1,7894,3.471
1,7895,3.120
1,7896,2.813
1,7897,2.336
1,7898,2.443
1,7899,3.160
1,7900,2.150
1,7901,1.786
1,7902,2.258
1,7903,2.080
1,7904,2.239
1,7905,3.016
1,7906,3.010
1,7907,2.558
1,7908,2.815
1,7909,2.169
1,7910,2.388
1,7911,2.833
1,7912,2.997
1,7913,2.646
1,7914,1.861
1,7915,1.907
1,7916,2.323
1,7917,2.192
1,7918,1.925
1,7919,2.240
1,7920,3.180
1,7921,2.967
1,7922,2.650
1,7923,2.585
1,7924,2.720
1,7925,2.430
1,7926,2.461
1,7927,2.764
1,7928,3.155
1,7929,2.935
1,7930,2.506
1,7931,2.461
1,7932,3.554
1,7933,2.510
1,7934,3.646
1,7935,2.604
1,7936,2.664
1,7937,2.712
1,7938,2.494
1,7939,2.804
1,7940,3.288
1,7941,2.707
1,7942,3.431
1,7943,2.498
1,7944,4.017
1,7945,2.797
1,7946,3.180
1,7947,2.573
1,7948,2.904
1,7949,3.365
1,7950,3.147
1,7951,4.496
1,7952,3.543
1,7953,3.164
1,7954,4.282
1,7955,3.419
1,7956,3.288
1,7957,3.119
1,7958,3.413
1,7959,3.613
1,7960,4.001
1,7961,2.754
1,7962,4.183
1,7963,3.881
1,7964,3.086
1,7965,2.875
1,7966,2.841
1,7967,3.224
1,7968,3.002
1,7969,2.736
1,7970,2.445
1,7971,2.762
1,7972,2.561
1,7973,3.344
1,7974,3.242
1,7975,2.614
1,7976,2.878
1,7977,2.945
1,7978,3.261
1,7979,3.168
1,7980,2.937
1,7981,2.562
1,7982,3.049
1,7983,3.870
1,7984,2.857
1,7985,3.429
1,7986,3.168
1,7987,2.810
1,7988,3.254
1,7989,3.053
1,7990,2.909
1,7991,3.012
1,7992,3.028
1,7993,2.870
1,7994,3.359
1,7995,2.905
1,7996,3.144
1,7997,4.304
1,7998,3.515
1,7999,3.010
1,8000,2.998
1,8001,2.720
1,8002,2.505
1,8003,3.261
1,8004,2.522
1,8005,2.594
1,8006,3.389
1,8007,2.271
1,8008,3.613
1,8009,2.985
1,8010,2.480
1,8011,2.410
1,8012,2.464
1,8013,3.157
1,8014,2.864
1,8015,3.135
1,8016,2.828
1,8017,2.185
1,8018,2.906
1,8019,2.536
1,8020,2.945
1,8021,3.358
1,8022,3.054
1,8023,2.746
1,8024,2.164
1,8025,2.300
1,8026,2.769
1,8027,2.525
1,8028,2.609
1,8029,2.560
1,8030,2.429
1,8031,3.039
1,8032,3.001
1,8033,4.475
1,8034,2.765
1,8035,3.415
1,8036,2.944
1,8037,3.274
1,8038,2.610
1,8039,2.763
1,8040,3.387
1,8041,3.117
1,8042,3.406
1,8043,4.529
1,8044,4.211
1,8045,5.098
1,8046,5.060
1,8047,3.550
1,8048,2.650
1,8049,3.758
1,8050,3.046
1,8051,4.718
1,8052,3.564
1,8053,3.246
1,8054,2.145
1,8055,3.458
1,8056,5.795
1,8057,4.290
1,8058,4.802
1,8059,3.764
1,8060,5.857
1,8061,4.830
1,8062,4.342
1,8063,3.615
1,8064,5.628
1,8065,4.472
1,8066,3.393
1,8067,4.157
1,8068,6.335
1,8069,7.737
1,8070,5.039
1,8071,4.974
1,8072,4.636
1,8073,5.083
1,8074,6.421
1,8075,4.161
1,8076,4.674
1,8077,4.399
1,8078,4.227
1,8079,4.690
1,8080,5.627
1,8081,5.164
1,8082,4.645
1,8083,4.255
1,8084,4.971
1,8085,4.991
1,8086,5.536
1,8087,6.201
1,8088,3.320
1,8089,5.126
1,8090,4.772
1,8091,4.201
1,8092,15.931
1,8093,7.491
1,8094,8.403
1,8095,6.324
1,8096,6.687
1,8097,7.996
1,8098,7.665
1,8099,7.226
1,8100,6.586
1,8101,7.323
1,8102,7.191
1,8103,6.681
1,8104,5.821
1,8105,5.701
1,8106,5.365
1,8107,4.811
1,8108,4.717
1,8109,4.343
1,8110,4.318
1,8111,6.328
1,8112,5.670
1,8113,5.666
1,8114,4.649
1,8115,4.617
1,8116,3.276
1,8117,3.818
1,8118,3.872
1,8119,3.345
1,8120,6.407
1,8121,9.128
1,8122,5.596
1,8123,4.955
1,8124,3.229
1,8125,7.469
1,8126,3.978
1,8127,2.782
1,8128,3.278
1,8129,2.162
1,8130,2.086
1,8131,2.348
1,8132,3.394
1,8133,3.198
1,8134,2.387
1,8135,2.800
1,8136,3.486
1,8137,2.318
1,8138,3.056
1,8139,2.577
1,8140,2.267
1,8141,2.389
1,8142,2.506
1,8143,2.389
1,8144,3.508
1,8145,2.296
1,8146,2.658
1,8147,3.120
1,8148,3.099
1,8149,3.687
1,8150,2.913
1,8151,2.814
1,8152,2.319
1,8153,2.687
1,8154,2.612
1,8155,2.954
1,8156,2.956
1,8157,2.754
1,8158,3.245
1,8159,3.002
1,8160,4.201
1,8161,4.794
1,8162,3.735
1,8163,3.283
1,8164,3.667
1,8165,3.729
1,8166,3.334
1,8167,2.969
1,8168,3.134
1,8169,5.155
1,8170,3.629
1,8171,5.860
1,8172,4.389
1,8173,4.206
1,8174,3.700
1,8175,3.606
1,8176,4.437
1,8177,3.580
1,8178,4.141
1,8179,3.292
1,8180,3.514
1,8181,3.920
1,8182,3.138
1,8183,3.355
1,8184,3.355
1,8185,3.549
1,8186,4.071
1,8187,3.294
1,8188,2.665
1,8189,2.499
1,8190,2.846
1,8191,3.706
1,8192,3.605
1,8193,2.847
1,8194,3.003
1,8195,3.478
1,8196,5.546
1,8197,2.678
1,8198,3.102
1,8199,3.062
1,8200,2.891
1,8201,3.217
1,8202,4.186
1,8203,2.737
1,8204,3.523
1,8205,4.224
1,8206,3.979
1,8207,2.916
1,8208,3.353
1,8209,2.991
1,8210,3.695
1,8211,3.636
1,8212,3.866
1,8213,3.008
1,8214,3.358
1,8215,2.977
1,8216,3.480
1,8217,3.307
1,8218,2.914
1,8219,3.031
1,8220,2.575
1,8221,3.054
1,8222,3.207
1,8223,3.274
1,8224,2.529
1,8225,2.291
1,8226,2.998
1,8227,3.876
1,8228,3.844
1,8229,2.673
1,8230,2.850
1,8231,2.562
1,8232,2.714
1,8233,3.194
1,8234,3.214
1,8235,3.017
1,8236,2.627
1,8237,2.876
1,8238,3.562
1,8239,3.482
1,8240,2.990
1,8241,2.354
1,8242,2.752
1,8243,2.885
1,8244,3.227
1,8245,2.818
1,8246,3.080
1,8247,2.858
1,8248,2.468
1,8249,4.354
1,8250,3.303
1,8251,3.316
1,8252,3.285
1,8253,3.661
1,8254,2.997
1,8255,2.927
1,8256,2.712
1,8257,2.532
1,8258,3.446
1,8259,3.244
1,8260,3.196
1,8261,2.540
1,8262,3.020
1,8263,2.775
1,8264,3.339
1,8265,3.275
1,8266,2.479
1,8267,2.691
1,8268,2.477
1,8269,2.999
1,8270,3.873
1,8271,2.684
1,8272,3.670
1,8273,3.487
1,8274,3.440
1,8275,3.148
1,8276,3.022
1,8277,2.263
1,8278,2.856
1,8279,2.654
1,8280,2.524
1,8281,2.771
1,8282,2.760
1,8283,2.673
1,8284,2.812
1,8285,2.911
1,8286,3.425
1,8287,3.725
1,8288,3.051
1,8289,2.541
1,8290,2.827
1,8291,4.384
1,8292,4.309
1,8293,2.934
1,8294,2.855
1,8295,3.128
1,8296,3.149
1,8297,2.800
1,8298,3.014
1,8299,3.383
1,8300,3.092
1,8301,3.362
1,8302,3.708
1,8303,3.465
1,8304,4.143
1,8305,3.072
1,8306,2.905
1,8307,3.233
1,8308,3.399
1,8309,3.337
1,8310,3.258
1,8311,2.986
1,8312,2.966
1,8313,3.485
1,8314,3.011
1,8315,3.676
1,8316,3.037
1,8317,3.571
1,8318,3.256
1,8319,3.381
1,8320,4.335
1,8321,3.263
1,8322,2.932
1,8323,3.256
1,8324,3.048
1,8325,3.451
1,8326,2.860
1,8327,2.568
1,8328,3.300
1,8329,2.711
1,8330,2.909
1,8331,3.148
1,8332,2.861
1,8333,2.909
1,8334,2.655
1,8335,3.438
1,8336,2.612
1,8337,3.430
1,8338,3.227
1,8339,3.662
1,8340,2.966
1,8341,2.695
1,8342,2.912
1,8343,2.754
1,8344,2.875
1,8345,2.998
1,8346,2.856
1,8347,2.733
1,8348,2.487
1,8349,3.036
1,8350,3.005
1,8351,3.655
1,8352,2.889
1,8353,2.753
1,8354,2.984
1,8355,6.111
1,8356,2.944
1,8357,3.215
1,8358,2.668
1,8359,2.479
1,8360,4.573
1,8361,3.195
1,8362,2.808
1,8363,2.552
1,8364,2.985
1,8365,3.024
1,8366,3.193
1,8367,2.806
1,8368,2.414
1,8369,2.468
1,8370,2.141
1,8371,3.082
1,8372,3.064
1,8373,2.650
1,8374,2.752
1,8375,2.708
1,8376,2.709
1,8377,2.585
1,8378,2.543
1,8379,2.938
1,8380,2.797
1,8381,2.231
1,8382,2.597
1,8383,2.682
1,8384,2.711
1,8385,3.257
1,8386,2.482
1,8387,3.405
1,8388,2.408
1,8389,2.547
1,8390,2.668
1,8391,2.430
1,8392,2.185
1,8393,2.169
1,8394,2.478
1,8395,2.578
1,8396,2.686
1,8397,2.580
1,8398,2.912
1,8399,2.537
1,8400,2.366
1,8401,3.515
1,8402,2.717
1,8403,3.406
1,8404,2.908
1,8405,2.573
1,8406,3.136
1,8407,2.990
1,8408,3.316
1,8409,2.652
1,8410,2.810
1,8411,2.995
1,8412,3.028
1,8413,3.278
1,8414,2.737
1,8415,3.031
1,8416,3.281
1,8417,3.873
1,8418,5.209
1,8419,3.271
1,8420,3.504
1,8421,3.175
1,8422,2.686
1,8423,2.657
1,8424,2.829
1,8425,2.898
1,8426,3.164
1,8427,3.316
1,8428,3.042
1,8429,3.049
1,8430,3.568
1,8431,3.078
1,8432,3.068
1,8433,2.404
1,8434,2.830
1,8435,2.593
1,8436,2.534
1,8437,3.082
1,8438,2.713
1,8439,2.961
1,8440,2.733
1,8441,2.757
1,8442,3.541
1,8443,3.511
1,8444,3.187
1,8445,2.012
1,8446,2.663
1,8447,3.141
1,8448,3.042
1,8449,2.678
1,8450,2.464
1,8451,2.524
1,8452,2.648
1,8453,2.728
1,8454,3.769
1,8455,2.804
1,8456,3.729
1,8457,2.489
1,8458,3.018
1,8459,2.927
1,8460,2.893
1,8461,2.806
1,8462,2.629
1,8463,2.417
1,8464,2.799
1,8465,2.933
1,8466,2.743
1,8467,2.333
1,8468,2.537
1,8469,2.860
1,8470,2.366
1,8471,3.334
1,8472,3.005
1,8473,2.816
1,8474,2.631
1,8475,2.477
1,8476,3.658
1,8477,2.779
1,8478,2.760
1,8479,2.599
1,8480,2.359
1,8481,2.389
1,8482,2.890
1,8483,2.658
1,8484,2.685
1,8485,2.405
1,8486,2.496
1,8487,2.234
1,8488,2.201
1,8489,2.947
1,8490,2.045
1,8491,2.069
1,8492,2.362
1,8493,2.090
1,8494,1.754
1,8495,2.061
1,8496,2.268
1,8497,2.556
1,8498,2.298
1,8499,2.320
1,8500,2.280
1,8501,2.713
1,8502,2.573
1,8503,2.238
1,8504,3.487
1,8505,2.329
1,8506,2.146
1,8507,2.411
1,8508,2.561
1,8509,2.596
1,8510,2.477
1,8511,2.635
1,8512,2.603
1,8513,2.324
1,8514,1.964
1,8515,2.493
1,8516,2.757
1,8517,2.983
1,8518,3.184
1,8519,2.626
1,8520,3.143
1,8521,2.568
1,8522,2.591
1,8523,3.135
1,8524,2.974
1,8525,3.190
1,8526,2.803
1,8527,3.342
1,8528,2.767
1,8529,2.541
1,8530,3.170
1,8531,2.201
1,8532,3.391
1,8533,2.197
1,8534,1.991
1,8535,3.028
1,8536,2.438
1,8537,2.805
1,8538,2.793
1,8539,2.350
1,8540,2.025
1,8541,2.193
1,8542,2.138
1,8543,2.153
1,8544,2.511
1,8545,2.891
1,8546,2.493
1,8547,2.442
1,8548,2.043
1,8549,2.553
1,8550,2.553
1,8551,2.547
1,8552,3.092
1,8553,2.224
1,8554,2.235
1,8555,3.373
1,8556,2.388
1,8557,2.928
1,8558,2.841
1,8559,2.772
1,8560,2.526
1,8561,2.058
1,8562,2.447
1,8563,3.847
1,8564,2.164
1,8565,2.522
1,8566,2.614
1,8567,2.085
1,8568,2.525
1,8569,2.702
1,8570,2.794
1,8571,2.487
1,8572,1.821
1,8573,2.968
1,8574,2.519
1,8575,2.218
1,8576,2.402
1,8577,2.444
1,8578,2.199
1,8579,2.280
1,8580,2.450
1,8581,1.856
1,8582,3.032
1,8583,3.277
1,8584,2.541
1,8585,2.640
1,8586,2.206
1,8587,3.279
1,8588,2.864
1,8589,2.589
1,8590,2.588
1,8591,2.135
1,8592,2.133
1,8593,2.464
1,8594,2.879
1,8595,2.185
1,8596,2.094
1,8597,2.103
1,8598,2.181
1,8599,2.113
1,8600,2.070
1,8601,2.245
1,8602,3.313
1,8603,2.144
1,8604,2.143
1,8605,2.288
1,8606,2.191
1,8607,3.181
1,8608,3.571
1,8609,3.226
1,8610,3.065
1,8611,2.364
1,8612,3.146
1,8613,2.436
1,8614,2.657
1,8615,3.009
1,8616,2.202
1,8617,2.979
1,8618,2.514
1,8619,2.336
1,8620,2.714
1,8621,2.652
1,8622,2.579
1,8623,2.833
1,8624,3.592
1,8625,3.856
1,8626,3.353
1,8627,2.916
1,8628,3.815
1,8629,2.915
1,8630,2.593
1,8631,3.798
1,8632,3.176
1,8633,3.220
1,8634,3.310
1,8635,2.932
1,8636,2.984
1,8637,2.881
1,8638,3.433
1,8639,3.525
1,8640,3.412
1,8641,2.688
1,8642,3.066
1,8643,2.572
1,8644,3.105
1,8645,2.676
1,8646,3.062
1,8647,3.580
1,8648,2.558
1,8649,3.070
1,8650,2.747
1,8651,2.105
1,8652,3.821
1,8653,2.365
1,8654,2.732
1,8655,2.614
1,8656,2.371
1,8657,2.588
1,8658,2.055
1,8659,2.633
1,8660,2.461
1,8661,2.408
1,8662,2.722
1,8663,2.311
1,8664,2.007
1,8665,2.260
1,8666,2.878
1,8667,2.730
1,8668,3.097
1,8669,2.336
1,8670,2.182
1,8671,2.897
1,8672,2.521
1,8673,3.655
1,8674,2.451
1,8675,2.877
1,8676,2.798
1,8677,2.121
1,8678,2.633
1,8679,3.457
1,8680,3.241
1,8681,2.885
1,8682,2.578
1,8683,3.033
1,8684,2.614
1,8685,3.174
1,8686,3.067
1,8687,2.565
1,8688,2.951
1,8689,2.348
1,8690,2.735
1,8691,3.040
1,8692,3.071
1,8693,2.842
1,8694,2.638
1,8695,2.783
1,8696,2.881
1,8697,2.896
1,8698,2.992
1,8699,2.321
1,8700,2.548
1,8701,2.660
1,8702,2.929
1,8703,3.486
1,8704,3.178
1,8705,3.204
1,8706,2.240
1,8707,2.905
1,8708,4.604
1,8709,4.204
1,8710,5.692
1,8711,3.201
1,8712,3.344
1,8713,2.692
1,8714,2.592
1,8715,3.742
1,8716,4.413
1,8717,4.154
1,8718,3.526
1,8719,2.851
1,8720,3.841
1,8721,3.356
1,8722,4.643
1,8723,2.462
1,8724,2.883
1,8725,3.218
1,8726,2.692
1,8727,2.982
1,8728,2.717
1,8729,2.594
1,8730,2.439
1,8731,2.637
1,8732,3.334
1,8733,2.218
1,8734,2.251
1,8735,2.841
1,8736,2.801
1,8737,3.599
1,8738,3.054
1,8739,3.142
1,8740,3.069
1,8741,2.871
1,8742,2.848
1,8743,2.749
1,8744,4.258
1,8745,3.064
1,8746,3.526
1,8747,2.707
1,8748,3.318
1,8749,3.715
1,8750,3.281
1,8751,3.088
1,8752,3.017
1,8753,2.909
1,8754,3.297
1,8755,3.112
1,8756,3.425
1,8757,3.154
1,8758,2.370
1,8759,3.340
1,8760,2.827
1,8761,3.413
1,8762,3.161
1,8763,2.890
1,8764,4.011
1,8765,3.588
1,8766,3.537
1,8767,2.886
1,8768,2.726
1,8769,2.730
1,8770,3.373
1,8771,2.880
1,8772,3.205
1,8773,2.736
1,8774,2.614
1,8775,2.598
1,8776,2.476
1,8777,3.034
1,8778,3.021
1,8779,2.449
1,8780,2.820
1,8781,2.580
1,8782,3.419
1,8783,3.021
1,8784,3.338
1,8785,2.485
1,8786,2.192
1,8787,3.616
1,8788,2.695
1,8789,3.122
1,8790,3.072
1,8791,2.961
1,8792,2.868
1,8793,2.891
1,8794,3.281
1,8795,2.575
1,8796,3.410
1,8797,3.027
1,8798,3.233
1,8799,2.939
1,8800,2.860
1,8801,2.987
1,8802,3.278
1,8803,3.611
1,8804,3.249
1,8805,2.930
1,8806,2.720
1,8807,2.865
1,8808,3.182
1,8809,3.370
1,8810,5.006
1,8811,4.453
1,8812,6.779
1,8813,3.622
1,8814,3.168
1,8815,2.742
1,8816,3.172
1,8817,2.707
1,8818,3.157
1,8819,3.307
1,8820,2.607
1,8821,3.094
1,8822,3.186
1,8823,3.403
1,8824,3.151
1,8825,3.429
1,8826,2.759
1,8827,2.886
1,8828,3.903
1,8829,2.682
1,8830,3.065
1,8831,2.986
1,8832,3.000
1,8833,2.545
1,8834,3.134
1,8835,3.242
1,8836,3.261
1,8837,3.997
1,8838,2.317
1,8839,2.666
1,8840,2.498
1,8841,2.926
1,8842,2.647
1,8843,2.663
1,8844,2.886
1,8845,2.998
1,8846,2.895
1,8847,2.617
1,8848,2.977
1,8849,3.272
1,8850,2.475
1,8851,3.457
1,8852,2.368
1,8853,2.033
1,8854,2.749
1,8855,2.244
1,8856,2.914
1,8857,2.537
1,8858,2.507
1,8859,2.571
1,8860,2.792
1,8861,2.641
1,8862,2.597
1,8863,2.665
1,8864,2.757
1,8865,3.020
1,8866,3.402
1,8867,2.679
1,8868,2.000
1,8869,2.512
1,8870,2.866
1,8871,2.013
1,8872,2.453
1,8873,2.542
1,8874,2.331
1,8875,3.455
1,8876,2.463
1,8877,2.813
1,8878,3.097
1,8879,2.591
1,8880,2.594
1,8881,2.575
1,8882,2.181
1,8883,3.024
1,8884,2.708
1,8885,2.399
1,8886,2.193
1,8887,1.648
1,8888,1.587
1,8889,1.986
1,8890,1.914
1,8891,1.991
1,8892,3.906
1,8893,2.394
1,8894,2.263
1,8895,2.336
1,8896,1.918
1,8897,1.737
1,8898,2.883
1,8899,3.174
1,8900,2.719
1,8901,2.345
1,8902,2.160
1,8903,2.869
1,8904,3.760
1,8905,2.758
1,8906,2.462
1,8907,2.421
1,8908,2.154
1,8909,1.943
1,8910,1.771
1,8911,3.055
1,8912,3.490
1,8913,3.293
1,8914,3.764
1,8915,2.924
1,8916,2.441
1,8917,2.265
1,8918,2.386
1,8919,2.207
1,8920,1.890
1,8921,2.424
1,8922,2.259
1,8923,3.096
1,8924,2.233
1,8925,2.130
1,8926,2.593
1,8927,2.541
1,8928,2.295
1,8929,2.120
1,8930,3.793
1,8931,3.008
1,8932,2.835
1,8933,2.717
1,8934,3.425
1,8935,3.179
1,8936,3.174
1,8937,3.145
1,8938,4.855
1,8939,3.266
1,8940,2.387
1,8941,2.306
1,8942,1.904
1,8943,1.848
1,8944,2.269
1,8945,2.922
1,8946,2.883
1,8947,2.567
1,8948,2.366
1,8949,2.738
1,8950,2.342
1,8951,2.379
1,8952,2.552
1,8953,3.610
1,8954,2.301
1,8955,2.748
1,8956,1.968
1,8957,2.072
1,8958,2.744
1,8959,2.604
1,8960,2.946
1,8961,2.625
1,8962,2.121
1,8963,2.565
1,8964,2.217
1,8965,1.727
1,8966,2.389
1,8967,2.394
1,8968,2.179
1,8969,2.088
1,8970,2.007
1,8971,2.434
1,8972,3.116
1,8973,2.133
1,8974,2.007
1,8975,2.708
1,8976,2.735
1,8977,3.662
1,8978,5.968
1,8979,4.324
1,8980,4.268
1,8981,6.196
1,8982,2.873
1,8983,2.204
1,8984,2.398
1,8985,2.902
1,8986,2.578
1,8987,3.102
1,8988,2.490
1,8989,2.834
1,8990,3.319
1,8991,3.481
1,8992,2.309
1,8993,1.941
1,8994,2.347
1,8995,2.440
1,8996,1.851
1,8997,1.830
1,8998,2.523
1,8999,2.415
1,9000,1.940
1,9001,2.902
1,9002,2.206
1,9003,2.307
1,9004,3.047
1,9005,2.974
1,9006,5.072
1,9007,3.724
1,9008,3.393
1,9009,3.821
1,9010,2.719
1,9011,2.620
1,9012,2.990
1,9013,3.015
1,9014,2.925
1,9015,2.876
1,9016,2.212
1,9017,2.419
1,9018,2.293
1,9019,2.191
1,9020,2.793
1,9021,2.264
1,9022,2.141
1,9023,2.548
1,9024,2.593
1,9025,3.269
1,9026,3.058
1,9027,3.203
1,9028,2.874
1,9029,1.996
1,9030,2.430
1,9031,2.891
1,9032,2.626
1,9033,2.750
1,9034,2.533
1,9035,2.843
1,9036,2.548
1,9037,2.153
1,9038,3.214
1,9039,2.373
1,9040,1.995
1,9041,2.702
1,9042,2.467
1,9043,2.156
1,9044,2.997
1,9045,2.946
1,9046,2.752
1,9047,2.760
1,9048,1.788
1,9049,2.735
1,9050,2.668
1,9051,3.194
1,9052,4.214
1,9053,2.836
1,9054,2.640
1,9055,1.857
1,9056,2.256
1,9057,2.524
1,9058,1.953
1,9059,2.677
1,9060,2.741
1,9061,2.152
1,9062,2.492
1,9063,2.835
1,9064,2.640
1,9065,4.650
1,9066,2.961
1,9067,2.997
1,9068,2.971
1,9069,2.833
1,9070,2.232
1,9071,1.986
1,9072,2.572
1,9073,2.688
1,9074,3.704
1,9075,2.791
1,9076,2.152
1,9077,2.334
1,9078,2.285
1,9079,2.028
1,9080,2.883
1,9081,2.031
1,9082,1.646
1,9083,2.181
1,9084,2.618
1,9085,2.118
1,9086,2.402
1,9087,2.672
1,9088,3.163
1,9089,3.425
1,9090,2.280
1,9091,3.181
1,9092,2.842
1,9093,2.975
1,9094,2.868
1,9095,2.397
1,9096,2.732
1,9097,2.317
1,9098,2.173
1,9099,3.201
1,9100,2.396
1,9101,3.207
1,9102,2.657
1,9103,2.876
1,9104,3.124
1,9105,2.508
1,9106,2.719
1,9107,2.848
1,9108,2.460
1,9109,2.459
1,9110,2.529
1,9111,2.934
1,9112,2.298
1,9113,1.871
1,9114,2.683
1,9115,2.280
1,9116,1.806
1,9117,2.239
1,9118,2.584
1,9119,2.095
1,9120,1.747
1,9121,2.171
1,9122,2.269
1,9123,2.016
1,9124,2.412
1,9125,3.147
1,9126,2.603
1,9127,2.626
1,9128,2.520
1,9129,2.876
1,9130,2.590
1,9131,2.902
1,9132,2.495
1,9133,1.983
1,9134,1.952
1,9135,2.690
1,9136,3.003
1,9137,4.574
1,9138,2.786
1,9139,2.451
1,9140,2.722
1,9141,1.962
1,9142,3.090
1,9143,2.585
1,9144,1.900
1,9145,2.240
1,9146,2.226
1,9147,2.238
1,9148,2.316
1,9149,2.404
1,9150,2.944
1,9151,2.754
1,9152,1.978
1,9153,1.894
1,9154,2.784
1,9155,2.121
1,9156,2.386
1,9157,5.085
1,9158,2.601
1,9159,2.451
1,9160,2.075
1,9161,3.380
1,9162,3.092
1,9163,2.486
1,9164,2.668
1,9165,2.185
1,9166,2.888
1,9167,2.646
1,9168,1.861
1,9169,2.571
1,9170,2.682
1,9171,1.712
1,9172,2.109
1,9173,2.728
1,9174,2.839
1,9175,2.584
1,9176,2.157
1,9177,2.075
1,9178,2.838
1,9179,2.101
1,9180,1.739
1,9181,3.348
1,9182,2.927
1,9183,2.371
1,9184,2.730
1,9185,1.910
1,9186,2.075
1,9187,2.813
1,9188,2.205
1,9189,3.340
1,9190,2.713
1,9191,2.875
1,9192,2.509
1,9193,2.828
1,9194,2.861
1,9195,2.672
1,9196,2.270
1,9197,2.508
1,9198,2.590
1,9199,3.936
1,9200,2.563
1,9201,2.548
1,9202,2.737
1,9203,2.035
1,9204,2.121
1,9205,4.347
1,9206,3.109
1,9207,3.256
1,9208,3.111
1,9209,4.585
1,9210,5.767
1,9211,7.144
1,9212,6.371
1,9213,6.651
1,9214,6.333
1,9215,9.762
1,9216,5.243
1,9217,7.912
1,9218,5.106
1,9219,6.503
1,9220,5.545
1,9221,5.631
1,9222,5.960
1,9223,6.546
1,9224,6.573
1,9225,4.685
1,9226,4.350
1,9227,4.228
1,9228,4.094
1,9229,4.022
1,9230,4.339
1,9231,4.279
1,9232,4.139
1,9233,3.507
1,9234,3.605
1,9235,3.827
1,9236,4.218
1,9237,3.592
1,9238,4.349
1,9239,4.787
1,9240,3.460
1,9241,3.536
1,9242,3.703
1,9243,4.529
1,9244,3.789
1,9245,3.383
1,9246,4.129
1,9247,4.885
1,9248,4.577
1,9249,3.874
1,9250,4.173
1,9251,3.775
1,9252,2.733
1,9253,4.083
1,9254,2.787
1,9255,4.308
1,9256,3.943
1,9257,3.625
1,9258,3.880
1,9259,4.418
1,9260,4.599
1,9261,3.040
1,9262,2.501
1,9263,3.333
1,9264,2.757
1,9265,2.607
1,9266,2.396
1,9267,2.543
1,9268,2.586
1,9269,2.296
1,9270,3.794
1,9271,3.507
1,9272,3.131
1,9273,2.412
1,9274,2.453
1,9275,3.589
1,9276,3.929
1,9277,2.979
1,9278,2.977
1,9279,3.004
1,9280,3.124
1,9281,2.929
1,9282,2.756
1,9283,2.564
1,9284,2.608
1,9285,2.751
1,9286,3.168
1,9287,2.661
1,9288,2.958
1,9289,3.080
1,9290,2.468
1,9291,2.980
1,9292,2.780
1,9293,2.899
1,9294,2.507
1,9295,3.237
1,9296,3.299
1,9297,2.931
1,9298,3.197
1,9299,2.854
1,9300,3.216
1,9301,3.149
1,9302,3.531
1,9303,3.204
1,9304,3.165
1,9305,2.857
1,9306,2.403
1,9307,3.189
1,9308,2.253
1,9309,2.400
1,9310,2.722
1,9311,2.058
1,9312,1.953
1,9313,2.954
1,9314,2.762
1,9315,2.674
1,9316,2.487
1,9317,2.376
1,9318,2.256
1,9319,2.976
1,9320,5.497
1,9321,2.758
1,9322,2.508
1,9323,3.225
1,9324,5.169
1,9325,2.476
1,9326,2.235
1,9327,2.752
1,9328,1.923
1,9329,1.715
1,9330,2.568
1,9331,2.171
1,9332,1.782
1,9333,1.982
1,9334,1.825
1,9335,2.614
1,9336,2.131
1,9337,2.290
1,9338,2.088
1,9339,2.280
1,9340,2.369
1,9341,2.032
1,9342,2.160
1,9343,2.678
1,9344,2.590
1,9345,2.802
1,9346,2.448
1,9347,3.013
1,9348,2.828
1,9349,3.295
1,9350,6.083
1,9351,2.944
1,9352,2.751
1,9353,2.539
1,9354,2.999
1,9355,2.887
1,9356,2.283
1,9357,2.567
1,9358,2.437
1,9359,2.515
1,9360,3.099
1,9361,4.270
1,9362,3.680
1,9363,3.490
1,9364,5.010
1,9365,4.017
1,9366,3.065
1,9367,3.108
1,9368,2.231
1,9369,3.000
1,9370,2.990
1,9371,5.315
1,9372,3.148
1,9373,3.483
1,9374,3.327
1,9375,2.873
1,9376,2.456
1,9377,2.310
1,9378,2.354
1,9379,3.021
1,9380,3.008
1,9381,2.312
1,9382,2.314
1,9383,2.557
1,9384,2.235
1,9385,2.230
1,9386,3.229
1,9387,2.528
1,9388,2.491
1,9389,2.580
1,9390,2.430
1,9391,3.288
1,9392,3.419
1,9393,3.959
1,9394,3.288
1,9395,3.674
1,9396,5.484
1,9397,4.279
1,9398,3.585
1,9399,2.727
1,9400,3.082
1,9401,3.155
1,9402,3.200
1,9403,3.310
1,9404,4.026
1,9405,3.604
1,9406,3.504
1,9407,3.574
1,9408,2.807
1,9409,4.019
1,9410,3.176
1,9411,3.378
1,9412,2.517
1,9413,2.947
1,9414,2.519
1,9415,2.109
1,9416,2.163
1,9417,1.922
1,9418,1.916
1,9419,2.051
1,9420,2.307
1,9421,2.214
1,9422,1.993
1,9423,2.653
1,9424,1.922
1,9425,1.795
1,9426,2.317
1,9427,2.477
1,9428,2.448
1,9429,2.231
1,9430,1.802
1,9431,1.970
1,9432,1.972
1,9433,2.282
1,9434,2.012
1,9435,2.654
1,9436,2.371
1,9437,2.186
1,9438,1.955
1,9439,2.348
1,9440,1.745
1,9441,1.778
1,9442,2.179
1,9443,2.233
1,9444,1.777
1,9445,1.904
1,9446,2.129
1,9447,1.886
1,9448,2.095
1,9449,2.108
1,9450,4.039
1,9451,4.884
1,9452,2.839
1,9453,2.632
1,9454,3.963
1,9455,3.198
1,9456,2.500
1,9457,2.252
1,9458,2.215
1,9459,1.774
1,9460,1.684
1,9461,4.146
1,9462,1.963
1,9463,1.734
1,9464,1.728
1,9465,1.597
1,9466,1.927
1,9467,1.896
1,9468,2.577
1,9469,2.812
1,9470,2.861
1,9471,2.613
1,9472,1.904
1,9473,1.855
1,9474,1.746
1,9475,2.201
1,9476,2.365
1,9477,2.199
1,9478,1.678
1,9479,1.871
1,9480,2.145
1,9481,1.805
1,9482,1.576
1,9483,1.982
1,9484,4.309
1,9485,4.147
1,9486,2.900
1,9487,3.457
1,9488,3.334
1,9489,2.489
1,9490,2.705
1,9491,2.908
1,9492,2.153
1,9493,2.232
1,9494,2.563
1,9495,2.539
1,9496,2.229
1,9497,1.815
1,9498,1.811
1,9499,2.386
1,9500,1.888
1,9501,2.630
1,9502,3.226
1,9503,2.391
1,9504,2.147
1,9505,2.308
1,9506,2.366
1,9507,2.852
1,9508,2.921
1,9509,4.111
1,9510,3.992
1,9511,4.901
1,9512,3.928
1,9513,4.579
1,9514,6.104
1,9515,6.812
1,9516,5.220
1,9517,3.803
1,9518,6.069
1,9519,3.898
1,9520,4.906
1,9521,4.334
1,9522,5.119
1,9523,4.313
1,9524,4.751
1,9525,3.833
1,9526,15.892
1,9527,4.375
1,9528,3.741
1,9529,3.638
1,9530,3.959
1,9531,3.526
1,9532,5.560
1,9533,8.267
1,9534,3.375
1,9535,3.031
1,9536,3.589
1,9537,2.957
1,9538,3.427
1,9539,2.917
1,9540,3.737
1,9541,4.615
1,9542,3.571
1,9543,4.539
1,9544,2.935
1,9545,3.776
1,9546,4.729
1,9547,2.871
1,9548,2.542
1,9549,4.058
1,9550,3.221
1,9551,4.160
1,9552,3.537
1,9553,5.735
1,9554,4.337
1,9555,4.083
1,9556,4.838
1,9557,4.548
1,9558,3.142
1,9559,3.385
1,9560,3.932
1,9561,5.527
1,9562,4.336
1,9563,3.066
1,9564,4.057
1,9565,3.279
1,9566,2.835
1,9567,3.646
1,9568,2.769
1,9569,3.436
1,9570,3.574
1,9571,3.640
1,9572,3.429
1,9573,3.035
1,9574,2.593
1,9575,3.418
1,9576,2.935
1,9577,3.359
1,9578,2.492
1,9579,3.092
1,9580,3.767
1,9581,3.148
1,9582,3.503
1,9583,3.519
1,9584,3.255
1,9585,2.489
1,9586,4.099
1,9587,4.011
1,9588,4.453
1,9589,3.923
1,9590,3.509
1,9591,3.729
1,9592,3.632
1,9593,3.840
1,9594,2.655
1,9595,3.484
1,9596,2.810
1,9597,3.736
1,9598,3.905
1,9599,3.297
1,9600,2.786
1,9601,2.510
1,9602,3.239
1,9603,2.950
1,9604,3.729
1,9605,2.335
1,9606,3.003
1,9607,2.779
1,9608,3.226
1,9609,2.909
1,9610,2.728
1,9611,2.808
1,9612,6.087
1,9613,3.625
1,9614,3.366
1,9615,3.368
1,9616,3.642
1,9617,3.654
1,9618,3.117
1,9619,2.755
1,9620,2.730
1,9621,3.762
1,9622,2.935
1,9623,3.027
1,9624,7.896
1,9625,5.391
1,9626,3.977
1,9627,5.971
1,9628,3.561
1,9629,2.721
1,9630,2.255
1,9631,2.696
1,9632,1.876
1,9633,1.654
1,9634,2.392
1,9635,2.921
1,9636,2.581
1,9637,3.740
1,9638,2.557
1,9639,2.855
1,9640,2.402
1,9641,2.548
1,9642,2.707
1,9643,2.966
1,9644,2.509
1,9645,2.336
1,9646,2.385
1,9647,3.269
1,9648,2.373
1,9649,2.949
1,9650,3.013
1,9651,2.203
1,9652,2.472
1,9653,2.638
1,9654,2.779
1,9655,2.790
1,9656,2.918
1,9657,3.126
1,9658,2.684
1,9659,3.045
1,9660,2.672
1,9661,3.098
1,9662,3.361
1,9663,2.750
1,9664,3.490
1,9665,2.641
1,9666,2.857
1,9667,2.801
1,9668,2.341
1,9669,3.029
1,9670,2.580
1,9671,2.706
1,9672,2.569
1,9673,2.310
1,9674,2.465
1,9675,2.711
1,9676,2.772
1,9677,2.515
1,9678,2.424
1,9679,2.611
1,9680,2.680
1,9681,2.465
1,9682,2.849
1,9683,3.043
1,9684,2.922
1,9685,3.333
1,9686,2.369
1,9687,3.359
1,9688,2.251
1,9689,2.742
1,9690,2.703
1,9691,2.080
1,9692,2.655
1,9693,2.610
1,9694,2.377
1,9695,2.922
1,9696,2.807
1,9697,2.572
1,9698,2.904
1,9699,2.441
1,9700,2.762
1,9701,2.521
1,9702,2.810
1,9703,2.948
1,9704,3.377
1,9705,3.013
1,9706,2.836
1,9707,3.131
1,9708,3.570
1,9709,4.117
1,9710,3.512
1,9711,6.454
1,9712,7.762
1,9713,4.360
1,9714,4.786
1,9715,5.913
1,9716,5.083
1,9717,5.029
1,9718,5.733
1,9719,5.772
1,9720,4.256
1,9721,5.131
1,9722,4.616
1,9723,3.385
1,9724,4.353
1,9725,4.905
1,9726,4.412
1,9727,4.245
1,9728,5.359
1,9729,3.593
1,9730,3.680
1,9731,3.043
1,9732,2.265
1,9733,4.617
1,9734,3.690
1,9735,3.025
1,9736,3.668
1,9737,5.654
1,9738,4.438
1,9739,5.649
1,9740,5.388
1,9741,2.838
1,9742,3.073
1,9743,3.784
1,9744,3.709
1,9745,3.034
1,9746,4.132
1,9747,3.073
1,9748,4.043
1,9749,3.903
1,9750,2.697
1,9751,2.336
1,9752,2.399
1,9753,2.425
1,9754,3.394
1,9755,4.628
1,9756,3.135
1,9757,4.259
1,9758,4.680
1,9759,4.221
1,9760,4.126
1,9761,3.758
1,9762,4.655
1,9763,5.080
1,9764,3.631
1,9765,3.869
1,9766,3.035
1,9767,2.632
1,9768,3.057
1,9769,2.313
1,9770,2.425
1,9771,2.833
1,9772,2.525
1,9773,2.772
1,9774,2.580
1,9775,3.248
1,9776,2.884
1,9777,3.775
1,9778,3.682
1,9779,3.452
1,9780,4.085
1,9781,2.987
1,9782,3.317
1,9783,2.629
1,9784,3.413
1,9785,4.756
1,9786,5.525
1,9787,6.549
1,9788,5.999
1,9789,4.530
1,9790,4.281
1,9791,6.512
1,9792,4.199
1,9793,3.830
1,9794,3.213
1,9795,3.837
1,9796,3.137
1,9797,4.073
1,9798,4.436
1,9799,4.623
1,9800,3.837
1,9801,3.261
1,9802,2.590
1,9803,3.714
1,9804,3.361
1,9805,3.267
1,9806,3.604
1,9807,6.360
1,9808,6.067
1,9809,4.368
1,9810,3.062
1,9811,3.405
1,9812,4.331
1,9813,3.685
1,9814,2.951
1,9815,3.591
1,9816,3.333
1,9817,3.480
1,9818,3.318
1,9819,3.411
1,9820,3.177
1,9821,3.835
1,9822,4.008
1,9823,3.508
1,9824,4.709
1,9825,4.068
1,9826,4.423
1,9827,4.486
1,9828,4.697
1,9829,5.185
1,9830,5.028
1,9831,4.324
1,9832,3.974
1,9833,5.571
1,9834,5.077
1,9835,5.341
1,9836,4.132
1,9837,4.319
1,9838,4.443
1,9839,3.534
1,9840,5.582
1,9841,4.363
1,9842,3.428
1,9843,3.988
1,9844,3.394
1,9845,3.523
1,9846,3.166
1,9847,3.039
1,9848,2.866
1,9849,2.818
1,9850,2.802
1,9851,3.351
1,9852,2.891
1,9853,2.859
1,9854,4.238
1,9855,5.409
1,9856,3.799
1,9857,3.849
1,9858,6.027
1,9859,4.439
1,9860,4.843
1,9861,3.785
1,9862,4.483
1,9863,4.208
1,9864,2.926
1,9865,4.057
1,9866,3.640
1,9867,3.918
1,9868,3.272
1,9869,3.228
1,9870,3.322
1,9871,4.182
1,9872,3.665
1,9873,4.994
1,9874,5.368
1,9875,4.550
1,9876,5.560
1,9877,5.363
1,9878,7.084
1,9879,6.984
1,9880,3.857
1,9881,3.841
1,9882,6.616
1,9883,4.668
1,9884,3.598
1,9885,8.433
1,9886,4.736
1,9887,4.652
1,9888,2.903
1,9889,3.844
1,9890,2.917
1,9891,4.329
1,9892,2.526
1,9893,3.655
1,9894,3.204
1,9895,3.457
1,9896,2.856
1,9897,2.955
1,9898,3.659
1,9899,4.704
1,9900,3.910
1,9901,3.735
1,9902,3.692
1,9903,4.184
1,9904,4.232
1,9905,3.287
1,9906,3.811
1,9907,3.037
1,9908,2.745
1,9909,2.457
1,9910,2.091
1,9911,2.771
1,9912,3.157
1,9913,2.614
1,9914,2.664
1,9915,2.146
1,9916,2.197
1,9917,3.060
1,9918,2.585
1,9919,3.304
1,9920,2.764
1,9921,2.556
1,9922,2.643
1,9923,2.751
1,9924,3.191
1,9925,3.074
1,9926,3.519
1,9927,3.207
1,9928,2.879
1,9929,2.861
1,9930,3.327
1,9931,3.558
1,9932,2.592
1,9933,3.977
1,9934,5.598
1,9935,4.688
1,9936,2.849
1,9937,1.739
1,9938,1.533
1,9939,1.899
1,9940,1.863
1,9941,2.504
1,9942,2.112
1,9943,2.091
1,9944,2.025
1,9945,1.965
1,9946,2.307
1,9947,2.200
1,9948,2.669
1,9949,2.765
1,9950,2.058
1,9951,1.601
1,9952,1.690
1,9953,2.321
1,9954,2.113
1,9955,2.114
1,9956,2.064
1,9957,2.281
1,9958,2.749
1,9959,2.353
1,9960,2.054
1,9961,3.179
1,9962,3.410
1,9963,5.282
1,9964,3.128
1,9965,2.821
1,9966,3.508
1,9967,3.019
1,9968,2.841
1,9969,2.668
1,9970,2.984
1,9971,4.020
1,9972,3.725
1,9973,3.794
1,9974,3.004
1,9975,2.907
1,9976,3.721
1,9977,3.124
1,9978,2.848
1,9979,2.634
1,9980,2.993
1,9981,2.954
1,9982,2.359
1,9983,3.499
1,9984,2.578
1,9985,3.076
1,9986,2.669
1,9987,4.015
1,9988,2.684
1,9989,2.848
1,9990,2.597
1,9991,2.175
1,9992,2.276
1,9993,3.676
1,9994,2.720
1,9995,3.109
1,9996,3.232
1,9997,2.745
1,9998,2.643
1,9999,2.615
1,10000,2.931
1,10001,2.788
1,10002,2.902
1,10003,3.015
1,10004,3.540
1,10005,3.174
1,10006,2.818
1,10007,3.170
1,10008,3.094
1,10009,2.614
1,10010,2.381
1,10011,2.665
1,10012,2.565
1,10013,2.556
1,10014,4.817
1,10015,3.240
1,10016,3.569
1,10017,3.103
1,10018,3.183
1,10019,2.577
1,10020,2.620
1,10021,3.229
1,10022,2.710
1,10023,2.767
1,10024,2.723
1,10025,2.856
1,10026,2.364
1,10027,2.481
1,10028,3.337
1,10029,2.336
1,10030,3.074
1,10031,2.887
1,10032,2.604
1,10033,2.844
1,10034,2.827
1,10035,3.191
1,10036,2.856
1,10037,2.635
1,10038,2.681
1,10039,2.713
1,10040,2.785
1,10041,2.971
1,10042,2.722
1,10043,2.402
1,10044,2.221
1,10045,1.976
1,10046,2.426
1,10047,2.376
1,10048,2.681
1,10049,2.569
1,10050,2.229
1,10051,2.184
1,10052,2.605
1,10053,2.360
1,10054,2.987
1,10055,2.955
1,10056,2.815
1,10057,2.991
1,10058,2.616
1,10059,3.267
1,10060,3.766
1,10061,3.140
1,10062,3.772
1,10063,3.807
1,10064,2.614
1,10065,3.625
1,10066,2.883
1,10067,3.321
1,10068,2.794
1,10069,2.754
1,10070,4.129
1,10071,4.301
1,10072,4.386
1,10073,4.649
1,10074,3.104
1,10075,3.356
1,10076,3.327
1,10077,2.799
1,10078,3.124
1,10079,5.783
1,10080,3.118
1,10081,2.929
1,10082,2.271
1,10083,3.170
1,10084,3.008
1,10085,2.597
1,10086,2.641
1,10087,2.310
1,10088,3.073
1,10089,2.979
1,10090,2.424
1,10091,4.380
1,10092,2.537
1,10093,2.646
1,10094,3.379
1,10095,3.784
1,10096,2.571
1,10097,2.832
1,10098,2.832
1,10099,2.974
1,10100,3.269
1,10101,2.605
1,10102,2.902
1,10103,2.508
1,10104,2.645
1,10105,3.365
1,10106,2.886
1,10107,2.624
1,10108,2.659
1,10109,2.380
1,10110,2.553
1,10111,2.334
1,10112,2.639
1,10113,3.263
1,10114,3.986
1,10115,5.391
1,10116,4.415
1,10117,3.434
1,10118,3.169
1,10119,2.868
1,10120,2.921
1,10121,3.353
1,10122,2.732
1,10123,2.702
1,10124,2.750
1,10125,2.573
1,10126,2.216
1,10127,2.323
1,10128,3.006
1,10129,2.110
1,10130,2.535
1,10131,2.902
1,10132,2.651
1,10133,2.459
1,10134,2.036
1,10135,1.908
1,10136,2.639
1,10137,4.148
1,10138,2.433
1,10139,2.180
1,10140,2.275
1,10141,3.055
1,10142,2.640
1,10143,2.795
1,10144,2.721
1,10145,1.832
1,10146,1.781
1,10147,2.128
1,10148,2.516
1,10149,2.371
1,10150,4.004
1,10151,4.371
1,10152,2.196
1,10153,1.854
1,10154,2.123
1,10155,4.339
1,10156,2.591
1,10157,2.726
1,10158,2.162
1,10159,2.431
1,10160,2.309
1,10161,2.417
1,10162,2.557
1,10163,3.875
1,10164,2.298
1,10165,3.255
1,10166,2.670
1,10167,2.530
1,10168,2.236
1,10169,2.302
1,10170,2.882
1,10171,2.765
1,10172,3.441
1,10173,2.679
1,10174,2.118
1,10175,2.475
1,10176,2.259
1,10177,2.000
1,10178,4.148
1,10179,2.852
1,10180,3.627
1,10181,2.545
1,10182,2.139
1,10183,2.564
1,10184,2.839
1,10185,2.793
1,10186,4.160
1,10187,2.589
1,10188,2.718
1,10189,2.376
1,10190,3.692
1,10191,2.549
1,10192,2.566
1,10193,2.202
1,10194,2.001
1,10195,3.115
1,10196,2.457
1,10197,2.031
1,10198,1.960
1,10199,2.190
1,10200,2.068
1,10201,2.380
1,10202,2.214
1,10203,1.892
1,10204,2.250
1,10205,3.152
1,10206,1.888
1,10207,1.860
1,10208,2.321
1,10209,2.316
1,10210,2.267
1,10211,2.211
1,10212,2.018
1,10213,2.473
1,10214,4.672
1,10215,3.164
1,10216,3.822
1,10217,3.390
1,10218,3.378
1,10219,2.802
1,10220,2.731
1,10221,2.402
1,10222,3.245
1,10223,3.600
1,10224,3.465
1,10225,2.732
1,10226,2.676
1,10227,3.035
1,10228,2.351
1,10229,2.952
1,10230,5.060
1,10231,2.768
1,10232,2.752
1,10233,3.127
1,10234,2.629
1,10235,3.392
1,10236,4.682
1,10237,3.475
1,10238,3.230
1,10239,2.885
1,10240,3.009
1,10241,3.245
1,10242,2.768
1,10243,2.132
1,10244,2.300
1,10245,2.892
1,10246,3.119
1,10247,3.349
1,10248,3.329
1,10249,3.404
1,10250,4.654
1,10251,2.818
1,10252,1.847
1,10253,1.807
1,10254,2.834
1,10255,2.286
1,10256,2.656
1,10257,3.697
1,10258,2.446
1,10259,2.755
1,10260,2.334
1,10261,2.221
1,10262,3.907
1,10263,2.295
1,10264,3.149
1,10265,3.064
1,10266,4.108
1,10267,2.384
1,10268,2.803
1,10269,3.100
1,10270,2.233
1,10271,2.487
1,10272,2.440
1,10273,2.704
1,10274,2.994
1,10275,2.213
1,10276,2.221
1,10277,2.564
1,10278,1.864
1,10279,2.961
1,10280,2.587
1,10281,2.193
1,10282,3.832
1,10283,2.499
1,10284,2.702
1,10285,4.270
1,10286,3.407
1,10287,2.666
1,10288,2.320
1,10289,2.429
1,10290,2.241
1,10291,3.358
1,10292,2.540
1,10293,2.228
1,10294,2.583
1,10295,2.486
1,10296,2.130
1,10297,3.899
1,10298,2.845
1,10299,2.816
1,10300,2.417
1,10301,2.110
1,10302,2.773
1,10303,3.157
1,10304,2.679
1,10305,2.860
1,10306,2.973
1,10307,4.775
1,10308,3.162
1,10309,3.501
1,10310,3.087
1,10311,2.428
1,10312,2.239
1,10313,2.246
1,10314,2.349
1,10315,2.028
1,10316,2.587
1,10317,3.172
1,10318,2.560
1,10319,5.354
1,10320,3.265
1,10321,2.929
1,10322,5.734
1,10323,2.718
1,10324,2.149
1,10325,2.351
1,10326,2.133
1,10327,1.930
1,10328,3.889
1,10329,3.222
1,10330,2.511
1,10331,2.138
1,10332,2.503
1,10333,3.395
1,10334,2.896
1,10335,3.097
1,10336,2.950
1,10337,4.535
1,10338,3.893
1,10339,3.113
1,10340,2.579
1,10341,3.317
1,10342,2.644
1,10343,2.572
1,10344,2.508
1,10345,4.129
1,10346,3.260
1,10347,4.473
1,10348,2.435
1,10349,2.598
1,10350,4.860
1,10351,2.360
1,10352,3.770
1,10353,2.059
1,10354,1.821
1,10355,3.128
1,10356,2.875
1,10357,1.961
1,10358,1.811
1,10359,1.721
1,10360,2.115
1,10361,1.974
1,10362,2.714
1,10363,2.505
1,10364,2.656
1,10365,1.821
1,10366,1.732
1,10367,3.018
1,10368,2.985
1,10369,2.722
1,10370,2.174
1,10371,1.926
1,10372,1.990
1,10373,2.049
1,10374,2.018
1,10375,2.579
1,10376,4.050
1,10377,2.357
1,10378,2.627
1,10379,1.984
1,10380,1.816
1,10381,3.547
1,10382,2.335
1,10383,2.011
1,10384,2.466
1,10385,2.445
1,10386,1.836
1,10387,1.961
1,10388,2.473
1,10389,2.679
1,10390,2.647
1,10391,2.456
1,10392,2.438
1,10393,2.892
1,10394,3.314
1,10395,3.199
1,10396,2.408
1,10397,2.564
1,10398,2.245
1,10399,1.924
1,10400,3.463
1,10401,3.223
1,10402,3.057
1,10403,4.059
1,10404,2.981
1,10405,3.720
1,10406,3.150
1,10407,2.655
1,10408,2.036
1,10409,2.221
1,10410,2.735
1,10411,3.238
1,10412,2.548
1,10413,1.861
1,10414,2.189
1,10415,2.156
1,10416,1.706
1,10417,1.634
1,10418,2.798
1,10419,2.802
1,10420,2.220
1,10421,2.399
1,10422,2.089
1,10423,1.748
1,10424,2.394
1,10425,2.177
1,10426,1.964
1,10427,2.189
1,10428,2.756
1,10429,2.722
1,10430,3.221
1,10431,4.049
1,10432,3.543
1,10433,2.251
1,10434,2.946
1,10435,2.217
1,10436,2.310
1,10437,2.727
1,10438,3.261
1,10439,3.687
1,10440,2.796
1,10441,3.076
1,10442,3.266
1,10443,2.626
1,10444,3.907
1,10445,4.949
1,10446,2.953
1,10447,1.935
1,10448,2.427
1,10449,2.325
1,10450,1.800
1,10451,2.185
1,10452,4.068
1,10453,3.016
1,10454,2.304
1,10455,2.145
1,10456,2.598
1,10457,2.777
1,10458,2.473
1,10459,2.846
1,10460,2.511
1,10461,2.691
1,10462,3.139
1,10463,2.585
1,10464,2.718
1,10465,2.168
1,10466,1.718
1,10467,3.707
1,10468,2.640
1,10469,2.171
1,10470,2.884
1,10471,2.547
1,10472,2.427
1,10473,2.165
1,10474,2.049
1,10475,2.188
1,10476,2.661
1,10477,3.421
1,10478,4.161
1,10479,2.301
1,10480,4.051
1,10481,3.563
1,10482,3.147
1,10483,2.373
1,10484,3.017
1,10485,3.004
1,10486,2.943
1,10487,2.938
1,10488,2.461
1,10489,2.960
1,10490,2.474
1,10491,2.330
1,10492,3.515
1,10493,2.786
1,10494,2.669
1,10495,2.488
1,10496,2.259
1,10497,2.421
1,10498,2.519
1,10499,3.423
1,10500,4.155
1,10501,2.634
1,10502,3.132
1,10503,3.639
1,10504,3.447
1,10505,3.091
1,10506,2.782
1,10507,2.546
1,10508,2.789
1,10509,3.205
1,10510,3.525
1,10511,4.493
1,10512,3.687
1,10513,3.555
1,10514,4.103
1,10515,3.057
1,10516,3.364
1,10517,2.829
1,10518,3.923
1,10519,3.388
1,10520,5.068
1,10521,3.720
1,10522,3.775
1,10523,2.580
1,10524,2.707
1,10525,2.613
1,10526,2.891
1,10527,3.211
1,10528,3.009
1,10529,2.910
1,10530,2.730
1,10531,2.844
1,10532,2.677
1,10533,3.596
1,10534,5.032
1,10535,2.895
1,10536,2.491
1,10537,2.943
1,10538,3.475
1,10539,3.223
1,10540,2.745
1,10541,2.718
1,10542,4.475
1,10543,3.797
1,10544,2.881
1,10545,3.715
1,10546,2.764
1,10547,2.545
1,10548,4.087
1,10549,3.427
1,10550,2.786
1,10551,2.682
1,10552,2.663
1,10553,2.813
1,10554,2.524
1,10555,3.572
1,10556,2.593
1,10557,3.079
1,10558,2.993
1,10559,2.838
1,10560,2.677
1,10561,3.036
1,10562,3.948
1,10563,3.171
1,10564,3.258
1,10565,2.938
1,10566,3.545
1,10567,3.148
1,10568,3.045
1,10569,2.761
1,10570,2.941
1,10571,3.641
1,10572,3.374
1,10573,3.331
1,10574,2.674
1,10575,3.263
1,10576,2.519
1,10577,2.856
1,10578,2.710
1,10579,3.297
1,10580,2.925
1,10581,2.677
1,10582,2.793
1,10583,2.458
1,10584,2.275
1,10585,4.694
1,10586,3.266
1,10587,3.610
1,10588,2.267
1,10589,2.965
1,10590,2.509
1,10591,2.481
1,10592,2.707
1,10593,2.148
1,10594,2.348
1,10595,2.481
1,10596,3.068
1,10597,2.815
1,10598,2.065
1,10599,2.366
1,10600,3.124
1,10601,2.501
1,10602,2.737
1,10603,2.663
1,10604,2.394
1,10605,2.069
1,10606,2.568
1,10607,2.456
1,10608,3.666
1,10609,3.483
1,10610,2.770
1,10611,2.365
1,10612,2.598
1,10613,3.750
1,10614,2.693
1,10615,2.593
1,10616,2.359
1,10617,2.314
1,10618,2.824
1,10619,3.224
1,10620,2.989
1,10621,2.928
1,10622,2.900
1,10623,2.702
1,10624,3.022
1,10625,3.368
1,10626,2.787
1,10627,3.815
1,10628,2.112
1,10629,2.127
1,10630,3.064
1,10631,2.935
1,10632,3.637
1,10633,2.687
1,10634,2.074
1,10635,4.090
1,10636,2.258
1,10637,2.667
1,10638,2.335
1,10639,1.989
1,10640,2.001
1,10641,2.003
1,10642,1.943
1,10643,2.282
1,10644,2.031
1,10645,1.951
1,10646,1.935
1,10647,2.004
1,10648,2.006
1,10649,1.719
1,10650,3.421
1,10651,2.339
1,10652,2.435
1,10653,2.908
1,10654,1.927
1,10655,1.828
1,10656,2.410
1,10657,2.482
1,10658,2.013
1,10659,1.983
1,10660,1.775
1,10661,2.441
1,10662,2.757
1,10663,3.831
1,10664,3.402
1,10665,2.587
1,10666,1.960
1,10667,2.623
1,10668,2.380
1,10669,2.360
1,10670,2.198
1,10671,1.948
1,10672,1.827
1,10673,2.042
1,10674,1.979
1,10675,2.186
1,10676,2.414
1,10677,2.168
1,10678,2.134
1,10679,2.794
1,10680,2.461
1,10681,1.929
1,10682,2.626
1,10683,2.533
1,10684,1.829
1,10685,1.897
1,10686,1.999
1,10687,1.905
1,10688,1.736
1,10689,2.554
1,10690,4.033
1,10691,3.115
1,10692,2.269
1,10693,1.891
1,10694,3.133
1,10695,2.420
1,10696,2.306
1,10697,2.301
1,10698,2.796
1,10699,2.476
1,10700,2.254
1,10701,1.985
1,10702,2.649
1,10703,3.049
1,10704,2.341
1,10705,3.149
1,10706,2.291
1,10707,1.933
1,10708,2.536
1,10709,2.683
1,10710,3.032
1,10711,2.623
1,10712,2.672
1,10713,2.419
1,10714,2.518
1,10715,2.452
1,10716,3.406
1,10717,2.312
1,10718,2.646
1,10719,3.606
1,10720,2.456
1,10721,2.819
1,10722,2.271
1,10723,2.566
1,10724,2.733
1,10725,2.109
1,10726,3.205
2,1,3.445
2,2,2.590
2,3,2.635
2,4,1.981
2,5,3.004
2,6,4.019
2,7,3.125
2,8,4.155
2,9,2.856
2,10,2.642
2,11,3.082
2,12,3.972
2,13,2.525
2,14,2.877
2,15,2.099
2,16,2.614
2,17,3.586
2,18,2.045
2,19,2.147
2,20,2.157
2,21,1.899
2,22,1.862
2,23,2.382
2,24,2.509
2,25,2.710
2,26,2.121
2,27,1.718
2,28,1.693
2,29,1.893
2,30,1.847
2,31,2.297
2,32,2.798
2,33,2.643
2,34,2.245
2,35,2.253
2,36,1.892
2,37,1.649
2,38,2.939
2,39,2.374
2,40,1.723
2,41,2.711
2,42,3.509
2,43,2.123
2,44,3.584
2,45,2.353
2,46,2.740
2,47,2.470
2,48,1.831
2,49,2.075
2,50,2.486
2,51,2.851
2,52,2.627
2,53,2.209
2,54,2.184
2,55,2.684
2,56,1.986
2,57,2.317
2,58,3.237
2,59,2.106
2,60,1.918
2,61,2.394
2,62,1.977
2,63,3.183
2,64,2.885
2,65,2.050
2,66,2.308
2,67,2.876
2,68,3.103
2,69,8.016
2,70,4.362
2,71,2.600
2,72,2.781
2,73,4.978
2,74,2.756
2,75,2.685
2,76,2.378
2,77,1.968
2,78,1.911
2,79,2.797
2,80,2.273
2,81,2.155
2,82,3.025
2,83,2.573
2,84,2.132
2,85,2.679
2,86,2.304
2,87,2.701
2,88,2.410
2,89,1.771
2,90,1.916
2,91,2.449
2,92,2.489
2,93,2.158
2,94,2.059
2,95,2.097
2,96,2.659
2,97,2.641
2,98,2.011
2,99,2.977
2,100,2.499
2,101,2.000
2,102,2.330
2,103,2.432
2,104,2.342
2,105,2.813
2,106,2.986
2,107,3.772
2,108,3.409
2,109,2.138
2,110,2.514
2,111,2.691
2,112,2.767
2,113,2.214
2,114,1.823
2,115,2.174
2,116,2.808
2,117,2.425
2,118,3.058
2,119,3.000
2,120,2.491
2,121,2.746
2,122,2.364
2,123,3.418
2,124,2.844
2,125,2.678
2,126,2.847
2,127,3.091
2,128,2.564
2,129,2.869
2,130,3.599
2,131,4.362
2,132,3.583
2,133,3.043
2,134,2.834
2,135,2.538
2,136,2.419
2,137,2.775
2,138,2.142
2,139,2.474
2,140,2.724
2,141,1.943
2,142,1.695
2,143,1.957
2,144,2.042
2,145,2.620
2,146,3.416
2,147,2.968
2,148,3.135
2,149,2.683
2,150,2.386
2,151,2.510
2,152,2.759
2,153,2.292
2,154,2.259
2,155,1.861
2,156,2.133
2,157,4.477
2,158,3.079
2,159,3.743
2,160,2.439
2,161,2.763
2,162,2.341
2,163,3.302
2,164,2.608
2,165,1.808
2,166,2.454
2,167,2.307
2,168,1.660
2,169,1.719
2,170,3.465
2,171,2.277
2,172,2.422
2,173,2.327
2,174,2.140
2,175,2.323
2,176,2.399
2,177,1.990
2,178,2.137
2,179,2.590
2,180,2.555
2,181,2.439
2,182,3.661
2,183,2.607
2,184,3.628
2,185,1.902
2,186,3.079
2,187,2.181
2,188,2.138
2,189,2.869
2,190,2.154
2,191,2.115
2,192,2.192
2,193,2.563
2,194,1.824
2,195,2.685
2,196,2.835
2,197,3.336
2,198,3.080
2,199,3.371
2,200,3.075
2,201,2.184
2,202,2.536
2,203,2.632
2,204,1.794
2,205,2.588
2,206,2.772
2,207,3.135
2,208,2.874
2,209,3.553
2,210,3.521
2,211,2.127
2,212,5.331
2,213,2.772
2,214,2.294
2,215,2.112
2,216,2.059
2,217,2.305
2,218,2.368
2,219,2.014
2,220,2.495
2,221,2.885
2,222,1.979
2,223,2.822
2,224,2.587
2,225,2.515
2,226,2.313
2,227,1.891
2,228,2.333
2,229,2.463
2,230,2.254
2,231,2.801
2,232,2.516
2,233,2.159
2,234,2.377
2,235,4.002
2,236,2.722
2,237,3.641
2,238,2.868
2,239,2.651
2,240,2.287
2,241,2.909
2,242,2.483
2,243,3.352
2,244,2.521
2,245,2.010
2,246,2.214
2,247,3.474
2,248,3.217
2,249,2.625
2,250,2.214
2,251,2.385
2,252,2.566
2,253,2.157
2,254,2.589
2,255,2.706
2,256,2.015
2,257,1.840
2,258,3.428
2,259,2.206
2,260,3.126
2,261,3.943
2,262,3.726
2,263,2.125
2,264,2.017
2,265,2.420
2,266,2.568
2,267,3.087
2,268,2.492
2,269,3.180
2,270,2.892
2,271,2.231
2,272,2.979
2,273,3.931
2,274,3.040
2,275,3.191
2,276,2.338
2,277,2.940
2,278,2.338
2,279,2.184
2,280,2.665
2,281,2.396
2,282,3.056
2,283,3.937
2,284,3.130
2,285,3.137
2,286,2.494
2,287,2.703
2,288,2.747
2,289,2.867
2,290,2.600
2,291,2.761
2,292,2.556
2,293,2.276
2,294,2.286
2,295,3.813
2,296,3.078
2,297,2.822
2,298,2.797
2,299,3.445
2,300,3.467
2,301,3.132
2,302,3.371
2,303,4.402
2,304,5.447
2,305,4.768
2,306,3.517
2,307,2.947
2,308,2.959
2,309,3.577
2,310,4.570
2,311,3.404
2,312,3.382
2,313,3.223
2,314,3.377
2,315,3.387
2,316,4.579
2,317,3.712
2,318,3.556
2,319,2.790
2,320,2.906
2,321,3.682
2,322,3.843
2,323,4.784
2,324,3.863
2,325,3.341
2,326,3.523
2,327,3.006
2,328,2.887
2,329,2.622
2,330,2.811
2,331,3.030
2,332,3.286
2,333,2.791
2,334,2.833
2,335,4.048
2,336,3.230
2,337,3.918
2,338,4.136
2,339,3.906
2,340,3.931
2,341,5.593
2,342,4.353
2,343,3.126
2,344,3.202
2,345,3.558
2,346,3.686
2,347,4.018
2,348,3.335
2,349,3.753
2,350,2.479
2,351,2.501
2,352,3.536
2,353,2.766
2,354,3.452
2,355,3.002
2,356,2.940
2,357,2.638
2,358,2.652
2,359,3.463
2,360,2.785
2,361,3.481
2,362,3.271
2,363,3.814
2,364,3.841
2,365,2.767
2,366,2.045
2,367,1.954
2,368,2.455
2,369,2.317
2,370,2.292
2,371,2.718
2,372,2.243
2,373,1.868
2,374,2.117
2,375,1.955
2,376,1.739
2,377,2.335
2,378,3.085
2,379,2.243
2,380,2.341
2,381,2.329
2,382,1.863
2,383,1.876
2,384,2.139
2,385,2.833
2,386,2.750
2,387,2.515
2,388,1.930
2,389,2.824
2,390,4.755
2,391,4.228
2,392,3.025
2,393,3.269
2,394,2.438
2,395,3.236
2,396,3.494
2,397,3.756
2,398,2.442
2,399,2.276
2,400,3.790
2,401,3.259
2,402,2.874
2,403,1.979
2,404,1.641
2,405,1.710
2,406,2.042
2,407,2.817
2,408,2.354
2,409,1.958
2,410,1.810
2,411,2.394
2,412,3.480
2,413,3.040
2,414,3.739
2,415,2.484
2,416,2.677
2,417,2.440
2,418,2.681
2,419,2.900
2,420,1.905
2,421,2.202
2,422,2.267
2,423,2.142
2,424,2.356
2,425,2.643
2,426,3.512
2,427,5.668
2,428,3.030
2,429,2.219
2,430,2.165
2,431,2.299
2,432,2.023
2,433,2.203
2,434,2.181
2,435,2.053
2,436,1.796
2,437,1.731
2,438,4.066
2,439,2.613
2,440,3.745
2,441,2.825
2,442,2.581
2,443,2.806
2,444,3.199
2,445,5.585
2,446,3.543
2,447,3.048
2,448,5.387
2,449,3.316
2,450,3.036
2,451,3.140
2,452,2.980
2,453,2.354
2,454,2.419
2,455,2.441
2,456,2.279
2,457,2.732
2,458,4.277
2,459,2.939
2,460,3.616
2,461,2.686
2,462,2.821
2,463,2.511
2,464,2.697
2,465,1.966
2,466,1.756
2,467,2.007
2,468,2.241
2,469,2.240
2,470,2.743
2,471,2.300
2,472,1.927
2,473,1.768
2,474,2.808
2,475,2.208
2,476,2.228
2,477,2.837
2,478,2.135
2,479,1.815
2,480,2.548
2,481,2.189
2,482,1.944
2,483,2.024
2,484,1.810
2,485,2.988
2,486,3.576
2,487,2.806
2,488,2.925
2,489,3.183
2,490,2.730
2,491,3.156
2,492,3.970
2,493,2.612
2,494,1.975
2,495,2.401
2,496,2.392
2,497,2.098
2,498,3.111
2,499,2.697
2,500,4.010
2,501,4.337
2,502,3.195
2,503,2.135
2,504,2.176
2,505,2.311
2,506,2.687
2,507,1.980
2,508,2.021
2,509,1.863
2,510,1.714
2,511,2.089
2,512,3.704
2,513,2.509
2,514,3.934
2,515,2.303
2,516,2.231
2,517,2.105
2,518,1.914
2,519,2.691
2,520,2.200
2,521,1.979
2,522,1.873
2,523,2.135
2,524,1.924
2,525,1.639
2,526,1.817
2,527,2.933
2,528,2.280
2,529,1.942
2,530,2.409
2,531,1.964
2,532,2.084
2,533,2.087
2,534,1.654
2,535,2.480
2,536,2.251
2,537,1.996
2,538,2.257
2,539,2.344
2,540,3.156
2,541,2.376
2,542,3.617
2,543,1.926
2,544,1.767
2,545,2.706
2,546,1.896
2,547,1.623
2,548,2.109
2,549,1.923
2,550,1.780
2,551,2.053
2,552,1.825
2,553,1.589
2,554,1.918
2,555,2.121
2,556,2.455
2,557,2.039
2,558,2.369
2,559,2.697
2,560,2.177
2,561,2.303
2,562,2.384
2,563,2.279
2,564,2.543
2,565,2.389
2,566,1.947
2,567,2.652
2,568,2.703
2,569,4.022
2,570,4.189
2,571,3.219
2,572,2.618
2,573,1.871
2,574,2.821
2,575,3.015
2,576,2.399
2,577,2.301
2,578,2.075
2,579,2.450
2,580,2.675
2,581,2.313
2,582,2.531
2,583,2.343
2,584,2.931
2,585,3.360
2,586,2.901
2,587,2.621
2,588,2.639
2,589,1.990
2,590,2.370
2,591,2.637
2,592,2.396
2,593,2.401
2,594,2.097
2,595,2.013
2,596,3.188
2,597,3.464
2,598,3.280
2,599,3.436
2,600,2.921
2,601,2.399
2,602,2.776
2,603,2.431
2,604,4.664
2,605,3.213
2,606,4.055
2,607,4.368
2,608,3.837
2,609,2.778
2,610,2.766
2,611,2.684
2,612,3.263
2,613,3.503
2,614,2.598
2,615,2.718
2,616,4.650
2,617,3.910
2,618,2.684
2,619,2.653
2,620,2.454
2,621,1.802
2,622,1.819
2,623,1.835
2,624,2.151
2,625,3.270
2,626,2.763
2,627,1.822
2,628,1.837
2,629,2.201
2,630,1.717
2,631,1.522
2,632,2.139
2,633,2.852
2,634,2.505
2,635,2.270
2,636,2.084
2,637,1.668
2,638,1.849
2,639,2.559
2,640,1.988
2,641,1.629
2,642,1.943
2,643,2.396
2,644,1.912
2,645,1.870
2,646,3.875
2,647,2.703
2,648,3.266
2,649,2.083
2,650,2.609
2,651,2.254
2,652,2.011
2,653,2.680
2,654,2.112
2,655,2.012
2,656,2.164
2,657,2.229
2,658,2.405
2,659,1.992
2,660,3.047
2,661,2.281
2,662,1.803
2,663,2.117
2,664,1.930
2,665,1.727
2,666,2.174
2,667,2.854
2,668,1.871
2,669,1.982
2,670,1.958
2,671,1.637
2,672,1.550
2,673,2.247
2,674,3.546
2,675,5.139
2,676,2.675
2,677,2.817
2,678,2.480
2,679,2.530
2,680,2.465
2,681,2.591
2,682,1.738
2,683,1.859
2,684,1.625
2,685,1.782
2,686,1.942
2,687,2.423
2,688,1.913
2,689,1.582
2,690,2.826
2,691,2.668
2,692,1.711
2,693,2.007
2,694,2.929
2,695,2.641
2,696,2.410
2,697,2.925
2,698,2.200
2,699,2.619
2,700,2.408
2,701,3.237
2,702,3.987
2,703,3.809
2,704,3.096
2,705,3.152
2,706,2.804
2,707,2.065
2,708,2.919
2,709,4.208
2,710,3.018
2,711,2.366
2,712,2.402
2,713,2.336
2,714,1.933
2,715,1.823
2,716,4.032
2,717,2.458
2,718,2.469
2,719,2.279
2,720,2.039
2,721,2.563
2,722,2.048
2,723,2.012
2,724,2.161
2,725,2.256
2,726,1.626
2,727,1.489
2,728,2.833
2,729,3.058
2,730,2.143
2,731,2.909
2,732,1.977
2,733,2.031
2,734,2.243
2,735,1.941
2,736,1.941
2,737,2.591
2,738,2.669
2,739,2.864
2,740,2.215
2,741,1.696
2,742,1.878
2,743,3.816
2,744,3.425
2,745,3.203
2,746,3.033
2,747,2.260
2,748,2.217
2,749,2.194
2,750,2.507
2,751,2.244
2,752,1.956
2,753,2.674
2,754,3.894
2,755,2.732
2,756,4.651
2,757,3.019
2,758,2.505
2,759,2.859
2,760,2.749
2,761,3.245
2,762,2.831
2,763,2.551
2,764,2.538
2,765,2.911
2,766,2.426
2,767,3.164
2,768,2.514
2,769,2.329
2,770,2.536
2,771,2.401
2,772,2.546
2,773,2.933
2,774,2.637
2,775,2.692
2,776,2.485
2,777,2.018
2,778,3.311
2,779,4.622
2,780,3.696
2,781,2.585
2,782,2.689
2,783,2.335
2,784,3.329
2,785,2.907
2,786,2.126
2,787,2.469
2,788,2.397
2,789,2.117
2,790,3.519
2,791,2.504
2,792,3.196
2,793,2.669
2,794,2.168
2,795,2.518
2,796,3.148
2,797,2.934
2,798,2.810
2,799,2.367
2,800,3.217
2,801,4.827
2,802,3.834
2,803,3.176
2,804,2.934
2,805,4.819
2,806,2.806
2,807,2.702
2,808,3.442
2,809,3.241
2,810,4.028
2,811,2.872
2,812,3.951
2,813,2.524
2,814,3.267
2,815,3.410
2,816,3.065
2,817,2.722
2,818,2.542
2,819,2.673
2,820,2.715
2,821,3.648
2,822,5.003
2,823,4.559
2,824,3.356
2,825,2.701
2,826,3.012
2,827,2.827
2,828,2.291
2,829,2.226
2,830,2.957
2,831,2.340
2,832,2.786
2,833,2.762
2,834,2.523
2,835,3.329
2,836,3.243
2,837,3.033
2,838,2.601
2,839,2.860
2,840,2.689
2,841,2.660
2,842,2.889
2,843,3.885
2,844,3.706
2,845,3.641
2,846,5.235
2,847,2.576
2,848,2.291
2,849,1.965
2,850,2.065
2,851,2.830
2,852,2.772
2,853,3.108
2,854,2.478
2,855,1.954
2,856,2.653
2,857,2.705
2,858,3.164
2,859,2.962
2,860,2.085
2,861,1.934
2,862,2.147
2,863,2.068
2,864,1.698
2,865,1.903
2,866,3.094
2,867,2.238
2,868,2.138
2,869,1.857
2,870,1.731
2,871,1.964
2,872,2.746
2,873,2.275
2,874,2.714
2,875,2.247
2,876,2.727
2,877,3.113
2,878,2.796
2,879,3.225
2,880,2.824
2,881,1.989
2,882,2.200
2,883,2.068
2,884,2.126
2,885,2.760
2,886,2.185
2,887,1.770
2,888,2.606
2,889,1.988
2,890,1.575
2,891,1.612
2,892,1.733
2,893,1.616
2,894,2.195
2,895,2.004
2,896,1.894
2,897,2.268
2,898,2.384
2,899,2.263
2,900,1.799
2,901,1.697
2,902,2.495
2,903,2.640
2,904,3.437
2,905,3.128
2,906,4.687
2,907,2.886
2,908,1.806
2,909,2.562
2,910,2.443
2,911,1.910
2,912,2.130
2,913,3.533
2,914,1.830
2,915,1.958
2,916,1.961
2,917,1.729
2,918,1.798
2,919,2.369
2,920,2.264
2,921,2.317
2,922,2.173
2,923,2.184
2,924,2.156
2,925,2.055
2,926,1.731
2,927,2.372
2,928,2.920
2,929,2.564
2,930,1.845
2,931,2.348
2,932,2.390
2,933,1.947
2,934,3.089
2,935,4.144
2,936,2.675
2,937,2.202
2,938,1.943
2,939,2.593
2,940,2.310
2,941,1.942
2,942,3.565
2,943,2.812
2,944,2.766
2,945,2.559
2,946,2.179
2,947,2.579
2,948,2.327
2,949,2.324
2,950,1.768
2,951,1.727
2,952,2.079
2,953,2.201
2,954,1.981
2,955,1.665
2,956,1.593
2,957,2.098
2,958,3.083
2,959,1.776
2,960,1.949
2,961,2.654
2,962,2.050
2,963,1.787
2,964,3.215
2,965,2.388
2,966,2.955
2,967,2.693
2,968,1.935
2,969,2.235
2,970,2.247
2,971,2.108
2,972,2.230
2,973,3.152
2,974,2.411
2,975,2.338
2,976,1.933
2,977,1.614
2,978,1.677
2,979,2.040
2,980,1.726
2,981,1.518
2,982,2.538
2,983,2.429
2,984,2.026
2,985,2.136
2,986,4.634
2,987,3.740
2,988,3.018
2,989,2.914
2,990,3.937
2,991,3.270
2,992,3.729
2,993,3.535
2,994,3.070
2,995,2.634
2,996,3.544
2,997,2.802
2,998,2.834
2,999,2.636
2,1000,3.175
2,1001,10.631
2,1002,3.191
2,1003,3.429
2,1004,5.073
2,1005,2.483
2,1006,2.558
2,1007,2.517
2,1008,2.089
2,1009,2.855
2,1010,3.662
2,1011,2.278
2,1012,2.970
2,1013,2.459
2,1014,3.276
2,1015,4.589
2,1016,3.341
2,1017,2.376
2,1018,2.224
2,1019,2.302
2,1020,2.329
2,1021,2.673
2,1022,2.221
2,1023,1.617
2,1024,1.623
2,1025,2.267
2,1026,2.140
2,1027,1.668
2,1028,2.722
2,1029,2.434
2,1030,1.652
2,1031,2.131
2,1032,2.292
2,1033,1.805
2,1034,1.965
2,1035,2.766
2,1036,2.113
2,1037,2.304
2,1038,3.790
2,1039,2.174
2,1040,2.630
2,1041,2.473
2,1042,2.934
2,1043,3.822
2,1044,2.603
2,1045,2.475
2,1046,2.110
2,1047,2.428
2,1048,2.522
2,1049,2.110
2,1050,2.176
2,1051,2.447
2,1052,2.295
2,1053,1.925
2,1054,2.426
2,1055,2.520
2,1056,2.072
2,1057,3.153
2,1058,2.359
2,1059,2.673
2,1060,2.780
2,1061,2.235
2,1062,2.809
2,1063,3.945
2,1064,2.043
2,1065,2.356
2,1066,3.100
2,1067,2.608
2,1068,1.946
2,1069,1.701
2,1070,1.929
2,1071,2.949
2,1072,1.698
2,1073,1.750
2,1074,2.738
2,1075,2.033
2,1076,1.919
2,1077,1.948
2,1078,1.838
2,1079,1.689
2,1080,1.774
2,1081,2.041
2,1082,2.066
2,1083,2.140
2,1084,2.048
2,1085,1.800
2,1086,1.896
2,1087,2.351
2,1088,2.542
2,1089,1.722
2,1090,3.115
2,1091,2.336
2,1092,1.656
2,1093,1.540
2,1094,2.462
2,1095,3.146
2,1096,2.133
2,1097,2.455
2,1098,1.864
2,1099,1.996
2,1100,1.934
2,1101,1.686
2,1102,2.110
2,1103,2.172
2,1104,2.645
2,1105,2.458
2,1106,3.350
2,1107,3.915
2,1108,3.022
2,1109,2.342
2,1110,2.623
2,1111,2.381
2,1112,1.704
2,1113,1.477
2,1114,2.137
2,1115,3.224
2,1116,2.401
2,1117,2.566
2,1118,1.985
2,1119,1.643
2,1120,2.227
2,1121,3.584
2,1122,2.689
2,1123,3.283
2,1124,3.326
2,1125,3.603
2,1126,2.349
2,1127,2.750
2,1128,3.761
2,1129,2.224
2,1130,2.305
2,1131,1.806
2,1132,1.600
2,1133,2.086
2,1134,1.682
2,1135,3.832
2,1136,2.540
2,1137,1.735
2,1138,1.541
2,1139,1.799
2,1140,1.903
2,1141,1.649
2,1142,1.710
2,1143,2.794
2,1144,2.453
2,1145,3.523
2,1146,2.473
2,1147,1.729
2,1148,1.947
2,1149,4.436
2,1150,3.190
2,1151,2.996
2,1152,2.179
2,1153,2.195
2,1154,2.258
2,1155,2.177
2,1156,3.121
2,1157,2.410
2,1158,2.530
2,1159,2.485
2,1160,2.611
2,1161,2.576
2,1162,2.187
2,1163,1.993
2,1164,1.915
2,1165,2.148
2,1166,2.318
2,1167,1.833
2,1168,2.486
2,1169,2.235
2,1170,2.407
2,1171,3.124
2,1172,2.701
2,1173,3.411
2,1174,4.046
2,1175,3.218
2,1176,2.411
2,1177,2.105
2,1178,3.259
2,1179,3.339
2,1180,3.813
2,1181,2.543
2,1182,2.919
2,1183,2.838
2,1184,2.462
2,1185,2.852
2,1186,2.648
2,1187,2.948
2,1188,2.251
2,1189,3.110
2,1190,2.592
2,1191,2.341
2,1192,3.217
2,1193,3.072
2,1194,2.067
2,1195,2.855
2,1196,2.184
2,1197,2.134
2,1198,3.666
2,1199,2.926
2,1200,3.135
2,1201,2.560
2,1202,2.200
2,1203,2.241
2,1204,2.006
2,1205,2.400
2,1206,3.732
2,1207,3.371
2,1208,3.371
2,1209,2.787
2,1210,2.469
2,1211,2.584
2,1212,3.262
2,1213,2.432
2,1214,2.012
2,1215,2.515
2,1216,2.278
2,1217,2.869
2,1218,4.589
2,1219,2.744
2,1220,2.332
2,1221,1.956
2,1222,2.011
2,1223,2.249
2,1224,3.195
2,1225,3.599
2,1226,2.450
2,1227,2.015
2,1228,1.768
2,1229,2.271
2,1230,1.961
2,1231,1.909
2,1232,2.643
2,1233,2.280
2,1234,2.084
2,1235,2.334
2,1236,1.992
2,1237,1.522
2,1238,2.893
2,1239,2.179
2,1240,1.922
2,1241,1.928
2,1242,2.277
2,1243,1.641
2,1244,1.445
2,1245,1.992
2,1246,2.833
2,1247,2.219
2,1248,1.879
2,1249,2.090
2,1250,1.956
2,1251,2.004
2,1252,3.295
2,1253,2.525
2,1254,2.188
2,1255,2.488
2,1256,1.898
2,1257,1.931
2,1258,2.019
2,1259,2.545
2,1260,2.339
2,1261,2.926
2,1262,2.054
2,1263,2.080
2,1264,2.377
2,1265,1.864
2,1266,1.948
2,1267,3.389
2,1268,2.934
2,1269,2.696
2,1270,2.470
2,1271,3.157
2,1272,2.659
2,1273,2.757
2,1274,3.053
2,1275,2.796
2,1276,2.167
2,1277,2.855
2,1278,2.807
2,1279,2.759
2,1280,4.175
2,1281,3.224
2,1282,2.658
2,1283,2.855
2,1284,2.786
2,1285,2.487
2,1286,3.903
2,1287,2.478
2,1288,3.122
2,1289,2.238
2,1290,2.090
2,1291,2.355
2,1292,2.354
2,1293,2.596
2,1294,2.875
2,1295,2.917
2,1296,2.768
2,1297,2.626
2,1298,2.518
2,1299,4.109
2,1300,3.225
2,1301,2.826
2,1302,2.479
2,1303,2.707
2,1304,4.539
2,1305,2.820
2,1306,3.429
2,1307,2.315
2,1308,3.574
2,1309,2.532
2,1310,3.099
2,1311,2.705
2,1312,2.744
2,1313,2.525
2,1314,2.224
2,1315,2.275
2,1316,3.331
2,1317,2.470
2,1318,2.258
2,1319,2.711
2,1320,2.201
2,1321,3.596
2,1322,2.569
2,1323,2.752
2,1324,2.931
2,1325,3.489
2,1326,4.744
2,1327,3.416
2,1328,2.717
2,1329,2.590
2,1330,3.299
2,1331,4.146
2,1332,3.308
2,1333,2.642
2,1334,2.887
2,1335,2.184
2,1336,2.594
2,1337,2.637
2,1338,2.480
2,1339,2.337
2,1340,2.506
2,1341,2.311
2,1342,2.294
2,1343,3.013
2,1344,2.437
2,1345,3.017
2,1346,2.325
2,1347,2.788
2,1348,2.664
2,1349,3.028
2,1350,4.439
2,1351,2.457
2,1352,2.910
2,1353,2.078
2,1354,1.707
2,1355,2.844
2,1356,2.547
2,1357,2.477
2,1358,3.098
2,1359,2.299
2,1360,2.457
2,1361,2.524
2,1362,1.908
2,1363,2.062
2,1364,2.760
2,1365,1.998
2,1366,2.115
2,1367,2.623
2,1368,2.766
2,1369,2.555
2,1370,2.511
2,1371,3.061
2,1372,2.820
2,1373,2.596
2,1374,2.348
2,1375,3.885
2,1376,2.424
2,1377,2.561
2,1378,1.794
2,1379,2.629
2,1380,2.497
2,1381,1.644
2,1382,2.634
2,1383,3.161
2,1384,2.355
2,1385,2.333
2,1386,2.403
2,1387,1.910
2,1388,1.899
2,1389,1.992
2,1390,1.842
2,1391,1.654
2,1392,1.777
2,1393,2.804
2,1394,2.092
2,1395,2.097
2,1396,2.044
2,1397,1.864
2,1398,1.902
2,1399,3.133
2,1400,2.402
2,1401,2.736
2,1402,2.318
2,1403,1.898
2,1404,1.667
2,1405,2.883
2,1406,2.694
2,1407,2.357
2,1408,2.416
2,1409,2.410
2,1410,2.273
2,1411,2.186
2,1412,2.692
2,1413,4.334
2,1414,2.945
2,1415,2.975
2,1416,2.150
2,1417,2.387
2,1418,2.797
2,1419,2.566
2,1420,2.931
2,1421,2.699
2,1422,2.850
2,1423,2.489
2,1424,2.234
2,1425,3.392
2,1426,2.907
2,1427,2.279
2,1428,2.914
2,1429,3.042
2,1430,2.671
2,1431,2.723
2,1432,5.244
2,1433,2.557
2,1434,2.200
2,1435,4.540
2,1436,2.304
2,1437,2.637
2,1438,2.337
2,1439,2.118
2,1440,2.530
2,1441,2.358
2,1442,2.819
2,1443,2.447
2,1444,1.995
2,1445,2.174
2,1446,2.407
2,1447,2.126
2,1448,2.723
2,1449,3.401
2,1450,2.605
2,1451,2.994
2,1452,2.197
2,1453,1.985
2,1454,4.175
2,1455,3.008
2,1456,2.670
2,1457,2.180
2,1458,2.448
2,1459,2.513
2,1460,2.280
2,1461,3.011
2,1462,3.842
2,1463,2.452
2,1464,2.883
2,1465,2.488
2,1466,2.488
2,1467,2.662
2,1468,2.705
2,1469,3.273
2,1470,2.900
2,1471,2.779
2,1472,2.507
2,1473,3.007
2,1474,3.317
2,1475,2.266
2,1476,3.635
2,1477,2.445
2,1478,3.281
2,1479,4.388
2,1480,3.914
2,1481,2.812
2,1482,3.019
2,1483,2.553
2,1484,2.369
2,1485,3.294
2,1486,3.336
2,1487,2.939
2,1488,2.625
2,1489,3.088
2,1490,2.478
2,1491,2.938
2,1492,3.258
2,1493,2.313
2,1494,2.715
2,1495,3.271
2,1496,2.530
2,1497,2.694
2,1498,2.834
2,1499,2.696
2,1500,3.837
2,1501,2.328
2,1502,2.906
2,1503,2.748
2,1504,2.878
2,1505,2.162
2,1506,2.192
2,1507,3.453
2,1508,2.240
2,1509,2.475
2,1510,2.596
2,1511,3.121
2,1512,2.720
2,1513,2.416
2,1514,2.562
2,1515,2.990
2,1516,2.691
2,1517,3.395
2,1518,2.648
2,1519,2.527
2,1520,3.750
2,1521,3.451
2,1522,2.367
2,1523,2.153
2,1524,2.777
2,1525,3.838
2,1526,4.194
2,1527,2.733
2,1528,3.525
2,1529,3.166
2,1530,3.525
2,1531,3.099
2,1532,2.584
2,1533,2.856
2,1534,2.547
2,1535,3.382
2,1536,2.412
2,1537,2.920
2,1538,2.787
2,1539,2.361
2,1540,2.823
2,1541,3.150
2,1542,3.381
2,1543,3.170
2,1544,2.699
2,1545,2.987
2,1546,2.468
2,1547,3.102
2,1548,4.550
2,1549,3.245
2,1550,2.836
2,1551,2.654
2,1552,3.173
2,1553,2.813
2,1554,2.816
2,1555,3.094
2,1556,2.614
2,1557,2.420
2,1558,2.772
2,1559,2.422
2,1560,2.437
2,1561,2.904
2,1562,2.588
2,1563,2.234
2,1564,3.135
2,1565,3.328
2,1566,3.231
2,1567,3.134
2,1568,3.163
2,1569,4.481
2,1570,4.069
2,1571,2.907
2,1572,2.885
2,1573,2.608
2,1574,2.554
2,1575,4.268
2,1576,2.674
2,1577,2.949
2,1578,3.079
2,1579,2.652
2,1580,2.762
2,1581,2.875
2,1582,2.688
2,1583,2.524
2,1584,2.691
2,1585,2.871
2,1586,2.319
2,1587,4.638
2,1588,2.791
2,1589,2.893
2,1590,2.450
2,1591,3.224
2,1592,4.742
2,1593,3.267
2,1594,3.101
2,1595,2.684
2,1596,3.449
2,1597,3.043
2,1598,3.290
2,1599,2.331
2,1600,2.883
2,1601,2.234
2,1602,3.586
2,1603,2.565
2,1604,2.501
2,1605,2.925
2,1606,2.228
2,1607,2.429
2,1608,3.522
2,1609,3.244
2,1610,2.979
2,1611,2.527
2,1612,3.030
2,1613,4.281
2,1614,3.570
2,1615,3.433
2,1616,3.143
2,1617,3.454
2,1618,5.274
2,1619,3.642
2,1620,3.825
2,1621,2.783
2,1622,2.949
2,1623,3.209
2,1624,2.994
2,1625,2.594
2,1626,3.459
2,1627,2.328
2,1628,2.290
2,1629,3.693
2,1630,2.650
2,1631,2.768
2,1632,3.444
2,1633,2.747
2,1634,3.997
2,1635,3.711
2,1636,3.370
2,1637,3.080
2,1638,2.980
2,1639,2.952
2,1640,4.405
2,1641,3.550
2,1642,3.632
2,1643,3.159
2,1644,3.415
2,1645,3.123
2,1646,3.355
2,1647,3.243
2,1648,3.302
2,1649,3.257
2,1650,4.109
2,1651,2.735
2,1652,3.020
2,1653,2.973
2,1654,3.424
2,1655,5.400
2,1656,3.500
2,1657,2.829
2,1658,3.621
2,1659,3.658
2,1660,3.102
2,1661,2.511
2,1662,2.516
2,1663,2.860
2,1664,2.856
2,1665,3.384
2,1666,2.911
2,1667,2.845
2,1668,2.360
2,1669,2.075
2,1670,4.257
2,1671,2.821
2,1672,3.005
2,1673,2.371
2,1674,2.207
2,1675,3.022
2,1676,3.495
2,1677,3.574
2,1678,3.059
2,1679,3.012
2,1680,2.360
2,1681,2.233
2,1682,3.078
2,1683,2.599
2,1684,2.287
2,1685,1.967
2,1686,1.543
2,1687,1.398
2,1688,1.635
2,1689,1.734
2,1690,2.298
2,1691,1.715
2,1692,2.095
2,1693,1.721
2,1694,1.820
2,1695,1.662
2,1696,1.654
2,1697,1.489
2,1698,1.743
2,1699,2.080
2,1700,2.192
2,1701,1.791
2,1702,2.014
2,1703,2.598
2,1704,1.967
2,1705,1.926
2,1706,2.402
2,1707,2.587
2,1708,2.796
2,1709,3.181
2,1710,2.105
2,1711,1.463
2,1712,2.201
2,1713,2.379
2,1714,1.968
2,1715,1.789
2,1716,2.526
2,1717,2.090
2,1718,2.213
2,1719,2.990
2,1720,2.093
2,1721,1.931
2,1722,2.218
2,1723,1.876
2,1724,1.461
2,1725,1.926
2,1726,2.393
2,1727,2.386
2,1728,2.245
2,1729,2.299
2,1730,1.854
2,1731,2.041
2,1732,2.300
2,1733,2.004
2,1734,2.005
2,1735,2.720
2,1736,1.897
2,1737,1.960
2,1738,2.147
2,1739,3.013
2,1740,2.919
2,1741,2.776
2,1742,2.721
2,1743,2.103
2,1744,3.009
2,1745,2.584
2,1746,2.563
2,1747,2.614
2,1748,2.361
2,1749,2.822
2,1750,2.096
2,1751,2.337
2,1752,2.235
2,1753,2.366
2,1754,2.248
2,1755,2.058
2,1756,2.102
2,1757,3.619
2,1758,2.530
2,1759,1.828
2,1760,3.505
2,1761,2.248
2,1762,2.226
2,1763,2.304
2,1764,2.528
2,1765,2.418
2,1766,3.235
2,1767,3.123
2,1768,2.807
2,1769,2.240
2,1770,2.350
2,1771,3.908
2,1772,2.464
2,1773,2.554
2,1774,2.197
2,1775,2.054
2,1776,2.309
2,1777,3.292
2,1778,3.202
2,1779,2.382
2,1780,2.124
2,1781,2.158
2,1782,2.156
2,1783,2.346
2,1784,2.615
2,1785,3.118
2,1786,2.096
2,1787,2.497
2,1788,2.287
2,1789,1.965
2,1790,3.752
2,1791,3.055
2,1792,3.236
2,1793,2.054
2,1794,2.058
2,1795,3.846
2,1796,3.016
2,1797,2.857
2,1798,3.062
2,1799,2.430
2,1800,2.419
2,1801,2.616
2,1802,2.706
2,1803,2.637
2,1804,2.467
2,1805,2.941
2,1806,2.390
2,1807,3.217
2,1808,3.030
2,1809,2.858
2,1810,2.874
2,1811,2.949
2,1812,3.076
2,1813,3.237
2,1814,4.900
2,1815,4.539
2,1816,3.363
2,1817,2.694
2,1818,3.368
2,1819,2.345
2,1820,2.850
2,1821,2.438
2,1822,3.184
2,1823,2.282
2,1824,2.222
2,1825,2.626
2,1826,2.480
2,1827,2.135
2,1828,2.489
2,1829,2.953
2,1830,2.788
2,1831,3.106
2,1832,1.969
2,1833,2.162
2,1834,2.830
2,1835,2.138
2,1836,2.226
2,1837,2.087
2,1838,2.257
2,1839,4.443
2,1840,3.779
2,1841,2.296
2,1842,2.724
2,1843,1.987
2,1844,2.600
2,1845,3.026
2,1846,2.044
2,1847,2.600
2,1848,1.979
2,1849,2.257
2,1850,2.619
2,1851,1.877
2,1852,1.580
2,1853,1.665
2,1854,2.253
2,1855,1.888
2,1856,1.535
2,1857,2.075
2,1858,3.025
2,1859,1.872
2,1860,1.818
2,1861,1.925
2,1862,1.786
2,1863,1.647
2,1864,1.963
2,1865,1.792
2,1866,1.491
2,1867,1.758
2,1868,2.291
2,1869,3.407
2,1870,2.351
2,1871,2.836
2,1872,1.774
2,1873,1.756
2,1874,3.019
2,1875,2.569
2,1876,1.645
2,1877,2.291
2,1878,2.266
2,1879,2.076
2,1880,2.060
2,1881,1.920
2,1882,1.811
2,1883,1.983
2,1884,2.337
2,1885,1.823
2,1886,1.562
2,1887,1.857
2,1888,2.036
2,1889,1.613
2,1890,1.543
2,1891,2.780
2,1892,2.881
2,1893,3.641
2,1894,2.920
2,1895,2.653
2,1896,2.773
2,1897,3.750
2,1898,4.726
2,1899,3.062
2,1900,2.552
2,1901,1.787
2,1902,2.425
2,1903,3.033
2,1904,2.436
2,1905,2.533
2,1906,2.749
2,1907,1.929
2,1908,2.756
2,1909,2.514
2,1910,2.379
2,1911,2.540
2,1912,2.048
2,1913,2.461
2,1914,2.298
2,1915,2.891
2,1916,3.000
2,1917,2.706
2,1918,2.384
2,1919,2.748
2,1920,2.535
2,1921,3.308
2,1922,3.112
2,1923,4.100
2,1924,2.525
2,1925,2.219
2,1926,4.509
2,1927,2.954
2,1928,3.010
2,1929,2.327
2,1930,2.361
2,1931,2.327
2,1932,4.415
2,1933,3.065
2,1934,3.037
2,1935,2.554
2,1936,1.998
2,1937,2.186
2,1938,3.523
2,1939,2.215
2,1940,2.055
2,1941,2.366
2,1942,1.866
2,1943,1.657
2,1944,2.232
2,1945,1.910
2,1946,2.080
2,1947,2.051
2,1948,3.678
2,1949,1.958
2,1950,2.029
2,1951,2.168
2,1952,2.236
2,1953,2.949
2,1954,3.067
2,1955,1.850
2,1956,2.678
2,1957,2.244
2,1958,2.002
2,1959,2.071
2,1960,1.967
2,1961,1.927
2,1962,2.307
2,1963,2.145
2,1964,2.203
2,1965,2.795
2,1966,2.153
2,1967,1.762
2,1968,1.735
2,1969,2.712
2,1970,2.643
2,1971,2.822
2,1972,2.184
2,1973,1.805
2,1974,1.781
2,1975,2.231
2,1976,1.769
2,1977,1.477
2,1978,1.511
2,1979,4.449
2,1980,2.051
2,1981,2.231
2,1982,2.409
2,1983,1.849
2,1984,2.162
2,1985,4.068
2,1986,2.867
2,1987,2.388
2,1988,1.685
2,1989,1.654
2,1990,1.930
2,1991,1.937
2,1992,2.486
2,1993,2.259
2,1994,2.183
2,1995,1.501
2,1996,1.576
2,1997,2.568
2,1998,2.197
2,1999,1.529
2,2000,3.006
2,2001,2.288
2,2002,2.134
2,2003,2.013
2,2004,1.827
2,2005,1.867
2,2006,2.288
2,2007,3.936
2,2008,2.649
2,2009,2.862
2,2010,1.767
2,2011,1.560
2,2012,2.487
2,2013,2.604
2,2014,2.260
2,2015,2.607
2,2016,1.896
2,2017,2.229
2,2018,1.897
2,2019,1.818
2,2020,2.181
2,2021,2.440
2,2022,2.287
2,2023,2.256
2,2024,2.132
2,2025,2.408
2,2026,1.723
2,2027,1.809
2,2028,3.224
2,2029,2.384
2,2030,2.069
2,2031,2.500
2,2032,3.530
2,2033,3.127
2,2034,2.164
2,2035,1.957
2,2036,3.220
2,2037,2.688
2,2038,2.079
2,2039,2.380
2,2040,2.928
2,2041,2.917
2,2042,2.174
2,2043,1.831
2,2044,2.306
2,2045,1.867
2,2046,1.503
2,2047,2.186
2,2048,2.824
2,2049,1.974
2,2050,1.736
2,2051,2.034
2,2052,1.783
2,2053,1.897
2,2054,3.220
2,2055,3.212
2,2056,4.064
2,2057,3.563
2,2058,3.606
2,2059,2.777
2,2060,3.273
2,2061,4.267
2,2062,2.822
2,2063,3.064
2,2064,2.401
2,2065,3.365
2,2066,2.403
2,2067,3.074
2,2068,2.271
2,2069,3.148
2,2070,3.132
2,2071,2.785
2,2072,3.161
2,2073,2.676
2,2074,2.608
2,2075,2.395
2,2076,1.765
2,2077,1.940
2,2078,3.071
2,2079,1.818
2,2080,1.673
2,2081,2.477
2,2082,2.552
2,2083,1.907
2,2084,1.941
2,2085,1.703
2,2086,1.717
2,2087,2.050
2,2088,3.426
2,2089,2.546
2,2090,2.747
2,2091,1.966
2,2092,1.587
2,2093,2.086
2,2094,2.856
2,2095,2.085
2,2096,2.757
2,2097,2.936
2,2098,4.509
2,2099,2.564
2,2100,2.222
2,2101,5.109
2,2102,3.004
2,2103,2.053
2,2104,1.663
2,2105,1.809
2,2106,2.716
2,2107,2.335
2,2108,2.058
2,2109,2.281
2,2110,2.422
2,2111,1.630
2,2112,1.869
2,2113,1.957
2,2114,1.757
2,2115,2.283
2,2116,4.371
2,2117,3.039
2,2118,3.223
2,2119,2.149
2,2120,2.417
2,2121,3.491
2,2122,2.671
2,2123,2.448
2,2124,2.117
2,2125,2.917
2,2126,2.791
2,2127,2.528
2,2128,2.885
2,2129,2.320
2,2130,1.947
2,2131,3.510
2,2132,3.025
2,2133,3.360
2,2134,2.332
2,2135,1.835
2,2136,2.195
2,2137,3.199
2,2138,3.314
2,2139,3.588
2,2140,3.445
2,2141,2.525
2,2142,2.000
2,2143,3.595
2,2144,2.558
2,2145,2.587
2,2146,2.089
2,2147,1.638
2,2148,1.852
2,2149,2.065
2,2150,1.852
2,2151,2.048
2,2152,2.259
2,2153,2.315
2,2154,2.596
2,2155,2.499
2,2156,3.927
2,2157,3.876
2,2158,2.140
2,2159,1.469
2,2160,2.237
2,2161,2.266
2,2162,1.547
2,2163,1.477
2,2164,1.672
2,2165,1.890
2,2166,2.002
2,2167,1.869
2,2168,3.137
2,2169,1.994
2,2170,2.196
2,2171,2.150
2,2172,1.596
2,2173,2.985
2,2174,3.422
2,2175,2.414
2,2176,2.417
2,2177,2.395
2,2178,1.914
2,2179,2.581
2,2180,2.637
2,2181,2.138
2,2182,2.443
2,2183,2.419
2,2184,2.262
2,2185,2.807
2,2186,2.825
2,2187,3.504
2,2188,2.563
2,2189,2.246
2,2190,2.537
2,2191,2.456
2,2192,3.071
2,2193,4.213
2,2194,2.823
2,2195,3.180
2,2196,2.198
2,2197,3.963
2,2198,2.982
2,2199,3.050
2,2200,2.374
2,2201,2.050
2,2202,2.483
2,2203,2.740
2,2204,2.417
2,2205,2.867
2,2206,2.528
2,2207,2.593
2,2208,2.718
2,2209,2.425
2,2210,2.661
2,2211,2.972
2,2212,3.083
2,2213,2.065
2,2214,2.606
2,2215,2.948
2,2216,2.637
2,2217,2.556
2,2218,2.894
2,2219,4.870
2,2220,2.423
2,2221,3.489
2,2222,3.316
2,2223,2.978
2,2224,2.968
2,2225,2.558
2,2226,2.655
2,2227,2.678
2,2228,2.669
2,2229,4.134
2,2230,3.372
2,2231,2.722
2,2232,2.842
2,2233,3.679
2,2234,3.046
2,2235,3.078
2,2236,3.070
2,2237,2.856
2,2238,2.932
2,2239,4.290
2,2240,4.455
2,2241,3.556
2,2242,2.602
2,2243,3.205
2,2244,3.897
2,2245,2.942
2,2246,2.576
2,2247,2.674
2,2248,2.875
2,2249,2.423
2,2250,3.002
2,2251,2.776
2,2252,2.245
2,2253,2.996
2,2254,3.486
2,2255,2.867
2,2256,3.289
2,2257,2.416
2,2258,2.425
2,2259,1.884
2,2260,1.693
2,2261,2.829
2,2262,4.533
2,2263,3.517
2,2264,2.418
2,2265,2.319
2,2266,3.725
2,2267,2.676
2,2268,2.569
2,2269,2.214
2,2270,1.761
2,2271,2.096
2,2272,1.980
2,2273,2.143
2,2274,2.521
2,2275,2.680
2,2276,2.181
2,2277,2.154
2,2278,2.428
2,2279,2.114
2,2280,4.734
2,2281,3.086
2,2282,4.031
2,2283,2.251
2,2284,2.418
2,2285,2.734
2,2286,1.936
2,2287,2.430
2,2288,3.767
2,2289,2.701
2,2290,3.189
2,2291,3.528
2,2292,3.436
2,2293,2.523
2,2294,2.711
2,2295,2.830
2,2296,2.998
2,2297,2.604
2,2298,2.574
2,2299,2.790
2,2300,2.412
2,2301,2.496
2,2302,3.157
2,2303,3.128
2,2304,3.260
2,2305,2.680
2,2306,2.583
2,2307,3.099
2,2308,3.643
2,2309,3.193
2,2310,3.255
2,2311,2.705
2,2312,2.487
2,2313,3.479
2,2314,3.208
2,2315,2.780
2,2316,2.622
2,2317,2.060
2,2318,2.898
2,2319,2.528
2,2320,2.726
2,2321,2.919
2,2322,2.204
2,2323,2.556
2,2324,3.157
2,2325,2.332
2,2326,2.431
2,2327,2.498
2,2328,3.698
2,2329,3.082
2,2330,5.184
2,2331,3.012
2,2332,3.033
2,2333,4.619
2,2334,3.870
2,2335,2.813
2,2336,3.251
2,2337,3.284
2,2338,3.376
2,2339,2.458
2,2340,2.200
2,2341,2.261
2,2342,2.252
2,2343,2.392
2,2344,3.063
2,2345,2.888
2,2346,2.349
2,2347,2.069
2,2348,1.863
2,2349,2.227
2,2350,2.999
2,2351,2.516
2,2352,3.235
2,2353,2.079
2,2354,2.103
2,2355,2.360
2,2356,2.270
2,2357,1.959
2,2358,2.860
2,2359,4.155
2,2360,2.672
2,2361,2.167
2,2362,1.996
2,2363,2.170
2,2364,3.382
2,2365,2.327
2,2366,2.733
2,2367,2.159
2,2368,2.011
2,2369,2.150
2,2370,2.492
2,2371,2.334
2,2372,2.020
2,2373,2.059
2,2374,1.737
2,2375,2.062
2,2376,3.730
2,2377,2.868
2,2378,2.621
2,2379,2.240
2,2380,1.784
2,2381,2.054
2,2382,1.613
2,2383,1.510
2,2384,1.794
2,2385,3.581
2,2386,2.402
2,2387,2.684
2,2388,2.278
2,2389,1.971
2,2390,2.916
2,2391,2.563
2,2392,2.270
2,2393,2.678
2,2394,1.974
2,2395,1.664
2,2396,2.008
2,2397,2.439
2,2398,2.209
2,2399,2.226
2,2400,1.778
2,2401,1.825
2,2402,1.999
2,2403,1.905
2,2404,1.560
2,2405,1.459
2,2406,1.885
2,2407,3.489
2,2408,2.597
2,2409,2.978
2,2410,2.283
2,2411,2.272
2,2412,2.608
2,2413,4.277
2,2414,5.929
2,2415,3.717
2,2416,3.203
2,2417,4.994
2,2418,2.956
2,2419,3.102
2,2420,2.496
2,2421,3.364
2,2422,3.224
2,2423,2.573
2,2424,2.953
2,2425,2.786
2,2426,2.860
2,2427,2.614
2,2428,3.089
2,2429,2.684
2,2430,2.793
2,2431,3.452
2,2432,3.180
2,2433,3.314
2,2434,3.052
2,2435,4.341
2,2436,2.679
2,2437,4.561
2,2438,3.175
2,2439,3.404
2,2440,2.417
2,2441,2.906
2,2442,2.318
2,2443,2.040
2,2444,2.290
2,2445,2.351
2,2446,2.708
2,2447,2.710
2,2448,2.324
2,2449,1.800
2,2450,2.408
2,2451,3.143
2,2452,1.767
2,2453,2.356
2,2454,2.503
2,2455,2.321
2,2456,2.387
2,2457,2.343
2,2458,2.046
2,2459,2.878
2,2460,3.607
2,2461,3.493
2,2462,2.355
2,2463,2.007
2,2464,3.195
2,2465,2.229
2,2466,2.765
2,2467,2.566
2,2468,1.719
2,2469,1.563
2,2470,1.957
2,2471,2.021
2,2472,1.572
2,2473,1.488
2,2474,2.077
2,2475,2.550
2,2476,1.732
2,2477,1.889
2,2478,1.930
2,2479,1.640
2,2480,1.547
2,2481,2.286
2,2482,3.240
2,2483,2.960
2,2484,2.262
2,2485,1.787
2,2486,1.477
2,2487,1.842
2,2488,1.784
2,2489,1.852
2,2490,2.385
2,2491,2.557
2,2492,3.734
2,2493,3.121
2,2494,2.234
2,2495,2.206
2,2496,2.959
2,2497,2.078
2,2498,1.863
2,2499,2.475
2,2500,1.766
2,2501,1.909
2,2502,2.353
2,2503,2.485
2,2504,2.617
2,2505,2.620
2,2506,3.525
2,2507,3.570
2,2508,2.615
2,2509,3.301
2,2510,2.388
2,2511,1.722
2,2512,1.843
2,2513,1.708
2,2514,2.353
2,2515,2.363
2,2516,2.056
2,2517,1.673
2,2518,1.783
2,2519,2.222
2,2520,1.893
2,2521,1.540
2,2522,2.217
2,2523,3.644
2,2524,2.083
2,2525,1.766
2,2526,2.119
2,2527,1.933
2,2528,1.948
2,2529,2.243
2,2530,2.203
2,2531,2.584
2,2532,2.532
2,2533,2.451
2,2534,2.476
2,2535,2.585
2,2536,2.698
2,2537,4.340
2,2538,2.729
2,2539,2.608
2,2540,2.440
2,2541,1.968
2,2542,2.683
2,2543,2.606
2,2544,2.704
2,2545,2.978
2,2546,2.906
2,2547,4.187
2,2548,2.488
2,2549,2.138
2,2550,3.193
2,2551,2.614
2,2552,2.527
2,2553,2.004
2,2554,2.863
2,2555,3.135
2,2556,2.536
2,2557,3.021
2,2558,3.205
2,2559,2.720
2,2560,2.600
2,2561,2.348
2,2562,2.213
2,2563,2.266
2,2564,1.913
2,2565,1.983
2,2566,2.814
2,2567,2.289
2,2568,2.114
2,2569,2.024
2,2570,1.889
2,2571,1.972
2,2572,2.570
2,2573,4.177
2,2574,2.640
2,2575,3.232
2,2576,1.999
2,2577,2.151
2,2578,2.529
2,2579,2.157
2,2580,2.390
2,2581,1.639
2,2582,1.470
2,2583,1.659
2,2584,1.874
2,2585,1.604
2,2586,1.455
2,2587,2.713
2,2588,2.383
2,2589,2.277
2,2590,1.948
2,2591,2.657
2,2592,2.276
2,2593,2.991
2,2594,2.548
2,2595,1.857
2,2596,1.805
2,2597,2.408
2,2598,2.089
2,2599,1.608
2,2600,1.883
2,2601,2.219
2,2602,2.099
2,2603,2.447
2,2604,2.826
2,2605,3.642
2,2606,3.557
2,2607,2.118
2,2608,2.334
2,2609,2.442
2,2610,2.418
2,2611,2.454
2,2612,2.977
2,2613,3.509
2,2614,2.421
2,2615,2.056
2,2616,2.570
2,2617,2.709
2,2618,3.044
2,2619,3.587
2,2620,2.472
2,2621,2.723
2,2622,2.094
2,2623,2.155
2,2624,2.750
2,2625,2.787
2,2626,3.183
2,2627,3.867
2,2628,5.763
2,2629,2.964
2,2630,3.723
2,2631,2.694
2,2632,2.673
2,2633,2.531
2,2634,2.609
2,2635,2.686
2,2636,2.128
2,2637,2.625
2,2638,2.647
2,2639,1.910
2,2640,2.309
2,2641,3.245
2,2642,2.290
2,2643,2.369
2,2644,2.379
2,2645,2.686
2,2646,2.799
2,2647,2.486
2,2648,3.039
2,2649,2.755
2,2650,2.966
2,2651,3.336
2,2652,4.822
2,2653,3.610
2,2654,2.926
2,2655,3.177
2,2656,2.772
2,2657,2.747
2,2658,2.546
2,2659,2.814
2,2660,2.973
2,2661,4.247
2,2662,4.106
2,2663,3.832
2,2664,3.098
2,2665,2.593
2,2666,2.487
2,2667,3.135
2,2668,3.593
2,2669,2.376
2,2670,2.222
2,2671,2.388
2,2672,2.153
2,2673,2.493
2,2674,3.582
2,2675,2.888
2,2676,3.470
2,2677,2.513
2,2678,2.582
2,2679,2.985
2,2680,2.274
2,2681,2.595
2,2682,1.935
2,2683,1.834
2,2684,2.164
2,2685,1.751
2,2686,1.863
2,2687,2.277
2,2688,2.139
2,2689,2.119
2,2690,2.432
2,2691,2.639
2,2692,1.955
2,2693,2.328
2,2694,2.312
2,2695,1.752
2,2696,1.551
2,2697,2.070
2,2698,2.249
2,2699,1.521
2,2700,2.042
2,2701,4.410
2,2702,2.492
2,2703,3.151
2,2704,2.100
2,2705,2.616
2,2706,2.535
2,2707,2.730
2,2708,2.730
2,2709,4.731
2,2710,2.211
2,2711,1.969
2,2712,1.937
2,2713,3.482
2,2714,1.847
2,2715,1.578
2,2716,2.710
2,2717,2.341
2,2718,1.692
2,2719,2.437
2,2720,2.562
2,2721,1.939
2,2722,2.090
2,2723,1.851
2,2724,1.639
2,2725,1.743
2,2726,2.177
2,2727,2.008
2,2728,3.120
2,2729,3.853
2,2730,2.189
2,2731,3.464
2,2732,2.404
2,2733,2.131
2,2734,3.167
2,2735,1.940
2,2736,1.971
2,2737,2.461
2,2738,2.361
2,2739,2.505
2,2740,2.740
2,2741,2.543
2,2742,2.489
2,2743,2.122
2,2744,1.794
2,2745,2.214
2,2746,2.995
2,2747,2.719
2,2748,3.166
2,2749,3.240
2,2750,3.101
2,2751,4.650
2,2752,4.519
2,2753,3.586
2,2754,2.909
2,2755,2.269
2,2756,3.338
2,2757,2.671
2,2758,2.218
2,2759,2.952
2,2760,1.794
2,2761,1.504
2,2762,2.408
2,2763,2.183
2,2764,2.143
2,2765,2.251
2,2766,1.884
2,2767,1.934
2,2768,1.872
2,2769,2.677
2,2770,2.332
2,2771,2.753
2,2772,2.841
2,2773,2.140
2,2774,2.447
2,2775,2.590
2,2776,2.425
2,2777,4.041
2,2778,3.700
2,2779,4.496
2,2780,4.448
2,2781,3.421
2,2782,2.905
2,2783,2.514
2,2784,2.369
2,2785,2.578
2,2786,3.478
2,2787,2.587
2,2788,2.449
2,2789,2.408
2,2790,2.453
2,2791,2.033
2,2792,2.261
2,2793,3.822
2,2794,2.138
2,2795,2.426
2,2796,2.209
2,2797,2.210
2,2798,2.642
2,2799,2.349
2,2800,3.003
2,2801,4.020
2,2802,2.876
2,2803,3.349
2,2804,2.734
2,2805,3.492
2,2806,3.064
2,2807,2.624
2,2808,2.386
2,2809,2.015
2,2810,2.515
2,2811,2.407
2,2812,2.165
2,2813,2.999
2,2814,2.191
2,2815,2.164
2,2816,3.058
2,2817,2.567
2,2818,2.550
2,2819,3.386
2,2820,2.779
2,2821,2.631
2,2822,2.589
2,2823,2.506
2,2824,2.599
2,2825,2.148
2,2826,2.238
2,2827,4.496
2,2828,2.653
2,2829,3.545
2,2830,2.313
2,2831,2.432
2,2832,2.280
2,2833,3.116
2,2834,2.461
2,2835,2.076
2,2836,2.337
2,2837,2.414
2,2838,2.343
2,2839,2.276
2,2840,3.046
2,2841,2.060
2,2842,2.477
2,2843,3.422
2,2844,2.295
2,2845,2.772
2,2846,2.864
2,2847,2.924
2,2848,2.326
2,2849,2.317
2,2850,2.624
2,2851,2.901
2,2852,4.726
2,2853,4.066
2,2854,3.175
2,2855,3.311
2,2856,2.792
2,2857,2.585
2,2858,2.123
2,2859,2.893
2,2860,2.469
2,2861,2.110
2,2862,2.658
2,2863,2.663
2,2864,2.208
2,2865,2.305
2,2866,2.094
2,2867,1.934
2,2868,2.695
2,2869,2.242
2,2870,2.408
2,2871,2.422
2,2872,2.243
2,2873,1.936
2,2874,2.414
2,2875,1.918
2,2876,2.210
2,2877,3.404
2,2878,3.215
2,2879,2.456
2,2880,2.306
2,2881,3.324
2,2882,3.505
2,2883,2.525
2,2884,2.642
2,2885,2.176
2,2886,1.926
2,2887,2.385
2,2888,2.537
2,2889,3.161
2,2890,2.494
2,2891,2.245
2,2892,2.600
2,2893,2.754
2,2894,2.515
2,2895,3.298
2,2896,2.696
2,2897,2.533
2,2898,2.268
2,2899,2.182
2,2900,2.475
2,2901,2.735
2,2902,2.555
2,2903,3.031
2,2904,3.429
2,2905,2.328
2,2906,3.942
2,2907,2.235
2,2908,2.871
2,2909,1.999
2,2910,2.488
2,2911,2.314
2,2912,2.394
2,2913,2.231
2,2914,2.204
2,2915,1.943
2,2916,1.963
2,2917,1.882
2,2918,1.716
2,2919,1.588
2,2920,1.803
2,2921,3.929
2,2922,1.955
2,2923,1.902
2,2924,2.675
2,2925,1.863
2,2926,1.487
2,2927,1.752
2,2928,1.852
2,2929,2.028
2,2930,1.820
2,2931,1.896
2,2932,1.864
2,2933,1.978
2,2934,2.328
2,2935,3.237
2,2936,2.271
2,2937,3.333
2,2938,2.312
2,2939,2.088
2,2940,2.481
2,2941,1.697
2,2942,1.667
2,2943,2.506
2,2944,2.266
2,2945,1.601
2,2946,1.648
2,2947,2.184
2,2948,1.970
2,2949,2.457
2,2950,2.084
2,2951,2.344
2,2952,2.411
2,2953,3.100
2,2954,2.050
2,2955,1.815
2,2956,2.337
2,2957,2.902
2,2958,3.333
2,2959,2.662
2,2960,2.094
2,2961,2.891
2,2962,2.870
2,2963,4.709
2,2964,2.308
2,2965,1.739
2,2966,2.062
2,2967,2.112
2,2968,1.687
2,2969,2.010
2,2970,2.735
2,2971,2.066
2,2972,1.895
2,2973,2.156
2,2974,1.629
2,2975,1.619
2,2976,1.866
2,2977,2.124
2,2978,2.175
2,2979,2.501
2,2980,2.634
2,2981,1.854
2,2982,2.063
2,2983,2.334
2,2984,1.710
2,2985,1.830
2,2986,2.231
2,2987,2.331
2,2988,2.089
2,2989,2.056
2,2990,1.826
2,2991,1.840
2,2992,2.010
2,2993,3.477
2,2994,2.184
2,2995,2.612
2,2996,2.968
2,2997,1.610
2,2998,2.004
2,2999,2.078
2,3000,1.985
2,3001,1.866
2,3002,1.871
2,3003,2.346
2,3004,1.740
2,3005,1.842
2,3006,1.753
2,3007,1.610
2,3008,3.114
2,3009,2.464
2,3010,2.412
2,3011,3.616
2,3012,2.643
2,3013,3.043
2,3014,2.928
2,3015,2.421
2,3016,2.425
2,3017,2.772
2,3018,1.870
2,3019,2.280
2,3020,3.686
2,3021,2.813
2,3022,2.501
2,3023,2.127
2,3024,4.003
2,3025,2.845
2,3026,3.243
2,3027,2.671
2,3028,2.566
2,3029,3.050
2,3030,2.384
2,3031,2.816
2,3032,2.241
2,3033,1.574
2,3034,1.633
2,3035,2.529
2,3036,1.990
2,3037,1.727
2,3038,2.633
2,3039,2.504
2,3040,2.298
2,3041,2.489
2,3042,1.928
2,3043,1.646
2,3044,1.962
2,3045,2.034
2,3046,3.256
2,3047,2.610
2,3048,3.123
2,3049,2.114
2,3050,3.521
2,3051,2.025
2,3052,2.631
2,3053,2.643
2,3054,1.756
2,3055,1.686
2,3056,1.704
2,3057,1.553
2,3058,1.591
2,3059,1.812
2,3060,2.363
2,3061,1.931
2,3062,2.320
2,3063,2.264
2,3064,1.869
2,3065,1.620
2,3066,2.053
2,3067,3.105
2,3068,2.470
2,3069,2.566
2,3070,2.786
2,3071,2.281
2,3072,2.504
2,3073,4.491
2,3074,3.162
2,3075,2.270
2,3076,2.700
2,3077,3.452
2,3078,2.281
2,3079,3.192
2,3080,1.818
2,3081,1.650
2,3082,1.977
2,3083,2.241
2,3084,1.702
2,3085,1.691
2,3086,2.263
2,3087,2.511
2,3088,2.253
2,3089,1.963
2,3090,1.647
2,3091,1.428
2,3092,2.237
2,3093,1.847
2,3094,2.327
2,3095,2.298
2,3096,2.720
2,3097,2.299
2,3098,2.137
2,3099,2.052
2,3100,2.277
2,3101,1.834
2,3102,2.229
2,3103,1.765
2,3104,1.485
2,3105,1.523
2,3106,2.753
2,3107,2.702
2,3108,1.995
2,3109,3.656
2,3110,2.120
2,3111,2.342
2,3112,2.154
2,3113,1.716
2,3114,1.719
2,3115,1.800
2,3116,2.000
2,3117,2.904
2,3118,2.078
2,3119,1.539
2,3120,1.423
2,3121,1.896
2,3122,2.142
2,3123,1.705
2,3124,1.486
2,3125,1.568
2,3126,3.115
2,3127,1.899
2,3128,1.550
2,3129,2.125
2,3130,1.838
2,3131,1.578
2,3132,2.269
2,3133,2.012
2,3134,2.262
2,3135,2.179
2,3136,2.199
2,3137,1.908
2,3138,1.728
2,3139,1.953
2,3140,3.409
2,3141,2.510
2,3142,3.598
2,3143,2.479
2,3144,2.095
2,3145,1.855
2,3146,1.517
2,3147,1.532
2,3148,2.147
2,3149,2.284
2,3150,2.331
2,3151,2.300
2,3152,2.380
2,3153,1.988
2,3154,2.225
2,3155,2.522
2,3156,2.760
2,3157,3.765
2,3158,2.759
2,3159,4.422
2,3160,4.216
2,3161,4.373
2,3162,3.661
2,3163,5.829
2,3164,3.161
2,3165,6.373
2,3166,2.534
2,3167,3.656
2,3168,2.989
2,3169,2.759
2,3170,3.515
2,3171,3.602
2,3172,2.727
2,3173,3.884
2,3174,3.770
2,3175,2.488
2,3176,2.681
2,3177,2.983
2,3178,3.141
2,3179,4.221
2,3180,3.959
2,3181,2.514
2,3182,5.203
2,3183,4.803
2,3184,3.757
2,3185,4.179
2,3186,2.810
2,3187,2.928
2,3188,2.704
2,3189,3.225
2,3190,3.419
2,3191,3.321
2,3192,3.018
2,3193,2.562
2,3194,3.522
2,3195,2.929
2,3196,3.071
2,3197,2.400
2,3198,2.222
2,3199,2.318
2,3200,2.199
2,3201,2.079
2,3202,2.932
2,3203,2.850
2,3204,2.049
2,3205,2.702
2,3206,4.716
2,3207,3.821
2,3208,3.550
2,3209,2.959
2,3210,1.839
2,3211,1.848
2,3212,1.957
2,3213,1.956
2,3214,2.537
2,3215,2.646
2,3216,1.966
2,3217,2.412
2,3218,2.459
2,3219,2.004
2,3220,1.857
2,3221,3.219
2,3222,2.124
2,3223,1.784
2,3224,2.024
2,3225,2.124
2,3226,1.971
2,3227,2.410
2,3228,1.976
2,3229,2.321
2,3230,2.372
2,3231,3.555
2,3232,2.805
2,3233,3.418
2,3234,2.641
2,3235,2.716
2,3236,2.666
2,3237,2.574
2,3238,2.864
2,3239,2.343
2,3240,2.758
2,3241,2.785
2,3242,2.349
2,3243,2.064
2,3244,1.631
2,3245,1.686
2,3246,1.850
2,3247,3.300
2,3248,2.400
2,3249,2.109
2,3250,2.650
2,3251,1.875
2,3252,1.585
2,3253,2.203
2,3254,2.179
2,3255,2.372
2,3256,2.055
2,3257,1.562
2,3258,1.411
2,3259,1.453
2,3260,1.923
2,3261,2.938
2,3262,2.512
2,3263,4.711
2,3264,3.595
2,3265,2.622
2,3266,1.852
2,3267,2.302
2,3268,3.353
2,3269,2.027
2,3270,2.365
2,3271,2.387
2,3272,2.020
2,3273,2.260
2,3274,2.453
2,3275,2.662
2,3276,3.170
2,3277,2.106
2,3278,2.217
2,3279,2.386
2,3280,2.361
2,3281,2.815
2,3282,2.856
2,3283,2.185
2,3284,2.506
2,3285,2.591
2,3286,3.306
2,3287,4.085
2,3288,2.538
2,3289,2.616
2,3290,2.107
2,3291,1.920
2,3292,2.625
2,3293,2.253
2,3294,1.736
2,3295,2.299
2,3296,2.259
2,3297,1.514
2,3298,1.707
2,3299,1.958
2,3300,1.791
2,3301,2.141
2,3302,2.740
2,3303,2.558
2,3304,1.965
2,3305,3.059
2,3306,2.120
2,3307,1.745
2,3308,2.306
2,3309,2.351
2,3310,2.332
2,3311,2.338
2,3312,2.048
2,3313,2.060
2,3314,2.536
2,3315,3.676
2,3316,2.187
2,3317,3.517
2,3318,2.201
2,3319,2.439
2,3320,2.938
2,3321,2.392
2,3322,2.412
2,3323,2.263
2,3324,2.025
2,3325,2.538
2,3326,2.151
2,3327,2.967
2,3328,2.484
2,3329,2.067
2,3330,2.387
2,3331,3.263
2,3332,2.155
2,3333,3.498
2,3334,2.856
2,3335,2.292
2,3336,2.326
2,3337,2.369
2,3338,2.386
2,3339,3.019
2,3340,4.205
2,3341,3.403
2,3342,2.367
2,3343,3.547
2,3344,2.604
2,3345,3.820
2,3346,2.913
2,3347,3.548
2,3348,2.332
2,3349,1.989
2,3350,2.688
2,3351,2.403
2,3352,2.077
2,3353,2.376
2,3354,2.577
2,3355,2.573
2,3356,3.110
2,3357,2.408
2,3358,2.379
2,3359,2.486
2,3360,2.712
2,3361,2.778
2,3362,2.926
2,3363,3.240
2,3364,2.409
2,3365,2.166
2,3366,3.278
2,3367,2.980
2,3368,2.569
2,3369,2.774
2,3370,2.223
2,3371,2.317
2,3372,2.155
2,3373,2.009
2,3374,3.016
2,3375,2.956
2,3376,2.399
2,3377,2.447
2,3378,2.258
2,3379,5.832
2,3380,3.769
2,3381,3.389
2,3382,3.092
2,3383,2.965
2,3384,3.842
2,3385,3.732
2,3386,3.276
2,3387,3.327
2,3388,3.643
2,3389,3.727
2,3390,5.038
2,3391,3.584
2,3392,3.869
2,3393,5.556
2,3394,3.550
2,3395,2.987
2,3396,3.605
2,3397,4.692
2,3398,2.642
2,3399,2.675
2,3400,2.447
2,3401,1.990
2,3402,1.994
2,3403,2.346
2,3404,2.122
2,3405,1.789
2,3406,2.123
2,3407,2.387
2,3408,1.950
2,3409,2.535
2,3410,2.591
2,3411,1.943
2,3412,2.890
2,3413,3.914
2,3414,2.675
2,3415,2.960
2,3416,2.735
2,3417,2.841
2,3418,2.168
2,3419,2.724
2,3420,2.544
2,3421,2.441
2,3422,3.033
2,3423,2.831
2,3424,2.251
2,3425,2.087
2,3426,1.766
2,3427,1.588
2,3428,2.145
2,3429,2.599
2,3430,1.616
2,3431,1.558
2,3432,1.864
2,3433,2.044
2,3434,1.835
2,3435,1.997
2,3436,2.133
2,3437,2.021
2,3438,2.371
2,3439,3.082
2,3440,1.831
2,3441,1.449
2,3442,2.518
2,3443,2.938
2,3444,1.992
2,3445,2.148
2,3446,2.150
2,3447,1.634
2,3448,2.003
2,3449,1.900
2,3450,1.664
2,3451,1.635
2,3452,2.298
2,3453,2.302
2,3454,1.705
2,3455,2.193
2,3456,2.795
2,3457,1.877
2,3458,1.962
2,3459,2.712
2,3460,3.003
2,3461,3.553
2,3462,3.875
2,3463,2.909
2,3464,2.720
2,3465,2.260
2,3466,1.998
2,3467,2.028
2,3468,2.357
2,3469,4.039
2,3470,2.036
2,3471,2.449
2,3472,2.078
2,3473,1.632
2,3474,1.462
2,3475,1.739
2,3476,1.760
2,3477,2.967
2,3478,3.048
2,3479,2.468
2,3480,1.931
2,3481,2.229
2,3482,2.276
2,3483,2.513
2,3484,3.576
2,3485,2.154
2,3486,2.134
2,3487,1.988
2,3488,1.638
2,3489,1.477
2,3490,1.843
2,3491,2.405
2,3492,2.337
2,3493,2.696
2,3494,2.541
2,3495,3.558
2,3496,2.945
2,3497,1.961
2,3498,2.967
2,3499,3.680
2,3500,1.723
2,3501,1.804
2,3502,1.736
2,3503,1.757
2,3504,2.134
2,3505,2.155
2,3506,3.494
2,3507,3.255
2,3508,1.979
2,3509,1.583
2,3510,2.635
2,3511,2.597
2,3512,2.516
2,3513,2.596
2,3514,2.398
2,3515,2.269
2,3516,2.193
2,3517,1.976
2,3518,1.781
2,3519,2.439
2,3520,2.255
2,3521,1.775
2,3522,2.411
2,3523,2.034
2,3524,1.927
2,3525,2.018
2,3526,3.273
2,3527,2.133
2,3528,2.304
2,3529,3.576
2,3530,2.424
2,3531,2.407
2,3532,2.099
2,3533,3.019
2,3534,2.570
2,3535,2.264
2,3536,2.330
2,3537,2.534
2,3538,2.901
2,3539,3.100
2,3540,3.705
2,3541,2.975
2,3542,2.449
2,3543,3.417
2,3544,2.745
2,3545,2.110
2,3546,2.678
2,3547,2.139
2,3548,1.957
2,3549,2.048
2,3550,2.809
2,3551,2.945
2,3552,2.886
2,3553,3.479
2,3554,2.907
2,3555,2.153
2,3556,3.127
2,3557,2.328
2,3558,2.195
2,3559,2.262
2,3560,2.280
2,3561,1.889
2,3562,1.573
2,3563,3.969
2,3564,3.212
2,3565,2.538
2,3566,2.346
2,3567,1.731
2,3568,1.655
2,3569,1.965
2,3570,1.908
2,3571,1.568
2,3572,2.659
2,3573,2.423
2,3574,1.930
2,3575,2.035
2,3576,2.007
2,3577,1.987
2,3578,2.011
2,3579,2.595
2,3580,2.263
2,3581,1.977
2,3582,3.635
2,3583,2.015
2,3584,2.462
2,3585,2.379
2,3586,2.027
2,3587,1.860
2,3588,1.578
2,3589,1.444
2,3590,1.558
2,3591,1.807
2,3592,1.986
2,3593,1.731
2,3594,1.639
2,3595,1.834
2,3596,3.026
2,3597,2.215
2,3598,1.704
2,3599,2.169
2,3600,2.368
2,3601,2.186
2,3602,2.226
2,3603,1.968
2,3604,1.778
2,3605,2.254
2,3606,2.424
2,3607,2.394
2,3608,2.546
2,3609,2.946
2,3610,3.478
2,3611,3.515
2,3612,3.525
2,3613,2.477
2,3614,1.597
2,3615,1.561
2,3616,1.796
2,3617,1.847
2,3618,1.619
2,3619,1.498
2,3620,2.138
2,3621,2.348
2,3622,1.740
2,3623,1.957
2,3624,1.889
2,3625,1.692
2,3626,1.521
2,3627,2.521
2,3628,2.781
2,3629,2.211
2,3630,2.942
2,3631,2.128
2,3632,2.200
2,3633,2.471
2,3634,1.792
2,3635,1.701
2,3636,2.301
2,3637,2.024
2,3638,1.758
2,3639,1.391
2,3640,2.174
2,3641,2.203
2,3642,1.769
2,3643,2.451
2,3644,3.622
2,3645,1.933
2,3646,2.745
2,3647,1.698
2,3648,1.493
2,3649,1.684
2,3650,2.515
2,3651,1.845
2,3652,1.571
2,3653,1.940
2,3654,1.742
2,3655,2.294
2,3656,1.899
2,3657,3.359
2,3658,1.938
2,3659,1.720
2,3660,2.316
2,3661,1.776
2,3662,1.423
2,3663,2.082
2,3664,1.830
2,3665,1.882
2,3666,2.017
2,3667,2.082
2,3668,1.658
2,3669,1.535
2,3670,1.531
2,3671,2.173
2,3672,2.150
2,3673,1.442
2,3674,2.579
2,3675,4.416
2,3676,2.555
2,3677,1.962
2,3678,1.481
2,3679,1.351
2,3680,2.243
2,3681,2.511
2,3682,1.743
2,3683,1.715
2,3684,1.761
2,3685,1.714
2,3686,1.718
2,3687,1.697
2,3688,1.582
2,3689,2.706
2,3690,2.348
2,3691,3.143
2,3692,1.940
2,3693,2.038
2,3694,2.259
2,3695,2.162
2,3696,2.674
2,3697,2.673
2,3698,2.629
2,3699,2.466
2,3700,2.123
2,3701,1.717
2,3702,2.240
2,3703,2.623
2,3704,2.229
2,3705,2.420
2,3706,3.663
2,3707,2.203
2,3708,2.910
2,3709,2.609
2,3710,2.597
2,3711,2.488
2,3712,2.517
2,3713,2.011
2,3714,1.999
2,3715,1.902
2,3716,1.673
2,3717,2.772
2,3718,1.949
2,3719,1.760
2,3720,2.494
2,3721,2.829
2,3722,1.963
2,3723,2.012
2,3724,1.950
2,3725,1.603
2,3726,1.936
2,3727,1.829
2,3728,1.712
2,3729,1.507
2,3730,3.231
2,3731,3.421
2,3732,4.429
2,3733,2.806
2,3734,2.025
2,3735,2.842
2,3736,4.052
2,3737,2.141
2,3738,2.097
2,3739,1.641
2,3740,1.803
2,3741,1.864
2,3742,2.021
2,3743,2.286
2,3744,2.434
2,3745,1.700
2,3746,1.837
2,3747,2.982
2,3748,2.457
2,3749,2.055
2,3750,2.858
2,3751,1.887
2,3752,1.836
2,3753,1.883
2,3754,1.794
2,3755,1.860
2,3756,1.773
2,3757,2.111
2,3758,1.922
2,3759,1.702
2,3760,1.802
2,3761,2.349
2,3762,1.731
2,3763,1.610
2,3764,2.078
2,3765,3.820
2,3766,2.119
2,3767,2.254
2,3768,1.663
2,3769,1.822
2,3770,1.934
2,3771,2.104
2,3772,2.443
2,3773,1.949
2,3774,1.993
2,3775,1.869
2,3776,1.509
2,3777,1.505
2,3778,1.941
2,3779,1.549
2,3780,2.013
2,3781,2.409
2,3782,2.561
2,3783,1.731
2,3784,1.624
2,3785,1.963
2,3786,1.742
2,3787,2.310
2,3788,2.129
2,3789,1.997
2,3790,1.871
2,3791,1.679
2,3792,2.052
2,3793,1.797
2,3794,1.506
2,3795,1.523
2,3796,3.215
2,3797,2.764
2,3798,3.181
2,3799,3.745
2,3800,1.964
2,3801,1.977
2,3802,1.883
2,3803,2.257
2,3804,2.196
2,3805,1.608
2,3806,1.399
2,3807,1.423
2,3808,1.656
2,3809,1.627
2,3810,1.604
2,3811,1.938
2,3812,3.639
2,3813,2.076
2,3814,2.079
2,3815,2.205
2,3816,1.751
2,3817,1.438
2,3818,1.520
2,3819,1.651
2,3820,1.984
2,3821,2.780
2,3822,2.142
2,3823,2.161
2,3824,2.226
2,3825,2.396
2,3826,1.856
2,3827,1.444
2,3828,1.742
2,3829,3.405
2,3830,1.958
2,3831,1.891
2,3832,3.610
2,3833,2.470
2,3834,2.740
2,3835,2.235
2,3836,2.485
2,3837,2.487
2,3838,1.848
2,3839,1.629
2,3840,1.932
2,3841,2.239
2,3842,2.297
2,3843,3.042
2,3844,3.162
2,3845,2.384
2,3846,3.091
2,3847,2.761
2,3848,2.290
2,3849,2.194
2,3850,1.926
2,3851,2.448
2,3852,2.353
2,3853,3.973
2,3854,2.661
2,3855,1.747
2,3856,1.549
2,3857,2.673
2,3858,3.836
2,3859,1.838
2,3860,2.469
2,3861,2.408
2,3862,2.428
2,3863,1.896
2,3864,1.681
2,3865,1.622
2,3866,2.560
2,3867,2.072
2,3868,2.428
2,3869,3.093
2,3870,2.190
2,3871,1.889
2,3872,2.202
2,3873,1.915
2,3874,2.592
2,3875,2.451
2,3876,2.179
2,3877,1.850
2,3878,2.207
2,3879,2.319
2,3880,1.987
2,3881,2.719
2,3882,2.682
2,3883,2.134
2,3884,2.899
2,3885,2.707
2,3886,2.228
2,3887,4.259
2,3888,2.733
2,3889,2.292
2,3890,2.069
2,3891,2.082
2,3892,2.295
2,3893,2.087
2,3894,2.619
2,3895,2.580
2,3896,2.541
2,3897,1.851
2,3898,3.187
2,3899,2.677
2,3900,2.901
2,3901,2.233
2,3902,1.820
2,3903,2.671
2,3904,2.758
2,3905,2.053
2,3906,2.300
2,3907,3.099
2,3908,2.014
2,3909,2.465
2,3910,3.214
2,3911,3.010
2,3912,4.511
2,3913,3.546
2,3914,2.601
2,3915,3.018
2,3916,2.598
2,3917,2.499
2,3918,2.604
2,3919,2.094
2,3920,1.889
2,3921,2.187
2,3922,2.602
2,3923,2.496
2,3924,3.696
2,3925,2.741
2,3926,2.450
2,3927,2.189
2,3928,2.074
2,3929,2.717
2,3930,2.486
2,3931,2.229
2,3932,2.476
2,3933,2.178
2,3934,1.989
2,3935,2.212
2,3936,2.705
2,3937,2.865
2,3938,3.578
2,3939,3.298
2,3940,3.166
2,3941,3.370
2,3942,3.265
2,3943,2.917
2,3944,2.547
2,3945,2.664
2,3946,2.039
2,3947,2.836
2,3948,3.372
2,3949,3.417
2,3950,4.796
2,3951,2.963
2,3952,2.471
2,3953,3.137
2,3954,2.941
2,3955,2.703
2,3956,3.557
2,3957,3.508
2,3958,5.460
2,3959,2.580
2,3960,2.872
2,3961,2.327
2,3962,2.412
2,3963,2.114
2,3964,1.981
2,3965,2.323
2,3966,2.227
2,3967,2.061
2,3968,2.079
2,3969,2.755
2,3970,2.254
2,3971,2.446
2,3972,3.153
2,3973,2.106
2,3974,2.101
2,3975,1.965
2,3976,3.043
2,3977,2.428
2,3978,2.222
2,3979,1.676
2,3980,1.747
2,3981,2.076
2,3982,1.899
2,3983,2.743
2,3984,2.728
2,3985,1.847
2,3986,1.794
2,3987,2.638
2,3988,2.832
2,3989,1.823
2,3990,2.693
2,3991,2.098
2,3992,2.396
2,3993,2.152
2,3994,1.816
2,3995,1.795
2,3996,2.104
2,3997,2.339
2,3998,2.183
2,3999,2.005
2,4000,4.036
2,4001,1.699
2,4002,1.848
2,4003,2.265
2,4004,2.108
2,4005,3.013
2,4006,2.093
2,4007,2.637
2,4008,2.584
2,4009,2.930
2,4010,2.393
2,4011,2.955
2,4012,1.891
2,4013,2.158
2,4014,3.926
2,4015,3.329
2,4016,3.977
2,4017,2.077
2,4018,2.375
2,4019,2.039
2,4020,2.794
2,4021,1.947
2,4022,1.648
2,4023,2.025
2,4024,2.418
2,4025,1.854
2,4026,1.658
2,4027,1.617
2,4028,2.543
2,4029,2.724
2,4030,1.905
2,4031,2.539
2,4032,2.157
2,4033,1.725
2,4034,1.801
2,4035,3.115
2,4036,2.026
2,4037,2.675
2,4038,2.612
2,4039,1.701
2,4040,1.735
2,4041,1.782
2,4042,1.785
2,4043,1.920
2,4044,2.264
2,4045,3.369
2,4046,2.460
2,4047,2.297
2,4048,1.611
2,4049,1.406
2,4050,1.652
2,4051,1.936
2,4052,1.770
2,4053,1.497
2,4054,1.972
2,4055,2.424
2,4056,2.590
2,4057,2.088
2,4058,1.918
2,4059,1.701
2,4060,1.626
2,4061,2.992
2,4062,2.510
2,4063,1.899
2,4064,2.348
2,4065,1.858
2,4066,1.734
2,4067,2.150
2,4068,2.147
2,4069,2.442
2,4070,3.200
2,4071,2.727
2,4072,2.420
2,4073,2.164
2,4074,3.475
2,4075,3.322
2,4076,3.232
2,4077,2.314
2,4078,2.871
2,4079,1.814
2,4080,2.570
2,4081,2.658
2,4082,2.059
2,4083,2.041
2,4084,2.168
2,4085,2.381
2,4086,3.341
2,4087,3.223
2,4088,2.146
2,4089,2.572
2,4090,2.141
2,4091,1.775
2,4092,2.106
2,4093,2.662
2,4094,2.257
2,4095,2.458
2,4096,1.897
2,4097,1.831
2,4098,2.076
2,4099,2.302
2,4100,1.896
2,4101,4.118
2,4102,2.342
2,4103,2.023
2,4104,2.841
2,4105,2.654
2,4106,1.586
2,4107,3.253
2,4108,2.967
2,4109,1.929
2,4110,1.844
2,4111,1.914
2,4112,1.746
2,4113,1.852
2,4114,1.873
2,4115,2.011
2,4116,2.065
2,4117,3.263
2,4118,2.186
2,4119,1.781
2,4120,2.001
2,4121,1.919
2,4122,1.884
2,4123,2.153
2,4124,1.816
2,4125,2.502
2,4126,2.216
2,4127,1.937
2,4128,1.484
2,4129,1.351
2,4130,2.138
2,4131,2.293
2,4132,2.033
2,4133,2.053
2,4134,3.891
2,4135,1.790
2,4136,1.931
2,4137,3.020
2,4138,2.107
2,4139,2.280
2,4140,1.951
2,4141,1.800
2,4142,2.229
2,4143,2.670
2,4144,2.052
2,4145,1.945
2,4146,2.903
2,4147,1.921
2,4148,2.137
2,4149,2.871
2,4150,1.967
2,4151,2.364
2,4152,2.148
2,4153,1.835
2,4154,2.034
2,4155,1.973
2,4156,1.683
2,4157,2.225
2,4158,2.515
2,4159,2.158
2,4160,1.656
2,4161,1.713
2,4162,2.682
2,4163,1.968
2,4164,1.521
2,4165,2.050
2,4166,3.929
2,4167,2.540
2,4168,2.304
2,4169,1.736
2,4170,1.586
2,4171,2.060
2,4172,2.054
2,4173,2.741
2,4174,3.846
2,4175,2.328
2,4176,3.432
2,4177,2.707
2,4178,2.634
2,4179,2.822
2,4180,2.572
2,4181,4.377
2,4182,2.670
2,4183,2.149
2,4184,2.879
2,4185,3.583
2,4186,3.525
2,4187,3.454
2,4188,4.135
2,4189,2.224
2,4190,2.404
2,4191,1.744
2,4192,1.968
2,4193,2.046
2,4194,2.101
2,4195,2.244
2,4196,2.769
2,4197,2.621
2,4198,2.251
2,4199,2.529
2,4200,2.166
2,4201,1.933
2,4202,2.544
2,4203,2.419
2,4204,1.697
2,4205,1.845
2,4206,2.281
2,4207,1.688
2,4208,1.478
2,4209,2.501
2,4210,2.235
2,4211,2.348
2,4212,2.404
2,4213,1.833
2,4214,1.633
2,4215,1.797
2,4216,3.183
2,4217,2.799
2,4218,3.063
2,4219,3.497
2,4220,2.338
2,4221,2.110
2,4222,2.526
2,4223,3.455
2,4224,3.163
2,4225,2.827
2,4226,2.743
2,4227,3.122
2,4228,3.736
2,4229,3.114
2,4230,3.653
2,4231,2.209
2,4232,3.022
2,4233,3.714
2,4234,2.636
2,4235,2.659
2,4236,3.386
2,4237,3.442
2,4238,3.812
2,4239,4.851
2,4240,4.291
2,4241,4.767
2,4242,2.708
2,4243,2.450
2,4244,3.366
2,4245,2.627
2,4246,2.620
2,4247,3.254
2,4248,3.630
2,4249,4.503
2,4250,3.301
2,4251,3.031
2,4252,2.918
2,4253,2.948
2,4254,2.658
2,4255,3.071
2,4256,3.667
2,4257,2.949
2,4258,3.022
2,4259,2.642
2,4260,3.346
2,4261,3.385
2,4262,3.027
2,4263,2.521
2,4264,3.321
2,4265,2.356
2,4266,3.287
2,4267,2.598
2,4268,2.500
2,4269,4.219
2,4270,3.666
2,4271,3.542
2,4272,2.990
2,4273,3.013
2,4274,2.578
2,4275,2.646
2,4276,3.657
2,4277,3.044
2,4278,2.784
2,4279,3.373
2,4280,4.482
2,4281,3.593
2,4282,3.165
2,4283,2.461
2,4284,2.356
2,4285,2.076
2,4286,2.535
2,4287,2.642
2,4288,2.884
2,4289,2.306
2,4290,2.388
2,4291,2.160
2,4292,2.513
2,4293,2.946
2,4294,2.598
2,4295,3.166
2,4296,2.002
2,4297,1.944
2,4298,2.477
2,4299,2.984
2,4300,2.380
2,4301,2.288
2,4302,2.676
2,4303,2.559
2,4304,3.735
2,4305,3.129
2,4306,3.500
2,4307,2.603
2,4308,3.303
2,4309,2.150
2,4310,2.570
2,4311,3.351
2,4312,3.204
2,4313,2.455
2,4314,2.415
2,4315,2.094
2,4316,2.581
2,4317,3.057
2,4318,3.188
2,4319,2.794
2,4320,2.721
2,4321,3.126
2,4322,3.256
2,4323,2.698
2,4324,2.225
2,4325,2.925
2,4326,2.620
2,4327,3.410
2,4328,4.241
2,4329,3.163
2,4330,3.252
2,4331,2.976
2,4332,3.665
2,4333,3.498
2,4334,2.790
2,4335,2.323
2,4336,2.770
2,4337,2.769
2,4338,2.999
2,4339,3.347
2,4340,2.343
2,4341,2.804
2,4342,2.509
2,4343,2.768
2,4344,3.313
2,4345,2.736
2,4346,3.420
2,4347,2.903
2,4348,3.372
2,4349,4.070
2,4350,5.006
2,4351,3.274
2,4352,3.257
2,4353,3.148
2,4354,2.924
2,4355,3.103
2,4356,2.669
2,4357,2.788
2,4358,3.688
2,4359,2.886
2,4360,3.300
2,4361,5.394
2,4362,4.385
2,4363,3.263
2,4364,4.353
2,4365,3.181
2,4366,3.361
2,4367,4.919
2,4368,4.972
2,4369,3.731
2,4370,4.569
2,4371,3.347
2,4372,3.192
2,4373,3.046
2,4374,3.406
2,4375,3.499
2,4376,2.700
2,4377,3.759
2,4378,3.242
2,4379,3.244
2,4380,2.980
2,4381,3.549
2,4382,2.436
2,4383,2.671
2,4384,2.647
2,4385,3.572
2,4386,5.059
2,4387,4.115
2,4388,3.314
2,4389,3.952
2,4390,2.931
2,4391,3.920
2,4392,3.738
2,4393,3.271
2,4394,3.292
2,4395,3.158
2,4396,2.595
2,4397,2.903
2,4398,3.939
2,4399,2.715
2,4400,3.050
2,4401,2.421
2,4402,2.382
2,4403,2.266
2,4404,2.263
2,4405,2.833
2,4406,2.389
2,4407,1.899
2,4408,2.520
2,4409,3.954
2,4410,3.461
2,4411,3.155
2,4412,2.352
2,4413,2.377
2,4414,1.980
2,4415,2.134
2,4416,2.647
2,4417,2.732
2,4418,2.888
2,4419,2.338
2,4420,2.291
2,4421,2.524
2,4422,2.304
2,4423,2.686
2,4424,3.490
2,4425,2.803
2,4426,2.462
2,4427,2.328
2,4428,2.481
2,4429,3.654
2,4430,2.352
2,4431,2.750
2,4432,2.941
2,4433,2.117
2,4434,3.104
2,4435,4.449
2,4436,2.804
2,4437,2.505
2,4438,2.918
2,4439,2.249
2,4440,2.159
2,4441,2.398
2,4442,2.411
2,4443,2.231
2,4444,2.367
2,4445,3.089
2,4446,2.314
2,4447,4.186
2,4448,2.770
2,4449,3.090
2,4450,2.744
2,4451,2.775
2,4452,2.953
2,4453,3.946
2,4454,2.220
2,4455,2.213
2,4456,2.963
2,4457,4.055
2,4458,2.602
2,4459,2.926
2,4460,2.014
2,4461,2.297
2,4462,2.173
2,4463,1.737
2,4464,2.608
2,4465,2.454
2,4466,1.732
2,4467,1.742
2,4468,1.911
2,4469,2.247
2,4470,1.968
2,4471,2.413
2,4472,2.775
2,4473,2.172
2,4474,2.785
2,4475,1.888
2,4476,1.712
2,4477,2.175
2,4478,2.373
2,4479,2.145
2,4480,2.594
2,4481,2.184
2,4482,2.310
2,4483,2.398
2,4484,2.303
2,4485,2.220
2,4486,2.231
2,4487,3.524
2,4488,2.502
2,4489,2.972
2,4490,2.048
2,4491,2.148
2,4492,2.326
2,4493,2.503
2,4494,2.045
2,4495,2.196
2,4496,2.083
2,4497,1.586
2,4498,1.931
2,4499,2.339
2,4500,2.267
2,4501,2.587
2,4502,2.885
2,4503,2.298
2,4504,2.957
2,4505,2.659
2,4506,2.056
2,4507,1.923
2,4508,2.204
2,4509,2.225
2,4510,1.892
2,4511,1.540
2,4512,2.182
2,4513,2.251
2,4514,2.150
2,4515,1.558
2,4516,1.517
2,4517,2.104
2,4518,3.440
2,4519,2.223
2,4520,3.456
2,4521,1.778
2,4522,1.839
2,4523,1.828
2,4524,1.657
2,4525,1.724
2,4526,2.028
2,4527,2.387
2,4528,1.983
2,4529,1.971
2,4530,1.769
2,4531,1.504
2,4532,1.536
2,4533,1.727
2,4534,2.909
2,4535,2.195
2,4536,1.942
2,4537,2.509
2,4538,2.229
2,4539,1.595
2,4540,1.652
2,4541,1.682
2,4542,1.603
2,4543,1.705
2,4544,2.096
2,4545,2.109
2,4546,2.116
2,4547,2.715
2,4548,3.502
2,4549,2.032
2,4550,3.580
2,4551,3.083
2,4552,2.736
2,4553,2.881
2,4554,2.388
2,4555,3.025
2,4556,2.585
2,4557,2.402
2,4558,2.482
2,4559,2.198
2,4560,3.035
2,4561,2.520
2,4562,2.733
2,4563,3.027
2,4564,2.537
2,4565,2.492
2,4566,2.616
2,4567,2.911
2,4568,2.558
2,4569,2.626
2,4570,3.299
2,4571,2.743
2,4572,4.515
2,4573,4.687
2,4574,3.425
2,4575,2.780
2,4576,2.455
2,4577,2.786
2,4578,2.645
2,4579,3.138
2,4580,1.981
2,4581,1.945
2,4582,2.358
2,4583,3.013
2,4584,4.041
2,4585,3.107
2,4586,3.269
2,4587,2.322
2,4588,1.779
2,4589,2.579
2,4590,2.518
2,4591,2.323
2,4592,2.248
2,4593,2.423
2,4594,2.071
2,4595,3.280
2,4596,3.407
2,4597,3.177
2,4598,3.168
2,4599,2.934
2,4600,2.467
2,4601,2.417
2,4602,2.354
2,4603,1.955
2,4604,2.028
2,4605,2.325
2,4606,2.214
2,4607,2.607
2,4608,2.347
2,4609,2.090
2,4610,2.009
2,4611,2.641
2,4612,2.687
2,4613,1.829
2,4614,2.406
2,4615,3.304
2,4616,2.674
2,4617,2.716
2,4618,2.749
2,4619,2.632
2,4620,2.527
2,4621,2.400
2,4622,4.316
2,4623,3.055
2,4624,3.744
2,4625,2.515
2,4626,2.576
2,4627,2.247
2,4628,2.520
2,4629,2.876
2,4630,2.244
2,4631,1.857
2,4632,3.195
2,4633,2.271
2,4634,1.723
2,4635,3.176
2,4636,2.293
2,4637,2.425
2,4638,2.897
2,4639,2.121
2,4640,2.347
2,4641,2.328
2,4642,2.364
2,4643,2.437
2,4644,2.831
2,4645,2.542
2,4646,2.859
2,4647,2.439
2,4648,2.605
2,4649,4.581
2,4650,2.617
2,4651,2.902
2,4652,2.043
2,4653,1.988
2,4654,2.307
2,4655,1.978
2,4656,2.658
2,4657,2.929
2,4658,2.208
2,4659,2.559
2,4660,2.630
2,4661,2.018
2,4662,3.313
2,4663,3.695
2,4664,3.261
2,4665,2.586
2,4666,2.830
2,4667,4.289
2,4668,4.622
2,4669,2.632
2,4670,2.795
2,4671,4.436
2,4672,3.632
2,4673,3.338
2,4674,2.499
2,4675,2.776
2,4676,2.211
2,4677,3.038
2,4678,2.640
2,4679,2.661
2,4680,3.078
2,4681,2.375
2,4682,3.726
2,4683,5.053
2,4684,4.142
2,4685,3.539
2,4686,3.179
2,4687,3.127
2,4688,3.201
2,4689,2.899
2,4690,3.000
2,4691,2.974
2,4692,4.014
2,4693,3.662
2,4694,3.252
2,4695,2.129
2,4696,2.037
2,4697,3.183
2,4698,2.520
2,4699,2.326
2,4700,2.127
2,4701,2.068
2,4702,2.387
2,4703,2.461
2,4704,2.714
2,4705,3.363
2,4706,2.735
2,4707,1.991
2,4708,2.420
2,4709,2.137
2,4710,2.970
2,4711,3.203
2,4712,2.382
2,4713,2.775
2,4714,2.253
2,4715,2.645
2,4716,4.378
2,4717,4.030
2,4718,2.832
2,4719,2.263
2,4720,2.995
2,4721,2.144
2,4722,2.134
2,4723,2.275
2,4724,2.697
2,4725,2.190
2,4726,2.416
2,4727,2.817
2,4728,2.507
2,4729,2.305
2,4730,1.946
2,4731,3.691
2,4732,2.915
2,4733,3.305
2,4734,2.993
2,4735,2.723
2,4736,3.391
2,4737,3.696
2,4738,2.965
2,4739,2.071
2,4740,2.793
2,4741,3.653
2,4742,2.857
2,4743,3.905
2,4744,2.351
2,4745,2.496
2,4746,1.884
2,4747,1.446
2,4748,1.777
2,4749,2.099
2,4750,2.082
2,4751,2.517
2,4752,2.161
2,4753,1.645
2,4754,1.493
2,4755,2.603
2,4756,2.567
2,4757,2.313
2,4758,2.497
2,4759,2.480
2,4760,2.144
2,4761,2.340
2,4762,3.592
2,4763,2.500
2,4764,2.515
2,4765,1.750
2,4766,3.149
2,4767,2.133
2,4768,1.684
2,4769,1.884
2,4770,3.939
2,4771,2.497
2,4772,2.643
2,4773,2.023
2,4774,1.474
2,4775,1.835
2,4776,1.896
2,4777,2.052
2,4778,2.812
2,4779,2.766
2,4780,2.155
2,4781,2.818
2,4782,2.087
2,4783,1.706
2,4784,2.809
2,4785,2.719
2,4786,2.153
2,4787,2.988
2,4788,2.917
2,4789,2.462
2,4790,2.545
2,4791,2.105
2,4792,2.385
2,4793,2.589
2,4794,1.957
2,4795,2.442
2,4796,4.031
2,4797,2.792
2,4798,3.534
2,4799,2.303
2,4800,2.364
2,4801,2.102
2,4802,1.959
2,4803,2.117
2,4804,2.009
2,4805,1.734
2,4806,1.593
2,4807,1.881
2,4808,1.781
2,4809,1.594
2,4810,2.945
2,4811,2.093
2,4812,1.611
2,4813,1.595
2,4814,2.901
2,4815,2.216
2,4816,1.710
2,4817,1.864
2,4818,2.520
2,4819,2.228
2,4820,2.296
2,4821,2.030
2,4822,1.543
2,4823,1.458
2,4824,2.147
2,4825,1.827
2,4826,1.480
2,4827,3.769
2,4828,3.979
2,4829,2.840
2,4830,2.658
2,4831,2.352
2,4832,2.944
2,4833,2.651
2,4834,2.321
2,4835,2.130
2,4836,1.898
2,4837,1.640
2,4838,1.813
2,4839,1.637
2,4840,2.284
2,4841,2.545
2,4842,3.738
2,4843,1.613
2,4844,1.652
2,4845,2.181
2,4846,1.884
2,4847,2.600
2,4848,2.052
2,4849,1.734
2,4850,2.025
2,4851,1.873
2,4852,1.632
2,4853,1.466
2,4854,1.542
2,4855,1.981
2,4856,3.205
2,4857,1.749
2,4858,1.778
2,4859,3.422
2,4860,2.052
2,4861,2.073
2,4862,2.108
2,4863,1.679
2,4864,1.574
2,4865,1.937
2,4866,2.045
2,4867,1.954
2,4868,1.737
2,4869,1.788
2,4870,2.131
2,4871,2.720
2,4872,2.054
2,4873,1.642
2,4874,1.526
2,4875,1.790
2,4876,2.789
2,4877,3.399
2,4878,3.310
2,4879,2.243
2,4880,1.562
2,4881,2.236
2,4882,2.034
2,4883,2.542
2,4884,2.324
2,4885,2.423
2,4886,1.936
2,4887,2.392
2,4888,4.447
2,4889,2.826
2,4890,3.569
2,4891,2.391
2,4892,2.345
2,4893,1.856
2,4894,2.278
2,4895,2.683
2,4896,4.114
2,4897,3.142
2,4898,2.194
2,4899,2.298
2,4900,2.976
2,4901,1.970
2,4902,3.822
2,4903,2.459
2,4904,2.938
2,4905,2.195
2,4906,2.146
2,4907,2.910
2,4908,2.566
2,4909,2.356
2,4910,2.633
2,4911,2.653
2,4912,2.344
2,4913,4.413
2,4914,2.592
2,4915,2.838
2,4916,2.423
2,4917,3.000
2,4918,2.592
2,4919,2.625
2,4920,2.600
2,4921,2.400
2,4922,2.312
2,4923,2.475
2,4924,2.813
2,4925,4.101
2,4926,2.572
2,4927,2.425
2,4928,2.686
2,4929,1.957
2,4930,2.424
2,4931,2.819
2,4932,2.202
2,4933,2.219
2,4934,2.067
2,4935,1.933
2,4936,2.435
2,4937,4.116
2,4938,2.912
2,4939,3.393
2,4940,2.371
2,4941,2.663
2,4942,2.572
2,4943,2.464
2,4944,2.633
2,4945,2.853
2,4946,2.325
2,4947,2.316
2,4948,2.475
2,4949,2.504
2,4950,2.102
2,4951,2.142
2,4952,3.051
2,4953,2.508
2,4954,2.109
2,4955,3.078
2,4956,2.313
2,4957,2.277
2,4958,2.407
2,4959,2.798
2,4960,2.826
2,4961,2.666
2,4962,2.367
2,4963,3.288
2,4964,3.707
2,4965,3.342
2,4966,2.583
2,4967,3.290
2,4968,2.385
2,4969,2.214
2,4970,2.765
2,4971,5.006
2,4972,3.239
2,4973,2.333
2,4974,2.727
2,4975,2.924
2,4976,2.594
2,4977,3.197
2,4978,3.249
2,4979,2.778
2,4980,3.122
2,4981,3.848
2,4982,2.504
2,4983,3.126
2,4984,4.884
2,4985,3.443
2,4986,3.126
2,4987,3.113
2,4988,3.041
2,4989,2.538
2,4990,2.287
2,4991,2.137
2,4992,2.095
2,4993,3.364
2,4994,2.489
2,4995,2.777
2,4996,2.769
2,4997,2.683
2,4998,3.328
2,4999,2.556
2,5000,2.842
2,5001,2.101
2,5002,1.639
2,5003,2.676
2,5004,2.141
2,5005,2.053
2,5006,2.671
2,5007,2.326
2,5008,1.971
2,5009,2.350
2,5010,3.603
2,5011,3.360
2,5012,3.593
2,5013,1.808
2,5014,2.104
2,5015,1.970
2,5016,1.974
2,5017,2.398
2,5018,2.533
2,5019,1.700
2,5020,1.605
2,5021,1.950
2,5022,1.753
2,5023,1.585
2,5024,1.676
2,5025,2.670
2,5026,2.452
2,5027,2.834
2,5028,2.582
2,5029,2.183
2,5030,2.324
2,5031,2.282
2,5032,1.986
2,5033,2.101
2,5034,2.301
2,5035,2.840
2,5036,2.613
2,5037,2.261
2,5038,1.835
2,5039,2.616
2,5040,4.344
2,5041,3.091
2,5042,2.543
2,5043,1.855
2,5044,1.886
2,5045,2.310
2,5046,2.285
2,5047,2.253
2,5048,1.783
2,5049,1.509
2,5050,1.538
2,5051,2.251
2,5052,1.887
2,5053,2.973
2,5054,2.986
2,5055,3.067
2,5056,2.622
2,5057,2.586
2,5058,2.920
2,5059,2.589
2,5060,2.677
2,5061,2.241
2,5062,1.914
2,5063,1.749
2,5064,1.868
2,5065,1.657
2,5066,2.451
2,5067,1.692
2,5068,1.593
2,5069,2.185
2,5070,2.467
2,5071,1.740
2,5072,1.711
2,5073,2.211
2,5074,2.120
2,5075,2.337
2,5076,1.830
2,5077,1.802
2,5078,1.656
2,5079,1.869
2,5080,1.934
2,5081,2.322
2,5082,2.176
2,5083,2.142
2,5084,2.614
2,5085,2.261
2,5086,2.045
2,5087,1.705
2,5088,1.812
2,5089,3.389
2,5090,2.324
2,5091,2.546
2,5092,3.855
2,5093,1.761
2,5094,1.465
2,5095,2.547
2,5096,1.988
2,5097,1.799
2,5098,1.823
2,5099,2.476
2,5100,2.175
2,5101,1.884
2,5102,2.239
2,5103,2.824
2,5104,2.004
2,5105,1.795
2,5106,1.729
2,5107,1.640
2,5108,1.975
2,5109,1.926
2,5110,1.525
2,5111,2.252
2,5112,2.279
2,5113,1.622
2,5114,1.441
2,5115,1.419
2,5116,2.044
2,5117,2.071
2,5118,1.562
2,5119,2.269
2,5120,2.224
2,5121,1.957
2,5122,1.893
2,5123,2.932
2,5124,3.043
2,5125,1.965
2,5126,2.593
2,5127,2.278
2,5128,1.906
2,5129,2.021
2,5130,1.701
2,5131,1.817
2,5132,2.616
2,5133,2.645
2,5134,2.065
2,5135,3.051
2,5136,1.918
2,5137,2.219
2,5138,1.870
2,5139,1.671
2,5140,1.631
2,5141,2.285
2,5142,2.277
2,5143,2.166
2,5144,1.569
2,5145,2.046
2,5146,1.823
2,5147,1.538
2,5148,1.555
2,5149,2.353
2,5150,2.864
2,5151,1.810
2,5152,2.427
2,5153,1.908
2,5154,1.564
2,5155,1.642
2,5156,2.461
2,5157,3.637
2,5158,2.258
2,5159,2.242
2,5160,2.479
2,5161,1.883
2,5162,1.874
2,5163,1.888
2,5164,2.170
2,5165,2.837
2,5166,1.905
2,5167,1.678
2,5168,2.825
2,5169,1.924
2,5170,1.532
2,5171,2.480
2,5172,2.292
2,5173,2.197
2,5174,2.190
2,5175,2.009
2,5176,2.063
2,5177,1.784
2,5178,3.242
2,5179,2.701
2,5180,2.336
2,5181,2.372
2,5182,2.129
2,5183,2.029
2,5184,3.939
2,5185,2.408
2,5186,2.662
2,5187,2.145
2,5188,2.270
2,5189,2.131
2,5190,1.914
2,5191,3.020
2,5192,3.269
2,5193,2.014
2,5194,1.967
2,5195,2.303
2,5196,1.743
2,5197,1.437
2,5198,1.545
2,5199,2.784
2,5200,2.268
2,5201,2.023
2,5202,1.908
2,5203,1.790
2,5204,1.959
2,5205,2.456
2,5206,2.281
2,5207,2.353
2,5208,3.207
2,5209,2.249
2,5210,1.954
2,5211,2.608
2,5212,4.532
2,5213,4.804
2,5214,2.037
2,5215,2.492
2,5216,1.864
2,5217,1.623
2,5218,2.680
2,5219,2.139
2,5220,2.469
2,5221,2.844
2,5222,1.945
2,5223,1.662
2,5224,2.605
2,5225,2.376
2,5226,1.835
2,5227,1.841
2,5228,2.584
2,5229,1.838
2,5230,1.635
2,5231,1.981
2,5232,1.820
2,5233,2.517
2,5234,2.306
2,5235,1.729
2,5236,1.595
2,5237,2.404
2,5238,3.061
2,5239,2.225
2,5240,3.183
2,5241,3.858
2,5242,2.641
2,5243,3.179
2,5244,2.582
2,5245,2.813
2,5246,1.926
2,5247,1.700
2,5248,3.127
2,5249,2.344
2,5250,2.830
2,5251,2.482
2,5252,2.507
2,5253,3.006
2,5254,2.332
2,5255,2.191
2,5256,2.490
2,5257,2.527
2,5258,2.928
2,5259,2.300
2,5260,2.244
2,5261,2.318
2,5262,3.333
2,5263,2.362
2,5264,3.937
2,5265,2.132
2,5266,2.034
2,5267,3.578
2,5268,2.508
2,5269,2.597
2,5270,3.202
2,5271,2.486
2,5272,2.404
2,5273,1.973
2,5274,2.250
2,5275,3.179
2,5276,2.645
2,5277,3.279
2,5278,2.587
2,5279,2.446
2,5280,2.330
2,5281,2.420
2,5282,2.458
2,5283,2.623
2,5284,3.001
2,5285,2.257
2,5286,1.928
2,5287,1.930
2,5288,2.926
2,5289,2.767
2,5290,2.564
2,5291,3.206
2,5292,2.153
2,5293,2.153
2,5294,3.690
2,5295,3.739
2,5296,2.735
2,5297,2.597
2,5298,2.654
2,5299,2.750
2,5300,3.264
2,5301,3.696
2,5302,3.136
2,5303,3.438
2,5304,2.934
2,5305,3.142
2,5306,2.942
2,5307,2.796
2,5308,2.683
2,5309,2.790
2,5310,2.857
2,5311,2.576
2,5312,2.829
2,5313,2.419
2,5314,2.699
2,5315,3.773
2,5316,3.068
2,5317,3.037
2,5318,3.709
2,5319,2.610
2,5320,1.718
2,5321,1.511
2,5322,2.452
2,5323,3.285
2,5324,2.048
2,5325,2.289
2,5326,1.950
2,5327,1.864
2,5328,2.212
2,5329,2.173
2,5330,1.991
2,5331,2.252
2,5332,2.395
2,5333,1.924
2,5334,1.757
2,5335,1.998
2,5336,1.760
2,5337,1.794
2,5338,2.795
2,5339,2.843
2,5340,1.565
2,5341,2.227
2,5342,2.271
2,5343,1.721
2,5344,1.659
2,5345,2.915
2,5346,3.193
2,5347,2.998
2,5348,2.086
2,5349,1.672
2,5350,1.957
2,5351,2.251
2,5352,1.975
2,5353,2.181
2,5354,3.225
2,5355,2.373
2,5356,2.248
2,5357,2.184
2,5358,1.937
2,5359,2.081
2,5360,2.475
2,5361,1.759
2,5362,1.592
2,5363,1.952
2,5364,2.539
2,5365,1.861
2,5366,2.123
2,5367,2.128
2,5368,1.748
2,5369,1.850
2,5370,2.665
2,5371,1.994
2,5372,1.990
2,5373,2.325
2,5374,2.169
2,5375,1.636
2,5376,1.867
2,5377,3.703
2,5378,2.277
2,5379,2.712
2,5380,2.494
2,5381,1.784
2,5382,2.765
2,5383,3.052
2,5384,2.624
2,5385,2.364
2,5386,2.009
2,5387,2.213
2,5388,2.031
2,5389,2.081
2,5390,2.304
2,5391,2.413
2,5392,2.051
2,5393,1.711
2,5394,2.162
2,5395,2.274
2,5396,1.708
2,5397,1.720
2,5398,2.640
2,5399,2.040
2,5400,2.215
2,5401,3.200
2,5402,2.611
2,5403,4.365
2,5404,2.602
2,5405,1.974
2,5406,2.419
2,5407,2.660
2,5408,2.288
2,5409,1.873
2,5410,1.945
2,5411,1.771
2,5412,2.931
2,5413,2.243
2,5414,2.004
2,5415,2.198
2,5416,1.988
2,5417,1.722
2,5418,2.685
2,5419,1.940
2,5420,1.727
2,5421,2.596
2,5422,2.171
2,5423,1.910
2,5424,1.895
2,5425,2.027
2,5426,2.353
2,5427,2.334
2,5428,3.486
2,5429,2.255
2,5430,2.729
2,5431,2.791
2,5432,3.925
2,5433,4.521
2,5434,3.949
2,5435,2.544
2,5436,2.626
2,5437,2.878
2,5438,2.569
2,5439,4.348
2,5440,2.687
2,5441,2.669
2,5442,2.425
2,5443,3.037
2,5444,2.899
2,5445,3.259
2,5446,2.794
2,5447,2.128
2,5448,2.369
2,5449,3.138
2,5450,2.570
2,5451,2.906
2,5452,3.094
2,5453,2.799
2,5454,4.307
2,5455,2.557
2,5456,3.637
2,5457,2.971
2,5458,2.879
2,5459,2.342
2,5460,3.632
2,5461,2.983
2,5462,2.396
2,5463,2.732
2,5464,3.147
2,5465,3.103
2,5466,2.676
2,5467,2.872
2,5468,2.329
2,5469,2.012
2,5470,2.666
2,5471,3.069
2,5472,2.490
2,5473,3.272
2,5474,2.480
2,5475,2.738
2,5476,2.494
2,5477,2.988
2,5478,4.536
2,5479,2.680
2,5480,2.737
2,5481,2.400
2,5482,3.830
2,5483,2.203
2,5484,2.775
2,5485,3.285
2,5486,2.123
2,5487,2.776
2,5488,2.574
2,5489,2.141
2,5490,2.358
2,5491,2.811
2,5492,2.562
2,5493,2.696
2,5494,2.560
2,5495,2.460
2,5496,2.493
2,5497,2.563
2,5498,4.095
2,5499,2.815
2,5500,2.922
2,5501,2.544
2,5502,2.448
2,5503,3.981
2,5504,3.403
2,5505,2.820
2,5506,2.090
2,5507,3.094
2,5508,2.710
2,5509,2.468
2,5510,2.802
2,5511,2.707
2,5512,2.367
2,5513,2.345
2,5514,2.438
2,5515,3.769
2,5516,4.509
2,5517,2.651
2,5518,1.861
2,5519,1.956
2,5520,3.062
2,5521,2.750
2,5522,3.143
2,5523,3.689
2,5524,4.700
2,5525,3.602
2,5526,3.370
2,5527,2.674
2,5528,2.912
2,5529,3.298
2,5530,2.434
2,5531,3.891
2,5532,2.364
2,5533,2.458
2,5534,1.979
2,5535,1.741
2,5536,2.342
2,5537,1.998
2,5538,2.435
2,5539,2.286
2,5540,2.187
2,5541,1.907
2,5542,2.341
2,5543,2.156
2,5544,2.575
2,5545,3.309
2,5546,2.560
2,5547,2.445
2,5548,2.366
2,5549,2.088
2,5550,2.432
2,5551,4.618
2,5552,2.162
2,5553,2.716
2,5554,2.223
2,5555,1.961
2,5556,2.187
2,5557,2.272
2,5558,2.693
2,5559,2.896
2,5560,2.209
2,5561,1.946
2,5562,2.443
2,5563,2.262
2,5564,2.228
2,5565,2.448
2,5566,1.940
2,5567,1.646
2,5568,1.947
2,5569,1.772
2,5570,1.551
2,5571,1.551
2,5572,2.867
2,5573,2.547
2,5574,2.414
2,5575,2.072
2,5576,1.993
2,5577,1.867
2,5578,2.585
2,5579,3.918
2,5580,2.449
2,5581,3.264
2,5582,2.408
2,5583,2.774
2,5584,2.749
2,5585,2.791
2,5586,3.171
2,5587,2.703
2,5588,2.699
2,5589,1.996
2,5590,2.278
2,5591,2.464
2,5592,2.071
2,5593,2.173
2,5594,2.310
2,5595,2.717
2,5596,2.441
2,5597,2.667
2,5598,2.048
2,5599,2.136
2,5600,3.090
2,5601,2.216
2,5602,2.825
2,5603,2.695
2,5604,3.045
2,5605,3.548
2,5606,1.960
2,5607,2.688
2,5608,2.635
2,5609,1.883
2,5610,1.851
2,5611,2.014
2,5612,1.890
2,5613,2.313
2,5614,3.330
2,5615,2.220
2,5616,3.114
2,5617,1.908
2,5618,1.526
2,5619,1.490
2,5620,1.724
2,5621,1.612
2,5622,1.824
2,5623,1.670
2,5624,2.096
2,5625,3.030
2,5626,2.302
2,5627,2.175
2,5628,1.841
2,5629,1.721
2,5630,2.789
2,5631,2.897
2,5632,2.513
2,5633,2.620
2,5634,2.167
2,5635,1.870
2,5636,3.066
2,5637,3.595
2,5638,3.433
2,5639,2.268
2,5640,1.760
2,5641,2.846
2,5642,2.189
2,5643,2.036
2,5644,2.389
2,5645,2.142
2,5646,1.868
2,5647,2.627
2,5648,1.953
2,5649,1.710
2,5650,2.061
2,5651,2.555
2,5652,2.089
2,5653,2.184
2,5654,2.134
2,5655,2.205
2,5656,2.142
2,5657,3.071
2,5658,2.100
2,5659,2.075
2,5660,2.469
2,5661,1.873
2,5662,1.674
2,5663,3.829
2,5664,2.408
2,5665,2.602
2,5666,2.149
2,5667,1.793
2,5668,2.129
2,5669,2.253
2,5670,1.993
2,5671,1.940
2,5672,3.503
2,5673,2.347
2,5674,2.418
2,5675,2.060
2,5676,1.611
2,5677,1.597
2,5678,2.872
2,5679,2.439
2,5680,2.027
2,5681,2.316
2,5682,2.226
2,5683,1.882
2,5684,2.024
2,5685,1.818
2,5686,2.444
2,5687,2.850
2,5688,2.532
2,5689,1.700
2,5690,2.030
2,5691,2.293
2,5692,1.944
2,5693,2.671
2,5694,3.936
2,5695,2.372
2,5696,2.760
2,5697,2.006
2,5698,1.909
2,5699,3.357
2,5700,2.165
2,5701,2.908
2,5702,2.692
2,5703,1.810
2,5704,1.888
2,5705,2.474
2,5706,1.991
2,5707,2.093
2,5708,2.420
2,5709,2.445
2,5710,1.951
2,5711,2.090
2,5712,2.173
2,5713,2.753
2,5714,2.973
2,5715,2.186
2,5716,2.734
2,5717,2.874
2,5718,3.278
2,5719,4.200
2,5720,3.356
2,5721,2.427
2,5722,1.985
2,5723,3.183
2,5724,2.094
2,5725,1.755
2,5726,2.996
2,5727,2.703
2,5728,2.228
2,5729,2.626
2,5730,2.565
2,5731,2.461
2,5732,2.295
2,5733,2.173
2,5734,2.015
2,5735,2.221
2,5736,2.476
2,5737,1.911
2,5738,2.734
2,5739,1.882
2,5740,2.118
2,5741,3.852
2,5742,2.905
2,5743,2.881
2,5744,2.009
2,5745,2.453
2,5746,3.331
2,5747,2.567
2,5748,2.873
2,5749,2.835
2,5750,4.575
2,5751,2.607
2,5752,1.985
2,5753,2.953
2,5754,3.339
2,5755,2.341
2,5756,2.098
2,5757,1.761
2,5758,2.784
2,5759,2.194
2,5760,2.537
2,5761,2.726
2,5762,2.732
2,5763,2.591
2,5764,2.437
2,5765,2.128
2,5766,1.948
2,5767,2.940
2,5768,2.103
2,5769,1.844
2,5770,2.199
2,5771,2.102
2,5772,4.689
2,5773,4.873
2,5774,3.069
2,5775,2.497
2,5776,3.126
2,5777,4.856
2,5778,3.386
2,5779,2.659
2,5780,2.702
2,5781,2.576
2,5782,2.875
2,5783,2.818
2,5784,3.151
2,5785,2.838
2,5786,5.382
2,5787,3.977
2,5788,3.886
2,5789,4.036
2,5790,3.174
2,5791,3.737
2,5792,2.643
2,5793,2.251
2,5794,1.933
2,5795,2.504
2,5796,2.485
2,5797,2.485
2,5798,2.288
2,5799,3.098
2,5800,1.834
2,5801,1.930
2,5802,2.351
2,5803,2.502
2,5804,2.313
2,5805,1.872
2,5806,1.767
2,5807,1.790
2,5808,2.489
2,5809,2.019
2,5810,1.714
2,5811,2.525
2,5812,2.587
2,5813,2.519
2,5814,3.572
2,5815,2.465
2,5816,2.728
2,5817,2.816
2,5818,3.364
2,5819,3.959
2,5820,2.145
2,5821,2.435
2,5822,2.246
2,5823,2.223
2,5824,2.170
2,5825,2.212
2,5826,1.846
2,5827,2.192
2,5828,3.271
2,5829,2.489
2,5830,2.669
2,5831,2.271
2,5832,3.085
2,5833,2.753
2,5834,2.047
2,5835,3.135
2,5836,2.324
2,5837,1.935
2,5838,2.729
2,5839,2.885
2,5840,2.253
2,5841,3.244
2,5842,3.522
2,5843,5.147
2,5844,3.054
2,5845,3.124
2,5846,2.689
2,5847,2.729
2,5848,3.696
2,5849,3.368
2,5850,3.662
2,5851,2.697
2,5852,2.285
2,5853,1.771
2,5854,1.931
2,5855,1.759
2,5856,1.657
2,5857,2.546
2,5858,2.455
2,5859,1.818
2,5860,1.656
2,5861,1.879
2,5862,2.051
2,5863,1.677
2,5864,1.600
2,5865,2.924
2,5866,2.551
2,5867,2.799
2,5868,2.389
2,5869,1.752
2,5870,1.676
2,5871,2.908
2,5872,3.496
2,5873,2.656
2,5874,2.622
2,5875,1.901
2,5876,2.003
2,5877,1.720
2,5878,1.602
2,5879,2.353
2,5880,2.987
2,5881,1.929
2,5882,2.577
2,5883,2.369
2,5884,2.025
2,5885,1.850
2,5886,2.624
2,5887,2.452
2,5888,2.911
2,5889,2.703
2,5890,2.089
2,5891,1.872
2,5892,2.024
2,5893,3.199
2,5894,2.683
2,5895,2.472
2,5896,2.472
2,5897,2.703
2,5898,3.631
2,5899,2.552
2,5900,2.639
2,5901,1.882
2,5902,2.256
2,5903,2.219
2,5904,1.967
2,5905,2.289
2,5906,3.224
2,5907,2.532
2,5908,2.547
2,5909,2.234
2,5910,2.177
2,5911,2.158
2,5912,2.464
2,5913,2.712
2,5914,1.946
2,5915,1.631
2,5916,1.657
2,5917,2.086
2,5918,2.216
2,5919,2.756
2,5920,2.998
2,5921,2.571
2,5922,1.841
2,5923,2.086
2,5924,1.957
2,5925,2.098
2,5926,2.786
2,5927,2.051
2,5928,1.830
2,5929,1.803
2,5930,2.100
2,5931,2.038
2,5932,1.796
2,5933,2.615
2,5934,2.418
2,5935,2.015
2,5936,2.967
2,5937,2.277
2,5938,1.764
2,5939,2.164
2,5940,3.126
2,5941,2.315
2,5942,1.919
2,5943,1.719
2,5944,1.919
2,5945,1.783
2,5946,1.776
2,5947,1.679
2,5948,3.487
2,5949,3.140
2,5950,2.175
2,5951,2.725
2,5952,2.707
2,5953,3.195
2,5954,3.419
2,5955,3.459
2,5956,4.274
2,5957,3.103
2,5958,3.165
2,5959,2.534
2,5960,2.697
2,5961,3.260
2,5962,3.049
2,5963,3.167
2,5964,2.670
2,5965,2.926
2,5966,2.370
2,5967,3.054
2,5968,2.978
2,5969,3.724
2,5970,3.160
2,5971,3.237
2,5972,3.235
2,5973,3.406
2,5974,3.350
2,5975,2.444
2,5976,2.365
2,5977,2.382
2,5978,2.190
2,5979,3.696
2,5980,5.117
2,5981,3.122
2,5982,2.997
2,5983,3.716
2,5984,3.065
2,5985,3.139
2,5986,2.336
2,5987,2.545
2,5988,2.565
2,5989,2.744
2,5990,2.883
2,5991,2.525
2,5992,3.128
2,5993,2.545
2,5994,2.263
2,5995,3.651
2,5996,2.534
2,5997,2.532
2,5998,2.597
2,5999,2.878
2,6000,2.751
2,6001,3.004
2,6002,3.300
2,6003,3.938
2,6004,2.669
2,6005,3.269
2,6006,2.846
2,6007,3.396
2,6008,2.491
2,6009,2.761
2,6010,2.460
2,6011,2.908
2,6012,2.882
2,6013,2.449
2,6014,2.583
2,6015,2.592
2,6016,2.477
2,6017,2.654
2,6018,3.160
2,6019,2.827
2,6020,3.556
2,6021,3.440
2,6022,3.045
2,6023,3.498
2,6024,4.881
2,6025,2.891
2,6026,3.006
2,6027,2.600
2,6028,3.488
2,6029,2.586
2,6030,2.473
2,6031,2.353
2,6032,3.189
2,6033,3.132
2,6034,3.568
2,6035,3.323
2,6036,2.302
2,6037,2.709
2,6038,2.710
2,6039,3.148
2,6040,3.601
2,6041,3.135
2,6042,3.159
2,6043,2.705
2,6044,2.724
2,6045,2.372
2,6046,2.696
2,6047,3.238
2,6048,4.646
2,6049,2.771
2,6050,1.729
2,6051,1.814
2,6052,3.234
2,6053,4.479
2,6054,3.004
2,6055,2.763
2,6056,3.038
2,6057,2.831
2,6058,2.945
2,6059,3.163
2,6060,2.256
2,6061,2.359
2,6062,2.051
2,6063,2.047
2,6064,2.965
2,6065,2.418
2,6066,3.131
2,6067,2.595
2,6068,2.208
2,6069,2.305
2,6070,2.279
2,6071,2.763
2,6072,4.701
2,6073,2.914
2,6074,2.812
2,6075,2.553
2,6076,3.623
2,6077,3.931
2,6078,2.765
2,6079,2.475
2,6080,1.796
2,6081,2.230
2,6082,2.455
2,6083,2.023
2,6084,2.339
2,6085,2.112
2,6086,2.049
2,6087,2.776
2,6088,2.557
2,6089,2.753
2,6090,3.540
2,6091,2.528
2,6092,2.684
2,6093,2.603
2,6094,2.265
2,6095,3.948
2,6096,2.476
2,6097,2.968
2,6098,2.157
2,6099,1.625
2,6100,2.820
2,6101,3.776
2,6102,2.141
2,6103,2.302
2,6104,1.868
2,6105,2.097
2,6106,2.220
2,6107,2.420
2,6108,2.269
2,6109,2.543
2,6110,2.207
2,6111,1.812
2,6112,2.054
2,6113,1.815
2,6114,1.968
2,6115,3.655
2,6116,2.154
2,6117,1.648
2,6118,2.397
2,6119,2.223
2,6120,1.716
2,6121,2.201
2,6122,2.975
2,6123,2.550
2,6124,2.973
2,6125,3.338
2,6126,2.205
2,6127,2.423
2,6128,1.999
2,6129,2.103
2,6130,3.460
2,6131,2.245
2,6132,2.257
2,6133,2.235
2,6134,2.018
2,6135,2.407
2,6136,2.474
2,6137,2.097
2,6138,2.375
2,6139,2.171
2,6140,1.807
2,6141,1.897
2,6142,2.825
2,6143,2.230
2,6144,2.424
2,6145,3.282
2,6146,2.009
2,6147,2.041
2,6148,3.742
2,6149,3.063
2,6150,3.515
2,6151,4.663
2,6152,2.426
2,6153,2.704
2,6154,3.687
2,6155,2.818
2,6156,2.643
2,6157,2.652
2,6158,2.728
2,6159,2.256
2,6160,1.892
2,6161,2.176
2,6162,2.161
2,6163,1.765
2,6164,1.894
2,6165,2.962
2,6166,2.686
2,6167,2.978
2,6168,3.216
2,6169,3.256
2,6170,3.457
2,6171,3.671
2,6172,2.890
2,6173,3.197
2,6174,4.582
2,6175,4.012
2,6176,3.289
2,6177,3.922
2,6178,3.950
2,6179,4.450
2,6180,3.816
2,6181,7.745
2,6182,4.800
2,6183,3.593
2,6184,3.640
2,6185,5.633
2,6186,4.575
2,6187,4.209
2,6188,6.697
2,6189,4.543
2,6190,4.547
2,6191,4.145
2,6192,4.795
2,6193,3.658
2,6194,3.927
2,6195,3.680
2,6196,3.781
2,6197,3.783
2,6198,3.263
2,6199,3.735
2,6200,3.828
2,6201,3.759
2,6202,3.243
2,6203,3.425
2,6204,2.793
2,6205,3.192
2,6206,4.863
2,6207,4.394
2,6208,4.886
2,6209,4.763
2,6210,5.139
2,6211,3.479
2,6212,4.117
2,6213,4.220
2,6214,2.837
2,6215,2.935
2,6216,3.634
2,6217,4.700
2,6218,3.495
2,6219,3.490
2,6220,3.043
2,6221,3.082
2,6222,5.093
2,6223,5.224
2,6224,3.726
2,6225,2.547
2,6226,2.182
2,6227,4.503
2,6228,2.205
2,6229,2.969
2,6230,2.832
2,6231,2.590
2,6232,3.324
2,6233,3.326
2,6234,2.541
2,6235,2.755
2,6236,2.634
2,6237,2.493
2,6238,2.930
2,6239,3.486
2,6240,2.909
2,6241,2.977
2,6242,2.371
2,6243,2.340
2,6244,4.231
2,6245,3.319
2,6246,3.337
2,6247,2.778
2,6248,3.587
2,6249,2.565
2,6250,3.463
2,6251,3.426
2,6252,2.579
2,6253,2.713
2,6254,2.775
2,6255,2.675
2,6256,3.298
2,6257,3.300
2,6258,2.518
2,6259,2.681
2,6260,3.503
2,6261,3.543
2,6262,3.210
2,6263,3.338
2,6264,3.074
2,6265,2.809
2,6266,4.399
2,6267,4.245
2,6268,3.737
2,6269,4.414
2,6270,4.201
2,6271,3.289
2,6272,2.773
2,6273,3.330
2,6274,3.184
2,6275,3.038
2,6276,2.914
2,6277,2.887
2,6278,3.077
2,6279,2.848
2,6280,4.113
2,6281,3.077
2,6282,3.309
2,6283,3.644
2,6284,3.895
2,6285,3.254
2,6286,4.720
2,6287,3.290
2,6288,3.137
2,6289,3.613
2,6290,3.740
2,6291,2.746
2,6292,3.187
2,6293,3.003
2,6294,2.932
2,6295,3.348
2,6296,3.466
2,6297,2.924
2,6298,4.237
2,6299,6.908
2,6300,3.912
2,6301,3.341
2,6302,3.748
2,6303,4.579
2,6304,4.226
2,6305,4.972
2,6306,4.362
2,6307,2.821
2,6308,3.326
2,6309,2.915
2,6310,4.068
2,6311,3.257
2,6312,2.748
2,6313,2.633
2,6314,2.993
2,6315,2.442
2,6316,2.773
2,6317,3.177
2,6318,2.846
2,6319,2.605
2,6320,2.687
2,6321,2.600
2,6322,3.089
2,6323,2.179
2,6324,2.313
2,6325,4.628
2,6326,2.788
2,6327,3.097
2,6328,3.121
2,6329,3.687
2,6330,2.563
2,6331,2.458
2,6332,2.330
2,6333,2.799
2,6334,2.730
2,6335,2.305
2,6336,1.987
2,6337,2.173
2,6338,2.129
2,6339,2.062
2,6340,2.612
2,6341,2.281
2,6342,2.219
2,6343,2.151
2,6344,2.903
2,6345,2.038
2,6346,2.581
2,6347,2.526
2,6348,2.089
2,6349,2.668
2,6350,3.838
2,6351,2.582
2,6352,2.639
2,6353,2.596
2,6354,3.207
2,6355,2.197
2,6356,2.409
2,6357,2.247
2,6358,1.792
2,6359,2.074
2,6360,2.769
2,6361,2.495
2,6362,2.355
2,6363,2.489
2,6364,2.658
2,6365,2.572
2,6366,2.326
2,6367,2.018
2,6368,2.635
2,6369,3.289
2,6370,1.983
2,6371,3.043
2,6372,3.633
2,6373,3.658
2,6374,3.582
2,6375,4.460
2,6376,4.259
2,6377,3.202
2,6378,2.571
2,6379,3.577
2,6380,3.080
2,6381,3.108
2,6382,2.958
2,6383,2.879
2,6384,2.662
2,6385,1.942
2,6386,2.235
2,6387,2.544
2,6388,2.525
2,6389,2.691
2,6390,2.094
2,6391,2.284
2,6392,3.057
2,6393,2.427
2,6394,2.686
2,6395,2.731
2,6396,2.743
2,6397,2.573
2,6398,2.280
2,6399,2.858
2,6400,4.010
2,6401,2.688
2,6402,3.846
2,6403,5.791
2,6404,2.813
2,6405,2.686
2,6406,2.438
2,6407,2.945
2,6408,2.669
2,6409,2.559
2,6410,3.017
2,6411,2.545
2,6412,2.377
2,6413,3.045
2,6414,2.870
2,6415,3.420
2,6416,2.615
2,6417,2.299
2,6418,2.445
2,6419,2.255
2,6420,2.693
2,6421,4.297
2,6422,2.562
2,6423,2.994
2,6424,2.138
2,6425,2.357
2,6426,3.428
2,6427,2.621
2,6428,2.588
2,6429,2.407
2,6430,2.402
2,6431,2.488
2,6432,2.562
2,6433,2.695
2,6434,2.798
2,6435,2.404
2,6436,2.441
2,6437,2.329
2,6438,2.349
2,6439,3.791
2,6440,2.472
2,6441,2.998
2,6442,2.531
2,6443,2.196
2,6444,2.424
2,6445,2.650
2,6446,2.580
2,6447,4.025
2,6448,3.165
2,6449,2.898
2,6450,2.930
2,6451,3.665
2,6452,2.763
2,6453,2.764
2,6454,2.744
2,6455,2.620
2,6456,2.857
2,6457,2.254
2,6458,2.224
2,6459,2.523
2,6460,2.360
2,6461,3.328
2,6462,2.478
2,6463,2.321
2,6464,3.171
2,6465,2.445
2,6466,2.575
2,6467,3.144
2,6468,3.102
2,6469,3.763
2,6470,3.685
2,6471,2.894
2,6472,2.654
2,6473,3.540
2,6474,3.230
2,6475,2.630
2,6476,2.777
2,6477,2.867
2,6478,3.145
2,6479,2.847
2,6480,3.260
2,6481,2.239
2,6482,2.189
2,6483,2.562
2,6484,2.487
2,6485,2.442
2,6486,3.012
2,6487,2.717
2,6488,2.773
2,6489,3.474
2,6490,2.684
2,6491,2.184
2,6492,1.976
2,6493,2.008
2,6494,3.702
2,6495,2.658
2,6496,3.204
2,6497,3.674
2,6498,3.362
2,6499,2.042
2,6500,2.322
2,6501,3.255
2,6502,2.692
2,6503,2.046
2,6504,1.866
2,6505,1.754
2,6506,1.886
2,6507,2.083
2,6508,2.766
2,6509,2.143
2,6510,1.986
2,6511,1.908
2,6512,2.126
2,6513,2.495
2,6514,2.032
2,6515,2.202
2,6516,3.481
2,6517,1.848
2,6518,1.508
2,6519,1.622
2,6520,1.728
2,6521,1.832
2,6522,1.631
2,6523,2.371
2,6524,3.473
2,6525,2.660
2,6526,2.409
2,6527,3.731
2,6528,3.595
2,6529,2.209
2,6530,2.295
2,6531,2.351
2,6532,1.941
2,6533,2.101
2,6534,2.558
2,6535,2.308
2,6536,2.265
2,6537,2.492
2,6538,1.868
2,6539,1.924
2,6540,2.709
2,6541,2.315
2,6542,1.905
2,6543,2.444
2,6544,2.282
2,6545,2.740
2,6546,4.372
2,6547,3.627
2,6548,4.427
2,6549,2.691
2,6550,2.733
2,6551,1.978
2,6552,2.933
2,6553,3.364
2,6554,2.566
2,6555,2.361
2,6556,1.881
2,6557,1.753
2,6558,1.881
2,6559,1.716
2,6560,1.750
2,6561,3.210
2,6562,2.025
2,6563,1.897
2,6564,2.092
2,6565,2.383
2,6566,1.740
2,6567,1.672
2,6568,3.249
2,6569,2.700
2,6570,2.739
2,6571,3.086
2,6572,2.169
2,6573,3.249
2,6574,2.570
2,6575,2.290
2,6576,4.163
2,6577,2.270
2,6578,2.345
2,6579,2.369
2,6580,3.219
2,6581,3.198
2,6582,2.843
2,6583,2.752
2,6584,1.950
2,6585,2.549
2,6586,2.851
2,6587,3.021
2,6588,3.129
2,6589,3.229
2,6590,2.693
2,6591,2.662
2,6592,2.739
2,6593,3.232
2,6594,2.831
2,6595,3.247
2,6596,3.178
2,6597,4.064
2,6598,4.282
2,6599,3.864
2,6600,5.843
2,6601,3.120
2,6602,2.961
2,6603,2.265
2,6604,1.627
2,6605,2.958
2,6606,3.573
2,6607,3.430
2,6608,2.324
2,6609,2.472
2,6610,2.859
2,6611,2.391
2,6612,3.862
2,6613,2.586
2,6614,2.053
2,6615,2.839
2,6616,3.508
2,6617,2.789
2,6618,2.712
2,6619,2.798
2,6620,4.399
2,6621,2.634
2,6622,2.670
2,6623,2.393
2,6624,4.283
2,6625,2.406
2,6626,3.951
2,6627,3.084
2,6628,2.617
2,6629,2.417
2,6630,2.871
2,6631,2.685
2,6632,2.516
2,6633,2.516
2,6634,2.720
2,6635,2.141
2,6636,2.724
2,6637,4.837
2,6638,3.202
2,6639,2.773
2,6640,2.655
2,6641,3.067
2,6642,2.140
2,6643,3.974
2,6644,3.806
2,6645,2.927
2,6646,2.380
2,6647,2.842
2,6648,3.722
2,6649,2.848
2,6650,2.889
2,6651,2.533
2,6652,2.711
2,6653,2.938
2,6654,3.290
2,6655,2.925
2,6656,2.047
2,6657,2.920
2,6658,3.084
2,6659,3.707
2,6660,2.849
2,6661,2.711
2,6662,2.450
2,6663,2.133
2,6664,2.670
2,6665,3.153
2,6666,2.491
2,6667,2.724
2,6668,2.747
2,6669,2.490
2,6670,3.279
2,6671,2.686
2,6672,2.982
2,6673,2.625
2,6674,2.739
2,6675,2.574
2,6676,2.836
2,6677,2.564
2,6678,2.407
2,6679,2.516
2,6680,2.577
2,6681,2.621
2,6682,2.413
2,6683,3.449
2,6684,2.163
2,6685,2.616
2,6686,2.816
2,6687,2.595
2,6688,3.127
2,6689,2.470
2,6690,3.141
2,6691,2.672
2,6692,3.047
2,6693,3.755
2,6694,5.064
2,6695,2.550
2,6696,2.846
2,6697,2.891
2,6698,2.737
2,6699,3.736
2,6700,3.356
2,6701,3.353
2,6702,2.892
2,6703,3.339
2,6704,2.569
2,6705,3.025
2,6706,3.546
2,6707,3.026
2,6708,3.814
2,6709,3.140
2,6710,3.317
2,6711,3.352
2,6712,2.555
2,6713,2.505
2,6714,3.131
2,6715,3.762
2,6716,2.779
2,6717,2.990
2,6718,3.091
2,6719,3.082
2,6720,3.202
2,6721,2.994
2,6722,2.860
2,6723,3.130
2,6724,2.192
2,6725,2.481
2,6726,3.871
2,6727,2.361
2,6728,2.880
2,6729,3.352
2,6730,2.559
2,6731,2.567
2,6732,2.655
2,6733,2.750
2,6734,2.716
2,6735,2.874
2,6736,3.186
2,6737,2.079
2,6738,3.902
2,6739,4.633
2,6740,2.744
2,6741,1.967
2,6742,2.661
2,6743,2.570
2,6744,2.341
2,6745,2.762
2,6746,2.683
2,6747,2.403
2,6748,2.342
2,6749,2.733
2,6750,2.415
2,6751,3.540
2,6752,2.183
2,6753,2.280
2,6754,2.192
2,6755,2.035
2,6756,2.327
2,6757,1.885
2,6758,2.626
2,6759,3.055
2,6760,2.597
2,6761,2.190
2,6762,4.053
2,6763,3.062
2,6764,3.240
2,6765,2.215
2,6766,2.372
2,6767,2.449
2,6768,2.035
2,6769,1.956
2,6770,2.995
2,6771,2.720
2,6772,2.440
2,6773,2.373
2,6774,2.445
2,6775,3.138
2,6776,2.997
2,6777,3.424
2,6778,2.732
2,6779,2.328
2,6780,2.261
2,6781,1.965
2,6782,2.300
2,6783,3.104
2,6784,3.275
2,6785,3.148
2,6786,2.563
2,6787,2.047
2,6788,3.070
2,6789,3.900
2,6790,2.603
2,6791,1.932
2,6792,1.819
2,6793,2.338
2,6794,3.363
2,6795,3.116
2,6796,2.906
2,6797,2.538
2,6798,2.304
2,6799,2.425
2,6800,2.327
2,6801,3.338
2,6802,2.164
2,6803,2.313
2,6804,2.886
2,6805,2.471
2,6806,2.769
2,6807,2.721
2,6808,2.619
2,6809,2.275
2,6810,2.235
2,6811,2.957
2,6812,2.410
2,6813,2.038
2,6814,2.194
2,6815,4.148
2,6816,2.439
2,6817,2.877
2,6818,2.486
2,6819,2.537
2,6820,2.486
2,6821,1.913
2,6822,1.959
2,6823,2.788
2,6824,2.385
2,6825,2.070
2,6826,2.198
2,6827,1.829
2,6828,1.993
2,6829,2.969
2,6830,2.850
2,6831,2.323
2,6832,2.311
2,6833,1.961
2,6834,2.198
2,6835,2.156
2,6836,2.494
2,6837,2.825
2,6838,2.343
2,6839,2.004
2,6840,2.104
2,6841,3.756
2,6842,2.743
2,6843,2.754
2,6844,2.014
2,6845,1.683
2,6846,2.013
2,6847,1.810
2,6848,1.593
2,6849,1.619
2,6850,2.549
2,6851,2.809
2,6852,1.906
2,6853,2.032
2,6854,2.085
2,6855,2.199
2,6856,3.380
2,6857,2.622
2,6858,2.821
2,6859,2.461
2,6860,1.739
2,6861,1.673
2,6862,1.951
2,6863,1.923
2,6864,2.313
2,6865,2.917
2,6866,2.796
2,6867,2.658
2,6868,2.294
2,6869,1.894
2,6870,2.165
2,6871,4.741
2,6872,2.484
2,6873,3.037
2,6874,2.259
2,6875,2.477
2,6876,2.791
2,6877,3.045
2,6878,2.728
2,6879,2.271
2,6880,2.566
2,6881,2.567
2,6882,2.604
2,6883,4.055
2,6884,2.572
2,6885,2.663
2,6886,3.077
2,6887,2.468
2,6888,3.203
2,6889,3.276
2,6890,3.700
2,6891,4.538
2,6892,4.876
2,6893,3.226
2,6894,3.242
2,6895,2.714
2,6896,2.535
2,6897,2.551
2,6898,3.539
2,6899,2.334
2,6900,2.586
2,6901,2.517
2,6902,2.138
2,6903,2.937
2,6904,2.590
2,6905,3.085
2,6906,3.009
2,6907,2.219
2,6908,2.701
2,6909,2.735
2,6910,2.354
2,6911,2.685
2,6912,2.853
2,6913,2.480
2,6914,2.431
2,6915,2.207
2,6916,3.174
2,6917,3.993
2,6918,3.065
2,6919,2.612
2,6920,2.434
2,6921,2.725
2,6922,2.762
2,6923,2.729
2,6924,2.538
2,6925,2.988
2,6926,2.978
2,6927,2.983
2,6928,3.321
2,6929,3.219
2,6930,3.082
2,6931,3.344
2,6932,3.473
2,6933,3.292
2,6934,3.603
2,6935,3.671
2,6936,3.618
2,6937,2.604
2,6938,2.274
2,6939,2.779
2,6940,3.937
2,6941,2.975
2,6942,3.010
2,6943,2.495
2,6944,2.465
2,6945,2.386
2,6946,2.841
2,6947,2.816
2,6948,2.183
2,6949,2.834
2,6950,2.479
2,6951,2.278
2,6952,3.089
2,6953,3.157
2,6954,2.524
2,6955,2.155
2,6956,2.270
2,6957,2.265
2,6958,2.240
2,6959,1.881
2,6960,2.736
2,6961,2.214
2,6962,2.034
2,6963,2.436
2,6964,4.261
2,6965,3.779
2,6966,2.668
2,6967,2.141
2,6968,2.102
2,6969,2.071
2,6970,2.777
2,6971,2.190
2,6972,2.370
2,6973,3.064
2,6974,2.211
2,6975,1.562
2,6976,1.534
2,6977,1.870
2,6978,3.141
2,6979,2.414
2,6980,2.499
2,6981,2.018
2,6982,2.017
2,6983,2.194
2,6984,2.002
2,6985,1.776
2,6986,3.658
2,6987,2.950
2,6988,2.755
2,6989,3.103
2,6990,4.725
2,6991,4.728
2,6992,3.874
2,6993,2.716
2,6994,2.587
2,6995,2.642
2,6996,2.793
2,6997,3.001
2,6998,2.532
2,6999,2.812
2,7000,2.210
2,7001,3.056
2,7002,4.348
2,7003,4.152
2,7004,2.987
2,7005,3.388
2,7006,3.141
2,7007,2.177
2,7008,2.502
2,7009,3.179
2,7010,3.309
2,7011,4.591
2,7012,3.594
2,7013,3.014
2,7014,2.920
2,7015,3.057
2,7016,2.067
2,7017,2.500
2,7018,2.583
2,7019,2.655
2,7020,2.577
2,7021,2.881
2,7022,3.815
2,7023,3.507
2,7024,3.242
2,7025,3.131
2,7026,2.987
2,7027,2.844
2,7028,2.090
2,7029,2.601
2,7030,2.254
2,7031,2.440
2,7032,2.893
2,7033,2.441
2,7034,2.799
2,7035,3.798
2,7036,2.575
2,7037,3.073
2,7038,3.481
2,7039,3.181
2,7040,3.193
2,7041,2.933
2,7042,2.794
2,7043,2.974
2,7044,2.539
2,7045,2.263
2,7046,4.134
2,7047,2.583
2,7048,2.921
2,7049,2.730
2,7050,2.711
2,7051,2.955
2,7052,3.210
2,7053,3.038
2,7054,2.995
2,7055,2.709
2,7056,3.883
2,7057,3.499
2,7058,3.674
2,7059,2.747
2,7060,2.467
2,7061,1.965
2,7062,2.061
2,7063,2.386
2,7064,2.210
2,7065,3.052
2,7066,2.475
2,7067,2.233
2,7068,2.324
2,7069,2.285
2,7070,2.074
2,7071,3.693
2,7072,3.097
2,7073,2.434
2,7074,2.438
2,7075,2.204
2,7076,3.728
2,7077,3.727
2,7078,3.281
2,7079,2.197
2,7080,2.246
2,7081,4.366
2,7082,2.860
2,7083,3.105
2,7084,2.643
2,7085,3.621
2,7086,4.865
2,7087,2.808
2,7088,2.535
2,7089,3.208
2,7090,2.940
2,7091,3.548
2,7092,3.544
2,7093,2.620
2,7094,2.748
2,7095,2.161
2,7096,3.132
2,7097,2.587
2,7098,2.757
2,7099,2.283
2,7100,2.143
2,7101,2.294
2,7102,2.445
2,7103,2.955
2,7104,3.133
2,7105,3.793
2,7106,3.921
2,7107,2.919
2,7108,3.069
2,7109,2.626
2,7110,1.987
2,7111,2.447
2,7112,2.567
2,7113,2.410
2,7114,2.637
2,7115,2.800
2,7116,2.974
2,7117,3.114
2,7118,2.783
2,7119,2.829
2,7120,2.642
2,7121,2.958
2,7122,2.359
2,7123,2.660
2,7124,2.861
2,7125,2.223
2,7126,2.860
2,7127,4.469
2,7128,4.040
2,7129,2.940
2,7130,2.388
2,7131,2.698
2,7132,2.147
2,7133,2.339
2,7134,2.528
2,7135,2.590
2,7136,2.807
2,7137,3.381
2,7138,4.098
2,7139,2.923
2,7140,3.325
2,7141,3.120
2,7142,3.150
2,7143,2.819
2,7144,2.810
2,7145,2.579
2,7146,2.190
2,7147,2.682
2,7148,3.585
2,7149,3.129
2,7150,4.666
2,7151,3.204
2,7152,3.477
2,7153,3.354
2,7154,2.859
2,7155,2.351
2,7156,2.798
2,7157,2.829
2,7158,2.833
2,7159,2.557
2,7160,2.186
2,7161,3.397
2,7162,2.580
2,7163,2.727
2,7164,2.972
2,7165,2.493
2,7166,2.612
2,7167,2.392
2,7168,2.389
2,7169,3.393
2,7170,2.699
2,7171,3.079
2,7172,4.093
2,7173,4.450
2,7174,3.568
2,7175,3.025
2,7176,3.119
2,7177,4.495
2,7178,2.861
2,7179,3.107
2,7180,2.549
2,7181,2.068
2,7182,2.342
2,7183,2.157
2,7184,2.231
2,7185,4.295
2,7186,2.900
2,7187,2.942
2,7188,2.539
2,7189,2.477
2,7190,2.748
2,7191,3.387
2,7192,3.049
2,7193,2.824
2,7194,4.603
2,7195,3.533
2,7196,3.316
2,7197,2.335
2,7198,2.491
2,7199,2.151
2,7200,2.206
2,7201,2.764
2,7202,2.092
2,7203,1.858
2,7204,1.948
2,7205,2.051
2,7206,1.862
2,7207,1.579
2,7208,3.744
2,7209,2.276
2,7210,2.343
2,7211,2.729
2,7212,1.820
2,7213,1.707
2,7214,2.257
2,7215,2.204
2,7216,2.257
2,7217,2.118
2,7218,1.913
2,7219,2.369
2,7220,2.407
2,7221,2.176
2,7222,1.865
2,7223,2.238
2,7224,3.712
2,7225,2.128
2,7226,2.705
2,7227,2.173
2,7228,2.276
2,7229,2.436
2,7230,2.089
2,7231,2.025
2,7232,2.406
2,7233,1.991
2,7234,1.980
2,7235,2.140
2,7236,2.397
2,7237,2.654
2,7238,3.016
2,7239,2.140
2,7240,2.105
2,7241,2.313
2,7242,2.627
2,7243,2.242
2,7244,2.242
2,7245,2.117
2,7246,1.670
2,7247,1.996
2,7248,2.031
2,7249,1.738
2,7250,3.161
2,7251,3.421
2,7252,1.916
2,7253,3.401
2,7254,2.517
2,7255,2.745
2,7256,3.000
2,7257,2.387
2,7258,2.783
2,7259,2.109
2,7260,1.838
2,7261,2.815
2,7262,3.226
2,7263,3.707
2,7264,2.997
2,7265,4.079
2,7266,5.887
2,7267,3.284
2,7268,3.051
2,7269,3.223
2,7270,3.260
2,7271,2.797
2,7272,2.128
2,7273,2.741
2,7274,3.754
2,7275,3.160
2,7276,2.891
2,7277,1.990
2,7278,1.826
2,7279,2.124
2,7280,1.971
2,7281,2.065
2,7282,2.546
2,7283,2.403
2,7284,2.214
2,7285,2.298
2,7286,1.963
2,7287,1.686
2,7288,3.563
2,7289,2.777
2,7290,2.499
2,7291,2.279
2,7292,1.766
2,7293,1.729
2,7294,2.116
2,7295,2.557
2,7296,2.373
2,7297,2.487
2,7298,2.439
2,7299,2.064
2,7300,2.032
2,7301,1.894
2,7302,1.773
2,7303,6.338
2,7304,2.973
2,7305,2.747
2,7306,2.035
2,7307,2.003
2,7308,2.393
2,7309,2.512
2,7310,2.328
2,7311,2.071
2,7312,1.652
2,7313,1.718
2,7314,1.983
2,7315,2.036
2,7316,2.511
2,7317,3.357
2,7318,2.156
2,7319,2.131
2,7320,2.235
2,7321,1.807
2,7322,1.661
2,7323,2.920
2,7324,2.086
2,7325,2.241
2,7326,2.256
2,7327,2.265
2,7328,2.298
2,7329,2.871
2,7330,3.672
2,7331,2.837
2,7332,5.258
2,7333,2.929
2,7334,2.648
2,7335,2.413
2,7336,2.175
2,7337,1.797
2,7338,2.929
2,7339,2.347
2,7340,2.578
2,7341,2.932
2,7342,3.119
2,7343,2.207
2,7344,2.593
2,7345,2.851
2,7346,2.728
2,7347,2.369
2,7348,2.186
2,7349,2.613
2,7350,2.519
2,7351,2.700
2,7352,3.359
2,7353,2.260
2,7354,3.202
2,7355,3.528
2,7356,2.708
2,7357,2.821
2,7358,2.707
2,7359,2.470
2,7360,2.281
2,7361,2.572
2,7362,2.409
2,7363,3.119
2,7364,2.635
2,7365,2.989
2,7366,2.186
2,7367,3.708
2,7368,2.865
2,7369,2.846
2,7370,2.313
2,7371,2.814
2,7372,2.688
2,7373,2.461
2,7374,2.972
2,7375,3.004
2,7376,2.971
2,7377,4.801
2,7378,3.586
2,7379,3.906
2,7380,3.304
2,7381,3.538
2,7382,4.056
2,7383,3.050
2,7384,2.873
2,7385,2.584
2,7386,2.589
2,7387,3.639
2,7388,3.997
2,7389,2.985
2,7390,2.640
2,7391,2.618
2,7392,2.366
2,7393,2.251
2,7394,3.759
2,7395,2.917
2,7396,2.673
2,7397,2.524
2,7398,2.410
2,7399,4.298
2,7400,3.780
2,7401,2.801
2,7402,2.403
2,7403,2.671
2,7404,2.727
2,7405,3.256
2,7406,2.893
2,7407,2.635
2,7408,2.627
2,7409,2.225
2,7410,2.582
2,7411,3.655
2,7412,2.378
2,7413,3.167
2,7414,2.571
2,7415,2.738
2,7416,2.910
2,7417,2.733
2,7418,3.277
2,7419,2.956
2,7420,2.966
2,7421,3.084
2,7422,3.239
2,7423,3.856
2,7424,3.850
2,7425,2.963
2,7426,2.521
2,7427,2.747
2,7428,2.560
2,7429,2.445
2,7430,2.563
2,7431,2.661
2,7432,2.945
2,7433,2.306
2,7434,2.748
2,7435,3.530
2,7436,2.669
2,7437,2.946
2,7438,2.741
2,7439,2.744
2,7440,2.144
2,7441,1.830
2,7442,2.068
2,7443,2.093
2,7444,2.858
2,7445,2.299
2,7446,3.089
2,7447,2.128
2,7448,2.088
2,7449,1.980
2,7450,1.773
2,7451,2.835
2,7452,2.355
2,7453,1.913
2,7454,2.888
2,7455,2.648
2,7456,2.322
2,7457,3.187
2,7458,2.655
2,7459,3.071
2,7460,3.703
2,7461,2.429
2,7462,3.542
2,7463,3.114
2,7464,3.022
2,7465,3.193
2,7466,3.006
2,7467,2.554
2,7468,2.644
2,7469,2.838
2,7470,2.393
2,7471,2.533
2,7472,2.710
2,7473,3.848
2,7474,2.658
2,7475,2.395
2,7476,3.283
2,7477,2.982
2,7478,2.885
2,7479,3.305
2,7480,2.413
2,7481,2.567
2,7482,2.296
2,7483,2.237
2,7484,3.269
2,7485,2.677
2,7486,3.090
2,7487,2.545
2,7488,2.314
2,7489,2.594
2,7490,2.681
2,7491,2.745
2,7492,2.707
2,7493,2.517
2,7494,2.691
2,7495,2.725
2,7496,4.032
2,7497,4.040
2,7498,2.670
2,7499,3.064
2,7500,2.503
2,7501,2.753
2,7502,2.355
2,7503,2.429
2,7504,2.669
2,7505,2.430
2,7506,3.871
2,7507,2.563
2,7508,2.831
2,7509,2.874
2,7510,2.203
2,7511,2.464
2,7512,2.965
2,7513,2.651
2,7514,2.620
2,7515,2.226
2,7516,2.692
2,7517,2.528
2,7518,2.404
2,7519,3.555
2,7520,2.534
2,7521,2.893
2,7522,3.903
2,7523,3.120
2,7524,2.969
2,7525,2.769
2,7526,2.836
2,7527,2.392
2,7528,2.462
2,7529,3.551
2,7530,2.699
2,7531,3.877
2,7532,2.301
2,7533,2.874
2,7534,3.484
2,7535,3.634
2,7536,3.462
2,7537,3.230
2,7538,2.477
2,7539,2.724
2,7540,2.543
2,7541,2.421
2,7542,3.144
2,7543,4.811
2,7544,3.224
2,7545,2.517
2,7546,2.717
2,7547,2.841
2,7548,2.373
2,7549,3.274
2,7550,3.052
2,7551,2.618
2,7552,2.394
2,7553,2.405
2,7554,3.507
2,7555,3.121
2,7556,3.089
2,7557,2.495
2,7558,2.175
2,7559,2.483
2,7560,2.437
2,7561,3.274
2,7562,3.668
2,7563,3.151
2,7564,3.297
2,7565,4.866
2,7566,4.513
2,7567,3.133
2,7568,2.313
2,7569,2.383
2,7570,2.605
2,7571,2.951
2,7572,2.806
2,7573,2.453
2,7574,3.438
2,7575,3.192
2,7576,2.900
2,7577,2.915
2,7578,2.308
2,7579,2.508
2,7580,3.216
2,7581,4.177
2,7582,3.129
2,7583,3.104
2,7584,2.665
2,7585,2.319
2,7586,3.455
2,7587,2.857
2,7588,2.602
2,7589,4.369
2,7590,2.628
2,7591,2.703
2,7592,3.084
2,7593,2.682
2,7594,2.367
2,7595,2.221
2,7596,2.517
2,7597,2.423
2,7598,3.150
2,7599,4.555
2,7600,3.441
2,7601,2.982
2,7602,2.814
2,7603,3.211
2,7604,3.803
2,7605,3.001
2,7606,3.198
2,7607,3.114
2,7608,3.497
2,7609,5.135
2,7610,3.848
2,7611,3.019
2,7612,3.698
2,7613,3.774
2,7614,3.009
2,7615,3.034
2,7616,3.076
2,7617,4.092
2,7618,3.118
2,7619,3.131
2,7620,2.720
2,7621,3.613
2,7622,2.993
2,7623,3.153
2,7624,3.092
2,7625,2.859
2,7626,2.518
2,7627,3.707
2,7628,3.593
2,7629,2.789
2,7630,4.700
2,7631,3.582
2,7632,3.282
2,7633,3.239
2,7634,2.834
2,7635,2.856
2,7636,3.100
2,7637,2.924
2,7638,4.489
2,7639,3.101
2,7640,3.238
2,7641,3.111
2,7642,3.148
2,7643,3.739
2,7644,3.216
2,7645,3.229
2,7646,3.666
2,7647,3.105
2,7648,4.093
2,7649,4.482
2,7650,3.608
2,7651,4.497
2,7652,2.829
2,7653,4.715
2,7654,3.049
2,7655,2.860
2,7656,2.935
2,7657,3.698
2,7658,4.035
2,7659,3.612
2,7660,3.644
2,7661,3.566
2,7662,3.686
2,7663,3.805
2,7664,3.187
2,7665,3.806
2,7666,3.197
2,7667,3.406
2,7668,4.961
2,7669,2.989
2,7670,2.563
2,7671,2.722
2,7672,2.659
2,7673,3.049
2,7674,3.109
2,7675,2.069
2,7676,2.199
2,7677,3.511
2,7678,2.351
2,7679,3.248
2,7680,2.560
2,7681,3.162
2,7682,2.629
2,7683,2.548
2,7684,3.499
2,7685,3.208
2,7686,3.625
2,7687,3.333
2,7688,3.872
2,7689,3.472
2,7690,5.128
2,7691,3.640
2,7692,3.740
2,7693,3.536
2,7694,2.997
2,7695,3.359
2,7696,2.865
2,7697,2.485
2,7698,4.643
2,7699,3.050
2,7700,2.979
2,7701,2.506
2,7702,3.806
2,7703,4.346
2,7704,3.246
2,7705,2.701
2,7706,2.823
2,7707,2.744
2,7708,3.515
2,7709,4.815
2,7710,3.740
2,7711,3.083
2,7712,3.224
2,7713,2.710
2,7714,3.028
2,7715,2.597
2,7716,2.041
2,7717,2.519
2,7718,4.265
2,7719,3.135
2,7720,3.077
2,7721,2.504
2,7722,2.666
2,7723,2.450
2,7724,2.877
2,7725,2.484
2,7726,2.531
2,7727,4.192
2,7728,4.694
2,7729,4.168
2,7730,4.414
2,7731,5.978
2,7732,3.561
2,7733,3.627
2,7734,4.907
2,7735,3.583
2,7736,3.240
2,7737,4.416
2,7738,2.779
2,7739,2.976
2,7740,4.133
2,7741,3.108
2,7742,2.266
2,7743,3.321
2,7744,2.706
2,7745,2.903
2,7746,3.223
2,7747,2.335
2,7748,3.830
2,7749,3.245
2,7750,3.210
2,7751,2.208
2,7752,2.222
2,7753,2.339
2,7754,2.220
2,7755,2.043
2,7756,2.616
2,7757,2.600
2,7758,2.812
2,7759,2.919
2,7760,1.861
2,7761,2.294
2,7762,3.108
2,7763,2.786
2,7764,2.796
2,7765,2.353
2,7766,2.735
2,7767,2.560
2,7768,2.001
2,7769,2.993
2,7770,2.741
2,7771,2.136
2,7772,3.287
2,7773,2.834
2,7774,2.626
2,7775,4.893
2,7776,3.506
2,7777,2.847
2,7778,3.394
2,7779,3.645
2,7780,3.064
2,7781,2.775
2,7782,2.924
2,7783,3.762
2,7784,3.944
2,7785,2.887
2,7786,2.420
2,7787,2.941
2,7788,2.797
2,7789,3.397
2,7790,2.926
2,7791,2.696
2,7792,2.702
2,7793,2.508
2,7794,3.379
2,7795,3.523
2,7796,4.035
2,7797,3.573
2,7798,3.161
2,7799,3.294
2,7800,3.497
2,7801,3.124
2,7802,2.776
2,7803,2.614
2,7804,3.357
2,7805,3.478
2,7806,2.709
2,7807,3.085
2,7808,2.698
2,7809,3.261
2,7810,2.622
2,7811,2.591
2,7812,2.929
2,7813,2.888
2,7814,3.444
2,7815,3.676
2,7816,4.349
2,7817,3.738
2,7818,3.814
2,7819,4.972
2,7820,4.750
2,7821,6.086
2,7822,5.376
2,7823,5.917
2,7824,4.893
2,7825,4.380
2,7826,5.695
2,7827,6.076
2,7828,5.255
2,7829,5.737
2,7830,6.791
2,7831,4.875
2,7832,5.048
2,7833,5.026
2,7834,5.600
2,7835,8.166
2,7836,5.397
2,7837,4.639
2,7838,4.686
2,7839,3.770
2,7840,5.205
2,7841,3.508
2,7842,4.919
2,7843,3.953
2,7844,4.250
2,7845,7.457
2,7846,6.503
2,7847,5.104
2,7848,4.488
2,7849,3.825
2,7850,4.514
2,7851,4.650
2,7852,2.923
2,7853,3.082
2,7854,2.839
2,7855,2.670
2,7856,3.970
2,7857,3.878
2,7858,4.953
2,7859,3.496
2,7860,3.593
2,7861,3.169
2,7862,2.966
2,7863,2.680
2,7864,2.957
2,7865,2.919
2,7866,4.007
2,7867,3.193
2,7868,3.821
2,7869,2.786
2,7870,3.944
2,7871,3.527
2,7872,3.367
2,7873,3.484
2,7874,3.220
2,7875,3.444
2,7876,4.319
2,7877,3.334
2,7878,5.044
2,7879,3.953
2,7880,4.771
2,7881,4.523
2,7882,4.344
2,7883,3.015
2,7884,4.040
2,7885,3.360
2,7886,3.463
2,7887,4.304
2,7888,4.320
2,7889,3.177
2,7890,3.791
2,7891,4.071
2,7892,3.161
2,7893,2.553
2,7894,4.636
2,7895,3.179
2,7896,3.279
2,7897,3.128
2,7898,3.028
2,7899,2.563
2,7900,3.258
2,7901,3.123
2,7902,3.878
2,7903,3.536
2,7904,3.041
2,7905,3.577
2,7906,3.312
2,7907,3.225
2,7908,3.465
2,7909,3.611
2,7910,3.885
2,7911,3.156
2,7912,3.482
2,7913,4.099
2,7914,5.117
2,7915,3.507
2,7916,3.068
2,7917,2.793
2,7918,2.886
2,7919,3.872
2,7920,3.455
2,7921,2.999
2,7922,3.814
2,7923,3.913
2,7924,3.605
2,7925,2.945
2,7926,3.257
2,7927,3.203
2,7928,3.713
2,7929,3.635
2,7930,3.077
2,7931,2.815
2,7932,3.918
2,7933,5.080
2,7934,4.659
2,7935,3.538
2,7936,2.848
2,7937,2.586
2,7938,2.818
2,7939,2.559
2,7940,2.683
2,7941,2.792
2,7942,3.798
2,7943,2.820
2,7944,3.185
2,7945,2.969
2,7946,2.520
2,7947,3.275
2,7948,3.487
2,7949,2.915
2,7950,3.183
2,7951,3.036
2,7952,3.765
2,7953,2.617
2,7954,4.623
2,7955,3.429
2,7956,3.585
2,7957,4.862
2,7958,2.333
2,7959,2.378
2,7960,3.048
2,7961,2.329
2,7962,4.455
2,7963,2.761
2,7964,2.738
2,7965,2.819
2,7966,2.905
2,7967,3.652
2,7968,3.451
2,7969,3.778
2,7970,2.610
2,7971,2.631
2,7972,3.248
2,7973,3.838
2,7974,2.460
2,7975,2.620
2,7976,4.719
2,7977,3.269
2,7978,2.708
2,7979,2.029
2,7980,2.408
2,7981,2.492
2,7982,2.447
2,7983,2.712
2,7984,2.233
2,7985,1.927
2,7986,3.394
2,7987,2.720
2,7988,3.273
2,7989,2.614
2,7990,2.789
2,7991,3.244
2,7992,2.113
2,7993,2.169
2,7994,2.950
2,7995,2.560
2,7996,2.602
2,7997,2.352
2,7998,2.731
2,7999,4.756
2,8000,3.349
2,8001,3.319
2,8002,2.543
2,8003,2.905
2,8004,2.596
2,8005,3.122
2,8006,2.410
2,8007,3.083
2,8008,3.346
2,8009,2.556
2,8010,3.050
2,8011,2.881
2,8012,2.900
2,8013,3.067
2,8014,3.111
2,8015,3.256
2,8016,2.864
2,8017,2.942
2,8018,2.536
2,8019,3.366
2,8020,3.056
2,8021,2.827
2,8022,4.074
2,8023,2.450
2,8024,2.765
2,8025,3.484
2,8026,2.642
2,8027,2.322
2,8028,2.495
2,8029,2.426
2,8030,2.478
2,8031,2.401
2,8032,4.052
2,8033,2.263
2,8034,3.233
2,8035,2.456
2,8036,2.532
2,8037,2.489
2,8038,2.187
2,8039,2.196
2,8040,2.300
2,8041,2.210
2,8042,2.503
2,8043,2.535
2,8044,3.421
2,8045,4.046
2,8046,2.450
2,8047,2.943
2,8048,2.947
2,8049,3.903
2,8050,2.311
2,8051,2.296
2,8052,2.290
2,8053,2.106
2,8054,2.237
2,8055,2.606
2,8056,2.349
2,8057,2.750
2,8058,3.879
2,8059,2.658
2,8060,2.323
2,8061,2.271
2,8062,2.168
2,8063,2.356
2,8064,1.769
2,8065,2.304
2,8066,2.229
2,8067,1.972
2,8068,1.926
2,8069,3.091
2,8070,2.502
2,8071,2.317
2,8072,3.769
2,8073,3.391
2,8074,3.004
2,8075,2.699
2,8076,3.094
2,8077,2.904
2,8078,3.077
2,8079,2.591
2,8080,2.446
2,8081,3.575
2,8082,2.619
2,8083,2.265
2,8084,2.924
2,8085,2.547
2,8086,2.780
2,8087,2.155
2,8088,2.310
2,8089,2.743
2,8090,2.649
2,8091,2.884
2,8092,2.910
2,8093,2.748
2,8094,3.123
2,8095,7.169
2,8096,5.774
2,8097,4.095
2,8098,3.758
2,8099,2.990
2,8100,2.881
2,8101,2.722
2,8102,2.553
2,8103,4.418
2,8104,3.390
2,8105,3.354
2,8106,3.405
2,8107,5.547
2,8108,3.513
2,8109,3.029
2,8110,2.971
2,8111,3.595
2,8112,4.886
2,8113,3.222
2,8114,3.067
2,8115,2.463
2,8116,2.308
2,8117,3.157
2,8118,2.753
2,8119,3.248
2,8120,2.762
2,8121,2.854
2,8122,3.376
2,8123,2.968
2,8124,3.086
2,8125,2.933
2,8126,2.589
2,8127,2.612
2,8128,2.986
2,8129,2.495
2,8130,2.268
2,8131,2.691
2,8132,2.844
2,8133,3.292
2,8134,4.125
2,8135,3.016
2,8136,3.039
2,8137,2.719
2,8138,2.897
2,8139,2.083
2,8140,1.861
2,8141,2.379
2,8142,2.400
2,8143,2.315
2,8144,2.784
2,8145,2.994
2,8146,2.856
2,8147,3.731
2,8148,3.602
2,8149,2.667
2,8150,2.382
2,8151,2.767
2,8152,2.123
2,8153,2.101
2,8154,2.153
2,8155,2.041
2,8156,2.129
2,8157,2.877
2,8158,2.269
2,8159,2.276
2,8160,2.859
2,8161,2.287
2,8162,2.413
2,8163,3.477
2,8164,2.058
2,8165,2.371
2,8166,2.840
2,8167,2.029
2,8168,2.106
2,8169,2.588
2,8170,2.230
2,8171,2.254
2,8172,2.129
2,8173,2.065
2,8174,2.904
2,8175,3.775
2,8176,2.876
2,8177,2.667
2,8178,2.348
2,8179,2.642
2,8180,2.525
2,8181,2.664
2,8182,2.784
2,8183,1.927
2,8184,1.968
2,8185,3.113
2,8186,2.532
2,8187,2.737
2,8188,2.637
2,8189,2.481
2,8190,2.389
2,8191,2.089
2,8192,1.996
2,8193,2.428
2,8194,2.538
2,8195,2.825
2,8196,2.746
2,8197,2.438
2,8198,2.719
2,8199,2.816
2,8200,2.302
2,8201,4.530
2,8202,3.111
2,8203,2.744
2,8204,2.464
2,8205,2.543
2,8206,2.784
2,8207,3.080
2,8208,2.672
2,8209,2.202
2,8210,2.449
2,8211,3.562
2,8212,2.804
2,8213,3.138
2,8214,2.905
2,8215,2.748
2,8216,2.507
2,8217,2.549
2,8218,2.758
2,8219,2.753
2,8220,2.979
2,8221,2.594
2,8222,2.750
2,8223,4.858
2,8224,3.001
2,8225,3.121
2,8226,2.804
2,8227,3.027
2,8228,3.432
2,8229,3.011
2,8230,3.022
2,8231,3.685
2,8232,3.461
2,8233,3.267
2,8234,3.549
2,8235,4.398
2,8236,3.172
2,8237,3.817
2,8238,2.725
2,8239,3.174
2,8240,2.673
2,8241,2.853
2,8242,3.875
2,8243,3.212
2,8244,4.368
2,8245,2.849
2,8246,3.674
2,8247,2.536
2,8248,3.143
2,8249,3.204
2,8250,5.790
2,8251,4.149
2,8252,6.010
2,8253,3.404
2,8254,3.507
2,8255,2.617
2,8256,2.683
2,8257,2.717
2,8258,2.692
2,8259,3.374
2,8260,3.415
2,8261,2.943
2,8262,3.144
2,8263,2.519
2,8264,4.878
2,8265,3.259
2,8266,2.846
2,8267,2.480
2,8268,2.410
2,8269,3.272
2,8270,3.146
2,8271,3.159
2,8272,2.169
2,8273,3.179
2,8274,3.075
2,8275,2.803
2,8276,2.937
2,8277,3.133
2,8278,2.674
2,8279,2.366
2,8280,2.862
2,8281,2.895
2,8282,2.792
2,8283,3.225
2,8284,2.397
2,8285,2.748
2,8286,4.415
2,8287,2.814
2,8288,2.549
2,8289,2.399
2,8290,2.411
2,8291,2.157
2,8292,2.410
2,8293,2.694
2,8294,2.252
2,8295,2.479
2,8296,3.544
2,8297,2.170
2,8298,2.774
2,8299,2.702
2,8300,2.269
2,8301,2.366
2,8302,2.250
2,8303,3.147
2,8304,2.674
2,8305,2.211
2,8306,2.740
2,8307,2.603
2,8308,2.372
2,8309,3.347
2,8310,3.566
2,8311,3.520
2,8312,3.851
2,8313,3.328
2,8314,2.165
2,8315,2.929
2,8316,3.249
2,8317,2.868
2,8318,2.958
2,8319,2.507
2,8320,3.829
2,8321,2.536
2,8322,3.209
2,8323,2.701
2,8324,2.062
2,8325,2.399
2,8326,5.029
2,8327,2.924
2,8328,3.051
2,8329,3.478
2,8330,3.694
2,8331,5.248
2,8332,3.215
2,8333,3.367
2,8334,2.467
2,8335,3.177
2,8336,2.676
2,8337,2.754
2,8338,2.999
2,8339,2.869
2,8340,2.998
2,8341,2.770
2,8342,3.585
2,8343,2.903
2,8344,2.863
2,8345,3.542
2,8346,2.906
2,8347,2.966
2,8348,2.591
2,8349,3.050
2,8350,3.186
2,8351,4.020
2,8352,2.941
2,8353,3.433
2,8354,5.398
2,8355,3.373
2,8356,2.934
2,8357,3.079
2,8358,2.523
2,8359,3.127
2,8360,3.691
2,8361,3.070
2,8362,3.859
2,8363,2.795
2,8364,3.363
2,8365,3.048
2,8366,3.083
2,8367,3.129
2,8368,3.213
2,8369,2.830
2,8370,2.930
2,8371,2.536
2,8372,3.118
2,8373,3.540
2,8374,3.338
2,8375,4.799
2,8376,2.839
2,8377,2.924
2,8378,2.643
2,8379,3.007
2,8380,2.962
2,8381,2.964
2,8382,2.811
2,8383,3.488
2,8384,3.242
2,8385,3.057
2,8386,3.441
2,8387,2.375
2,8388,2.713
2,8389,2.654
2,8390,3.309
2,8391,3.213
2,8392,3.188
2,8393,2.694
2,8394,2.122
2,8395,3.732
2,8396,3.749
2,8397,2.997
2,8398,2.825
2,8399,2.521
2,8400,3.589
2,8401,3.098
2,8402,3.454
2,8403,3.120
2,8404,4.569
2,8405,2.898
2,8406,3.042
2,8407,2.337
2,8408,3.122
2,8409,4.914
2,8410,3.537
2,8411,2.528
2,8412,2.727
2,8413,2.588
2,8414,2.948
2,8415,3.832
2,8416,2.520
2,8417,4.267
2,8418,3.202
2,8419,3.018
2,8420,2.801
2,8421,2.922
2,8422,2.929
2,8423,2.617
2,8424,3.322
2,8425,2.879
2,8426,3.477
2,8427,2.682
2,8428,3.472
2,8429,2.316
2,8430,3.486
2,8431,3.333
2,8432,3.188
2,8433,3.150
2,8434,3.455
2,8435,2.943
2,8436,3.228
2,8437,4.532
2,8438,3.511
2,8439,3.542
2,8440,3.368
2,8441,2.763
2,8442,2.899
2,8443,3.088
2,8444,2.976
2,8445,3.555
2,8446,3.075
2,8447,3.477
2,8448,3.371
2,8449,3.059
2,8450,2.641
2,8451,3.047
2,8452,2.443
2,8453,2.212
2,8454,2.563
2,8455,2.445
2,8456,2.220
2,8457,2.681
2,8458,3.144
2,8459,1.918
2,8460,3.271
2,8461,3.773
2,8462,2.619
2,8463,2.428
2,8464,2.879
2,8465,2.097
2,8466,1.783
2,8467,2.790
2,8468,2.480
2,8469,2.071
2,8470,1.974
2,8471,3.216
2,8472,3.012
2,8473,2.635
2,8474,2.367
2,8475,2.187
2,8476,2.376
2,8477,2.328
2,8478,2.112
2,8479,3.079
2,8480,2.323
2,8481,1.783
2,8482,2.003
2,8483,2.058
2,8484,2.032
2,8485,2.400
2,8486,3.334
2,8487,2.308
2,8488,3.812
2,8489,2.553
2,8490,2.309
2,8491,2.140
2,8492,2.752
2,8493,2.484
2,8494,2.439
2,8495,2.019
2,8496,2.489
2,8497,2.330
2,8498,2.185
2,8499,3.198
2,8500,4.459
2,8501,2.961
2,8502,2.442
2,8503,2.985
2,8504,3.548
2,8505,2.954
2,8506,2.728
2,8507,2.706
2,8508,2.625
2,8509,2.917
2,8510,3.091
2,8511,3.766
2,8512,2.277
2,8513,3.035
2,8514,2.431
2,8515,3.256
2,8516,2.458
2,8517,1.964
2,8518,2.124
2,8519,1.887
2,8520,1.855
2,8521,1.900
2,8522,3.301
2,8523,2.455
2,8524,2.371
2,8525,2.227
2,8526,2.123
2,8527,1.962
2,8528,2.261
2,8529,2.141
2,8530,2.189
2,8531,2.211
2,8532,1.817
2,8533,1.686
2,8534,2.110
2,8535,2.130
2,8536,2.395
2,8537,3.612
2,8538,2.423
2,8539,2.509
2,8540,3.968
2,8541,2.062
2,8542,2.722
2,8543,2.667
2,8544,2.274
2,8545,1.936
2,8546,1.667
2,8547,1.997
2,8548,2.317
2,8549,2.548
2,8550,2.397
2,8551,4.111
2,8552,2.346
2,8553,2.689
2,8554,2.613
2,8555,2.675
2,8556,2.721
2,8557,2.706
2,8558,2.460
2,8559,2.583
2,8560,2.443
2,8561,2.594
2,8562,2.758
2,8563,2.859
2,8564,4.275
2,8565,3.115
2,8566,3.094
2,8567,1.929
2,8568,1.979
2,8569,2.824
2,8570,4.953
2,8571,3.238
2,8572,2.345
2,8573,2.488
2,8574,2.238
2,8575,2.074
2,8576,3.688
2,8577,2.686
2,8578,2.520
2,8579,2.271
2,8580,2.235
2,8581,2.589
2,8582,2.006
2,8583,2.745
2,8584,2.583
2,8585,1.983
2,8586,1.748
2,8587,2.555
2,8588,2.671
2,8589,1.938
2,8590,3.146
2,8591,4.008
2,8592,2.935
2,8593,2.461
2,8594,2.083
2,8595,2.288
2,8596,2.865
2,8597,2.669
2,8598,3.004
2,8599,2.152
2,8600,2.619
2,8601,4.364
2,8602,3.010
2,8603,2.351
2,8604,3.143
2,8605,2.467
2,8606,2.013
2,8607,2.513
2,8608,2.398
2,8609,1.928
2,8610,1.926
2,8611,2.255
2,8612,2.786
2,8613,2.110
2,8614,3.258
2,8615,2.413
2,8616,3.387
2,8617,3.204
2,8618,3.140
2,8619,2.787
2,8620,2.674
2,8621,2.485
2,8622,2.447
2,8623,2.695
2,8624,2.788
2,8625,2.906
2,8626,3.487
2,8627,2.130
2,8628,2.240
2,8629,2.657
2,8630,2.229
2,8631,2.494
2,8632,2.837
2,8633,2.248
2,8634,2.413
2,8635,2.306
2,8636,1.965
2,8637,2.097
2,8638,2.728
2,8639,3.243
2,8640,4.326
2,8641,2.620
2,8642,2.678
2,8643,2.123
2,8644,2.629
2,8645,2.626
2,8646,2.720
2,8647,2.747
2,8648,2.488
2,8649,2.421
2,8650,3.695
2,8651,2.375
2,8652,2.726
2,8653,2.824
2,8654,2.450
2,8655,2.659
2,8656,3.011
2,8657,3.289
2,8658,2.524
2,8659,3.196
2,8660,2.983
2,8661,2.739
2,8662,3.617
2,8663,2.520
2,8664,2.935
2,8665,4.356
2,8666,3.182
2,8667,2.853
2,8668,2.759
2,8669,2.976
2,8670,3.349
2,8671,3.554
2,8672,4.259
2,8673,4.726
2,8674,3.805
2,8675,2.945
2,8676,3.395
2,8677,2.866
2,8678,2.984
2,8679,3.001
2,8680,3.954
2,8681,2.931
2,8682,3.307
2,8683,4.603
2,8684,3.607
2,8685,2.989
2,8686,3.544
2,8687,3.993
2,8688,3.386
2,8689,3.276
2,8690,3.244
2,8691,3.150
2,8692,4.216
2,8693,3.955
2,8694,3.703
2,8695,4.749
2,8696,3.332
2,8697,3.704
2,8698,2.849
2,8699,2.751
2,8700,4.437
2,8701,3.759
2,8702,5.258
2,8703,3.867
2,8704,3.194
2,8705,3.562
2,8706,3.269
2,8707,3.859
2,8708,3.060
2,8709,3.727
2,8710,3.626
2,8711,3.326
2,8712,3.270
2,8713,2.949
2,8714,2.997
2,8715,3.223
2,8716,3.383
2,8717,3.393
2,8718,3.194
2,8719,2.318
2,8720,4.170
2,8721,3.203
2,8722,4.114
2,8723,5.051
2,8724,3.203
2,8725,3.532
2,8726,3.583
2,8727,3.562
2,8728,3.714
2,8729,4.184
2,8730,2.835
2,8731,2.991
2,8732,2.615
2,8733,2.868
2,8734,3.165
2,8735,2.808
2,8736,3.160
2,8737,2.662
2,8738,3.232
2,8739,3.196
2,8740,2.854
2,8741,4.229
2,8742,2.421
2,8743,2.753
2,8744,2.909
2,8745,3.207
2,8746,2.751
2,8747,2.356
2,8748,2.685
2,8749,2.466
2,8750,3.876
2,8751,2.840
2,8752,2.981
2,8753,2.657
2,8754,2.500
2,8755,2.994
2,8756,3.098
2,8757,2.944
2,8758,3.167
2,8759,2.992
2,8760,2.856
2,8761,2.701
2,8762,4.078
2,8763,3.044
2,8764,5.151
2,8765,3.254
2,8766,3.144
2,8767,3.232
2,8768,2.995
2,8769,5.038
2,8770,4.325
2,8771,4.997
2,8772,4.326
2,8773,4.551
2,8774,4.369
2,8775,3.045
2,8776,3.055
2,8777,3.020
2,8778,3.495
2,8779,2.872
2,8780,3.089
2,8781,4.191
2,8782,3.569
2,8783,3.545
2,8784,3.274
2,8785,3.000
2,8786,2.915
2,8787,3.037
2,8788,3.090
2,8789,3.435
2,8790,2.879
2,8791,3.504
2,8792,3.148
2,8793,3.004
2,8794,3.081
2,8795,3.131
2,8796,2.659
2,8797,2.622
2,8798,2.967
2,8799,2.635
2,8800,3.408
2,8801,3.333
2,8802,2.677
2,8803,4.912
2,8804,2.694
2,8805,2.246
2,8806,2.253
2,8807,2.754
2,8808,2.312
2,8809,3.048
2,8810,2.623
2,8811,2.174
2,8812,2.300
2,8813,3.317
2,8814,3.579
2,8815,2.740
2,8816,2.240
2,8817,2.617
2,8818,2.470
2,8819,2.264
2,8820,2.778
2,8821,2.993
2,8822,1.880
2,8823,2.443
2,8824,2.256
2,8825,2.081
2,8826,3.045
2,8827,2.583
2,8828,2.600
2,8829,2.944
2,8830,3.634
2,8831,2.851
2,8832,2.533
2,8833,2.420
2,8834,2.749
2,8835,2.076
2,8836,2.176
2,8837,2.378
2,8838,2.022
2,8839,2.764
2,8840,3.031
2,8841,3.142
2,8842,2.509
2,8843,1.943
2,8844,2.055
2,8845,2.650
2,8846,2.501
2,8847,2.099
2,8848,2.822
2,8849,2.144
2,8850,2.133
2,8851,2.301
2,8852,2.537
2,8853,2.978
2,8854,2.830
2,8855,2.567
2,8856,2.505
2,8857,2.290
2,8858,2.580
2,8859,3.343
2,8860,2.540
2,8861,3.020
2,8862,2.849
2,8863,2.964
2,8864,4.190
2,8865,2.510
2,8866,3.009
2,8867,2.525
2,8868,3.119
2,8869,2.420
2,8870,2.717
2,8871,2.775
2,8872,2.791
2,8873,3.027
2,8874,3.023
2,8875,3.838
2,8876,2.807
2,8877,2.800
2,8878,2.834
2,8879,3.065
2,8880,4.145
2,8881,3.175
2,8882,2.529
2,8883,2.460
2,8884,2.736
2,8885,2.897
2,8886,3.240
2,8887,6.834
2,8888,3.180
2,8889,2.948
2,8890,3.250
2,8891,3.008
2,8892,2.868
2,8893,2.890
2,8894,3.278
2,8895,3.132
2,8896,3.961
2,8897,4.072
2,8898,3.248
2,8899,3.081
2,8900,2.707
2,8901,2.894
2,8902,2.346
2,8903,2.986
2,8904,2.805
2,8905,3.549
2,8906,2.876
2,8907,2.400
2,8908,3.466
2,8909,4.055
2,8910,2.945
2,8911,2.489
2,8912,2.686
2,8913,2.895
2,8914,2.516
2,8915,5.273
2,8916,2.596
2,8917,3.413
2,8918,2.601
2,8919,3.238
2,8920,3.206
2,8921,2.948
2,8922,2.793
2,8923,2.821
2,8924,3.203
2,8925,2.819
2,8926,3.253
2,8927,2.904
2,8928,4.199
2,8929,4.624
2,8930,2.987
2,8931,2.497
2,8932,2.547
2,8933,2.474
2,8934,2.853
2,8935,2.674
2,8936,2.200
2,8937,2.284
2,8938,2.814
2,8939,2.005
2,8940,2.065
2,8941,3.552
2,8942,2.326
2,8943,2.579
2,8944,2.281
2,8945,2.780
2,8946,2.273
2,8947,2.694
2,8948,2.186
2,8949,2.225
2,8950,2.322
2,8951,2.167
2,8952,3.057
2,8953,2.645
2,8954,3.450
2,8955,3.031
2,8956,3.968
2,8957,2.543
2,8958,2.861
2,8959,3.034
2,8960,2.582
2,8961,2.807
2,8962,2.221
2,8963,1.899
2,8964,2.307
2,8965,3.447
2,8966,2.973
2,8967,3.152
2,8968,2.458
2,8969,2.727
2,8970,2.420
2,8971,3.319
2,8972,2.580
2,8973,2.282
2,8974,2.613
2,8975,2.497
2,8976,2.691
2,8977,3.552
2,8978,2.549
2,8979,3.241
2,8980,3.280
2,8981,2.111
2,8982,2.838
2,8983,2.294
2,8984,2.775
2,8985,2.618
2,8986,2.420
2,8987,2.566
2,8988,2.397
2,8989,2.412
2,8990,3.340
2,8991,2.307
2,8992,2.599
2,8993,2.175
2,8994,2.080
2,8995,2.690
2,8996,2.492
2,8997,2.153
2,8998,2.251
2,8999,2.367
2,9000,2.542
2,9001,3.353
2,9002,2.287
2,9003,2.638
2,9004,3.978
2,9005,2.339
2,9006,3.633
2,9007,2.232
2,9008,2.163
2,9009,2.093
2,9010,2.175
2,9011,2.178
2,9012,2.025
2,9013,2.916
2,9014,2.709
2,9015,2.018
2,9016,1.943
2,9017,2.471
2,9018,3.575
2,9019,4.069
2,9020,5.209
2,9021,2.919
2,9022,2.044
2,9023,2.167
2,9024,2.199
2,9025,2.147
2,9026,2.134
2,9027,2.460
2,9028,1.860
2,9029,1.860
2,9030,2.868
2,9031,3.654
2,9032,2.849
2,9033,2.679
2,9034,2.880
2,9035,2.220
2,9036,2.611
2,9037,2.235
2,9038,2.111
2,9039,1.689
2,9040,1.549
2,9041,2.288
2,9042,3.872
2,9043,2.464
2,9044,2.217
2,9045,2.298
2,9046,2.176
2,9047,2.142
2,9048,1.958
2,9049,2.878
2,9050,2.712
2,9051,2.460
2,9052,2.707
2,9053,2.624
2,9054,2.385
2,9055,2.576
2,9056,3.188
2,9057,4.122
2,9058,2.344
2,9059,2.036
2,9060,2.397
2,9061,2.232
2,9062,2.520
2,9063,2.643
2,9064,1.866
2,9065,1.989
2,9066,2.138
2,9067,2.014
2,9068,1.856
2,9069,2.017
2,9070,2.843
2,9071,2.335
2,9072,2.149
2,9073,2.308
2,9074,2.062
2,9075,2.283
2,9076,2.523
2,9077,2.473
2,9078,2.740
2,9079,2.893
2,9080,2.166
2,9081,2.306
2,9082,2.197
2,9083,2.633
2,9084,4.327
2,9085,2.512
2,9086,3.157
2,9087,2.258
2,9088,2.443
2,9089,2.566
2,9090,2.247
2,9091,2.152
2,9092,2.414
2,9093,2.530
2,9094,2.527
2,9095,2.817
2,9096,2.288
2,9097,2.606
2,9098,3.143
2,9099,2.371
2,9100,2.920
2,9101,3.007
2,9102,3.127
2,9103,2.539
2,9104,2.882
2,9105,2.746
2,9106,3.278
2,9107,3.619
2,9108,2.816
2,9109,4.718
2,9110,3.395
2,9111,3.485
2,9112,2.846
2,9113,2.560
2,9114,2.541
2,9115,2.781
2,9116,2.607
2,9117,2.486
2,9118,3.867
2,9119,3.641
2,9120,3.003
2,9121,2.645
2,9122,2.729
2,9123,3.148
2,9124,2.864
2,9125,2.744
2,9126,2.441
2,9127,2.670
2,9128,2.524
2,9129,2.279
2,9130,3.533
2,9131,3.815
2,9132,3.096
2,9133,2.363
2,9134,2.047
2,9135,2.868
2,9136,3.199
2,9137,2.649
2,9138,2.883
2,9139,2.256
2,9140,2.395
2,9141,2.291
2,9142,2.184
2,9143,3.910
2,9144,2.644
2,9145,2.744
2,9146,2.732
2,9147,2.835
2,9148,2.910
2,9149,3.647
2,9150,3.054
2,9151,2.861
2,9152,5.508
2,9153,3.631
2,9154,4.546
2,9155,3.174
2,9156,2.373
2,9157,2.434
2,9158,3.350
2,9159,3.150
2,9160,3.220
2,9161,2.540
2,9162,2.869
2,9163,3.426
2,9164,2.829
2,9165,2.819
2,9166,2.728
2,9167,2.518
2,9168,2.517
2,9169,2.286
2,9170,3.142
2,9171,2.325
2,9172,2.602
2,9173,2.929
2,9174,2.197
2,9175,2.736
2,9176,4.115
2,9177,2.298
2,9178,2.532
2,9179,2.581
2,9180,2.564
2,9181,2.713
2,9182,2.389
2,9183,2.593
2,9184,2.307
2,9185,2.426
2,9186,2.955
2,9187,2.281
2,9188,5.011
2,9189,2.663
2,9190,2.828
2,9191,2.369
2,9192,2.260
2,9193,2.535
2,9194,2.493
2,9195,2.264
2,9196,2.245
2,9197,1.969
2,9198,1.724
2,9199,2.441
2,9200,2.968
2,9201,2.254
2,9202,4.161
2,9203,2.940
2,9204,2.988
2,9205,2.861
2,9206,3.073
2,9207,2.239
2,9208,1.687
2,9209,1.879
2,9210,2.086
2,9211,1.956
2,9212,2.224
2,9213,2.355
2,9214,3.248
2,9215,3.346
2,9216,2.771
2,9217,2.167
2,9218,2.887
2,9219,2.291
2,9220,2.606
2,9221,2.124
2,9222,2.048
2,9223,2.242
2,9224,2.453
2,9225,3.123
2,9226,3.487
2,9227,4.233
2,9228,7.129
2,9229,3.182
2,9230,2.249
2,9231,2.741
2,9232,2.375
2,9233,1.960
2,9234,2.097
2,9235,2.884
2,9236,2.390
2,9237,3.200
2,9238,2.913
2,9239,2.770
2,9240,3.478
2,9241,2.970
2,9242,2.493
2,9243,2.689
2,9244,3.096
2,9245,5.496
2,9246,3.136
2,9247,4.456
2,9248,3.855
2,9249,2.771
2,9250,2.706
2,9251,2.106
2,9252,2.067
2,9253,2.147
2,9254,1.843
2,9255,1.758
2,9256,2.546
2,9257,2.533
2,9258,1.780
2,9259,1.932
2,9260,1.771
2,9261,1.941
2,9262,2.375
2,9263,2.850
2,9264,3.120
2,9265,2.894
2,9266,1.945
2,9267,1.685
2,9268,1.751
2,9269,1.917
2,9270,2.006
2,9271,2.127
2,9272,2.273
2,9273,1.864
2,9274,2.115
2,9275,2.061
2,9276,2.009
2,9277,1.803
2,9278,1.818
2,9279,4.630
2,9280,2.869
2,9281,3.026
2,9282,2.126
2,9283,2.075
2,9284,2.418
2,9285,2.034
2,9286,2.257
2,9287,2.256
2,9288,1.783
2,9289,2.051
2,9290,2.963
2,9291,2.471
2,9292,2.628
2,9293,2.239
2,9294,1.879
2,9295,1.894
2,9296,2.138
2,9297,2.460
2,9298,2.232
2,9299,2.486
2,9300,2.394
2,9301,2.801
2,9302,2.577
2,9303,2.194
2,9304,3.751
2,9305,3.635
2,9306,3.000
2,9307,2.554
2,9308,2.556
2,9309,2.739
2,9310,2.925
2,9311,2.701
2,9312,2.498
2,9313,2.260
2,9314,2.392
2,9315,2.481
2,9316,4.403
2,9317,3.830
2,9318,3.153
2,9319,2.723
2,9320,2.359
2,9321,2.525
2,9322,2.222
2,9323,2.044
2,9324,1.934
2,9325,1.886
2,9326,2.057
2,9327,2.646
2,9328,2.607
2,9329,2.282
2,9330,3.201
2,9331,3.521
2,9332,2.453
2,9333,2.555
2,9334,2.049
2,9335,2.198
2,9336,1.924
2,9337,1.679
2,9338,1.912
2,9339,2.411
2,9340,2.160
2,9341,1.929
2,9342,2.091
2,9343,2.036
2,9344,2.303
2,9345,2.906
2,9346,2.727
2,9347,3.368
2,9348,2.665
2,9349,2.151
2,9350,2.382
2,9351,2.871
2,9352,2.105
2,9353,3.064
2,9354,4.662
2,9355,3.711
2,9356,2.347
2,9357,3.237
2,9358,4.083
2,9359,3.115
2,9360,2.461
2,9361,2.798
2,9362,3.058
2,9363,3.923
2,9364,4.233
2,9365,3.221
2,9366,3.575
2,9367,2.805
2,9368,2.976
2,9369,2.696
2,9370,2.839
2,9371,2.852
2,9372,2.719
2,9373,2.857
2,9374,2.772
2,9375,2.855
2,9376,2.428
2,9377,2.490
2,9378,5.141
2,9379,3.551
2,9380,2.532
2,9381,2.198
2,9382,2.801
2,9383,2.818
2,9384,3.319
2,9385,2.619
2,9386,2.342
2,9387,2.617
2,9388,2.503
2,9389,2.375
2,9390,3.904
2,9391,3.264
2,9392,2.642
2,9393,2.061
2,9394,2.335
2,9395,2.876
2,9396,3.776
2,9397,3.654
2,9398,2.516
2,9399,2.800
2,9400,2.510
2,9401,3.035
2,9402,4.127
2,9403,3.727
2,9404,2.691
2,9405,2.421
2,9406,2.980
2,9407,2.286
2,9408,2.594
2,9409,2.583
2,9410,2.276
2,9411,2.730
2,9412,3.908
2,9413,2.963
2,9414,2.658
2,9415,2.269
2,9416,2.880
2,9417,2.361
2,9418,2.882
2,9419,2.986
2,9420,2.755
2,9421,2.489
2,9422,1.968
2,9423,2.421
2,9424,2.863
2,9425,3.663
2,9426,2.869
2,9427,2.183
2,9428,1.684
2,9429,1.953
2,9430,2.847
2,9431,3.074
2,9432,2.754
2,9433,2.126
2,9434,2.273
2,9435,2.269
2,9436,1.816
2,9437,2.786
2,9438,3.502
2,9439,2.258
2,9440,2.688
2,9441,2.623
2,9442,2.549
2,9443,3.513
2,9444,2.809
2,9445,2.658
2,9446,2.393
2,9447,2.191
2,9448,3.598
2,9449,2.857
2,9450,5.681
2,9451,3.578
2,9452,3.309
2,9453,2.789
2,9454,2.852
2,9455,2.280
2,9456,2.574
2,9457,3.144
2,9458,3.047
2,9459,3.999
2,9460,3.135
2,9461,4.131
2,9462,3.427
2,9463,3.302
2,9464,3.508
2,9465,3.437
2,9466,3.216
2,9467,3.693
2,9468,3.249
2,9469,4.071
2,9470,3.438
2,9471,4.953
2,9472,4.650
2,9473,3.205
2,9474,3.890
2,9475,3.138
2,9476,3.910
2,9477,3.427
2,9478,4.441
2,9479,3.598
2,9480,3.062
2,9481,2.969
2,9482,3.617
2,9483,2.979
2,9484,3.309
2,9485,3.099
2,9486,3.388
2,9487,2.544
2,9488,3.975
2,9489,4.788
2,9490,3.470
2,9491,2.763
2,9492,3.284
2,9493,3.262
2,9494,3.435
2,9495,3.034
2,9496,3.031
2,9497,2.763
2,9498,2.889
2,9499,4.216
2,9500,3.416
2,9501,2.821
2,9502,3.132
2,9503,2.992
2,9504,3.201
2,9505,3.998
2,9506,3.171
2,9507,3.802
2,9508,3.599
2,9509,5.719
2,9510,3.988
2,9511,3.402
2,9512,3.728
2,9513,3.801
2,9514,3.245
2,9515,3.464
2,9516,3.662
2,9517,3.358
2,9518,3.279
2,9519,2.764
2,9520,3.075
2,9521,3.092
2,9522,3.129
2,9523,2.745
2,9524,3.257
2,9525,3.167
2,9526,3.608
2,9527,5.128
2,9528,3.102
2,9529,3.551
2,9530,4.363
2,9531,4.769
2,9532,5.678
2,9533,3.938
2,9534,5.963
2,9535,5.365
2,9536,5.012
2,9537,3.868
2,9538,4.706
2,9539,3.947
2,9540,5.335
2,9541,3.898
2,9542,4.263
2,9543,5.685
2,9544,8.301
2,9545,4.439
2,9546,3.897
2,9547,4.111
2,9548,4.903
2,9549,8.662
2,9550,3.608
2,9551,4.440
2,9552,3.930
2,9553,4.033
2,9554,4.098
2,9555,5.020
2,9556,5.026
2,9557,7.829
2,9558,4.888
2,9559,4.561
2,9560,3.542
2,9561,3.116
2,9562,4.333
2,9563,4.682
2,9564,4.177
2,9565,3.997
2,9566,4.082
2,9567,5.079
2,9568,4.513
2,9569,3.432
2,9570,4.691
2,9571,4.554
2,9572,4.105
2,9573,3.869
2,9574,4.045
2,9575,4.093
2,9576,3.700
2,9577,3.933
2,9578,4.512
2,9579,5.038
2,9580,3.821
2,9581,4.307
2,9582,4.951
2,9583,3.369
2,9584,4.107
2,9585,5.050
2,9586,4.810
2,9587,5.493
2,9588,3.387
2,9589,5.017
2,9590,3.348
2,9591,3.126
2,9592,3.052
2,9593,4.641
2,9594,3.506
2,9595,3.282
2,9596,3.512
2,9597,2.920
2,9598,3.404
2,9599,3.251
2,9600,3.907
2,9601,3.273
2,9602,4.081
2,9603,4.102
2,9604,4.155
2,9605,6.215
2,9606,3.410
2,9607,4.084
2,9608,3.348
2,9609,4.351
2,9610,3.595
2,9611,5.070
2,9612,3.800
2,9613,3.289
2,9614,3.038
2,9615,2.913
2,9616,2.760
2,9617,2.976
2,9618,2.573
2,9619,3.999
2,9620,3.564
2,9621,3.865
2,9622,3.245
2,9623,3.574
2,9624,4.885
2,9625,3.437
2,9626,2.864
2,9627,3.407
2,9628,3.613
2,9629,3.730
2,9630,4.109
2,9631,4.840
2,9632,3.930
2,9633,3.424
2,9634,3.823
2,9635,2.799
2,9636,3.495
2,9637,3.033
2,9638,3.364
2,9639,3.604
2,9640,4.242
2,9641,4.241
2,9642,3.156
2,9643,3.132
2,9644,3.126
2,9645,4.289
2,9646,3.389
2,9647,2.760
2,9648,3.914
2,9649,4.314
2,9650,4.010
2,9651,3.193
2,9652,3.242
2,9653,2.992
2,9654,3.483
2,9655,3.719
2,9656,3.878
2,9657,3.581
2,9658,5.535
2,9659,4.855
2,9660,5.312
2,9661,3.912
2,9662,4.500
2,9663,4.299
2,9664,4.314
2,9665,3.318
2,9666,3.708
2,9667,4.455
2,9668,5.464
2,9669,4.817
2,9670,8.534
2,9671,8.858
2,9672,6.067
2,9673,8.268
2,9674,7.757
2,9675,5.807
2,9676,7.692
2,9677,6.723
2,9678,4.809
2,9679,4.617
2,9680,7.259
2,9681,7.601
2,9682,5.087
2,9683,6.959
2,9684,5.973
2,9685,4.167
2,9686,4.349
2,9687,4.966
2,9688,5.761
2,9689,3.982
2,9690,4.019
2,9691,5.260
2,9692,4.721
2,9693,6.943
2,9694,6.099
2,9695,5.657
2,9696,3.446
2,9697,4.927
2,9698,3.921
2,9699,3.770
2,9700,3.616
2,9701,3.408
2,9702,4.735
2,9703,6.686
2,9704,5.562
2,9705,7.870
2,9706,6.372
2,9707,5.981
2,9708,3.530
2,9709,3.936
2,9710,3.945
2,9711,4.309
2,9712,3.026
2,9713,4.164
2,9714,2.452
2,9715,5.144
2,9716,4.728
2,9717,3.682
2,9718,2.530
2,9719,2.359
2,9720,2.488
2,9721,2.886
2,9722,2.851
2,9723,2.781
2,9724,2.696
2,9725,2.174
2,9726,3.540
2,9727,3.223
2,9728,4.218
2,9729,2.935
2,9730,2.999
2,9731,3.202
2,9732,2.649
2,9733,2.548
2,9734,2.737
2,9735,2.592
2,9736,2.176
2,9737,3.295
2,9738,3.469
2,9739,2.821
2,9740,3.031
2,9741,2.303
2,9742,3.191
2,9743,3.084
2,9744,2.912
2,9745,2.499
2,9746,2.415
2,9747,5.197
2,9748,3.109
2,9749,3.337
2,9750,2.509
2,9751,3.453
2,9752,4.694
2,9753,3.143
2,9754,2.507
2,9755,3.033
2,9756,2.750
2,9757,2.803
2,9758,3.933
2,9759,2.759
2,9760,3.080
2,9761,2.234
2,9762,2.870
2,9763,2.754
2,9764,2.939
2,9765,2.493
2,9766,2.067
2,9767,2.084
2,9768,2.273
2,9769,2.224
2,9770,1.782
2,9771,2.666
2,9772,2.745
2,9773,2.077
2,9774,3.170
2,9775,3.041
2,9776,2.652
2,9777,2.323
2,9778,2.167
2,9779,2.999
2,9780,2.508
2,9781,3.833
2,9782,2.480
2,9783,2.072
2,9784,3.216
2,9785,2.397
2,9786,1.912
2,9787,3.200
2,9788,2.545
2,9789,2.296
2,9790,2.276
2,9791,2.363
2,9792,2.628
2,9793,2.253
2,9794,3.738
2,9795,3.101
2,9796,2.739
2,9797,2.930
2,9798,5.621
2,9799,4.072
2,9800,2.478
2,9801,2.982
2,9802,1.964
2,9803,2.536
2,9804,2.565
2,9805,2.145
2,9806,1.998
2,9807,1.904
2,9808,1.725
2,9809,1.695
2,9810,2.464
2,9811,3.012
2,9812,3.156
2,9813,2.703
2,9814,2.357
2,9815,2.389
2,9816,1.974
2,9817,2.049
2,9818,2.576
2,9819,2.013
2,9820,1.647
2,9821,1.567
2,9822,2.659
2,9823,2.723
2,9824,2.480
2,9825,4.235
2,9826,2.695
2,9827,2.303
2,9828,1.794
2,9829,1.701
2,9830,1.971
2,9831,2.426
2,9832,2.007
2,9833,2.103
2,9834,2.321
2,9835,1.940
2,9836,1.680
2,9837,2.904
2,9838,2.737
2,9839,3.194
2,9840,2.575
2,9841,4.363
2,9842,2.553
2,9843,2.055
2,9844,2.586
2,9845,2.356
2,9846,2.233
2,9847,2.404
2,9848,2.290
2,9849,1.672
2,9850,2.071
2,9851,3.449
2,9852,2.501
2,9853,4.025
2,9854,2.433
2,9855,2.964
2,9856,2.189
2,9857,3.154
2,9858,2.177
2,9859,1.749
2,9860,1.615
2,9861,1.801
2,9862,1.677
2,9863,2.220
2,9864,2.971
2,9865,2.759
2,9866,2.086
2,9867,2.948
2,9868,2.486
2,9869,1.891
2,9870,2.784
2,9871,2.433
2,9872,2.036
2,9873,2.565
2,9874,2.848
2,9875,3.046
2,9876,4.057
2,9877,3.569
2,9878,5.172
2,9879,4.737
2,9880,3.414
2,9881,3.746
2,9882,2.924
2,9883,2.978
2,9884,2.560
2,9885,3.976
2,9886,3.536
2,9887,3.603
2,9888,2.525
2,9889,2.926
2,9890,2.421
2,9891,2.945
2,9892,2.730
2,9893,2.884
2,9894,3.770
2,9895,3.441
2,9896,4.697
2,9897,2.409
2,9898,3.734
2,9899,4.984
2,9900,3.237
2,9901,3.588
2,9902,3.139
2,9903,3.728
2,9904,3.646
2,9905,5.251
2,9906,3.859
2,9907,3.958
2,9908,3.603
2,9909,3.067
2,9910,3.058
2,9911,3.810
2,9912,2.889
2,9913,2.936
2,9914,3.331
2,9915,3.017
2,9916,3.620
2,9917,3.244
2,9918,3.958
2,9919,3.501
2,9920,3.082
2,9921,2.621
2,9922,2.900
2,9923,2.296
2,9924,2.972
2,9925,3.146
2,9926,2.721
2,9927,4.119
2,9928,3.354
2,9929,2.542
2,9930,2.261
2,9931,3.556
2,9932,3.162
2,9933,3.139
2,9934,3.078
2,9935,3.354
2,9936,3.946
2,9937,3.847
2,9938,4.158
2,9939,3.798
2,9940,3.076
2,9941,3.874
2,9942,3.229
2,9943,3.372
2,9944,2.168
2,9945,2.675
2,9946,3.765
2,9947,2.793
2,9948,3.837
2,9949,3.022
2,9950,2.990
2,9951,4.601
2,9952,2.705
2,9953,2.525
2,9954,2.766
2,9955,2.395
2,9956,3.251
2,9957,3.598
2,9958,2.921
2,9959,4.389
2,9960,2.423
2,9961,3.050
2,9962,2.460
2,9963,2.622
2,9964,2.364
2,9965,2.889
2,9966,2.691
2,9967,3.146
2,9968,6.017
2,9969,3.672
2,9970,2.802
2,9971,2.632
2,9972,2.889
2,9973,2.219
2,9974,2.618
2,9975,2.617
2,9976,2.569
2,9977,3.851
2,9978,4.196
2,9979,3.125
2,9980,2.547
2,9981,3.469
2,9982,5.515
2,9983,2.861
2,9984,2.660
2,9985,2.649
2,9986,2.764
2,9987,5.031
2,9988,3.468
2,9989,3.017
2,9990,2.828
2,9991,2.885
2,9992,2.520
2,9993,2.684
2,9994,3.045
2,9995,2.549
2,9996,3.173
2,9997,3.096
2,9998,4.062
2,9999,3.530
2,10000,4.897
2,10001,3.987
2,10002,3.173
2,10003,3.261
2,10004,2.828
2,10005,3.448
2,10006,2.780
2,10007,2.533
2,10008,2.870
2,10009,3.368
2,10010,3.654
2,10011,3.924
2,10012,3.675
2,10013,3.111
2,10014,3.664
2,10015,2.785
2,10016,3.360
2,10017,3.074
2,10018,2.510
2,10019,3.818
2,10020,3.765
2,10021,5.066
2,10022,2.963
2,10023,2.916
2,10024,3.112
2,10025,2.600
2,10026,2.717
2,10027,2.923
2,10028,3.154
2,10029,3.324
2,10030,4.211
2,10031,2.993
2,10032,2.788
2,10033,2.606
2,10034,3.557
2,10035,2.946
2,10036,3.282
2,10037,2.747
2,10038,3.896
2,10039,3.947
2,10040,4.910
2,10041,3.869
2,10042,2.998
2,10043,2.181
2,10044,2.271
2,10045,2.139
2,10046,2.110
2,10047,1.857
2,10048,2.219
2,10049,1.831
2,10050,3.240
2,10051,3.457
2,10052,2.237
2,10053,3.184
2,10054,2.669
2,10055,4.827
2,10056,3.111
2,10057,2.792
2,10058,2.528
2,10059,3.543
2,10060,2.832
2,10061,2.318
2,10062,3.983
2,10063,2.833
2,10064,2.937
2,10065,4.806
2,10066,2.644
2,10067,2.492
2,10068,2.594
2,10069,3.070
2,10070,2.985
2,10071,2.820
2,10072,2.236
2,10073,2.395
2,10074,3.046
2,10075,2.088
2,10076,2.968
2,10077,3.509
2,10078,3.747
2,10079,3.486
2,10080,2.988
2,10081,3.080
2,10082,2.838
2,10083,2.998
2,10084,3.635
2,10085,3.214
2,10086,3.703
2,10087,4.787
2,10088,3.186
2,10089,3.450
2,10090,3.005
2,10091,2.685
2,10092,2.529
2,10093,3.714
2,10094,2.355
2,10095,3.356
2,10096,3.547
2,10097,2.789
2,10098,2.711
2,10099,2.408
2,10100,3.128
2,10101,2.814
2,10102,2.928
2,10103,2.633
2,10104,2.023
2,10105,2.848
2,10106,3.380
2,10107,3.275
2,10108,4.118
2,10109,3.088
2,10110,2.390
2,10111,2.503
2,10112,2.566
2,10113,2.202
2,10114,2.422
2,10115,1.984
2,10116,1.918
2,10117,1.961
2,10118,3.428
2,10119,2.466
2,10120,2.312
2,10121,2.631
2,10122,2.482
2,10123,2.395
2,10124,2.832
2,10125,2.688
2,10126,2.610
2,10127,2.505
2,10128,2.418
2,10129,2.747
2,10130,2.443
2,10131,2.746
2,10132,2.761
2,10133,2.108
2,10134,2.399
2,10135,3.395
2,10136,2.891
2,10137,3.108
2,10138,2.117
2,10139,1.937
2,10140,2.320
2,10141,2.093
2,10142,1.807
2,10143,2.140
2,10144,2.265
2,10145,1.999
2,10146,3.083
2,10147,2.394
2,10148,2.532
2,10149,3.382
2,10150,2.717
2,10151,2.631
2,10152,1.950
2,10153,1.985
2,10154,2.381
2,10155,2.223
2,10156,2.890
2,10157,3.517
2,10158,4.562
2,10159,3.627
2,10160,2.701
2,10161,2.639
2,10162,1.942
2,10163,1.871
2,10164,2.657
2,10165,1.963
2,10166,1.681
2,10167,1.979
2,10168,2.999
2,10169,2.173
2,10170,3.701
2,10171,2.516
2,10172,2.430
2,10173,2.738
2,10174,2.832
2,10175,2.160
2,10176,2.086
2,10177,1.982
2,10178,2.246
2,10179,1.914
2,10180,2.278
2,10181,2.798
2,10182,2.334
2,10183,2.247
2,10184,3.578
2,10185,5.660
2,10186,4.012
2,10187,2.232
2,10188,2.299
2,10189,2.143
2,10190,2.540
2,10191,4.905
2,10192,2.752
2,10193,2.481
2,10194,2.335
2,10195,3.115
2,10196,3.258
2,10197,3.145
2,10198,2.044
2,10199,1.628
2,10200,1.677
2,10201,1.856
2,10202,1.895
2,10203,1.776
2,10204,2.205
2,10205,2.297
2,10206,2.487
2,10207,2.574
2,10208,2.322
2,10209,1.869
2,10210,1.949
2,10211,3.150
2,10212,2.497
2,10213,3.098
2,10214,3.877
2,10215,3.227
2,10216,2.430
2,10217,2.553
2,10218,2.614
2,10219,2.531
2,10220,2.912
2,10221,2.995
2,10222,2.554
2,10223,2.690
2,10224,2.728
2,10225,2.578
2,10226,2.658
2,10227,2.059
2,10228,2.358
2,10229,2.900
2,10230,2.272
2,10231,2.332
2,10232,1.915
2,10233,1.592
2,10234,3.067
2,10235,2.923
2,10236,2.045
2,10237,2.247
2,10238,2.275
2,10239,1.707
2,10240,2.208
2,10241,1.956
2,10242,2.795
2,10243,2.657
2,10244,2.297
2,10245,2.068
2,10246,2.561
2,10247,2.386
2,10248,2.022
2,10249,4.294
2,10250,2.439
2,10251,3.053
2,10252,2.283
2,10253,1.884
2,10254,2.241
2,10255,2.870
2,10256,2.889
2,10257,2.647
2,10258,2.550
2,10259,2.740
2,10260,2.834
2,10261,2.799
2,10262,2.712
2,10263,3.329
2,10264,4.177
2,10265,3.318
2,10266,3.039
2,10267,2.443
2,10268,2.493
2,10269,3.031
2,10270,2.093
2,10271,2.606
2,10272,2.600
2,10273,2.519
2,10274,3.164
2,10275,2.446
2,10276,3.145
2,10277,2.859
2,10278,2.419
2,10279,2.742
2,10280,2.283
2,10281,2.250
2,10282,2.548
2,10283,2.904
2,10284,3.001
2,10285,2.992
2,10286,2.322
2,10287,2.824
2,10288,2.222
2,10289,2.529
2,10290,4.574
2,10291,2.970
2,10292,2.448
2,10293,2.328
2,10294,2.950
2,10295,2.387
2,10296,2.457
2,10297,3.355
2,10298,2.468
2,10299,2.579
2,10300,2.485
2,10301,2.473
2,10302,2.699
2,10303,2.841
2,10304,2.675
2,10305,2.527
2,10306,2.183
2,10307,2.566
2,10308,2.620
2,10309,2.492
2,10310,3.933
2,10311,2.361
2,10312,3.322
2,10313,2.579
2,10314,2.726
2,10315,6.412
2,10316,3.936
2,10317,2.579
2,10318,2.917
2,10319,2.328
2,10320,2.491
2,10321,3.550
2,10322,4.074
2,10323,3.595
2,10324,3.170
2,10325,2.945
2,10326,3.163
2,10327,4.298
2,10328,3.767
2,10329,3.153
2,10330,2.960
2,10331,3.378
2,10332,3.028
2,10333,3.325
2,10334,3.707
2,10335,2.925
2,10336,2.472
2,10337,3.341
2,10338,2.734
2,10339,1.939
2,10340,3.101
2,10341,2.764
2,10342,2.137
2,10343,2.686
2,10344,2.451
2,10345,2.633
2,10346,1.917
2,10347,1.681
2,10348,1.749
2,10349,2.286
2,10350,2.825
2,10351,2.449
2,10352,2.456
2,10353,2.622
2,10354,2.019
2,10355,3.065
2,10356,2.613
2,10357,2.811
2,10358,4.606
2,10359,4.318
2,10360,2.763
2,10361,2.564
2,10362,1.968
2,10363,1.967
2,10364,2.039
2,10365,1.800
2,10366,1.885
2,10367,1.601
2,10368,3.264
2,10369,2.178
2,10370,1.666
2,10371,2.060
2,10372,1.855
2,10373,1.932
2,10374,2.063
2,10375,2.417
2,10376,2.654
2,10377,2.581
2,10378,2.641
2,10379,2.277
2,10380,2.502
2,10381,2.525
2,10382,3.578
2,10383,2.797
2,10384,2.149
2,10385,2.203
2,10386,2.125
2,10387,1.724
2,10388,1.681
2,10389,3.730
2,10390,3.236
2,10391,2.889
2,10392,2.780
2,10393,4.113
2,10394,3.309
2,10395,3.990
2,10396,3.187
2,10397,2.605
2,10398,2.435
2,10399,2.811
2,10400,2.935
2,10401,2.395
2,10402,3.146
2,10403,3.149
2,10404,2.644
2,10405,3.830
2,10406,3.038
2,10407,2.851
2,10408,2.498
2,10409,3.410
2,10410,4.623
2,10411,2.991
2,10412,2.986
2,10413,2.841
2,10414,3.808
2,10415,5.725
2,10416,3.971
2,10417,3.149
2,10418,4.067
2,10419,3.315
2,10420,3.243
2,10421,4.786
2,10422,3.395
2,10423,3.274
2,10424,4.309
2,10425,3.270
2,10426,3.656
2,10427,5.511
2,10428,4.859
2,10429,2.931
2,10430,2.990
2,10431,2.954
2,10432,2.609
2,10433,2.686
2,10434,3.898
2,10435,2.552
2,10436,3.895
2,10437,3.051
2,10438,3.019
2,10439,2.870
2,10440,3.841
2,10441,2.828
2,10442,3.692
2,10443,3.071
2,10444,3.362
2,10445,4.740
2,10446,4.033
2,10447,4.184
2,10448,4.131
2,10449,4.973
2,10450,3.116
2,10451,3.717
2,10452,3.086
2,10453,3.691
2,10454,3.590
2,10455,3.130
2,10456,2.854
2,10457,3.154
2,10458,3.022
2,10459,3.026
2,10460,2.994
2,10461,2.502
2,10462,3.447
2,10463,3.021
2,10464,2.895
2,10465,2.716
2,10466,2.782
2,10467,4.006
2,10468,2.518
2,10469,3.310
2,10470,2.562
2,10471,2.517
2,10472,2.731
2,10473,2.437
2,10474,3.611
2,10475,2.670
2,10476,2.567
2,10477,2.788
2,10478,2.659
2,10479,2.551
2,10480,2.797
2,10481,3.568
2,10482,2.953
2,10483,2.905
2,10484,3.491
2,10485,3.067
2,10486,4.101
2,10487,3.247
2,10488,3.206
2,10489,2.818
2,10490,3.798
2,10491,4.100
2,10492,3.675
2,10493,2.446
2,10494,2.605
2,10495,2.979
2,10496,2.892
2,10497,3.131
2,10498,2.295
2,10499,3.107
2,10500,2.802
2,10501,2.922
2,10502,2.592
2,10503,2.405
2,10504,2.985
2,10505,2.770
2,10506,3.392
2,10507,3.927
2,10508,3.064
2,10509,2.782
2,10510,2.420
2,10511,4.442
2,10512,2.622
2,10513,3.075
2,10514,2.736
2,10515,3.063
2,10516,2.546
2,10517,2.922
2,10518,3.600
2,10519,2.901
2,10520,2.804
2,10521,2.218
2,10522,2.097
2,10523,2.680
2,10524,2.098
2,10525,2.173
2,10526,2.689
2,10527,2.334
2,10528,2.650
2,10529,2.819
2,10530,2.584
2,10531,3.511
2,10532,2.384
2,10533,2.958
2,10534,3.225
2,10535,4.418
2,10536,3.725
2,10537,2.624
2,10538,5.314
2,10539,3.348
2,10540,3.121
2,10541,5.010
2,10542,4.067
2,10543,2.969
2,10544,2.837
2,10545,3.255
2,10546,2.920
2,10547,3.714
2,10548,4.294
2,10549,12.537
2,10550,5.303
2,10551,4.114
2,10552,5.196
2,10553,3.142
2,10554,2.510
2,10555,2.616
2,10556,2.818
2,10557,2.358
2,10558,2.309
2,10559,2.114
2,10560,1.793
2,10561,2.521
2,10562,2.955
2,10563,2.203
2,10564,2.972
2,10565,3.207
2,10566,3.028
2,10567,2.861
2,10568,3.303
2,10569,3.829
2,10570,2.225
2,10571,2.463
2,10572,2.348
2,10573,2.311
2,10574,4.483
2,10575,4.018
2,10576,3.961
2,10577,3.378
2,10578,2.733
2,10579,3.380
2,10580,3.408
2,10581,2.759
2,10582,2.776
2,10583,2.165
2,10584,2.516
2,10585,2.615
2,10586,2.365
2,10587,3.034
2,10588,2.606
2,10589,2.505
2,10590,2.858
2,10591,2.877
2,10592,3.371
2,10593,3.902
2,10594,2.994
2,10595,3.265
2,10596,3.097
2,10597,4.629
2,10598,3.967
2,10599,2.462
2,10600,3.226
2,10601,2.685
2,10602,3.451
2,10603,3.325
2,10604,3.269
2,10605,3.159
2,10606,2.813
2,10607,3.004
2,10608,2.245
2,10609,2.712
2,10610,3.621
2,10611,3.319
2,10612,3.094
2,10613,2.347
2,10614,3.085
2,10615,2.471
2,10616,4.830
2,10617,4.166
2,10618,3.611
2,10619,4.741
2,10620,2.882
2,10621,2.294
2,10622,3.660
2,10623,2.435
2,10624,2.412
2,10625,3.095
2,10626,3.152
2,10627,2.731
2,10628,2.684
2,10629,3.112
2,10630,3.206
2,10631,2.929
2,10632,2.998
2,10633,2.884
2,10634,3.407
2,10635,2.326
2,10636,3.596
2,10637,2.178
2,10638,2.360
2,10639,4.055
2,10640,2.624
2,10641,3.521
2,10642,4.064
2,10643,3.156
2,10644,2.809
2,10645,4.791
2,10646,3.605
2,10647,3.241
2,10648,3.507
2,10649,2.705
2,10650,1.828
2,10651,3.120
2,10652,2.589
2,10653,2.237
2,10654,2.734
2,10655,2.665
2,10656,2.464
2,10657,2.963
2,10658,2.219
2,10659,3.760
2,10660,3.142
2,10661,2.666
2,10662,3.183
2,10663,2.784
2,10664,2.581
2,10665,2.286
2,10666,2.336
2,10667,3.652
2,10668,4.951
2,10669,2.584
2,10670,2.245
2,10671,2.346
2,10672,2.102
2,10673,2.544
2,10674,3.519
2,10675,1.993
2,10676,2.030
2,10677,1.973
2,10678,1.918
2,10679,2.279
2,10680,3.088
2,10681,2.501
2,10682,2.467
2,10683,2.243
2,10684,1.933
2,10685,1.937
2,10686,3.997
2,10687,3.146
2,10688,3.028
2,10689,2.195
2,10690,2.094
2,10691,1.916
2,10692,1.698
2,10693,2.252
2,10694,4.351
2,10695,2.810
2,10696,2.563
2,10697,2.238
2,10698,2.213
2,10699,2.934
2,10700,2.483
2,10701,2.449
2,10702,2.696
2,10703,1.990
2,10704,2.660
2,10705,2.869
2,10706,3.454
2,10707,25.538
2,10708,2.811
2,10709,2.887
2,10710,2.221
2,10711,2.716
2,10712,3.135
2,10713,2.398
2,10714,2.570
2,10715,2.635
2,10716,2.622
2,10717,1.980
2,10718,1.597
2,10719,1.996
2,10720,2.815
2,10721,2.405
2,10722,2.223
2,10723,3.361
2,10724,2.472
2,10725,2.491
2,10726,2.290
2,10727,2.657
2,10728,4.184
2,10729,2.831
2,10730,3.214
2,10731,1.945
2,10732,2.582
2,10733,2.684
2,10734,2.286
2,10735,3.822
2,10736,2.929
2,10737,2.946
2,10738,3.007
2,10739,2.414
2,10740,2.473
2,10741,2.413
2,10742,2.569
2,10743,2.569
2,10744,2.609
2,10745,2.924
2,10746,2.437
2,10747,2.174
2,10748,3.471
2,10749,2.539
2,10750,4.230
2,10751,2.889
2,10752,3.608
2,10753,4.080
2,10754,3.280
2,10755,3.020
2,10756,2.691
2,10757,2.409
2,10758,1.995
2,10759,3.482
2,10760,2.556
2,10761,2.671
2,10762,3.005
2,10763,2.127
2,10764,2.345
2,10765,2.398
2,10766,2.160
2,10767,3.992
2,10768,2.595
2,10769,3.176
2,10770,2.591
2,10771,2.611
2,10772,3.455
2,10773,2.445
2,10774,3.074
2,10775,3.500
2,10776,2.328
2,10777,2.301
2,10778,2.091
2,10779,2.094
2,10780,2.356
2,10781,2.159
2,10782,2.487
2,10783,3.208
2,10784,2.658
2,10785,3.300
2,10786,2.909
2,10787,2.575
2,10788,2.341
2,10789,1.762
2,10790,2.864
2,10791,2.782
2,10792,3.023
2,10793,2.792
2,10794,1.922
2,10795,2.285
2,10796,2.956
2,10797,3.047
2,10798,2.810
2,10799,4.080
2,10800,3.424
2,10801,3.949
2,10802,2.959
2,10803,2.192
2,10804,1.863
2,10805,2.101
2,10806,1.932
2,10807,1.892
2,10808,3.859
2,10809,2.581
2,10810,2.319
2,10811,2.655
2,10812,1.998
2,10813,1.776
2,10814,2.068
2,10815,2.737
2,10816,2.481
2,10817,2.431
2,10818,1.934
2,10819,1.760
2,10820,2.728
2,10821,2.439
2,10822,3.300
2,10823,3.431
2,10824,2.223
2,10825,2.365
2,10826,1.948
2,10827,2.121
2,10828,3.471
2,10829,2.972
2,10830,3.283
2,10831,2.482
2,10832,1.907
2,10833,2.475
2,10834,2.479
2,10835,2.201
2,10836,2.955
2,10837,2.509
2,10838,2.092
2,10839,2.526
2,10840,2.506
2,10841,3.029
2,10842,2.440
2,10843,2.082
2,10844,3.034
2,10845,2.393
2,10846,2.543
2,10847,2.897
2,10848,2.393
2,10849,2.621
2,10850,2.449
2,10851,2.187
2,10852,2.719
2,10853,4.003
2,10854,2.891
2,10855,2.599
2,10856,2.411
2,10857,3.060
2,10858,2.499
2,10859,2.496
2,10860,3.618
2,10861,2.831
2,10862,2.698
2,10863,2.916
2,10864,2.542
2,10865,2.608
2,10866,2.751
2,10867,2.617
2,10868,2.443
2,10869,3.027
2,10870,3.024
2,10871,2.644
2,10872,3.581
2,10873,2.629
2,10874,3.513
2,10875,2.890
2,10876,3.941
2,10877,4.328
2,10878,3.374
2,10879,3.052
2,10880,3.279
2,10881,3.732
2,10882,4.109
2,10883,3.523
2,10884,3.043
2,10885,2.777
2,10886,2.984
2,10887,2.650
2,10888,2.545
2,10889,2.733
2,10890,2.502
2,10891,2.965
2,10892,2.724
2,10893,3.951
2,10894,3.588
2,10895,2.815
2,10896,4.639
2,10897,3.171
2,10898,4.006
2,10899,4.255
2,10900,2.364
2,10901,2.848
2,10902,3.800
2,10903,2.964
2,10904,2.893
2,10905,2.411
2,10906,2.764
2,10907,2.812
2,10908,2.941
2,10909,3.185
2,10910,2.493
2,10911,2.716
2,10912,2.372
2,10913,2.534
2,10914,3.872
2,10915,3.479
2,10916,3.076
2,10917,2.442
2,10918,3.063
2,10919,3.617
2,10920,3.470
2,10921,2.725
3,1,2.749
3,2,2.705
3,3,2.813
3,4,3.291
3,5,3.492
3,6,3.374
3,7,2.603
3,8,2.997
3,9,2.671
3,10,3.033
3,11,2.854
3,12,2.797
3,13,2.662
3,14,2.736
3,15,2.740
3,16,3.467
3,17,2.325
3,18,3.119
3,19,2.594
3,20,3.120
3,21,3.469
3,22,4.566
3,23,3.027
3,24,2.322
3,25,3.623
3,26,3.160
3,27,4.047
3,28,3.051
3,29,3.692
3,30,2.654
3,31,2.679
3,32,2.463
3,33,2.422
3,34,2.670
3,35,2.845
3,36,3.325
3,37,3.093
3,38,2.588
3,39,3.112
3,40,2.598
3,41,3.164
3,42,3.386
3,43,3.193
3,44,2.132
3,45,1.839
3,46,2.395
3,47,1.957
3,48,1.667
3,49,2.049
3,50,3.514
3,51,2.166
3,52,2.485
3,53,2.754
3,54,2.749
3,55,2.767
3,56,2.423
3,57,2.735
3,58,2.590
3,59,3.313
3,60,2.767
3,61,2.325
3,62,2.532
3,63,2.582
3,64,4.363
3,65,2.970
3,66,3.240
3,67,3.923
3,68,2.592
3,69,3.415
3,70,2.502
3,71,2.716
3,72,2.239
3,73,1.699
3,74,2.164
3,75,3.861
3,76,3.052
3,77,2.274
3,78,2.038
3,79,2.699
3,80,2.616
3,81,2.275
3,82,2.239
3,83,2.808
3,84,2.116
3,85,1.970
3,86,1.939
3,87,1.944
3,88,2.841
3,89,3.470
3,90,3.304
3,91,3.491
3,92,3.571
3,93,3.230
3,94,2.292
3,95,2.357
3,96,2.728
3,97,1.932
3,98,2.570
3,99,3.669
3,100,2.814
3,101,2.645
3,102,2.487
3,103,2.725
3,104,2.487
3,105,3.382
3,106,3.502
3,107,3.511
3,108,3.004
3,109,2.780
3,110,4.571
3,111,3.227
3,112,2.928
3,113,2.297
3,114,2.740
3,115,5.191
3,116,3.277
3,117,2.903
3,118,2.944
3,119,2.461
3,120,4.382
3,121,2.914
3,122,3.031
3,123,2.867
3,124,2.616
3,125,3.211
3,126,3.174
3,127,2.839
3,128,3.104
3,129,3.192
3,130,3.243
3,131,3.221
3,132,3.761
3,133,2.884
3,134,3.667
3,135,4.438
3,136,2.887
3,137,2.971
3,138,2.719
3,139,2.682
3,140,3.079
3,141,2.710
3,142,2.806
3,143,4.004
3,144,2.673
3,145,2.850
3,146,2.804
3,147,3.132
3,148,2.790
3,149,3.147
3,150,3.015
3,151,2.835
3,152,3.143
3,153,3.188
3,154,3.350
3,155,3.229
3,156,5.698
3,157,5.062
3,158,3.361
3,159,3.485
3,160,3.109
3,161,3.805
3,162,3.345
3,163,3.625
3,164,2.938
3,165,2.438
3,166,2.516
3,167,2.765
3,168,3.012
3,169,2.727
3,170,3.129
3,171,3.150
3,172,3.182
3,173,3.051
3,174,2.978
3,175,3.062
3,176,2.263
3,177,3.494
3,178,4.348
3,179,3.399
3,180,3.097
3,181,4.534
3,182,3.460
3,183,4.248
3,184,3.840
3,185,3.462
3,186,3.252
3,187,3.360
3,188,3.143
3,189,3.097
3,190,2.555
3,191,3.167
3,192,2.880
3,193,4.375
3,194,3.160
3,195,3.470
3,196,5.286
3,197,3.671
3,198,3.595
3,199,3.301
3,200,2.809
3,201,3.578
3,202,3.910
3,203,3.548
3,204,2.886
3,205,3.023
3,206,2.809
3,207,3.560
3,208,2.842
3,209,3.301
3,210,2.812
3,211,2.894
3,212,4.550
3,213,3.978
3,214,3.324
3,215,3.347
3,216,4.418
3,217,3.699
3,218,3.136
3,219,3.435
3,220,3.053
3,221,4.233
3,222,2.942
3,223,3.280
3,224,3.085
3,225,3.628
3,226,3.177
3,227,3.480
3,228,3.149
3,229,4.094
3,230,3.400
3,231,4.307
3,232,3.141
3,233,3.108
3,234,5.009
3,235,3.532
3,236,2.569
3,237,3.531
3,238,2.994
3,239,2.864
3,240,2.655
3,241,3.754
3,242,4.015
3,243,3.526
3,244,2.933
3,245,3.197
3,246,3.674
3,247,3.057
3,248,3.541
3,249,4.394
3,250,4.268
3,251,3.926
3,252,3.304
3,253,4.030
3,254,2.799
3,255,3.437
3,256,3.106
3,257,2.901
3,258,2.656
3,259,2.833
3,260,3.595
3,261,2.998
3,262,3.294
3,263,2.397
3,264,5.239
3,265,3.203
3,266,2.889
3,267,4.175
3,268,3.621
3,269,3.253
3,270,3.975
3,271,3.597
3,272,3.285
3,273,2.910
3,274,4.497
3,275,3.396
3,276,3.155
3,277,3.926
3,278,3.223
3,279,3.024
3,280,3.659
3,281,3.207
3,282,3.221
3,283,2.783
3,284,3.644
3,285,3.328
3,286,3.039
3,287,2.518
3,288,3.047
3,289,2.781
3,290,3.570
3,291,3.673
3,292,3.288
3,293,4.305
3,294,3.423
3,295,3.339
3,296,2.976
3,297,2.858
3,298,2.837
3,299,4.309
3,300,3.722
3,301,4.526
3,302,3.863
3,303,4.095
3,304,3.904
3,305,4.251
3,306,3.422
3,307,3.807
3,308,4.295
3,309,3.605
3,310,4.300
3,311,5.695
3,312,3.667
3,313,2.604
3,314,2.834
3,315,3.146
3,316,3.234
3,317,5.040
3,318,3.172
3,319,2.700
3,320,2.576
3,321,2.786
3,322,2.715
3,323,2.582
3,324,2.727
3,325,2.848
3,326,3.309
3,327,3.194
3,328,3.449
3,329,2.971
3,330,3.341
3,331,4.287
3,332,3.386
3,333,2.765
3,334,2.935
3,335,2.983
3,336,2.558
3,337,2.800
3,338,2.926
3,339,3.087
3,340,3.701
3,341,3.211
3,342,3.288
3,343,2.913
3,344,3.213
3,345,2.410
3,346,3.603
3,347,3.420
3,348,3.313
3,349,3.666
3,350,4.009
3,351,3.051
3,352,3.315
3,353,4.473
3,354,3.649
3,355,3.750
3,356,3.033
3,357,2.638
3,358,3.955
3,359,3.367
3,360,4.726
3,361,3.075
3,362,2.527
3,363,2.493
3,364,3.263
3,365,3.062
3,366,3.028
3,367,2.854
3,368,2.884
3,369,3.984
3,370,3.446
3,371,3.091
3,372,2.860
3,373,3.467
3,374,4.149
3,375,3.304
3,376,2.662
3,377,3.147
3,378,3.128
3,379,2.741
3,380,4.482
3,381,3.587
3,382,2.757
3,383,3.322
3,384,3.107
3,385,3.067
3,386,3.036
3,387,2.653
3,388,2.994
3,389,3.052
3,390,3.178
3,391,3.054
3,392,4.449
3,393,4.107
3,394,5.157
3,395,6.345
3,396,2.850
3,397,3.242
3,398,5.217
3,399,5.369
3,400,4.257
3,401,4.261
3,402,3.342
3,403,3.153
3,404,2.941
3,405,2.470
3,406,3.428
3,407,3.082
3,408,3.630
3,409,2.674
3,410,3.320
3,411,4.169
3,412,3.323
3,413,3.275
3,414,3.088
3,415,2.848
3,416,2.824
3,417,3.893
3,418,2.633
3,419,3.156
3,420,2.831
3,421,2.993
3,422,3.021
3,423,3.222
3,424,2.837
3,425,3.438
3,426,3.238
3,427,2.440
3,428,3.113
3,429,3.018
3,430,2.724
3,431,4.299
3,432,2.597
3,433,3.042
3,434,2.325
3,435,2.717
3,436,2.665
3,437,3.338
3,438,2.659
3,439,2.320
3,440,3.791
3,441,2.951
3,442,2.948
3,443,2.909
3,444,2.481
3,445,2.889
3,446,2.387
3,447,3.060
3,448,2.408
3,449,1.942
3,450,3.450
3,451,2.543
3,452,3.346
3,453,2.538
3,454,2.086
3,455,3.127
3,456,3.953
3,457,2.864
3,458,2.405
3,459,2.012
3,460,2.050
3,461,2.111
3,462,1.679
3,463,3.508
3,464,2.869
3,465,2.235
3,466,2.610
3,467,2.010
3,468,1.697
3,469,2.027
3,470,2.628
3,471,2.412
3,472,2.340
3,473,1.795
3,474,2.086
3,475,2.647
3,476,2.199
3,477,1.838
3,478,3.104
3,479,3.721
3,480,3.920
3,481,1.963
3,482,1.608
3,483,2.563
3,484,4.391
3,485,2.858
3,486,2.371
3,487,1.988
3,488,1.987
3,489,2.134
3,490,2.361
3,491,2.945
3,492,2.684
3,493,2.525
3,494,2.507
3,495,2.081
3,496,2.318
3,497,2.872
3,498,2.473
3,499,2.462
3,500,2.315
3,501,1.760
3,502,1.725
3,503,2.177
3,504,2.372
3,505,2.249
3,506,3.266
3,507,2.383
3,508,2.504
3,509,3.177
3,510,3.714
3,511,2.517
3,512,1.963
3,513,2.305
3,514,2.280
3,515,1.935
3,516,2.796
3,517,3.402
3,518,2.548
3,519,3.426
3,520,2.059
3,521,1.860
3,522,2.211
3,523,2.200
3,524,1.854
3,525,2.670
3,526,2.009
3,527,2.318
3,528,2.866
3,529,2.427
3,530,2.597
3,531,3.008
3,532,2.199
3,533,2.474
3,534,2.548
3,535,2.165
3,536,2.828
3,537,3.779
3,538,2.866
3,539,2.365
3,540,1.839
3,541,2.390
3,542,2.248
3,543,2.361
3,544,2.410
3,545,3.191
3,546,2.300
3,547,2.725
3,548,3.000
3,549,2.360
3,550,2.040
3,551,2.078
3,552,2.086
3,553,1.847
3,554,1.637
3,555,2.277
3,556,2.865
3,557,1.868
3,558,1.679
3,559,2.995
3,560,2.632
3,561,1.878
3,562,2.898
3,563,4.230
3,564,3.294
3,565,2.526
3,566,2.116
3,567,2.832
3,568,2.645
3,569,2.786
3,570,2.305
3,571,2.089
3,572,3.255
3,573,2.503
3,574,2.788
3,575,2.861
3,576,2.695
3,577,2.504
3,578,2.521
3,579,3.134
3,580,2.813
3,581,2.084
3,582,2.833
3,583,3.160
3,584,2.855
3,585,3.356
3,586,4.092
3,587,3.810
3,588,3.311
3,589,2.633
3,590,2.087
3,591,2.239
3,592,2.264
3,593,2.025
3,594,2.154
3,595,3.373
3,596,2.604
3,597,2.470
3,598,1.883
3,599,1.584
3,600,2.068
3,601,2.136
3,602,1.770
3,603,2.408
3,604,2.897
3,605,2.605
3,606,2.634
3,607,2.402
3,608,1.738
3,609,1.814
3,610,3.284
3,611,2.642
3,612,2.425
3,613,1.956
3,614,1.923
3,615,2.066
3,616,3.200
3,617,2.245
3,618,2.895
3,619,2.822
3,620,1.857
3,621,2.232
3,622,2.135
3,623,1.840
3,624,3.545
3,625,2.099
3,626,2.061
3,627,2.538
3,628,1.824
3,629,1.622
3,630,1.804
3,631,2.240
3,632,2.269
3,633,1.995
3,634,2.008
3,635,1.712
3,636,2.315
3,637,2.381
3,638,1.977
3,639,2.346
3,640,3.169
3,641,2.381
3,642,1.902
3,643,2.778
3,644,3.578
3,645,3.094
3,646,2.336
3,647,1.683
3,648,2.185
3,649,2.421
3,650,1.918
3,651,3.139
3,652,2.599
3,653,1.852
3,654,2.012
3,655,1.852
3,656,1.840
3,657,1.894
3,658,2.075
3,659,3.165
3,660,2.232
3,661,2.001
3,662,1.977
3,663,1.664
3,664,2.077
3,665,1.794
3,666,2.128
3,667,3.206
3,668,2.652
3,669,1.674
3,670,1.845
3,671,2.105
3,672,1.819
3,673,2.044
3,674,3.541
3,675,2.656
3,676,2.490
3,677,2.006
3,678,1.760
3,679,2.301
3,680,2.593
3,681,1.763
3,682,1.850
3,683,3.205
3,684,2.124
3,685,2.088
3,686,2.639
3,687,2.602
3,688,2.412
3,689,2.110
3,690,3.332
3,691,2.419
3,692,2.499
3,693,2.838
3,694,2.473
3,695,2.149
3,696,2.680
3,697,2.918
3,698,4.550
3,699,3.880
3,700,2.277
3,701,2.741
3,702,2.218
3,703,3.247
3,704,2.424
3,705,2.025
3,706,2.009
3,707,1.973
3,708,1.741
3,709,2.069
3,710,2.711
3,711,2.632
3,712,2.442
3,713,1.997
3,714,1.629
3,715,1.564
3,716,1.868
3,717,1.969
3,718,1.595
3,719,2.032
3,720,2.658
3,721,2.231
3,722,1.849
3,723,2.462
3,724,2.404
3,725,2.057
3,726,2.653
3,727,2.203
3,728,2.039
3,729,2.833
3,730,3.170
3,731,2.397
3,732,2.398
3,733,2.093
3,734,2.223
3,735,2.603
3,736,1.692
3,737,1.655
3,738,2.820
3,739,2.988
3,740,1.967
3,741,2.111
3,742,1.904
3,743,2.391
3,744,2.401
3,745,2.183
3,746,3.142
3,747,2.498
3,748,1.853
3,749,2.012
3,750,2.434
3,751,2.285
3,752,2.165
3,753,3.929
3,754,2.197
3,755,2.812
3,756,2.300
3,757,2.207
3,758,3.042
3,759,3.601
3,760,2.555
3,761,2.058
3,762,1.687
3,763,1.995
3,764,2.032
3,765,2.425
3,766,2.093
3,767,3.165
3,768,2.092
3,769,1.953
3,770,2.000
3,771,2.007
3,772,2.313
3,773,2.819
3,774,2.017
3,775,1.672
3,776,1.893
3,777,2.032
3,778,1.740
3,779,2.108
3,780,2.136
3,781,1.770
3,782,2.056
3,783,2.684
3,784,2.021
3,785,1.799
3,786,2.299
3,787,2.406
3,788,1.720
3,789,1.690
3,790,2.279
3,791,1.867
3,792,1.867
3,793,2.039
3,794,2.756
3,795,2.479
3,796,4.064
3,797,3.127
3,798,2.175
3,799,2.137
3,800,2.572
3,801,2.445
3,802,2.250
3,803,2.365
3,804,3.024
3,805,2.299
3,806,3.379
3,807,2.697
3,808,2.522
3,809,2.633
3,810,2.475
3,811,4.310
3,812,2.356
3,813,2.043
3,814,2.345
3,815,2.321
3,816,3.031
3,817,3.866
3,818,3.265
3,819,2.620
3,820,2.261
3,821,3.140
3,822,2.720
3,823,3.638
3,824,3.566
3,825,2.699
3,826,2.541
3,827,2.007
3,828,3.300
3,829,3.388
3,830,4.026
3,831,2.804
3,832,2.775
3,833,3.575
3,834,3.061
3,835,2.928
3,836,2.737
3,837,2.420
3,838,2.738
3,839,2.853
3,840,4.376
3,841,2.489
3,842,2.991
3,843,2.045
3,844,2.667
3,845,3.368
3,846,2.075
3,847,2.316
3,848,2.277
3,849,2.481
3,850,2.525
3,851,2.518
3,852,1.855
3,853,3.398
3,854,2.836
3,855,3.628
3,856,4.095
3,857,3.353
3,858,3.025
3,859,3.199
3,860,2.793
3,861,3.390
3,862,3.277
3,863,2.910
3,864,4.136
3,865,2.979
3,866,3.518
3,867,3.694
3,868,2.792
3,869,2.084
3,870,2.235
3,871,2.534
3,872,2.268
3,873,2.425
3,874,2.619
3,875,2.176
3,876,2.451
3,877,2.219
3,878,2.135
3,879,3.164
3,880,2.664
3,881,2.879
3,882,2.522
3,883,1.942
3,884,2.907
3,885,2.340
3,886,2.291
3,887,2.603
3,888,4.276
3,889,2.620
3,890,2.879
3,891,2.561
3,892,3.459
3,893,2.460
3,894,3.135
3,895,2.634
3,896,2.487
3,897,2.408
3,898,2.179
3,899,2.491
3,900,2.688
3,901,3.129
3,902,3.103
3,903,2.400
3,904,3.013
3,905,2.916
3,906,2.322
3,907,3.698
3,908,4.064
3,909,3.244
3,910,2.253
3,911,2.961
3,912,4.463
3,913,4.037
3,914,2.455
3,915,2.727
3,916,2.564
3,917,2.565
3,918,2.485
3,919,2.611
3,920,2.198
3,921,2.428
3,922,2.116
3,923,2.294
3,924,3.157
3,925,3.175
3,926,3.754
3,927,2.772
3,928,3.193
3,929,2.725
3,930,2.656
3,931,2.530
3,932,3.016
3,933,3.133
3,934,3.995
3,935,2.999
3,936,2.533
3,937,2.691
3,938,3.940
3,939,2.794
3,940,2.867
3,941,2.382
3,942,2.646
3,943,2.366
3,944,3.728
3,945,3.225
3,946,2.782
3,947,3.051
3,948,2.490
3,949,2.825
3,950,3.954
3,951,2.956
3,952,2.519
3,953,2.250
3,954,2.615
3,955,2.578
3,956,2.831
3,957,4.645
3,958,2.430
3,959,2.330
3,960,2.085
3,961,2.095
3,962,3.692
3,963,2.474
3,964,2.291
3,965,2.255
3,966,2.024
3,967,1.972
3,968,2.625
3,969,2.571
3,970,2.589
3,971,2.702
3,972,2.380
3,973,3.282
3,974,2.804
3,975,2.255
3,976,2.532
3,977,2.250
3,978,2.228
3,979,1.755
3,980,1.484
3,981,1.459
3,982,2.024
3,983,1.885
3,984,1.556
3,985,1.497
3,986,1.918
3,987,3.556
3,988,2.269
3,989,3.511
3,990,2.933
3,991,2.418
3,992,2.160
3,993,1.692
3,994,1.555
3,995,1.766
3,996,2.191
3,997,1.814
3,998,2.286
3,999,1.944
3,1000,1.745
3,1001,2.109
3,1002,2.314
3,1003,1.857
3,1004,1.901
3,1005,2.997
3,1006,2.550
3,1007,1.719
3,1008,2.008
3,1009,2.433
3,1010,3.913
3,1011,2.158
3,1012,2.278
3,1013,1.874
3,1014,3.339
3,1015,2.771
3,1016,2.086
3,1017,2.887
3,1018,2.612
3,1019,3.741
3,1020,1.955
3,1021,2.088
3,1022,2.244
3,1023,2.007
3,1024,1.969
3,1025,2.155
3,1026,2.368
3,1027,2.918
3,1028,2.308
3,1029,1.910
3,1030,2.300
3,1031,2.248
3,1032,1.686
3,1033,1.555
3,1034,1.697
3,1035,2.758
3,1036,2.307
3,1037,1.957
3,1038,2.311
3,1039,2.247
3,1040,2.512
3,1041,2.541
3,1042,2.101
3,1043,1.997
3,1044,3.974
3,1045,3.566
3,1046,3.538
3,1047,2.376
3,1048,2.527
3,1049,2.297
3,1050,2.853
3,1051,2.544
3,1052,2.114
3,1053,1.883
3,1054,2.239
3,1055,2.111
3,1056,1.964
3,1057,2.831
3,1058,2.557
3,1059,2.296
3,1060,2.971
3,1061,2.456
3,1062,2.187
3,1063,2.949
3,1064,3.112
3,1065,2.804
3,1066,2.014
3,1067,1.850
3,1068,2.379
3,1069,2.268
3,1070,2.166
3,1071,3.429
3,1072,3.429
3,1073,2.993
3,1074,2.881
3,1075,3.353
3,1076,2.597
3,1077,1.702
3,1078,2.277
3,1079,2.002
3,1080,1.899
3,1081,1.494
3,1082,2.095
3,1083,2.285
3,1084,1.914
3,1085,1.856
3,1086,2.019
3,1087,2.285
3,1088,1.939
3,1089,2.994
3,1090,2.102
3,1091,1.932
3,1092,2.125
3,1093,2.141
3,1094,1.628
3,1095,2.454
3,1096,1.862
3,1097,2.940
3,1098,3.333
3,1099,2.705
3,1100,1.767
3,1101,2.340
3,1102,2.403
3,1103,2.262
3,1104,2.847
3,1105,2.194
3,1106,2.060
3,1107,2.111
3,1108,1.741
3,1109,1.493
3,1110,2.296
3,1111,2.216
3,1112,1.577
3,1113,1.479
3,1114,2.353
3,1115,2.213
3,1116,2.107
3,1117,2.740
3,1118,3.036
3,1119,2.297
3,1120,2.476
3,1121,2.024
3,1122,2.058
3,1123,2.436
3,1124,3.801
3,1125,3.159
3,1126,1.805
3,1127,1.639
3,1128,2.324
3,1129,3.115
3,1130,1.675
3,1131,2.948
3,1132,2.831
3,1133,1.916
3,1134,2.196
3,1135,1.823
3,1136,1.698
3,1137,1.965
3,1138,1.824
3,1139,2.320
3,1140,1.883
3,1141,2.442
3,1142,2.216
3,1143,1.812
3,1144,2.041
3,1145,1.914
3,1146,1.879
3,1147,3.633
3,1148,2.294
3,1149,2.274
3,1150,2.522
3,1151,2.075
3,1152,1.572
3,1153,1.584
3,1154,2.008
3,1155,1.813
3,1156,1.786
3,1157,1.919
3,1158,3.610
3,1159,1.877
3,1160,2.565
3,1161,2.485
3,1162,1.996
3,1163,2.967
3,1164,2.381
3,1165,2.347
3,1166,2.098
3,1167,1.712
3,1168,2.712
3,1169,2.273
3,1170,2.242
3,1171,2.080
3,1172,2.429
3,1173,2.693
3,1174,2.065
3,1175,3.058
3,1176,2.169
3,1177,2.492
3,1178,2.947
3,1179,2.315
3,1180,2.897
3,1181,2.462
3,1182,1.983
3,1183,2.089
3,1184,2.145
3,1185,2.062
3,1186,2.401
3,1187,3.342
3,1188,4.992
3,1189,3.027
3,1190,2.151
3,1191,2.328
3,1192,2.221
3,1193,2.585
3,1194,2.783
3,1195,1.995
3,1196,2.370
3,1197,2.254
3,1198,1.949
3,1199,2.261
3,1200,2.660
3,1201,2.363
3,1202,2.735
3,1203,2.800
3,1204,2.026
3,1205,2.405
3,1206,2.347
3,1207,2.156
3,1208,2.046
3,1209,1.994
3,1210,2.701
3,1211,1.790
3,1212,1.617
3,1213,1.459
3,1214,1.692
3,1215,2.580
3,1216,2.964
3,1217,1.630
3,1218,1.838
3,1219,3.473
3,1220,1.707
3,1221,2.284
3,1222,2.623
3,1223,1.967
3,1224,2.203
3,1225,1.972
3,1226,1.699
3,1227,2.634
3,1228,2.060
3,1229,2.520
3,1230,2.792
3,1231,2.196
3,1232,2.042
3,1233,2.370
3,1234,2.957
3,1235,2.052
3,1236,2.410
3,1237,2.486
3,1238,1.887
3,1239,1.791
3,1240,2.168
3,1241,3.695
3,1242,4.525
3,1243,2.375
3,1244,2.284
3,1245,1.913
3,1246,1.734
3,1247,1.695
3,1248,3.200
3,1249,2.530
3,1250,2.290
3,1251,2.394
3,1252,2.120
3,1253,1.873
3,1254,4.225
3,1255,2.549
3,1256,2.429
3,1257,1.716
3,1258,1.521
3,1259,1.812
3,1260,2.419
3,1261,1.929
3,1262,1.614
3,1263,2.163
3,1264,1.925
3,1265,2.012
3,1266,1.959
3,1267,1.913
3,1268,1.739
3,1269,1.657
3,1270,1.791
3,1271,2.149
3,1272,1.872
3,1273,1.836
3,1274,3.207
3,1275,2.853
3,1276,2.418
3,1277,3.301
3,1278,1.819
3,1279,2.052
3,1280,2.055
3,1281,2.017
3,1282,1.768
3,1283,1.689
3,1284,1.527
3,1285,1.517
3,1286,2.521
3,1287,2.413
3,1288,2.209
3,1289,2.496
3,1290,2.913
3,1291,2.234
3,1292,3.399
3,1293,2.899
3,1294,2.754
3,1295,2.446
3,1296,2.044
3,1297,2.647
3,1298,2.279
3,1299,2.642
3,1300,3.007
3,1301,3.150
3,1302,1.935
3,1303,2.079
3,1304,1.898
3,1305,1.805
3,1306,3.039
3,1307,1.997
3,1308,1.626
3,1309,1.930
3,1310,2.086
3,1311,1.901
3,1312,1.520
3,1313,2.601
3,1314,1.998
3,1315,1.957
3,1316,2.039
3,1317,1.737
3,1318,1.540
3,1319,1.401
3,1320,1.598
3,1321,1.719
3,1322,2.435
3,1323,3.040
3,1324,2.784
3,1325,2.164
3,1326,2.304
3,1327,2.031
3,1328,1.753
3,1329,2.382
3,1330,2.328
3,1331,2.375
3,1332,1.828
3,1333,3.650
3,1334,2.795
3,1335,3.816
3,1336,2.319
3,1337,3.080
3,1338,2.554
3,1339,1.862
3,1340,2.254
3,1341,2.443
3,1342,1.772
3,1343,2.242
3,1344,1.901
3,1345,2.256
3,1346,2.152
3,1347,2.435
3,1348,2.069
3,1349,1.810
3,1350,2.744
3,1351,2.433
3,1352,2.135
3,1353,2.866
3,1354,4.178
3,1355,2.742
3,1356,1.984
3,1357,1.696
3,1358,1.897
3,1359,1.963
3,1360,1.981
3,1361,2.125
3,1362,3.141
3,1363,2.006
3,1364,2.908
3,1365,3.065
3,1366,2.010
3,1367,2.895
3,1368,2.040
3,1369,1.696
3,1370,1.689
3,1371,1.575
3,1372,1.693
3,1373,1.646
3,1374,1.764
3,1375,1.613
3,1376,1.869
3,1377,2.024
3,1378,2.031
3,1379,1.807
3,1380,1.701
3,1381,1.840
3,1382,2.545
3,1383,1.979
3,1384,1.710
3,1385,2.682
3,1386,2.316
3,1387,1.584
3,1388,1.846
3,1389,2.120
3,1390,1.594
3,1391,1.383
3,1392,1.662
3,1393,3.796
3,1394,2.039
3,1395,2.431
3,1396,1.695
3,1397,2.079
3,1398,2.608
3,1399,2.749
3,1400,2.230
3,1401,2.543
3,1402,2.173
3,1403,2.352
3,1404,2.301
3,1405,2.005
3,1406,2.233
3,1407,2.679
3,1408,2.535
3,1409,2.248
3,1410,3.056
3,1411,2.630
3,1412,2.397
3,1413,2.756
3,1414,2.209
3,1415,2.158
3,1416,2.386
3,1417,2.135
3,1418,2.695
3,1419,2.716
3,1420,2.194
3,1421,2.506
3,1422,3.943
3,1423,3.104
3,1424,3.065
3,1425,2.777
3,1426,2.508
3,1427,1.999
3,1428,2.100
3,1429,2.300
3,1430,2.101
3,1431,2.802
3,1432,2.618
3,1433,2.653
3,1434,2.489
3,1435,2.286
3,1436,2.086
3,1437,2.743
3,1438,3.699
3,1439,2.354
3,1440,2.969
3,1441,2.271
3,1442,2.456
3,1443,2.264
3,1444,2.524
3,1445,3.041
3,1446,3.389
3,1447,2.511
3,1448,2.714
3,1449,2.658
3,1450,4.105
3,1451,2.429
3,1452,2.776
3,1453,2.676
3,1454,2.511
3,1455,2.897
3,1456,2.511
3,1457,2.619
3,1458,2.620
3,1459,2.538
3,1460,3.372
3,1461,2.487
3,1462,3.215
3,1463,2.788
3,1464,4.215
3,1465,2.625
3,1466,2.898
3,1467,2.942
3,1468,2.386
3,1469,2.847
3,1470,3.618
3,1471,3.071
3,1472,3.457
3,1473,2.347
3,1474,2.541
3,1475,2.254
3,1476,2.137
3,1477,3.229
3,1478,2.540
3,1479,2.998
3,1480,2.680
3,1481,2.640
3,1482,2.749
3,1483,2.818
3,1484,2.882
3,1485,3.575
3,1486,2.418
3,1487,2.647
3,1488,2.276
3,1489,2.806
3,1490,2.555
3,1491,2.488
3,1492,3.077
3,1493,2.469
3,1494,3.366
3,1495,3.883
3,1496,2.487
3,1497,3.896
3,1498,3.042
3,1499,2.951
3,1500,2.835
3,1501,2.769
3,1502,2.559
3,1503,2.198
3,1504,2.428
3,1505,3.015
3,1506,2.890
3,1507,2.363
3,1508,2.040
3,1509,2.797
3,1510,2.989
3,1511,2.874
3,1512,2.774
3,1513,1.838
3,1514,2.060
3,1515,2.508
3,1516,2.073
3,1517,2.777
3,1518,3.819
3,1519,3.006
3,1520,3.130
3,1521,2.937
3,1522,3.568
3,1523,2.719
3,1524,2.700
3,1525,2.581
3,1526,2.461
3,1527,2.518
3,1528,2.652
3,1529,2.700
3,1530,2.421
3,1531,2.175
3,1532,2.744
3,1533,2.444
3,1534,2.197
3,1535,2.978
3,1536,2.602
3,1537,1.861
3,1538,1.976
3,1539,2.331
3,1540,1.877
3,1541,2.322
3,1542,2.283
3,1543,2.110
3,1544,2.442
3,1545,3.244
3,1546,1.609
3,1547,3.169
3,1548,2.403
3,1549,2.312
3,1550,2.409
3,1551,1.994
3,1552,1.950
3,1553,2.160
3,1554,1.895
3,1555,2.182
3,1556,2.242
3,1557,2.378
3,1558,2.009
3,1559,2.351
3,1560,2.205
3,1561,1.977
3,1562,2.070
3,1563,3.727
3,1564,2.194
3,1565,2.607
3,1566,2.383
3,1567,2.309
3,1568,2.943
3,1569,4.863
3,1570,4.534
3,1571,2.824
3,1572,2.870
3,1573,2.759
3,1574,4.239
3,1575,3.313
3,1576,2.755
3,1577,2.487
3,1578,3.635
3,1579,2.888
3,1580,2.966
3,1581,3.812
3,1582,2.486
3,1583,2.753
3,1584,2.765
3,1585,3.270
3,1586,3.253
3,1587,3.069
3,1588,2.776
3,1589,2.130
3,1590,2.892
3,1591,2.411
3,1592,2.412
3,1593,4.000
3,1594,3.841
3,1595,4.762
3,1596,2.726
3,1597,3.049
3,1598,3.532
3,1599,2.852
3,1600,2.670
3,1601,2.593
3,1602,1.996
3,1603,2.502
3,1604,2.961
3,1605,2.217
3,1606,2.495
3,1607,2.844
3,1608,2.036
3,1609,2.594
3,1610,3.496
3,1611,2.202
3,1612,2.247
3,1613,2.399
3,1614,2.394
3,1615,2.469
3,1616,2.451
3,1617,2.555
3,1618,2.435
3,1619,3.884
3,1620,3.817
3,1621,2.790
3,1622,2.803
3,1623,2.189
3,1624,2.021
3,1625,2.090
3,1626,2.016
3,1627,3.197
3,1628,2.624
3,1629,2.067
3,1630,1.764
3,1631,2.021
3,1632,2.135
3,1633,2.081
3,1634,3.438
3,1635,2.545
3,1636,2.403
3,1637,2.370
3,1638,1.826
3,1639,1.604
3,1640,1.769
3,1641,2.084
3,1642,1.908
3,1643,1.598
3,1644,2.028
3,1645,1.625
3,1646,1.577
3,1647,1.753
3,1648,1.818
3,1649,1.542
3,1650,2.656
3,1651,3.180
3,1652,2.177
3,1653,2.422
3,1654,1.964
3,1655,1.653
3,1656,1.772
3,1657,2.173
3,1658,2.194
3,1659,1.778
3,1660,1.593
3,1661,2.135
3,1662,2.765
3,1663,1.794
3,1664,2.209
3,1665,2.266
3,1666,2.280
3,1667,3.079
3,1668,2.596
3,1669,3.234
3,1670,2.501
3,1671,2.215
3,1672,1.880
3,1673,1.973
3,1674,1.892
3,1675,1.906
3,1676,2.205
3,1677,2.611
3,1678,1.955
3,1679,2.694
3,1680,2.521
3,1681,1.591
3,1682,1.655
3,1683,2.062
3,1684,2.068
3,1685,2.382
3,1686,2.243
3,1687,1.796
3,1688,1.672
3,1689,1.835
3,1690,1.667
3,1691,1.460
3,1692,1.429
3,1693,1.560
3,1694,2.061
3,1695,2.548
3,1696,2.475
3,1697,2.709
3,1698,2.522
3,1699,2.650
3,1700,4.339
3,1701,3.409
3,1702,2.336
3,1703,2.144
3,1704,2.484
3,1705,2.106
3,1706,2.431
3,1707,2.453
3,1708,2.267
3,1709,1.826
3,1710,2.357
3,1711,3.051
3,1712,1.905
3,1713,3.105
3,1714,2.222
3,1715,1.874
3,1716,1.797
3,1717,1.787
3,1718,1.697
3,1719,1.889
3,1720,1.913
3,1721,2.811
3,1722,1.822
3,1723,2.014
3,1724,2.464
3,1725,2.109
3,1726,2.088
3,1727,2.930
3,1728,2.318
3,1729,4.297
3,1730,3.160
3,1731,3.427
3,1732,2.768
3,1733,2.435
3,1734,2.448
3,1735,2.137
3,1736,3.758
3,1737,2.900
3,1738,3.085
3,1739,2.499
3,1740,1.900
3,1741,2.096
3,1742,2.145
3,1743,2.006
3,1744,2.902
3,1745,2.912
3,1746,2.722
3,1747,2.769
3,1748,2.176
3,1749,2.749
3,1750,3.207
3,1751,2.612
3,1752,4.930
3,1753,2.575
3,1754,2.735
3,1755,2.456
3,1756,2.720
3,1757,2.666
3,1758,2.719
3,1759,2.079
3,1760,1.789
3,1761,1.549
3,1762,2.503
3,1763,3.287
3,1764,1.975
3,1765,2.492
3,1766,2.631
3,1767,1.576
3,1768,1.670
3,1769,2.296
3,1770,2.116
3,1771,1.823
3,1772,1.964
3,1773,1.772
3,1774,1.728
3,1775,2.476
3,1776,2.332
3,1777,2.055
3,1778,2.478
3,1779,2.939
3,1780,3.993
3,1781,3.376
3,1782,3.052
3,1783,3.035
3,1784,1.828
3,1785,1.674
3,1786,2.566
3,1787,1.994
3,1788,1.472
3,1789,1.918
3,1790,2.736
3,1791,1.735
3,1792,1.642
3,1793,2.609
3,1794,2.096
3,1795,1.668
3,1796,2.155
3,1797,2.707
3,1798,2.512
3,1799,2.135
3,1800,1.957
3,1801,2.378
3,1802,2.905
3,1803,1.964
3,1804,1.795
3,1805,2.760
3,1806,2.728
3,1807,1.714
3,1808,1.918
3,1809,1.775
3,1810,1.846
3,1811,2.104
3,1812,3.756
3,1813,1.945
3,1814,2.528
3,1815,2.104
3,1816,1.634
3,1817,1.532
3,1818,2.055
3,1819,2.086
3,1820,1.664
3,1821,1.652
3,1822,2.689
3,1823,2.658
3,1824,2.279
3,1825,2.059
3,1826,2.002
3,1827,2.178
3,1828,2.050
3,1829,1.777
3,1830,1.742
3,1831,1.973
3,1832,1.743
3,1833,1.573
3,1834,1.717
3,1835,2.629
3,1836,1.932
3,1837,1.487
3,1838,1.439
3,1839,2.080
3,1840,2.622
3,1841,1.935
3,1842,2.245
3,1843,3.761
3,1844,2.109
3,1845,2.261
3,1846,1.944
3,1847,1.774
3,1848,2.141
3,1849,2.744
3,1850,2.127
3,1851,1.893
3,1852,1.670
3,1853,1.737
3,1854,1.933
3,1855,2.614
3,1856,1.984
3,1857,2.764
3,1858,2.226
3,1859,1.687
3,1860,1.535
3,1861,1.515
3,1862,1.676
3,1863,1.724
3,1864,1.824
3,1865,2.184
3,1866,2.643
3,1867,2.838
3,1868,2.886
3,1869,2.796
3,1870,2.878
3,1871,3.245
3,1872,2.795
3,1873,3.478
3,1874,2.683
3,1875,2.826
3,1876,2.821
3,1877,2.869
3,1878,2.717
3,1879,1.783
3,1880,1.683
3,1881,3.094
3,1882,2.500
3,1883,2.617
3,1884,2.367
3,1885,2.075
3,1886,1.987
3,1887,2.265
3,1888,1.902
3,1889,1.559
3,1890,2.133
3,1891,2.369
3,1892,2.187
3,1893,2.243
3,1894,2.615
3,1895,2.009
3,1896,2.419
3,1897,3.417
3,1898,3.640
3,1899,2.769
3,1900,3.669
3,1901,1.912
3,1902,1.533
3,1903,1.940
3,1904,2.109
3,1905,1.599
3,1906,1.619
3,1907,2.014
3,1908,2.173
3,1909,2.191
3,1910,1.834
3,1911,2.716
3,1912,2.559
3,1913,1.974
3,1914,2.285
3,1915,2.003
3,1916,1.671
3,1917,1.950
3,1918,2.316
3,1919,2.692
3,1920,2.083
3,1921,1.823
3,1922,1.684
3,1923,1.839
3,1924,1.865
3,1925,1.631
3,1926,2.437
3,1927,2.214
3,1928,2.719
3,1929,2.027
3,1930,2.556
3,1931,3.768
3,1932,2.072
3,1933,2.914
3,1934,2.138
3,1935,2.289
3,1936,2.316
3,1937,2.081
3,1938,1.991
3,1939,2.044
3,1940,1.950
3,1941,2.298
3,1942,1.988
3,1943,2.466
3,1944,1.737
3,1945,1.935
3,1946,2.136
3,1947,2.001
3,1948,1.683
3,1949,1.729
3,1950,2.296
3,1951,1.662
3,1952,1.442
3,1953,1.627
3,1954,1.864
3,1955,1.652
3,1956,2.008
3,1957,2.669
3,1958,2.784
3,1959,2.397
3,1960,2.637
3,1961,2.045
3,1962,1.852
3,1963,3.636
3,1964,3.059
3,1965,3.147
3,1966,3.008
3,1967,2.837
3,1968,3.225
3,1969,2.486
3,1970,3.415
3,1971,2.390
3,1972,2.837
3,1973,2.515
3,1974,3.089
3,1975,2.513
3,1976,2.166
3,1977,2.866
3,1978,2.672
3,1979,3.241
3,1980,2.984
3,1981,2.776
3,1982,3.312
3,1983,2.623
3,1984,2.703
3,1985,4.935
3,1986,3.016
3,1987,2.511
3,1988,2.626
3,1989,2.629
3,1990,3.040
3,1991,3.183
3,1992,2.498
3,1993,3.210
3,1994,3.606
3,1995,3.282
3,1996,2.963
3,1997,3.286
3,1998,2.886
3,1999,4.179
3,2000,3.156
3,2001,2.578
3,2002,2.973
3,2003,3.043
3,2004,2.902
3,2005,3.149
3,2006,4.185
3,2007,4.309
3,2008,4.399
3,2009,3.100
3,2010,2.792
3,2011,2.557
3,2012,2.351
3,2013,3.759
3,2014,3.379
3,2015,2.834
3,2016,2.489
3,2017,2.636
3,2018,2.359
3,2019,2.231
3,2020,2.763
3,2021,3.266
3,2022,2.671
3,2023,2.461
3,2024,2.412
3,2025,2.617
3,2026,3.164
3,2027,2.588
3,2028,5.072
3,2029,2.655
3,2030,2.937
3,2031,3.751
3,2032,2.628
3,2033,2.872
3,2034,2.780
3,2035,2.318
3,2036,2.364
3,2037,3.976
3,2038,2.551
3,2039,3.144
3,2040,2.588
3,2041,2.794
3,2042,3.374
3,2043,2.501
3,2044,3.157
3,2045,2.657
3,2046,2.329
3,2047,2.441
3,2048,2.719
3,2049,3.495
3,2050,2.357
3,2051,2.348
3,2052,4.297
3,2053,2.083
3,2054,3.358
3,2055,2.444
3,2056,2.548
3,2057,2.266
3,2058,2.669
3,2059,2.808
3,2060,2.563
3,2061,2.471
3,2062,3.918
3,2063,2.440
3,2064,3.483
3,2065,2.732
3,2066,2.694
3,2067,2.798
3,2068,2.254
3,2069,2.742
3,2070,2.631
3,2071,2.474
3,2072,3.026
3,2073,2.347
3,2074,2.406
3,2075,2.406
3,2076,2.345
3,2077,3.643
3,2078,3.675
3,2079,2.865
3,2080,2.594
3,2081,2.638
3,2082,2.788
3,2083,2.665
3,2084,2.895
3,2085,3.252
3,2086,2.340
3,2087,2.774
3,2088,2.489
3,2089,2.458
3,2090,2.697
3,2091,2.666
3,2092,2.573
3,2093,2.055
3,2094,3.045
3,2095,2.720
3,2096,2.108
3,2097,2.584
3,2098,3.086
3,2099,2.410
3,2100,3.345
3,2101,3.645
3,2102,3.128
3,2103,2.784
3,2104,2.727
3,2105,5.833
3,2106,3.072
3,2107,2.811
3,2108,3.995
3,2109,3.751
3,2110,3.147
3,2111,2.655
3,2112,2.763
3,2113,2.768
3,2114,3.890
3,2115,2.742
3,2116,2.713
3,2117,3.000
3,2118,2.767
3,2119,3.948
3,2120,4.959
3,2121,5.308
3,2122,3.834
3,2123,3.780
3,2124,3.288
3,2125,2.274
3,2126,2.310
3,2127,3.109
3,2128,2.423
3,2129,2.685
3,2130,2.663
3,2131,2.494
3,2132,2.502
3,2133,2.270
3,2134,1.980
3,2135,3.415
3,2136,2.242
3,2137,2.552
3,2138,2.805
3,2139,1.876
3,2140,2.182
3,2141,3.191
3,2142,2.175
3,2143,2.885
3,2144,3.381
3,2145,2.798
3,2146,2.743
3,2147,2.723
3,2148,3.141
3,2149,2.528
3,2150,2.388
3,2151,2.453
3,2152,2.698
3,2153,3.551
3,2154,2.383
3,2155,2.142
3,2156,2.838
3,2157,2.083
3,2158,2.721
3,2159,2.813
3,2160,2.307
3,2161,2.597
3,2162,2.483
3,2163,2.615
3,2164,2.636
3,2165,2.113
3,2166,2.245
3,2167,3.510
3,2168,2.370
3,2169,2.666
3,2170,3.914
3,2171,2.555
3,2172,3.379
3,2173,1.948
3,2174,2.364
3,2175,2.302
3,2176,2.159
3,2177,2.366
3,2178,2.087
3,2179,2.008
3,2180,3.038
3,2181,2.649
3,2182,2.941
3,2183,2.775
3,2184,2.099
3,2185,2.160
3,2186,2.450
3,2187,3.130
3,2188,3.671
3,2189,2.968
3,2190,2.971
3,2191,3.336
3,2192,4.310
3,2193,3.666
3,2194,3.820
3,2195,4.053
3,2196,3.470
3,2197,2.674
3,2198,3.106
3,2199,2.480
3,2200,2.243
3,2201,3.063
3,2202,2.783
3,2203,3.455
3,2204,2.420
3,2205,1.896
3,2206,2.358
3,2207,2.193
3,2208,2.181
3,2209,2.779
3,2210,2.717
3,2211,2.595
3,2212,2.944
3,2213,2.515
3,2214,3.400
3,2215,2.712
3,2216,2.692
3,2217,2.875
3,2218,4.384
3,2219,2.408
3,2220,2.865
3,2221,3.044
3,2222,2.274
3,2223,2.179
3,2224,3.047
3,2225,2.704
3,2226,4.564
3,2227,3.078
3,2228,3.004
3,2229,2.208
3,2230,4.099
3,2231,2.761
3,2232,2.154
3,2233,2.336
3,2234,2.197
3,2235,2.433
3,2236,2.995
3,2237,3.261
3,2238,3.654
3,2239,2.490
3,2240,2.903
3,2241,4.313
3,2242,3.717
3,2243,2.190
3,2244,2.197
3,2245,2.543
3,2246,2.020
3,2247,2.688
3,2248,3.411
3,2249,2.760
3,2250,2.610
3,2251,2.319
3,2252,2.347
3,2253,3.003
3,2254,2.246
3,2255,2.345
3,2256,3.148
3,2257,2.859
3,2258,2.933
3,2259,2.718
3,2260,3.105
3,2261,3.546
3,2262,3.675
3,2263,4.990
3,2264,2.974
3,2265,2.723
3,2266,2.743
3,2267,2.426
3,2268,1.981
3,2269,2.289
3,2270,2.370
3,2271,1.600
3,2272,1.562
3,2273,2.731
3,2274,2.438
3,2275,2.363
3,2276,2.398
3,2277,3.362
3,2278,3.428
3,2279,2.372
3,2280,1.842
3,2281,1.967
3,2282,2.340
3,2283,2.729
3,2284,2.925
3,2285,1.909
3,2286,1.959
3,2287,3.234
3,2288,2.137
3,2289,3.181
3,2290,2.962
3,2291,3.329
3,2292,2.049
3,2293,1.743
3,2294,1.790
3,2295,2.579
3,2296,2.447
3,2297,1.723
3,2298,1.840
3,2299,1.858
3,2300,1.673
3,2301,1.859
3,2302,2.671
3,2303,2.269
3,2304,2.169
3,2305,2.569
3,2306,1.726
3,2307,1.453
3,2308,1.534
3,2309,2.083
3,2310,1.874
3,2311,1.496
3,2312,2.396
3,2313,2.019
3,2314,2.149
3,2315,2.050
3,2316,2.585
3,2317,1.942
3,2318,1.706
3,2319,2.971
3,2320,2.078
3,2321,2.016
3,2322,2.522
3,2323,3.810
3,2324,2.877
3,2325,2.681
3,2326,2.243
3,2327,2.130
3,2328,1.682
3,2329,1.880
3,2330,1.733
3,2331,2.734
3,2332,2.405
3,2333,3.137
3,2334,2.412
3,2335,2.685
3,2336,2.685
3,2337,1.954
3,2338,2.489
3,2339,2.720
3,2340,2.091
3,2341,2.522
3,2342,2.798
3,2343,2.429
3,2344,3.179
3,2345,3.098
3,2346,2.465
3,2347,3.760
3,2348,2.466
3,2349,3.516
3,2350,2.263
3,2351,2.290
3,2352,1.970
3,2353,1.725
3,2354,1.879
3,2355,2.150
3,2356,1.978
3,2357,2.489
3,2358,2.870
3,2359,2.659
3,2360,2.168
3,2361,2.109
3,2362,1.783
3,2363,1.757
3,2364,2.117
3,2365,2.526
3,2366,1.623
3,2367,1.399
3,2368,1.711
3,2369,2.380
3,2370,2.039
3,2371,2.325
3,2372,2.121
3,2373,1.734
3,2374,2.492
3,2375,2.485
3,2376,1.775
3,2377,1.728
3,2378,2.371
3,2379,4.297
3,2380,2.514
3,2381,2.813
3,2382,2.221
3,2383,2.231
3,2384,1.896
3,2385,1.991
3,2386,2.166
3,2387,2.813
3,2388,1.947
3,2389,2.264
3,2390,1.986
3,2391,1.898
3,2392,1.666
3,2393,2.327
3,2394,1.871
3,2395,1.718
3,2396,2.220
3,2397,1.980
3,2398,2.176
3,2399,2.150
3,2400,2.355
3,2401,2.226
3,2402,1.912
3,2403,2.255
3,2404,2.203
3,2405,3.978
3,2406,4.123
3,2407,2.233
3,2408,2.688
3,2409,1.984
3,2410,1.562
3,2411,1.667
3,2412,1.624
3,2413,1.854
3,2414,3.171
3,2415,1.777
3,2416,1.427
3,2417,1.377
3,2418,1.630
3,2419,2.503
3,2420,1.646
3,2421,1.441
3,2422,1.932
3,2423,3.225
3,2424,2.624
3,2425,2.482
3,2426,2.343
3,2427,2.424
3,2428,2.493
3,2429,2.312
3,2430,1.999
3,2431,1.950
3,2432,1.874
3,2433,1.682
3,2434,2.518
3,2435,2.490
3,2436,2.452
3,2437,3.294
3,2438,3.019
3,2439,1.694
3,2440,2.231
3,2441,2.377
3,2442,2.094
3,2443,2.540
3,2444,1.946
3,2445,1.684
3,2446,2.493
3,2447,1.849
3,2448,1.677
3,2449,1.940
3,2450,3.403
3,2451,2.143
3,2452,2.085
3,2453,2.277
3,2454,2.617
3,2455,2.597
3,2456,2.293
3,2457,1.734
3,2458,2.229
3,2459,2.475
3,2460,1.674
3,2461,1.565
3,2462,2.962
3,2463,2.145
3,2464,3.440
3,2465,2.819
3,2466,2.083
3,2467,2.627
3,2468,3.727
3,2469,3.812
3,2470,2.875
3,2471,2.429
3,2472,2.447
3,2473,2.070
3,2474,2.617
3,2475,4.384
3,2476,3.350
3,2477,2.730
3,2478,2.124
3,2479,2.417
3,2480,2.353
3,2481,2.687
3,2482,2.636
3,2483,2.879
3,2484,2.580
3,2485,2.361
3,2486,2.197
3,2487,3.030
3,2488,2.797
3,2489,2.590
3,2490,2.856
3,2491,1.903
3,2492,2.417
3,2493,2.426
3,2494,2.190
3,2495,2.227
3,2496,2.125
3,2497,2.224
3,2498,2.900
3,2499,2.406
3,2500,2.208
3,2501,2.862
3,2502,2.686
3,2503,2.136
3,2504,2.431
3,2505,2.864
3,2506,2.452
3,2507,2.131
3,2508,2.129
3,2509,2.444
3,2510,2.406
3,2511,2.339
3,2512,2.930
3,2513,2.620
3,2514,2.754
3,2515,2.513
3,2516,2.399
3,2517,3.456
3,2518,3.994
3,2519,2.877
3,2520,3.494
3,2521,2.180
3,2522,2.580
3,2523,2.761
3,2524,2.838
3,2525,2.760
3,2526,2.513
3,2527,2.797
3,2528,2.408
3,2529,2.579
3,2530,2.524
3,2531,2.501
3,2532,2.638
3,2533,2.314
3,2534,1.986
3,2535,2.901
3,2536,2.429
3,2537,1.930
3,2538,2.553
3,2539,2.654
3,2540,2.219
3,2541,2.345
3,2542,2.587
3,2543,2.155
3,2544,2.954
3,2545,3.946
3,2546,2.502
3,2547,2.859
3,2548,2.711
3,2549,2.563
3,2550,2.352
3,2551,3.133
3,2552,3.756
3,2553,2.822
3,2554,2.689
3,2555,1.877
3,2556,1.790
3,2557,2.028
3,2558,2.420
3,2559,2.673
3,2560,2.387
3,2561,2.003
3,2562,1.865
3,2563,2.555
3,2564,2.063
3,2565,1.659
3,2566,2.752
3,2567,2.854
3,2568,2.199
3,2569,2.366
3,2570,2.115
3,2571,1.864
3,2572,2.725
3,2573,4.224
3,2574,2.920
3,2575,2.401
3,2576,1.758
3,2577,2.019
3,2578,2.149
3,2579,1.928
3,2580,2.572
3,2581,2.743
3,2582,1.773
3,2583,1.798
3,2584,2.307
3,2585,1.834
3,2586,2.101
3,2587,2.013
3,2588,2.134
3,2589,1.987
3,2590,2.015
3,2591,1.907
3,2592,1.552
3,2593,1.478
3,2594,2.672
3,2595,3.222
3,2596,2.650
3,2597,2.403
3,2598,2.234
3,2599,2.063
3,2600,4.421
3,2601,2.712
3,2602,2.669
3,2603,2.630
3,2604,2.098
3,2605,2.519
3,2606,2.394
3,2607,2.450
3,2608,3.189
3,2609,3.284
3,2610,3.421
3,2611,2.447
3,2612,2.613
3,2613,2.005
3,2614,2.269
3,2615,2.951
3,2616,2.859
3,2617,3.532
3,2618,2.558
3,2619,1.978
3,2620,2.964
3,2621,2.358
3,2622,2.285
3,2623,3.399
3,2624,4.657
3,2625,4.497
3,2626,3.725
3,2627,2.986
3,2628,2.567
3,2629,2.773
3,2630,2.322
3,2631,3.665
3,2632,2.721
3,2633,2.916
3,2634,2.781
3,2635,2.687
3,2636,2.570
3,2637,2.429
3,2638,2.445
3,2639,2.592
3,2640,2.220
3,2641,2.595
3,2642,3.176
3,2643,2.308
3,2644,4.296
3,2645,3.462
3,2646,3.349
3,2647,2.795
3,2648,4.913
3,2649,2.554
3,2650,2.820
3,2651,2.092
3,2652,2.157
3,2653,3.053
3,2654,3.288
3,2655,2.622
3,2656,2.144
3,2657,2.030
3,2658,2.474
3,2659,2.104
3,2660,2.073
3,2661,2.674
3,2662,2.290
3,2663,2.212
3,2664,2.408
3,2665,1.993
3,2666,1.698
3,2667,2.356
3,2668,3.450
3,2669,2.489
3,2670,2.637
3,2671,2.128
3,2672,1.957
3,2673,3.374
3,2674,2.897
3,2675,2.543
3,2676,2.450
3,2677,2.042
3,2678,2.810
3,2679,2.946
3,2680,5.445
3,2681,2.487
3,2682,2.799
3,2683,2.406
3,2684,1.661
3,2685,1.715
3,2686,2.359
3,2687,2.200
3,2688,1.759
3,2689,1.830
3,2690,2.238
3,2691,1.914
3,2692,1.792
3,2693,1.658
3,2694,1.784
3,2695,2.681
3,2696,2.959
3,2697,1.877
3,2698,2.566
3,2699,2.354
3,2700,1.994
3,2701,1.656
3,2702,3.057
3,2703,3.055
3,2704,2.352
3,2705,2.748
3,2706,1.637
3,2707,1.661
3,2708,2.258
3,2709,2.431
3,2710,2.468
3,2711,2.932
3,2712,2.183
3,2713,2.760
3,2714,2.317
3,2715,2.279
3,2716,2.313
3,2717,2.254
3,2718,1.821
3,2719,2.074
3,2720,2.379
3,2721,3.086
3,2722,3.937
3,2723,3.101
3,2724,2.977
3,2725,2.352
3,2726,1.929
3,2727,4.710
3,2728,2.310
3,2729,2.894
3,2730,3.353
3,2731,3.025
3,2732,2.602
3,2733,2.023
3,2734,2.955
3,2735,1.977
3,2736,1.494
3,2737,1.694
3,2738,2.013
3,2739,2.087
3,2740,2.264
3,2741,1.983
3,2742,1.890
3,2743,1.684
3,2744,1.934
3,2745,2.002
3,2746,1.701
3,2747,2.504
3,2748,1.988
3,2749,1.617
3,2750,1.629
3,2751,2.220
3,2752,2.792
3,2753,1.774
3,2754,1.588
3,2755,3.541
3,2756,1.875
3,2757,1.566
3,2758,2.468
3,2759,3.660
3,2760,2.012
3,2761,2.605
3,2762,2.421
3,2763,2.670
3,2764,2.409
3,2765,2.137
3,2766,4.378
3,2767,2.838
3,2768,2.330
3,2769,2.191
3,2770,1.807
3,2771,2.066
3,2772,2.565
3,2773,2.445
3,2774,2.438
3,2775,2.316
3,2776,1.784
3,2777,1.972
3,2778,2.212
3,2779,1.946
3,2780,2.052
3,2781,3.543
3,2782,2.288
3,2783,2.256
3,2784,2.567
3,2785,1.870
3,2786,2.031
3,2787,5.011
3,2788,3.140
3,2789,2.287
3,2790,1.708
3,2791,2.195
3,2792,3.062
3,2793,2.559
3,2794,2.592
3,2795,2.610
3,2796,1.887
3,2797,2.005
3,2798,1.908
3,2799,1.715
3,2800,3.171
3,2801,3.205
3,2802,3.539
3,2803,3.278
3,2804,1.942
3,2805,2.776
3,2806,2.301
3,2807,1.992
3,2808,2.527
3,2809,1.966
3,2810,2.342
3,2811,3.011
3,2812,3.676
3,2813,2.353
3,2814,2.072
3,2815,2.035
3,2816,2.176
3,2817,2.400
3,2818,1.686
3,2819,2.030
3,2820,3.686
3,2821,1.813
3,2822,1.768
3,2823,2.099
3,2824,1.930
3,2825,2.192
3,2826,2.536
3,2827,2.023
3,2828,1.839
3,2829,2.431
3,2830,2.423
3,2831,2.176
3,2832,3.125
3,2833,3.100
3,2834,3.384
3,2835,2.734
3,2836,3.035
3,2837,2.911
3,2838,3.254
3,2839,7.773
3,2840,9.180
3,2841,7.141
3,2842,4.185
3,2843,4.190
3,2844,3.710
3,2845,4.342
3,2846,4.472
3,2847,4.812
3,2848,4.398
3,2849,4.335
3,2850,4.910
3,2851,5.070
3,2852,4.037
3,2853,4.487
3,2854,3.673
3,2855,4.771
3,2856,5.938
3,2857,4.158
3,2858,4.178
3,2859,3.483
3,2860,2.906
3,2861,2.223
3,2862,3.015
3,2863,3.808
3,2864,3.831
3,2865,5.758
3,2866,6.138
3,2867,6.542
3,2868,4.271
3,2869,3.003
3,2870,3.130
3,2871,3.134
3,2872,2.915
3,2873,3.176
3,2874,2.210
3,2875,2.715
3,2876,2.086
3,2877,2.025
3,2878,2.456
3,2879,1.973
3,2880,2.163
3,2881,2.776
3,2882,1.996
3,2883,1.838
3,2884,1.747
3,2885,2.162
3,2886,1.833
3,2887,1.952
3,2888,3.028
3,2889,2.294
3,2890,2.473
3,2891,3.103
3,2892,2.190
3,2893,2.429
3,2894,4.164
3,2895,2.775
3,2896,3.222
3,2897,2.744
3,2898,2.825
3,2899,2.221
3,2900,3.537
3,2901,2.586
3,2902,1.820
3,2903,2.005
3,2904,2.433
3,2905,1.677
3,2906,2.761
3,2907,2.121
3,2908,1.705
3,2909,2.143
3,2910,2.410
3,2911,1.849
3,2912,1.976
3,2913,3.800
3,2914,2.519
3,2915,2.142
3,2916,2.541
3,2917,3.803
3,2918,4.086
3,2919,1.923
3,2920,2.467
3,2921,2.245
3,2922,1.678
3,2923,1.783
3,2924,2.027
3,2925,2.619
3,2926,3.670
3,2927,2.518
3,2928,1.558
3,2929,2.215
3,2930,2.210
3,2931,2.003
3,2932,2.561
3,2933,4.154
3,2934,2.133
3,2935,1.626
3,2936,1.503
3,2937,1.609
3,2938,2.313
3,2939,2.424
3,2940,2.257
3,2941,3.441
3,2942,2.627
3,2943,2.636
3,2944,2.780
3,2945,2.486
3,2946,2.726
3,2947,4.496
3,2948,2.538
3,2949,2.494
3,2950,2.883
3,2951,2.487
3,2952,2.009
3,2953,2.716
3,2954,3.006
3,2955,2.123
3,2956,2.445
3,2957,2.800
3,2958,1.925
3,2959,1.933
3,2960,2.333
3,2961,2.516
3,2962,2.584
3,2963,2.561
3,2964,1.993
3,2965,2.259
3,2966,2.889
3,2967,2.682
3,2968,2.454
3,2969,2.903
3,2970,2.511
3,2971,3.714
3,2972,2.066
3,2973,2.605
3,2974,2.822
3,2975,2.843
3,2976,2.446
3,2977,2.151
3,2978,2.622
3,2979,3.093
3,2980,2.992
3,2981,3.264
3,2982,2.221
3,2983,2.340
3,2984,2.469
3,2985,2.518
3,2986,2.247
3,2987,2.553
3,2988,2.638
3,2989,2.579
3,2990,2.079
3,2991,1.885
3,2992,3.307
3,2993,2.669
3,2994,2.424
3,2995,2.858
3,2996,2.235
3,2997,2.489
3,2998,3.613
3,2999,2.765
3,3000,2.932
3,3001,2.507
3,3002,2.225
3,3003,2.275
3,3004,2.312
3,3005,3.426
3,3006,2.549
3,3007,2.661
3,3008,2.802
3,3009,2.207
3,3010,2.239
3,3011,2.814
3,3012,2.627
3,3013,2.346
3,3014,2.330
3,3015,2.893
3,3016,2.557
3,3017,2.328
3,3018,2.650
3,3019,2.925
3,3020,4.070
3,3021,2.574
3,3022,2.466
3,3023,3.195
3,3024,3.949
3,3025,2.819
3,3026,2.318
3,3027,2.359
3,3028,3.510
3,3029,2.610
3,3030,2.453
3,3031,2.382
3,3032,2.157
3,3033,2.489
3,3034,2.570
3,3035,2.236
3,3036,2.401
3,3037,2.436
3,3038,2.357
3,3039,2.339
3,3040,2.183
3,3041,2.036
3,3042,4.032
3,3043,2.645
3,3044,2.486
3,3045,2.444
3,3046,2.028
3,3047,2.072
3,3048,3.766
3,3049,2.749
3,3050,2.402
3,3051,1.856
3,3052,1.733
3,3053,2.146
3,3054,2.069
3,3055,2.317
3,3056,3.567
3,3057,2.928
3,3058,2.754
3,3059,2.352
3,3060,1.958
3,3061,2.767
3,3062,2.494
3,3063,2.229
3,3064,3.191
3,3065,2.477
3,3066,2.570
3,3067,2.646
3,3068,2.303
3,3069,2.736
3,3070,2.728
3,3071,2.237
3,3072,2.486
3,3073,2.532
3,3074,3.949
3,3075,4.022
3,3076,2.583
3,3077,3.226
3,3078,1.817
3,3079,2.295
3,3080,2.445
3,3081,2.168
3,3082,2.328
3,3083,2.501
3,3084,2.380
3,3085,2.054
3,3086,2.700
3,3087,2.038
3,3088,2.326
3,3089,2.212
3,3090,1.599
3,3091,1.518
3,3092,2.154
3,3093,2.193
3,3094,1.760
3,3095,1.858
3,3096,2.758
3,3097,1.969
3,3098,2.073
3,3099,2.253
3,3100,2.851
3,3101,2.786
3,3102,3.619
3,3103,2.358
3,3104,2.729
3,3105,1.887
3,3106,2.174
3,3107,2.620
3,3108,1.758
3,3109,1.474
3,3110,2.263
3,3111,2.777
3,3112,1.709
3,3113,1.795
3,3114,2.529
3,3115,2.070
3,3116,1.878
3,3117,2.168
3,3118,1.960
3,3119,1.714
3,3120,1.981
3,3121,2.029
3,3122,2.245
3,3123,2.341
3,3124,2.608
3,3125,2.062
3,3126,2.601
3,3127,2.755
3,3128,1.719
3,3129,3.047
3,3130,2.269
3,3131,1.951
3,3132,2.047
3,3133,2.771
3,3134,3.580
3,3135,2.444
3,3136,1.781
3,3137,1.746
3,3138,2.048
3,3139,2.368
3,3140,1.646
3,3141,1.946
3,3142,3.165
3,3143,2.220
3,3144,2.578
3,3145,1.804
3,3146,1.505
3,3147,2.200
3,3148,1.931
3,3149,1.825
3,3150,1.620
3,3151,2.098
3,3152,2.295
3,3153,2.230
3,3154,2.007
3,3155,1.753
3,3156,2.291
3,3157,1.775
3,3158,2.806
3,3159,2.250
3,3160,1.863
3,3161,2.125
3,3162,2.105
3,3163,1.522
3,3164,2.380
3,3165,3.611
3,3166,2.154
3,3167,2.346
3,3168,1.809
3,3169,1.493
3,3170,1.468
3,3171,2.647
3,3172,2.765
3,3173,2.092
3,3174,2.207
3,3175,2.338
3,3176,2.326
3,3177,2.192
3,3178,1.994
3,3179,1.973
3,3180,3.311
3,3181,2.989
3,3182,2.795
3,3183,2.445
3,3184,2.110
3,3185,3.377
3,3186,2.870
3,3187,2.720
3,3188,2.445
3,3189,1.890
3,3190,1.969
3,3191,3.764
3,3192,2.598
3,3193,3.032
3,3194,2.033
3,3195,2.309
3,3196,2.093
3,3197,1.759
3,3198,1.744
3,3199,2.255
3,3200,4.347
3,3201,3.344
3,3202,2.244
3,3203,2.180
3,3204,2.546
3,3205,3.134
3,3206,2.485
3,3207,2.129
3,3208,2.102
3,3209,1.475
3,3210,1.669
3,3211,1.622
3,3212,1.675
3,3213,2.666
3,3214,2.973
3,3215,1.748
3,3216,1.535
3,3217,2.480
3,3218,1.688
3,3219,1.416
3,3220,1.430
3,3221,2.914
3,3222,3.029
3,3223,1.836
3,3224,2.002
3,3225,2.034
3,3226,1.673
3,3227,2.168
3,3228,2.537
3,3229,1.646
3,3230,1.924
3,3231,3.065
3,3232,2.156
3,3233,2.099
3,3234,1.933
3,3235,2.242
3,3236,1.768
3,3237,2.151
3,3238,1.609
3,3239,1.424
3,3240,1.378
3,3241,2.132
3,3242,2.268
3,3243,2.023
3,3244,2.370
3,3245,2.784
3,3246,2.111
3,3247,2.301
3,3248,2.017
3,3249,1.745
3,3250,2.732
3,3251,3.803
3,3252,2.143
3,3253,2.835
3,3254,3.120
3,3255,4.279
3,3256,3.305
3,3257,4.936
3,3258,3.692
3,3259,3.162
3,3260,2.992
3,3261,3.132
3,3262,2.685
3,3263,2.909
3,3264,3.009
3,3265,3.010
3,3266,2.714
3,3267,2.816
3,3268,3.358
3,3269,3.245
3,3270,3.492
3,3271,2.404
3,3272,2.842
3,3273,4.578
3,3274,3.368
3,3275,2.748
3,3276,2.968
3,3277,2.503
3,3278,1.824
3,3279,3.580
3,3280,3.104
3,3281,2.842
3,3282,2.564
3,3283,2.223
3,3284,2.414
3,3285,3.413
3,3286,2.958
3,3287,2.552
3,3288,2.000
3,3289,2.464
3,3290,2.529
3,3291,2.816
3,3292,3.429
3,3293,2.062
3,3294,2.147
3,3295,2.438
3,3296,1.896
3,3297,1.704
3,3298,3.252
3,3299,4.404
3,3300,2.819
3,3301,2.595
3,3302,2.406
3,3303,3.745
3,3304,2.943
3,3305,2.954
3,3306,2.325
3,3307,2.266
3,3308,3.052
3,3309,3.178
3,3310,2.919
3,3311,3.457
3,3312,2.811
3,3313,2.449
3,3314,2.609
3,3315,3.249
3,3316,2.340
3,3317,3.490
3,3318,2.927
3,3319,3.022
3,3320,2.652
3,3321,3.277
3,3322,3.349
3,3323,4.044
3,3324,2.653
3,3325,2.544
3,3326,3.690
3,3327,2.299
3,3328,2.751
3,3329,3.174
3,3330,2.224
3,3331,2.286
3,3332,2.309
3,3333,2.231
3,3334,2.297
3,3335,2.780
3,3336,3.011
3,3337,2.289
3,3338,2.079
3,3339,2.141
3,3340,2.782
3,3341,3.975
3,3342,3.468
3,3343,5.103
3,3344,5.124
3,3345,4.095
3,3346,4.103
3,3347,3.029
3,3348,2.210
3,3349,4.047
3,3350,3.084
3,3351,3.282
3,3352,2.922
3,3353,3.293
3,3354,2.897
3,3355,2.672
3,3356,2.466
3,3357,2.144
3,3358,2.404
3,3359,3.021
3,3360,4.397
3,3361,2.928
3,3362,2.569
3,3363,2.569
3,3364,3.068
3,3365,2.901
3,3366,2.996
3,3367,3.035
3,3368,4.881
3,3369,3.581
3,3370,3.051
3,3371,3.265
3,3372,2.605
3,3373,2.171
3,3374,2.737
3,3375,2.664
3,3376,2.767
3,3377,2.556
3,3378,2.910
3,3379,2.693
3,3380,2.546
3,3381,2.566
3,3382,3.752
3,3383,2.636
3,3384,3.071
3,3385,2.819
3,3386,2.859
3,3387,2.764
3,3388,2.697
3,3389,2.994
3,3390,3.444
3,3391,4.387
3,3392,3.587
3,3393,4.149
3,3394,3.149
3,3395,2.907
3,3396,1.878
3,3397,1.924
3,3398,2.479
3,3399,2.246
3,3400,2.360
3,3401,2.556
3,3402,2.119
3,3403,2.575
3,3404,2.324
3,3405,1.933
3,3406,2.033
3,3407,3.330
3,3408,2.388
3,3409,2.396
3,3410,2.792
3,3411,2.133
3,3412,2.732
3,3413,2.621
3,3414,2.867
3,3415,4.031
3,3416,3.908
3,3417,3.342
3,3418,3.015
3,3419,2.804
3,3420,2.302
3,3421,2.858
3,3422,2.915
3,3423,3.415
3,3424,3.791
3,3425,3.004
3,3426,2.727
3,3427,2.839
3,3428,4.292
3,3429,3.124
3,3430,2.798
3,3431,2.221
3,3432,2.120
3,3433,2.556
3,3434,2.794
3,3435,2.694
3,3436,2.467
3,3437,2.236
3,3438,2.712
3,3439,4.534
3,3440,4.124
3,3441,2.613
3,3442,2.874
3,3443,2.264
3,3444,2.368
3,3445,2.992
3,3446,2.945
3,3447,2.814
3,3448,2.652
3,3449,2.328
3,3450,2.715
3,3451,2.299
3,3452,2.518
3,3453,3.364
3,3454,2.010
3,3455,2.936
3,3456,3.211
3,3457,3.542
3,3458,3.409
3,3459,3.139
3,3460,2.861
3,3461,3.071
3,3462,4.736
3,3463,3.505
3,3464,3.706
3,3465,2.939
3,3466,2.918
3,3467,2.446
3,3468,2.990
3,3469,2.667
3,3470,3.351
3,3471,3.345
3,3472,3.714
3,3473,2.993
3,3474,2.963
3,3475,3.231
3,3476,3.313
3,3477,2.972
3,3478,2.500
3,3479,3.101
3,3480,2.174
3,3481,2.058
3,3482,3.885
3,3483,3.081
3,3484,3.757
3,3485,2.482
3,3486,2.444
3,3487,2.526
3,3488,2.189
3,3489,2.604
3,3490,2.709
3,3491,2.201
3,3492,2.750
3,3493,2.437
3,3494,2.592
3,3495,2.442
3,3496,2.446
3,3497,3.579
3,3498,2.989
3,3499,3.169
3,3500,2.870
3,3501,2.298
3,3502,2.703
3,3503,3.128
3,3504,3.249
3,3505,3.105
3,3506,2.504
3,3507,4.336
3,3508,3.279
3,3509,5.091
3,3510,3.048
3,3511,2.775
3,3512,2.870
3,3513,2.805
3,3514,2.485
3,3515,2.934
3,3516,2.403
3,3517,2.436
3,3518,2.654
3,3519,2.393
3,3520,3.609
3,3521,2.539
3,3522,3.271
3,3523,3.482
3,3524,2.359
3,3525,2.937
3,3526,3.094
3,3527,2.838
3,3528,3.155
3,3529,4.336
3,3530,3.903
3,3531,4.056
3,3532,3.091
3,3533,3.172
3,3534,2.578
3,3535,2.926
3,3536,2.659
3,3537,2.566
3,3538,2.748
3,3539,2.418
3,3540,3.088
3,3541,3.679
3,3542,2.701
3,3543,2.689
3,3544,2.295
3,3545,2.117
3,3546,2.291
3,3547,3.200
3,3548,3.013
3,3549,2.237
3,3550,2.349
3,3551,2.703
3,3552,3.418
3,3553,3.700
3,3554,2.865
3,3555,2.123
3,3556,2.852
3,3557,2.922
3,3558,3.159
3,3559,3.023
3,3560,1.887
3,3561,2.320
3,3562,1.876
3,3563,1.615
3,3564,1.755
3,3565,2.244
3,3566,2.286
3,3567,2.776
3,3568,2.670
3,3569,1.968
3,3570,2.248
3,3571,2.284
3,3572,2.188
3,3573,2.478
3,3574,2.357
3,3575,2.707
3,3576,3.471
3,3577,4.306
3,3578,2.738
3,3579,2.079
3,3580,2.048
3,3581,3.819
3,3582,2.865
3,3583,4.023
3,3584,2.623
3,3585,2.636
3,3586,1.997
3,3587,2.495
3,3588,2.342
3,3589,2.091
3,3590,2.201
3,3591,2.532
3,3592,2.338
3,3593,2.192
3,3594,3.107
3,3595,2.931
3,3596,2.700
3,3597,2.268
3,3598,1.758
3,3599,1.946
3,3600,2.145
3,3601,2.525
3,3602,3.232
3,3603,3.885
3,3604,2.235
3,3605,3.776
3,3606,2.075
3,3607,2.889
3,3608,2.955
3,3609,2.961
3,3610,2.559
3,3611,2.553
3,3612,2.559
3,3613,2.439
3,3614,2.882
3,3615,3.010
3,3616,2.496
3,3617,2.160
3,3618,2.848
3,3619,2.658
3,3620,3.192
3,3621,2.090
3,3622,2.201
3,3623,3.124
3,3624,4.721
3,3625,2.652
3,3626,2.424
3,3627,2.975
3,3628,3.566
3,3629,3.347
3,3630,2.848
3,3631,1.948
3,3632,2.442
3,3633,2.534
3,3634,2.363
3,3635,2.487
3,3636,2.679
3,3637,2.578
3,3638,2.100
3,3639,1.752
3,3640,1.641
3,3641,1.993
3,3642,2.086
3,3643,2.959
3,3644,3.810
3,3645,2.815
3,3646,2.607
3,3647,1.863
3,3648,1.651
3,3649,2.427
3,3650,2.390
3,3651,2.340
3,3652,2.058
3,3653,3.572
3,3654,2.169
3,3655,3.667
3,3656,2.350
3,3657,2.387
3,3658,3.017
3,3659,2.066
3,3660,2.151
3,3661,1.923
3,3662,2.315
3,3663,2.525
3,3664,1.959
3,3665,1.561
3,3666,2.310
3,3667,2.215
3,3668,1.591
3,3669,1.365
3,3670,1.769
3,3671,2.911
3,3672,1.993
3,3673,1.839
3,3674,2.485
3,3675,2.370
3,3676,1.753
3,3677,2.137
3,3678,2.452
3,3679,2.223
3,3680,2.358
3,3681,2.479
3,3682,2.271
3,3683,4.058
3,3684,2.794
3,3685,3.798
3,3686,2.257
3,3687,2.244
3,3688,2.720
3,3689,2.641
3,3690,2.325
3,3691,2.261
3,3692,2.208
3,3693,2.278
3,3694,2.349
3,3695,2.005
3,3696,2.877
3,3697,2.799
3,3698,2.161
3,3699,3.082
3,3700,3.373
3,3701,3.261
3,3702,2.486
3,3703,2.674
3,3704,2.798
3,3705,1.855
3,3706,1.725
3,3707,2.566
3,3708,2.289
3,3709,1.823
3,3710,2.205
3,3711,3.808
3,3712,2.367
3,3713,3.587
3,3714,2.772
3,3715,2.846
3,3716,2.227
3,3717,3.335
3,3718,2.184
3,3719,2.515
3,3720,2.691
3,3721,1.919
3,3722,1.513
3,3723,1.943
3,3724,3.136
3,3725,3.048
3,3726,3.149
3,3727,2.332
3,3728,2.116
3,3729,2.261
3,3730,1.728
3,3731,1.658
3,3732,2.548
3,3733,3.919
3,3734,4.644
3,3735,3.578
3,3736,3.037
3,3737,3.538
3,3738,2.859
3,3739,2.090
3,3740,1.676
3,3741,2.030
3,3742,2.249
3,3743,2.282
3,3744,2.940
3,3745,2.020
3,3746,2.828
3,3747,2.529
3,3748,1.926
3,3749,1.625
3,3750,2.490
3,3751,2.798
3,3752,1.978
3,3753,4.823
3,3754,2.611
3,3755,1.961
3,3756,1.681
3,3757,1.882
3,3758,2.096
3,3759,1.817
3,3760,1.580
3,3761,1.474
3,3762,1.544
3,3763,2.199
3,3764,3.889
3,3765,3.707
3,3766,1.987
3,3767,1.647
3,3768,2.155
3,3769,1.756
3,3770,1.407
3,3771,1.324
3,3772,2.925
3,3773,3.201
3,3774,2.731
3,3775,2.297
3,3776,1.734
3,3777,1.948
3,3778,2.283
3,3779,2.168
3,3780,1.693
3,3781,2.953
3,3782,2.113
3,3783,1.642
3,3784,1.926
3,3785,1.745
3,3786,1.865
3,3787,2.028
3,3788,2.466
3,3789,1.594
3,3790,1.423
3,3791,1.477
3,3792,3.040
3,3793,2.503
3,3794,1.951
3,3795,3.128
3,3796,2.454
3,3797,1.894
3,3798,1.897
3,3799,1.607
3,3800,1.681
3,3801,2.275
3,3802,2.024
3,3803,1.475
3,3804,1.410
3,3805,2.056
3,3806,1.736
3,3807,1.758
3,3808,1.704
3,3809,1.963
3,3810,1.989
3,3811,1.596
3,3812,1.804
3,3813,2.565
3,3814,2.648
3,3815,1.689
3,3816,1.872
3,3817,1.982
3,3818,2.753
3,3819,2.393
3,3820,1.927
3,3821,1.886
3,3822,2.601
3,3823,1.889
3,3824,1.669
3,3825,2.182
3,3826,3.807
3,3827,2.098
3,3828,2.966
3,3829,2.940
3,3830,2.325
3,3831,2.767
3,3832,1.925
3,3833,1.914
3,3834,2.090
3,3835,2.068
3,3836,1.684
3,3837,2.540
3,3838,2.709
3,3839,2.403
3,3840,2.129
3,3841,1.694
3,3842,1.621
3,3843,1.891
3,3844,2.429
3,3845,2.527
3,3846,2.198
3,3847,2.466
3,3848,2.161
3,3849,1.825
3,3850,1.845
3,3851,1.732
3,3852,2.237
3,3853,2.888
3,3854,2.018
3,3855,2.177
3,3856,2.135
3,3857,2.504
3,3858,4.119
3,3859,3.613
3,3860,2.686
3,3861,2.149
3,3862,1.573
3,3863,1.350
3,3864,1.395
3,3865,1.737
3,3866,2.102
3,3867,1.935
3,3868,1.888
3,3869,2.621
3,3870,2.189
3,3871,2.386
3,3872,2.546
3,3873,2.169
3,3874,2.115
3,3875,2.570
3,3876,1.795
3,3877,2.250
3,3878,1.919
3,3879,1.810
3,3880,1.738
3,3881,2.449
3,3882,1.843
3,3883,1.904
3,3884,1.825
3,3885,2.288
3,3886,3.440
3,3887,2.266
3,3888,3.077
3,3889,1.671
3,3890,1.635
3,3891,2.182
3,3892,1.733
3,3893,1.623
3,3894,2.328
3,3895,2.322
3,3896,1.604
3,3897,1.754
3,3898,1.912
3,3899,1.944
3,3900,1.594
3,3901,1.721
3,3902,1.883
3,3903,2.894
3,3904,2.221
3,3905,2.890
3,3906,1.672
3,3907,1.398
3,3908,2.077
3,3909,1.878
3,3910,1.483
3,3911,1.818
3,3912,2.257
3,3913,1.641
3,3914,1.578
3,3915,1.647
3,3916,1.646
3,3917,1.482
3,3918,1.419
3,3919,1.471
3,3920,2.077
3,3921,3.798
3,3922,2.102
3,3923,2.805
3,3924,2.355
3,3925,1.780
3,3926,2.016
3,3927,2.122
3,3928,2.192
3,3929,2.091
3,3930,2.273
3,3931,1.468
3,3932,1.344
3,3933,1.564
3,3934,1.804
3,3935,1.684
3,3936,1.625
3,3937,1.897
3,3938,1.624
3,3939,1.452
3,3940,1.895
3,3941,2.228
3,3942,2.160
3,3943,1.683
3,3944,1.962
3,3945,2.722
3,3946,1.704
3,3947,1.436
3,3948,1.767
3,3949,2.030
3,3950,1.989
3,3951,1.985
3,3952,4.078
3,3953,2.237
3,3954,3.467
3,3955,2.425
3,3956,2.559
3,3957,2.361
3,3958,2.415
3,3959,2.403
3,3960,1.892
3,3961,1.649
3,3962,1.596
3,3963,2.456
3,3964,2.432
3,3965,2.232
3,3966,2.690
3,3967,2.191
3,3968,1.838
3,3969,2.199
3,3970,2.827
3,3971,1.965
3,3972,3.764
3,3973,2.541
3,3974,2.672
3,3975,2.697
3,3976,2.726
3,3977,2.416
3,3978,2.539
3,3979,2.580
3,3980,2.429
3,3981,3.323
3,3982,3.693
3,3983,2.236
3,3984,2.277
3,3985,2.489
3,3986,2.131
3,3987,1.969
3,3988,1.985
3,3989,2.083
3,3990,3.194
3,3991,2.636
3,3992,2.730
3,3993,2.284
3,3994,1.738
3,3995,1.708
3,3996,1.596
3,3997,3.814
3,3998,2.109
3,3999,2.663
3,4000,2.820
3,4001,2.200
3,4002,2.320
3,4003,2.473
3,4004,1.902
3,4005,1.936
3,4006,1.932
3,4007,1.868
3,4008,2.244
3,4009,2.414
3,4010,3.375
3,4011,2.320
3,4012,3.490
3,4013,2.304
3,4014,2.287
3,4015,3.206
3,4016,2.972
3,4017,2.382
3,4018,1.781
3,4019,2.321
3,4020,2.253
3,4021,1.947
3,4022,2.897
3,4023,2.823
3,4024,2.307
3,4025,2.428
3,4026,2.239
3,4027,2.079
3,4028,2.202
3,4029,3.042
3,4030,2.141
3,4031,2.304
3,4032,2.385
3,4033,2.068
3,4034,2.699
3,4035,3.680
3,4036,3.162
3,4037,3.910
3,4038,2.485
3,4039,2.432
3,4040,2.153
3,4041,2.318
3,4042,2.129
3,4043,2.467
3,4044,2.292
3,4045,2.016
3,4046,2.016
3,4047,2.124
3,4048,2.344
3,4049,2.128
3,4050,2.317
3,4051,3.256
3,4052,2.264
3,4053,2.660
3,4054,2.188
3,4055,2.265
3,4056,2.715
3,4057,2.275
3,4058,2.766
3,4059,2.550
3,4060,2.416
3,4061,2.608
3,4062,3.818
3,4063,2.077
3,4064,2.733
3,4065,3.556
3,4066,2.472
3,4067,3.185
3,4068,2.225
3,4069,2.525
3,4070,2.135
3,4071,2.070
3,4072,2.946
3,4073,2.373
3,4074,2.420
3,4075,2.682
3,4076,2.424
3,4077,2.919
3,4078,3.790
3,4079,3.655
3,4080,2.575
3,4081,2.200
3,4082,2.674
3,4083,2.405
3,4084,2.613
3,4085,3.243
3,4086,5.088
3,4087,3.468
3,4088,3.347
3,4089,3.257
3,4090,2.883
3,4091,3.122
3,4092,2.216
3,4093,3.764
3,4094,2.614
3,4095,2.860
3,4096,2.554
3,4097,2.938
3,4098,3.514
3,4099,2.333
3,4100,2.653
3,4101,2.589
3,4102,2.530
3,4103,2.792
3,4104,2.584
3,4105,2.519
3,4106,3.129
3,4107,2.508
3,4108,2.747
3,4109,3.630
3,4110,3.615
3,4111,3.484
3,4112,3.009
3,4113,2.410
3,4114,1.719
3,4115,2.164
3,4116,2.130
3,4117,2.637
3,4118,2.336
3,4119,2.184
3,4120,2.106
3,4121,2.938
3,4122,2.149
3,4123,2.581
3,4124,3.910
3,4125,2.809
3,4126,2.567
3,4127,2.290
3,4128,1.683
3,4129,2.753
3,4130,2.679
3,4131,2.025
3,4132,2.091
3,4133,2.327
3,4134,1.815
3,4135,2.033
3,4136,2.499
3,4137,4.171
3,4138,3.910
3,4139,2.163
3,4140,2.698
3,4141,2.210
3,4142,1.564
3,4143,3.228
3,4144,2.370
3,4145,2.583
3,4146,2.424
3,4147,1.741
3,4148,1.446
3,4149,1.791
3,4150,4.048
3,4151,1.776
3,4152,1.984
3,4153,2.456
3,4154,1.839
3,4155,1.624
3,4156,1.851
3,4157,2.180
3,4158,2.146
3,4159,2.212
3,4160,1.806
3,4161,1.464
3,4162,1.965
3,4163,1.836
3,4164,1.786
3,4165,1.945
3,4166,2.955
3,4167,2.448
3,4168,1.853
3,4169,2.038
3,4170,2.601
3,4171,1.667
3,4172,2.089
3,4173,2.061
3,4174,1.719
3,4175,1.943
3,4176,1.839
3,4177,1.655
3,4178,1.565
3,4179,2.228
3,4180,2.397
3,4181,2.184
3,4182,1.821
3,4183,3.178
3,4184,2.484
3,4185,2.767
3,4186,4.057
3,4187,2.635
3,4188,2.582
3,4189,2.519
3,4190,3.355
3,4191,3.413
3,4192,3.572
3,4193,2.489
3,4194,2.888
3,4195,3.104
3,4196,2.163
3,4197,3.179
3,4198,3.106
3,4199,3.986
3,4200,3.050
3,4201,3.272
3,4202,3.099
3,4203,3.360
3,4204,3.195
3,4205,3.394
3,4206,4.028
3,4207,3.187
3,4208,3.145
3,4209,3.499
3,4210,3.335
3,4211,3.507
3,4212,3.951
3,4213,4.927
3,4214,3.891
3,4215,3.457
3,4216,2.718
3,4217,2.954
3,4218,2.532
3,4219,2.585
3,4220,3.651
3,4221,3.865
3,4222,3.192
3,4223,2.451
3,4224,3.163
3,4225,3.398
3,4226,3.898
3,4227,2.487
3,4228,3.544
3,4229,2.888
3,4230,3.700
3,4231,3.122
3,4232,4.033
3,4233,4.018
3,4234,5.512
3,4235,3.495
3,4236,2.960
3,4237,2.294
3,4238,3.047
3,4239,3.074
3,4240,3.329
3,4241,4.327
3,4242,3.928
3,4243,3.190
3,4244,3.391
3,4245,3.127
3,4246,3.527
3,4247,3.184
3,4248,3.575
3,4249,2.773
3,4250,2.909
3,4251,3.090
3,4252,4.742
3,4253,3.507
3,4254,3.860
3,4255,3.875
3,4256,3.437
3,4257,2.703
3,4258,3.703
3,4259,2.693
3,4260,3.132
3,4261,3.274
3,4262,3.241
3,4263,3.405
3,4264,3.601
3,4265,3.445
3,4266,2.318
3,4267,3.123
3,4268,2.893
3,4269,3.186
3,4270,3.453
3,4271,3.690
3,4272,2.707
3,4273,3.493
3,4274,5.136
3,4275,5.188
3,4276,3.185
3,4277,3.066
3,4278,2.937
3,4279,3.204
3,4280,3.225
3,4281,3.416
3,4282,2.872
3,4283,2.904
3,4284,3.968
3,4285,2.478
3,4286,3.360
3,4287,2.798
3,4288,2.593
3,4289,2.438
3,4290,3.111
3,4291,3.287
3,4292,5.276
3,4293,2.578
3,4294,2.788
3,4295,3.653
3,4296,3.381
3,4297,2.542
3,4298,2.015
3,4299,2.516
3,4300,2.475
3,4301,2.055
3,4302,2.991
3,4303,2.631
3,4304,2.984
3,4305,2.486
3,4306,2.151
3,4307,2.758
3,4308,3.321
3,4309,2.829
3,4310,3.806
3,4311,2.983
3,4312,2.419
3,4313,2.627
3,4314,3.055
3,4315,3.466
3,4316,2.789
3,4317,4.376
3,4318,3.484
3,4319,2.621
3,4320,2.739
3,4321,2.600
3,4322,2.057
3,4323,3.090
3,4324,2.411
3,4325,1.979
3,4326,2.846
3,4327,2.136
3,4328,1.775
3,4329,2.460
3,4330,3.502
3,4331,2.446
3,4332,2.861
3,4333,2.181
3,4334,1.728
3,4335,2.278
3,4336,2.431
3,4337,3.926
3,4338,3.496
3,4339,3.251
3,4340,4.081
3,4341,3.543
3,4342,3.627
3,4343,2.920
3,4344,2.979
3,4345,2.686
3,4346,3.089
3,4347,2.693
3,4348,3.302
3,4349,2.639
3,4350,3.281
3,4351,3.104
3,4352,4.175
3,4353,2.996
3,4354,3.113
3,4355,2.646
3,4356,2.102
3,4357,3.799
3,4358,3.097
3,4359,2.843
3,4360,4.241
3,4361,2.780
3,4362,3.875
3,4363,5.343
3,4364,3.011
3,4365,3.424
3,4366,3.054
3,4367,6.430
3,4368,3.428
3,4369,3.963
3,4370,4.539
3,4371,2.544
3,4372,2.558
3,4373,2.726
3,4374,2.407
3,4375,3.240
3,4376,3.169
3,4377,3.203
3,4378,3.682
3,4379,4.924
3,4380,3.126
3,4381,4.691
3,4382,2.350
3,4383,3.067
3,4384,2.792
3,4385,2.751
3,4386,2.739
3,4387,3.374
3,4388,2.589
3,4389,2.828
3,4390,3.807
3,4391,2.773
3,4392,3.617
3,4393,4.074
3,4394,3.651
3,4395,2.917
3,4396,2.383
3,4397,2.325
3,4398,1.662
3,4399,2.575
3,4400,2.154
3,4401,2.593
3,4402,4.047
3,4403,2.394
3,4404,3.383
3,4405,3.081
3,4406,2.598
3,4407,2.622
3,4408,2.280
3,4409,2.457
3,4410,2.149
3,4411,2.198
3,4412,3.318
3,4413,2.446
3,4414,2.411
3,4415,2.698
3,4416,2.250
3,4417,2.778
3,4418,3.128
3,4419,3.257
3,4420,2.488
3,4421,2.141
3,4422,2.201
3,4423,2.381
3,4424,2.063
3,4425,2.385
3,4426,4.324
3,4427,2.368
3,4428,3.356
3,4429,2.316
3,4430,2.899
3,4431,2.643
3,4432,2.384
3,4433,2.256
3,4434,2.064
3,4435,1.865
3,4436,2.639
3,4437,2.168
3,4438,2.221
3,4439,2.627
3,4440,2.642
3,4441,1.917
3,4442,3.154
3,4443,2.567
3,4444,3.085
3,4445,2.423
3,4446,2.088
3,4447,3.075
3,4448,2.095
3,4449,1.782
3,4450,2.612
3,4451,2.978
3,4452,3.233
3,4453,3.970
3,4454,2.931
3,4455,3.722
3,4456,3.982
3,4457,2.323
3,4458,2.057
3,4459,2.090
3,4460,2.913
3,4461,2.539
3,4462,2.721
3,4463,2.012
3,4464,2.070
3,4465,2.762
3,4466,2.142
3,4467,2.714
3,4468,3.832
3,4469,2.566
3,4470,2.599
3,4471,2.347
3,4472,2.490
3,4473,2.821
3,4474,3.338
3,4475,3.759
3,4476,3.847
3,4477,2.881
3,4478,2.868
3,4479,3.533
3,4480,2.877
3,4481,2.347
3,4482,2.780
3,4483,2.236
3,4484,2.808
3,4485,2.423
3,4486,2.526
3,4487,2.661
3,4488,2.091
3,4489,1.716
3,4490,2.649
3,4491,2.984
3,4492,1.897
3,4493,2.393
3,4494,2.546
3,4495,2.005
3,4496,2.712
3,4497,3.017
3,4498,2.834
3,4499,2.077
3,4500,1.836
3,4501,2.682
3,4502,3.940
3,4503,2.504
3,4504,3.479
3,4505,2.279
3,4506,2.743
3,4507,2.588
3,4508,2.279
3,4509,2.586
3,4510,2.237
3,4511,2.299
3,4512,2.179
3,4513,2.045
3,4514,2.146
3,4515,3.093
3,4516,2.152
3,4517,1.898
3,4518,2.972
3,4519,2.248
3,4520,2.105
3,4521,2.921
3,4522,2.988
3,4523,2.553
3,4524,2.327
3,4525,2.567
3,4526,2.813
3,4527,2.742
3,4528,2.574
3,4529,3.757
3,4530,5.010
3,4531,3.513
3,4532,3.346
3,4533,2.503
3,4534,2.988
3,4535,2.727
3,4536,2.380
3,4537,2.781
3,4538,2.518
3,4539,2.623
3,4540,2.919
3,4541,3.022
3,4542,2.767
3,4543,3.556
3,4544,2.834
3,4545,2.644
3,4546,2.246
3,4547,3.285
3,4548,2.652
3,4549,2.821
3,4550,2.817
3,4551,2.385
3,4552,4.309
3,4553,2.869
3,4554,4.087
3,4555,2.850
3,4556,3.530
3,4557,3.559
3,4558,3.966
3,4559,2.465
3,4560,2.439
3,4561,2.191
3,4562,1.890
3,4563,2.333
3,4564,3.839
3,4565,2.865
3,4566,2.836
3,4567,2.133
3,4568,2.468
3,4569,2.270
3,4570,2.116
3,4571,2.387
3,4572,2.646
3,4573,2.086
3,4574,2.204
3,4575,3.257
3,4576,3.516
3,4577,3.982
3,4578,3.434
3,4579,2.856
3,4580,2.533
3,4581,2.783
3,4582,2.491
3,4583,2.286
3,4584,5.095
3,4585,4.377
3,4586,3.133
3,4587,3.581
3,4588,3.222
3,4589,3.032
3,4590,3.135
3,4591,3.321
3,4592,2.670
3,4593,2.647
3,4594,2.965
3,4595,4.392
3,4596,4.884
3,4597,3.714
3,4598,5.248
3,4599,3.965
3,4600,3.238
3,4601,3.837
3,4602,2.280
3,4603,2.519
3,4604,2.131
3,4605,2.769
3,4606,3.263
3,4607,1.965
3,4608,2.280
3,4609,2.741
3,4610,2.355
3,4611,2.523
3,4612,2.258
3,4613,2.992
3,4614,2.881
3,4615,2.465
3,4616,2.566
3,4617,3.076
3,4618,3.335
3,4619,3.817
3,4620,2.049
3,4621,2.495
3,4622,3.629
3,4623,2.774
3,4624,2.258
3,4625,2.189
3,4626,1.962
3,4627,2.252
3,4628,2.443
3,4629,3.358
3,4630,3.055
3,4631,2.639
3,4632,4.148
3,4633,3.139
3,4634,3.351
3,4635,2.185
3,4636,2.574
3,4637,2.638
3,4638,2.732
3,4639,2.464
3,4640,2.552
3,4641,2.722
3,4642,3.697
3,4643,2.502
3,4644,4.585
3,4645,3.046
3,4646,3.033
3,4647,3.988
3,4648,2.867
3,4649,2.813
3,4650,2.780
3,4651,2.215
3,4652,1.644
3,4653,1.998
3,4654,1.837
3,4655,1.613
3,4656,2.148
3,4657,3.786
3,4658,1.901
3,4659,1.902
3,4660,2.236
3,4661,1.665
3,4662,1.425
3,4663,1.563
3,4664,2.439
3,4665,2.606
3,4666,2.253
3,4667,3.470
3,4668,1.628
3,4669,2.175
3,4670,2.885
3,4671,2.621
3,4672,2.625
3,4673,2.023
3,4674,1.652
3,4675,1.668
3,4676,1.887
3,4677,1.626
3,4678,1.643
3,4679,2.512
3,4680,2.023
3,4681,2.028
3,4682,1.995
3,4683,2.316
3,4684,1.946
3,4685,1.551
3,4686,2.707
3,4687,2.114
3,4688,1.795
3,4689,2.350
3,4690,2.620
3,4691,1.670
3,4692,1.790
3,4693,2.210
3,4694,1.841
3,4695,1.888
3,4696,1.862
3,4697,1.695
3,4698,1.687
3,4699,2.703
3,4700,3.423
3,4701,2.834
3,4702,3.875
3,4703,2.642
3,4704,2.641
3,4705,2.474
3,4706,2.847
3,4707,2.937
3,4708,2.651
3,4709,3.246
3,4710,2.262
3,4711,2.634
3,4712,3.085
3,4713,2.164
3,4714,2.928
3,4715,2.429
3,4716,2.194
3,4717,2.690
3,4718,2.555
3,4719,3.384
3,4720,2.369
3,4721,1.816
3,4722,1.925
3,4723,3.231
3,4724,2.409
3,4725,2.370
3,4726,2.819
3,4727,1.532
3,4728,1.810
3,4729,3.042
3,4730,2.083
3,4731,2.095
3,4732,2.011
3,4733,1.746
3,4734,1.991
3,4735,2.207
3,4736,1.694
3,4737,1.437
3,4738,1.404
3,4739,2.472
3,4740,2.372
3,4741,1.563
3,4742,1.705
3,4743,2.830
3,4744,1.939
3,4745,1.701
3,4746,1.893
3,4747,1.763
3,4748,1.989
3,4749,2.328
3,4750,2.094
3,4751,1.749
3,4752,2.409
3,4753,2.138
3,4754,2.124
3,4755,2.439
3,4756,3.897
3,4757,1.974
3,4758,2.098
3,4759,4.910
3,4760,2.432
3,4761,2.874
3,4762,1.905
3,4763,2.165
3,4764,2.041
3,4765,1.916
3,4766,2.575
3,4767,2.351
3,4768,2.222
3,4769,2.609
3,4770,2.313
3,4771,1.691
3,4772,1.930
3,4773,3.475
3,4774,3.027
3,4775,2.503
3,4776,1.973
3,4777,1.643
3,4778,2.308
3,4779,2.138
3,4780,2.318
3,4781,2.669
3,4782,2.650
3,4783,1.818
3,4784,2.009
3,4785,3.130
3,4786,1.663
3,4787,3.618
3,4788,2.281
3,4789,1.916
3,4790,1.926
3,4791,1.915
3,4792,1.737
3,4793,1.776
3,4794,2.135
3,4795,2.106
3,4796,2.081
3,4797,2.133
3,4798,2.161
3,4799,1.632
3,4800,1.622
3,4801,2.053
3,4802,1.896
3,4803,2.412
3,4804,2.764
3,4805,1.936
3,4806,1.606
3,4807,2.602
3,4808,1.812
3,4809,1.539
3,4810,1.876
3,4811,2.328
3,4812,2.045
3,4813,1.701
3,4814,2.067
3,4815,3.385
3,4816,2.349
3,4817,3.178
3,4818,2.141
3,4819,2.046
3,4820,2.658
3,4821,2.136
3,4822,1.649
3,4823,2.102
3,4824,2.821
3,4825,2.451
3,4826,2.445
3,4827,2.093
3,4828,2.406
3,4829,2.251
3,4830,1.697
3,4831,2.874
3,4832,3.498
3,4833,2.269
3,4834,2.362
3,4835,2.569
3,4836,2.282
3,4837,3.347
3,4838,2.399
3,4839,2.680
3,4840,2.227
3,4841,1.772
3,4842,1.584
3,4843,2.124
3,4844,3.681
3,4845,2.122
3,4846,3.452
3,4847,2.196
3,4848,1.883
3,4849,2.425
3,4850,1.886
3,4851,2.107
3,4852,1.838
3,4853,1.547
3,4854,1.722
3,4855,1.575
3,4856,1.898
3,4857,1.476
3,4858,1.614
3,4859,1.620
3,4860,2.618
3,4861,2.070
3,4862,1.687
3,4863,2.960
3,4864,2.479
3,4865,2.144
3,4866,2.558
3,4867,2.332
3,4868,2.031
3,4869,1.952
3,4870,2.034
3,4871,1.658
3,4872,1.761
3,4873,4.072
3,4874,3.536
3,4875,2.127
3,4876,1.754
3,4877,1.673
3,4878,2.134
3,4879,2.241
3,4880,3.904
3,4881,2.958
3,4882,1.655
3,4883,1.625
3,4884,1.925
3,4885,1.708
3,4886,1.720
3,4887,2.084
3,4888,2.393
3,4889,1.847
3,4890,2.084
3,4891,2.958
3,4892,2.133
3,4893,1.711
3,4894,1.848
3,4895,1.689
3,4896,2.237
3,4897,2.304
3,4898,2.392
3,4899,1.875
3,4900,2.141
3,4901,2.084
3,4902,1.713
3,4903,1.969
3,4904,3.459
3,4905,3.217
3,4906,3.406
3,4907,2.604
3,4908,2.682
3,4909,2.549
3,4910,2.039
3,4911,2.131
3,4912,2.372
3,4913,2.708
3,4914,2.296
3,4915,2.564
3,4916,2.508
3,4917,2.630
3,4918,1.830
3,4919,1.445
3,4920,1.494
3,4921,3.111
3,4922,2.278
3,4923,1.781
3,4924,2.145
3,4925,1.795
3,4926,1.801
3,4927,1.810
3,4928,1.880
3,4929,1.629
3,4930,2.800
3,4931,2.487
3,4932,1.855
3,4933,1.623
3,4934,1.769
3,4935,2.110
3,4936,3.556
3,4937,3.848
3,4938,2.445
3,4939,2.141
3,4940,2.101
3,4941,1.577
3,4942,1.380
3,4943,1.648
3,4944,1.610
3,4945,2.485
3,4946,1.730
3,4947,2.000
3,4948,1.635
3,4949,1.529
3,4950,1.495
3,4951,1.550
3,4952,1.470
3,4953,1.611
3,4954,1.829
3,4955,2.010
3,4956,2.725
3,4957,2.452
3,4958,1.886
3,4959,1.869
3,4960,1.648
3,4961,2.194
3,4962,2.401
3,4963,1.782
3,4964,1.519
3,4965,1.434
3,4966,2.264
3,4967,1.729
3,4968,1.509
3,4969,1.451
3,4970,2.951
3,4971,2.111
3,4972,1.714
3,4973,1.836
3,4974,1.614
3,4975,1.929
3,4976,1.781
3,4977,1.917
3,4978,2.241
3,4979,2.280
3,4980,2.516
3,4981,2.636
3,4982,2.450
3,4983,2.612
3,4984,2.288
3,4985,2.743
3,4986,3.313
3,4987,2.307
3,4988,3.087
3,4989,2.492
3,4990,4.229
3,4991,2.403
3,4992,2.983
3,4993,2.663
3,4994,2.463
3,4995,3.212
3,4996,2.931
3,4997,3.191
3,4998,3.507
3,4999,4.457
3,5000,3.304
3,5001,3.296
3,5002,3.305
3,5003,2.604
3,5004,2.702
3,5005,2.809
3,5006,2.606
3,5007,2.932
3,5008,2.727
3,5009,3.101
3,5010,2.580
3,5011,3.231
3,5012,2.532
3,5013,3.148
3,5014,2.494
3,5015,2.487
3,5016,2.987
3,5017,2.706
3,5018,2.751
3,5019,2.581
3,5020,3.267
3,5021,3.023
3,5022,3.239
3,5023,4.445
3,5024,4.187
3,5025,3.277
3,5026,2.170
3,5027,3.374
3,5028,2.573
3,5029,2.667
3,5030,3.185
3,5031,2.931
3,5032,3.881
3,5033,2.352
3,5034,2.544
3,5035,2.406
3,5036,2.459
3,5037,3.150
3,5038,2.745
3,5039,2.655
3,5040,2.363
3,5041,2.074
3,5042,2.691
3,5043,2.835
3,5044,3.060
3,5045,3.504
3,5046,2.670
3,5047,3.579
3,5048,2.555
3,5049,3.073
3,5050,2.493
3,5051,2.952
3,5052,2.812
3,5053,2.403
3,5054,2.885
3,5055,3.383
3,5056,2.518
3,5057,3.018
3,5058,2.065
3,5059,2.210
3,5060,2.256
3,5061,2.375
3,5062,2.654
3,5063,2.371
3,5064,2.800
3,5065,2.657
3,5066,2.029
3,5067,2.476
3,5068,3.406
3,5069,2.644
3,5070,3.348
3,5071,3.798
3,5072,3.119
3,5073,2.832
3,5074,2.555
3,5075,2.710
3,5076,2.282
3,5077,3.081
3,5078,2.604
3,5079,2.587
3,5080,2.982
3,5081,2.097
3,5082,2.985
3,5083,2.775
3,5084,2.874
3,5085,2.475
3,5086,2.374
3,5087,2.561
3,5088,2.412
3,5089,1.952
3,5090,1.991
3,5091,3.123
3,5092,4.498
3,5093,2.229
3,5094,2.074
3,5095,1.977
3,5096,3.539
3,5097,2.668
3,5098,3.065
3,5099,2.152
3,5100,2.095
3,5101,2.299
3,5102,2.433
3,5103,2.336
3,5104,3.257
3,5105,2.545
3,5106,2.479
3,5107,2.428
3,5108,1.852
3,5109,2.386
3,5110,2.263
3,5111,2.289
3,5112,2.699
3,5113,2.399
3,5114,1.932
3,5115,2.058
3,5116,2.804
3,5117,1.686
3,5118,1.592
3,5119,2.705
3,5120,1.965
3,5121,2.260
3,5122,2.014
3,5123,2.205
3,5124,2.859
3,5125,4.164
3,5126,2.008
3,5127,2.668
3,5128,2.320
3,5129,1.701
3,5130,2.338
3,5131,2.001
3,5132,1.892
3,5133,1.632
3,5134,2.868
3,5135,1.846
3,5136,1.562
3,5137,2.553
3,5138,2.560
3,5139,1.676
3,5140,1.835
3,5141,1.700
3,5142,1.842
3,5143,1.566
3,5144,1.683
3,5145,1.623
3,5146,2.838
3,5147,2.740
3,5148,2.145
3,5149,1.986
3,5150,2.161
3,5151,3.091
3,5152,2.183
3,5153,3.117
3,5154,3.637
3,5155,2.157
3,5156,2.759
3,5157,1.787
3,5158,1.765
3,5159,2.444
3,5160,2.545
3,5161,2.209
3,5162,3.259
3,5163,2.387
3,5164,2.414
3,5165,2.113
3,5166,2.251
3,5167,2.799
3,5168,1.860
3,5169,1.563
3,5170,1.548
3,5171,1.859
3,5172,1.857
3,5173,1.876
3,5174,2.364
3,5175,2.083
3,5176,1.993
3,5177,1.661
3,5178,2.678
3,5179,2.560
3,5180,1.569
3,5181,1.676
3,5182,2.821
3,5183,2.022
3,5184,2.076
3,5185,3.100
3,5186,2.012
3,5187,2.346
3,5188,2.173
3,5189,2.069
3,5190,2.051
3,5191,2.112
3,5192,1.961
3,5193,1.572
3,5194,2.534
3,5195,2.298
3,5196,2.575
3,5197,2.386
3,5198,1.969
3,5199,1.720
3,5200,2.477
3,5201,1.952
3,5202,1.939
3,5203,2.053
3,5204,1.917
3,5205,2.271
3,5206,2.390
3,5207,2.497
3,5208,3.743
3,5209,3.141
3,5210,2.367
3,5211,1.794
3,5212,2.842
3,5213,3.113
3,5214,2.952
3,5215,2.162
3,5216,4.183
3,5217,2.622
3,5218,1.713
3,5219,1.548
3,5220,1.647
3,5221,2.219
3,5222,1.858
3,5223,2.877
3,5224,2.343
3,5225,2.006
3,5226,2.015
3,5227,1.843
3,5228,1.586
3,5229,1.962
3,5230,2.276
3,5231,2.315
3,5232,1.597
3,5233,1.785
3,5234,1.839
3,5235,1.631
3,5236,1.738
3,5237,1.997
3,5238,3.352
3,5239,2.218
3,5240,2.564
3,5241,2.165
3,5242,1.552
3,5243,1.752
3,5244,3.067
3,5245,2.815
3,5246,2.665
3,5247,1.802
3,5248,1.551
3,5249,2.114
3,5250,2.088
3,5251,1.575
3,5252,1.413
3,5253,2.715
3,5254,5.829
3,5255,2.219
3,5256,1.732
3,5257,1.630
3,5258,1.872
3,5259,1.933
3,5260,1.813
3,5261,2.588
3,5262,2.158
3,5263,2.005
3,5264,1.689
3,5265,1.738
3,5266,1.672
3,5267,1.941
3,5268,2.017
3,5269,2.577
3,5270,2.477
3,5271,1.649
3,5272,2.392
3,5273,2.074
3,5274,1.705
3,5275,2.302
3,5276,3.445
3,5277,2.001
3,5278,2.712
3,5279,1.800
3,5280,1.774
3,5281,1.872
3,5282,2.576
3,5283,2.174
3,5284,2.471
3,5285,3.169
3,5286,2.383
3,5287,2.383
3,5288,2.446
3,5289,2.894
3,5290,2.297
3,5291,2.119
3,5292,1.720
3,5293,2.249
3,5294,2.628
3,5295,2.278
3,5296,2.290
3,5297,1.916
3,5298,1.950
3,5299,2.369
3,5300,2.564
3,5301,1.846
3,5302,3.203
3,5303,3.932
3,5304,2.494
3,5305,2.278
3,5306,2.179
3,5307,2.511
3,5308,2.302
3,5309,2.511
3,5310,3.166
3,5311,2.170
3,5312,1.787
3,5313,2.039
3,5314,2.083
3,5315,2.416
3,5316,2.812
3,5317,2.842
3,5318,2.516
3,5319,2.380
3,5320,1.707
3,5321,1.853
3,5322,2.087
3,5323,2.079
3,5324,1.863
3,5325,2.180
3,5326,2.672
3,5327,2.188
3,5328,2.724
3,5329,2.806
3,5330,3.451
3,5331,3.881
3,5332,2.700
3,5333,2.441
3,5334,1.947
3,5335,1.952
3,5336,2.129
3,5337,1.757
3,5338,1.511
3,5339,1.424
3,5340,2.830
3,5341,3.072
3,5342,2.113
3,5343,2.131
3,5344,1.934
3,5345,1.922
3,5346,1.875
3,5347,1.625
3,5348,1.605
3,5349,2.320
3,5350,2.571
3,5351,1.850
3,5352,1.605
3,5353,1.618
3,5354,1.688
3,5355,1.709
3,5356,1.686
3,5357,2.328
3,5358,3.189
3,5359,2.185
3,5360,2.837
3,5361,2.773
3,5362,2.096
3,5363,2.031
3,5364,2.984
3,5365,1.807
3,5366,2.059
3,5367,1.701
3,5368,1.573
3,5369,1.974
3,5370,1.866
3,5371,1.770
3,5372,1.827
3,5373,2.774
3,5374,3.708
3,5375,2.512
3,5376,1.961
3,5377,1.906
3,5378,2.360
3,5379,2.374
3,5380,1.618
3,5381,1.400
3,5382,1.718
3,5383,2.023
3,5384,1.893
3,5385,2.141
3,5386,2.822
3,5387,2.107
3,5388,1.729
3,5389,1.985
3,5390,1.882
3,5391,1.725
3,5392,1.589
3,5393,4.679
3,5394,2.322
3,5395,3.026
3,5396,2.583
3,5397,2.487
3,5398,3.107
3,5399,3.101
3,5400,3.257
3,5401,2.518
3,5402,2.259
3,5403,2.340
3,5404,2.447
3,5405,2.220
3,5406,2.618
3,5407,1.741
3,5408,2.046
3,5409,3.678
3,5410,3.536
3,5411,3.622
3,5412,2.925
3,5413,3.501
3,5414,2.672
3,5415,2.619
3,5416,2.299
3,5417,2.204
3,5418,3.792
3,5419,3.228
3,5420,2.665
3,5421,2.476
3,5422,2.675
3,5423,2.592
3,5424,2.054
3,5425,2.746
3,5426,3.111
3,5427,2.318
3,5428,2.706
3,5429,2.363
3,5430,2.476
3,5431,2.543
3,5432,2.155
3,5433,3.250
3,5434,2.380
3,5435,1.963
3,5436,2.106
3,5437,2.289
3,5438,1.762
3,5439,2.082
3,5440,2.680
3,5441,3.013
3,5442,2.419
3,5443,2.595
3,5444,3.614
3,5445,2.516
3,5446,1.994
3,5447,1.786
3,5448,2.704
3,5449,2.117
3,5450,1.844
3,5451,2.687
3,5452,2.291
3,5453,2.455
3,5454,2.772
3,5455,2.267
3,5456,1.688
3,5457,1.949
3,5458,1.791
3,5459,1.753
3,5460,1.597
3,5461,2.488
3,5462,2.350
3,5463,2.231
3,5464,2.532
3,5465,1.826
3,5466,1.497
3,5467,1.959
3,5468,2.867
3,5469,1.973
3,5470,1.826
3,5471,1.938
3,5472,1.790
3,5473,2.402
3,5474,3.614
3,5475,2.463
3,5476,2.571
3,5477,2.687
3,5478,1.821
3,5479,2.197
3,5480,2.457
3,5481,1.896
3,5482,2.613
3,5483,2.931
3,5484,1.750
3,5485,2.196
3,5486,1.981
3,5487,1.553
3,5488,2.136
3,5489,2.052
3,5490,1.935
3,5491,1.931
3,5492,1.933
3,5493,1.915
3,5494,1.769
3,5495,1.854
3,5496,2.263
3,5497,2.764
3,5498,2.720
3,5499,3.368
3,5500,2.071
3,5501,2.381
3,5502,3.560
3,5503,3.320
3,5504,2.408
3,5505,2.118
3,5506,2.874
3,5507,2.480
3,5508,1.725
3,5509,1.970
3,5510,2.330
3,5511,1.802
3,5512,2.077
3,5513,2.823
3,5514,1.873
3,5515,1.722
3,5516,2.693
3,5517,2.640
3,5518,2.330
3,5519,2.114
3,5520,2.146
3,5521,2.068
3,5522,2.309
3,5523,1.924
3,5524,2.246
3,5525,2.960
3,5526,2.532
3,5527,2.133
3,5528,2.219
3,5529,2.483
3,5530,2.707
3,5531,3.980
3,5532,2.497
3,5533,3.184
3,5534,2.022
3,5535,2.507
3,5536,2.967
3,5537,2.266
3,5538,2.880
3,5539,2.961
3,5540,2.773
3,5541,2.702
3,5542,2.378
3,5543,2.423
3,5544,2.392
3,5545,1.954
3,5546,2.522
3,5547,2.985
3,5548,2.986
3,5549,2.969
3,5550,2.618
3,5551,3.678
3,5552,3.391
3,5553,3.375
3,5554,3.602
3,5555,3.401
3,5556,2.342
3,5557,2.606
3,5558,3.264
3,5559,2.691
3,5560,2.670
3,5561,2.298
3,5562,2.158
3,5563,3.783
3,5564,2.787
3,5565,2.754
3,5566,2.770
3,5567,2.103
3,5568,2.438
3,5569,2.448
3,5570,3.204
3,5571,3.006
3,5572,3.061
3,5573,2.846
3,5574,2.305
3,5575,4.170
3,5576,3.392
3,5577,3.072
3,5578,3.399
3,5579,2.754
3,5580,3.134
3,5581,2.592
3,5582,3.009
3,5583,2.293
3,5584,2.696
3,5585,3.368
3,5586,2.977
3,5587,2.511
3,5588,2.359
3,5589,3.253
3,5590,2.632
3,5591,2.697
3,5592,2.727
3,5593,3.153
3,5594,2.528
3,5595,2.116
3,5596,2.066
3,5597,3.335
3,5598,2.787
3,5599,2.344
3,5600,3.098
3,5601,2.160
3,5602,2.229
3,5603,3.899
3,5604,2.689
3,5605,2.878
3,5606,2.921
3,5607,2.617
3,5608,2.571
3,5609,2.507
3,5610,3.225
3,5611,2.596
3,5612,2.820
3,5613,2.664
3,5614,2.361
3,5615,2.665
3,5616,2.339
3,5617,2.572
3,5618,2.347
3,5619,2.465
3,5620,2.726
3,5621,2.362
3,5622,2.339
3,5623,3.019
3,5624,2.479
3,5625,2.233
3,5626,4.036
3,5627,3.730
3,5628,3.178
3,5629,3.166
3,5630,2.888
3,5631,2.511
3,5632,3.506
3,5633,3.527
3,5634,3.634
3,5635,3.128
3,5636,2.757
3,5637,3.412
3,5638,2.634
3,5639,3.079
3,5640,2.640
3,5641,2.455
3,5642,2.854
3,5643,3.455
3,5644,3.471
3,5645,4.721
3,5646,2.837
3,5647,4.511
3,5648,6.500
3,5649,6.699
3,5650,2.602
3,5651,2.198
3,5652,4.182
3,5653,2.765
3,5654,3.483
3,5655,2.543
3,5656,2.671
3,5657,2.486
3,5658,2.272
3,5659,2.693
3,5660,3.017
3,5661,3.038
3,5662,2.737
3,5663,3.032
3,5664,3.887
3,5665,3.596
3,5666,3.148
3,5667,2.716
3,5668,2.654
3,5669,3.916
3,5670,2.979
3,5671,2.578
3,5672,2.040
3,5673,3.427
3,5674,2.070
3,5675,2.041
3,5676,3.589
3,5677,2.624
3,5678,2.656
3,5679,2.379
3,5680,2.971
3,5681,2.499
3,5682,3.600
3,5683,3.160
3,5684,2.700
3,5685,2.721
3,5686,2.960
3,5687,3.000
3,5688,3.317
3,5689,2.591
3,5690,3.609
3,5691,3.428
3,5692,3.456
3,5693,2.965
3,5694,2.899
3,5695,2.358
3,5696,2.227
3,5697,3.782
3,5698,3.019
3,5699,2.491
3,5700,2.532
3,5701,2.433
3,5702,2.426
3,5703,2.130
3,5704,2.466
3,5705,3.030
3,5706,1.821
3,5707,1.616
3,5708,1.930
3,5709,2.312
3,5710,1.948
3,5711,1.725
3,5712,3.201
3,5713,2.766
3,5714,2.708
3,5715,2.242
3,5716,2.014
3,5717,2.547
3,5718,3.814
3,5719,2.633
3,5720,3.052
3,5721,2.129
3,5722,2.547
3,5723,2.386
3,5724,1.964
3,5725,3.195
3,5726,2.313
3,5727,2.350
3,5728,2.223
3,5729,2.003
3,5730,2.611
3,5731,2.421
3,5732,1.979
3,5733,1.863
3,5734,2.361
3,5735,2.339
3,5736,1.987
3,5737,2.754
3,5738,2.287
3,5739,2.178
3,5740,3.270
3,5741,2.180
3,5742,2.952
3,5743,4.303
3,5744,2.984
3,5745,4.557
3,5746,2.861
3,5747,2.806
3,5748,3.460
3,5749,2.844
3,5750,2.706
3,5751,3.752
3,5752,3.049
3,5753,3.153
3,5754,2.060
3,5755,2.147
3,5756,2.702
3,5757,2.013
3,5758,2.062
3,5759,2.707
3,5760,2.723
3,5761,1.868
3,5762,2.698
3,5763,2.229
3,5764,2.088
3,5765,2.374
3,5766,2.101
3,5767,1.840
3,5768,4.151
3,5769,2.043
3,5770,1.971
3,5771,3.230
3,5772,2.287
3,5773,2.501
3,5774,1.838
3,5775,2.486
3,5776,2.967
3,5777,2.378
3,5778,2.497
3,5779,2.547
3,5780,1.909
3,5781,1.604
3,5782,1.769
3,5783,2.355
3,5784,1.727
3,5785,2.577
3,5786,2.349
3,5787,1.822
3,5788,1.867
3,5789,2.111
3,5790,1.933
3,5791,2.393
3,5792,2.836
3,5793,3.275
3,5794,2.775
3,5795,2.187
3,5796,1.681
3,5797,1.797
3,5798,3.021
3,5799,4.323
3,5800,2.829
3,5801,2.261
3,5802,1.948
3,5803,1.911
3,5804,1.629
3,5805,2.450
3,5806,3.556
3,5807,2.493
3,5808,2.605
3,5809,2.488
3,5810,2.241
3,5811,2.376
3,5812,2.819
3,5813,2.739
3,5814,2.679
3,5815,2.869
3,5816,2.573
3,5817,2.338
3,5818,2.701
3,5819,3.847
3,5820,2.523
3,5821,2.517
3,5822,2.299
3,5823,2.006
3,5824,2.581
3,5825,2.228
3,5826,2.303
3,5827,2.030
3,5828,2.328
3,5829,1.988
3,5830,2.068
3,5831,2.769
3,5832,2.185
3,5833,2.172
3,5834,2.772
3,5835,1.924
3,5836,1.720
3,5837,1.970
3,5838,2.104
3,5839,2.650
3,5840,2.562
3,5841,1.894
3,5842,2.243
3,5843,2.445
3,5844,1.849
3,5845,1.652
3,5846,2.383
3,5847,3.886
3,5848,3.017
3,5849,3.572
3,5850,2.657
3,5851,2.936
3,5852,2.608
3,5853,3.047
3,5854,3.256
3,5855,2.872
3,5856,2.218
3,5857,2.400
3,5858,2.821
3,5859,2.673
3,5860,1.821
3,5861,2.417
3,5862,2.523
3,5863,2.535
3,5864,2.848
3,5865,2.407
3,5866,2.036
3,5867,1.974
3,5868,2.080
3,5869,2.228
3,5870,3.045
3,5871,2.137
3,5872,1.734
3,5873,2.687
3,5874,2.851
3,5875,2.766
3,5876,2.888
3,5877,2.622
3,5878,2.662
3,5879,2.778
3,5880,2.593
3,5881,4.389
3,5882,3.659
3,5883,2.909
3,5884,2.741
3,5885,3.359
3,5886,2.358
3,5887,2.728
3,5888,2.440
3,5889,2.020
3,5890,2.594
3,5891,1.972
3,5892,2.098
3,5893,2.147
3,5894,2.459
3,5895,2.113
3,5896,2.212
3,5897,2.824
3,5898,2.486
3,5899,2.078
3,5900,2.036
3,5901,2.342
3,5902,2.410
3,5903,1.984
3,5904,1.680
3,5905,1.625
3,5906,2.089
3,5907,2.253
3,5908,1.924
3,5909,3.391
3,5910,3.202
3,5911,1.920
3,5912,3.016
3,5913,2.106
3,5914,2.923
3,5915,2.793
3,5916,1.839
3,5917,2.113
3,5918,2.000
3,5919,1.771
3,5920,2.100
3,5921,2.118
3,5922,2.257
3,5923,2.463
3,5924,2.213
3,5925,1.689
3,5926,1.542
3,5927,1.742
3,5928,2.792
3,5929,1.972
3,5930,2.988
3,5931,2.627
3,5932,2.326
3,5933,2.404
3,5934,2.074
3,5935,1.951
3,5936,2.831
3,5937,4.967
3,5938,3.024
3,5939,2.527
3,5940,2.293
3,5941,3.394
3,5942,3.053
3,5943,3.081
3,5944,1.890
3,5945,1.868
3,5946,2.229
3,5947,2.266
3,5948,2.171
3,5949,2.682
3,5950,2.092
3,5951,2.563
3,5952,2.210
3,5953,1.917
3,5954,1.843
3,5955,3.317
3,5956,3.046
3,5957,2.501
3,5958,3.093
3,5959,3.961
3,5960,2.659
3,5961,1.954
3,5962,2.056
3,5963,4.554
3,5964,3.438
3,5965,2.982
3,5966,2.404
3,5967,2.515
3,5968,1.936
3,5969,1.822
3,5970,2.241
3,5971,2.473
3,5972,1.796
3,5973,2.655
3,5974,2.586
3,5975,1.889
3,5976,2.154
3,5977,1.865
3,5978,1.625
3,5979,2.674
3,5980,3.094
3,5981,3.146
3,5982,2.978
3,5983,2.545
3,5984,2.432
3,5985,2.551
3,5986,2.612
3,5987,2.777
3,5988,3.129
3,5989,2.363
3,5990,2.785
3,5991,2.157
3,5992,3.295
3,5993,2.654
3,5994,2.334
3,5995,2.524
3,5996,2.077
3,5997,1.653
3,5998,1.912
3,5999,2.530
3,6000,2.586
3,6001,2.208
3,6002,2.112
3,6003,2.180
3,6004,2.096
3,6005,1.905
3,6006,1.945
3,6007,2.096
3,6008,3.626
3,6009,2.026
3,6010,2.041
3,6011,2.331
3,6012,2.126
3,6013,2.289
3,6014,2.123
3,6015,1.891
3,6016,2.856
3,6017,3.657
3,6018,1.904
3,6019,2.522
3,6020,2.400
3,6021,1.820
3,6022,2.566
3,6023,3.094
3,6024,2.224
3,6025,2.605
3,6026,1.996
3,6027,1.651
3,6028,1.708
3,6029,1.903
3,6030,1.835
3,6031,2.269
3,6032,2.001
3,6033,2.402
3,6034,2.512
3,6035,2.864
3,6036,2.190
3,6037,2.050
3,6038,2.493
3,6039,2.568
3,6040,2.163
3,6041,2.002
3,6042,2.203
3,6043,1.632
3,6044,2.148
3,6045,2.408
3,6046,1.818
3,6047,3.262
3,6048,3.545
3,6049,2.744
3,6050,3.496
3,6051,1.967
3,6052,2.259
3,6053,3.049
3,6054,3.782
3,6055,3.383
3,6056,3.549
3,6057,3.976
3,6058,3.676
3,6059,2.878
3,6060,3.818
3,6061,3.282
3,6062,3.439
3,6063,3.228
3,6064,2.986
3,6065,4.411
3,6066,5.905
3,6067,2.751
3,6068,3.338
3,6069,2.571
3,6070,3.883
3,6071,3.136
3,6072,2.750
3,6073,2.353
3,6074,2.904
3,6075,2.656
3,6076,2.647
3,6077,2.633
3,6078,2.675
3,6079,2.376
3,6080,2.503
3,6081,2.965
3,6082,3.422
3,6083,2.939
3,6084,2.432
3,6085,2.738
3,6086,2.437
3,6087,3.018
3,6088,2.738
3,6089,3.208
3,6090,4.440
3,6091,2.554
3,6092,3.722
3,6093,3.975
3,6094,3.122
3,6095,2.646
3,6096,2.832
3,6097,2.485
3,6098,2.828
3,6099,2.962
3,6100,2.469
3,6101,2.695
3,6102,2.638
3,6103,2.694
3,6104,3.664
3,6105,3.115
3,6106,2.772
3,6107,2.481
3,6108,2.756
3,6109,2.681
3,6110,3.610
3,6111,2.944
3,6112,2.435
3,6113,4.339
3,6114,3.414
3,6115,4.238
3,6116,3.226
3,6117,3.073
3,6118,3.001
3,6119,3.427
3,6120,2.883
3,6121,3.483
3,6122,3.150
3,6123,2.717
3,6124,2.997
3,6125,2.863
3,6126,3.556
3,6127,3.085
3,6128,3.252
3,6129,2.752
3,6130,2.972
3,6131,3.676
3,6132,3.361
3,6133,4.515
3,6134,3.563
3,6135,2.641
3,6136,4.637
3,6137,3.798
3,6138,3.636
3,6139,3.565
3,6140,3.340
3,6141,2.698
3,6142,3.196
3,6143,2.706
3,6144,3.719
3,6145,3.254
3,6146,3.851
3,6147,3.739
3,6148,3.377
3,6149,2.960
3,6150,3.414
3,6151,3.110
3,6152,3.954
3,6153,6.719
3,6154,6.176
3,6155,3.583
3,6156,2.861
3,6157,3.710
3,6158,3.221
3,6159,3.719
3,6160,3.694
3,6161,3.408
3,6162,3.524
3,6163,4.164
3,6164,3.162
3,6165,2.250
3,6166,1.967
3,6167,2.590
3,6168,2.163
3,6169,3.197
3,6170,5.449
3,6171,3.475
3,6172,2.267
3,6173,1.973
3,6174,4.053
3,6175,2.609
3,6176,3.078
3,6177,2.925
3,6178,2.118
3,6179,2.686
3,6180,2.195
3,6181,2.176
3,6182,2.296
3,6183,1.910
3,6184,1.589
3,6185,2.172
3,6186,2.670
3,6187,2.026
3,6188,3.006
3,6189,2.389
3,6190,2.183
3,6191,2.454
3,6192,2.164
3,6193,2.118
3,6194,2.365
3,6195,2.195
3,6196,1.887
3,6197,6.343
3,6198,3.253
3,6199,3.177
3,6200,2.449
3,6201,2.675
3,6202,2.173
3,6203,2.117
3,6204,2.422
3,6205,2.889
3,6206,2.123
3,6207,2.156
3,6208,1.798
3,6209,2.000
3,6210,2.259
3,6211,2.069
3,6212,1.921
3,6213,3.434
3,6214,2.213
3,6215,1.745
3,6216,2.341
3,6217,2.316
3,6218,2.890
3,6219,2.971
3,6220,2.168
3,6221,2.026
3,6222,2.281
3,6223,2.066
3,6224,2.193
3,6225,4.349
3,6226,2.581
3,6227,3.869
3,6228,2.133
3,6229,2.508
3,6230,2.439
3,6231,2.166
3,6232,2.196
3,6233,2.089
3,6234,2.705
3,6235,2.051
3,6236,1.932
3,6237,1.902
3,6238,2.519
3,6239,2.525
3,6240,2.157
3,6241,2.652
3,6242,3.455
3,6243,1.955
3,6244,2.742
3,6245,3.043
3,6246,2.356
3,6247,2.592
3,6248,3.689
3,6249,4.655
3,6250,2.292
3,6251,2.449
3,6252,1.917
3,6253,1.843
3,6254,2.815
3,6255,1.990
3,6256,3.031
3,6257,2.688
3,6258,1.926
3,6259,1.764
3,6260,2.080
3,6261,1.903
3,6262,1.774
3,6263,1.803
3,6264,2.615
3,6265,2.125
3,6266,2.296
3,6267,2.947
3,6268,2.258
3,6269,2.197
3,6270,2.229
3,6271,3.732
3,6272,2.804
3,6273,2.174
3,6274,2.450
3,6275,2.405
3,6276,2.272
3,6277,2.893
3,6278,3.972
3,6279,3.541
3,6280,3.082
3,6281,2.469
3,6282,2.983
3,6283,2.366
3,6284,2.351
3,6285,2.744
3,6286,2.092
3,6287,2.436
3,6288,2.408
3,6289,2.744
3,6290,2.257
3,6291,1.846
3,6292,1.721
3,6293,2.519
3,6294,2.805
3,6295,2.257
3,6296,2.927
3,6297,2.392
3,6298,2.235
3,6299,2.153
3,6300,2.202
3,6301,1.813
3,6302,2.729
3,6303,3.391
3,6304,1.872
3,6305,2.239
3,6306,2.073
3,6307,1.868
3,6308,3.794
3,6309,2.154
3,6310,2.224
3,6311,2.241
3,6312,1.790
3,6313,1.543
3,6314,1.752
3,6315,1.770
3,6316,3.141
3,6317,2.102
3,6318,1.933
3,6319,1.659
3,6320,1.798
3,6321,2.013
3,6322,1.752
3,6323,1.663
3,6324,1.951
3,6325,3.460
3,6326,2.032
3,6327,1.832
3,6328,2.039
3,6329,1.790
3,6330,1.746
3,6331,1.792
3,6332,2.765
3,6333,2.267
3,6334,2.247
3,6335,3.748
3,6336,2.009
3,6337,3.466
3,6338,2.621
3,6339,2.365
3,6340,2.376
3,6341,1.764
3,6342,1.857
3,6343,2.057
3,6344,1.927
3,6345,2.196
3,6346,2.293
3,6347,2.351
3,6348,2.362
3,6349,2.273
3,6350,1.981
3,6351,1.827
3,6352,2.696
3,6353,3.146
3,6354,1.957
3,6355,2.364
3,6356,2.847
3,6357,1.876
3,6358,2.515
3,6359,2.394
3,6360,2.307
3,6361,2.747
3,6362,3.846
3,6363,5.173
3,6364,2.660
3,6365,3.502
3,6366,2.356
3,6367,2.591
3,6368,2.136
3,6369,2.697
3,6370,2.516
3,6371,2.078
3,6372,2.042
3,6373,2.181
3,6374,2.258
3,6375,2.126
3,6376,2.651
3,6377,2.566
3,6378,2.009
3,6379,3.110
3,6380,2.411
3,6381,2.208
3,6382,3.164
3,6383,2.198
3,6384,2.374
3,6385,2.222
3,6386,1.812
3,6387,2.111
3,6388,4.217
3,6389,2.449
3,6390,3.188
3,6391,2.827
3,6392,3.647
3,6393,3.730
3,6394,2.644
3,6395,2.111
3,6396,1.728
3,6397,2.115
3,6398,2.725
3,6399,2.019
3,6400,2.917
3,6401,4.057
3,6402,4.336
3,6403,2.798
3,6404,4.668
3,6405,3.009
3,6406,2.828
3,6407,2.734
3,6408,3.546
3,6409,3.913
3,6410,5.571
3,6411,3.566
3,6412,3.752
3,6413,2.529
3,6414,2.726
3,6415,2.692
3,6416,2.390
3,6417,1.972
3,6418,2.009
3,6419,3.004
3,6420,2.833
3,6421,3.108
3,6422,3.135
3,6423,2.241
3,6424,2.980
3,6425,2.849
3,6426,1.683
3,6427,2.443
3,6428,2.298
3,6429,2.537
3,6430,2.146
3,6431,2.294
3,6432,2.107
3,6433,2.351
3,6434,3.145
3,6435,2.471
3,6436,3.312
3,6437,2.605
3,6438,3.169
3,6439,2.357
3,6440,2.216
3,6441,2.321
3,6442,1.877
3,6443,2.277
3,6444,3.217
3,6445,2.770
3,6446,2.354
3,6447,2.604
3,6448,2.428
3,6449,2.464
3,6450,3.128
3,6451,2.079
3,6452,3.078
3,6453,2.347
3,6454,2.262
3,6455,2.784
3,6456,2.333
3,6457,2.633
3,6458,2.395
3,6459,2.317
3,6460,2.480
3,6461,2.870
3,6462,4.246
3,6463,3.089
3,6464,2.152
3,6465,2.035
3,6466,2.157
3,6467,1.903
3,6468,2.836
3,6469,2.593
3,6470,2.564
3,6471,2.482
3,6472,2.027
3,6473,1.852
3,6474,2.161
3,6475,2.290
3,6476,1.988
3,6477,2.601
3,6478,2.486
3,6479,2.121
3,6480,2.441
3,6481,2.006
3,6482,2.205
3,6483,2.043
3,6484,2.095
3,6485,1.952
3,6486,2.881
3,6487,1.871
3,6488,1.764
3,6489,2.414
3,6490,3.619
3,6491,2.065
3,6492,3.154
3,6493,2.916
3,6494,2.083
3,6495,2.708
3,6496,2.247
3,6497,2.237
3,6498,2.018
3,6499,1.896
3,6500,1.977
3,6501,2.593
3,6502,2.624
3,6503,2.517
3,6504,2.228
3,6505,2.129
3,6506,1.710
3,6507,2.760
3,6508,2.010
3,6509,2.412
3,6510,2.525
3,6511,1.863
3,6512,1.513
3,6513,1.612
3,6514,1.729
3,6515,1.771
3,6516,1.641
3,6517,1.717
3,6518,4.083
3,6519,1.974
3,6520,2.093
3,6521,1.852
3,6522,2.343
3,6523,3.486
3,6524,3.176
3,6525,2.916
3,6526,2.363
3,6527,2.212
3,6528,2.328
3,6529,2.661
3,6530,2.223
3,6531,2.530
3,6532,2.587
3,6533,1.978
3,6534,2.866
3,6535,2.604
3,6536,2.604
3,6537,2.552
3,6538,2.086
3,6539,2.679
3,6540,2.265
3,6541,1.828
3,6542,2.252
3,6543,3.132
3,6544,2.296
3,6545,2.752
3,6546,4.008
3,6547,2.869
3,6548,3.795
3,6549,2.432
3,6550,2.777
3,6551,2.104
3,6552,2.779
3,6553,2.117
3,6554,3.102
3,6555,2.982
3,6556,4.255
3,6557,2.979
3,6558,2.653
3,6559,3.491
3,6560,2.594
3,6561,2.838
3,6562,2.824
3,6563,1.988
3,6564,3.018
3,6565,3.592
3,6566,4.646
3,6567,3.139
3,6568,2.862
3,6569,3.040
3,6570,3.524
3,6571,2.942
3,6572,2.184
3,6573,2.659
3,6574,2.387
3,6575,2.980
3,6576,2.903
3,6577,2.566
3,6578,2.673
3,6579,2.174
3,6580,2.167
3,6581,2.502
3,6582,2.512
3,6583,3.145
3,6584,2.812
3,6585,2.374
3,6586,2.703
3,6587,2.941
3,6588,2.469
3,6589,2.556
3,6590,2.619
3,6591,2.566
3,6592,4.521
3,6593,3.336
3,6594,2.951
3,6595,2.701
3,6596,3.386
3,6597,2.293
3,6598,2.922
3,6599,2.500
3,6600,2.706
3,6601,2.921
3,6602,2.205
3,6603,3.038
3,6604,2.505
3,6605,2.093
3,6606,2.864
3,6607,3.041
3,6608,2.536
3,6609,2.697
3,6610,3.020
3,6611,2.703
3,6612,2.231
3,6613,2.430
3,6614,3.043
3,6615,4.246
3,6616,3.911
3,6617,2.393
3,6618,3.351
3,6619,2.525
3,6620,2.751
3,6621,3.496
3,6622,3.141
3,6623,2.555
3,6624,2.593
3,6625,2.699
3,6626,2.455
3,6627,3.441
3,6628,3.238
3,6629,2.343
3,6630,3.201
3,6631,2.512
3,6632,3.553
3,6633,2.667
3,6634,2.523
3,6635,2.315
3,6636,2.421
3,6637,2.219
3,6638,2.719
3,6639,2.537
3,6640,2.599
3,6641,2.648
3,6642,2.616
3,6643,3.122
3,6644,2.456
3,6645,3.341
3,6646,2.859
3,6647,3.257
3,6648,2.800
3,6649,3.122
3,6650,3.357
3,6651,2.936
3,6652,3.859
3,6653,3.571
3,6654,3.354
3,6655,2.574
3,6656,2.235
3,6657,2.014
3,6658,1.664
3,6659,1.620
3,6660,2.665
3,6661,3.096
3,6662,3.755
3,6663,2.564
3,6664,1.841
3,6665,1.864
3,6666,3.085
3,6667,3.106
3,6668,2.525
3,6669,2.080
3,6670,1.653
3,6671,1.883
3,6672,1.997
3,6673,1.881
3,6674,2.752
3,6675,2.498
3,6676,1.997
3,6677,2.106
3,6678,2.121
3,6679,1.737
3,6680,1.442
3,6681,2.535
3,6682,2.613
3,6683,2.325
3,6684,2.026
3,6685,2.114
3,6686,2.003
3,6687,2.109
3,6688,2.536
3,6689,2.220
3,6690,2.646
3,6691,4.026
3,6692,2.003
3,6693,2.289
3,6694,2.729
3,6695,3.066
3,6696,3.231
3,6697,3.053
3,6698,2.599
3,6699,2.207
3,6700,2.272
3,6701,2.328
3,6702,2.090
3,6703,1.857
3,6704,2.219
3,6705,2.269
3,6706,2.094
3,6707,2.911
3,6708,2.290
3,6709,2.508
3,6710,3.228
3,6711,2.426
3,6712,3.171
3,6713,2.215
3,6714,2.341
3,6715,2.187
3,6716,2.074
3,6717,1.583
3,6718,1.961
3,6719,4.031
3,6720,3.633
3,6721,3.069
3,6722,2.118
3,6723,2.346
3,6724,2.268
3,6725,2.115
3,6726,2.543
3,6727,2.651
3,6728,1.827
3,6729,2.182
3,6730,2.113
3,6731,1.823
3,6732,2.213
3,6733,2.319
3,6734,1.664
3,6735,2.236
3,6736,2.826
3,6737,2.191
3,6738,1.852
3,6739,2.542
3,6740,2.112
3,6741,1.741
3,6742,2.064
3,6743,2.053
3,6744,1.972
3,6745,2.303
3,6746,3.906
3,6747,2.766
3,6748,3.072
3,6749,2.316
3,6750,3.888
3,6751,2.971
3,6752,3.767
3,6753,2.308
3,6754,2.797
3,6755,2.687
3,6756,2.364
3,6757,2.310
3,6758,2.680
3,6759,2.685
3,6760,2.539
3,6761,2.095
3,6762,2.165
3,6763,3.452
3,6764,2.519
3,6765,2.792
3,6766,2.502
3,6767,2.276
3,6768,2.752
3,6769,3.103
3,6770,3.380
3,6771,2.921
3,6772,4.089
3,6773,2.894
3,6774,4.793
3,6775,3.523
3,6776,3.686
3,6777,3.275
3,6778,4.383
3,6779,3.252
3,6780,3.343
3,6781,2.071
3,6782,1.924
3,6783,2.965
3,6784,2.708
3,6785,2.827
3,6786,2.522
3,6787,2.105
3,6788,2.396
3,6789,2.275
3,6790,1.760
3,6791,2.826
3,6792,2.423
3,6793,1.749
3,6794,2.555
3,6795,3.612
3,6796,1.896
3,6797,3.556
3,6798,2.560
3,6799,2.612
3,6800,2.280
3,6801,2.057
3,6802,2.989
3,6803,2.358
3,6804,2.603
3,6805,3.088
3,6806,2.382
3,6807,2.679
3,6808,2.363
3,6809,2.616
3,6810,3.433
3,6811,2.486
3,6812,2.772
3,6813,2.927
3,6814,2.379
3,6815,2.816
3,6816,2.526
3,6817,1.917
3,6818,2.877
3,6819,3.149
3,6820,3.364
3,6821,2.640
3,6822,2.327
3,6823,4.024
3,6824,2.516
3,6825,3.332
3,6826,2.081
3,6827,2.065
3,6828,2.672
3,6829,4.067
3,6830,2.725
3,6831,2.345
3,6832,2.015
3,6833,2.050
3,6834,1.741
3,6835,1.914
3,6836,3.248
3,6837,2.201
3,6838,2.036
3,6839,3.497
3,6840,2.431
3,6841,2.620
3,6842,2.648
3,6843,2.962
3,6844,4.355
3,6845,2.148
3,6846,3.264
3,6847,2.638
3,6848,2.324
3,6849,2.794
3,6850,2.187
3,6851,1.991
3,6852,2.019
3,6853,1.688
3,6854,1.584
3,6855,2.489
3,6856,2.039
3,6857,2.695
3,6858,2.237
3,6859,2.129
3,6860,1.876
3,6861,2.324
3,6862,2.742
3,6863,2.174
3,6864,3.161
3,6865,2.301
3,6866,2.023
3,6867,2.505
3,6868,2.985
3,6869,3.931
3,6870,3.757
3,6871,3.269
3,6872,2.058
3,6873,1.836
3,6874,3.292
3,6875,2.510
3,6876,2.094
3,6877,2.394
3,6878,2.696
3,6879,2.225
3,6880,2.115
3,6881,2.005
3,6882,2.418
3,6883,2.480
3,6884,2.147
3,6885,2.026
3,6886,2.689
3,6887,2.049
3,6888,2.085
3,6889,3.826
3,6890,2.280
3,6891,2.379
3,6892,2.025
3,6893,2.461
3,6894,1.804
3,6895,1.992
3,6896,2.263
3,6897,2.098
3,6898,3.887
3,6899,2.384
3,6900,2.985
3,6901,2.286
3,6902,2.112
3,6903,3.263
3,6904,2.117
3,6905,1.943
3,6906,2.039
3,6907,1.979
3,6908,2.224
3,6909,2.490
3,6910,1.915
3,6911,1.664
3,6912,1.786
3,6913,2.044
3,6914,1.805
3,6915,1.593
3,6916,2.830
3,6917,2.392
3,6918,1.931
3,6919,1.973
3,6920,1.891
3,6921,1.745
3,6922,1.731
3,6923,1.982
3,6924,2.069
3,6925,2.426
3,6926,2.145
3,6927,2.191
3,6928,1.985
3,6929,1.993
3,6930,3.454
3,6931,2.749
3,6932,3.578
3,6933,2.309
3,6934,1.890
3,6935,2.116
3,6936,1.964
3,6937,2.073
3,6938,2.429
3,6939,1.788
3,6940,1.955
3,6941,2.076
3,6942,1.908
3,6943,1.674
3,6944,1.617
3,6945,2.142
3,6946,2.133
3,6947,1.581
3,6948,1.623
3,6949,3.301
3,6950,2.288
3,6951,2.259
3,6952,2.451
3,6953,1.911
3,6954,1.825
3,6955,1.889
3,6956,1.563
3,6957,2.420
3,6958,2.019
3,6959,3.402
3,6960,2.175
3,6961,2.537
3,6962,1.883
3,6963,1.615
3,6964,2.221
3,6965,3.214
3,6966,2.363
3,6967,2.641
3,6968,2.255
3,6969,1.793
3,6970,1.863
3,6971,1.786
3,6972,2.065
3,6973,2.854
3,6974,2.369
3,6975,1.892
3,6976,1.848
3,6977,2.084
3,6978,2.098
3,6979,2.186
3,6980,3.236
3,6981,2.590
3,6982,2.508
3,6983,2.448
3,6984,2.909
3,6985,3.547
3,6986,2.938
3,6987,2.956
3,6988,3.438
3,6989,2.049
3,6990,3.138
3,6991,2.187
3,6992,2.761
3,6993,2.445
3,6994,3.207
3,6995,2.415
3,6996,2.581
3,6997,3.114
3,6998,2.388
3,6999,1.952
3,7000,2.285
3,7001,2.376
3,7002,2.006
3,7003,1.771
3,7004,3.239
3,7005,2.332
3,7006,2.380
3,7007,3.018
3,7008,2.955
3,7009,2.356
3,7010,2.596
3,7011,2.617
3,7012,8.712
3,7013,6.232
3,7014,4.399
3,7015,3.388
3,7016,2.886
3,7017,4.097
3,7018,3.274
3,7019,3.111
3,7020,2.709
3,7021,3.850
3,7022,3.222
3,7023,5.293
3,7024,4.040
3,7025,3.740
3,7026,3.238
3,7027,3.764
3,7028,1.934
3,7029,2.350
3,7030,3.990
3,7031,2.832
3,7032,2.714
3,7033,2.564
3,7034,3.379
3,7035,2.446
3,7036,3.161
3,7037,2.995
3,7038,4.866
3,7039,5.149
3,7040,4.282
3,7041,2.959
3,7042,4.515
3,7043,3.363
3,7044,3.446
3,7045,3.419
3,7046,2.863
3,7047,2.708
3,7048,4.721
3,7049,4.721
3,7050,3.863
3,7051,3.530
3,7052,4.367
3,7053,3.730
3,7054,4.730
3,7055,3.170
3,7056,3.799
3,7057,3.085
3,7058,3.150
3,7059,3.199
3,7060,3.005
3,7061,3.275
3,7062,4.401
3,7063,3.733
3,7064,5.612
3,7065,4.065
3,7066,4.511
3,7067,3.504
3,7068,3.039
3,7069,3.418
3,7070,3.715
3,7071,3.864
3,7072,2.843
3,7073,4.199
3,7074,2.481
3,7075,2.572
3,7076,4.601
3,7077,2.805
3,7078,2.324
3,7079,3.213
3,7080,3.442
3,7081,2.548
3,7082,2.606
3,7083,2.380
3,7084,2.241
3,7085,3.462
3,7086,3.048
3,7087,3.107
3,7088,3.681
3,7089,2.786
3,7090,4.016
3,7091,2.855
3,7092,2.743
3,7093,2.240
3,7094,2.640
3,7095,2.806
3,7096,3.789
3,7097,3.472
3,7098,3.519
3,7099,2.870
3,7100,3.282
3,7101,3.529
3,7102,2.723
3,7103,2.866
3,7104,2.926
3,7105,2.783
3,7106,2.505
3,7107,2.768
3,7108,3.966
3,7109,2.707
3,7110,3.411
3,7111,2.711
3,7112,3.548
3,7113,2.802
3,7114,3.264
3,7115,3.661
3,7116,3.482
3,7117,3.394
3,7118,2.611
3,7119,2.144
3,7120,2.249
3,7121,2.709
3,7122,2.120
3,7123,2.142
3,7124,2.352
3,7125,2.764
3,7126,2.019
3,7127,2.566
3,7128,2.987
3,7129,1.936
3,7130,2.702
3,7131,2.068
3,7132,2.095
3,7133,3.816
3,7134,3.339
3,7135,3.167
3,7136,2.731
3,7137,2.765
3,7138,3.719
3,7139,3.885
3,7140,3.011
3,7141,3.009
3,7142,2.783
3,7143,1.914
3,7144,2.301
3,7145,2.387
3,7146,2.382
3,7147,3.588
3,7148,2.505
3,7149,3.365
3,7150,3.418
3,7151,3.557
3,7152,2.163
3,7153,2.080
3,7154,2.664
3,7155,2.471
3,7156,2.328
3,7157,3.013
3,7158,3.207
3,7159,2.054
3,7160,3.253
3,7161,2.263
3,7162,2.638
3,7163,1.971
3,7164,1.818
3,7165,2.493
3,7166,2.158
3,7167,1.813
3,7168,2.095
3,7169,2.693
3,7170,2.535
3,7171,2.017
3,7172,1.839
3,7173,1.808
3,7174,1.856
3,7175,2.447
3,7176,2.923
3,7177,2.053
3,7178,2.765
3,7179,1.951
3,7180,1.556
3,7181,1.722
3,7182,2.035
3,7183,2.589
3,7184,2.228
3,7185,3.456
3,7186,2.747
3,7187,2.697
3,7188,2.230
3,7189,1.843
3,7190,3.067
3,7191,2.354
3,7192,2.510
3,7193,2.612
3,7194,2.039
3,7195,2.449
3,7196,2.723
3,7197,2.165
3,7198,2.009
3,7199,2.490
3,7200,2.168
3,7201,2.328
3,7202,1.985
3,7203,1.987
3,7204,2.020
3,7205,2.805
3,7206,2.003
3,7207,1.966
3,7208,2.471
3,7209,3.016
3,7210,2.636
3,7211,2.425
3,7212,2.216
3,7213,2.631
3,7214,3.598
3,7215,2.526
3,7216,4.399
3,7217,2.868
3,7218,2.899
3,7219,2.377
3,7220,2.895
3,7221,2.541
3,7222,2.904
3,7223,2.578
3,7224,2.216
3,7225,2.987
3,7226,2.879
3,7227,2.574
3,7228,3.293
3,7229,3.364
3,7230,2.949
3,7231,2.638
3,7232,2.570
3,7233,2.466
3,7234,1.989
3,7235,2.269
3,7236,3.675
3,7237,2.283
3,7238,2.886
3,7239,2.214
3,7240,1.833
3,7241,2.875
3,7242,2.474
3,7243,2.350
3,7244,2.756
3,7245,2.310
3,7246,2.061
3,7247,1.933
3,7248,1.750
3,7249,2.004
3,7250,2.350
3,7251,3.087
3,7252,3.110
3,7253,3.260
3,7254,3.263
3,7255,4.254
3,7256,3.405
3,7257,2.872
3,7258,2.500
3,7259,3.076
3,7260,3.335
3,7261,4.516
3,7262,2.840
3,7263,2.636
3,7264,2.138
3,7265,1.976
3,7266,2.583
3,7267,3.111
3,7268,2.482
3,7269,2.825
3,7270,1.938
3,7271,2.102
3,7272,2.308
3,7273,1.833
3,7274,1.862
3,7275,2.277
3,7276,2.154
3,7277,2.607
3,7278,2.717
3,7279,2.273
3,7280,1.968
3,7281,2.594
3,7282,2.341
3,7283,2.068
3,7284,2.394
3,7285,2.813
3,7286,2.420
3,7287,2.693
3,7288,2.794
3,7289,2.678
3,7290,3.712
3,7291,3.535
3,7292,3.792
3,7293,2.812
3,7294,2.472
3,7295,1.802
3,7296,1.898
3,7297,1.942
3,7298,2.483
3,7299,2.446
3,7300,2.483
3,7301,2.042
3,7302,1.962
3,7303,2.198
3,7304,1.869
3,7305,1.530
3,7306,2.331
3,7307,3.536
3,7308,2.607
3,7309,2.507
3,7310,1.901
3,7311,1.570
3,7312,1.921
3,7313,1.976
3,7314,3.250
3,7315,3.014
3,7316,3.271
3,7317,2.209
3,7318,2.239
3,7319,1.814
3,7320,2.398
3,7321,3.456
3,7322,1.878
3,7323,1.934
3,7324,2.149
3,7325,2.036
3,7326,1.646
3,7327,2.213
3,7328,1.991
3,7329,2.586
3,7330,2.565
3,7331,2.145
3,7332,1.603
3,7333,1.669
3,7334,2.665
3,7335,2.511
3,7336,2.770
3,7337,3.257
3,7338,2.372
3,7339,2.498
3,7340,2.231
3,7341,2.247
3,7342,2.743
3,7343,2.069
3,7344,2.926
3,7345,4.172
3,7346,2.821
3,7347,4.238
3,7348,3.386
3,7349,2.809
3,7350,2.010
3,7351,2.323
3,7352,2.728
3,7353,1.913
3,7354,2.561
3,7355,2.094
3,7356,1.863
3,7357,2.898
3,7358,2.247
3,7359,1.806
3,7360,2.304
3,7361,2.684
3,7362,2.029
3,7363,2.528
3,7364,3.446
3,7365,3.932
3,7366,2.066
3,7367,2.483
3,7368,4.781
3,7369,2.784
3,7370,2.401
3,7371,2.364
3,7372,2.205
3,7373,3.235
3,7374,1.819
3,7375,2.183
3,7376,3.177
3,7377,1.751
3,7378,2.137
3,7379,2.048
3,7380,1.759
3,7381,1.929
3,7382,2.046
3,7383,2.712
3,7384,2.154
3,7385,2.373
3,7386,2.279
3,7387,1.611
3,7388,1.926
3,7389,2.809
3,7390,2.739
3,7391,2.545
3,7392,1.953
3,7393,1.613
3,7394,2.472
3,7395,2.224
3,7396,1.708
3,7397,2.866
3,7398,4.302
3,7399,2.756
3,7400,2.866
3,7401,3.185
3,7402,3.597
3,7403,2.183
3,7404,2.435
3,7405,2.407
3,7406,1.657
3,7407,2.103
3,7408,2.771
3,7409,2.279
3,7410,2.241
3,7411,2.140
3,7412,1.728
3,7413,1.604
3,7414,2.828
3,7415,2.445
3,7416,3.682
3,7417,2.616
3,7418,1.973
3,7419,2.172
3,7420,2.052
3,7421,1.692
3,7422,1.925
3,7423,3.394
3,7424,3.020
3,7425,2.750
3,7426,3.480
3,7427,2.313
3,7428,3.806
3,7429,2.539
3,7430,3.143
3,7431,1.818
3,7432,1.728
3,7433,2.040
3,7434,2.145
3,7435,2.318
3,7436,2.124
3,7437,1.825
3,7438,2.425
3,7439,2.218
3,7440,1.877
3,7441,1.602
3,7442,1.920
3,7443,3.237
3,7444,1.984
3,7445,1.654
3,7446,3.140
3,7447,2.130
3,7448,1.952
3,7449,2.472
3,7450,2.036
3,7451,1.914
3,7452,2.358
3,7453,1.992
3,7454,2.361
3,7455,2.342
3,7456,2.694
3,7457,1.929
3,7458,2.789
3,7459,2.121
3,7460,1.804
3,7461,2.487
3,7462,2.539
3,7463,2.234
3,7464,2.489
3,7465,2.427
3,7466,2.149
3,7467,2.655
3,7468,2.492
3,7469,3.105
3,7470,2.579
3,7471,2.194
3,7472,2.672
3,7473,2.842
3,7474,3.196
3,7475,2.833
3,7476,3.199
3,7477,4.065
3,7478,2.104
3,7479,2.412
3,7480,2.871
3,7481,2.693
3,7482,3.319
3,7483,2.187
3,7484,2.217
3,7485,2.129
3,7486,2.262
3,7487,3.633
3,7488,2.574
3,7489,3.065
3,7490,2.695
3,7491,2.308
3,7492,2.287
3,7493,2.114
3,7494,1.822
3,7495,1.819
3,7496,2.738
3,7497,2.590
3,7498,1.835
3,7499,2.421
3,7500,2.386
3,7501,1.722
3,7502,2.730
3,7503,3.030
3,7504,3.051
3,7505,2.163
3,7506,2.082
3,7507,2.300
3,7508,2.252
3,7509,1.919
3,7510,1.740
3,7511,3.013
3,7512,2.651
3,7513,2.729
3,7514,2.230
3,7515,1.672
3,7516,1.740
3,7517,2.011
3,7518,1.780
3,7519,2.120
3,7520,2.977
3,7521,2.632
3,7522,2.142
3,7523,1.960
3,7524,1.795
3,7525,1.574
3,7526,1.874
3,7527,2.867
3,7528,2.530
3,7529,2.573
3,7530,2.152
3,7531,2.077
3,7532,1.960
3,7533,3.461
3,7534,3.067
3,7535,2.977
3,7536,1.935
3,7537,1.727
3,7538,1.859
3,7539,1.921
3,7540,1.992
3,7541,3.213
3,7542,2.560
3,7543,2.566
3,7544,2.212
3,7545,1.821
3,7546,1.569
3,7547,1.924
3,7548,2.353
3,7549,2.087
3,7550,1.970
3,7551,2.208
3,7552,2.436
3,7553,2.344
3,7554,3.021
3,7555,2.388
3,7556,2.685
3,7557,2.635
3,7558,2.133
3,7559,3.526
3,7560,3.392
3,7561,3.196
3,7562,2.281
3,7563,2.128
3,7564,2.740
3,7565,2.512
3,7566,2.336
3,7567,3.341
3,7568,2.201
3,7569,2.612
3,7570,2.448
3,7571,2.305
3,7572,3.049
3,7573,2.365
3,7574,2.476
3,7575,2.584
3,7576,2.450
3,7577,2.564
3,7578,2.569
3,7579,3.362
3,7580,3.620
3,7581,2.592
3,7582,3.580
3,7583,3.246
3,7584,2.958
3,7585,5.341
3,7586,2.898
3,7587,2.822
3,7588,3.685
3,7589,3.311
3,7590,4.204
3,7591,2.971
3,7592,3.212
3,7593,2.719
3,7594,2.974
3,7595,3.025
3,7596,3.066
3,7597,2.998
3,7598,2.905
3,7599,2.889
3,7600,2.713
3,7601,3.211
3,7602,3.706
3,7603,3.280
3,7604,3.137
3,7605,3.174
3,7606,4.435
3,7607,4.413
3,7608,3.649
3,7609,4.271
3,7610,3.185
3,7611,3.260
3,7612,3.307
3,7613,2.819
3,7614,2.899
3,7615,3.537
3,7616,3.038
3,7617,4.262
3,7618,3.562
3,7619,3.973
3,7620,4.526
3,7621,3.833
3,7622,3.957
3,7623,5.637
3,7624,4.530
3,7625,4.345
3,7626,3.339
3,7627,4.460
3,7628,3.824
3,7629,3.976
3,7630,3.285
3,7631,3.320
3,7632,4.688
3,7633,3.547
3,7634,3.276
3,7635,3.084
3,7636,3.531
3,7637,5.308
3,7638,3.869
3,7639,2.719
3,7640,3.143
3,7641,5.145
3,7642,3.818
3,7643,3.563
3,7644,3.147
3,7645,3.188
3,7646,4.480
3,7647,4.090
3,7648,3.264
3,7649,3.493
3,7650,3.315
3,7651,3.323
3,7652,3.780
3,7653,2.542
3,7654,3.820
3,7655,2.842
3,7656,2.798
3,7657,2.652
3,7658,3.825
3,7659,4.904
3,7660,4.186
3,7661,3.539
3,7662,3.320
3,7663,5.518
3,7664,3.294
3,7665,2.573
3,7666,2.868
3,7667,2.441
3,7668,2.884
3,7669,3.009
3,7670,2.639
3,7671,2.266
3,7672,2.205
3,7673,2.762
3,7674,2.677
3,7675,2.304
3,7676,3.351
3,7677,2.437
3,7678,2.861
3,7679,2.642
3,7680,3.482
3,7681,4.147
3,7682,3.659
3,7683,3.038
3,7684,3.839
3,7685,2.890
3,7686,2.902
3,7687,4.387
3,7688,3.520
3,7689,3.068
3,7690,2.541
3,7691,2.335
3,7692,2.551
3,7693,2.910
3,7694,3.625
3,7695,2.597
3,7696,2.620
3,7697,2.321
3,7698,2.938
3,7699,3.271
3,7700,3.326
3,7701,2.688
3,7702,2.025
3,7703,2.843
3,7704,3.824
3,7705,2.955
3,7706,3.023
3,7707,2.185
3,7708,3.483
3,7709,2.506
3,7710,3.167
3,7711,2.726
3,7712,3.026
3,7713,2.437
3,7714,2.381
3,7715,2.827
3,7716,2.490
3,7717,2.986
3,7718,3.130
3,7719,3.072
3,7720,3.633
3,7721,2.737
3,7722,3.314
3,7723,2.943
3,7724,2.998
3,7725,4.573
3,7726,3.475
3,7727,2.998
3,7728,2.852
3,7729,2.882
3,7730,2.985
3,7731,4.092
3,7732,2.665
3,7733,3.487
3,7734,2.826
3,7735,2.875
3,7736,3.887
3,7737,2.777
3,7738,2.391
3,7739,2.208
3,7740,3.034
3,7741,2.337
3,7742,3.293
3,7743,3.966
3,7744,2.982
3,7745,3.005
3,7746,2.820
3,7747,2.839
3,7748,3.841
3,7749,3.059
3,7750,2.187
3,7751,1.624
3,7752,2.002
3,7753,2.014
3,7754,1.932
3,7755,2.317
3,7756,2.712
3,7757,2.220
3,7758,2.162
3,7759,2.337
3,7760,2.057
3,7761,2.638
3,7762,2.243
3,7763,2.056
3,7764,2.021
3,7765,2.402
3,7766,1.789
3,7767,1.627
3,7768,3.003
3,7769,2.582
3,7770,1.920
3,7771,2.086
3,7772,2.180
3,7773,2.495
3,7774,3.975
3,7775,2.386
3,7776,2.873
3,7777,2.563
3,7778,2.933
3,7779,3.239
3,7780,2.322
3,7781,3.147
3,7782,3.124
3,7783,3.252
3,7784,2.884
3,7785,2.709
3,7786,2.512
3,7787,1.942
3,7788,2.091
3,7789,2.005
3,7790,1.702
3,7791,2.069
3,7792,2.261
3,7793,2.570
3,7794,1.847
3,7795,2.088
3,7796,2.832
3,7797,1.951
3,7798,1.844
3,7799,2.733
3,7800,2.276
3,7801,2.610
3,7802,3.423
3,7803,2.185
3,7804,2.928
3,7805,2.661
3,7806,1.969
3,7807,2.031
3,7808,2.276
3,7809,1.937
3,7810,3.133
3,7811,2.637
3,7812,2.485
3,7813,2.338
3,7814,1.872
3,7815,1.994
3,7816,1.907
3,7817,1.879
3,7818,2.052
3,7819,2.054
3,7820,1.886
3,7821,1.828
3,7822,2.043
3,7823,2.173
3,7824,2.392
3,7825,2.495
3,7826,3.300
3,7827,2.162
3,7828,2.042
3,7829,2.138
3,7830,1.847
3,7831,1.770
3,7832,4.491
3,7833,2.995
3,7834,3.373
3,7835,2.565
3,7836,2.132
3,7837,3.397
3,7838,4.789
3,7839,2.360
3,7840,2.283
3,7841,2.664
3,7842,2.532
3,7843,3.057
3,7844,3.200
3,7845,2.415
3,7846,2.481
3,7847,2.087
3,7848,1.941
3,7849,3.944
3,7850,2.786
3,7851,3.169
3,7852,2.579
3,7853,2.309
3,7854,4.311
3,7855,2.662
3,7856,2.830
3,7857,2.688
3,7858,2.273
3,7859,2.836
3,7860,3.320
3,7861,2.583
3,7862,3.715
3,7863,3.246
3,7864,1.932
3,7865,2.240
3,7866,2.604
3,7867,2.217
3,7868,1.782
3,7869,1.926
3,7870,1.971
3,7871,2.401
3,7872,2.332
3,7873,2.256
3,7874,1.833
3,7875,2.357
3,7876,2.723
3,7877,1.845
3,7878,2.135
3,7879,2.813
3,7880,2.546
3,7881,2.597
3,7882,3.213
3,7883,2.452
3,7884,2.692
3,7885,2.281
3,7886,2.443
3,7887,2.314
3,7888,1.926
3,7889,2.302
3,7890,2.763
3,7891,2.110
3,7892,3.732
3,7893,2.970
3,7894,2.640
3,7895,2.695
3,7896,1.842
3,7897,1.928
3,7898,2.411
3,7899,2.415
3,7900,2.806
3,7901,2.628
3,7902,1.982
3,7903,2.501
3,7904,2.266
3,7905,2.817
3,7906,3.728
3,7907,2.856
3,7908,2.811
3,7909,2.208
3,7910,2.083
3,7911,2.576
3,7912,2.141
3,7913,1.746
3,7914,2.436
3,7915,3.199
3,7916,2.012
3,7917,2.625
3,7918,2.446
3,7919,2.193
3,7920,2.276
3,7921,1.944
3,7922,1.812
3,7923,2.663
3,7924,2.891
3,7925,2.304
3,7926,2.300
3,7927,2.028
3,7928,2.040
3,7929,2.717
3,7930,3.199
3,7931,2.841
3,7932,2.675
3,7933,1.959
3,7934,2.325
3,7935,3.612
3,7936,2.593
3,7937,3.114
3,7938,2.120
3,7939,2.548
3,7940,2.464
3,7941,1.869
3,7942,2.150
3,7943,3.633
3,7944,2.720
3,7945,2.434
3,7946,2.145
3,7947,2.257
3,7948,2.316
3,7949,2.419
3,7950,2.077
3,7951,2.406
3,7952,2.661
3,7953,1.998
3,7954,2.097
3,7955,2.003
3,7956,2.444
3,7957,3.609
3,7958,2.524
3,7959,2.971
3,7960,2.821
3,7961,2.315
3,7962,5.039
3,7963,2.974
3,7964,3.074
3,7965,4.784
3,7966,3.616
3,7967,2.761
3,7968,3.112
3,7969,2.297
3,7970,2.577
3,7971,2.897
3,7972,3.029
3,7973,2.393
3,7974,1.875
3,7975,2.014
3,7976,2.147
3,7977,2.147
3,7978,2.355
3,7979,3.950
3,7980,2.514
3,7981,2.686
3,7982,2.107
3,7983,1.927
3,7984,3.658
3,7985,3.630
3,7986,2.616
3,7987,2.136
3,7988,2.400
3,7989,2.482
3,7990,2.027
3,7991,2.057
3,7992,3.929
3,7993,2.102
3,7994,1.996
3,7995,2.456
3,7996,2.226
3,7997,2.689
3,7998,2.729
3,7999,3.366
3,8000,2.998
3,8001,2.756
3,8002,3.767
3,8003,3.050
3,8004,3.926
3,8005,3.059
3,8006,3.164
3,8007,3.138
3,8008,3.149
3,8009,4.287
3,8010,3.687
3,8011,2.863
3,8012,3.619
3,8013,3.723
3,8014,4.592
3,8015,3.254
3,8016,3.077
3,8017,2.886
3,8018,3.519
3,8019,2.785
3,8020,3.738
3,8021,4.047
3,8022,4.016
3,8023,3.196
3,8024,3.634
3,8025,3.373
3,8026,5.274
3,8027,3.318
3,8028,3.546
3,8029,3.766
3,8030,3.628
3,8031,4.483
3,8032,4.281
3,8033,3.553
3,8034,4.109
3,8035,3.320
3,8036,3.600
3,8037,3.089
3,8038,3.874
3,8039,3.487
3,8040,3.455
3,8041,4.102
3,8042,4.067
3,8043,3.842
3,8044,5.594
3,8045,3.918
3,8046,3.982
3,8047,4.529
3,8048,2.736
3,8049,3.994
3,8050,4.615
3,8051,4.398
3,8052,3.440
3,8053,2.812
3,8054,3.057
3,8055,3.448
3,8056,3.217
3,8057,3.036
3,8058,2.718
3,8059,4.440
3,8060,3.548
3,8061,2.982
3,8062,2.710
3,8063,3.525
3,8064,4.124
3,8065,3.964
3,8066,2.842
3,8067,3.814
3,8068,2.931
3,8069,3.585
3,8070,3.284
3,8071,2.993
3,8072,2.898
3,8073,3.113
3,8074,2.733
3,8075,2.811
3,8076,3.258
3,8077,2.634
3,8078,4.033
3,8079,2.986
3,8080,3.396
3,8081,2.782
3,8082,3.476
3,8083,4.337
3,8084,3.637
3,8085,3.159
3,8086,3.159
3,8087,3.472
3,8088,3.828
3,8089,3.302
3,8090,3.453
3,8091,2.922
3,8092,3.796
3,8093,2.907
3,8094,2.927
3,8095,2.769
3,8096,3.129
3,8097,3.356
3,8098,3.402
3,8099,3.696
3,8100,2.925
3,8101,3.186
3,8102,3.321
3,8103,3.166
3,8104,5.377
3,8105,4.527
3,8106,3.758
3,8107,2.996
3,8108,3.171
3,8109,3.977
3,8110,3.566
3,8111,3.130
3,8112,2.773
3,8113,2.807
3,8114,2.576
3,8115,3.240
3,8116,2.767
3,8117,2.905
3,8118,3.363
3,8119,3.129
3,8120,3.338
3,8121,3.381
3,8122,4.566
3,8123,3.591
3,8124,3.514
3,8125,3.042
3,8126,3.362
3,8127,4.112
3,8128,3.175
3,8129,3.643
3,8130,2.670
3,8131,3.263
3,8132,2.764
3,8133,2.409
3,8134,2.920
3,8135,2.527
3,8136,2.544
3,8137,2.756
3,8138,3.025
3,8139,2.507
3,8140,3.460
3,8141,2.415
3,8142,2.635
3,8143,2.376
3,8144,3.298
3,8145,4.302
3,8146,3.332
3,8147,2.731
3,8148,2.806
3,8149,2.867
3,8150,2.535
3,8151,4.437
3,8152,2.688
3,8153,2.890
3,8154,2.630
3,8155,2.716
3,8156,2.960
3,8157,2.976
3,8158,2.797
3,8159,2.686
3,8160,2.801
3,8161,2.665
3,8162,3.021
3,8163,3.971
3,8164,2.675
3,8165,2.902
3,8166,2.526
3,8167,2.798
3,8168,3.537
3,8169,4.438
3,8170,2.700
3,8171,2.209
3,8172,3.766
3,8173,2.789
3,8174,2.768
3,8175,3.014
3,8176,2.820
3,8177,2.530
3,8178,2.335
3,8179,2.938
3,8180,2.750
3,8181,2.563
3,8182,2.977
3,8183,2.929
3,8184,4.442
3,8185,3.246
3,8186,3.731
3,8187,3.299
3,8188,2.883
3,8189,2.215
3,8190,2.576
3,8191,2.555
3,8192,2.177
3,8193,2.619
3,8194,3.226
3,8195,2.273
3,8196,3.182
3,8197,2.771
3,8198,2.902
3,8199,3.442
3,8200,3.025
3,8201,2.679
3,8202,2.516
3,8203,2.490
3,8204,2.483
3,8205,3.021
3,8206,2.548
3,8207,2.599
3,8208,2.702
3,8209,3.014
3,8210,2.354
3,8211,3.442
3,8212,2.643
3,8213,2.722
3,8214,2.329
3,8215,2.365
3,8216,2.810
3,8217,2.844
3,8218,2.174
3,8219,2.632
3,8220,3.152
3,8221,4.249
3,8222,2.612
3,8223,2.525
3,8224,2.510
3,8225,1.969
3,8226,2.470
3,8227,2.169
3,8228,1.732
3,8229,1.940
3,8230,2.311
3,8231,2.234
3,8232,2.147
3,8233,2.603
3,8234,2.836
3,8235,2.257
3,8236,2.859
3,8237,2.152
3,8238,2.074
3,8239,2.283
3,8240,2.202
3,8241,2.607
3,8242,2.963
3,8243,2.136
3,8244,2.613
3,8245,2.305
3,8246,1.908
3,8247,2.735
3,8248,3.619
3,8249,3.000
3,8250,2.166
3,8251,2.002
3,8252,2.259
3,8253,2.018
3,8254,1.676
3,8255,1.707
3,8256,2.245
3,8257,3.012
3,8258,2.400
3,8259,2.306
3,8260,1.896
3,8261,1.921
3,8262,3.459
3,8263,2.879
3,8264,3.339
3,8265,2.410
3,8266,1.931
3,8267,2.260
3,8268,2.169
3,8269,2.837
3,8270,2.548
3,8271,2.833
3,8272,2.342
3,8273,2.271
3,8274,2.082
3,8275,3.495
3,8276,4.664
3,8277,3.507
3,8278,2.988
3,8279,3.183
3,8280,3.099
3,8281,2.710
3,8282,2.725
3,8283,2.676
3,8284,2.381
3,8285,2.070
3,8286,2.950
3,8287,3.286
3,8288,2.079
3,8289,1.992
3,8290,2.717
3,8291,2.013
3,8292,1.915
3,8293,2.282
3,8294,1.988
3,8295,2.048
3,8296,2.439
3,8297,2.074
3,8298,2.007
3,8299,2.335
3,8300,4.059
3,8301,2.550
3,8302,2.697
3,8303,2.202
3,8304,2.089
3,8305,2.416
3,8306,2.290
3,8307,2.627
3,8308,2.095
3,8309,1.705
3,8310,1.659
3,8311,1.929
3,8312,2.001
3,8313,2.159
3,8314,3.600
3,8315,2.467
3,8316,2.485
3,8317,3.118
3,8318,2.122
3,8319,2.286
3,8320,2.786
3,8321,2.158
3,8322,1.847
3,8323,1.809
3,8324,1.783
3,8325,2.312
3,8326,3.060
3,8327,4.060
3,8328,4.124
3,8329,2.088
3,8330,2.327
3,8331,2.067
3,8332,2.222
3,8333,2.358
3,8334,2.017
3,8335,2.706
3,8336,2.265
3,8337,1.934
3,8338,1.769
3,8339,2.408
3,8340,2.487
3,8341,2.221
3,8342,2.414
3,8343,3.303
3,8344,2.114
3,8345,2.775
3,8346,2.153
3,8347,1.614
3,8348,1.762
3,8349,1.850
3,8350,1.991
3,8351,2.047
3,8352,1.951
3,8353,2.103
3,8354,1.944
3,8355,2.364
3,8356,2.151
3,8357,1.935
3,8358,1.978
3,8359,4.072
3,8360,3.183
3,8361,2.447
3,8362,1.891
3,8363,2.040
3,8364,2.248
3,8365,1.783
3,8366,2.005
3,8367,2.277
3,8368,2.561
3,8369,1.715
3,8370,2.048
3,8371,2.653
3,8372,2.099
3,8373,2.061
3,8374,3.220
3,8375,1.819
3,8376,2.176
3,8377,2.284
3,8378,1.720
3,8379,1.660
3,8380,2.078
3,8381,3.130
3,8382,2.859
3,8383,2.095
3,8384,2.559
3,8385,2.208
3,8386,3.474
3,8387,2.818
3,8388,2.835
3,8389,2.154
3,8390,2.032
3,8391,2.295
3,8392,1.769
3,8393,1.825
3,8394,2.751
3,8395,2.687
3,8396,2.837
3,8397,2.855
3,8398,2.475
3,8399,2.727
3,8400,4.266
3,8401,2.993
3,8402,2.498
3,8403,2.104
3,8404,2.906
3,8405,2.516
3,8406,3.051
3,8407,2.584
3,8408,2.306
3,8409,2.535
3,8410,2.406
3,8411,2.766
3,8412,3.969
3,8413,2.212
3,8414,2.122
3,8415,2.570
3,8416,2.113
3,8417,1.896
3,8418,3.511
3,8419,2.036
3,8420,2.422
3,8421,2.420
3,8422,2.040
3,8423,2.095
3,8424,2.343
3,8425,2.934
3,8426,3.321
3,8427,2.360
3,8428,2.491
3,8429,2.566
3,8430,2.190
3,8431,2.643
3,8432,2.981
3,8433,1.884
3,8434,2.102
3,8435,2.594
3,8436,3.870
3,8437,4.383
3,8438,3.157
3,8439,2.505
3,8440,1.897
3,8441,1.926
3,8442,2.393
3,8443,2.243
3,8444,2.314
3,8445,2.194
3,8446,2.556
3,8447,2.273
3,8448,2.099
3,8449,1.876
3,8450,2.265
3,8451,3.094
3,8452,2.202
3,8453,1.822
3,8454,2.447
3,8455,1.985
3,8456,1.953
3,8457,2.574
3,8458,1.994
3,8459,1.778
3,8460,2.038
3,8461,2.196
3,8462,2.305
3,8463,2.089
3,8464,2.458
3,8465,2.528
3,8466,2.473
3,8467,3.734
3,8468,2.052
3,8469,3.027
3,8470,1.859
3,8471,2.578
3,8472,2.071
3,8473,1.839
3,8474,1.939
3,8475,2.033
3,8476,1.806
3,8477,2.550
3,8478,2.605
3,8479,2.498
3,8480,1.941
3,8481,2.909
3,8482,2.748
3,8483,2.102
3,8484,2.692
3,8485,2.582
3,8486,2.531
3,8487,2.075
3,8488,2.036
3,8489,1.629
3,8490,1.952
3,8491,2.122
3,8492,3.042
3,8493,2.243
3,8494,1.901
3,8495,1.786
3,8496,2.350
3,8497,3.366
3,8498,2.357
3,8499,3.167
3,8500,2.046
3,8501,1.740
3,8502,2.044
3,8503,1.885
3,8504,1.935
3,8505,2.620
3,8506,2.427
3,8507,2.546
3,8508,3.564
3,8509,2.866
3,8510,2.890
3,8511,3.516
3,8512,2.916
3,8513,2.971
3,8514,2.816
3,8515,2.843
3,8516,3.966
3,8517,3.347
3,8518,2.752
3,8519,4.410
3,8520,3.902
3,8521,3.077
3,8522,2.723
3,8523,2.762
3,8524,2.994
3,8525,3.255
3,8526,2.772
3,8527,2.790
3,8528,2.571
3,8529,2.381
3,8530,3.445
3,8531,3.273
3,8532,2.794
3,8533,2.852
3,8534,2.730
3,8535,2.722
3,8536,2.848
3,8537,3.233
3,8538,2.787
3,8539,2.469
3,8540,2.796
3,8541,3.709
3,8542,5.844
3,8543,3.057
3,8544,2.895
3,8545,2.401
3,8546,2.688
3,8547,2.968
3,8548,2.582
3,8549,2.710
3,8550,2.343
3,8551,2.785
3,8552,2.565
3,8553,2.755
3,8554,4.081
3,8555,2.658
3,8556,2.797
3,8557,2.570
3,8558,2.788
3,8559,3.144
3,8560,3.021
3,8561,3.053
3,8562,2.509
3,8563,2.989
3,8564,4.323
3,8565,3.708
3,8566,3.018
3,8567,2.833
3,8568,2.683
3,8569,2.538
3,8570,2.791
3,8571,2.762
3,8572,3.297
3,8573,2.948
3,8574,3.034
3,8575,4.038
3,8576,2.625
3,8577,2.889
3,8578,2.447
3,8579,3.505
3,8580,2.594
3,8581,2.677
3,8582,2.670
3,8583,2.471
3,8584,2.706
3,8585,2.722
3,8586,3.286
3,8587,4.699
3,8588,3.619
3,8589,3.405
3,8590,3.510
3,8591,3.327
3,8592,2.457
3,8593,2.486
3,8594,2.433
3,8595,2.593
3,8596,2.667
3,8597,2.089
3,8598,3.812
3,8599,2.628
3,8600,2.608
3,8601,3.272
3,8602,4.135
3,8603,4.129
3,8604,3.812
3,8605,2.139
3,8606,2.484
3,8607,2.924
3,8608,2.113
3,8609,2.643
3,8610,3.732
3,8611,3.043
3,8612,3.155
3,8613,2.982
3,8614,2.917
3,8615,2.483
3,8616,2.799
3,8617,3.031
3,8618,2.782
3,8619,3.540
3,8620,2.330
3,8621,4.875
3,8622,3.091
3,8623,2.984
3,8624,2.731
3,8625,2.763
3,8626,2.481
3,8627,2.747
3,8628,3.020
3,8629,2.947
3,8630,2.905
3,8631,4.205
3,8632,2.991
3,8633,2.479
3,8634,2.519
3,8635,2.967
3,8636,1.945
3,8637,1.885
3,8638,2.443
3,8639,2.105
3,8640,2.047
3,8641,2.247
3,8642,2.156
3,8643,2.608
3,8644,3.416
3,8645,2.359
3,8646,2.294
3,8647,2.543
3,8648,1.942
3,8649,1.993
3,8650,2.505
3,8651,2.032
3,8652,2.451
3,8653,2.510
3,8654,2.383
3,8655,3.016
3,8656,2.615
3,8657,2.865
3,8658,4.685
3,8659,2.906
3,8660,2.654
3,8661,1.946
3,8662,2.307
3,8663,3.018
3,8664,1.878
3,8665,1.821
3,8666,2.235
3,8667,2.190
3,8668,1.834
3,8669,2.040
3,8670,1.840
3,8671,3.307
3,8672,3.179
3,8673,2.086
3,8674,2.022
3,8675,2.502
3,8676,2.272
3,8677,2.861
3,8678,2.963
3,8679,2.341
3,8680,2.612
3,8681,2.009
3,8682,1.626
3,8683,1.971
3,8684,4.185
3,8685,2.865
3,8686,2.597
3,8687,2.293
3,8688,2.081
3,8689,2.214
3,8690,2.065
3,8691,2.183
3,8692,2.440
3,8693,2.551
3,8694,1.971
3,8695,2.159
3,8696,2.162
3,8697,2.368
3,8698,3.253
3,8699,2.086
3,8700,2.923
3,8701,3.190
3,8702,1.993
3,8703,2.400
3,8704,2.105
3,8705,1.998
3,8706,2.017
3,8707,1.942
3,8708,1.883
3,8709,2.836
3,8710,2.605
3,8711,2.281
3,8712,2.948
3,8713,3.638
3,8714,2.058
3,8715,2.427
3,8716,2.837
3,8717,3.010
3,8718,2.584
3,8719,2.781
3,8720,2.743
3,8721,1.987
3,8722,2.001
3,8723,2.308
3,8724,2.041
3,8725,1.821
3,8726,3.242
3,8727,2.225
3,8728,2.376
3,8729,2.668
3,8730,2.866
3,8731,2.087
3,8732,2.205
3,8733,2.243
3,8734,2.630
3,8735,3.043
3,8736,4.166
3,8737,3.724
3,8738,2.156
3,8739,3.279
3,8740,4.718
3,8741,3.381
3,8742,3.160
3,8743,3.200
3,8744,2.420
3,8745,2.821
3,8746,2.308
3,8747,2.167
3,8748,3.070
3,8749,2.770
3,8750,2.454
3,8751,2.694
3,8752,2.336
3,8753,2.636
3,8754,2.179
3,8755,1.908
3,8756,2.551
3,8757,2.749
3,8758,2.874
3,8759,2.242
3,8760,1.765
3,8761,1.698
3,8762,2.868
3,8763,4.170
3,8764,3.470
3,8765,2.139
3,8766,1.656
3,8767,1.847
3,8768,1.646
3,8769,1.580
3,8770,1.967
3,8771,2.367
3,8772,2.097
3,8773,1.924
3,8774,2.063
3,8775,2.246
3,8776,1.710
3,8777,1.616
3,8778,2.958
3,8779,3.155
3,8780,2.768
3,8781,2.040
3,8782,1.623
3,8783,1.740
3,8784,2.094
3,8785,2.120
3,8786,2.062
3,8787,2.476
3,8788,2.082
3,8789,2.049
3,8790,2.123
3,8791,1.790
3,8792,1.568
3,8793,1.575
3,8794,3.308
3,8795,3.545
3,8796,2.509
3,8797,2.326
3,8798,1.998
3,8799,2.006
3,8800,2.423
3,8801,2.080
3,8802,2.863
3,8803,2.340
3,8804,1.963
3,8805,1.904
3,8806,2.223
3,8807,2.450
3,8808,2.741
3,8809,2.632
3,8810,3.009
3,8811,2.296
3,8812,1.834
3,8813,2.701
3,8814,2.498
3,8815,2.018
3,8816,1.849
3,8817,2.326
3,8818,2.464
3,8819,2.985
3,8820,6.470
3,8821,3.788
3,8822,2.582
3,8823,3.150
3,8824,2.744
3,8825,2.896
3,8826,2.485
3,8827,2.620
3,8828,2.995
3,8829,2.741
3,8830,2.119
3,8831,3.247
3,8832,2.075
3,8833,2.509
3,8834,2.778
3,8835,2.892
3,8836,3.146
3,8837,2.159
3,8838,2.737
3,8839,2.816
3,8840,4.105
3,8841,2.280
3,8842,2.323
3,8843,2.281
3,8844,4.117
3,8845,2.640
3,8846,2.958
3,8847,1.934
3,8848,1.742
3,8849,2.085
3,8850,2.229
3,8851,1.938
3,8852,1.998
3,8853,2.573
3,8854,2.194
3,8855,2.357
3,8856,1.989
3,8857,1.957
3,8858,2.095
3,8859,3.517
3,8860,2.926
3,8861,2.734
3,8862,2.202
3,8863,2.380
3,8864,3.257
3,8865,2.095
3,8866,3.310
3,8867,2.915
3,8868,2.537
3,8869,3.123
3,8870,3.375
3,8871,4.329
3,8872,2.810
3,8873,3.076
3,8874,2.393
3,8875,2.913
3,8876,3.524
3,8877,2.451
3,8878,2.320
3,8879,1.848
3,8880,2.032
3,8881,3.073
3,8882,3.012
3,8883,2.943
3,8884,2.358
3,8885,1.959
3,8886,2.093
3,8887,1.827
3,8888,1.693
3,8889,2.388
3,8890,2.424
3,8891,2.485
3,8892,2.110
3,8893,2.322
3,8894,1.857
3,8895,1.667
3,8896,3.749
3,8897,3.407
3,8898,3.346
3,8899,2.248
3,8900,2.805
3,8901,2.871
3,8902,2.501
3,8903,2.305
3,8904,2.004
3,8905,2.695
3,8906,2.347
3,8907,1.846
3,8908,2.394
3,8909,3.427
3,8910,2.059
3,8911,2.368
3,8912,2.909
3,8913,2.243
3,8914,2.264
3,8915,2.300
3,8916,1.897
3,8917,1.990
3,8918,2.543
3,8919,2.178
3,8920,2.134
3,8921,2.473
3,8922,2.319
3,8923,2.331
3,8924,3.719
3,8925,2.028
3,8926,2.976
3,8927,2.362
3,8928,2.313
3,8929,2.162
3,8930,2.108
3,8931,1.963
3,8932,1.950
3,8933,1.955
3,8934,1.771
3,8935,1.861
3,8936,2.717
3,8937,2.091
3,8938,1.900
3,8939,3.391
3,8940,2.741
3,8941,3.358
3,8942,4.082
3,8943,6.060
3,8944,3.185
3,8945,2.734
3,8946,2.323
3,8947,2.447
3,8948,4.437
3,8949,2.552
3,8950,2.039
3,8951,2.104
3,8952,3.284
3,8953,2.385
3,8954,2.039
3,8955,2.046
3,8956,2.044
3,8957,1.737
3,8958,2.156
3,8959,2.080
3,8960,1.739
3,8961,1.764
3,8962,3.559
3,8963,3.015
3,8964,2.268
3,8965,2.917
3,8966,2.171
3,8967,1.951
3,8968,1.658
3,8969,1.565
3,8970,1.941
3,8971,2.301
3,8972,1.758
3,8973,2.176
3,8974,2.458
3,8975,2.216
3,8976,1.687
3,8977,2.168
3,8978,3.570
3,8979,3.014
3,8980,3.314
3,8981,2.119
3,8982,2.261
3,8983,2.430
3,8984,2.410
3,8985,2.571
3,8986,2.956
3,8987,2.401
3,8988,2.317
3,8989,2.062
3,8990,2.057
3,8991,3.551
3,8992,3.169
3,8993,3.213
3,8994,2.557
3,8995,2.620
3,8996,2.567
3,8997,3.964
3,8998,3.284
3,8999,3.604
3,9000,2.751
3,9001,2.012
3,9002,2.772
3,9003,3.352
3,9004,3.885
3,9005,2.549
3,9006,1.687
3,9007,1.646
3,9008,2.305
3,9009,2.339
3,9010,2.036
3,9011,2.187
3,9012,2.082
3,9013,2.632
3,9014,3.331
3,9015,2.471
3,9016,3.087
3,9017,2.688
3,9018,2.074
3,9019,2.203
3,9020,2.560
3,9021,2.818
3,9022,2.613
3,9023,2.223
3,9024,2.455
3,9025,2.636
3,9026,2.034
3,9027,3.322
3,9028,2.980
3,9029,2.469
3,9030,2.551
3,9031,2.496
3,9032,2.626
3,9033,3.052
3,9034,3.458
3,9035,2.758
3,9036,2.369
3,9037,2.360
3,9038,2.319
3,9039,2.658
3,9040,3.311
3,9041,3.172
3,9042,3.096
3,9043,2.676
3,9044,2.685
3,9045,2.580
3,9046,2.773
3,9047,3.097
3,9048,2.788
3,9049,4.410
3,9050,3.385
3,9051,3.595
3,9052,3.915
3,9053,2.798
3,9054,2.942
3,9055,2.738
3,9056,2.534
3,9057,2.652
3,9058,3.049
3,9059,2.629
3,9060,3.081
3,9061,2.542
3,9062,2.377
3,9063,2.882
3,9064,2.732
3,9065,3.319
3,9066,2.829
3,9067,2.384
3,9068,2.530
3,9069,2.516
3,9070,2.509
3,9071,4.305
3,9072,3.484
3,9073,3.947
3,9074,2.937
3,9075,2.572
3,9076,2.874
3,9077,2.793
3,9078,2.695
3,9079,2.205
3,9080,2.590
3,9081,2.525
3,9082,2.371
3,9083,3.332
3,9084,2.479
3,9085,3.721
3,9086,2.689
3,9087,3.027
3,9088,3.141
3,9089,2.889
3,9090,2.632
3,9091,2.645
3,9092,2.658
3,9093,2.276
3,9094,2.570
3,9095,3.673
3,9096,3.153
3,9097,4.167
3,9098,2.685
3,9099,3.256
3,9100,3.225
3,9101,3.120
3,9102,2.788
3,9103,3.481
3,9104,2.986
3,9105,2.260
3,9106,2.670
3,9107,2.527
3,9108,2.381
3,9109,3.273
3,9110,3.380
3,9111,2.672
3,9112,2.083
3,9113,1.684
3,9114,1.756
3,9115,1.838
3,9116,2.023
3,9117,2.129
3,9118,3.932
3,9119,2.179
3,9120,2.731
3,9121,2.203
3,9122,1.860
3,9123,3.174
3,9124,3.208
3,9125,2.891
3,9126,2.435
3,9127,2.004
3,9128,2.086
3,9129,2.916
3,9130,2.482
3,9131,2.388
3,9132,2.535
3,9133,1.776
3,9134,2.267
3,9135,2.487
3,9136,2.369
3,9137,2.422
3,9138,2.246
3,9139,1.865
3,9140,2.562
3,9141,2.537
3,9142,2.287
3,9143,2.813
3,9144,2.869
3,9145,2.805
3,9146,2.624
3,9147,4.549
3,9148,3.856
3,9149,2.610
3,9150,2.802
3,9151,2.058
3,9152,1.804
3,9153,2.112
3,9154,1.630
3,9155,2.837
3,9156,2.866
3,9157,2.351
3,9158,2.699
3,9159,2.648
3,9160,3.082
3,9161,3.816
3,9162,2.671
3,9163,2.537
3,9164,2.149
3,9165,1.607
3,9166,1.706
3,9167,2.574
3,9168,2.372
3,9169,1.910
3,9170,1.968
3,9171,1.913
3,9172,2.037
3,9173,2.634
3,9174,3.742
3,9175,3.168
3,9176,2.936
3,9177,1.873
3,9178,2.295
3,9179,2.277
3,9180,1.995
3,9181,2.182
3,9182,2.500
3,9183,2.005
3,9184,2.279
3,9185,2.387
3,9186,2.008
3,9187,2.158
3,9188,2.703
3,9189,1.922
3,9190,3.076
3,9191,2.519
3,9192,2.038
3,9193,2.186
3,9194,2.417
3,9195,1.810
3,9196,1.852
3,9197,2.881
3,9198,2.548
3,9199,2.289
3,9200,3.678
3,9201,2.235
3,9202,3.243
3,9203,2.226
3,9204,2.284
3,9205,3.042
3,9206,2.119
3,9207,3.220
3,9208,2.181
3,9209,1.776
3,9210,2.426
3,9211,1.908
3,9212,1.650
3,9213,2.415
3,9214,2.524
3,9215,2.269
3,9216,2.812
3,9217,2.954
3,9218,2.013
3,9219,2.527
3,9220,3.152
3,9221,2.768
3,9222,2.379
3,9223,2.149
3,9224,2.698
3,9225,2.597
3,9226,2.784
3,9227,4.628
3,9228,2.559
3,9229,4.083
3,9230,2.318
3,9231,3.258
3,9232,2.577
3,9233,2.042
3,9234,2.100
3,9235,1.991
3,9236,1.973
3,9237,2.115
3,9238,2.316
3,9239,1.922
3,9240,2.673
3,9241,2.190
3,9242,1.748
3,9243,1.954
3,9244,3.286
3,9245,2.834
3,9246,3.045
3,9247,5.833
3,9248,5.275
3,9249,5.271
3,9250,4.477
3,9251,2.642
3,9252,3.123
3,9253,3.233
3,9254,2.098
3,9255,2.610
3,9256,2.108
3,9257,1.663
3,9258,2.670
3,9259,2.610
3,9260,2.365
3,9261,2.461
3,9262,1.881
3,9263,1.604
3,9264,2.738
3,9265,3.095
3,9266,2.616
3,9267,2.341
3,9268,2.186
3,9269,1.971
3,9270,2.089
3,9271,1.803
3,9272,2.076
3,9273,2.685
3,9274,2.393
3,9275,2.057
3,9276,3.591
3,9277,2.920
3,9278,3.196
3,9279,2.820
3,9280,3.202
3,9281,2.513
3,9282,1.753
3,9283,1.947
3,9284,2.651
3,9285,2.489
3,9286,2.880
3,9287,2.708
3,9288,2.421
3,9289,2.681
3,9290,2.991
3,9291,2.955
3,9292,2.989
3,9293,2.408
3,9294,2.556
3,9295,2.124
3,9296,2.636
3,9297,2.810
3,9298,2.351
3,9299,2.913
3,9300,3.088
3,9301,3.204
3,9302,4.634
3,9303,3.588
3,9304,3.210
3,9305,2.885
3,9306,2.903
3,9307,2.603
3,9308,3.128
3,9309,2.926
3,9310,3.079
3,9311,3.572
3,9312,3.071
3,9313,2.665
3,9314,2.481
3,9315,3.511
3,9316,2.154
3,9317,3.029
3,9318,2.978
3,9319,2.674
3,9320,3.143
3,9321,2.824
3,9322,4.794
3,9323,2.876
3,9324,3.176
3,9325,2.375
3,9326,2.321
3,9327,2.357
3,9328,2.639
3,9329,3.307
3,9330,3.240
3,9331,2.498
3,9332,2.624
3,9333,2.107
3,9334,2.884
3,9335,2.404
3,9336,2.052
3,9337,3.823
3,9338,2.697
3,9339,2.993
3,9340,2.780
3,9341,2.535
3,9342,3.048
3,9343,5.144
3,9344,3.583
3,9345,2.799
3,9346,4.201
3,9347,2.338
3,9348,3.763
3,9349,2.773
3,9350,2.594
3,9351,1.874
3,9352,1.574
3,9353,2.158
3,9354,2.161
3,9355,2.665
3,9356,2.379
3,9357,2.324
3,9358,2.045
3,9359,2.173
3,9360,2.061
3,9361,1.716
3,9362,1.862
3,9363,3.328
3,9364,2.458
3,9365,2.311
3,9366,2.327
3,9367,1.941
3,9368,1.792
3,9369,2.017
3,9370,1.775
3,9371,7.522
3,9372,4.568
3,9373,4.066
3,9374,5.570
3,9375,3.770
3,9376,2.762
3,9377,2.634
3,9378,3.084
3,9379,2.700
3,9380,2.912
3,9381,3.190
3,9382,3.021
3,9383,4.789
3,9384,3.593
3,9385,3.222
3,9386,3.598
3,9387,2.921
3,9388,2.898
3,9389,2.419
3,9390,2.200
3,9391,2.804
3,9392,3.594
3,9393,1.979
3,9394,3.757
3,9395,2.562
3,9396,2.730
3,9397,2.135
3,9398,2.096
3,9399,2.645
3,9400,2.288
3,9401,2.083
3,9402,2.824
3,9403,2.328
3,9404,2.008
3,9405,1.952
3,9406,2.150
3,9407,2.758
3,9408,3.670
3,9409,2.201
3,9410,2.516
3,9411,2.454
3,9412,2.120
3,9413,2.108
3,9414,2.768
3,9415,2.093
3,9416,2.116
3,9417,2.293
3,9418,1.973
3,9419,2.823
3,9420,3.621
3,9421,3.578
3,9422,3.006
3,9423,2.421
3,9424,2.695
3,9425,2.274
3,9426,2.185
3,9427,2.125
3,9428,2.777
3,9429,1.849
3,9430,1.893
3,9431,2.310
3,9432,2.075
3,9433,2.034
3,9434,1.879
3,9435,1.797
3,9436,1.996
3,9437,2.317
3,9438,1.808
3,9439,3.116
3,9440,2.598
3,9441,1.911
3,9442,1.957
3,9443,2.510
3,9444,2.900
3,9445,5.270
3,9446,3.959
3,9447,3.872
3,9448,2.739
3,9449,3.077
3,9450,3.310
3,9451,2.491
3,9452,2.087
3,9453,2.102
3,9454,2.651
3,9455,2.114
3,9456,3.221
3,9457,3.288
3,9458,2.082
3,9459,2.879
3,9460,3.036
3,9461,2.910
3,9462,2.672
3,9463,2.163
3,9464,2.300
3,9465,2.421
3,9466,1.819
3,9467,2.098
3,9468,1.826
3,9469,2.460
3,9470,2.439
3,9471,4.013
3,9472,1.837
3,9473,3.019
3,9474,2.708
3,9475,2.153
3,9476,2.456
3,9477,2.135
3,9478,2.459
3,9479,1.978
3,9480,1.837
3,9481,2.237
3,9482,2.779
3,9483,2.330
3,9484,2.144
3,9485,2.434
3,9486,2.559
3,9487,1.971
3,9488,3.545
3,9489,2.396
3,9490,2.631
3,9491,3.072
3,9492,2.456
3,9493,3.113
3,9494,2.716
3,9495,3.141
3,9496,3.792
3,9497,2.512
3,9498,2.951
3,9499,3.461
3,9500,3.570
3,9501,2.711
3,9502,2.856
3,9503,2.489
3,9504,3.521
3,9505,3.457
3,9506,3.135
3,9507,2.603
3,9508,2.508
3,9509,3.770
3,9510,3.244
3,9511,3.141
3,9512,2.497
3,9513,2.595
3,9514,2.672
3,9515,3.088
3,9516,2.789
3,9517,3.000
3,9518,3.940
3,9519,3.752
3,9520,4.074
3,9521,2.998
3,9522,3.354
3,9523,2.852
3,9524,3.608
3,9525,3.341
3,9526,3.002
3,9527,2.774
3,9528,3.121
3,9529,2.940
3,9530,3.242
3,9531,4.062
3,9532,3.492
3,9533,3.485
3,9534,4.209
3,9535,3.298
3,9536,3.693
3,9537,4.424
3,9538,5.494
3,9539,3.400
3,9540,3.504
3,9541,3.549
3,9542,3.801
3,9543,3.457
3,9544,2.750
3,9545,3.033
3,9546,3.244
3,9547,3.592
3,9548,5.268
3,9549,4.549
3,9550,2.925
3,9551,3.501
3,9552,2.755
3,9553,2.890
3,9554,2.782
3,9555,3.755
3,9556,5.213
3,9557,4.907
3,9558,4.352
3,9559,3.163
3,9560,3.141
3,9561,2.769
3,9562,2.645
3,9563,3.160
3,9564,2.595
3,9565,3.742
3,9566,3.072
3,9567,2.728
3,9568,3.328
3,9569,3.038
3,9570,3.370
3,9571,3.595
3,9572,2.893
3,9573,2.724
3,9574,3.183
3,9575,3.196
3,9576,3.463
3,9577,4.537
3,9578,4.265
3,9579,2.634
3,9580,3.599
3,9581,2.281
3,9582,2.316
3,9583,2.170
3,9584,2.042
3,9585,2.358
3,9586,2.750
3,9587,2.691
3,9588,2.716
3,9589,2.790
3,9590,2.098
3,9591,3.375
3,9592,3.347
3,9593,3.208
3,9594,2.628
3,9595,2.992
3,9596,2.874
3,9597,2.238
3,9598,3.080
3,9599,3.856
3,9600,2.868
3,9601,2.967
3,9602,2.499
3,9603,3.921
3,9604,2.988
3,9605,2.615
3,9606,1.860
3,9607,1.896
3,9608,1.971
3,9609,2.347
3,9610,3.320
3,9611,2.748
3,9612,2.370
3,9613,3.354
3,9614,2.844
3,9615,2.599
3,9616,2.710
3,9617,2.286
3,9618,2.115
3,9619,1.999
3,9620,1.738
3,9621,1.717
3,9622,3.179
3,9623,2.665
3,9624,2.434
3,9625,2.682
3,9626,3.469
3,9627,3.314
3,9628,2.578
3,9629,2.615
3,9630,2.225
3,9631,1.741
3,9632,1.736
3,9633,1.888
3,9634,1.950
3,9635,2.599
3,9636,3.246
3,9637,2.008
3,9638,2.264
3,9639,1.971
3,9640,1.751
3,9641,1.628
3,9642,2.550
3,9643,3.326
3,9644,2.188
3,9645,1.995
3,9646,2.137
3,9647,2.082
3,9648,2.117
3,9649,2.400
3,9650,2.161
3,9651,2.307
3,9652,2.470
3,9653,1.829
3,9654,1.901
3,9655,3.994
3,9656,4.357
3,9657,2.901
3,9658,2.322
3,9659,2.180
3,9660,1.814
3,9661,1.597
3,9662,2.185
3,9663,2.255
3,9664,1.936
3,9665,1.681
3,9666,1.869
3,9667,2.589
3,9668,2.000
3,9669,2.312
3,9670,2.113
3,9671,1.880
3,9672,2.208
3,9673,2.869
3,9674,1.914
3,9675,2.376
3,9676,2.243
3,9677,2.132
3,9678,2.077
3,9679,2.153
3,9680,1.695
3,9681,1.549
3,9682,2.032
3,9683,3.824
3,9684,2.677
3,9685,3.075
3,9686,2.233
3,9687,2.001
3,9688,2.006
3,9689,1.862
3,9690,2.217
3,9691,2.353
3,9692,2.056
3,9693,1.620
3,9694,2.040
3,9695,2.073
3,9696,2.032
3,9697,2.133
3,9698,2.402
3,9699,2.305
3,9700,2.224
3,9701,3.022
3,9702,2.161
3,9703,2.021
3,9704,2.939
3,9705,2.351
3,9706,2.055
3,9707,1.696
3,9708,1.658
3,9709,2.269
3,9710,2.081
3,9711,2.030
3,9712,3.184
3,9713,4.365
3,9714,2.317
3,9715,3.524
3,9716,3.358
3,9717,2.763
3,9718,2.218
3,9719,2.241
3,9720,2.468
3,9721,2.116
3,9722,3.082
3,9723,3.099
3,9724,2.592
3,9725,2.743
3,9726,2.272
3,9727,2.436
3,9728,3.196
3,9729,2.290
3,9730,3.130
3,9731,2.401
3,9732,2.214
3,9733,2.229
3,9734,2.357
3,9735,2.307
3,9736,3.598
3,9737,2.941
3,9738,2.977
3,9739,3.879
3,9740,4.665
3,9741,2.346
3,9742,2.833
3,9743,1.951
3,9744,1.732
3,9745,2.141
3,9746,2.715
3,9747,1.761
3,9748,1.669
3,9749,1.871
3,9750,1.746
3,9751,2.275
3,9752,2.114
3,9753,2.877
3,9754,3.554
3,9755,2.756
3,9756,1.941
3,9757,1.764
3,9758,2.448
3,9759,2.268
3,9760,1.891
3,9761,2.180
3,9762,1.871
3,9763,1.733
3,9764,2.529
3,9765,3.917
3,9766,2.456
3,9767,3.313
3,9768,1.997
3,9769,2.077
3,9770,2.123
3,9771,1.846
3,9772,2.508
3,9773,2.810
3,9774,2.418
3,9775,1.884
3,9776,2.178
3,9777,1.866
3,9778,1.697
3,9779,2.215
3,9780,2.379
3,9781,1.957
3,9782,2.298
3,9783,3.207
3,9784,1.847
3,9785,2.457
3,9786,2.641
3,9787,2.107
3,9788,2.157
3,9789,1.914
3,9790,1.942
3,9791,2.309
3,9792,1.926
3,9793,1.711
3,9794,3.197
3,9795,3.624
3,9796,3.843
3,9797,3.771
3,9798,3.112
3,9799,2.424
3,9800,1.928
3,9801,2.131
3,9802,2.173
3,9803,2.061
3,9804,1.671
3,9805,1.949
3,9806,3.012
3,9807,1.963
3,9808,2.013
3,9809,1.880
3,9810,1.849
3,9811,2.267
3,9812,2.668
3,9813,2.392
3,9814,2.760
3,9815,2.364
3,9816,1.685
3,9817,1.810
3,9818,2.123
3,9819,2.067
3,9820,2.422
3,9821,2.647
3,9822,2.258
3,9823,1.875
3,9824,2.974
3,9825,2.227
3,9826,1.824
3,9827,2.367
3,9828,2.391
3,9829,1.997
3,9830,2.464
3,9831,1.763
3,9832,1.686
3,9833,2.296
3,9834,2.056
3,9835,2.293
3,9836,2.203
3,9837,2.320
3,9838,2.468
3,9839,2.316
3,9840,2.835
3,9841,3.021
3,9842,2.890
3,9843,2.391
3,9844,2.890
3,9845,2.975
3,9846,2.325
3,9847,3.452
3,9848,2.425
3,9849,2.816
3,9850,2.853
3,9851,4.571
3,9852,3.028
3,9853,2.257
3,9854,3.020
3,9855,2.535
3,9856,2.470
3,9857,2.971
3,9858,2.988
3,9859,2.918
3,9860,2.826
3,9861,2.975
3,9862,2.706
3,9863,3.424
3,9864,3.036
3,9865,2.793
3,9866,2.675
3,9867,2.092
3,9868,2.451
3,9869,2.802
3,9870,2.834
3,9871,2.593
3,9872,2.669
3,9873,2.835
3,9874,5.429
3,9875,5.043
3,9876,3.557
3,9877,2.762
3,9878,2.930
3,9879,2.895
3,9880,2.976
3,9881,3.641
3,9882,3.635
3,9883,3.770
3,9884,3.617
3,9885,3.476
3,9886,3.321
3,9887,3.109
3,9888,3.855
3,9889,3.099
3,9890,3.006
3,9891,2.886
3,9892,2.686
3,9893,3.182
3,9894,4.681
3,9895,3.379
3,9896,3.619
3,9897,3.772
3,9898,5.115
3,9899,3.546
3,9900,2.985
3,9901,3.274
3,9902,3.592
3,9903,4.206
3,9904,3.023
3,9905,2.961
3,9906,2.364
3,9907,2.184
3,9908,2.315
3,9909,2.620
3,9910,2.168
3,9911,2.188
3,9912,2.061
3,9913,3.287
3,9914,4.923
3,9915,3.671
3,9916,2.928
3,9917,2.599
3,9918,2.699
3,9919,2.085
3,9920,1.891
3,9921,2.102
3,9922,2.518
3,9923,2.638
3,9924,2.897
3,9925,2.673
3,9926,2.850
3,9927,2.628
3,9928,3.968
3,9929,3.196
3,9930,3.159
3,9931,2.989
3,9932,3.854
3,9933,2.640
3,9934,2.852
3,9935,3.262
3,9936,6.869
3,9937,6.463
3,9938,5.962
3,9939,4.437
3,9940,5.397
3,9941,6.006
3,9942,8.064
3,9943,4.661
3,9944,3.591
3,9945,4.129
3,9946,5.128
3,9947,5.672
3,9948,4.133
3,9949,4.490
3,9950,6.518
3,9951,4.062
3,9952,3.709
3,9953,3.496
3,9954,4.757
3,9955,4.040
3,9956,2.538
3,9957,3.091
3,9958,3.112
3,9959,3.158
3,9960,3.173
3,9961,3.710
3,9962,8.767
3,9963,7.696
3,9964,3.800
3,9965,3.428
3,9966,4.062
3,9967,3.983
3,9968,4.566
3,9969,2.899
3,9970,2.717
3,9971,2.909
3,9972,3.737
3,9973,3.274
3,9974,2.648
3,9975,3.129
3,9976,2.750
3,9977,3.055
3,9978,3.553
3,9979,2.920
3,9980,3.261
3,9981,3.603
3,9982,3.406
3,9983,3.117
3,9984,3.025
3,9985,4.056
3,9986,3.682
3,9987,3.671
3,9988,3.151
3,9989,2.768
3,9990,2.806
3,9991,2.424
3,9992,2.678
3,9993,2.744
3,9994,2.357
3,9995,3.092
3,9996,2.516
3,9997,2.219
3,9998,2.491
3,9999,3.031
3,10000,2.490
3,10001,2.762
3,10002,2.910
3,10003,2.547
3,10004,2.997
3,10005,2.604
3,10006,3.370
3,10007,3.545
3,10008,4.352
3,10009,3.152
3,10010,2.991
3,10011,2.388
3,10012,2.021
3,10013,2.422
3,10014,2.975
3,10015,2.439
3,10016,2.451
3,10017,2.436
3,10018,2.599
3,10019,2.449
3,10020,2.445
3,10021,3.994
3,10022,2.604
3,10023,2.638
3,10024,2.534
3,10025,2.487
3,10026,2.530
3,10027,3.055
3,10028,2.558
3,10029,2.626
3,10030,2.245
3,10031,3.056
3,10032,4.232
3,10033,4.503
3,10034,2.635
3,10035,3.185
3,10036,2.592
3,10037,2.975
3,10038,2.797
3,10039,3.516
3,10040,2.673
3,10041,2.518
3,10042,2.822
3,10043,2.941
3,10044,2.980
3,10045,3.616
3,10046,2.260
3,10047,2.744
3,10048,2.746
3,10049,2.856
3,10050,2.453
3,10051,2.261
3,10052,2.678
3,10053,2.282
3,10054,1.987
3,10055,3.851
3,10056,3.721
3,10057,3.910
3,10058,3.224
3,10059,3.708
3,10060,4.450
3,10061,2.418
3,10062,2.297
3,10063,2.224
3,10064,3.094
3,10065,2.242
3,10066,2.624
3,10067,2.541
3,10068,1.801
3,10069,1.979
3,10070,2.742
3,10071,2.521
3,10072,2.296
3,10073,2.062
3,10074,1.874
3,10075,2.293
3,10076,2.189
3,10077,1.877
3,10078,3.078
3,10079,4.225
3,10080,2.839
3,10081,2.911
3,10082,2.050
3,10083,2.560
3,10084,2.326
3,10085,2.493
3,10086,2.575
3,10087,2.022
3,10088,1.688
3,10089,1.783
3,10090,2.604
3,10091,2.327
3,10092,2.177
3,10093,2.508
3,10094,2.044
3,10095,2.494
3,10096,3.097
3,10097,2.024
3,10098,2.153
3,10099,2.167
3,10100,2.007
3,10101,2.435
3,10102,2.286
3,10103,1.694
3,10104,2.043
3,10105,2.449
3,10106,2.038
3,10107,1.803
3,10108,3.036
3,10109,3.769
3,10110,3.067
3,10111,3.078
3,10112,2.560
3,10113,2.525
3,10114,1.929
3,10115,2.540
3,10116,2.543
3,10117,2.357
3,10118,2.427
3,10119,2.163
3,10120,2.058
3,10121,2.226
3,10122,2.533
3,10123,2.933
3,10124,4.006
3,10125,2.049
3,10126,2.009
3,10127,2.491
3,10128,2.264
3,10129,2.875
3,10130,2.733
3,10131,1.968
3,10132,3.657
3,10133,3.153
3,10134,2.669
3,10135,3.740
3,10136,3.303
3,10137,2.685
3,10138,2.325
3,10139,2.220
3,10140,2.030
3,10141,2.149
3,10142,2.443
3,10143,2.584
3,10144,1.799
3,10145,1.912
3,10146,1.827
3,10147,1.933
3,10148,2.413
3,10149,2.869
3,10150,2.131
3,10151,2.492
3,10152,2.240
3,10153,1.947
3,10154,1.792
3,10155,2.318
3,10156,4.216
3,10157,2.871
3,10158,2.486
3,10159,2.258
3,10160,2.771
3,10161,4.606
3,10162,4.093
3,10163,2.646
3,10164,2.989
3,10165,2.017
3,10166,2.744
3,10167,2.491
3,10168,2.322
3,10169,2.431
3,10170,3.352
3,10171,3.712
3,10172,2.689
3,10173,2.583
3,10174,3.184
3,10175,1.945
3,10176,1.672
3,10177,2.187
3,10178,3.003
3,10179,3.042
3,10180,2.553
3,10181,2.563
3,10182,2.390
3,10183,1.750
3,10184,1.498
3,10185,2.963
3,10186,3.610
3,10187,1.722
3,10188,2.715
3,10189,2.588
3,10190,2.074
3,10191,2.450
3,10192,2.294
3,10193,1.806
3,10194,2.241
3,10195,1.926
3,10196,1.755
3,10197,1.691
3,10198,2.107
3,10199,2.631
3,10200,2.862
3,10201,3.543
3,10202,2.052
3,10203,2.772
3,10204,2.125
3,10205,2.248
3,10206,2.117
3,10207,2.050
3,10208,2.010
3,10209,1.734
3,10210,1.799
3,10211,1.633
3,10212,1.585
3,10213,2.511
3,10214,3.770
3,10215,5.196
3,10216,2.805
3,10217,2.166
3,10218,2.387
3,10219,2.230
3,10220,2.062
3,10221,2.053
3,10222,1.621
3,10223,1.571
3,10224,2.421
3,10225,2.053
3,10226,2.839
3,10227,2.086
3,10228,1.827
3,10229,1.795
3,10230,1.858
3,10231,2.573
3,10232,2.246
3,10233,3.011
3,10234,2.232
3,10235,1.631
3,10236,1.688
3,10237,1.918
3,10238,2.101
3,10239,1.952
3,10240,3.083
3,10241,2.167
3,10242,1.691
3,10243,2.586
3,10244,4.160
3,10245,2.688
3,10246,3.668
3,10247,3.353
3,10248,2.569
3,10249,1.888
3,10250,2.289
3,10251,2.020
3,10252,1.933
3,10253,1.969
3,10254,2.178
3,10255,2.400
3,10256,2.867
3,10257,2.658
3,10258,2.348
3,10259,3.225
3,10260,2.659
3,10261,1.812
3,10262,2.798
3,10263,2.047
3,10264,1.922
3,10265,1.984
3,10266,1.989
3,10267,2.054
3,10268,2.130
3,10269,3.486
3,10270,2.417
3,10271,3.791
3,10272,2.943
3,10273,3.078
3,10274,2.445
3,10275,1.926
3,10276,2.195
3,10277,2.548
3,10278,3.366
3,10279,2.534
3,10280,2.313
3,10281,2.784
3,10282,3.132
3,10283,5.759
3,10284,2.685
3,10285,2.535
3,10286,2.180
3,10287,1.928
3,10288,2.174
3,10289,3.089
3,10290,2.031
3,10291,2.198
3,10292,2.210
3,10293,2.216
3,10294,2.930
3,10295,4.222
3,10296,4.129
3,10297,2.204
3,10298,1.986
3,10299,2.174
3,10300,2.022
3,10301,2.409
3,10302,2.324
3,10303,1.969
3,10304,1.755
3,10305,2.261
3,10306,1.834
3,10307,1.497
3,10308,1.427
3,10309,1.944
3,10310,1.938
3,10311,1.554
3,10312,1.432
3,10313,3.232
3,10314,2.076
3,10315,1.976
3,10316,2.305
3,10317,2.452
3,10318,2.332
3,10319,2.520
3,10320,2.542
3,10321,2.590
3,10322,2.250
3,10323,2.338
3,10324,6.208
3,10325,2.942
3,10326,4.342
3,10327,4.689
3,10328,2.730
3,10329,2.344
3,10330,2.273
3,10331,1.822
3,10332,2.192
3,10333,2.451
3,10334,2.654
3,10335,2.717
3,10336,3.227
3,10337,3.253
3,10338,4.924
3,10339,3.559
3,10340,2.457
3,10341,1.878
3,10342,2.329
3,10343,2.493
3,10344,2.999
3,10345,4.538
3,10346,3.586
3,10347,2.719
3,10348,1.725
3,10349,2.290
3,10350,2.414
3,10351,1.696
3,10352,1.673
3,10353,1.889
3,10354,2.221
3,10355,2.110
3,10356,2.054
3,10357,2.226
3,10358,2.524
3,10359,2.371
3,10360,2.030
3,10361,1.941
3,10362,2.225
3,10363,2.522
3,10364,2.889
3,10365,3.084
3,10366,4.882
3,10367,2.867
3,10368,2.790
3,10369,2.533
3,10370,2.129
3,10371,1.606
3,10372,1.555
3,10373,2.618
3,10374,2.918
3,10375,2.911
3,10376,3.545
3,10377,2.071
3,10378,2.302
3,10379,2.247
3,10380,2.204
3,10381,2.076
3,10382,2.368
3,10383,2.734
3,10384,2.642
3,10385,3.738
3,10386,2.791
3,10387,2.333
3,10388,1.969
3,10389,3.040
3,10390,2.461
3,10391,2.127
3,10392,2.131
3,10393,1.991
3,10394,2.665
3,10395,3.886
3,10396,3.050
3,10397,4.633
3,10398,2.902
3,10399,4.286
3,10400,3.314
3,10401,2.747
3,10402,3.207
3,10403,2.742
3,10404,2.501
3,10405,2.501
3,10406,2.467
3,10407,2.186
3,10408,2.416
3,10409,2.630
3,10410,2.122
3,10411,3.181
3,10412,2.625
3,10413,1.866
3,10414,2.106
3,10415,1.949
3,10416,1.836
3,10417,2.601
3,10418,2.705
3,10419,2.248
3,10420,2.741
3,10421,2.669
3,10422,2.253
3,10423,3.816
3,10424,2.843
3,10425,2.912
3,10426,2.714
3,10427,2.239
3,10428,2.323
3,10429,1.817
3,10430,3.602
3,10431,3.209
3,10432,2.954
3,10433,2.924
3,10434,3.062
3,10435,3.160
3,10436,2.610
3,10437,3.046
3,10438,3.277
3,10439,3.109
3,10440,5.269
3,10441,2.942
3,10442,2.796
3,10443,2.252
3,10444,2.460
3,10445,2.198
3,10446,3.087
3,10447,4.030
3,10448,3.187
3,10449,3.329
3,10450,2.217
3,10451,3.587
3,10452,3.581
3,10453,3.236
3,10454,3.451
3,10455,2.726
3,10456,3.078
3,10457,4.133
3,10458,2.947
3,10459,3.643
3,10460,3.138
3,10461,3.075
3,10462,2.654
3,10463,2.832
3,10464,2.817
3,10465,2.339
3,10466,4.866
3,10467,4.386
3,10468,4.348
3,10469,3.708
3,10470,3.274
3,10471,3.032
3,10472,2.926
3,10473,2.935
3,10474,3.071
3,10475,5.294
3,10476,4.326
3,10477,5.346
3,10478,3.576
3,10479,2.929
3,10480,2.496
3,10481,3.512
3,10482,2.410
3,10483,2.954
3,10484,2.803
3,10485,2.832
3,10486,4.869
3,10487,3.957
3,10488,3.215
3,10489,2.900
3,10490,3.134
3,10491,2.799
3,10492,3.154
3,10493,3.173
3,10494,2.992
3,10495,2.935
3,10496,2.910
3,10497,2.944
3,10498,3.322
3,10499,4.205
3,10500,3.316
3,10501,3.052
3,10502,3.200
3,10503,2.984
3,10504,3.750
3,10505,4.536
3,10506,3.933
3,10507,3.667
3,10508,3.837
3,10509,3.093
3,10510,3.082
3,10511,3.016
3,10512,4.076
3,10513,3.134
3,10514,2.981
3,10515,3.363
3,10516,3.233
3,10517,3.700
3,10518,3.167
3,10519,2.879
3,10520,2.707
3,10521,3.127
3,10522,3.438
3,10523,3.342
3,10524,2.652
3,10525,3.462
3,10526,4.766
3,10527,4.374
3,10528,3.062
3,10529,2.938
3,10530,2.908
3,10531,3.555
3,10532,3.169
3,10533,3.008
3,10534,2.903
3,10535,2.955
3,10536,3.863
3,10537,3.631
3,10538,3.915
3,10539,2.780
3,10540,3.104
3,10541,4.064
3,10542,2.677
3,10543,2.483
3,10544,3.535
3,10545,2.620
3,10546,3.450
3,10547,5.449
3,10548,4.471
3,10549,7.140
3,10550,3.492
3,10551,2.819
3,10552,2.412
3,10553,3.396
3,10554,4.806
3,10555,3.398
3,10556,2.854
3,10557,2.971
3,10558,2.588
3,10559,3.141
3,10560,3.249
3,10561,2.950
3,10562,2.830
3,10563,3.616
3,10564,2.844
3,10565,2.360
3,10566,3.610
3,10567,2.768
3,10568,2.664
3,10569,2.661
3,10570,2.422
3,10571,2.846
3,10572,2.425
3,10573,2.176
3,10574,2.580
3,10575,2.856
3,10576,3.223
3,10577,4.091
3,10578,4.071
3,10579,3.332
3,10580,3.097
3,10581,2.816
3,10582,3.113
3,10583,2.972
3,10584,3.542
3,10585,2.595
3,10586,2.140
3,10587,2.623
3,10588,2.808
3,10589,2.222
3,10590,3.735
3,10591,2.705
3,10592,2.445
3,10593,2.220
3,10594,2.116
3,10595,2.385
3,10596,2.134
3,10597,2.934
3,10598,3.533
3,10599,2.750
3,10600,3.194
3,10601,4.335
3,10602,3.740
3,10603,2.668
3,10604,2.802
3,10605,2.438
3,10606,2.238
3,10607,2.594
3,10608,2.731
3,10609,2.837
3,10610,2.851
3,10611,2.375
3,10612,3.014
3,10613,2.684
3,10614,1.827
3,10615,2.263
3,10616,2.128
3,10617,2.241
3,10618,1.890
3,10619,1.830
3,10620,1.790
3,10621,2.592
3,10622,2.238
3,10623,1.854
3,10624,1.631
3,10625,1.837
3,10626,4.167
3,10627,3.175
3,10628,2.993
3,10629,2.142
3,10630,2.268
3,10631,1.954
3,10632,2.311
3,10633,1.973
3,10634,2.448
3,10635,1.926
3,10636,1.645
3,10637,1.782
3,10638,1.731
3,10639,1.590
3,10640,1.592
3,10641,2.060
3,10642,2.694
3,10643,2.572
3,10644,3.025
3,10645,2.228
3,10646,2.088
3,10647,2.229
3,10648,3.348
3,10649,3.098
3,10650,2.027
3,10651,1.878
3,10652,2.426
3,10653,2.099
3,10654,1.735
3,10655,2.315
3,10656,3.044
3,10657,3.508
3,10658,3.026
3,10659,2.018
3,10660,2.315
3,10661,2.371
3,10662,2.106
3,10663,2.803
3,10664,2.274
3,10665,1.835
3,10666,1.794
3,10667,1.974
3,10668,2.485
3,10669,3.295
3,10670,3.158
3,10671,2.112
3,10672,2.810
3,10673,2.273
3,10674,3.069
3,10675,2.650
3,10676,2.022
3,10677,2.008
3,10678,2.198
3,10679,2.243
3,10680,2.519
3,10681,2.556
3,10682,1.903
3,10683,1.624
3,10684,2.675
3,10685,3.667
3,10686,3.547
3,10687,2.290
3,10688,1.796
3,10689,2.238
3,10690,2.271
3,10691,1.680
3,10692,1.697
3,10693,2.427
3,10694,2.415
3,10695,1.871
3,10696,2.051
3,10697,1.795
3,10698,1.915
3,10699,2.542
3,10700,2.731
3,10701,1.904
3,10702,3.298
3,10703,2.128
3,10704,1.689
3,10705,2.154
3,10706,2.022
3,10707,1.934
3,10708,2.591
3,10709,2.230
3,10710,2.373
3,10711,2.062
3,10712,3.716
3,10713,2.307
3,10714,3.832
3,10715,2.771
3,10716,2.889
3,10717,1.948
3,10718,1.671
3,10719,2.107
3,10720,1.971
3,10721,3.048
3,10722,2.942
3,10723,2.389
3,10724,2.889
3,10725,2.608
3,10726,2.605
3,10727,3.405
3,10728,2.566
3,10729,2.218
3,10730,2.661
3,10731,2.532
3,10732,2.888
3,10733,2.413
3,10734,2.367
3,10735,2.591
3,10736,2.205
3,10737,1.902
3,10738,3.879
3,10739,3.292
3,10740,2.955
3,10741,2.751
3,10742,2.141
3,10743,2.560
3,10744,2.830
3,10745,2.692
3,10746,2.321
3,10747,1.955
3,10748,1.815
3,10749,1.979
3,10750,2.080
3,10751,2.269
3,10752,3.533
3,10753,2.090
3,10754,2.263
3,10755,2.459
3,10756,2.188
3,10757,2.420
3,10758,2.538
3,10759,2.639
3,10760,2.605
3,10761,6.271
3,10762,4.628
3,10763,3.297
3,10764,3.167
3,10765,2.088
3,10766,2.236
3,10767,2.332
3,10768,2.317
3,10769,2.728
3,10770,2.328
3,10771,2.930
3,10772,2.309
3,10773,2.179
3,10774,2.475
3,10775,2.200
3,10776,2.020
3,10777,2.023
3,10778,2.467
3,10779,2.680
3,10780,2.791
3,10781,2.094
3,10782,1.649
3,10783,1.549
3,10784,1.947
3,10785,2.257
3,10786,2.048
3,10787,2.817
3,10788,2.250
3,10789,1.824
3,10790,2.890
3,10791,3.671
3,10792,3.009
3,10793,3.269
3,10794,3.159
3,10795,2.326
3,10796,2.152
3,10797,2.313
3,10798,2.194
3,10799,2.627
3,10800,2.424
3,10801,2.599
3,10802,1.642
3,10803,1.772
3,10804,1.904
3,10805,1.908
3,10806,2.235
3,10807,3.423
3,10808,2.417
3,10809,3.242
3,10810,2.575
3,10811,2.766
3,10812,3.064
3,10813,2.620
3,10814,3.076
3,10815,2.416
3,10816,1.733
3,10817,2.266
3,10818,2.614
3,10819,3.763
3,10820,2.273
3,10821,2.370
3,10822,3.066
3,10823,3.037
3,10824,4.371
3,10825,2.596
3,10826,4.208
3,10827,3.498
3,10828,4.044
3,10829,3.546
3,10830,3.660
3,10831,2.471
3,10832,5.051
3,10833,4.025
3,10834,2.626
3,10835,4.042
3,10836,4.687
3,10837,7.026
3,10838,5.183
3,10839,4.888
3,10840,7.224
3,10841,4.242
3,10842,5.820
3,10843,6.123
3,10844,4.754
3,10845,3.064
3,10846,2.883
3,10847,3.423
3,10848,3.350
3,10849,3.290
3,10850,4.237
3,10851,2.451
3,10852,4.546
3,10853,3.014
3,10854,3.392
3,10855,3.587
3,10856,4.441
3,10857,3.688
3,10858,4.348
3,10859,3.848
3,10860,2.891
3,10861,3.065
3,10862,4.263
3,10863,2.651
3,10864,4.288
3,10865,4.086
3,10866,3.231
3,10867,4.160
3,10868,2.404
3,10869,3.074
3,10870,2.956
3,10871,2.539
3,10872,3.845
3,10873,2.922
3,10874,3.638
3,10875,2.850
3,10876,4.622
3,10877,2.662
3,10878,4.428
3,10879,3.518
3,10880,4.124
3,10881,3.449
3,10882,3.740
3,10883,3.593
3,10884,3.875
3,10885,2.806
3,10886,2.796
3,10887,2.516
3,10888,2.265
3,10889,3.148
3,10890,2.718
3,10891,3.248
3,10892,3.710
3,10893,3.348
3,10894,3.952
3,10895,5.264
3,10896,5.558
3,10897,4.123
3,10898,3.735
3,10899,2.879
3,10900,4.658
3,10901,5.340
3,10902,3.730
3,10903,6.865
3,10904,4.757
3,10905,4.942
3,10906,3.140
3,10907,4.529
3,10908,3.530
3,10909,3.654
3,10910,3.027
3,10911,4.888
3,10912,6.256
3,10913,5.678
3,10914,5.798
3,10915,4.712
3,10916,3.840
3,10917,3.744
3,10918,4.185
3,10919,3.824
3,10920,4.333
3,10921,4.960
3,10922,5.327
3,10923,5.311
3,10924,6.445
3,10925,6.128
3,10926,4.888
3,10927,5.004
3,10928,4.320
3,10929,3.434
3,10930,4.546
3,10931,5.642
3,10932,4.440
3,10933,4.384
3,10934,4.026
3,10935,5.453
3,10936,4.812
3,10937,4.798
3,10938,5.279
3,10939,7.310
3,10940,7.111
3,10941,4.793
3,10942,5.131
3,10943,3.908
3,10944,6.075
3,10945,4.144
3,10946,4.345
3,10947,5.214
3,10948,4.218
3,10949,3.427
3,10950,4.021
3,10951,4.681
3,10952,4.491
3,10953,4.988
3,10954,4.815
3,10955,3.720
3,10956,3.412
3,10957,4.169
3,10958,4.562
3,10959,5.787
3,10960,4.184
3,10961,3.831
3,10962,4.161
3,10963,3.767
3,10964,3.442
3,10965,4.027
3,10966,4.735
3,10967,4.514
3,10968,3.501
3,10969,3.600
3,10970,4.776
3,10971,3.293
3,10972,3.784
3,10973,3.446
3,10974,3.821
3,10975,3.840
3,10976,3.498
3,10977,5.732
3,10978,5.946
3,10979,4.827
3,10980,7.980
3,10981,6.608
3,10982,6.525
3,10983,5.407
3,10984,5.832
3,10985,4.637
3,10986,3.448
3,10987,4.569
3,10988,3.701
3,10989,4.542
3,10990,5.397
3,10991,5.042
3,10992,7.830
3,10993,5.777
3,10994,4.599
3,10995,8.090
3,10996,6.612
3,10997,5.108
3,10998,8.929
3,10999,6.414
3,11000,5.081
3,11001,7.514
3,11002,6.953
3,11003,5.048
3,11004,3.630
3,11005,7.490
3,11006,4.802
3,11007,4.159
3,11008,5.238
3,11009,5.388
3,11010,11.407
3,11011,4.200
3,11012,4.458
3,11013,8.871
3,11014,5.160
3,11015,6.343
3,11016,6.139
3,11017,4.911
3,11018,4.460
3,11019,4.206
3,11020,5.389
3,11021,5.128
3,11022,3.955
3,11023,3.392
3,11024,3.912
3,11025,3.865
3,11026,4.397
3,11027,5.001
3,11028,3.514
3,11029,3.520
3,11030,3.066
3,11031,4.811
3,11032,4.006
3,11033,3.786
3,11034,3.615
3,11035,3.496
3,11036,5.122
3,11037,3.159
3,11038,3.561
3,11039,2.871
3,11040,3.658
3,11041,3.145
3,11042,3.294
3,11043,3.973
3,11044,3.259
3,11045,2.851
3,11046,3.548
3,11047,3.488
3,11048,3.368
3,11049,2.962
3,11050,3.806
3,11051,4.270
3,11052,5.011
3,11053,3.339
3,11054,3.938
3,11055,3.736
3,11056,3.136
3,11057,3.038
3,11058,3.026
3,11059,2.950
3,11060,3.296
3,11061,3.577
3,11062,3.110
3,11063,3.138
3,11064,3.436
3,11065,3.614
3,11066,4.615
3,11067,4.791
3,11068,5.108
3,11069,3.985
3,11070,3.027
3,11071,3.152
3,11072,3.075
3,11073,3.461
3,11074,3.515
3,11075,3.824
3,11076,3.186
3,11077,3.469
3,11078,3.586
3,11079,3.523
3,11080,3.205
3,11081,3.379
3,11082,2.996
3,11083,2.993
3,11084,3.717
3,11085,3.000
3,11086,2.851
3,11087,2.615
3,11088,4.137
3,11089,3.293
3,11090,3.777
3,11091,2.123
3,11092,2.409
3,11093,2.869
3,11094,2.544
3,11095,2.809
3,11096,2.294
3,11097,2.673
3,11098,2.386
3,11099,2.546
3,11100,2.529
3,11101,2.670
3,11102,2.188
3,11103,2.132
3,11104,2.334
3,11105,1.884
3,11106,2.269
3,11107,2.495
3,11108,1.850
3,11109,1.754
3,11110,2.635
3,11111,2.517
3,11112,3.330
3,11113,4.579
3,11114,3.167
3,11115,2.312
3,11116,1.894
3,11117,2.402
3,11118,2.647
3,11119,2.805
3,11120,2.522
3,11121,2.271
3,11122,2.083
3,11123,2.352
3,11124,1.965
3,11125,1.851
3,11126,3.234
3,11127,2.324
3,11128,2.019
3,11129,2.423
3,11130,2.461
3,11131,2.281
3,11132,2.191
3,11133,2.920
3,11134,3.334
3,11135,2.560
3,11136,2.265
3,11137,3.077
3,11138,2.877
3,11139,4.283
3,11140,3.335
3,11141,3.034
3,11142,2.460
3,11143,2.249
3,11144,3.485
3,11145,2.776
3,11146,2.956
3,11147,2.456
3,11148,2.369
3,11149,2.647
3,11150,2.366
3,11151,2.356
3,11152,2.697
3,11153,2.339
3,11154,2.413
3,11155,2.710
3,11156,2.660
3,11157,3.025
3,11158,2.194
3,11159,3.274
3,11160,2.906
3,11161,2.766
3,11162,3.284
3,11163,2.614
3,11164,2.511
3,11165,4.146
3,11166,2.984
3,11167,3.424
3,11168,3.153
3,11169,3.156
3,11170,3.079
3,11171,2.654
3,11172,2.998
3,11173,3.046
3,11174,2.773
3,11175,2.835
3,11176,3.659
3,11177,3.016
3,11178,3.209
3,11179,2.924
3,11180,3.079
3,11181,2.711
3,11182,3.974
3,11183,2.892
3,11184,3.922
3,11185,4.103
3,11186,4.226
3,11187,6.398
3,11188,5.041
3,11189,4.436
3,11190,3.548
3,11191,3.073
3,11192,2.946
3,11193,2.716
3,11194,2.459
4,1,4.317
4,2,2.956
4,3,3.149
4,4,2.565
4,5,3.364
4,6,2.757
4,7,2.212
4,8,2.707
4,9,2.920
4,10,3.468
4,11,3.867
4,12,3.005
4,13,2.611
4,14,3.081
4,15,2.872
4,16,2.214
4,17,3.101
4,18,2.446
4,19,2.084
4,20,2.700
4,21,2.446
4,22,3.161
4,23,3.078
4,24,2.262
4,25,2.435
4,26,2.565
4,27,2.173
4,28,2.765
4,29,3.231
4,30,3.524
4,31,2.751
4,32,3.141
4,33,3.716
4,34,2.529
4,35,3.566
4,36,2.407
4,37,2.629
4,38,2.311
4,39,2.581
4,40,2.778
4,41,2.104
4,42,2.332
4,43,2.844
4,44,2.681
4,45,3.229
4,46,2.391
4,47,2.441
4,48,2.867
4,49,2.403
4,50,1.908
4,51,3.096
4,52,2.378
4,53,2.232
4,54,2.591
4,55,2.359
4,56,2.817
4,57,3.040
4,58,3.580
4,59,3.658
4,60,3.360
4,61,2.747
4,62,4.603
4,63,2.789
4,64,2.887
4,65,2.992
4,66,2.434
4,67,3.334
4,68,3.132
4,69,2.852
4,70,2.598
4,71,2.507
4,72,3.686
4,73,2.807
4,74,3.291
4,75,2.808
4,76,3.251
4,77,2.700
4,78,3.641
4,79,3.070
4,80,4.123
4,81,4.148
4,82,4.303
4,83,3.862
4,84,3.763
4,85,3.481
4,86,4.264
4,87,4.106
4,88,3.261
4,89,4.461
4,90,3.338
4,91,3.468
4,92,3.116
4,93,3.404
4,94,3.353
4,95,3.868
4,96,3.518
4,97,3.467
4,98,4.111
4,99,5.394
4,100,3.818
4,101,3.188
4,102,4.123
4,103,3.878
4,104,3.894
4,105,4.107
4,106,3.487
4,107,3.475
4,108,3.346
4,109,3.454
4,110,3.729
4,111,3.555
4,112,3.577
4,113,3.926
4,114,3.380
4,115,4.981
4,116,3.634
4,117,4.842
4,118,3.476
4,119,4.340
4,120,3.710
4,121,2.829
4,122,2.333
4,123,2.746
4,124,2.785
4,125,3.957
4,126,3.187
4,127,3.073
4,128,4.049
4,129,3.775
4,130,3.246
4,131,3.025
4,132,2.920
4,133,2.814
4,134,3.878
4,135,2.862
4,136,3.594
4,137,2.491
4,138,2.553
4,139,2.987
4,140,3.194
4,141,2.709
4,142,2.610
4,143,2.933
4,144,2.502
4,145,3.317
4,146,2.760
4,147,2.395
4,148,2.795
4,149,2.840
4,150,2.779
4,151,3.644
4,152,2.761
4,153,3.089
4,154,2.495
4,155,2.722
4,156,2.799
4,157,2.892
4,158,3.296
4,159,2.315
4,160,3.027
4,161,2.998
4,162,3.087
4,163,2.751
4,164,2.650
4,165,3.034
4,166,2.489
4,167,3.561
4,168,2.789
4,169,2.616
4,170,2.782
4,171,3.010
4,172,5.531
4,173,3.862
4,174,2.889
4,175,2.717
4,176,2.797
4,177,2.685
4,178,2.826
4,179,3.146
4,180,2.988
4,181,3.580
4,182,2.950
4,183,3.036
4,184,2.485
4,185,3.271
4,186,2.788
4,187,2.951
4,188,3.444
4,189,2.419
4,190,2.703
4,191,2.875
4,192,2.757
4,193,2.722
4,194,2.867
4,195,2.577
4,196,2.317
4,197,2.744
4,198,2.974
4,199,2.640
4,200,3.086
4,201,3.028
4,202,3.105
4,203,3.589
4,204,4.236
4,205,2.517
4,206,2.575
4,207,2.650
4,208,2.386
4,209,2.656
4,210,3.305
4,211,2.851
4,212,2.767
4,213,2.681
4,214,2.817
4,215,2.618
4,216,3.089
4,217,2.549
4,218,2.307
4,219,2.252
4,220,2.398
4,221,2.411
4,222,2.668
4,223,2.935
4,224,1.905
4,225,1.961
4,226,1.916
4,227,1.954
4,228,2.409
4,229,3.216
4,230,1.939
4,231,2.743
4,232,2.322
4,233,1.897
4,234,2.976
4,235,2.583
4,236,2.268
4,237,2.435
4,238,2.604
4,239,1.842
4,240,2.277
4,241,2.114
4,242,2.431
4,243,2.463
4,244,2.312
4,245,1.726
4,246,2.460
4,247,1.804
4,248,2.459
4,249,2.378
4,250,1.885
4,251,1.589
4,252,1.783
4,253,2.623
4,254,2.490
4,255,1.990
4,256,3.247
4,257,2.323
4,258,2.678
4,259,2.374
4,260,1.767
4,261,2.488
4,262,2.539
4,263,2.160
4,264,2.376
4,265,2.176
4,266,2.313
4,267,2.256
4,268,2.785
4,269,2.530
4,270,2.366
4,271,2.188
4,272,1.738
4,273,1.919
4,274,2.799
4,275,2.541
4,276,3.049
4,277,2.893
4,278,3.215
4,279,2.675
4,280,1.840
4,281,2.250
4,282,2.517
4,283,1.748
4,284,3.185
4,285,3.060
4,286,2.002
4,287,2.872
4,288,2.212
4,289,1.635
4,290,2.374
4,291,2.738
4,292,2.050
4,293,2.857
4,294,2.608
4,295,2.206
4,296,2.230
4,297,2.029
4,298,2.750
4,299,2.464
4,300,2.126
4,301,2.492
4,302,3.037
4,303,2.516
4,304,2.822
4,305,3.824
4,306,3.431
4,307,2.990
4,308,3.463
4,309,3.475
4,310,4.992
4,311,4.075
4,312,3.196
4,313,3.391
4,314,4.291
4,315,4.382
4,316,3.162
4,317,3.119
4,318,3.880
4,319,3.715
4,320,4.251
4,321,3.344
4,322,4.009
4,323,5.677
4,324,4.951
4,325,2.918
4,326,3.330
4,327,4.914
4,328,3.414
4,329,3.574
4,330,3.158
4,331,3.224
4,332,3.263
4,333,2.492
4,334,3.197
4,335,3.226
4,336,3.280
4,337,2.919
4,338,2.828
4,339,3.196
4,340,2.303
4,341,2.933
4,342,3.262
4,343,3.358
4,344,2.807
4,345,3.214
4,346,3.053
4,347,4.846
4,348,6.780
4,349,3.490
4,350,3.359
4,351,3.362
4,352,3.057
4,353,3.338
4,354,2.349
4,355,2.736
4,356,3.001
4,357,3.333
4,358,2.433
4,359,1.771
4,360,1.918
4,361,2.215
4,362,2.987
4,363,3.321
4,364,2.660
4,365,2.343
4,366,2.516
4,367,2.310
4,368,2.441
4,369,3.322
4,370,2.117
4,371,2.829
4,372,2.375
4,373,4.294
4,374,5.372
4,375,3.317
4,376,3.195
4,377,4.388
4,378,4.062
4,379,4.288
4,380,4.034
4,381,4.005
4,382,3.711
4,383,3.802
4,384,3.850
4,385,4.513
4,386,4.503
4,387,5.461
4,388,3.583
4,389,5.206
4,390,4.079
4,391,4.554
4,392,4.431
4,393,4.381
4,394,4.395
4,395,3.088
4,396,2.910
4,397,4.112
4,398,3.245
4,399,5.292
4,400,6.056
4,401,5.833
4,402,5.752
4,403,4.363
4,404,3.740
4,405,2.835
4,406,2.365
4,407,2.417
4,408,3.408
4,409,3.443
4,410,2.259
4,411,2.453
4,412,2.508
4,413,2.375
4,414,3.668
4,415,2.299
4,416,2.125
4,417,2.526
4,418,2.211
4,419,2.506
4,420,2.726
4,421,3.127
4,422,2.719
4,423,2.859
4,424,3.160
4,425,3.219
4,426,4.373
4,427,3.267
4,428,2.780
4,429,2.454
4,430,2.683
4,431,4.012
4,432,2.476
4,433,2.961
4,434,2.223
4,435,1.754
4,436,5.246
4,437,4.249
4,438,2.858
4,439,3.243
4,440,2.878
4,441,2.880
4,442,2.880
4,443,2.664
4,444,2.751
4,445,2.945
4,446,2.961
4,447,3.717
4,448,3.221
4,449,5.527
4,450,5.473
4,451,4.105
4,452,3.486
4,453,2.233
4,454,2.329
4,455,2.651
4,456,2.129
4,457,2.242
4,458,1.905
4,459,2.078
4,460,2.570
4,461,2.427
4,462,2.120
4,463,3.130
4,464,2.259
4,465,2.092
4,466,2.224
4,467,2.606
4,468,3.563
4,469,2.506
4,470,1.998
4,471,2.313
4,472,2.464
4,473,1.793
4,474,2.184
4,475,2.125
4,476,1.880
4,477,2.143
4,478,2.689
4,479,2.584
4,480,2.969
4,481,2.438
4,482,1.979
4,483,2.546
4,484,2.245
4,485,2.276
4,486,2.262
4,487,2.145
4,488,2.448
4,489,2.886
4,490,1.941
4,491,1.865
4,492,1.983
4,493,2.510
4,494,2.166
4,495,3.092
4,496,3.585
4,497,3.138
4,498,2.760
4,499,2.346
4,500,2.868
4,501,2.318
4,502,1.697
4,503,2.510
4,504,2.089
4,505,2.196
4,506,2.486
4,507,2.638
4,508,1.954
4,509,2.419
4,510,2.009
4,511,1.959
4,512,1.918
4,513,1.865
4,514,2.203
4,515,2.471
4,516,2.259
4,517,1.691
4,518,1.772
4,519,2.528
4,520,2.072
4,521,1.590
4,522,2.794
4,523,2.776
4,524,2.001
4,525,2.211
4,526,2.864
4,527,2.150
4,528,3.283
4,529,2.373
4,530,2.842
4,531,2.531
4,532,2.047
4,533,2.349
4,534,2.465
4,535,2.593
4,536,2.790
4,537,2.473
4,538,1.856
4,539,2.200
4,540,2.988
4,541,3.034
4,542,2.852
4,543,2.513
4,544,2.612
4,545,2.045
4,546,1.925
4,547,2.921
4,548,2.311
4,549,1.910
4,550,2.066
4,551,3.102
4,552,2.353
4,553,3.617
4,554,3.087
4,555,3.181
4,556,2.357
4,557,1.617
4,558,2.481
4,559,2.935
4,560,1.846
4,561,2.854
4,562,2.389
4,563,2.173
4,564,2.410
4,565,2.665
4,566,2.524
4,567,2.592
4,568,1.976
4,569,1.959
4,570,2.461
4,571,3.373
4,572,3.346
4,573,3.103
4,574,2.657
4,575,2.823
4,576,2.348
4,577,3.676
4,578,2.452
4,579,3.683
4,580,2.785
4,581,2.931
4,582,3.189
4,583,2.121
4,584,2.940
4,585,2.885
4,586,2.629
4,587,2.610
4,588,3.095
4,589,2.774
4,590,2.442
4,591,2.350
4,592,3.278
4,593,2.161
4,594,2.452
4,595,2.387
4,596,2.056
4,597,2.655
4,598,2.444
4,599,2.604
4,600,3.175
4,601,2.377
4,602,2.523
4,603,3.792
4,604,2.914
4,605,3.702
4,606,2.206
4,607,2.792
4,608,2.280
4,609,2.467
4,610,2.636
4,611,2.734
4,612,3.164
4,613,2.549
4,614,1.988
4,615,2.536
4,616,2.307
4,617,2.377
4,618,2.993
4,619,2.910
4,620,2.339
4,621,2.363
4,622,2.275
4,623,3.142
4,624,2.475
4,625,2.125
4,626,3.709
4,627,2.526
4,628,2.930
4,629,2.922
4,630,2.629
4,631,2.645
4,632,2.388
4,633,2.378
4,634,2.524
4,635,2.616
4,636,3.290
4,637,2.448
4,638,2.647
4,639,2.985
4,640,2.536
4,641,2.754
4,642,2.499
4,643,2.279
4,644,3.037
4,645,2.547
4,646,3.513
4,647,3.076
4,648,3.060
4,649,2.899
4,650,2.451
4,651,4.104
4,652,3.074
4,653,3.156
4,654,2.614
4,655,2.982
4,656,2.900
4,657,2.839
4,658,3.250
4,659,2.410
4,660,3.004
4,661,2.452
4,662,4.113
4,663,3.306
4,664,3.663
4,665,2.748
4,666,2.241
4,667,2.632
4,668,2.212
4,669,2.024
4,670,2.171
4,671,2.580
4,672,2.085
4,673,4.220
4,674,2.554
4,675,3.087
4,676,2.694
4,677,2.347
4,678,2.570
4,679,2.795
4,680,2.614
4,681,2.280
4,682,1.724
4,683,2.329
4,684,2.429
4,685,2.565
4,686,2.482
4,687,1.992
4,688,1.639
4,689,1.714
4,690,1.927
4,691,1.682
4,692,1.567
4,693,1.595
4,694,3.052
4,695,2.245
4,696,1.759
4,697,1.903
4,698,1.886
4,699,1.933
4,700,2.351
4,701,2.870
4,702,2.577
4,703,2.336
4,704,2.665
4,705,1.900
4,706,2.332
4,707,2.515
4,708,2.204
4,709,2.308
4,710,2.302
4,711,1.635
4,712,1.695
4,713,2.095
4,714,1.726
4,715,2.073
4,716,2.808
4,717,2.279
4,718,1.690
4,719,2.893
4,720,2.006
4,721,1.739
4,722,2.475
4,723,2.543
4,724,2.055
4,725,1.936
4,726,2.161
4,727,2.406
4,728,2.609
4,729,2.390
4,730,1.923
4,731,2.154
4,732,2.342
4,733,1.731
4,734,1.457
4,735,3.685
4,736,2.486
4,737,2.071
4,738,2.818
4,739,2.211
4,740,1.845
4,741,2.357
4,742,2.647
4,743,2.292
4,744,2.414
4,745,16.501
4,746,3.083
4,747,1.935
4,748,1.698
4,749,1.896
4,750,2.129
4,751,2.164
4,752,1.763
4,753,2.351
4,754,2.573
4,755,2.041
4,756,2.595
4,757,3.308
4,758,2.918
4,759,2.538
4,760,1.922
4,761,2.398
4,762,1.976
4,763,1.723
4,764,2.415
4,765,2.516
4,766,1.719
4,767,1.500
4,768,2.085
4,769,2.239
4,770,2.393
4,771,1.893
4,772,2.811
4,773,2.626
4,774,2.440
4,775,2.174
4,776,2.252
4,777,2.878
4,778,3.330
4,779,2.900
4,780,2.674
4,781,2.312
4,782,2.301
4,783,2.443
4,784,3.472
4,785,4.456
4,786,3.046
4,787,3.277
4,788,2.573
4,789,2.931
4,790,2.087
4,791,2.529
4,792,2.235
4,793,2.208
4,794,2.608
4,795,2.610
4,796,2.215
4,797,2.220
4,798,2.124
4,799,2.390
4,800,2.325
4,801,2.385
4,802,2.059
4,803,2.177
4,804,2.419
4,805,2.339
4,806,1.747
4,807,2.421
4,808,2.254
4,809,2.423
4,810,2.821
4,811,1.850
4,812,1.760
4,813,2.856
4,814,2.164
4,815,2.748
4,816,3.719
4,817,2.116
4,818,2.730
4,819,2.509
4,820,2.937
4,821,3.147
4,822,3.139
4,823,3.881
4,824,2.461
4,825,2.950
4,826,3.047
4,827,4.574
4,828,1.985
4,829,1.586
4,830,3.021
4,831,3.043
4,832,2.974
4,833,2.801
4,834,2.462
4,835,2.800
4,836,2.148
4,837,3.011
4,838,3.966
4,839,2.460
4,840,2.922
4,841,2.154
4,842,3.419
4,843,2.528
4,844,1.989
4,845,3.267
4,846,2.432
4,847,2.207
4,848,2.620
4,849,2.304
4,850,2.476
4,851,2.379
4,852,1.878
4,853,2.437
4,854,2.911
4,855,2.212
4,856,2.677
4,857,2.565
4,858,1.884
4,859,2.512
4,860,2.766
4,861,3.344
4,862,3.092
4,863,2.388
4,864,3.014
4,865,2.241
4,866,1.650
4,867,3.656
4,868,2.817
4,869,2.772
4,870,2.596
4,871,1.887
4,872,2.416
4,873,2.160
4,874,2.070
4,875,2.199
4,876,2.737
4,877,1.995
4,878,2.489
4,879,2.113
4,880,1.672
4,881,2.425
4,882,2.358
4,883,2.217
4,884,2.849
4,885,2.607
4,886,1.909
4,887,1.982
4,888,3.883
4,889,2.915
4,890,3.148
4,891,3.321
4,892,2.837
4,893,3.444
4,894,3.340
4,895,3.116
4,896,3.380
4,897,2.899
4,898,2.874
4,899,2.640
4,900,2.212
4,901,2.042
4,902,2.301
4,903,2.254
4,904,2.727
4,905,2.498
4,906,2.163
4,907,2.777
4,908,2.097
4,909,1.834
4,910,2.570
4,911,3.208
4,912,2.740
4,913,3.876
4,914,3.156
4,915,2.827
4,916,2.319
4,917,3.022
4,918,2.308
4,919,2.029
4,920,2.323
4,921,2.258
4,922,1.944
4,923,2.434
4,924,2.178
4,925,2.108
4,926,2.106
4,927,2.486
4,928,2.091
4,929,2.677
4,930,2.825
4,931,2.274
4,932,2.082
4,933,2.378
4,934,1.666
4,935,1.766
4,936,2.274
4,937,2.907
4,938,2.896
4,939,3.436
4,940,2.832
4,941,3.158
4,942,3.415
4,943,3.158
4,944,2.286
4,945,2.504
4,946,2.635
4,947,1.797
4,948,2.577
4,949,2.164
4,950,1.749
4,951,1.891
4,952,2.047
4,953,1.787
4,954,1.608
4,955,2.274
4,956,2.718
4,957,2.329
4,958,2.601
4,959,2.223
4,960,2.243
4,961,4.147
4,962,3.021
4,963,2.769
4,964,2.176
4,965,1.528
4,966,1.686
4,967,2.575
4,968,2.136
4,969,2.026
4,970,2.826
4,971,1.957
4,972,1.676
4,973,2.463
4,974,1.941
4,975,1.841
4,976,2.396
4,977,2.247
4,978,2.392
4,979,2.442
4,980,2.009
4,981,1.679
4,982,2.040
4,983,2.562
4,984,2.099
4,985,1.609
4,986,3.008
4,987,2.052
4,988,1.578
4,989,1.944
4,990,1.931
4,991,1.837
4,992,2.036
4,993,2.046
4,994,1.831
4,995,2.071
4,996,2.342
4,997,2.482
4,998,2.704
4,999,3.692
4,1000,2.389
4,1001,2.474
4,1002,2.969
4,1003,2.174
4,1004,2.958
4,1005,2.508
4,1006,2.365
4,1007,2.504
4,1008,2.454
4,1009,2.816
4,1010,2.220
4,1011,1.694
4,1012,1.896
4,1013,2.240
4,1014,1.706
4,1015,1.551
4,1016,2.223
4,1017,2.847
4,1018,2.488
4,1019,2.183
4,1020,1.841
4,1021,1.661
4,1022,2.123
4,1023,2.496
4,1024,1.974
4,1025,1.969
4,1026,3.900
4,1027,2.192
4,1028,2.771
4,1029,2.512
4,1030,2.193
4,1031,3.040
4,1032,2.358
4,1033,2.957
4,1034,2.588
4,1035,1.986
4,1036,2.021
4,1037,2.887
4,1038,2.480
4,1039,2.314
4,1040,2.487
4,1041,2.047
4,1042,2.775
4,1043,2.465
4,1044,2.225
4,1045,2.908
4,1046,3.374
4,1047,3.428
4,1048,1.987
4,1049,1.715
4,1050,2.653
4,1051,2.157
4,1052,1.578
4,1053,1.540
4,1054,3.183
4,1055,2.388
4,1056,1.784
4,1057,3.044
4,1058,2.775
4,1059,2.955
4,1060,2.431
4,1061,1.858
4,1062,2.486
4,1063,2.168
4,1064,1.949
4,1065,2.788
4,1066,2.262
4,1067,2.122
4,1068,2.436
4,1069,2.226
4,1070,1.896
4,1071,2.615
4,1072,2.273
4,1073,1.524
4,1074,1.594
4,1075,1.791
4,1076,1.738
4,1077,1.834
4,1078,1.879
4,1079,2.447
4,1080,1.800
4,1081,1.828
4,1082,2.982
4,1083,1.971
4,1084,1.540
4,1085,1.985
4,1086,2.400
4,1087,3.789
4,1088,2.988
4,1089,2.260
4,1090,2.622
4,1091,2.870
4,1092,2.386
4,1093,3.179
4,1094,2.324
4,1095,2.040
4,1096,2.145
4,1097,1.925
4,1098,1.918
4,1099,2.195
4,1100,3.014
4,1101,2.881
4,1102,2.821
4,1103,2.196
4,1104,2.139
4,1105,2.417
4,1106,2.551
4,1107,2.927
4,1108,2.646
4,1109,2.283
4,1110,2.696
4,1111,3.593
4,1112,3.174
4,1113,2.508
4,1114,2.565
4,1115,2.572
4,1116,2.120
4,1117,2.002
4,1118,2.710
4,1119,2.140
4,1120,2.057
4,1121,3.010
4,1122,2.747
4,1123,2.498
4,1124,2.486
4,1125,2.635
4,1126,3.011
4,1127,2.634
4,1128,2.562
4,1129,3.033
4,1130,2.520
4,1131,2.774
4,1132,2.139
4,1133,2.405
4,1134,2.694
4,1135,2.049
4,1136,2.434
4,1137,3.674
4,1138,2.101
4,1139,2.631
4,1140,2.525
4,1141,2.257
4,1142,3.111
4,1143,2.918
4,1144,2.882
4,1145,3.079
4,1146,2.512
4,1147,3.139
4,1148,2.770
4,1149,3.269
4,1150,2.412
4,1151,2.383
4,1152,2.990
4,1153,2.854
4,1154,2.889
4,1155,3.097
4,1156,2.594
4,1157,2.678
4,1158,2.658
4,1159,3.742
4,1160,2.516
4,1161,3.619
4,1162,2.708
4,1163,2.808
4,1164,3.123
4,1165,2.671
4,1166,2.767
4,1167,3.103
4,1168,2.408
4,1169,3.084
4,1170,2.544
4,1171,2.342
4,1172,2.286
4,1173,2.209
4,1174,2.897
4,1175,2.111
4,1176,3.489
4,1177,3.123
4,1178,2.289
4,1179,2.452
4,1180,2.151
4,1181,2.964
4,1182,2.987
4,1183,1.905
4,1184,1.620
4,1185,3.212
4,1186,2.413
4,1187,2.473
4,1188,3.409
4,1189,2.122
4,1190,2.114
4,1191,2.006
4,1192,1.723
4,1193,1.901
4,1194,2.251
4,1195,1.956
4,1196,2.196
4,1197,2.601
4,1198,2.233
4,1199,1.673
4,1200,2.052
4,1201,1.962
4,1202,2.453
4,1203,2.630
4,1204,2.919
4,1205,2.604
4,1206,2.895
4,1207,2.024
4,1208,2.454
4,1209,2.871
4,1210,2.796
4,1211,3.294
4,1212,2.698
4,1213,1.837
4,1214,3.269
4,1215,2.624
4,1216,2.508
4,1217,2.611
4,1218,2.464
4,1219,2.148
4,1220,2.356
4,1221,2.100
4,1222,2.691
4,1223,2.265
4,1224,1.647
4,1225,1.607
4,1226,2.414
4,1227,1.968
4,1228,2.717
4,1229,2.742
4,1230,1.924
4,1231,1.931
4,1232,2.307
4,1233,1.996
4,1234,1.781
4,1235,2.171
4,1236,2.465
4,1237,1.717
4,1238,1.523
4,1239,2.113
4,1240,1.999
4,1241,1.801
4,1242,2.457
4,1243,4.440
4,1244,2.646
4,1245,2.552
4,1246,1.971
4,1247,2.047
4,1248,2.150
4,1249,2.333
4,1250,2.759
4,1251,1.999
4,1252,1.570
4,1253,1.604
4,1254,2.232
4,1255,1.957
4,1256,1.648
4,1257,1.976
4,1258,2.202
4,1259,2.700
4,1260,1.695
4,1261,2.417
4,1262,2.167
4,1263,1.856
4,1264,2.524
4,1265,2.253
4,1266,1.595
4,1267,2.557
4,1268,2.229
4,1269,1.843
4,1270,1.934
4,1271,2.405
4,1272,2.240
4,1273,2.848
4,1274,3.657
4,1275,2.992
4,1276,2.871
4,1277,1.945
4,1278,2.338
4,1279,2.454
4,1280,2.222
4,1281,2.153
4,1282,2.526
4,1283,1.895
4,1284,2.536
4,1285,2.460
4,1286,2.015
4,1287,2.364
4,1288,2.306
4,1289,2.156
4,1290,2.926
4,1291,2.644
4,1292,2.610
4,1293,2.533
4,1294,2.147
4,1295,1.521
4,1296,1.925
4,1297,2.115
4,1298,2.473
4,1299,2.152
4,1300,1.946
4,1301,1.643
4,1302,1.732
4,1303,2.034
4,1304,1.842
4,1305,1.568
4,1306,1.565
4,1307,2.692
4,1308,2.195
4,1309,1.576
4,1310,1.767
4,1311,2.221
4,1312,2.117
4,1313,2.012
4,1314,2.239
4,1315,2.536
4,1316,1.948
4,1317,1.996
4,1318,1.777
4,1319,1.778
4,1320,1.625
4,1321,1.728
4,1322,1.593
4,1323,1.964
4,1324,2.329
4,1325,2.175
4,1326,1.566
4,1327,1.395
4,1328,1.632
4,1329,1.876
4,1330,1.697
4,1331,1.601
4,1332,2.231
4,1333,2.162
4,1334,2.567
4,1335,2.394
4,1336,2.216
4,1337,2.089
4,1338,2.614
4,1339,3.432
4,1340,1.995
4,1341,2.920
4,1342,2.031
4,1343,1.856
4,1344,1.760
4,1345,1.625
4,1346,1.664
4,1347,2.348
4,1348,2.123
4,1349,1.648
4,1350,1.814
4,1351,1.644
4,1352,1.889
4,1353,1.929
4,1354,1.534
4,1355,1.951
4,1356,2.195
4,1357,1.689
4,1358,1.789
4,1359,1.711
4,1360,2.087
4,1361,1.834
4,1362,1.969
4,1363,2.623
4,1364,2.382
4,1365,1.952
4,1366,2.341
4,1367,2.124
4,1368,2.901
4,1369,2.773
4,1370,2.633
4,1371,3.322
4,1372,3.096
4,1373,2.605
4,1374,3.218
4,1375,2.826
4,1376,2.906
4,1377,2.682
4,1378,2.705
4,1379,2.017
4,1380,1.955
4,1381,2.633
4,1382,3.118
4,1383,2.731
4,1384,2.994
4,1385,2.706
4,1386,2.924
4,1387,3.565
4,1388,3.157
4,1389,2.754
4,1390,1.938
4,1391,1.924
4,1392,1.926
4,1393,2.787
4,1394,2.732
4,1395,2.196
4,1396,2.342
4,1397,3.174
4,1398,2.276
4,1399,2.293
4,1400,2.799
4,1401,2.669
4,1402,2.477
4,1403,2.464
4,1404,1.757
4,1405,1.682
4,1406,2.525
4,1407,2.609
4,1408,2.006
4,1409,2.821
4,1410,2.143
4,1411,1.688
4,1412,2.126
4,1413,2.191
4,1414,2.334
4,1415,2.244
4,1416,1.983
4,1417,2.116
4,1418,2.398
4,1419,2.289
4,1420,2.382
4,1421,3.398
4,1422,2.198
4,1423,2.215
4,1424,3.404
4,1425,1.999
4,1426,2.137
4,1427,3.019
4,1428,2.061
4,1429,1.587
4,1430,1.637
4,1431,1.728
4,1432,2.771
4,1433,2.256
4,1434,2.288
4,1435,1.770
4,1436,1.821
4,1437,2.035
4,1438,1.521
4,1439,1.515
4,1440,1.580
4,1441,3.183
4,1442,2.634
4,1443,2.289
4,1444,1.763
4,1445,1.567
4,1446,1.603
4,1447,2.329
4,1448,1.945
4,1449,2.260
4,1450,2.359
4,1451,2.179
4,1452,1.788
4,1453,2.074
4,1454,2.024
4,1455,1.707
4,1456,1.644
4,1457,3.210
4,1458,2.953
4,1459,1.893
4,1460,2.478
4,1461,2.144
4,1462,1.583
4,1463,1.922
4,1464,1.885
4,1465,2.282
4,1466,2.498
4,1467,1.880
4,1468,1.552
4,1469,1.516
4,1470,2.184
4,1471,2.136
4,1472,1.753
4,1473,1.821
4,1474,2.191
4,1475,2.272
4,1476,1.752
4,1477,2.116
4,1478,1.689
4,1479,1.417
4,1480,1.390
4,1481,2.102
4,1482,2.090
4,1483,1.570
4,1484,1.436
4,1485,2.329
4,1486,1.926
4,1487,1.806
4,1488,1.931
4,1489,2.450
4,1490,2.525
4,1491,2.248
4,1492,2.769
4,1493,2.220
4,1494,1.715
4,1495,2.253
4,1496,1.994
4,1497,1.986
4,1498,2.403
4,1499,1.976
4,1500,1.777
4,1501,1.894
4,1502,2.407
4,1503,1.619
4,1504,1.449
4,1505,2.266
4,1506,2.375
4,1507,1.996
4,1508,1.640
4,1509,1.767
4,1510,1.601
4,1511,2.129
4,1512,1.792
4,1513,1.753
4,1514,2.050
4,1515,1.830
4,1516,2.383
4,1517,1.959
4,1518,1.524
4,1519,1.533
4,1520,2.684
4,1521,2.301
4,1522,2.355
4,1523,2.881
4,1524,1.867
4,1525,1.622
4,1526,2.392
4,1527,2.052
4,1528,1.924
4,1529,2.652
4,1530,2.838
4,1531,2.170
4,1532,2.407
4,1533,2.107
4,1534,2.274
4,1535,2.485
4,1536,2.730
4,1537,2.447
4,1538,2.671
4,1539,2.231
4,1540,2.038
4,1541,1.931
4,1542,1.768
4,1543,2.162
4,1544,3.104
4,1545,2.243
4,1546,2.148
4,1547,2.432
4,1548,2.100
4,1549,2.126
4,1550,2.526
4,1551,2.921
4,1552,2.086
4,1553,3.027
4,1554,1.993
4,1555,2.081
4,1556,2.612
4,1557,2.222
4,1558,3.119
4,1559,2.332
4,1560,2.024
4,1561,2.009
4,1562,2.054
4,1563,2.274
4,1564,2.617
4,1565,2.563
4,1566,2.222
4,1567,1.962
4,1568,2.109
4,1569,2.041
4,1570,2.849
4,1571,2.618
4,1572,2.375
4,1573,2.575
4,1574,2.407
4,1575,1.673
4,1576,1.568
4,1577,2.599
4,1578,2.365
4,1579,1.770
4,1580,2.055
4,1581,3.307
4,1582,3.315
4,1583,1.876
4,1584,2.264
4,1585,2.535
4,1586,2.385
4,1587,1.773
4,1588,1.523
4,1589,2.135
4,1590,2.243
4,1591,2.079
4,1592,2.523
4,1593,1.871
4,1594,1.466
4,1595,1.516
4,1596,2.431
4,1597,1.833
4,1598,1.436
4,1599,2.698
4,1600,2.268
4,1601,1.879
4,1602,1.656
4,1603,2.196
4,1604,1.863
4,1605,1.591
4,1606,1.922
4,1607,1.974
4,1608,2.443
4,1609,1.878
4,1610,2.339
4,1611,2.133
4,1612,1.630
4,1613,2.427
4,1614,2.418
4,1615,2.361
4,1616,3.285
4,1617,1.896
4,1618,1.535
4,1619,2.318
4,1620,1.999
4,1621,1.553
4,1622,1.758
4,1623,2.235
4,1624,2.125
4,1625,2.646
4,1626,2.340
4,1627,1.950
4,1628,1.650
4,1629,2.548
4,1630,2.777
4,1631,2.257
4,1632,2.641
4,1633,2.798
4,1634,2.967
4,1635,3.319
4,1636,3.258
4,1637,2.790
4,1638,2.288
4,1639,2.786
4,1640,2.431
4,1641,2.430
4,1642,3.610
4,1643,1.985
4,1644,2.099
4,1645,2.302
4,1646,1.942
4,1647,1.578
4,1648,2.457
4,1649,2.323
4,1650,1.515
4,1651,1.694
4,1652,2.216
4,1653,1.950
4,1654,2.111
4,1655,3.141
4,1656,1.930
4,1657,1.876
4,1658,2.235
4,1659,1.926
4,1660,2.306
4,1661,2.115
4,1662,2.061
4,1663,3.075
4,1664,2.617
4,1665,2.243
4,1666,1.898
4,1667,2.649
4,1668,2.802
4,1669,2.960
4,1670,4.110
4,1671,2.307
4,1672,2.401
4,1673,2.086
4,1674,1.955
4,1675,2.873
4,1676,2.180
4,1677,2.311
4,1678,2.366
4,1679,2.207
4,1680,2.640
4,1681,3.094
4,1682,2.744
4,1683,2.643
4,1684,2.830
4,1685,2.309
4,1686,2.505
4,1687,2.648
4,1688,2.514
4,1689,3.243
4,1690,2.492
4,1691,3.006
4,1692,2.431
4,1693,3.115
4,1694,2.695
4,1695,2.355
4,1696,2.550
4,1697,3.584
4,1698,3.341
4,1699,2.741
4,1700,2.517
4,1701,2.841
4,1702,2.300
4,1703,2.354
4,1704,2.526
4,1705,2.930
4,1706,2.474
4,1707,2.314
4,1708,2.057
4,1709,2.435
4,1710,2.089
4,1711,2.849
4,1712,3.256
4,1713,2.087
4,1714,1.956
4,1715,2.493
4,1716,2.283
4,1717,2.864
4,1718,2.949
4,1719,2.336
4,1720,2.857
4,1721,3.142
4,1722,2.208
4,1723,3.386
4,1724,2.425
4,1725,2.356
4,1726,2.510
4,1727,2.147
4,1728,2.907
4,1729,2.393
4,1730,2.075
4,1731,2.813
4,1732,2.448
4,1733,2.665
4,1734,2.610
4,1735,2.338
4,1736,2.514
4,1737,2.771
4,1738,2.048
4,1739,2.336
4,1740,2.840
4,1741,2.334
4,1742,2.440
4,1743,2.289
4,1744,2.296
4,1745,2.627
4,1746,2.330
4,1747,3.048
4,1748,3.356
4,1749,2.121
4,1750,2.382
4,1751,2.621
4,1752,2.400
4,1753,3.251
4,1754,2.644
4,1755,2.234
4,1756,2.531
4,1757,2.329
4,1758,2.263
4,1759,2.268
4,1760,2.312
4,1761,2.532
4,1762,2.487
4,1763,1.818
4,1764,1.990
4,1765,2.310
4,1766,1.858
4,1767,1.820
4,1768,3.238
4,1769,2.120
4,1770,2.322
4,1771,2.391
4,1772,2.219
4,1773,2.350
4,1774,3.004
4,1775,2.056
4,1776,2.770
4,1777,3.710
4,1778,2.933
4,1779,2.809
4,1780,2.708
4,1781,2.785
4,1782,2.006
4,1783,2.196
4,1784,2.281
4,1785,2.177
4,1786,1.825
4,1787,2.341
4,1788,2.507
4,1789,1.911
4,1790,1.873
4,1791,2.540
4,1792,1.746
4,1793,1.808
4,1794,2.428
4,1795,1.920
4,1796,1.834
4,1797,2.046
4,1798,1.970
4,1799,1.913
4,1800,2.406
4,1801,2.864
4,1802,1.894
4,1803,1.656
4,1804,3.210
4,1805,2.199
4,1806,1.746
4,1807,2.435
4,1808,3.104
4,1809,2.263
4,1810,2.239
4,1811,1.899
4,1812,2.011
4,1813,2.217
4,1814,2.077
4,1815,2.885
4,1816,2.732
4,1817,1.932
4,1818,2.186
4,1819,2.331
4,1820,1.974
4,1821,1.812
4,1822,2.695
4,1823,2.358
4,1824,2.628
4,1825,2.628
4,1826,1.997
4,1827,1.637
4,1828,2.110
4,1829,2.230
4,1830,2.042
4,1831,1.892
4,1832,1.942
4,1833,1.586
4,1834,1.590
4,1835,2.094
4,1836,2.800
4,1837,1.817
4,1838,2.088
4,1839,2.324
4,1840,2.074
4,1841,2.444
4,1842,2.263
4,1843,1.631
4,1844,1.493
4,1845,2.233
4,1846,2.182
4,1847,1.690
4,1848,1.493
4,1849,2.128
4,1850,2.462
4,1851,1.684
4,1852,1.606
4,1853,1.569
4,1854,1.665
4,1855,1.669
4,1856,2.006
4,1857,1.879
4,1858,1.490
4,1859,1.344
4,1860,2.337
4,1861,2.208
4,1862,1.665
4,1863,1.665
4,1864,2.117
4,1865,2.196
4,1866,2.262
4,1867,3.345
4,1868,2.606
4,1869,1.682
4,1870,2.613
4,1871,2.378
4,1872,2.515
4,1873,2.351
4,1874,2.414
4,1875,2.158
4,1876,2.757
4,1877,2.603
4,1878,2.626
4,1879,2.092
4,1880,1.819
4,1881,1.855
4,1882,2.437
4,1883,2.197
4,1884,2.797
4,1885,2.607
4,1886,1.990
4,1887,2.457
4,1888,2.509
4,1889,2.012
4,1890,2.344
4,1891,3.155
4,1892,2.076
4,1893,2.077
4,1894,1.714
4,1895,1.643
4,1896,1.829
4,1897,2.806
4,1898,2.243
4,1899,2.177
4,1900,2.432
4,1901,2.119
4,1902,1.557
4,1903,1.578
4,1904,2.174
4,1905,1.782
4,1906,2.678
4,1907,2.221
4,1908,2.699
4,1909,1.985
4,1910,2.356
4,1911,1.981
4,1912,1.726
4,1913,2.736
4,1914,2.513
4,1915,1.906
4,1916,2.904
4,1917,2.187
4,1918,1.775
4,1919,2.495
4,1920,2.706
4,1921,2.644
4,1922,2.561
4,1923,2.701
4,1924,2.570
4,1925,2.683
4,1926,2.932
4,1927,3.280
4,1928,2.072
4,1929,2.080
4,1930,2.929
4,1931,2.165
4,1932,2.907
4,1933,2.272
4,1934,2.231
4,1935,2.492
4,1936,2.391
4,1937,2.596
4,1938,2.864
4,1939,2.571
4,1940,2.459
4,1941,2.363
4,1942,2.101
4,1943,2.124
4,1944,3.122
4,1945,2.808
4,1946,2.911
4,1947,2.321
4,1948,2.146
4,1949,2.742
4,1950,2.691
4,1951,2.743
4,1952,3.126
4,1953,2.048
4,1954,2.182
4,1955,2.428
4,1956,2.153
4,1957,2.700
4,1958,2.892
4,1959,2.174
4,1960,2.979
4,1961,2.320
4,1962,2.462
4,1963,3.328
4,1964,2.074
4,1965,2.809
4,1966,2.855
4,1967,2.226
4,1968,3.683
4,1969,2.916
4,1970,2.464
4,1971,2.740
4,1972,1.764
4,1973,2.408
4,1974,2.165
4,1975,3.051
4,1976,2.385
4,1977,2.264
4,1978,2.748
4,1979,3.171
4,1980,2.085
4,1981,2.988
4,1982,2.428
4,1983,1.916
4,1984,2.287
4,1985,2.547
4,1986,1.740
4,1987,1.724
4,1988,2.179
4,1989,1.924
4,1990,1.741
4,1991,2.551
4,1992,2.074
4,1993,1.534
4,1994,2.299
4,1995,2.002
4,1996,2.453
4,1997,2.968
4,1998,2.319
4,1999,1.735
4,2000,2.379
4,2001,2.329
4,2002,2.552
4,2003,2.305
4,2004,2.367
4,2005,1.635
4,2006,1.380
4,2007,2.539
4,2008,2.236
4,2009,1.869
4,2010,3.225
4,2011,2.029
4,2012,1.554
4,2013,1.780
4,2014,2.084
4,2015,1.709
4,2016,1.559
4,2017,1.851
4,2018,2.089
4,2019,2.368
4,2020,2.081
4,2021,1.760
4,2022,1.489
4,2023,1.411
4,2024,1.831
4,2025,2.241
4,2026,2.423
4,2027,1.685
4,2028,2.751
4,2029,2.038
4,2030,1.578
4,2031,1.816
4,2032,1.971
4,2033,1.679
4,2034,2.993
4,2035,3.038
4,2036,2.295
4,2037,2.335
4,2038,3.120
4,2039,3.519
4,2040,3.991
4,2041,2.883
4,2042,3.493
4,2043,2.566
4,2044,3.362
4,2045,2.865
4,2046,2.652
4,2047,3.094
4,2048,3.183
4,2049,2.752
4,2050,2.451
4,2051,3.354
4,2052,2.387
4,2053,2.472
4,2054,2.449
4,2055,3.395
4,2056,2.849
4,2057,2.125
4,2058,2.143
4,2059,2.473
4,2060,2.348
4,2061,2.993
4,2062,4.159
4,2063,3.382
4,2064,4.062
4,2065,3.144
4,2066,3.119
4,2067,4.037
4,2068,3.107
4,2069,2.683
4,2070,2.417
4,2071,2.626
4,2072,3.185
4,2073,2.786
4,2074,2.608
4,2075,2.844
4,2076,5.526
4,2077,2.867
4,2078,2.614
4,2079,3.115
4,2080,2.459
4,2081,2.983
4,2082,2.704
4,2083,3.555
4,2084,4.458
4,2085,3.642
4,2086,3.091
4,2087,3.173
4,2088,2.580
4,2089,2.890
4,2090,3.650
4,2091,4.840
4,2092,2.966
4,2093,3.922
4,2094,3.339
4,2095,3.443
4,2096,3.904
4,2097,3.452
4,2098,3.370
4,2099,3.181
4,2100,3.147
4,2101,3.002
4,2102,2.510
4,2103,2.287
4,2104,3.937
4,2105,2.696
4,2106,3.124
4,2107,2.776
4,2108,1.974
4,2109,2.908
4,2110,2.452
4,2111,2.327
4,2112,2.389
4,2113,2.217
4,2114,2.665
4,2115,2.507
4,2116,2.192
4,2117,3.285
4,2118,2.849
4,2119,2.011
4,2120,2.340
4,2121,2.810
4,2122,2.314
4,2123,2.831
4,2124,2.298
4,2125,2.897
4,2126,2.870
4,2127,2.368
4,2128,4.635
4,2129,2.936
4,2130,3.134
4,2131,2.849
4,2132,2.907
4,2133,3.203
4,2134,3.795
4,2135,2.937
4,2136,2.683
4,2137,2.563
4,2138,2.511
4,2139,3.840
4,2140,2.965
4,2141,2.907
4,2142,2.748
4,2143,2.295
4,2144,3.233
4,2145,2.805
4,2146,3.100
4,2147,2.454
4,2148,2.915
4,2149,2.595
4,2150,2.516
4,2151,3.017
4,2152,3.869
4,2153,2.931
4,2154,2.739
4,2155,3.041
4,2156,3.698
4,2157,2.625
4,2158,3.192
4,2159,3.159
4,2160,3.165
4,2161,3.083
4,2162,2.859
4,2163,2.557
4,2164,2.774
4,2165,3.330
4,2166,2.859
4,2167,3.204
4,2168,2.838
4,2169,2.904
4,2170,3.265
4,2171,3.230
4,2172,3.392
4,2173,3.325
4,2174,3.923
4,2175,5.130
4,2176,2.626
4,2177,2.871
4,2178,2.781
4,2179,2.198
4,2180,2.479
4,2181,3.759
4,2182,3.357
4,2183,2.648
4,2184,2.639
4,2185,2.927
4,2186,2.878
4,2187,3.433
4,2188,3.752
4,2189,3.712
4,2190,3.603
4,2191,3.609
4,2192,3.272
4,2193,3.434
4,2194,3.545
4,2195,4.247
4,2196,3.047
4,2197,3.408
4,2198,2.605
4,2199,2.798
4,2200,3.007
4,2201,2.563
4,2202,2.601
4,2203,2.975
4,2204,2.775
4,2205,2.954
4,2206,2.988
4,2207,2.992
4,2208,2.630
4,2209,3.401
4,2210,2.431
4,2211,2.826
4,2212,2.667
4,2213,2.710
4,2214,3.404
4,2215,3.036
4,2216,3.166
4,2217,2.671
4,2218,3.034
4,2219,2.722
4,2220,3.717
4,2221,3.379
4,2222,3.667
4,2223,4.020
4,2224,5.806
4,2225,3.819
4,2226,2.865
4,2227,2.979
4,2228,4.325
4,2229,2.972
4,2230,4.479
4,2231,3.206
4,2232,3.010
4,2233,2.865
4,2234,3.619
4,2235,3.123
4,2236,3.506
4,2237,2.871
4,2238,3.499
4,2239,4.293
4,2240,3.646
4,2241,3.072
4,2242,3.484
4,2243,3.323
4,2244,4.663
4,2245,3.312
4,2246,3.257
4,2247,2.724
4,2248,3.074
4,2249,2.542
4,2250,2.006
4,2251,2.903
4,2252,2.511
4,2253,2.599
4,2254,2.396
4,2255,3.005
4,2256,2.663
4,2257,2.295
4,2258,2.567
4,2259,2.588
4,2260,2.316
4,2261,2.235
4,2262,2.831
4,2263,2.408
4,2264,2.394
4,2265,3.134
4,2266,2.314
4,2267,3.710
4,2268,2.602
4,2269,2.656
4,2270,2.905
4,2271,2.839
4,2272,3.256
4,2273,2.621
4,2274,3.501
4,2275,3.294
4,2276,2.979
4,2277,3.479
4,2278,3.783
4,2279,2.898
4,2280,3.820
4,2281,2.731
4,2282,3.894
4,2283,3.432
4,2284,4.266
4,2285,3.608
4,2286,4.472
4,2287,3.478
4,2288,3.861
4,2289,3.006
4,2290,5.026
4,2291,4.166
4,2292,3.776
4,2293,4.150
4,2294,4.318
4,2295,4.200
4,2296,4.351
4,2297,4.413
4,2298,4.529
4,2299,4.966
4,2300,4.041
4,2301,3.536
4,2302,2.956
4,2303,3.083
4,2304,3.516
4,2305,3.715
4,2306,3.741
4,2307,2.864
4,2308,2.925
4,2309,2.855
4,2310,3.765
4,2311,3.143
4,2312,3.291
4,2313,2.676
4,2314,2.728
4,2315,2.913
4,2316,3.662
4,2317,2.659
4,2318,3.722
4,2319,2.957
4,2320,4.379
4,2321,3.643
4,2322,4.061
4,2323,3.225
4,2324,2.661
4,2325,3.088
4,2326,2.203
4,2327,2.484
4,2328,2.556
4,2329,2.698
4,2330,3.302
4,2331,3.816
4,2332,3.669
4,2333,2.410
4,2334,2.828
4,2335,2.437
4,2336,3.513
4,2337,2.525
4,2338,2.270
4,2339,2.875
4,2340,2.511
4,2341,2.375
4,2342,3.056
4,2343,2.863
4,2344,2.549
4,2345,2.933
4,2346,2.658
4,2347,3.990
4,2348,2.683
4,2349,3.446
4,2350,2.398
4,2351,2.407
4,2352,3.011
4,2353,3.032
4,2354,2.911
4,2355,2.669
4,2356,2.766
4,2357,2.389
4,2358,2.780
4,2359,2.747
4,2360,2.327
4,2361,2.172
4,2362,3.051
4,2363,2.246
4,2364,2.906
4,2365,2.991
4,2366,2.007
4,2367,3.404
4,2368,2.572
4,2369,2.690
4,2370,3.360
4,2371,2.603
4,2372,3.116
4,2373,2.308
4,2374,3.040
4,2375,3.173
4,2376,2.672
4,2377,2.707
4,2378,2.539
4,2379,3.253
4,2380,2.552
4,2381,3.377
4,2382,3.229
4,2383,2.444
4,2384,2.883
4,2385,2.563
4,2386,3.230
4,2387,2.891
4,2388,2.521
4,2389,2.909
4,2390,2.250
4,2391,2.739
4,2392,3.765
4,2393,3.534
4,2394,3.329
4,2395,2.419
4,2396,3.775
4,2397,2.293
4,2398,2.656
4,2399,3.236
4,2400,2.640
4,2401,3.221
4,2402,3.634
4,2403,3.051
4,2404,2.946
4,2405,3.248
4,2406,2.682
4,2407,3.835
4,2408,3.854
4,2409,3.573
4,2410,3.561
4,2411,3.256
4,2412,2.444
4,2413,2.422
4,2414,2.510
4,2415,2.067
4,2416,3.097
4,2417,3.333
4,2418,2.934
4,2419,2.548
4,2420,2.045
4,2421,2.491
4,2422,2.622
4,2423,1.884
4,2424,3.956
4,2425,2.838
4,2426,2.866
4,2427,2.183
4,2428,1.797
4,2429,2.641
4,2430,2.722
4,2431,2.513
4,2432,2.586
4,2433,2.433
4,2434,2.587
4,2435,2.670
4,2436,2.164
4,2437,2.226
4,2438,2.910
4,2439,1.724
4,2440,1.434
4,2441,1.695
4,2442,1.623
4,2443,1.778
4,2444,1.874
4,2445,2.931
4,2446,2.153
4,2447,3.493
4,2448,2.908
4,2449,3.251
4,2450,3.374
4,2451,3.428
4,2452,3.123
4,2453,3.260
4,2454,3.386
4,2455,2.398
4,2456,2.770
4,2457,2.672
4,2458,2.214
4,2459,2.971
4,2460,2.785
4,2461,2.655
4,2462,2.255
4,2463,2.512
4,2464,3.137
4,2465,2.359
4,2466,3.040
4,2467,3.410
4,2468,2.416
4,2469,2.503
4,2470,2.600
4,2471,1.687
4,2472,2.270
4,2473,2.830
4,2474,1.713
4,2475,1.735
4,2476,2.378
4,2477,2.033
4,2478,1.611
4,2479,1.892
4,2480,2.530
4,2481,2.983
4,2482,2.185
4,2483,1.797
4,2484,1.671
4,2485,1.878
4,2486,2.556
4,2487,2.284
4,2488,2.327
4,2489,2.617
4,2490,2.279
4,2491,2.100
4,2492,2.585
4,2493,2.235
4,2494,2.763
4,2495,2.189
4,2496,2.176
4,2497,1.938
4,2498,2.579
4,2499,2.088
4,2500,1.877
4,2501,3.216
4,2502,2.475
4,2503,2.837
4,2504,2.795
4,2505,2.139
4,2506,2.616
4,2507,2.492
4,2508,2.411
4,2509,1.890
4,2510,1.560
4,2511,1.552
4,2512,2.811
4,2513,1.972
4,2514,1.994
4,2515,2.327
4,2516,2.428
4,2517,2.181
4,2518,2.747
4,2519,2.251
4,2520,2.560
4,2521,2.915
4,2522,2.476
4,2523,2.401
4,2524,3.569
4,2525,2.252
4,2526,3.183
4,2527,3.618
4,2528,2.622
4,2529,2.468
4,2530,2.166
4,2531,2.948
4,2532,2.603
4,2533,3.078
4,2534,3.044
4,2535,2.281
4,2536,2.665
4,2537,2.333
4,2538,2.307
4,2539,3.187
4,2540,2.365
4,2541,2.319
4,2542,2.391
4,2543,2.410
4,2544,2.455
4,2545,3.137
4,2546,2.054
4,2547,2.529
4,2548,2.593
4,2549,2.012
4,2550,2.809
4,2551,3.765
4,2552,2.801
4,2553,2.594
4,2554,2.255
4,2555,3.014
4,2556,2.500
4,2557,3.505
4,2558,3.091
4,2559,2.951
4,2560,2.823
4,2561,2.890
4,2562,2.544
4,2563,2.236
4,2564,2.116
4,2565,2.819
4,2566,2.433
4,2567,2.681
4,2568,2.880
4,2569,2.228
4,2570,2.634
4,2571,2.438
4,2572,2.095
4,2573,2.429
4,2574,3.799
4,2575,2.696
4,2576,2.941
4,2577,2.017
4,2578,2.333
4,2579,2.376
4,2580,2.075
4,2581,2.883
4,2582,2.840
4,2583,2.300
4,2584,2.875
4,2585,2.400
4,2586,2.231
4,2587,2.764
4,2588,2.304
4,2589,3.107
4,2590,2.598
4,2591,2.129
4,2592,2.798
4,2593,2.418
4,2594,3.825
4,2595,2.615
4,2596,2.344
4,2597,2.895
4,2598,2.209
4,2599,2.202
4,2600,3.325
4,2601,2.159
4,2602,3.114
4,2603,2.555
4,2604,2.153
4,2605,3.081
4,2606,2.598
4,2607,2.542
4,2608,2.628
4,2609,2.906
4,2610,2.461
4,2611,2.683
4,2612,2.486
4,2613,2.297
4,2614,2.046
4,2615,2.094
4,2616,3.045
4,2617,2.737
4,2618,2.712
4,2619,2.472
4,2620,2.240
4,2621,2.158
4,2622,2.738
4,2623,2.934
4,2624,2.679
4,2625,2.313
4,2626,2.683
4,2627,3.446
4,2628,2.587
4,2629,3.212
4,2630,2.889
4,2631,2.996
4,2632,3.146
4,2633,2.346
4,2634,3.162
4,2635,2.877
4,2636,3.149
4,2637,2.724
4,2638,2.701
4,2639,2.846
4,2640,2.873
4,2641,2.992
4,2642,2.989
4,2643,2.745
4,2644,2.551
4,2645,2.504
4,2646,3.168
4,2647,2.542
4,2648,3.063
4,2649,4.128
4,2650,3.075
4,2651,3.206
4,2652,2.520
4,2653,2.691
4,2654,2.682
4,2655,3.092
4,2656,2.976
4,2657,3.506
4,2658,3.422
4,2659,3.278
4,2660,3.175
4,2661,3.648
4,2662,2.775
4,2663,2.240
4,2664,2.662
4,2665,2.707
4,2666,2.403
4,2667,3.026
4,2668,7.655
4,2669,2.273
4,2670,3.307
4,2671,3.121
4,2672,2.972
4,2673,3.311
4,2674,2.705
4,2675,3.257
4,2676,2.865
4,2677,3.065
4,2678,2.856
4,2679,4.707
4,2680,4.211
4,2681,2.696
4,2682,2.523
4,2683,2.661
4,2684,2.778
4,2685,2.386
4,2686,2.837
4,2687,2.445
4,2688,2.581
4,2689,2.737
4,2690,2.920
4,2691,3.961
4,2692,2.471
4,2693,2.547
4,2694,3.312
4,2695,2.251
4,2696,2.557
4,2697,3.127
4,2698,3.205
4,2699,2.618
4,2700,2.646
4,2701,2.758
4,2702,2.477
4,2703,2.893
4,2704,2.517
4,2705,2.235
4,2706,2.657
4,2707,2.462
4,2708,2.416
4,2709,3.225
4,2710,3.200
4,2711,3.155
4,2712,2.743
4,2713,2.925
4,2714,3.095
4,2715,2.778
4,2716,4.171
4,2717,2.525
4,2718,3.307
4,2719,3.087
4,2720,3.646
4,2721,3.404
4,2722,3.390
4,2723,3.432
4,2724,2.853
4,2725,2.468
4,2726,2.537
4,2727,3.174
4,2728,2.456
4,2729,3.672
4,2730,2.681
4,2731,3.011
4,2732,2.884
4,2733,3.129
4,2734,3.029
4,2735,2.510
4,2736,2.548
4,2737,2.494
4,2738,2.540
4,2739,3.535
4,2740,3.343
4,2741,3.217
4,2742,2.811
4,2743,2.776
4,2744,2.924
4,2745,4.297
4,2746,3.068
4,2747,2.973
4,2748,2.546
4,2749,2.463
4,2750,3.131
4,2751,3.316
4,2752,3.254
4,2753,2.614
4,2754,2.745
4,2755,2.646
4,2756,2.880
4,2757,2.868
4,2758,2.958
4,2759,2.068
4,2760,3.110
4,2761,2.522
4,2762,2.826
4,2763,2.913
4,2764,1.897
4,2765,2.571
4,2766,2.454
4,2767,2.211
4,2768,2.717
4,2769,3.342
4,2770,2.542
4,2771,2.752
4,2772,2.617
4,2773,2.615
4,2774,2.805
4,2775,2.214
4,2776,2.562
4,2777,2.157
4,2778,1.785
4,2779,2.859
4,2780,1.987
4,2781,2.198
4,2782,2.514
4,2783,2.486
4,2784,1.759
4,2785,1.808
4,2786,1.903
4,2787,2.104
4,2788,2.121
4,2789,2.973
4,2790,1.977
4,2791,2.777
4,2792,2.663
4,2793,2.172
4,2794,2.918
4,2795,2.997
4,2796,1.902
4,2797,2.561
4,2798,2.053
4,2799,1.931
4,2800,2.032
4,2801,1.868
4,2802,2.221
4,2803,2.482
4,2804,2.169
4,2805,1.673
4,2806,1.513
4,2807,1.873
4,2808,1.853
4,2809,1.881
4,2810,2.076
4,2811,3.018
4,2812,1.691
4,2813,1.469
4,2814,2.490
4,2815,1.848
4,2816,1.543
4,2817,1.509
4,2818,1.713
4,2819,2.470
4,2820,2.467
4,2821,2.691
4,2822,1.979
4,2823,1.796
4,2824,2.224
4,2825,2.506
4,2826,2.140
4,2827,2.135
4,2828,2.483
4,2829,1.773
4,2830,1.741
4,2831,2.505
4,2832,2.427
4,2833,2.461
4,2834,2.202
4,2835,1.726
4,2836,1.753
4,2837,2.006
4,2838,2.246
4,2839,1.739
4,2840,2.224
4,2841,1.823
4,2842,1.554
4,2843,1.767
4,2844,1.879
4,2845,2.335
4,2846,1.825
4,2847,1.724
4,2848,3.167
4,2849,2.025
4,2850,1.616
4,2851,2.774
4,2852,2.218
4,2853,1.994
4,2854,2.423
4,2855,2.377
4,2856,1.833
4,2857,2.398
4,2858,2.372
4,2859,1.632
4,2860,1.828
4,2861,2.735
4,2862,1.975
4,2863,2.156
4,2864,2.014
4,2865,1.706
4,2866,1.747
4,2867,2.047
4,2868,2.064
4,2869,1.611
4,2870,1.830
4,2871,2.595
4,2872,2.114
4,2873,1.613
4,2874,1.984
4,2875,2.051
4,2876,1.774
4,2877,2.022
4,2878,2.420
4,2879,2.680
4,2880,2.541
4,2881,2.622
4,2882,2.624
4,2883,3.021
4,2884,3.184
4,2885,3.052
4,2886,2.558
4,2887,2.166
4,2888,2.646
4,2889,2.271
4,2890,1.921
4,2891,2.826
4,2892,2.988
4,2893,2.950
4,2894,2.531
4,2895,1.942
4,2896,2.142
4,2897,3.221
4,2898,2.084
4,2899,2.344
4,2900,2.686
4,2901,2.099
4,2902,2.080
4,2903,2.049
4,2904,2.689
4,2905,2.761
4,2906,2.635
4,2907,1.670
4,2908,4.443
4,2909,4.115
4,2910,3.527
4,2911,3.424
4,2912,3.235
4,2913,2.206
4,2914,3.669
4,2915,2.997
4,2916,2.653
4,2917,2.731
4,2918,3.183
4,2919,3.260
4,2920,2.584
4,2921,3.137
4,2922,3.742
4,2923,3.290
4,2924,3.538
4,2925,3.582
4,2926,2.381
4,2927,1.919
4,2928,1.918
4,2929,1.984
4,2930,1.935
4,2931,3.165
4,2932,2.626
4,2933,1.793
4,2934,2.369
4,2935,2.134
4,2936,1.671
4,2937,2.016
4,2938,3.059
4,2939,3.010
4,2940,3.326
4,2941,2.332
4,2942,2.615
4,2943,3.296
4,2944,3.163
4,2945,3.569
4,2946,2.515
4,2947,2.506
4,2948,2.033
4,2949,1.845
4,2950,2.446
4,2951,2.192
4,2952,2.014
4,2953,2.453
4,2954,2.092
4,2955,1.576
4,2956,1.650
4,2957,2.357
4,2958,2.382
4,2959,1.771
4,2960,2.059
4,2961,3.866
4,2962,2.461
4,2963,2.525
4,2964,2.287
4,2965,2.442
4,2966,2.209
4,2967,1.776
4,2968,2.073
4,2969,2.466
4,2970,1.904
4,2971,2.729
4,2972,2.354
4,2973,1.724
4,2974,1.759
4,2975,2.251
4,2976,2.441
4,2977,1.608
4,2978,1.871
4,2979,2.300
4,2980,2.141
4,2981,1.561
4,2982,1.753
4,2983,1.753
4,2984,1.969
4,2985,2.211
4,2986,2.463
4,2987,1.917
4,2988,1.635
4,2989,1.979
4,2990,1.938
4,2991,1.645
4,2992,1.518
4,2993,2.402
4,2994,2.763
4,2995,2.233
4,2996,2.387
4,2997,1.889
4,2998,1.667
4,2999,2.434
4,3000,2.206
4,3001,1.697
4,3002,2.672
4,3003,2.768
4,3004,2.280
4,3005,2.941
4,3006,2.547
4,3007,3.038
4,3008,2.974
4,3009,2.544
4,3010,2.642
4,3011,2.410
4,3012,1.957
4,3013,2.642
4,3014,2.834
4,3015,4.362
4,3016,3.050
4,3017,2.010
4,3018,2.421
4,3019,2.296
4,3020,2.897
4,3021,2.553
4,3022,2.307
4,3023,3.477
4,3024,2.256
4,3025,2.425
4,3026,2.709
4,3027,1.754
4,3028,1.510
4,3029,1.648
4,3030,1.996
4,3031,2.393
4,3032,1.825
4,3033,2.203
4,3034,2.077
4,3035,1.996
4,3036,2.273
4,3037,2.002
4,3038,1.843
4,3039,1.734
4,3040,2.464
4,3041,2.695
4,3042,2.287
4,3043,3.198
4,3044,2.079
4,3045,2.074
4,3046,2.678
4,3047,3.470
4,3048,3.601
4,3049,2.500
4,3050,2.940
4,3051,3.018
4,3052,2.804
4,3053,2.352
4,3054,1.722
4,3055,2.010
4,3056,2.382
4,3057,1.756
4,3058,1.534
4,3059,1.701
4,3060,2.381
4,3061,2.562
4,3062,2.679
4,3063,2.044
4,3064,1.623
4,3065,1.794
4,3066,1.924
4,3067,1.876
4,3068,2.203
4,3069,2.379
4,3070,2.188
4,3071,2.326
4,3072,2.318
4,3073,2.319
4,3074,1.644
4,3075,2.267
4,3076,2.224
4,3077,1.698
4,3078,2.022
4,3079,3.401
4,3080,1.827
4,3081,1.597
4,3082,2.373
4,3083,2.084
4,3084,1.795
4,3085,2.115
4,3086,2.203
4,3087,1.946
4,3088,1.900
4,3089,2.180
4,3090,3.061
4,3091,1.841
4,3092,1.945
4,3093,1.801
4,3094,1.933
4,3095,2.200
4,3096,2.309
4,3097,1.736
4,3098,1.713
4,3099,2.126
4,3100,1.695
4,3101,1.569
4,3102,1.497
4,3103,2.723
4,3104,2.318
4,3105,2.806
4,3106,2.214
4,3107,1.545
4,3108,1.558
4,3109,2.640
4,3110,2.297
4,3111,1.690
4,3112,2.477
4,3113,2.639
4,3114,1.937
4,3115,1.972
4,3116,2.085
4,3117,2.250
4,3118,2.435
4,3119,2.211
4,3120,2.129
4,3121,2.649
4,3122,2.154
4,3123,1.724
4,3124,1.845
4,3125,2.192
4,3126,1.895
4,3127,2.989
4,3128,3.109
4,3129,2.419
4,3130,1.985
4,3131,2.155
4,3132,1.928
4,3133,1.855
4,3134,2.914
4,3135,2.394
4,3136,2.215
4,3137,3.359
4,3138,1.930
4,3139,1.869
4,3140,2.910
4,3141,2.912
4,3142,3.039
4,3143,2.987
4,3144,2.951
4,3145,2.221
4,3146,2.440
4,3147,2.572
4,3148,2.340
4,3149,1.945
4,3150,1.936
4,3151,2.218
4,3152,2.800
4,3153,2.663
4,3154,2.071
4,3155,1.957
4,3156,2.477
4,3157,2.334
4,3158,1.877
4,3159,2.609
4,3160,2.715
4,3161,1.794
4,3162,1.807
4,3163,2.614
4,3164,2.001
4,3165,1.826
4,3166,2.323
4,3167,2.376
4,3168,2.569
4,3169,2.530
4,3170,1.880
4,3171,1.687
4,3172,2.004
4,3173,1.975
4,3174,2.305
4,3175,2.698
4,3176,2.633
4,3177,2.078
4,3178,2.480
4,3179,2.584
4,3180,2.258
4,3181,2.655
4,3182,2.773
4,3183,2.835
4,3184,2.354
4,3185,2.215
4,3186,3.011
4,3187,2.720
4,3188,2.626
4,3189,3.696
4,3190,2.651
4,3191,2.353
4,3192,2.226
4,3193,2.225
4,3194,2.562
4,3195,2.007
4,3196,1.572
4,3197,1.467
4,3198,2.420
4,3199,2.030
4,3200,2.616
4,3201,2.535
4,3202,2.224
4,3203,1.950
4,3204,2.418
4,3205,1.903
4,3206,2.121
4,3207,2.895
4,3208,1.927
4,3209,1.654
4,3210,2.079
4,3211,2.729
4,3212,2.022
4,3213,2.124
4,3214,3.384
4,3215,2.062
4,3216,2.765
4,3217,2.226
4,3218,1.903
4,3219,2.660
4,3220,3.132
4,3221,2.904
4,3222,2.386
4,3223,1.918
4,3224,2.499
4,3225,2.502
4,3226,1.957
4,3227,2.462
4,3228,2.799
4,3229,2.541
4,3230,2.561
4,3231,2.623
4,3232,2.128
4,3233,2.656
4,3234,2.797
4,3235,1.997
4,3236,2.930
4,3237,2.679
4,3238,2.971
4,3239,2.368
4,3240,2.674
4,3241,3.518
4,3242,3.025
4,3243,3.374
4,3244,2.610
4,3245,3.222
4,3246,2.871
4,3247,2.392
4,3248,3.543
4,3249,2.718
4,3250,2.736
4,3251,2.400
4,3252,2.166
4,3253,3.220
4,3254,2.869
4,3255,2.894
4,3256,2.980
4,3257,2.601
4,3258,2.814
4,3259,2.018
4,3260,2.164
4,3261,3.251
4,3262,2.347
4,3263,2.662
4,3264,2.388
4,3265,2.364
4,3266,2.535
4,3267,2.388
4,3268,3.183
4,3269,3.525
4,3270,2.383
4,3271,2.789
4,3272,2.427
4,3273,2.583
4,3274,3.555
4,3275,2.398
4,3276,2.988
4,3277,2.832
4,3278,2.867
4,3279,2.948
4,3280,2.787
4,3281,2.596
4,3282,2.188
4,3283,2.276
4,3284,2.346
4,3285,2.064
4,3286,2.665
4,3287,3.275
4,3288,2.141
4,3289,2.437
4,3290,2.255
4,3291,2.297
4,3292,3.174
4,3293,2.577
4,3294,2.758
4,3295,3.210
4,3296,2.433
4,3297,2.512
4,3298,2.535
4,3299,2.388
4,3300,2.527
4,3301,2.567
4,3302,2.177
4,3303,2.679
4,3304,2.157
4,3305,2.416
4,3306,2.457
4,3307,2.236
4,3308,2.485
4,3309,2.336
4,3310,2.027
4,3311,1.984
4,3312,2.933
4,3313,1.997
4,3314,1.701
4,3315,1.899
4,3316,2.667
4,3317,1.877
4,3318,2.221
4,3319,2.290
4,3320,2.151
4,3321,2.436
4,3322,2.970
4,3323,1.965
4,3324,2.615
4,3325,2.269
4,3326,1.974
4,3327,2.620
4,3328,2.478
4,3329,2.627
4,3330,2.929
4,3331,2.277
4,3332,1.565
4,3333,3.389
4,3334,2.382
4,3335,2.344
4,3336,2.531
4,3337,2.047
4,3338,1.730
4,3339,3.193
4,3340,2.407
4,3341,2.640
4,3342,2.212
4,3343,1.574
4,3344,1.457
4,3345,1.790
4,3346,1.776
4,3347,2.893
4,3348,2.153
4,3349,2.337
4,3350,2.008
4,3351,2.368
4,3352,2.615
4,3353,2.077
4,3354,2.882
4,3355,2.364
4,3356,2.398
4,3357,2.587
4,3358,1.974
4,3359,1.784
4,3360,2.232
4,3361,2.392
4,3362,1.711
4,3363,1.970
4,3364,2.221
4,3365,2.122
4,3366,1.649
4,3367,1.856
4,3368,1.954
4,3369,1.988
4,3370,1.801
4,3371,1.803
4,3372,1.789
4,3373,1.883
4,3374,1.699
4,3375,2.315
4,3376,2.257
4,3377,1.908
4,3378,1.821
4,3379,1.679
4,3380,1.862
4,3381,2.241
4,3382,2.699
4,3383,1.783
4,3384,2.372
4,3385,2.433
4,3386,2.314
4,3387,2.030
4,3388,2.567
4,3389,2.615
4,3390,2.774
4,3391,3.115
4,3392,3.293
4,3393,3.013
4,3394,2.183
4,3395,2.892
4,3396,3.087
4,3397,3.021
4,3398,2.424
4,3399,2.254
4,3400,2.932
4,3401,2.404
4,3402,3.191
4,3403,2.714
4,3404,2.661
4,3405,2.588
4,3406,2.316
4,3407,2.545
4,3408,3.772
4,3409,2.881
4,3410,2.790
4,3411,2.202
4,3412,1.783
4,3413,2.430
4,3414,2.884
4,3415,2.616
4,3416,3.421
4,3417,2.609
4,3418,3.042
4,3419,2.711
4,3420,2.346
4,3421,2.518
4,3422,2.141
4,3423,2.396
4,3424,1.988
4,3425,1.594
4,3426,1.530
4,3427,2.316
4,3428,2.344
4,3429,1.755
4,3430,1.758
4,3431,3.071
4,3432,2.706
4,3433,2.175
4,3434,3.554
4,3435,3.261
4,3436,2.788
4,3437,1.807
4,3438,1.782
4,3439,2.744
4,3440,2.374
4,3441,2.284
4,3442,2.894
4,3443,2.051
4,3444,2.214
4,3445,2.425
4,3446,2.026
4,3447,1.894
4,3448,2.485
4,3449,1.950
4,3450,1.548
4,3451,2.193
4,3452,2.318
4,3453,1.831
4,3454,1.574
4,3455,3.049
4,3456,2.101
4,3457,2.390
4,3458,2.323
4,3459,2.346
4,3460,2.266
4,3461,2.394
4,3462,2.908
4,3463,2.375
4,3464,2.285
4,3465,2.706
4,3466,3.204
4,3467,2.068
4,3468,1.922
4,3469,3.105
4,3470,1.876
4,3471,1.536
4,3472,1.752
4,3473,2.000
4,3474,2.137
4,3475,1.884
4,3476,2.522
4,3477,2.412
4,3478,1.628
4,3479,2.496
4,3480,1.979
4,3481,1.771
4,3482,2.011
4,3483,2.341
4,3484,2.286
4,3485,2.667
4,3486,2.082
4,3487,1.738
4,3488,1.757
4,3489,2.133
4,3490,2.461
4,3491,2.022
4,3492,2.222
4,3493,2.454
4,3494,1.922
4,3495,3.509
4,3496,2.994
4,3497,3.212
4,3498,2.944
4,3499,2.788
4,3500,2.571
4,3501,2.178
4,3502,2.795
4,3503,2.958
4,3504,2.774
4,3505,2.682
4,3506,2.182
4,3507,1.878
4,3508,2.702
4,3509,2.672
4,3510,2.098
4,3511,1.947
4,3512,1.985
4,3513,1.958
4,3514,2.889
4,3515,1.825
4,3516,2.391
4,3517,2.452
4,3518,2.333
4,3519,1.835
4,3520,2.978
4,3521,2.666
4,3522,1.809
4,3523,2.765
4,3524,2.460
4,3525,3.182
4,3526,2.807
4,3527,2.292
4,3528,4.266
4,3529,3.943
4,3530,2.868
4,3531,2.543
4,3532,2.881
4,3533,2.478
4,3534,2.686
4,3535,2.549
4,3536,2.130
4,3537,2.035
4,3538,2.699
4,3539,2.492
4,3540,2.553
4,3541,2.570
4,3542,2.119
4,3543,1.968
4,3544,2.125
4,3545,1.962
4,3546,1.945
4,3547,3.014
4,3548,2.284
4,3549,2.404
4,3550,2.651
4,3551,2.174
4,3552,2.704
4,3553,2.581
4,3554,2.165
4,3555,2.649
4,3556,2.883
4,3557,1.876
4,3558,2.184
4,3559,2.439
4,3560,2.010
4,3561,2.370
4,3562,2.133
4,3563,1.711
4,3564,1.959
4,3565,1.917
4,3566,2.174
4,3567,2.087
4,3568,2.276
4,3569,2.208
4,3570,1.834
4,3571,2.122
4,3572,2.256
4,3573,2.198
4,3574,2.686
4,3575,2.454
4,3576,1.937
4,3577,2.089
4,3578,2.691
4,3579,2.802
4,3580,3.447
4,3581,3.035
4,3582,2.475
4,3583,2.424
4,3584,3.120
4,3585,3.821
4,3586,3.806
4,3587,3.316
4,3588,2.451
4,3589,2.688
4,3590,3.017
4,3591,2.183
4,3592,3.442
4,3593,2.455
4,3594,2.162
4,3595,2.469
4,3596,2.288
4,3597,2.663
4,3598,2.289
4,3599,2.341
4,3600,2.364
4,3601,3.272
4,3602,2.574
4,3603,3.330
4,3604,2.977
4,3605,3.046
4,3606,1.985
4,3607,3.015
4,3608,3.129
4,3609,3.352
4,3610,3.146
4,3611,2.897
4,3612,2.473
4,3613,2.816
4,3614,3.222
4,3615,2.778
4,3616,3.000
4,3617,3.493
4,3618,2.216
4,3619,2.314
4,3620,2.458
4,3621,1.911
4,3622,2.306
4,3623,2.378
4,3624,2.683
4,3625,2.659
4,3626,3.338
4,3627,2.706
4,3628,3.228
4,3629,2.314
4,3630,2.817
4,3631,2.989
4,3632,1.843
4,3633,2.831
4,3634,1.941
4,3635,1.437
4,3636,1.933
4,3637,2.195
4,3638,2.517
4,3639,2.221
4,3640,2.182
4,3641,1.830
4,3642,1.776
4,3643,2.190
4,3644,2.231
4,3645,2.500
4,3646,3.702
4,3647,2.577
4,3648,3.002
4,3649,2.368
4,3650,2.370
4,3651,3.627
4,3652,3.288
4,3653,2.710
4,3654,2.241
4,3655,2.064
4,3656,2.609
4,3657,2.310
4,3658,2.467
4,3659,2.751
4,3660,2.043
4,3661,2.220
4,3662,2.510
4,3663,2.011
4,3664,3.038
4,3665,2.227
4,3666,2.606
4,3667,2.224
4,3668,2.482
4,3669,1.782
4,3670,2.237
4,3671,2.673
4,3672,1.703
4,3673,1.668
4,3674,2.254
4,3675,2.876
4,3676,2.206
4,3677,2.277
4,3678,2.005
4,3679,1.952
4,3680,3.367
4,3681,2.500
4,3682,1.990
4,3683,2.449
4,3684,2.309
4,3685,2.345
4,3686,2.678
4,3687,2.039
4,3688,2.154
4,3689,3.019
4,3690,2.219
4,3691,2.500
4,3692,2.327
4,3693,1.769
4,3694,1.850
4,3695,1.971
4,3696,1.696
4,3697,2.076
4,3698,3.120
4,3699,1.747
4,3700,1.618
4,3701,2.092
4,3702,2.320
4,3703,1.712
4,3704,2.074
4,3705,3.218
4,3706,3.032
4,3707,3.323
4,3708,2.679
4,3709,3.563
4,3710,3.655
4,3711,2.767
4,3712,2.279
4,3713,2.133
4,3714,2.244
4,3715,2.118
4,3716,1.853
4,3717,2.644
4,3718,2.421
4,3719,2.837
4,3720,2.456
4,3721,2.491
4,3722,1.996
4,3723,2.334
4,3724,2.521
4,3725,1.787
4,3726,2.334
4,3727,2.512
4,3728,1.745
4,3729,1.757
4,3730,2.166
4,3731,2.503
4,3732,2.516
4,3733,2.346
4,3734,1.641
4,3735,2.315
4,3736,2.920
4,3737,1.796
4,3738,1.465
4,3739,2.302
4,3740,2.621
4,3741,1.703
4,3742,1.889
4,3743,2.579
4,3744,1.846
4,3745,1.691
4,3746,2.116
4,3747,3.147
4,3748,2.285
4,3749,2.734
4,3750,2.322
4,3751,2.980
4,3752,2.439
4,3753,3.248
4,3754,3.143
4,3755,2.539
4,3756,2.919
4,3757,3.064
4,3758,3.070
4,3759,2.850
4,3760,5.546
4,3761,2.418
4,3762,5.750
4,3763,2.546
4,3764,2.886
4,3765,3.553
4,3766,2.923
4,3767,3.112
4,3768,3.036
4,3769,3.056
4,3770,2.410
4,3771,3.042
4,3772,2.428
4,3773,3.260
4,3774,2.675
4,3775,2.708
4,3776,2.669
4,3777,2.353
4,3778,2.868
4,3779,3.192
4,3780,2.937
4,3781,2.916
4,3782,2.646
4,3783,4.227
4,3784,3.012
4,3785,3.454
4,3786,2.756
4,3787,3.118
4,3788,3.446
4,3789,2.637
4,3790,2.234
4,3791,2.702
4,3792,2.881
4,3793,2.477
4,3794,2.180
4,3795,3.100
4,3796,2.423
4,3797,2.277
4,3798,2.861
4,3799,2.311
4,3800,2.706
4,3801,2.856
4,3802,2.106
4,3803,2.555
4,3804,2.379
4,3805,2.838
4,3806,2.435
4,3807,2.446
4,3808,2.461
4,3809,3.242
4,3810,2.161
4,3811,2.755
4,3812,2.773
4,3813,2.564
4,3814,2.726
4,3815,2.419
4,3816,2.813
4,3817,2.491
4,3818,2.228
4,3819,3.494
4,3820,2.517
4,3821,2.618
4,3822,2.724
4,3823,2.326
4,3824,2.998
4,3825,3.265
4,3826,2.734
4,3827,2.777
4,3828,2.257
4,3829,2.542
4,3830,2.839
4,3831,2.387
4,3832,3.253
4,3833,2.324
4,3834,2.275
4,3835,3.946
4,3836,3.237
4,3837,3.126
4,3838,2.347
4,3839,2.502
4,3840,2.873
4,3841,3.281
4,3842,2.924
4,3843,2.079
4,3844,2.715
4,3845,2.890
4,3846,1.932
4,3847,2.512
4,3848,2.458
4,3849,2.223
4,3850,3.032
4,3851,2.311
4,3852,3.199
4,3853,2.807
4,3854,3.259
4,3855,2.628
4,3856,2.240
4,3857,2.349
4,3858,2.353
4,3859,2.867
4,3860,2.371
4,3861,2.407
4,3862,1.855
4,3863,1.912
4,3864,2.573
4,3865,1.771
4,3866,1.578
4,3867,3.262
4,3868,2.368
4,3869,2.508
4,3870,2.468
4,3871,2.584
4,3872,2.890
4,3873,2.605
4,3874,3.120
4,3875,2.576
4,3876,2.047
4,3877,2.209
4,3878,2.451
4,3879,2.240
4,3880,2.830
4,3881,2.994
4,3882,2.168
4,3883,2.446
4,3884,2.480
4,3885,2.970
4,3886,2.812
4,3887,3.045
4,3888,3.045
4,3889,2.223
4,3890,2.535
4,3891,3.816
4,3892,2.640
4,3893,3.478
4,3894,3.199
4,3895,2.763
4,3896,3.157
4,3897,2.326
4,3898,2.494
4,3899,2.529
4,3900,2.586
4,3901,3.099
4,3902,2.463
4,3903,2.615
4,3904,2.379
4,3905,2.540
4,3906,2.638
4,3907,2.331
4,3908,3.184
4,3909,2.991
4,3910,2.721
4,3911,2.744
4,3912,2.358
4,3913,3.051
4,3914,2.924
4,3915,2.126
4,3916,3.335
4,3917,3.027
4,3918,3.637
4,3919,2.922
4,3920,3.459
4,3921,2.363
4,3922,2.147
4,3923,2.707
4,3924,2.426
4,3925,2.290
4,3926,2.844
4,3927,2.642
4,3928,2.338
4,3929,2.599
4,3930,2.125
4,3931,2.493
4,3932,2.459
4,3933,2.083
4,3934,2.556
4,3935,2.187
4,3936,1.978
4,3937,2.379
4,3938,2.563
4,3939,1.996
4,3940,2.563
4,3941,2.204
4,3942,1.941
4,3943,2.138
4,3944,3.443
4,3945,2.498
4,3946,2.234
4,3947,2.343
4,3948,1.891
4,3949,2.113
4,3950,2.763
4,3951,2.264
4,3952,2.407
4,3953,2.277
4,3954,1.837
4,3955,2.145
4,3956,2.094
4,3957,2.624
4,3958,2.540
4,3959,2.522
4,3960,1.704
4,3961,1.638
4,3962,2.461
4,3963,1.896
4,3964,1.539
4,3965,1.648
4,3966,2.151
4,3967,2.445
4,3968,2.070
4,3969,2.030
4,3970,1.742
4,3971,1.634
4,3972,2.248
4,3973,2.887
4,3974,2.297
4,3975,3.088
4,3976,2.065
4,3977,1.662
4,3978,2.214
4,3979,1.904
4,3980,1.638
4,3981,2.201
4,3982,2.330
4,3983,2.698
4,3984,2.996
4,3985,3.987
4,3986,3.582
4,3987,2.436
4,3988,2.542
4,3989,2.846
4,3990,2.144
4,3991,3.428
4,3992,2.815
4,3993,2.687
4,3994,3.209
4,3995,2.869
4,3996,2.586
4,3997,2.435
4,3998,2.384
4,3999,3.262
4,4000,2.252
4,4001,1.810
4,4002,3.213
4,4003,2.673
4,4004,3.009
4,4005,2.258
4,4006,1.996
4,4007,2.116
4,4008,1.721
4,4009,2.014
4,4010,1.810
4,4011,2.198
4,4012,2.609
4,4013,1.783
4,4014,1.899
4,4015,1.649
4,4016,1.437
4,4017,1.547
4,4018,2.515
4,4019,1.807
4,4020,1.782
4,4021,2.076
4,4022,2.127
4,4023,1.861
4,4024,1.788
4,4025,1.689
4,4026,1.586
4,4027,1.854
4,4028,1.763
4,4029,2.604
4,4030,2.053
4,4031,1.782
4,4032,2.420
4,4033,3.633
4,4034,2.117
4,4035,3.706
4,4036,2.406
4,4037,2.512
4,4038,2.135
4,4039,1.728
4,4040,1.982
4,4041,2.272
4,4042,2.730
4,4043,2.312
4,4044,2.273
4,4045,1.981
4,4046,1.916
4,4047,2.444
4,4048,1.834
4,4049,1.860
4,4050,3.621
4,4051,2.199
4,4052,1.712
4,4053,2.051
4,4054,2.009
4,4055,1.753
4,4056,2.104
4,4057,2.983
4,4058,3.074
4,4059,2.660
4,4060,1.975
4,4061,1.519
4,4062,1.642
4,4063,2.444
4,4064,1.973
4,4065,1.969
4,4066,2.593
4,4067,1.753
4,4068,1.570
4,4069,1.613
4,4070,1.789
4,4071,1.565
4,4072,1.456
4,4073,2.130
4,4074,2.138
4,4075,1.614
4,4076,1.659
4,4077,1.675
4,4078,1.480
4,4079,1.511
4,4080,1.766
4,4081,1.819
4,4082,2.162
4,4083,1.776
4,4084,1.574
4,4085,2.185
4,4086,2.274
4,4087,1.683
4,4088,1.484
4,4089,1.656
4,4090,2.081
4,4091,1.960
4,4092,1.950
4,4093,2.069
4,4094,1.538
4,4095,1.413
4,4096,2.312
4,4097,3.715
4,4098,2.186
4,4099,2.362
4,4100,2.155
4,4101,1.582
4,4102,1.687
4,4103,1.556
4,4104,1.667
4,4105,2.216
4,4106,2.443
4,4107,1.923
4,4108,1.554
4,4109,1.609
4,4110,2.174
4,4111,2.085
4,4112,2.580
4,4113,3.106
4,4114,3.119
4,4115,5.335
4,4116,2.894
4,4117,3.049
4,4118,3.456
4,4119,2.319
4,4120,1.866
4,4121,1.819
4,4122,1.852
4,4123,2.851
4,4124,2.106
4,4125,2.246
4,4126,2.535
4,4127,1.603
4,4128,1.440
4,4129,2.226
4,4130,1.852
4,4131,1.771
4,4132,2.063
4,4133,1.964
4,4134,1.534
4,4135,1.706
4,4136,2.086
4,4137,2.010
4,4138,1.642
4,4139,1.421
4,4140,1.587
4,4141,2.121
4,4142,1.976
4,4143,1.911
4,4144,1.880
4,4145,1.828
4,4146,1.466
4,4147,1.552
4,4148,2.019
4,4149,1.750
4,4150,2.372
4,4151,1.899
4,4152,1.967
4,4153,1.699
4,4154,1.620
4,4155,2.215
4,4156,1.930
4,4157,1.707
4,4158,2.153
4,4159,2.823
4,4160,1.789
4,4161,1.458
4,4162,2.188
4,4163,2.201
4,4164,1.923
4,4165,1.606
4,4166,2.539
4,4167,1.963
4,4168,1.653
4,4169,2.085
4,4170,1.708
4,4171,1.507
4,4172,1.459
4,4173,2.221
4,4174,2.558
4,4175,2.124
4,4176,2.065
4,4177,1.948
4,4178,1.765
4,4179,1.415
4,4180,1.936
4,4181,2.144
4,4182,2.363
4,4183,3.131
4,4184,3.062
4,4185,2.415
4,4186,2.423
4,4187,2.285
4,4188,3.651
4,4189,3.292
4,4190,3.271
4,4191,3.563
4,4192,3.363
4,4193,2.911
4,4194,2.381
4,4195,2.822
4,4196,2.327
4,4197,3.181
4,4198,3.070
4,4199,2.958
4,4200,2.911
4,4201,2.838
4,4202,2.496
4,4203,2.729
4,4204,3.177
4,4205,2.673
4,4206,1.928
4,4207,2.226
4,4208,2.641
4,4209,2.144
4,4210,3.827
4,4211,2.953
4,4212,2.625
4,4213,3.275
4,4214,2.769
4,4215,2.529
4,4216,2.218
4,4217,2.163
4,4218,3.013
4,4219,2.480
4,4220,2.808
4,4221,2.826
4,4222,2.194
4,4223,2.742
4,4224,2.219
4,4225,1.853
4,4226,2.472
4,4227,2.105
4,4228,2.133
4,4229,3.200
4,4230,2.546
4,4231,2.384
4,4232,2.489
4,4233,2.400
4,4234,2.209
4,4235,2.309
4,4236,2.745
4,4237,2.539
4,4238,2.825
4,4239,2.526
4,4240,3.681
4,4241,2.219
4,4242,2.657
4,4243,2.676
4,4244,1.699
4,4245,1.625
4,4246,1.756
4,4247,1.742
4,4248,1.567
4,4249,2.093
4,4250,1.910
4,4251,1.548
4,4252,1.412
4,4253,2.825
4,4254,1.982
4,4255,1.533
4,4256,1.393
4,4257,1.667
4,4258,2.137
4,4259,1.716
4,4260,1.506
4,4261,1.765
4,4262,1.967
4,4263,2.242
4,4264,1.764
4,4265,1.718
4,4266,1.989
4,4267,1.951
4,4268,1.819
4,4269,2.036
4,4270,1.631
4,4271,1.520
4,4272,1.595
4,4273,3.220
4,4274,2.196
4,4275,2.819
4,4276,2.404
4,4277,1.698
4,4278,2.035
4,4279,2.352
4,4280,1.883
4,4281,2.092
4,4282,2.411
4,4283,2.139
4,4284,2.035
4,4285,3.126
4,4286,2.329
4,4287,2.559
4,4288,3.270
4,4289,2.355
4,4290,2.581
4,4291,2.390
4,4292,1.898
4,4293,2.461
4,4294,2.588
4,4295,4.364
4,4296,3.048
4,4297,3.214
4,4298,2.754
4,4299,2.569
4,4300,3.996
4,4301,3.878
4,4302,3.005
4,4303,2.271
4,4304,3.445
4,4305,3.090
4,4306,3.263
4,4307,3.064
4,4308,3.259
4,4309,3.020
4,4310,3.465
4,4311,3.582
4,4312,3.904
4,4313,3.164
4,4314,3.063
4,4315,2.655
4,4316,2.658
4,4317,2.852
4,4318,2.747
4,4319,3.091
4,4320,3.453
4,4321,3.337
4,4322,3.880
4,4323,3.803
4,4324,3.344
4,4325,2.432
4,4326,2.911
4,4327,2.701
4,4328,2.644
4,4329,2.933
4,4330,4.483
4,4331,2.653
4,4332,3.617
4,4333,3.413
4,4334,3.849
4,4335,4.115
4,4336,3.354
4,4337,3.502
4,4338,3.770
4,4339,3.262
4,4340,3.822
4,4341,3.832
4,4342,3.287
4,4343,3.256
4,4344,3.597
4,4345,2.785
4,4346,2.586
4,4347,2.852
4,4348,2.156
4,4349,2.485
4,4350,2.512
4,4351,2.256
4,4352,2.834
4,4353,2.249
4,4354,2.215
4,4355,2.584
4,4356,2.500
4,4357,2.043
4,4358,2.563
4,4359,2.816
4,4360,2.195
4,4361,2.596
4,4362,2.315
4,4363,2.803
4,4364,2.349
4,4365,1.927
4,4366,2.646
4,4367,3.440
4,4368,2.096
4,4369,3.174
4,4370,2.237
4,4371,2.548
4,4372,2.643
4,4373,2.571
4,4374,2.341
4,4375,2.562
4,4376,2.327
4,4377,2.632
4,4378,2.230
4,4379,2.148
4,4380,3.324
4,4381,2.436
4,4382,2.441
4,4383,2.886
4,4384,1.804
4,4385,1.826
4,4386,2.203
4,4387,2.288
4,4388,1.844
4,4389,2.807
4,4390,2.062
4,4391,1.694
4,4392,2.947
4,4393,2.532
4,4394,2.017
4,4395,3.175
4,4396,2.395
4,4397,2.541
4,4398,2.319
4,4399,1.851
4,4400,1.795
4,4401,2.071
4,4402,2.233
4,4403,3.137
4,4404,2.683
4,4405,2.013
4,4406,2.034
4,4407,2.316
4,4408,1.949
4,4409,2.645
4,4410,2.867
4,4411,2.053
4,4412,2.457
4,4413,2.682
4,4414,1.710
4,4415,1.435
4,4416,2.172
4,4417,2.507
4,4418,2.618
4,4419,2.755
4,4420,2.220
4,4421,2.144
4,4422,3.114
4,4423,2.675
4,4424,2.917
4,4425,3.036
4,4426,2.032
4,4427,2.365
4,4428,1.980
4,4429,1.870
4,4430,2.903
4,4431,2.550
4,4432,3.317
4,4433,2.591
4,4434,2.141
4,4435,2.737
4,4436,3.460
4,4437,2.890
4,4438,3.577
4,4439,2.133
4,4440,2.273
4,4441,2.279
4,4442,2.134
4,4443,1.988
4,4444,1.752
4,4445,1.532
4,4446,2.150
4,4447,2.348
4,4448,1.799
4,4449,1.807
4,4450,2.803
4,4451,2.822
4,4452,1.602
4,4453,2.120
4,4454,2.641
4,4455,1.782
4,4456,2.162
4,4457,2.370
4,4458,1.701
4,4459,1.536
4,4460,2.060
4,4461,1.880
4,4462,1.576
4,4463,1.785
4,4464,2.229
4,4465,1.997
4,4466,1.720
4,4467,2.045
4,4468,1.732
4,4469,1.493
4,4470,1.517
4,4471,1.711
4,4472,2.113
4,4473,2.622
4,4474,1.804
4,4475,2.065
4,4476,1.772
4,4477,1.663
4,4478,1.885
4,4479,2.174
4,4480,1.873
4,4481,3.034
4,4482,3.346
4,4483,1.673
4,4484,1.516
4,4485,1.813
4,4486,1.954
4,4487,1.568
4,4488,2.359
4,4489,2.234
4,4490,1.643
4,4491,2.408
4,4492,2.093
4,4493,1.570
4,4494,1.356
4,4495,1.438
4,4496,2.469
4,4497,1.952
4,4498,1.488
4,4499,1.581
4,4500,1.576
4,4501,1.780
4,4502,1.979
4,4503,1.780
4,4504,1.615
4,4505,1.434
4,4506,1.615
4,4507,1.884
4,4508,2.401
4,4509,1.684
4,4510,1.502
4,4511,2.415
4,4512,1.836
4,4513,2.014
4,4514,2.071
4,4515,2.372
4,4516,1.643
4,4517,1.440
4,4518,1.868
4,4519,2.575
4,4520,2.274
4,4521,1.722
4,4522,2.656
4,4523,2.069
4,4524,1.500
4,4525,1.771
4,4526,1.453
4,4527,1.372
4,4528,1.459
4,4529,1.830
4,4530,1.976
4,4531,1.962
4,4532,1.991
4,4533,2.327
4,4534,2.004
4,4535,1.620
4,4536,1.749
4,4537,1.749
4,4538,1.466
4,4539,1.731
4,4540,2.005
4,4541,2.379
4,4542,1.719
4,4543,1.445
4,4544,1.574
4,4545,1.828
4,4546,1.640
4,4547,1.815
4,4548,1.771
4,4549,2.668
4,4550,2.014
4,4551,1.789
4,4552,2.585
4,4553,1.677
4,4554,1.443
4,4555,1.649
4,4556,2.241
4,4557,2.461
4,4558,2.612
4,4559,2.412
4,4560,1.992
4,4561,1.897
4,4562,2.027
4,4563,1.883
4,4564,2.944
4,4565,2.849
4,4566,2.468
4,4567,2.421
4,4568,2.158
4,4569,2.048
4,4570,2.731
4,4571,2.236
4,4572,2.098
4,4573,2.794
4,4574,2.925
4,4575,2.198
4,4576,2.928
4,4577,2.733
4,4578,2.564
4,4579,2.586
4,4580,2.056
4,4581,2.602
4,4582,3.133
4,4583,2.181
4,4584,2.415
4,4585,2.009
4,4586,1.768
4,4587,1.741
4,4588,2.082
4,4589,2.437
4,4590,2.109
4,4591,2.296
4,4592,1.626
4,4593,1.471
4,4594,1.671
4,4595,2.336
4,4596,1.727
4,4597,1.469
4,4598,3.135
4,4599,3.451
4,4600,3.355
4,4601,2.696
4,4602,2.208
4,4603,2.070
4,4604,3.094
4,4605,3.406
4,4606,3.094
4,4607,2.358
4,4608,2.181
4,4609,1.746
4,4610,1.898
4,4611,2.520
4,4612,3.138
4,4613,1.643
4,4614,1.805
4,4615,2.929
4,4616,1.748
4,4617,2.532
4,4618,1.903
4,4619,2.061
4,4620,1.660
4,4621,1.672
4,4622,1.543
4,4623,3.566
4,4624,2.771
4,4625,1.971
4,4626,1.658
4,4627,2.262
4,4628,1.912
4,4629,1.848
4,4630,1.478
4,4631,2.350
4,4632,2.181
4,4633,1.872
4,4634,2.551
4,4635,2.127
4,4636,2.578
4,4637,2.023
4,4638,2.084
4,4639,1.722
4,4640,3.503
4,4641,3.502
4,4642,2.907
4,4643,3.377
4,4644,2.115
4,4645,3.154
4,4646,2.127
4,4647,2.181
4,4648,2.311
4,4649,1.883
4,4650,2.150
4,4651,2.551
4,4652,2.241
4,4653,1.542
4,4654,1.813
4,4655,2.438
4,4656,1.764
4,4657,2.051
4,4658,2.115
4,4659,2.504
4,4660,2.376
4,4661,2.616
4,4662,1.837
4,4663,1.475
4,4664,2.310
4,4665,2.233
4,4666,1.604
4,4667,2.620
4,4668,3.802
4,4669,2.535
4,4670,3.693
4,4671,2.330
4,4672,2.867
4,4673,2.616
4,4674,1.553
4,4675,2.129
4,4676,2.116
4,4677,1.640
4,4678,1.981
4,4679,2.163
4,4680,2.178
4,4681,3.041
4,4682,2.681
4,4683,1.584
4,4684,1.397
4,4685,1.861
4,4686,2.128
4,4687,1.820
4,4688,2.097
4,4689,2.477
4,4690,2.669
4,4691,2.705
4,4692,2.121
4,4693,1.925
4,4694,2.381
4,4695,3.016
4,4696,2.049
4,4697,2.164
4,4698,3.149
4,4699,3.017
4,4700,3.200
4,4701,2.024
4,4702,2.653
4,4703,2.109
4,4704,1.641
4,4705,1.689
4,4706,1.970
4,4707,2.728
4,4708,2.295
4,4709,2.443
4,4710,2.057
4,4711,2.252
4,4712,2.377
4,4713,2.229
4,4714,2.757
4,4715,2.805
4,4716,1.720
4,4717,1.527
4,4718,1.843
4,4719,1.883
4,4720,1.710
4,4721,2.351
4,4722,3.287
4,4723,2.117
4,4724,1.823
4,4725,2.504
4,4726,1.606
4,4727,1.386
4,4728,1.505
4,4729,2.596
4,4730,2.038
4,4731,1.775
4,4732,2.327
4,4733,1.709
4,4734,1.614
4,4735,1.758
4,4736,2.331
4,4737,1.851
4,4738,2.367
4,4739,2.305
4,4740,1.951
4,4741,1.923
4,4742,2.321
4,4743,1.877
4,4744,1.505
4,4745,1.987
4,4746,2.207
4,4747,1.943
4,4748,1.483
4,4749,1.459
4,4750,2.408
4,4751,2.059
4,4752,1.556
4,4753,1.992
4,4754,2.401
4,4755,2.107
4,4756,2.287
4,4757,1.949
4,4758,2.309
4,4759,1.798
4,4760,2.274
4,4761,2.794
4,4762,2.626
4,4763,3.428
4,4764,2.251
4,4765,2.966
4,4766,1.825
4,4767,1.958
4,4768,2.577
4,4769,2.159
4,4770,2.449
4,4771,2.459
4,4772,2.315
4,4773,2.406
4,4774,2.448
4,4775,1.843
4,4776,1.567
4,4777,1.707
4,4778,1.844
4,4779,1.436
4,4780,1.421
4,4781,1.472
4,4782,2.420
4,4783,2.624
4,4784,1.645
4,4785,1.968
4,4786,1.862
4,4787,1.519
4,4788,1.643
4,4789,2.242
4,4790,1.953
4,4791,2.104
4,4792,2.437
4,4793,1.888
4,4794,1.613
4,4795,2.091
4,4796,1.901
4,4797,1.664
4,4798,2.013
4,4799,3.099
4,4800,2.234
4,4801,1.459
4,4802,1.416
4,4803,1.777
4,4804,1.861
4,4805,1.486
4,4806,1.374
4,4807,2.540
4,4808,2.076
4,4809,2.075
4,4810,2.450
4,4811,1.896
4,4812,1.734
4,4813,1.694
4,4814,1.948
4,4815,1.752
4,4816,1.985
4,4817,1.986
4,4818,2.032
4,4819,3.033
4,4820,3.321
4,4821,1.858
4,4822,1.418
4,4823,2.518
4,4824,2.221
4,4825,1.518
4,4826,1.341
4,4827,2.183
4,4828,2.269
4,4829,1.890
4,4830,1.679
4,4831,2.549
4,4832,1.979
4,4833,1.831
4,4834,1.945
4,4835,1.940
4,4836,2.360
4,4837,1.718
4,4838,2.232
4,4839,2.257
4,4840,2.292
4,4841,2.219
4,4842,1.843
4,4843,1.916
4,4844,2.959
4,4845,2.166
4,4846,2.476
4,4847,3.096
4,4848,2.053
4,4849,1.877
4,4850,2.901
4,4851,2.361
4,4852,2.999
4,4853,2.781
4,4854,2.852
4,4855,2.859
4,4856,2.294
4,4857,2.437
4,4858,2.963
4,4859,1.836
4,4860,1.873
4,4861,2.220
4,4862,1.653
4,4863,1.439
4,4864,1.831
4,4865,1.836
4,4866,2.382
4,4867,2.703
4,4868,1.987
4,4869,2.137
4,4870,1.740
4,4871,1.854
4,4872,1.549
4,4873,1.678
4,4874,2.682
4,4875,2.029
4,4876,1.752
4,4877,1.535
4,4878,2.061
4,4879,2.065
4,4880,1.614
4,4881,1.503
4,4882,3.705
4,4883,2.106
4,4884,2.110
4,4885,3.201
4,4886,1.819
4,4887,1.973
4,4888,2.349
4,4889,2.510
4,4890,2.053
4,4891,2.105
4,4892,2.345
4,4893,2.953
4,4894,2.379
4,4895,2.409
4,4896,2.365
4,4897,2.263
4,4898,2.232
4,4899,2.802
4,4900,2.803
4,4901,2.513
4,4902,2.555
4,4903,2.379
4,4904,2.455
4,4905,2.408
4,4906,1.985
4,4907,2.474
4,4908,3.341
4,4909,2.238
4,4910,2.945
4,4911,2.248
4,4912,2.296
4,4913,2.594
4,4914,2.731
4,4915,2.032
4,4916,2.353
4,4917,2.174
4,4918,1.845
4,4919,2.385
4,4920,2.359
4,4921,2.130
4,4922,3.308
4,4923,2.425
4,4924,2.356
4,4925,2.625
4,4926,2.555
4,4927,2.763
4,4928,3.480
4,4929,3.111
4,4930,2.636
4,4931,2.160
4,4932,2.743
4,4933,2.334
4,4934,2.663
4,4935,2.769
4,4936,3.164
4,4937,3.489
4,4938,2.240
4,4939,2.153
4,4940,3.065
4,4941,2.638
4,4942,2.549
4,4943,2.476
4,4944,2.032
4,4945,2.283
4,4946,3.365
4,4947,2.447
4,4948,2.370
4,4949,3.178
4,4950,2.083
4,4951,2.520
4,4952,2.360
4,4953,2.887
4,4954,2.249
4,4955,2.227
4,4956,2.710
4,4957,2.144
4,4958,2.146
4,4959,3.197
4,4960,2.986
4,4961,2.710
4,4962,3.112
4,4963,3.070
4,4964,3.136
4,4965,2.474
4,4966,2.804
4,4967,2.814
4,4968,2.148
4,4969,2.701
4,4970,3.017
4,4971,2.967
4,4972,2.763
4,4973,2.695
4,4974,2.760
4,4975,2.303
4,4976,3.106
4,4977,3.509
4,4978,1.978
4,4979,2.347
4,4980,2.161
4,4981,2.110
4,4982,2.541
4,4983,2.764
4,4984,2.310
4,4985,3.220
4,4986,2.616
4,4987,2.216
4,4988,2.718
4,4989,2.561
4,4990,2.613
4,4991,2.572
4,4992,1.708
4,4993,2.468
4,4994,2.806
4,4995,3.014
4,4996,2.737
4,4997,2.308
4,4998,3.004
4,4999,2.407
4,5000,2.694
4,5001,2.926
4,5002,2.222
4,5003,1.904
4,5004,2.082
4,5005,2.338
4,5006,1.739
4,5007,2.922
4,5008,2.028
4,5009,1.643
4,5010,1.952
4,5011,2.489
4,5012,1.654
4,5013,2.047
4,5014,3.329
4,5015,2.177
4,5016,1.745
4,5017,2.311
4,5018,1.931
4,5019,1.902
4,5020,2.219
4,5021,3.038
4,5022,1.903
4,5023,2.234
4,5024,1.981
4,5025,1.644
4,5026,1.622
4,5027,2.064
4,5028,1.881
4,5029,2.284
4,5030,2.866
4,5031,1.948
4,5032,1.655
4,5033,2.107
4,5034,2.488
4,5035,1.839
4,5036,1.596
4,5037,2.202
4,5038,2.702
4,5039,2.040
4,5040,2.267
4,5041,2.400
4,5042,2.096
4,5043,2.962
4,5044,3.463
4,5045,2.524
4,5046,2.263
4,5047,1.812
4,5048,2.288
4,5049,2.127
4,5050,1.995
4,5051,2.266
4,5052,2.523
4,5053,2.344
4,5054,1.712
4,5055,2.712
4,5056,1.909
4,5057,1.502
4,5058,2.226
4,5059,1.999
4,5060,1.810
4,5061,1.665
4,5062,2.185
4,5063,1.758
4,5064,1.644
4,5065,2.111
4,5066,2.794
4,5067,1.798
4,5068,1.663
4,5069,1.839
4,5070,1.709
4,5071,2.222
4,5072,2.199
4,5073,2.364
4,5074,1.927
4,5075,2.220
4,5076,3.535
4,5077,1.692
4,5078,1.706
4,5079,2.863
4,5080,2.598
4,5081,2.592
4,5082,2.114
4,5083,1.965
4,5084,2.150
4,5085,2.031
4,5086,1.574
4,5087,1.897
4,5088,2.672
4,5089,2.345
4,5090,1.736
4,5091,1.911
4,5092,1.883
4,5093,1.767
4,5094,1.910
4,5095,2.648
4,5096,2.856
4,5097,2.476
4,5098,2.612
4,5099,2.513
4,5100,2.581
4,5101,2.429
4,5102,3.884
4,5103,3.006
4,5104,2.686
4,5105,4.056
4,5106,2.262
4,5107,2.902
4,5108,2.454
4,5109,2.890
4,5110,2.364
4,5111,1.939
4,5112,2.280
4,5113,2.888
4,5114,2.297
4,5115,2.251
4,5116,3.116
4,5117,1.939
4,5118,2.324
4,5119,2.443
4,5120,2.193
4,5121,2.902
4,5122,2.126
4,5123,2.487
4,5124,1.869
4,5125,2.042
4,5126,1.790
4,5127,1.968
4,5128,2.529
4,5129,2.193
4,5130,2.114
4,5131,3.416
4,5132,1.886
4,5133,1.657
4,5134,2.705
4,5135,2.271
4,5136,2.145
4,5137,2.746
4,5138,2.811
4,5139,2.842
4,5140,2.251
4,5141,1.726
4,5142,2.365
4,5143,2.328
4,5144,1.617
4,5145,1.399
4,5146,2.411
4,5147,1.972
4,5148,2.190
4,5149,2.692
4,5150,1.989
4,5151,1.869
4,5152,2.290
4,5153,2.077
4,5154,2.549
4,5155,2.365
4,5156,2.461
4,5157,1.763
4,5158,1.836
4,5159,2.434
4,5160,2.204
4,5161,2.520
4,5162,4.299
4,5163,1.859
4,5164,2.480
4,5165,2.244
4,5166,1.657
4,5167,1.681
4,5168,1.837
4,5169,1.960
4,5170,2.313
4,5171,1.990
4,5172,1.780
4,5173,1.576
4,5174,1.587
4,5175,2.427
4,5176,1.888
4,5177,2.042
4,5178,2.457
4,5179,2.451
4,5180,1.761
4,5181,2.326
4,5182,2.135
4,5183,1.577
4,5184,1.921
4,5185,2.812
4,5186,2.841
4,5187,2.691
4,5188,2.181
4,5189,1.729
4,5190,1.978
4,5191,3.210
4,5192,2.207
4,5193,2.334
4,5194,2.373
4,5195,2.351
4,5196,2.129
4,5197,2.285
4,5198,2.184
4,5199,3.293
4,5200,2.363
4,5201,2.052
4,5202,2.695
4,5203,2.393
4,5204,1.708
4,5205,2.433
4,5206,1.953
4,5207,2.193
4,5208,1.714
4,5209,1.816
4,5210,1.838
4,5211,1.893
4,5212,3.122
4,5213,2.474
4,5214,2.247
4,5215,2.548
4,5216,2.152
4,5217,2.051
4,5218,2.676
4,5219,2.492
4,5220,1.642
4,5221,3.504
4,5222,2.467
4,5223,2.577
4,5224,2.330
4,5225,2.468
4,5226,2.440
4,5227,2.037
4,5228,1.847
4,5229,2.185
4,5230,1.919
4,5231,1.766
4,5232,2.402
4,5233,2.588
4,5234,2.205
4,5235,1.510
4,5236,2.144
4,5237,2.005
4,5238,1.518
4,5239,1.384
4,5240,2.838
4,5241,2.566
4,5242,2.305
4,5243,2.568
4,5244,1.779
4,5245,1.726
4,5246,2.370
4,5247,2.985
4,5248,3.484
4,5249,3.121
4,5250,3.444
4,5251,6.170
4,5252,3.467
4,5253,2.084
4,5254,2.086
4,5255,2.608
4,5256,1.874
4,5257,1.791
4,5258,2.887
4,5259,1.855
4,5260,1.752
4,5261,2.051
4,5262,1.788
4,5263,1.703
4,5264,2.224
4,5265,2.200
4,5266,2.216
4,5267,2.097
4,5268,2.285
4,5269,1.920
4,5270,1.932
4,5271,2.040
4,5272,2.483
4,5273,2.221
4,5274,2.505
4,5275,2.209
4,5276,1.583
4,5277,1.801
4,5278,2.787
4,5279,1.971
4,5280,3.132
4,5281,2.638
4,5282,2.310
4,5283,2.150
4,5284,2.500
4,5285,1.838
4,5286,1.745
4,5287,2.615
4,5288,2.449
4,5289,2.085
4,5290,2.235
4,5291,1.581
4,5292,1.557
4,5293,1.929
4,5294,2.349
4,5295,2.124
4,5296,1.827
4,5297,2.732
4,5298,2.498
4,5299,2.170
4,5300,2.099
4,5301,1.839
4,5302,2.367
4,5303,2.371
4,5304,1.772
4,5305,2.003
4,5306,2.319
4,5307,2.276
4,5308,1.866
4,5309,3.245
4,5310,3.639
4,5311,3.020
4,5312,2.991
4,5313,1.713
4,5314,2.559
4,5315,2.365
4,5316,2.015
4,5317,2.036
4,5318,1.964
4,5319,2.209
4,5320,2.871
4,5321,2.174
4,5322,1.680
4,5323,1.810
4,5324,2.245
4,5325,1.817
4,5326,1.680
4,5327,2.378
4,5328,2.969
4,5329,2.063
4,5330,2.396
4,5331,2.041
4,5332,1.701
4,5333,2.035
4,5334,2.558
4,5335,1.963
4,5336,2.353
4,5337,3.374
4,5338,2.270
4,5339,2.489
4,5340,2.094
4,5341,1.966
4,5342,2.310
4,5343,2.950
4,5344,2.724
4,5345,2.693
4,5346,2.289
4,5347,2.401
4,5348,2.915
4,5349,2.887
4,5350,3.172
4,5351,2.138
4,5352,1.881
4,5353,2.188
4,5354,1.901
4,5355,1.647
4,5356,1.578
4,5357,2.387
4,5358,2.522
4,5359,2.230
4,5360,2.626
4,5361,1.848
4,5362,1.556
4,5363,2.377
4,5364,2.752
4,5365,3.086
4,5366,3.956
4,5367,1.752
4,5368,1.962
4,5369,2.137
4,5370,2.053
4,5371,3.053
4,5372,2.450
4,5373,2.490
4,5374,2.668
4,5375,2.233
4,5376,2.792
4,5377,3.074
4,5378,2.272
4,5379,2.340
4,5380,2.845
4,5381,1.901
4,5382,2.396
4,5383,2.906
4,5384,2.118
4,5385,2.310
4,5386,2.159
4,5387,2.376
4,5388,2.837
4,5389,2.221
4,5390,2.995
4,5391,3.008
4,5392,1.871
4,5393,1.865
4,5394,3.508
4,5395,2.373
4,5396,3.004
4,5397,2.401
4,5398,1.958
4,5399,2.408
4,5400,2.231
4,5401,1.591
4,5402,1.594
4,5403,3.170
4,5404,1.848
4,5405,1.650
4,5406,2.064
4,5407,1.835
4,5408,1.656
4,5409,1.967
4,5410,1.926
4,5411,2.282
4,5412,2.399
4,5413,2.570
4,5414,1.826
4,5415,1.562
4,5416,1.916
4,5417,2.009
4,5418,1.843
4,5419,2.256
4,5420,2.524
4,5421,2.172
4,5422,1.696
4,5423,3.009
4,5424,2.262
4,5425,1.704
4,5426,2.615
4,5427,2.356
4,5428,1.902
4,5429,2.707
4,5430,1.811
4,5431,1.560
4,5432,1.880
4,5433,1.863
4,5434,1.889
4,5435,1.679
4,5436,2.549
4,5437,2.177
4,5438,2.145
4,5439,2.169
4,5440,2.059
4,5441,2.021
4,5442,2.580
4,5443,2.279
4,5444,1.864
4,5445,1.966
4,5446,2.478
4,5447,2.091
4,5448,3.218
4,5449,2.470
4,5450,2.337
4,5451,2.634
4,5452,4.256
4,5453,4.893
4,5454,3.082
4,5455,3.379
4,5456,2.833
4,5457,3.154
4,5458,3.366
4,5459,3.089
4,5460,3.051
4,5461,3.053
4,5462,2.790
4,5463,2.638
4,5464,5.945
4,5465,4.098
4,5466,2.928
4,5467,2.932
4,5468,3.866
4,5469,3.368
4,5470,2.277
4,5471,2.365
4,5472,3.465
4,5473,3.208
4,5474,3.291
4,5475,2.904
4,5476,2.658
4,5477,2.433
4,5478,2.490
4,5479,2.645
4,5480,2.707
4,5481,2.220
4,5482,3.322
4,5483,2.328
4,5484,2.544
4,5485,2.337
4,5486,2.251
4,5487,2.281
4,5488,2.095
4,5489,3.160
4,5490,2.985
4,5491,2.812
4,5492,2.897
4,5493,2.680
4,5494,2.543
4,5495,3.568
4,5496,3.469
4,5497,4.257
4,5498,2.832
4,5499,2.946
4,5500,3.512
4,5501,2.948
4,5502,2.550
4,5503,2.634
4,5504,2.531
4,5505,2.223
4,5506,3.538
4,5507,3.426
4,5508,3.080
4,5509,3.145
4,5510,2.686
4,5511,2.983
4,5512,2.462
4,5513,3.198
4,5514,2.443
4,5515,2.599
4,5516,2.494
4,5517,2.541
4,5518,2.557
4,5519,2.616
4,5520,3.138
4,5521,3.938
4,5522,2.274
4,5523,2.764
4,5524,2.480
4,5525,1.999
4,5526,2.332
4,5527,2.511
4,5528,2.011
4,5529,2.465
4,5530,2.522
4,5531,1.898
4,5532,1.991
4,5533,2.228
4,5534,2.053
4,5535,2.526
4,5536,2.147
4,5537,2.596
4,5538,2.952
4,5539,2.243
4,5540,1.701
4,5541,1.939
4,5542,2.475
4,5543,2.563
4,5544,2.609
4,5545,2.584
4,5546,2.150
4,5547,2.168
4,5548,3.279
4,5549,1.889
4,5550,3.448
4,5551,2.136
4,5552,1.642
4,5553,2.083
4,5554,1.769
4,5555,1.801
4,5556,1.737
4,5557,2.316
4,5558,2.454
4,5559,1.888
4,5560,2.553
4,5561,1.846
4,5562,1.454
4,5563,1.650
4,5564,1.952
4,5565,2.024
4,5566,2.067
4,5567,3.205
4,5568,2.108
4,5569,1.903
4,5570,2.103
4,5571,1.672
4,5572,1.544
4,5573,1.522
4,5574,2.150
4,5575,2.506
4,5576,2.920
4,5577,3.021
4,5578,2.460
4,5579,3.567
4,5580,2.571
4,5581,1.655
4,5582,2.571
4,5583,2.443
4,5584,1.515
4,5585,1.748
4,5586,1.753
4,5587,1.899
4,5588,1.748
4,5589,1.787
4,5590,1.607
4,5591,1.549
4,5592,1.573
4,5593,3.062
4,5594,2.112
4,5595,1.737
4,5596,2.024
4,5597,2.003
4,5598,1.975
4,5599,2.012
4,5600,2.277
4,5601,2.470
4,5602,1.616
4,5603,2.332
4,5604,2.432
4,5605,1.840
4,5606,2.147
4,5607,2.330
4,5608,1.990
4,5609,3.576
4,5610,2.889
4,5611,2.747
4,5612,2.809
4,5613,2.306
4,5614,2.666
4,5615,3.163
4,5616,2.853
4,5617,2.699
4,5618,2.450
4,5619,2.821
4,5620,2.471
4,5621,2.454
4,5622,3.607
4,5623,2.794
4,5624,2.673
4,5625,2.245
4,5626,2.096
4,5627,2.924
4,5628,2.622
4,5629,2.645
4,5630,2.457
4,5631,1.996
4,5632,1.885
4,5633,2.791
4,5634,2.558
4,5635,2.317
4,5636,3.607
4,5637,1.911
4,5638,2.648
4,5639,2.350
4,5640,2.085
4,5641,2.074
4,5642,2.038
4,5643,2.032
4,5644,2.226
4,5645,1.792
4,5646,1.553
4,5647,2.265
4,5648,3.115
4,5649,1.896
4,5650,1.553
4,5651,1.820
4,5652,2.320
4,5653,1.676
4,5654,1.467
4,5655,1.968
4,5656,2.991
4,5657,2.733
4,5658,2.166
4,5659,1.966
4,5660,2.086
4,5661,2.240
4,5662,1.983
4,5663,2.316
4,5664,2.247
4,5665,2.111
4,5666,1.960
4,5667,2.207
4,5668,4.438
4,5669,2.858
4,5670,3.113
4,5671,2.128
4,5672,1.992
4,5673,2.158
4,5674,1.947
4,5675,2.556
4,5676,2.204
4,5677,1.852
4,5678,1.730
4,5679,2.342
4,5680,2.247
4,5681,1.886
4,5682,1.983
4,5683,2.553
4,5684,1.796
4,5685,1.835
4,5686,2.141
4,5687,1.684
4,5688,1.866
4,5689,1.938
4,5690,2.263
4,5691,1.796
4,5692,2.805
4,5693,2.321
4,5694,1.645
4,5695,1.427
4,5696,1.754
4,5697,1.643
4,5698,2.123
4,5699,2.711
4,5700,2.251
4,5701,2.156
4,5702,2.014
4,5703,2.891
4,5704,1.964
4,5705,2.180
4,5706,2.679
4,5707,2.372
4,5708,3.011
4,5709,2.835
4,5710,2.153
4,5711,3.233
4,5712,3.047
4,5713,2.636
4,5714,2.615
4,5715,2.167
4,5716,3.153
4,5717,2.494
4,5718,2.378
4,5719,2.264
4,5720,1.780
4,5721,1.613
4,5722,1.900
4,5723,2.173
4,5724,3.152
4,5725,3.189
4,5726,2.623
4,5727,2.869
4,5728,2.921
4,5729,2.820
4,5730,3.253
4,5731,2.456
4,5732,1.929
4,5733,2.044
4,5734,1.981
4,5735,1.893
4,5736,2.620
4,5737,2.028
4,5738,1.903
4,5739,2.274
4,5740,2.052
4,5741,1.796
4,5742,2.172
4,5743,2.742
4,5744,2.346
4,5745,2.271
4,5746,2.714
4,5747,2.120
4,5748,2.700
4,5749,2.770
4,5750,2.676
4,5751,2.888
4,5752,2.611
4,5753,3.593
4,5754,2.474
4,5755,2.626
4,5756,3.578
4,5757,2.230
4,5758,3.297
4,5759,2.952
4,5760,2.265
4,5761,3.360
4,5762,2.568
4,5763,2.886
4,5764,2.406
4,5765,2.537
4,5766,3.241
4,5767,2.584
4,5768,2.930
4,5769,2.485
4,5770,2.318
4,5771,2.853
4,5772,2.332
4,5773,3.943
4,5774,2.354
4,5775,2.200
4,5776,2.927
4,5777,2.511
4,5778,3.099
4,5779,3.033
4,5780,2.508
4,5781,3.507
4,5782,2.372
4,5783,2.753
4,5784,2.835
4,5785,3.141
4,5786,2.607
4,5787,2.243
4,5788,2.784
4,5789,2.969
4,5790,3.363
4,5791,3.244
4,5792,2.042
4,5793,2.444
4,5794,2.464
4,5795,2.730
4,5796,2.851
4,5797,2.269
4,5798,3.978
4,5799,2.762
4,5800,3.204
4,5801,3.358
4,5802,2.548
4,5803,3.423
4,5804,2.705
4,5805,3.101
4,5806,3.179
4,5807,3.844
4,5808,2.844
4,5809,2.910
4,5810,3.348
4,5811,2.865
4,5812,2.830
4,5813,2.397
4,5814,2.960
4,5815,2.749
4,5816,3.604
4,5817,3.721
4,5818,3.649
4,5819,2.663
4,5820,2.900
4,5821,3.365
4,5822,3.584
4,5823,2.937
4,5824,2.723
4,5825,3.657
4,5826,2.878
4,5827,3.094
4,5828,3.163
4,5829,2.654
4,5830,3.895
4,5831,3.747
4,5832,3.762
4,5833,3.955
4,5834,2.490
4,5835,2.174
4,5836,2.974
4,5837,2.670
4,5838,2.869
4,5839,2.818
4,5840,2.510
4,5841,3.241
4,5842,2.601
4,5843,3.107
4,5844,2.767
4,5845,2.880
4,5846,3.199
4,5847,3.600
4,5848,4.244
4,5849,3.517
4,5850,3.489
4,5851,3.109
4,5852,3.751
4,5853,3.919
4,5854,2.920
4,5855,3.110
4,5856,3.150
4,5857,2.553
4,5858,2.888
4,5859,2.756
4,5860,2.904
4,5861,3.378
4,5862,3.192
4,5863,3.609
4,5864,3.591
4,5865,3.964
4,5866,4.508
4,5867,2.844
4,5868,2.903
4,5869,3.269
4,5870,3.577
4,5871,3.572
4,5872,2.824
4,5873,2.974
4,5874,2.509
4,5875,3.008
4,5876,2.824
4,5877,3.179
4,5878,2.556
4,5879,2.173
4,5880,2.244
4,5881,3.322
4,5882,3.402
4,5883,3.629
4,5884,2.383
4,5885,2.606
4,5886,2.587
4,5887,2.710
4,5888,2.540
4,5889,2.217
4,5890,3.406
4,5891,2.256
4,5892,2.314
4,5893,2.326
4,5894,1.880
4,5895,1.692
4,5896,2.227
4,5897,2.301
4,5898,2.230
4,5899,2.210
4,5900,2.420
4,5901,2.203
4,5902,2.391
4,5903,2.366
4,5904,1.999
4,5905,2.139
4,5906,2.985
4,5907,2.482
4,5908,2.222
4,5909,2.055
4,5910,2.155
4,5911,2.412
4,5912,2.445
4,5913,3.130
4,5914,2.610
4,5915,2.045
4,5916,1.719
4,5917,2.171
4,5918,2.975
4,5919,1.888
4,5920,3.199
4,5921,2.872
4,5922,2.700
4,5923,2.328
4,5924,1.892
4,5925,1.746
4,5926,2.370
4,5927,2.842
4,5928,3.207
4,5929,2.610
4,5930,2.576
4,5931,2.847
4,5932,2.801
4,5933,2.032
4,5934,2.274
4,5935,2.658
4,5936,1.968
4,5937,2.437
4,5938,2.520
4,5939,2.646
4,5940,2.460
4,5941,2.217
4,5942,2.903
4,5943,2.429
4,5944,2.124
4,5945,3.427
4,5946,2.451
4,5947,2.407
4,5948,3.043
4,5949,2.691
4,5950,2.955
4,5951,2.769
4,5952,2.449
4,5953,3.262
4,5954,2.510
4,5955,2.809
4,5956,2.970
4,5957,2.976
4,5958,2.340
4,5959,2.116
4,5960,2.556
4,5961,2.427
4,5962,2.458
4,5963,3.240
4,5964,2.362
4,5965,2.962
4,5966,3.001
4,5967,2.105
4,5968,2.611
4,5969,2.857
4,5970,3.093
4,5971,3.152
4,5972,2.489
4,5973,2.829
4,5974,2.471
4,5975,3.406
4,5976,3.008
4,5977,2.558
4,5978,2.854
4,5979,2.729
4,5980,3.426
4,5981,2.685
4,5982,3.187
4,5983,2.532
4,5984,3.241
4,5985,3.336
4,5986,3.047
4,5987,2.592
4,5988,2.795
4,5989,2.274
4,5990,2.977
4,5991,2.667
4,5992,3.542
4,5993,2.891
4,5994,3.176
4,5995,2.677
4,5996,2.646
4,5997,3.518
4,5998,2.356
4,5999,2.603
4,6000,2.984
4,6001,2.455
4,6002,2.584
4,6003,2.855
4,6004,2.908
4,6005,2.660
4,6006,2.456
4,6007,3.440
4,6008,2.800
4,6009,4.146
4,6010,3.049
4,6011,3.391
4,6012,3.523
4,6013,3.627
4,6014,3.178
4,6015,4.900
4,6016,2.994
4,6017,3.937
4,6018,3.109
4,6019,3.147
4,6020,2.394
4,6021,2.867
4,6022,3.384
4,6023,3.901
4,6024,3.179
4,6025,2.728
4,6026,2.640
4,6027,2.437
4,6028,3.273
4,6029,2.922
4,6030,2.285
4,6031,2.823
4,6032,2.340
4,6033,2.832
4,6034,3.015
4,6035,2.374
4,6036,3.951
4,6037,2.435
4,6038,2.551
4,6039,3.070
4,6040,2.031
4,6041,2.488
4,6042,2.131
4,6043,2.417
4,6044,2.632
4,6045,2.374
4,6046,2.134
4,6047,2.596
4,6048,2.294
4,6049,1.863
4,6050,2.479
4,6051,2.553
4,6052,2.572
4,6053,2.851
4,6054,2.102
4,6055,2.011
4,6056,2.602
4,6057,2.118
4,6058,2.073
4,6059,3.018
4,6060,2.962
4,6061,3.007
4,6062,2.769
4,6063,2.012
4,6064,3.184
4,6065,2.986
4,6066,2.596
4,6067,2.319
4,6068,1.910
4,6069,2.558
4,6070,2.227
4,6071,2.111
4,6072,2.854
4,6073,2.239
4,6074,1.675
4,6075,1.929
4,6076,2.005
4,6077,2.020
4,6078,1.957
4,6079,2.801
4,6080,2.231
4,6081,1.952
4,6082,2.059
4,6083,1.762
4,6084,1.547
4,6085,1.593
4,6086,2.924
4,6087,2.089
4,6088,1.725
4,6089,2.534
4,6090,2.113
4,6091,2.040
4,6092,2.472
4,6093,2.279
4,6094,1.854
4,6095,3.027
4,6096,2.195
4,6097,2.843
4,6098,2.165
4,6099,2.275
4,6100,3.145
4,6101,2.297
4,6102,1.725
4,6103,1.749
4,6104,2.291
4,6105,2.466
4,6106,2.486
4,6107,2.817
4,6108,2.142
4,6109,1.863
4,6110,1.988
4,6111,1.954
4,6112,1.888
4,6113,2.673
4,6114,2.717
4,6115,2.002
4,6116,2.147
4,6117,2.266
4,6118,1.934
4,6119,2.433
4,6120,2.169
4,6121,2.674
4,6122,2.685
4,6123,2.523
4,6124,3.084
4,6125,2.682
4,6126,1.921
4,6127,2.146
4,6128,3.180
4,6129,1.927
4,6130,2.012
4,6131,2.046
4,6132,1.873
4,6133,1.752
4,6134,1.937
4,6135,2.506
4,6136,2.189
4,6137,2.032
4,6138,2.161
4,6139,1.966
4,6140,1.864
4,6141,2.230
4,6142,1.855
4,6143,2.622
4,6144,3.479
4,6145,2.360
4,6146,2.787
4,6147,2.905
4,6148,2.797
4,6149,2.752
4,6150,2.835
4,6151,3.417
4,6152,2.505
4,6153,2.249
4,6154,2.961
4,6155,2.279
4,6156,2.523
4,6157,2.827
4,6158,2.187
4,6159,2.332
4,6160,2.884
4,6161,2.194
4,6162,2.642
4,6163,2.155
4,6164,1.963
4,6165,1.799
4,6166,1.796
4,6167,2.268
4,6168,2.581
4,6169,1.855
4,6170,1.691
4,6171,1.708
4,6172,2.350
4,6173,2.482
4,6174,1.919
4,6175,2.816
4,6176,2.628
4,6177,1.947
4,6178,2.562
4,6179,2.489
4,6180,2.567
4,6181,2.858
4,6182,2.334
4,6183,1.694
4,6184,2.267
4,6185,2.237
4,6186,1.909
4,6187,1.918
4,6188,2.414
4,6189,1.837
4,6190,2.255
4,6191,1.926
4,6192,1.619
4,6193,1.555
4,6194,2.178
4,6195,2.253
4,6196,2.514
4,6197,2.571
4,6198,2.067
4,6199,2.025
4,6200,2.146
4,6201,2.371
4,6202,1.812
4,6203,2.245
4,6204,3.042
4,6205,2.903
4,6206,2.130
4,6207,1.897
4,6208,1.939
4,6209,1.823
4,6210,3.202
4,6211,2.089
4,6212,2.059
4,6213,2.817
4,6214,1.793
4,6215,1.632
4,6216,2.493
4,6217,2.262
4,6218,1.816
4,6219,1.919
4,6220,1.893
4,6221,1.745
4,6222,2.675
4,6223,2.461
4,6224,2.112
4,6225,1.825
4,6226,1.870
4,6227,3.508
4,6228,3.024
4,6229,3.051
4,6230,3.560
4,6231,2.749
4,6232,2.345
4,6233,2.413
4,6234,2.592
4,6235,2.975
4,6236,2.809
4,6237,2.766
4,6238,2.846
4,6239,3.100
4,6240,2.452
4,6241,4.347
4,6242,2.706
4,6243,2.810
4,6244,2.588
4,6245,2.701
4,6246,2.822
4,6247,3.076
4,6248,2.613
4,6249,1.847
4,6250,1.672
4,6251,1.913
4,6252,1.938
4,6253,2.320
4,6254,2.365
4,6255,2.597
4,6256,2.649
4,6257,2.695
4,6258,1.981
4,6259,1.817
4,6260,3.080
4,6261,2.548
4,6262,2.433
4,6263,3.016
4,6264,2.410
4,6265,2.742
4,6266,3.523
4,6267,3.018
4,6268,2.883
4,6269,1.825
4,6270,2.190
4,6271,1.905
4,6272,2.638
4,6273,2.628
4,6274,2.307
4,6275,2.132
4,6276,3.238
4,6277,2.764
4,6278,2.491
4,6279,2.793
4,6280,2.409
4,6281,2.833
4,6282,2.385
4,6283,2.221
4,6284,3.525
4,6285,2.804
4,6286,2.815
4,6287,2.700
4,6288,2.391
4,6289,3.445
4,6290,3.106
4,6291,2.710
4,6292,2.230
4,6293,2.004
4,6294,2.368
4,6295,2.594
4,6296,2.193
4,6297,2.630
4,6298,2.055
4,6299,2.070
4,6300,2.555
4,6301,2.299
4,6302,2.221
4,6303,2.593
4,6304,1.983
4,6305,2.314
4,6306,2.028
4,6307,1.764
4,6308,1.968
4,6309,1.870
4,6310,2.468
4,6311,2.242
4,6312,2.663
4,6313,2.956
4,6314,1.838
4,6315,1.917
4,6316,2.815
4,6317,2.805
4,6318,2.454
4,6319,2.256
4,6320,2.536
4,6321,3.084
4,6322,2.599
4,6323,2.540
4,6324,2.849
4,6325,2.826
4,6326,2.843
4,6327,2.648
4,6328,2.503
4,6329,3.320
4,6330,1.963
4,6331,2.038
4,6332,2.397
4,6333,2.180
4,6334,3.165
4,6335,3.029
4,6336,3.152
4,6337,3.129
4,6338,3.469
4,6339,2.885
4,6340,2.936
4,6341,3.813
4,6342,3.036
4,6343,3.649
4,6344,2.613
4,6345,3.015
4,6346,3.399
4,6347,2.698
4,6348,2.907
4,6349,2.318
4,6350,2.532
4,6351,3.272
4,6352,3.229
4,6353,2.912
4,6354,3.606
4,6355,3.649
4,6356,3.876
4,6357,3.483
4,6358,2.897
4,6359,3.235
4,6360,2.365
4,6361,4.412
4,6362,2.598
4,6363,4.430
4,6364,4.058
4,6365,3.333
4,6366,3.107
4,6367,3.719
4,6368,3.995
4,6369,3.446
4,6370,3.233
4,6371,2.974
4,6372,2.732
4,6373,3.476
4,6374,7.093
4,6375,2.896
4,6376,2.875
4,6377,2.582
4,6378,3.220
4,6379,3.397
4,6380,2.817
4,6381,3.939
4,6382,2.980
4,6383,3.527
4,6384,3.102
4,6385,3.626
4,6386,2.733
4,6387,3.317
4,6388,2.813
4,6389,3.245
4,6390,2.878
4,6391,3.134
4,6392,2.881
4,6393,3.127
4,6394,3.619
4,6395,2.798
4,6396,3.653
4,6397,3.354
4,6398,3.438
4,6399,3.224
4,6400,3.191
4,6401,2.390
4,6402,2.096
4,6403,3.456
4,6404,3.014
4,6405,3.456
4,6406,3.027
4,6407,2.789
4,6408,2.244
4,6409,2.314
4,6410,2.832
4,6411,2.295
4,6412,1.760
4,6413,2.065
4,6414,2.637
4,6415,2.149
4,6416,1.993
4,6417,2.711
4,6418,2.144
4,6419,2.961
4,6420,2.356
4,6421,1.922
4,6422,2.360
4,6423,2.274
4,6424,3.367
4,6425,2.616
4,6426,1.993
4,6427,1.889
4,6428,3.490
4,6429,2.517
4,6430,2.834
4,6431,3.004
4,6432,1.855
4,6433,2.440
4,6434,2.283
4,6435,2.040
4,6436,2.887
4,6437,2.480
4,6438,2.953
4,6439,2.741
4,6440,2.152
4,6441,2.558
4,6442,2.868
4,6443,3.055
4,6444,3.142
4,6445,2.751
4,6446,2.954
4,6447,2.933
4,6448,3.189
4,6449,2.853
4,6450,2.790
4,6451,3.011
4,6452,2.230
4,6453,3.372
4,6454,3.016
4,6455,2.445
4,6456,3.087
4,6457,2.958
4,6458,2.883
4,6459,3.207
4,6460,2.626
4,6461,3.049
4,6462,2.110
4,6463,3.432
4,6464,2.961
4,6465,2.701
4,6466,2.421
4,6467,2.240
4,6468,2.986
4,6469,2.713
4,6470,2.873
4,6471,3.405
4,6472,2.285
4,6473,2.725
4,6474,2.666
4,6475,3.001
4,6476,3.531
4,6477,2.355
4,6478,3.055
4,6479,3.714
4,6480,3.376
4,6481,3.558
4,6482,3.477
4,6483,2.521
4,6484,2.664
4,6485,2.429
4,6486,3.073
4,6487,3.208
4,6488,2.981
4,6489,2.990
4,6490,2.722
4,6491,3.473
4,6492,3.324
4,6493,3.192
4,6494,3.238
4,6495,3.124
4,6496,3.370
4,6497,3.763
4,6498,2.842
4,6499,2.455
4,6500,3.102
4,6501,2.747
4,6502,2.855
4,6503,2.856
4,6504,2.561
4,6505,2.673
4,6506,2.750
4,6507,2.728
4,6508,2.836
4,6509,2.474
4,6510,2.717
4,6511,2.627
4,6512,2.455
4,6513,3.944
4,6514,2.609
4,6515,2.745
4,6516,2.440
4,6517,2.907
4,6518,3.118
4,6519,3.048
4,6520,2.883
4,6521,3.541
4,6522,3.104
4,6523,2.732
4,6524,2.653
4,6525,3.120
4,6526,2.151
4,6527,2.578
4,6528,2.260
4,6529,2.346
4,6530,2.462
4,6531,2.694
4,6532,2.821
4,6533,2.796
4,6534,2.230
4,6535,2.425
4,6536,3.245
4,6537,2.657
4,6538,2.587
4,6539,2.611
4,6540,2.708
4,6541,2.537
4,6542,2.953
4,6543,3.448
4,6544,2.476
4,6545,2.865
4,6546,2.908
4,6547,2.213
4,6548,2.903
4,6549,2.383
4,6550,1.738
4,6551,2.409
4,6552,2.662
4,6553,1.887
4,6554,2.332
4,6555,2.220
4,6556,1.909
4,6557,2.216
4,6558,1.981
4,6559,1.718
4,6560,2.502
4,6561,2.935
4,6562,2.068
4,6563,2.194
4,6564,2.282
4,6565,2.038
4,6566,2.253
4,6567,2.609
4,6568,3.302
4,6569,2.851
4,6570,2.442
4,6571,2.742
4,6572,2.775
4,6573,2.945
4,6574,3.952
4,6575,2.139
4,6576,1.882
4,6577,2.409
4,6578,1.733
4,6579,1.823
4,6580,2.407
4,6581,2.100
4,6582,2.593
4,6583,2.138
4,6584,1.886
4,6585,1.758
4,6586,2.325
4,6587,2.613
4,6588,1.925
4,6589,1.672
4,6590,2.239
4,6591,2.016
4,6592,1.683
4,6593,2.201
4,6594,2.099
4,6595,2.308
4,6596,2.481
4,6597,2.154
4,6598,2.120
4,6599,1.901
4,6600,2.144
4,6601,2.167
4,6602,2.677
4,6603,3.090
4,6604,2.209
4,6605,2.039
4,6606,2.430
4,6607,1.847
4,6608,2.287
4,6609,2.875
4,6610,2.419
4,6611,2.791
4,6612,2.243
4,6613,2.979
4,6614,3.150
4,6615,2.398
4,6616,2.963
4,6617,2.559
4,6618,2.153
4,6619,2.459
4,6620,3.132
4,6621,2.380
4,6622,2.774
4,6623,2.358
4,6624,2.684
4,6625,2.478
4,6626,2.602
4,6627,2.794
4,6628,2.119
4,6629,1.805
4,6630,2.103
4,6631,3.054
4,6632,2.377
4,6633,2.969
4,6634,3.085
4,6635,2.038
4,6636,2.464
4,6637,1.849
4,6638,1.619
4,6639,2.129
4,6640,2.505
4,6641,2.063
4,6642,2.307
4,6643,1.803
4,6644,1.652
4,6645,1.849
4,6646,2.553
4,6647,2.266
4,6648,2.157
4,6649,2.469
4,6650,2.608
4,6651,2.053
4,6652,2.465
4,6653,2.187
4,6654,2.569
4,6655,2.401
4,6656,2.014
4,6657,1.579
4,6658,2.687
4,6659,2.241
4,6660,1.721
4,6661,2.853
4,6662,2.828
4,6663,2.603
4,6664,2.689
4,6665,2.731
4,6666,2.639
4,6667,2.401
4,6668,1.665
4,6669,1.728
4,6670,1.873
4,6671,1.966
4,6672,2.035
4,6673,2.943
4,6674,2.130
4,6675,1.695
4,6676,2.027
4,6677,2.094
4,6678,1.619
4,6679,2.025
4,6680,2.153
4,6681,2.968
4,6682,2.862
4,6683,2.181
4,6684,1.664
4,6685,1.566
4,6686,2.191
4,6687,1.969
4,6688,1.796
4,6689,3.335
4,6690,2.771
4,6691,1.858
4,6692,2.120
4,6693,2.047
4,6694,1.869
4,6695,2.923
4,6696,2.751
4,6697,1.710
4,6698,1.775
4,6699,2.050
4,6700,1.737
4,6701,1.531
4,6702,2.099
4,6703,2.496
4,6704,2.136
4,6705,2.828
4,6706,2.050
4,6707,1.590
4,6708,1.700
4,6709,2.258
4,6710,2.246
4,6711,2.693
4,6712,2.843
4,6713,2.601
4,6714,2.478
4,6715,2.517
4,6716,2.825
4,6717,2.714
4,6718,2.002
4,6719,1.758
4,6720,3.516
4,6721,2.159
4,6722,1.869
4,6723,3.464
4,6724,4.755
4,6725,2.434
4,6726,2.543
4,6727,2.271
4,6728,2.301
4,6729,1.902
4,6730,2.095
4,6731,2.086
4,6732,1.789
4,6733,2.029
4,6734,2.598
4,6735,2.043
4,6736,2.329
4,6737,2.706
4,6738,2.227
4,6739,1.728
4,6740,2.255
4,6741,1.848
4,6742,2.352
4,6743,2.810
4,6744,2.725
4,6745,2.420
4,6746,3.553
4,6747,2.193
4,6748,3.301
4,6749,3.201
4,6750,2.517
4,6751,2.526
4,6752,2.115
4,6753,2.709
4,6754,3.251
4,6755,4.976
4,6756,3.361
4,6757,2.820
4,6758,2.355
4,6759,2.680
4,6760,2.650
4,6761,2.192
4,6762,1.707
4,6763,2.991
4,6764,2.223
4,6765,2.435
4,6766,2.391
4,6767,2.429
4,6768,2.942
4,6769,3.981
4,6770,3.705
4,6771,2.802
4,6772,1.938
4,6773,2.432
4,6774,2.042
4,6775,1.978
4,6776,2.782
4,6777,2.545
4,6778,2.031
4,6779,2.297
4,6780,2.039
4,6781,1.919
4,6782,1.795
4,6783,1.756
4,6784,2.215
4,6785,2.486
4,6786,2.677
4,6787,2.170
4,6788,2.501
4,6789,2.530
4,6790,1.783
4,6791,2.012
4,6792,2.720
4,6793,2.130
4,6794,1.939
4,6795,1.959
4,6796,1.769
4,6797,1.872
4,6798,2.438
4,6799,2.598
4,6800,1.991
4,6801,1.916
4,6802,2.830
4,6803,2.964
4,6804,2.666
4,6805,2.240
4,6806,2.306
4,6807,2.644
4,6808,1.964
4,6809,1.573
4,6810,2.036
4,6811,2.726
4,6812,1.938
4,6813,2.217
4,6814,2.104
4,6815,1.929
4,6816,1.989
4,6817,1.953
4,6818,2.172
4,6819,2.303
4,6820,2.811
4,6821,2.088
4,6822,1.686
4,6823,2.144
4,6824,1.957
4,6825,1.977
4,6826,2.305
4,6827,3.790
4,6828,3.124
4,6829,3.707
4,6830,2.764
4,6831,2.797
4,6832,2.238
4,6833,2.808
4,6834,2.114
4,6835,1.847
4,6836,1.906
4,6837,2.142
4,6838,1.740
4,6839,1.913
4,6840,2.549
4,6841,2.556
4,6842,1.822
4,6843,2.023
4,6844,2.052
4,6845,1.745
4,6846,1.858
4,6847,2.399
4,6848,2.669
4,6849,2.307
4,6850,2.511
4,6851,2.031
4,6852,1.649
4,6853,1.683
4,6854,1.715
4,6855,2.292
4,6856,2.466
4,6857,2.062
4,6858,2.307
4,6859,1.778
4,6860,3.131
4,6861,2.109
4,6862,2.116
4,6863,2.639
4,6864,2.607
4,6865,2.578
4,6866,2.533
4,6867,2.155
4,6868,2.203
4,6869,2.485
4,6870,2.467
4,6871,2.568
4,6872,2.827
4,6873,2.077
4,6874,2.220
4,6875,2.227
4,6876,2.256
4,6877,2.631
4,6878,2.205
4,6879,1.901
4,6880,2.740
4,6881,2.403
4,6882,2.191
4,6883,2.741
4,6884,2.502
4,6885,2.586
4,6886,3.617
4,6887,2.644
4,6888,3.259
4,6889,2.007
4,6890,1.844
4,6891,1.801
4,6892,1.738
4,6893,1.928
4,6894,1.845
4,6895,3.304
4,6896,2.219
4,6897,2.184
4,6898,2.460
4,6899,2.465
4,6900,3.312
4,6901,3.034
4,6902,3.675
4,6903,2.955
4,6904,2.860
4,6905,2.899
4,6906,2.491
4,6907,2.604
4,6908,2.937
4,6909,1.896
4,6910,2.502
4,6911,2.601
4,6912,2.966
4,6913,3.424
4,6914,2.238
4,6915,3.219
4,6916,2.021
4,6917,1.605
4,6918,2.577
4,6919,2.655
4,6920,2.394
4,6921,2.422
4,6922,2.913
4,6923,2.862
4,6924,2.494
4,6925,2.336
4,6926,2.417
4,6927,2.525
4,6928,1.951
4,6929,2.626
4,6930,2.415
4,6931,2.702
4,6932,2.899
4,6933,2.208
4,6934,2.631
4,6935,2.495
4,6936,2.777
4,6937,2.582
4,6938,2.337
4,6939,1.730
4,6940,2.253
4,6941,3.105
4,6942,2.065
4,6943,2.837
4,6944,2.537
4,6945,1.810
4,6946,2.242
4,6947,1.897
4,6948,1.773
4,6949,2.283
4,6950,1.845
4,6951,2.732
4,6952,2.236
4,6953,2.817
4,6954,2.358
4,6955,2.079
4,6956,2.104
4,6957,2.179
4,6958,2.120
4,6959,2.597
4,6960,1.792
4,6961,1.840
4,6962,2.568
4,6963,1.998
4,6964,1.749
4,6965,2.808
4,6966,3.192
4,6967,3.277
4,6968,3.265
4,6969,2.627
4,6970,3.173
4,6971,2.725
4,6972,2.984
4,6973,2.824
4,6974,2.177
4,6975,2.282
4,6976,2.148
4,6977,2.459
4,6978,2.231
4,6979,2.114
4,6980,1.950
4,6981,3.102
4,6982,2.218
4,6983,2.443
4,6984,2.605
4,6985,2.214
4,6986,2.827
4,6987,2.582
4,6988,2.483
4,6989,2.850
4,6990,3.126
4,6991,3.203
4,6992,3.049
4,6993,2.642
4,6994,3.793
4,6995,2.535
4,6996,2.992
4,6997,2.360
4,6998,2.579
4,6999,3.518
4,7000,3.104
4,7001,2.549
4,7002,2.502
4,7003,4.791
4,7004,2.531
4,7005,3.459
4,7006,3.071
4,7007,3.184
4,7008,2.801
4,7009,3.045
4,7010,3.182
4,7011,2.427
4,7012,3.006
4,7013,2.396
4,7014,1.888
4,7015,3.371
4,7016,2.770
4,7017,3.031
4,7018,2.428
4,7019,3.345
4,7020,3.010
4,7021,4.477
4,7022,3.050
4,7023,2.738
4,7024,3.882
4,7025,3.870
4,7026,3.257
4,7027,2.279
4,7028,2.846
4,7029,2.934
4,7030,2.634
4,7031,3.262
4,7032,3.110
4,7033,2.737
4,7034,2.371
4,7035,2.508
4,7036,2.749
4,7037,2.945
4,7038,3.503
4,7039,2.510
4,7040,2.507
4,7041,2.924
4,7042,2.307
4,7043,3.789
4,7044,2.441
4,7045,2.659
4,7046,2.641
4,7047,2.391
4,7048,2.779
4,7049,3.501
4,7050,2.944
4,7051,2.262
4,7052,1.938
4,7053,2.415
4,7054,2.729
4,7055,2.722
4,7056,3.269
4,7057,2.026
4,7058,2.288
4,7059,2.626
4,7060,2.389
4,7061,3.365
4,7062,3.163
4,7063,2.694
4,7064,2.543
4,7065,2.083
4,7066,2.541
4,7067,2.631
4,7068,2.248
4,7069,2.491
4,7070,3.089
4,7071,1.962
4,7072,2.110
4,7073,3.274
4,7074,2.447
4,7075,2.690
4,7076,1.832
4,7077,1.858
4,7078,2.092
4,7079,2.090
4,7080,2.318
4,7081,2.936
4,7082,2.904
4,7083,2.840
4,7084,2.398
4,7085,1.962
4,7086,3.481
4,7087,2.885
4,7088,3.089
4,7089,3.975
4,7090,2.601
4,7091,2.623
4,7092,2.127
4,7093,2.494
4,7094,2.410
4,7095,2.182
4,7096,1.880
4,7097,2.289
4,7098,2.949
4,7099,2.640
4,7100,2.374
4,7101,2.258
4,7102,2.622
4,7103,2.288
4,7104,2.217
4,7105,3.409
4,7106,2.356
4,7107,2.798
4,7108,2.775
4,7109,2.170
4,7110,2.831
4,7111,2.428
4,7112,2.475
4,7113,2.641
4,7114,2.334
4,7115,2.349
4,7116,3.547
4,7117,2.837
4,7118,3.241
4,7119,3.123
4,7120,3.451
4,7121,2.853
4,7122,2.768
4,7123,2.742
4,7124,2.202
4,7125,3.318
4,7126,2.220
4,7127,3.119
4,7128,2.559
4,7129,2.369
4,7130,2.832
4,7131,2.754
4,7132,3.656
4,7133,2.376
4,7134,1.822
4,7135,2.094
4,7136,2.147
4,7137,2.137
4,7138,1.872
4,7139,3.864
4,7140,2.665
4,7141,2.253
4,7142,2.352
4,7143,2.029
4,7144,2.454
4,7145,2.427
4,7146,1.826
4,7147,2.378
4,7148,2.599
4,7149,1.707
4,7150,1.783
4,7151,2.015
4,7152,2.003
4,7153,2.394
4,7154,2.747
4,7155,1.908
4,7156,2.718
4,7157,2.442
4,7158,2.164
4,7159,1.586
4,7160,2.617
4,7161,2.380
4,7162,1.685
4,7163,2.074
4,7164,2.259
4,7165,1.885
4,7166,2.241
4,7167,2.203
4,7168,3.002
4,7169,3.181
4,7170,2.695
4,7171,2.845
4,7172,2.812
4,7173,2.451
4,7174,3.165
4,7175,2.572
4,7176,1.973
4,7177,2.263
4,7178,2.251
4,7179,1.950
4,7180,2.132
4,7181,2.089
4,7182,2.140
4,7183,2.240
4,7184,2.178
4,7185,1.709
4,7186,1.595
4,7187,2.896
4,7188,2.230
4,7189,2.133
4,7190,2.531
4,7191,2.241
4,7192,1.734
4,7193,2.224
4,7194,2.055
4,7195,2.702
4,7196,2.666
4,7197,2.130
4,7198,1.668
4,7199,2.082
4,7200,2.939
4,7201,1.811
4,7202,2.970
4,7203,2.679
4,7204,2.207
4,7205,2.712
4,7206,1.915
4,7207,1.486
4,7208,1.720
4,7209,2.506
4,7210,1.802
4,7211,1.967
4,7212,2.526
4,7213,1.983
4,7214,1.774
4,7215,1.867
4,7216,2.061
4,7217,2.439
4,7218,2.324
4,7219,3.047
4,7220,1.855
4,7221,2.154
4,7222,2.184
4,7223,2.225
4,7224,2.472
4,7225,2.537
4,7226,1.922
4,7227,3.375
4,7228,2.132
4,7229,1.582
4,7230,3.124
4,7231,2.467
4,7232,2.026
4,7233,2.584
4,7234,2.595
4,7235,2.339
4,7236,2.465
4,7237,2.386
4,7238,2.455
4,7239,2.456
4,7240,2.123
4,7241,3.113
4,7242,3.836
4,7243,2.894
4,7244,2.160
4,7245,2.331
4,7246,2.944
4,7247,3.882
4,7248,2.892
4,7249,2.297
4,7250,2.048
4,7251,1.934
4,7252,1.920
4,7253,1.770
4,7254,1.849
4,7255,3.530
4,7256,2.146
4,7257,1.837
4,7258,2.312
4,7259,2.135
4,7260,1.854
4,7261,2.270
4,7262,2.230
4,7263,3.380
4,7264,2.395
4,7265,1.978
4,7266,2.030
4,7267,2.247
4,7268,2.188
4,7269,2.276
4,7270,2.218
4,7271,2.476
4,7272,1.710
4,7273,1.999
4,7274,1.782
4,7275,1.575
4,7276,1.477
4,7277,2.175
4,7278,2.682
4,7279,1.877
4,7280,2.300
4,7281,2.041
4,7282,2.025
4,7283,1.824
4,7284,3.380
4,7285,2.502
4,7286,2.795
4,7287,3.640
4,7288,2.708
4,7289,2.112
4,7290,2.815
4,7291,2.128
4,7292,1.760
4,7293,1.559
4,7294,1.802
4,7295,2.036
4,7296,1.848
4,7297,1.777
4,7298,2.224
4,7299,2.409
4,7300,2.109
4,7301,1.768
4,7302,1.891
4,7303,2.195
4,7304,1.880
4,7305,2.390
4,7306,2.101
4,7307,1.812
4,7308,1.578
4,7309,1.666
4,7310,1.809
4,7311,2.556
4,7312,3.771
4,7313,2.690
4,7314,2.736
4,7315,2.833
4,7316,2.850
4,7317,3.115
4,7318,3.885
4,7319,2.788
4,7320,2.138
4,7321,1.891
4,7322,2.079
4,7323,1.908
4,7324,1.769
4,7325,2.868
4,7326,2.839
4,7327,2.372
4,7328,2.456
4,7329,2.503
4,7330,2.495
4,7331,9.082
4,7332,3.691
4,7333,3.488
4,7334,3.261
4,7335,3.438
4,7336,3.354
4,7337,4.733
4,7338,4.900
4,7339,3.350
4,7340,4.106
4,7341,4.350
4,7342,4.013
4,7343,5.753
4,7344,3.047
4,7345,3.679
4,7346,3.864
4,7347,3.996
4,7348,4.937
4,7349,4.335
4,7350,4.769
4,7351,5.999
4,7352,3.380
4,7353,4.759
4,7354,3.757
4,7355,3.050
4,7356,3.137
4,7357,3.300
4,7358,5.506
4,7359,5.625
4,7360,5.430
4,7361,3.857
4,7362,2.693
4,7363,4.482
4,7364,3.073
4,7365,2.502
4,7366,2.785
4,7367,2.079
4,7368,2.316
4,7369,2.391
4,7370,2.154
4,7371,2.437
4,7372,2.420
4,7373,1.957
4,7374,2.080
4,7375,2.331
4,7376,1.959
4,7377,2.334
4,7378,2.564
4,7379,2.426
4,7380,2.143
4,7381,2.420
4,7382,2.196
4,7383,2.371
4,7384,2.468
4,7385,2.991
4,7386,2.610
4,7387,2.344
4,7388,2.090
4,7389,2.531
4,7390,2.087
4,7391,2.165
4,7392,2.642
4,7393,2.001
4,7394,1.603
4,7395,1.645
4,7396,2.131
4,7397,2.132
4,7398,1.644
4,7399,2.119
4,7400,2.288
4,7401,2.767
4,7402,2.954
4,7403,2.430
4,7404,2.724
4,7405,3.523
4,7406,3.669
4,7407,3.605
4,7408,2.568
4,7409,3.097
4,7410,2.872
4,7411,2.861
4,7412,2.443
4,7413,2.411
4,7414,2.079
4,7415,1.987
4,7416,1.875
4,7417,2.025
4,7418,2.306
4,7419,2.044
4,7420,2.354
4,7421,2.687
4,7422,2.025
4,7423,1.492
4,7424,2.010
4,7425,2.214
4,7426,1.907
4,7427,1.867
4,7428,2.081
4,7429,1.703
4,7430,2.549
4,7431,2.026
4,7432,2.757
4,7433,1.961
4,7434,2.464
4,7435,2.162
4,7436,1.623
4,7437,1.884
4,7438,2.170
4,7439,2.120
4,7440,2.654
4,7441,2.816
4,7442,1.850
4,7443,2.263
4,7444,2.503
4,7445,1.705
4,7446,3.440
4,7447,2.669
4,7448,1.946
4,7449,2.188
4,7450,1.892
4,7451,1.610
4,7452,1.598
4,7453,2.591
4,7454,2.257
4,7455,1.938
4,7456,1.858
4,7457,1.959
4,7458,1.917
4,7459,1.761
4,7460,2.206
4,7461,2.119
4,7462,1.984
4,7463,2.495
4,7464,1.757
4,7465,1.629
4,7466,1.699
4,7467,2.303
4,7468,1.960
4,7469,1.977
4,7470,2.937
4,7471,2.950
4,7472,2.765
4,7473,3.336
4,7474,2.132
4,7475,3.327
4,7476,2.501
4,7477,3.141
4,7478,2.569
4,7479,2.700
4,7480,2.983
4,7481,2.514
4,7482,2.644
4,7483,2.557
4,7484,2.887
4,7485,2.679
4,7486,2.839
4,7487,3.535
4,7488,2.440
4,7489,2.263
4,7490,2.746
4,7491,2.867
4,7492,2.874
4,7493,2.716
4,7494,2.287
4,7495,3.485
4,7496,2.500
4,7497,3.539
4,7498,3.241
4,7499,2.803
4,7500,2.614
4,7501,2.313
4,7502,2.225
4,7503,3.247
4,7504,2.692
4,7505,2.821
4,7506,2.452
4,7507,2.722
4,7508,2.583
4,7509,2.437
4,7510,3.275
4,7511,2.822
4,7512,2.652
4,7513,2.865
4,7514,2.327
4,7515,3.080
4,7516,3.015
4,7517,2.884
4,7518,2.943
4,7519,2.445
4,7520,3.892
4,7521,2.743
4,7522,3.174
4,7523,2.293
4,7524,2.564
4,7525,2.575
4,7526,2.733
4,7527,3.514
4,7528,3.060
4,7529,2.584
4,7530,2.346
4,7531,2.473
4,7532,3.406
4,7533,2.585
4,7534,2.290
4,7535,3.195
4,7536,2.492
4,7537,2.967
4,7538,3.129
4,7539,3.080
4,7540,2.650
4,7541,2.564
4,7542,3.331
4,7543,2.784
4,7544,3.080
4,7545,2.565
4,7546,2.349
4,7547,3.360
4,7548,2.588
4,7549,3.001
4,7550,2.530
4,7551,2.920
4,7552,2.833
4,7553,2.897
4,7554,3.096
4,7555,2.832
4,7556,2.636
4,7557,3.895
4,7558,3.290
4,7559,3.033
4,7560,3.191
4,7561,2.929
4,7562,2.665
4,7563,3.110
4,7564,2.344
4,7565,3.471
4,7566,3.284
4,7567,2.348
4,7568,2.761
4,7569,2.327
4,7570,2.183
4,7571,2.592
4,7572,2.276
4,7573,1.671
4,7574,1.937
4,7575,1.807
4,7576,2.070
4,7577,1.763
4,7578,2.164
4,7579,2.320
4,7580,2.604
4,7581,3.017
4,7582,2.100
4,7583,2.186
4,7584,2.584
4,7585,2.588
4,7586,2.824
4,7587,2.338
4,7588,2.743
4,7589,2.831
4,7590,2.105
4,7591,2.312
4,7592,2.664
4,7593,2.442
4,7594,2.574
4,7595,3.681
4,7596,2.555
4,7597,3.104
4,7598,2.567
4,7599,2.590
4,7600,2.300
4,7601,2.731
4,7602,2.410
4,7603,2.451
4,7604,2.198
4,7605,2.455
4,7606,2.703
4,7607,2.564
4,7608,3.061
4,7609,2.202
4,7610,3.117
4,7611,2.670
4,7612,2.874
4,7613,2.825
4,7614,2.335
4,7615,3.108
4,7616,2.395
4,7617,2.094
4,7618,2.723
4,7619,2.499
4,7620,2.076
4,7621,3.523
4,7622,2.406
4,7623,2.193
4,7624,1.946
4,7625,2.037
4,7626,1.786
4,7627,2.078
4,7628,2.034
4,7629,2.667
4,7630,2.387
4,7631,2.163
4,7632,2.070
4,7633,2.292
4,7634,2.115
4,7635,1.941
4,7636,2.709
4,7637,2.840
4,7638,1.898
4,7639,2.077
4,7640,2.063
4,7641,2.132
4,7642,1.966
4,7643,2.336
4,7644,2.978
4,7645,3.537
4,7646,2.464
4,7647,2.694
4,7648,3.352
4,7649,2.303
4,7650,2.777
4,7651,3.097
4,7652,2.606
4,7653,2.427
4,7654,1.959
4,7655,2.326
4,7656,3.173
4,7657,1.775
4,7658,1.912
4,7659,1.948
4,7660,1.825
4,7661,1.827
4,7662,2.098
4,7663,2.500
4,7664,2.003
4,7665,1.982
4,7666,2.541
4,7667,2.518
4,7668,2.103
4,7669,1.787
4,7670,1.954
4,7671,2.757
4,7672,2.603
4,7673,1.818
4,7674,1.648
4,7675,3.572
4,7676,2.201
4,7677,2.534
4,7678,2.668
4,7679,2.323
4,7680,2.458
4,7681,2.504
4,7682,3.218
4,7683,2.791
4,7684,2.226
4,7685,1.763
4,7686,2.310
4,7687,2.288
4,7688,1.746
4,7689,2.408
4,7690,3.274
4,7691,3.321
4,7692,2.891
4,7693,2.672
4,7694,2.797
4,7695,2.236
4,7696,2.705
4,7697,2.628
4,7698,2.293
4,7699,2.479
4,7700,2.288
4,7701,1.899
4,7702,2.043
4,7703,4.153
4,7704,3.278
4,7705,2.651
4,7706,2.343
4,7707,2.369
4,7708,2.773
4,7709,2.679
4,7710,2.846
4,7711,2.532
4,7712,2.304
4,7713,2.717
4,7714,2.360
4,7715,3.217
4,7716,2.678
4,7717,2.880
4,7718,3.079
4,7719,2.217
4,7720,2.889
4,7721,2.845
4,7722,2.299
4,7723,2.753
4,7724,2.623
4,7725,2.870
4,7726,2.821
4,7727,2.109
4,7728,3.144
4,7729,2.503
4,7730,1.897
4,7731,2.418
4,7732,2.687
4,7733,2.191
4,7734,2.200
4,7735,1.979
4,7736,1.856
4,7737,2.626
4,7738,2.059
4,7739,1.742
4,7740,2.501
4,7741,2.266
4,7742,2.110
4,7743,2.313
4,7744,2.278
4,7745,1.730
4,7746,2.019
4,7747,3.188
4,7748,2.484
4,7749,2.017
4,7750,2.241
4,7751,2.120
4,7752,2.309
4,7753,2.791
4,7754,2.572
4,7755,2.983
4,7756,2.860
4,7757,1.820
4,7758,2.601
4,7759,2.138
4,7760,2.267
4,7761,2.474
4,7762,2.204
4,7763,2.124
4,7764,2.773
4,7765,2.162
4,7766,1.646
4,7767,3.086
4,7768,2.083
4,7769,2.322
4,7770,2.488
4,7771,2.235
4,7772,2.363
4,7773,2.547
4,7774,1.967
4,7775,1.627
4,7776,2.185
4,7777,1.994
4,7778,1.691
4,7779,1.607
4,7780,1.953
4,7781,2.667
4,7782,2.499
4,7783,2.673
4,7784,2.169
4,7785,2.168
4,7786,3.268
4,7787,2.352
4,7788,2.806
4,7789,2.650
4,7790,4.565
4,7791,3.586
4,7792,4.103
4,7793,3.733
4,7794,3.590
4,7795,2.913
4,7796,3.276
4,7797,3.104
4,7798,3.272
4,7799,3.130
4,7800,2.781
4,7801,3.241
4,7802,2.952
4,7803,4.410
4,7804,3.538
4,7805,5.076
4,7806,3.193
4,7807,3.258
4,7808,2.773
4,7809,2.577
4,7810,2.348
4,7811,2.692
4,7812,2.825
4,7813,2.278
4,7814,2.549
4,7815,2.238
4,7816,2.012
4,7817,3.221
4,7818,2.921
4,7819,2.938
4,7820,2.496
4,7821,2.361
4,7822,2.743
4,7823,2.645
4,7824,3.248
4,7825,2.868
4,7826,2.799
4,7827,3.050
4,7828,2.536
4,7829,3.722
4,7830,2.932
4,7831,2.829
4,7832,2.693
4,7833,2.378
4,7834,3.410
4,7835,2.879
4,7836,2.789
4,7837,2.306
4,7838,2.005
4,7839,2.600
4,7840,2.704
4,7841,3.134
4,7842,2.898
4,7843,2.804
4,7844,2.565
4,7845,2.417
4,7846,2.656
4,7847,2.469
4,7848,1.883
4,7849,1.759
4,7850,2.245
4,7851,2.625
4,7852,1.658
4,7853,2.364
4,7854,2.508
4,7855,2.084
4,7856,2.188
4,7857,3.119
4,7858,1.877
4,7859,2.859
4,7860,2.553
4,7861,2.415
4,7862,2.192
4,7863,2.276
4,7864,2.299
4,7865,2.397
4,7866,2.403
4,7867,2.378
4,7868,2.255
4,7869,1.906
4,7870,1.606
4,7871,1.811
4,7872,2.101
4,7873,2.061
4,7874,2.801
4,7875,3.672
4,7876,2.430
4,7877,2.420
4,7878,1.899
4,7879,1.625
4,7880,1.838
4,7881,3.082
4,7882,3.278
4,7883,4.836
4,7884,3.447
4,7885,2.967
4,7886,2.250
4,7887,5.787
4,7888,2.180
4,7889,1.935
4,7890,1.851
4,7891,2.365
4,7892,2.569
4,7893,1.945
4,7894,2.534
4,7895,2.408
4,7896,1.864
4,7897,1.715
4,7898,2.459
4,7899,2.361
4,7900,2.042
4,7901,2.030
4,7902,2.554
4,7903,1.722
4,7904,1.972
4,7905,2.513
4,7906,2.077
4,7907,1.887
4,7908,2.410
4,7909,2.169
4,7910,2.494
4,7911,2.845
4,7912,2.195
4,7913,2.538
4,7914,2.904
4,7915,1.949
4,7916,1.996
4,7917,2.638
4,7918,2.086
4,7919,3.144
4,7920,2.227
4,7921,1.951
4,7922,2.057
4,7923,2.041
4,7924,2.200
4,7925,2.601
4,7926,2.924
4,7927,2.069
4,7928,2.121
4,7929,2.296
4,7930,2.265
4,7931,2.667
4,7932,2.970
4,7933,2.009
4,7934,2.805
4,7935,2.214
4,7936,1.770
4,7937,2.407
4,7938,3.376
4,7939,3.336
4,7940,2.382
4,7941,2.104
4,7942,2.715
4,7943,2.369
4,7944,2.580
4,7945,2.629
4,7946,2.897
4,7947,2.285
4,7948,2.524
4,7949,2.121
4,7950,2.620
4,7951,2.738
4,7952,1.958
4,7953,3.069
4,7954,2.541
4,7955,1.972
4,7956,2.600
4,7957,2.620
4,7958,2.209
4,7959,2.262
4,7960,2.222
4,7961,1.648
4,7962,2.030
4,7963,2.458
4,7964,2.109
4,7965,3.326
4,7966,2.472
4,7967,2.035
4,7968,2.844
4,7969,2.106
4,7970,1.845
4,7971,3.295
4,7972,2.198
4,7973,1.957
4,7974,2.325
4,7975,2.299
4,7976,2.492
4,7977,2.837
4,7978,2.561
4,7979,2.901
4,7980,2.627
4,7981,2.183
4,7982,2.619
4,7983,3.074
4,7984,2.428
4,7985,2.823
4,7986,2.207
4,7987,3.025
4,7988,2.549
4,7989,2.503
4,7990,3.101
4,7991,2.489
4,7992,2.222
4,7993,3.281
4,7994,2.521
4,7995,3.240
4,7996,2.808
4,7997,2.600
4,7998,2.674
4,7999,2.250
4,8000,2.786
4,8001,3.052
4,8002,2.961
4,8003,3.605
4,8004,2.905
4,8005,3.075
4,8006,3.017
4,8007,3.404
4,8008,2.855
4,8009,3.117
4,8010,2.709
4,8011,3.345
4,8012,3.672
4,8013,3.371
4,8014,3.947
4,8015,3.608
4,8016,3.045
4,8017,2.993
4,8018,2.909
4,8019,2.833
4,8020,2.956
4,8021,3.155
4,8022,3.453
4,8023,3.091
4,8024,3.394
4,8025,2.773
4,8026,3.017
4,8027,3.644
4,8028,2.461
4,8029,3.177
4,8030,2.791
4,8031,3.022
4,8032,2.988
4,8033,3.217
4,8034,2.796
4,8035,2.709
4,8036,3.854
4,8037,2.811
4,8038,3.000
4,8039,2.964
4,8040,2.832
4,8041,2.628
4,8042,2.597
4,8043,3.125
4,8044,2.567
4,8045,2.923
4,8046,2.596
4,8047,2.645
4,8048,3.089
4,8049,2.537
4,8050,2.529
4,8051,3.207
4,8052,2.844
4,8053,2.530
4,8054,2.820
4,8055,2.791
4,8056,2.584
4,8057,2.088
4,8058,2.976
4,8059,3.979
4,8060,3.051
4,8061,2.805
4,8062,2.950
4,8063,5.169
4,8064,4.069
4,8065,2.590
4,8066,2.706
4,8067,2.619
4,8068,2.162
4,8069,2.870
4,8070,2.598
4,8071,2.195
4,8072,2.483
4,8073,2.038
4,8074,1.686
4,8075,1.933
4,8076,2.009
4,8077,2.232
4,8078,2.481
4,8079,2.130
4,8080,1.898
4,8081,2.034
4,8082,2.263
4,8083,1.986
4,8084,1.950
4,8085,3.650
4,8086,2.689
4,8087,2.417
4,8088,2.430
4,8089,2.119
4,8090,2.039
4,8091,2.640
4,8092,2.099
4,8093,2.337
4,8094,2.504
4,8095,1.866
4,8096,1.705
4,8097,2.282
4,8098,2.273
4,8099,2.591
4,8100,2.373
4,8101,2.023
4,8102,2.261
4,8103,2.574
4,8104,2.033
4,8105,2.073
4,8106,2.840
4,8107,2.563
4,8108,2.009
4,8109,2.485
4,8110,2.518
4,8111,2.446
4,8112,3.158
4,8113,3.001
4,8114,4.113
4,8115,2.550
4,8116,4.100
4,8117,2.752
4,8118,2.328
4,8119,2.209
4,8120,2.659
4,8121,3.372
4,8122,3.518
4,8123,3.129
4,8124,2.683
4,8125,2.968
4,8126,2.616
4,8127,2.321
4,8128,3.488
4,8129,3.317
4,8130,2.572
4,8131,2.554
4,8132,2.212
4,8133,2.673
4,8134,3.151
4,8135,4.329
4,8136,2.388
4,8137,2.345
4,8138,2.851
4,8139,2.660
4,8140,3.088
4,8141,2.159
4,8142,2.032
4,8143,2.365
4,8144,2.009
4,8145,1.709
4,8146,2.247
4,8147,2.577
4,8148,2.247
4,8149,2.300
4,8150,2.113
4,8151,2.207
4,8152,2.183
4,8153,2.583
4,8154,1.964
4,8155,2.051
4,8156,2.774
4,8157,1.809
4,8158,1.609
4,8159,1.868
4,8160,1.970
4,8161,2.813
4,8162,3.012
4,8163,2.857
4,8164,3.356
4,8165,2.892
4,8166,2.108
4,8167,2.698
4,8168,2.432
4,8169,1.860
4,8170,2.312
4,8171,2.192
4,8172,2.191
4,8173,3.054
4,8174,2.155
4,8175,1.783
4,8176,2.042
4,8177,2.214
4,8178,1.825
4,8179,2.250
4,8180,2.923
4,8181,2.443
4,8182,2.756
4,8183,2.411
4,8184,2.043
4,8185,2.592
4,8186,2.957
4,8187,2.298
4,8188,2.468
4,8189,2.169
4,8190,2.061
4,8191,2.748
4,8192,2.843
4,8193,3.375
4,8194,2.111
4,8195,1.647
4,8196,2.135
4,8197,2.182
4,8198,2.091
4,8199,2.202
4,8200,2.408
4,8201,2.323
4,8202,2.169
4,8203,2.497
4,8204,1.968
4,8205,1.977
4,8206,2.506
4,8207,2.026
4,8208,1.798
4,8209,2.645
4,8210,1.929
4,8211,1.906
4,8212,2.166
4,8213,1.933
4,8214,2.871
4,8215,2.452
4,8216,2.651
4,8217,2.518
4,8218,2.352
4,8219,2.126
4,8220,2.559
4,8221,2.442
4,8222,1.914
4,8223,1.772
4,8224,2.361
4,8225,2.553
4,8226,1.752
4,8227,1.865
4,8228,3.551
4,8229,2.936
4,8230,2.968
4,8231,2.698
4,8232,2.978
4,8233,2.776
4,8234,3.350
4,8235,2.993
4,8236,2.617
4,8237,2.704
4,8238,3.848
4,8239,3.246
4,8240,3.195
4,8241,3.459
4,8242,2.439
4,8243,2.430
4,8244,4.082
4,8245,3.283
4,8246,2.661
4,8247,2.023
4,8248,2.182
4,8249,2.779
4,8250,2.608
4,8251,2.821
4,8252,2.338
4,8253,2.616
4,8254,2.749
4,8255,2.560
4,8256,2.570
4,8257,3.018
4,8258,2.029
4,8259,2.294
4,8260,2.657
4,8261,2.408
4,8262,2.620
4,8263,2.153
4,8264,2.823
4,8265,3.494
4,8266,2.116
4,8267,1.825
4,8268,2.812
4,8269,2.422
4,8270,2.967
4,8271,2.719
4,8272,2.161
4,8273,2.510
4,8274,2.536
4,8275,2.291
4,8276,2.395
4,8277,2.146
4,8278,2.415
4,8279,2.146
4,8280,2.000
4,8281,2.488
4,8282,3.082
4,8283,2.657
4,8284,2.774
4,8285,2.803
4,8286,1.925
4,8287,2.605
4,8288,2.468
4,8289,2.214
4,8290,2.407
4,8291,2.348
4,8292,2.430
4,8293,3.417
4,8294,2.642
4,8295,2.984
4,8296,2.681
4,8297,1.867
4,8298,1.957
4,8299,2.258
4,8300,2.183
4,8301,2.802
4,8302,2.594
4,8303,2.454
4,8304,3.214
4,8305,2.699
4,8306,4.113
4,8307,2.659
4,8308,2.794
4,8309,2.655
4,8310,2.055
4,8311,3.450
4,8312,2.989
4,8313,2.962
4,8314,2.612
4,8315,2.675
4,8316,3.856
4,8317,2.946
4,8318,4.517
4,8319,2.618
4,8320,2.756
4,8321,3.188
4,8322,3.417
4,8323,2.897
4,8324,3.559
4,8325,2.785
4,8326,3.045
4,8327,2.948
4,8328,2.506
4,8329,2.886
4,8330,2.775
4,8331,3.539
4,8332,4.697
4,8333,4.042
4,8334,3.000
4,8335,3.598
4,8336,3.799
4,8337,4.679
4,8338,4.161
4,8339,4.357
4,8340,3.850
4,8341,3.042
4,8342,3.237
4,8343,2.800
4,8344,3.806
4,8345,3.631
4,8346,4.013
4,8347,3.194
4,8348,4.907
4,8349,4.529
4,8350,4.777
4,8351,3.270
4,8352,3.257
4,8353,4.187
4,8354,3.905
4,8355,4.274
4,8356,3.777
4,8357,4.688
4,8358,3.635
4,8359,2.940
4,8360,3.781
4,8361,2.696
4,8362,2.663
4,8363,3.024
4,8364,2.578
4,8365,2.924
4,8366,3.408
4,8367,2.565
4,8368,2.768
4,8369,2.620
4,8370,3.555
4,8371,3.085
4,8372,3.343
4,8373,2.511
4,8374,2.241
4,8375,3.377
4,8376,2.571
4,8377,3.345
4,8378,2.758
4,8379,2.786
4,8380,2.795
4,8381,2.406
4,8382,3.664
4,8383,2.757
4,8384,3.008
4,8385,2.654
4,8386,2.324
4,8387,3.257
4,8388,3.104
4,8389,3.110
4,8390,2.963
4,8391,2.667
4,8392,2.560
4,8393,2.315
4,8394,2.902
4,8395,2.193
4,8396,1.840
4,8397,2.785
4,8398,2.507
4,8399,2.584
4,8400,3.558
4,8401,2.444
4,8402,2.736
4,8403,2.341
4,8404,2.575
4,8405,3.064
4,8406,2.522
4,8407,2.004
4,8408,2.433
4,8409,2.120
4,8410,2.186
4,8411,2.842
4,8412,2.135
4,8413,2.155
4,8414,2.891
4,8415,2.226
4,8416,2.483
4,8417,2.364
4,8418,2.992
4,8419,2.950
4,8420,2.418
4,8421,2.297
4,8422,2.711
4,8423,2.444
4,8424,3.497
4,8425,3.133
4,8426,2.136
4,8427,2.561
4,8428,2.137
4,8429,1.941
4,8430,2.771
4,8431,3.070
4,8432,3.633
4,8433,2.777
4,8434,2.915
4,8435,2.931
4,8436,2.620
4,8437,2.538
4,8438,2.437
4,8439,1.878
4,8440,2.404
4,8441,2.343
4,8442,2.114
4,8443,3.187
4,8444,2.034
4,8445,2.067
4,8446,3.096
4,8447,2.032
4,8448,1.933
4,8449,3.138
4,8450,2.374
4,8451,2.293
4,8452,3.102
4,8453,2.763
4,8454,3.049
4,8455,2.379
4,8456,3.106
4,8457,2.697
4,8458,2.114
4,8459,2.654
4,8460,2.915
4,8461,2.946
4,8462,3.060
4,8463,2.617
4,8464,2.971
4,8465,2.453
4,8466,3.349
4,8467,3.015
4,8468,2.768
4,8469,3.101
4,8470,2.781
4,8471,3.430
4,8472,3.467
4,8473,4.252
4,8474,2.653
4,8475,3.288
4,8476,3.198
4,8477,3.333
4,8478,2.888
4,8479,2.533
4,8480,2.835
4,8481,2.275
4,8482,3.145
4,8483,3.013
4,8484,2.902
4,8485,2.844
4,8486,2.496
4,8487,3.386
4,8488,2.507
4,8489,2.828
4,8490,2.713
4,8491,2.449
4,8492,2.943
4,8493,2.696
4,8494,2.952
4,8495,2.973
4,8496,2.528
4,8497,3.666
4,8498,2.736
4,8499,3.403
4,8500,2.567
4,8501,3.060
4,8502,2.793
4,8503,2.560
4,8504,3.751
4,8505,2.903
4,8506,2.809
4,8507,3.172
4,8508,2.871
4,8509,3.471
4,8510,3.444
4,8511,2.978
4,8512,2.820
4,8513,3.350
4,8514,3.010
4,8515,2.946
4,8516,2.496
4,8517,2.795
4,8518,2.796
4,8519,3.024
4,8520,4.308
4,8521,3.284
4,8522,2.950
4,8523,2.586
4,8524,3.056
4,8525,3.058
4,8526,2.591
4,8527,2.931
4,8528,2.431
4,8529,3.007
4,8530,2.932
4,8531,3.529
4,8532,2.540
4,8533,2.200
4,8534,2.413
4,8535,2.775
4,8536,3.135
4,8537,3.232
4,8538,3.253
4,8539,2.773
4,8540,2.218
4,8541,2.937
4,8542,3.580
4,8543,2.534
4,8544,3.820
4,8545,2.180
4,8546,2.200
4,8547,2.811
4,8548,2.170
4,8549,2.695
4,8550,2.057
4,8551,2.022
4,8552,2.449
4,8553,2.630
4,8554,2.315
4,8555,2.385
4,8556,2.673
4,8557,2.317
4,8558,2.915
4,8559,2.088
4,8560,4.409
4,8561,2.345
4,8562,2.249
4,8563,2.384
4,8564,1.802
4,8565,2.452
4,8566,2.783
4,8567,2.116
4,8568,1.760
4,8569,3.225
4,8570,2.110
4,8571,1.755
4,8572,2.806
4,8573,3.130
4,8574,2.643
4,8575,2.453
4,8576,2.118
4,8577,2.734
4,8578,2.429
4,8579,2.635
4,8580,2.990
4,8581,2.403
4,8582,2.684
4,8583,2.413
4,8584,2.264
4,8585,3.115
4,8586,2.596
4,8587,3.151
4,8588,2.716
4,8589,2.146
4,8590,2.658
4,8591,2.754
4,8592,2.918
4,8593,2.442
4,8594,2.615
4,8595,1.983
4,8596,2.998
4,8597,2.293
4,8598,2.426
4,8599,2.486
4,8600,2.250
4,8601,2.691
4,8602,2.310
4,8603,1.866
4,8604,2.403
4,8605,3.222
4,8606,2.678
4,8607,2.304
4,8608,2.662
4,8609,1.884
4,8610,2.543
4,8611,2.265
4,8612,2.040
4,8613,2.385
4,8614,1.989
4,8615,1.659
4,8616,2.789
4,8617,2.817
4,8618,2.423
4,8619,2.698
4,8620,2.266
4,8621,3.005
4,8622,3.351
4,8623,2.963
4,8624,3.709
4,8625,2.740
4,8626,3.187
4,8627,2.354
4,8628,2.670
4,8629,3.878
4,8630,3.229
4,8631,3.255
4,8632,2.709
4,8633,2.498
4,8634,2.756
4,8635,3.457
4,8636,2.567
4,8637,2.572
4,8638,3.304
4,8639,3.233
4,8640,3.461
4,8641,2.990
4,8642,2.579
4,8643,2.366
4,8644,1.834
4,8645,3.823
4,8646,2.305
4,8647,2.273
4,8648,3.148
4,8649,2.039
4,8650,2.030
4,8651,2.279
4,8652,2.187
4,8653,2.479
4,8654,2.476
4,8655,1.908
4,8656,2.419
4,8657,2.522
4,8658,2.285
4,8659,3.523
4,8660,3.304
4,8661,3.006
4,8662,2.969
4,8663,1.757
4,8664,3.433
4,8665,2.918
4,8666,2.702
4,8667,2.173
4,8668,1.931
4,8669,3.197
4,8670,3.004
4,8671,2.234
4,8672,3.292
4,8673,2.324
4,8674,2.684
4,8675,3.002
4,8676,2.247
4,8677,2.152
4,8678,1.833
4,8679,1.633
4,8680,2.070
4,8681,2.396
4,8682,2.003
4,8683,2.609
4,8684,2.440
4,8685,2.184
4,8686,2.158
4,8687,2.315
4,8688,1.767
4,8689,1.807
4,8690,2.656
4,8691,3.261
4,8692,2.721
4,8693,2.630
4,8694,2.000
4,8695,2.322
4,8696,2.731
4,8697,2.655
4,8698,3.633
4,8699,2.180
4,8700,2.422
4,8701,2.884
4,8702,2.527
4,8703,3.692
4,8704,3.121
4,8705,2.656
4,8706,2.233
4,8707,1.886
4,8708,2.774
4,8709,2.159
4,8710,1.678
4,8711,1.844
4,8712,2.210
4,8713,1.983
4,8714,1.702
4,8715,2.316
4,8716,2.217
4,8717,2.013
4,8718,2.528
4,8719,2.157
4,8720,2.287
4,8721,2.303
4,8722,2.258
4,8723,2.371
4,8724,2.880
4,8725,2.181
4,8726,2.016
4,8727,3.465
4,8728,2.817
4,8729,2.724
4,8730,2.960
4,8731,1.848
4,8732,1.989
4,8733,1.871
4,8734,1.758
4,8735,1.660
4,8736,2.528
4,8737,2.745
4,8738,2.578
4,8739,2.431
4,8740,1.926
4,8741,1.873
4,8742,2.252
4,8743,2.029
4,8744,2.664
4,8745,2.266
4,8746,2.090
4,8747,1.726
4,8748,2.282
4,8749,2.151
4,8750,1.646
4,8751,1.769
4,8752,2.711
4,8753,2.601
4,8754,1.798
4,8755,3.012
4,8756,2.073
4,8757,2.153
4,8758,2.901
4,8759,2.000
4,8760,2.020
4,8761,2.848
4,8762,2.013
4,8763,1.787
4,8764,2.357
4,8765,2.558
4,8766,2.530
4,8767,2.689
4,8768,2.726
4,8769,2.133
4,8770,2.349
4,8771,2.071
4,8772,2.063
4,8773,2.644
4,8774,2.017
4,8775,2.319
4,8776,2.536
4,8777,1.967
4,8778,2.945
4,8779,2.729
4,8780,1.998
4,8781,2.287
4,8782,2.091
4,8783,2.045
4,8784,3.506
4,8785,2.852
4,8786,2.012
4,8787,2.696
4,8788,2.015
4,8789,1.914
4,8790,2.022
4,8791,2.712
4,8792,2.082
4,8793,2.336
4,8794,2.004
4,8795,1.848
4,8796,2.224
4,8797,2.025
4,8798,1.754
4,8799,2.743
4,8800,2.665
4,8801,1.993
4,8802,1.690
4,8803,2.013
4,8804,1.873
4,8805,1.988
4,8806,2.489
4,8807,2.952
4,8808,1.948
4,8809,2.242
4,8810,2.306
4,8811,1.820
4,8812,2.249
4,8813,3.401
4,8814,3.042
4,8815,2.847
4,8816,2.154
4,8817,2.474
4,8818,3.498
4,8819,3.714
4,8820,3.239
4,8821,3.098
4,8822,3.136
4,8823,3.357
4,8824,3.218
4,8825,2.727
4,8826,4.045
4,8827,2.955
4,8828,3.755
4,8829,3.089
4,8830,4.095
4,8831,3.286
4,8832,3.510
4,8833,2.989
4,8834,3.204
4,8835,3.942
4,8836,3.931
4,8837,3.016
4,8838,3.154
4,8839,2.976
4,8840,3.114
4,8841,3.012
4,8842,3.167
4,8843,2.903
4,8844,2.690
4,8845,3.175
4,8846,2.763
4,8847,3.138
4,8848,3.506
4,8849,2.994
4,8850,3.035
4,8851,3.071
4,8852,3.365
4,8853,2.897
4,8854,3.954
4,8855,3.688
4,8856,4.344
4,8857,4.748
4,8858,3.904
4,8859,3.393
4,8860,3.174
4,8861,3.662
4,8862,3.265
4,8863,3.607
4,8864,2.861
4,8865,3.660
4,8866,3.023
4,8867,3.101
4,8868,3.400
4,8869,3.482
4,8870,2.998
4,8871,3.311
4,8872,3.120
4,8873,3.048
4,8874,4.044
4,8875,3.564
4,8876,3.136
4,8877,2.658
4,8878,2.890
4,8879,2.586
4,8880,3.433
4,8881,3.206
4,8882,2.730
4,8883,2.915
4,8884,2.854
4,8885,3.426
4,8886,3.876
4,8887,3.655
4,8888,2.440
4,8889,3.045
4,8890,3.593
4,8891,3.424
4,8892,2.711
4,8893,3.588
4,8894,2.632
4,8895,2.922
4,8896,3.724
4,8897,2.903
4,8898,3.507
4,8899,3.505
4,8900,3.566
4,8901,2.619
4,8902,3.006
4,8903,2.722
4,8904,2.548
4,8905,3.601
4,8906,3.296
4,8907,3.105
4,8908,2.727
4,8909,3.133
4,8910,3.079
4,8911,3.479
4,8912,3.223
4,8913,3.219
4,8914,2.941
4,8915,3.299
4,8916,4.589
4,8917,4.466
4,8918,3.123
4,8919,3.990
4,8920,4.143
4,8921,3.876
4,8922,3.986
4,8923,4.046
4,8924,3.574
4,8925,3.218
4,8926,4.154
4,8927,3.446
4,8928,4.284
4,8929,3.431
4,8930,3.807
4,8931,3.114
4,8932,4.615
4,8933,4.579
4,8934,4.611
4,8935,3.938
4,8936,3.774
4,8937,3.579
4,8938,3.182
4,8939,3.770
4,8940,3.593
4,8941,3.585
4,8942,3.404
4,8943,3.220
4,8944,2.872
4,8945,4.061
4,8946,3.612
4,8947,3.137
4,8948,2.626
4,8949,3.415
4,8950,2.944
4,8951,3.454
4,8952,3.344
4,8953,3.403
4,8954,4.826
4,8955,3.468
4,8956,2.814
4,8957,3.928
4,8958,2.751
4,8959,4.017
4,8960,2.808
4,8961,2.995
4,8962,2.837
4,8963,3.446
4,8964,3.079
4,8965,2.539
4,8966,2.998
4,8967,2.717
4,8968,3.103
4,8969,3.892
4,8970,3.062
4,8971,2.782
4,8972,2.876
4,8973,3.341
4,8974,2.915
4,8975,3.600
4,8976,2.899
4,8977,3.156
4,8978,3.105
4,8979,3.628
4,8980,2.743
4,8981,3.047
4,8982,2.906
4,8983,2.907
4,8984,2.955
4,8985,3.028
4,8986,3.050
4,8987,3.027
4,8988,3.254
4,8989,3.276
4,8990,2.945
4,8991,3.235
4,8992,3.016
4,8993,4.166
4,8994,2.924
4,8995,3.169
4,8996,2.802
4,8997,3.334
4,8998,3.698
4,8999,4.073
4,9000,3.427
4,9001,5.467
4,9002,3.378
4,9003,3.079
4,9004,3.407
4,9005,2.921
4,9006,2.476
4,9007,3.497
4,9008,3.119
4,9009,3.308
4,9010,3.247
4,9011,2.947
4,9012,3.458
4,9013,3.131
4,9014,2.932
4,9015,2.843
4,9016,3.761
4,9017,3.318
4,9018,4.803
4,9019,3.773
4,9020,3.458
4,9021,3.888
4,9022,2.822
4,9023,2.970
4,9024,3.003
4,9025,3.147
4,9026,3.179
4,9027,3.511
4,9028,3.075
4,9029,2.631
4,9030,3.697
4,9031,2.672
4,9032,2.498
4,9033,2.897
4,9034,2.367
4,9035,2.510
4,9036,2.681
4,9037,2.163
4,9038,2.576
4,9039,2.277
4,9040,2.331
4,9041,2.891
4,9042,2.524
4,9043,2.482
4,9044,2.753
4,9045,2.060
4,9046,2.106
4,9047,2.667
4,9048,1.762
4,9049,1.888
4,9050,2.535
4,9051,2.245
4,9052,1.811
4,9053,2.283
4,9054,2.188
4,9055,2.370
4,9056,2.652
4,9057,2.485
4,9058,1.837
4,9059,2.346
4,9060,2.291
4,9061,1.762
4,9062,2.260
4,9063,2.904
4,9064,2.191
4,9065,2.722
4,9066,2.217
4,9067,2.023
4,9068,3.354
4,9069,2.480
4,9070,2.371
4,9071,2.383
4,9072,2.140
4,9073,2.420
4,9074,2.621
4,9075,2.054
4,9076,2.395
4,9077,2.758
4,9078,2.395
4,9079,2.144
4,9080,2.361
4,9081,2.106
4,9082,1.941
4,9083,2.753
4,9084,2.480
4,9085,2.778
4,9086,2.628
4,9087,1.864
4,9088,2.483
4,9089,2.926
4,9090,2.699
4,9091,2.815
4,9092,2.428
4,9093,3.053
4,9094,2.185
4,9095,2.820
4,9096,3.573
4,9097,2.134
4,9098,2.133
4,9099,2.508
4,9100,3.219
4,9101,2.630
4,9102,2.303
4,9103,1.739
4,9104,1.844
4,9105,2.191
4,9106,1.836
4,9107,1.731
4,9108,3.221
4,9109,2.311
4,9110,2.239
4,9111,2.205
4,9112,1.886
4,9113,1.753
4,9114,2.666
4,9115,2.191
4,9116,2.624
4,9117,2.214
4,9118,2.251
4,9119,2.018
4,9120,2.208
4,9121,1.907
4,9122,2.172
4,9123,2.510
4,9124,2.418
4,9125,2.109
4,9126,2.619
4,9127,2.764
4,9128,1.900
4,9129,3.350
4,9130,2.492
4,9131,2.945
4,9132,2.214
4,9133,1.845
4,9134,2.115
4,9135,3.356
4,9136,2.260
4,9137,2.945
4,9138,2.979
4,9139,2.660
4,9140,2.818
4,9141,2.444
4,9142,2.712
4,9143,2.499
4,9144,2.295
4,9145,2.829
4,9146,2.439
4,9147,2.966
4,9148,2.408
4,9149,2.181
4,9150,3.144
4,9151,2.987
4,9152,2.926
4,9153,3.365
4,9154,2.257
4,9155,2.637
4,9156,2.558
4,9157,3.294
4,9158,3.321
4,9159,2.121
4,9160,2.461
4,9161,2.355
4,9162,1.837
4,9163,2.343
4,9164,1.953
4,9165,2.836
4,9166,2.935
4,9167,1.941
4,9168,1.666
4,9169,1.793
4,9170,2.164
4,9171,2.222
4,9172,2.141
4,9173,2.208
4,9174,2.421
4,9175,2.215
4,9176,2.438
4,9177,2.005
4,9178,1.828
4,9179,3.827
4,9180,2.370
4,9181,2.766
4,9182,2.214
4,9183,2.135
4,9184,2.260
4,9185,2.662
4,9186,1.855
4,9187,2.110
4,9188,1.964
4,9189,1.951
4,9190,1.965
4,9191,2.410
4,9192,2.992
4,9193,2.300
4,9194,2.224
4,9195,1.870
4,9196,2.217
4,9197,3.005
4,9198,2.391
4,9199,2.972
4,9200,2.666
4,9201,1.882
4,9202,2.227
4,9203,2.108
4,9204,2.762
4,9205,3.308
4,9206,2.354
4,9207,1.697
4,9208,2.259
4,9209,2.188
4,9210,1.704
4,9211,2.563
4,9212,2.725
4,9213,2.145
4,9214,2.096
4,9215,1.922
4,9216,1.740
4,9217,1.851
4,9218,2.505
4,9219,2.203
4,9220,2.411
4,9221,2.453
4,9222,2.334
4,9223,1.985
4,9224,2.425
4,9225,2.318
4,9226,2.617
4,9227,2.723
4,9228,2.378
4,9229,1.724
4,9230,2.148
4,9231,2.192
4,9232,2.079
4,9233,2.888
4,9234,2.580
4,9235,2.233
4,9236,3.597
4,9237,1.952
4,9238,2.303
4,9239,2.824
4,9240,1.953
4,9241,1.876
4,9242,2.248
4,9243,2.715
4,9244,2.427
4,9245,2.241
4,9246,2.523
4,9247,3.260
4,9248,2.212
4,9249,2.160
4,9250,2.752
4,9251,2.208
4,9252,2.461
4,9253,2.835
4,9254,2.136
4,9255,2.303
4,9256,2.500
4,9257,2.263
4,9258,2.227
4,9259,3.698
4,9260,2.750
4,9261,3.040
4,9262,2.638
4,9263,3.886
4,9264,2.819
4,9265,2.831
4,9266,2.728
4,9267,1.972
4,9268,2.613
4,9269,2.644
4,9270,2.888
4,9271,2.970
4,9272,1.844
4,9273,1.692
4,9274,2.139
4,9275,1.991
4,9276,1.558
4,9277,2.116
4,9278,2.616
4,9279,2.498
4,9280,2.502
4,9281,2.145
4,9282,1.856
4,9283,2.057
4,9284,3.004
4,9285,2.174
4,9286,2.210
4,9287,2.656
4,9288,2.219
4,9289,3.303
4,9290,2.807
4,9291,3.217
4,9292,2.263
4,9293,1.755
4,9294,2.405
4,9295,2.288
4,9296,2.108
4,9297,2.536
4,9298,2.172
4,9299,1.743
4,9300,1.963
4,9301,2.422
4,9302,2.255
4,9303,1.763
4,9304,2.596
4,9305,2.561
4,9306,1.838
4,9307,2.519
4,9308,2.163
4,9309,2.019
4,9310,2.812
4,9311,3.326
4,9312,2.220
4,9313,2.465
4,9314,2.481
4,9315,2.362
4,9316,2.493
4,9317,2.839
4,9318,3.036
4,9319,2.023
4,9320,1.822
4,9321,2.533
4,9322,2.024
4,9323,1.681
4,9324,2.431
4,9325,2.561
4,9326,2.149
4,9327,2.248
4,9328,1.977
4,9329,4.347
4,9330,2.895
4,9331,2.231
4,9332,2.765
4,9333,2.601
4,9334,1.842
4,9335,2.112
4,9336,2.122
4,9337,2.746
4,9338,2.395
4,9339,1.948
4,9340,1.943
4,9341,1.810
4,9342,2.328
4,9343,2.162
4,9344,2.383
4,9345,3.461
4,9346,2.207
4,9347,2.366
4,9348,2.727
4,9349,1.919
4,9350,2.140
4,9351,2.637
4,9352,2.048
4,9353,2.205
4,9354,1.846
4,9355,2.055
4,9356,2.379
4,9357,2.389
4,9358,2.093
4,9359,2.239
4,9360,2.400
4,9361,2.326
4,9362,2.158
4,9363,2.612
4,9364,3.371
4,9365,3.389
4,9366,2.352
4,9367,2.097
4,9368,2.745
4,9369,2.275
4,9370,2.308
4,9371,3.154
4,9372,2.006
4,9373,2.194
4,9374,3.197
4,9375,1.919
4,9376,2.439
4,9377,2.609
4,9378,2.975
4,9379,2.761
4,9380,2.166
4,9381,1.927
4,9382,2.347
4,9383,2.988
4,9384,3.492
4,9385,3.268
4,9386,2.955
4,9387,2.477
4,9388,2.248
4,9389,2.788
4,9390,2.428
4,9391,2.222
4,9392,2.720
4,9393,2.365
4,9394,2.057
4,9395,2.724
4,9396,2.020
4,9397,1.621
4,9398,1.880
4,9399,2.117
4,9400,2.555
4,9401,2.221
4,9402,3.698
4,9403,2.215
4,9404,2.925
4,9405,2.154
4,9406,1.941
4,9407,3.110
4,9408,3.171
4,9409,3.220
4,9410,3.314
4,9411,2.909
4,9412,2.380
4,9413,2.618
4,9414,2.664
4,9415,2.192
4,9416,1.823
4,9417,2.255
4,9418,2.793
4,9419,2.542
4,9420,2.961
4,9421,2.373
4,9422,2.655
4,9423,2.589
4,9424,2.292
4,9425,3.760
4,9426,3.540
4,9427,3.652
4,9428,2.402
4,9429,2.913
4,9430,2.845
4,9431,2.442
4,9432,2.757
4,9433,2.762
4,9434,1.936
4,9435,3.146
4,9436,2.996
4,9437,3.205
4,9438,2.655
4,9439,3.004
4,9440,2.817
4,9441,3.824
4,9442,3.420
4,9443,3.105
4,9444,2.974
4,9445,2.863
4,9446,3.904
4,9447,2.555
4,9448,3.935
4,9449,2.773
4,9450,3.407
4,9451,3.652
4,9452,2.897
4,9453,2.502
4,9454,1.926
4,9455,2.704
4,9456,3.185
4,9457,3.344
4,9458,3.006
4,9459,2.663
4,9460,2.551
4,9461,2.336
4,9462,2.670
4,9463,2.650
4,9464,2.233
4,9465,2.891
4,9466,2.299
4,9467,2.395
4,9468,3.335
4,9469,2.886
4,9470,3.767
4,9471,2.770
4,9472,2.436
4,9473,3.013
4,9474,2.556
4,9475,2.994
4,9476,2.488
4,9477,2.801
4,9478,3.313
4,9479,2.911
4,9480,3.435
4,9481,3.054
4,9482,3.721
4,9483,3.229
4,9484,3.954
4,9485,2.974
4,9486,3.706
4,9487,2.869
4,9488,2.756
4,9489,2.930
4,9490,3.339
4,9491,2.724
4,9492,2.571
4,9493,3.967
4,9494,2.956
4,9495,3.197
4,9496,3.099
4,9497,2.712
4,9498,3.137
4,9499,3.310
4,9500,3.128
4,9501,2.586
4,9502,3.109
4,9503,2.541
4,9504,2.679
4,9505,2.586
4,9506,2.900
4,9507,3.079
4,9508,2.929
4,9509,2.587
4,9510,2.764
4,9511,2.959
4,9512,2.712
4,9513,2.634
4,9514,2.941
4,9515,3.639
4,9516,3.222
4,9517,2.679
4,9518,2.438
4,9519,2.824
4,9520,2.397
4,9521,3.373
4,9522,3.314
4,9523,2.099
4,9524,2.649
4,9525,2.280
4,9526,2.037
4,9527,2.251
4,9528,3.449
4,9529,2.655
4,9530,2.330
4,9531,1.994
4,9532,2.390
4,9533,2.608
4,9534,1.932
4,9535,3.052
4,9536,2.367
4,9537,2.317
4,9538,2.713
4,9539,2.268
4,9540,1.991
4,9541,3.537
4,9542,2.636
4,9543,2.415
4,9544,2.588
4,9545,2.146
4,9546,2.253
4,9547,2.884
4,9548,2.508
4,9549,3.081
4,9550,2.173
4,9551,1.642
4,9552,2.243
4,9553,2.185
4,9554,2.177
4,9555,2.683
4,9556,2.167
4,9557,2.541
4,9558,2.606
4,9559,2.176
4,9560,1.715
4,9561,2.499
4,9562,2.407
4,9563,1.844
4,9564,1.898
4,9565,2.401
4,9566,2.132
4,9567,2.397
4,9568,2.601
4,9569,2.127
4,9570,2.317
4,9571,3.365
4,9572,2.217
4,9573,2.457
4,9574,2.190
4,9575,2.652
4,9576,2.833
4,9577,2.161
4,9578,1.718
4,9579,2.759
4,9580,2.285
4,9581,2.171
4,9582,2.680
4,9583,2.212
4,9584,1.850
4,9585,2.169
4,9586,1.853
4,9587,1.793
4,9588,2.978
4,9589,2.236
4,9590,2.115
4,9591,2.147
4,9592,2.401
4,9593,1.843
4,9594,1.851
4,9595,2.325
4,9596,2.387
4,9597,2.258
4,9598,3.010
4,9599,2.232
4,9600,1.937
4,9601,2.457
4,9602,2.160
4,9603,2.825
4,9604,3.024
4,9605,2.232
4,9606,2.850
4,9607,2.275
4,9608,2.960
4,9609,2.963
4,9610,2.169
4,9611,3.310
4,9612,2.497
4,9613,2.357
4,9614,3.008
4,9615,2.416
4,9616,2.890
4,9617,2.634
4,9618,3.360
4,9619,3.046
4,9620,2.628
4,9621,2.744
4,9622,2.670
4,9623,2.413
4,9624,3.502
4,9625,2.521
4,9626,2.494
4,9627,2.589
4,9628,1.703
4,9629,1.924
4,9630,2.286
4,9631,3.058
4,9632,3.021
4,9633,2.193
4,9634,1.795
4,9635,2.555
4,9636,2.289
4,9637,1.727
4,9638,2.807
4,9639,2.891
4,9640,2.688
4,9641,2.615
4,9642,1.888
4,9643,1.802
4,9644,2.442
4,9645,2.240
4,9646,1.902
4,9647,2.707
4,9648,2.451
4,9649,2.228
4,9650,3.155
4,9651,6.082
4,9652,3.110
4,9653,2.067
4,9654,2.703
4,9655,2.221
4,9656,2.013
4,9657,3.789
4,9658,2.300
4,9659,3.273
4,9660,2.001
4,9661,1.682
4,9662,2.526
4,9663,2.854
4,9664,2.074
4,9665,2.254
4,9666,2.132
4,9667,2.543
4,9668,2.484
4,9669,2.501
4,9670,2.827
4,9671,2.537
4,9672,1.952
4,9673,1.837
4,9674,2.862
4,9675,2.068
4,9676,2.519
4,9677,3.384
4,9678,1.830
4,9679,2.142
4,9680,2.314
4,9681,2.079
4,9682,1.770
4,9683,2.491
4,9684,2.343
4,9685,1.909
4,9686,2.165
4,9687,1.966
4,9688,1.931
4,9689,2.409
4,9690,2.522
4,9691,2.072
4,9692,2.410
4,9693,2.180
4,9694,1.799
4,9695,2.232
4,9696,2.220
4,9697,1.944
4,9698,2.993
4,9699,2.579
4,9700,1.756
4,9701,1.707
4,9702,2.191
4,9703,2.088
4,9704,1.653
4,9705,2.367
4,9706,3.385
4,9707,2.689
4,9708,3.288
4,9709,2.316
4,9710,3.094
4,9711,2.443
4,9712,2.536
4,9713,2.510
4,9714,2.297
4,9715,2.179
4,9716,2.410
4,9717,1.886
4,9718,2.184
4,9719,2.677
4,9720,2.807
4,9721,2.311
4,9722,2.427
4,9723,2.116
4,9724,2.265
4,9725,2.753
4,9726,2.522
4,9727,3.289
4,9728,2.201
4,9729,2.224
4,9730,3.125
4,9731,2.516
4,9732,3.076
4,9733,3.360
4,9734,3.240
4,9735,3.125
4,9736,3.057
4,9737,3.057
4,9738,2.395
4,9739,3.271
4,9740,2.887
4,9741,3.031
4,9742,2.596
4,9743,1.959
4,9744,2.199
4,9745,2.036
4,9746,1.748
4,9747,1.650
4,9748,2.967
4,9749,2.226
4,9750,1.859
4,9751,2.213
4,9752,2.149
4,9753,2.002
4,9754,2.348
4,9755,1.995
4,9756,3.142
4,9757,2.430
4,9758,2.065
4,9759,1.749
4,9760,2.883
4,9761,2.107
4,9762,1.878
4,9763,3.315
4,9764,2.452
4,9765,1.673
4,9766,1.879
4,9767,2.071
4,9768,1.801
4,9769,1.750
4,9770,2.644
4,9771,2.238
4,9772,2.034
4,9773,2.818
4,9774,2.137
4,9775,2.182
4,9776,2.352
4,9777,2.248
4,9778,2.172
4,9779,2.513
4,9780,2.178
4,9781,2.370
4,9782,2.464
4,9783,1.859
4,9784,1.939
4,9785,2.638
4,9786,2.368
4,9787,2.253
4,9788,2.807
4,9789,3.036
4,9790,2.289
4,9791,3.555
4,9792,2.632
4,9793,2.769
4,9794,2.114
4,9795,2.269
4,9796,3.894
4,9797,2.302
4,9798,2.737
4,9799,4.070
4,9800,2.904
4,9801,2.282
4,9802,2.659
4,9803,2.437
4,9804,1.984
4,9805,1.586
4,9806,2.166
4,9807,2.003
4,9808,2.562
4,9809,2.429
4,9810,2.502
4,9811,1.703
4,9812,2.354
4,9813,2.223
4,9814,1.718
4,9815,1.794
4,9816,2.345
4,9817,2.468
4,9818,2.364
4,9819,2.063
4,9820,1.733
4,9821,1.653
4,9822,2.882
4,9823,2.687
4,9824,2.257
4,9825,2.285
4,9826,2.475
4,9827,1.839
4,9828,2.211
4,9829,1.871
4,9830,2.018
4,9831,2.425
4,9832,1.974
4,9833,1.649
4,9834,1.618
4,9835,3.129
4,9836,2.314
4,9837,2.734
4,9838,2.644
4,9839,2.914
4,9840,2.546
4,9841,2.105
4,9842,2.712
4,9843,3.898
4,9844,2.210
4,9845,2.681
4,9846,2.225
4,9847,2.231
4,9848,2.194
4,9849,2.625
4,9850,2.479
4,9851,2.642
4,9852,2.134
4,9853,1.818
4,9854,2.435
4,9855,2.541
4,9856,2.735
4,9857,3.170
4,9858,2.322
4,9859,2.741
4,9860,2.408
4,9861,2.032
4,9862,2.620
4,9863,2.725
4,9864,2.499
4,9865,2.775
4,9866,2.141
4,9867,2.203
4,9868,2.895
4,9869,2.158
4,9870,1.829
4,9871,3.457
4,9872,2.554
4,9873,1.914
4,9874,2.078
4,9875,2.272
4,9876,2.416
4,9877,2.418
4,9878,2.064
4,9879,1.969
4,9880,2.778
4,9881,2.037
4,9882,2.537
4,9883,2.400
4,9884,2.130
4,9885,1.879
4,9886,2.208
4,9887,2.361
4,9888,3.071
4,9889,2.956
4,9890,2.257
4,9891,2.947
4,9892,2.541
4,9893,1.805
4,9894,1.795
4,9895,2.553
4,9896,2.128
4,9897,2.386
4,9898,2.438
4,9899,2.180
4,9900,2.155
4,9901,3.539
4,9902,2.514
4,9903,2.708
4,9904,2.065
4,9905,1.978
4,9906,2.275
4,9907,2.302
4,9908,2.636
4,9909,3.394
4,9910,2.445
4,9911,2.181
4,9912,2.277
4,9913,2.009
4,9914,2.114
4,9915,3.182
4,9916,2.827
4,9917,3.542
4,9918,2.972
4,9919,3.008
4,9920,2.929
4,9921,3.108
4,9922,3.057
4,9923,3.871
4,9924,3.560
4,9925,3.099
4,9926,3.168
4,9927,2.643
4,9928,2.976
4,9929,2.645
4,9930,3.000
4,9931,2.516
4,9932,2.152
4,9933,2.802
4,9934,2.493
4,9935,2.601
4,9936,3.542
4,9937,3.300
4,9938,2.992
4,9939,2.698
4,9940,3.391
4,9941,3.378
4,9942,3.155
4,9943,2.341
4,9944,2.360
4,9945,2.629
4,9946,2.493
4,9947,3.110
4,9948,2.925
4,9949,2.413
4,9950,2.365
4,9951,2.157
4,9952,1.743
4,9953,1.630
4,9954,2.769
4,9955,2.347
4,9956,2.561
4,9957,2.872
4,9958,2.154
4,9959,2.279
4,9960,2.719
4,9961,2.187
4,9962,2.642
4,9963,2.115
4,9964,2.902
4,9965,2.660
4,9966,3.063
4,9967,2.594
4,9968,2.516
4,9969,2.091
4,9970,2.359
4,9971,2.630
4,9972,2.952
4,9973,2.732
4,9974,2.363
4,9975,2.543
4,9976,3.263
4,9977,2.189
4,9978,3.678
4,9979,2.557
4,9980,2.395
4,9981,2.784
4,9982,2.094
4,9983,2.930
4,9984,2.781
4,9985,2.918
4,9986,2.784
4,9987,2.383
4,9988,2.603
4,9989,2.341
4,9990,2.552
4,9991,2.915
4,9992,2.579
4,9993,2.584
4,9994,2.724
4,9995,2.451
4,9996,3.111
4,9997,2.450
4,9998,2.423
4,9999,3.651
4,10000,2.406
4,10001,2.895
4,10002,2.844
4,10003,2.416
4,10004,2.764
4,10005,2.881
4,10006,2.773
4,10007,2.556
4,10008,3.304
4,10009,3.093
4,10010,2.271
4,10011,2.985
4,10012,2.764
4,10013,2.576
4,10014,3.349
4,10015,3.295
4,10016,3.620
4,10017,3.319
4,10018,2.567
4,10019,2.888
4,10020,3.049
4,10021,2.897
4,10022,2.871
4,10023,3.579
4,10024,2.863
4,10025,3.580
4,10026,2.369
4,10027,2.516
4,10028,2.453
4,10029,3.351
4,10030,3.300
4,10031,2.921
4,10032,3.444
4,10033,2.982
4,10034,3.396
4,10035,3.658
4,10036,3.412
4,10037,2.431
4,10038,2.474
4,10039,2.769
4,10040,2.666
4,10041,3.090
4,10042,2.636
4,10043,2.805
4,10044,3.981
4,10045,3.457
4,10046,2.783
4,10047,2.587
4,10048,2.719
4,10049,2.461
4,10050,1.991
4,10051,2.618
4,10052,2.987
4,10053,2.882
4,10054,2.696
4,10055,2.167
4,10056,2.373
4,10057,2.310
4,10058,2.394
4,10059,2.321
4,10060,2.037
4,10061,1.874
4,10062,2.740
4,10063,2.072
4,10064,1.822
4,10065,2.364
4,10066,2.908
4,10067,2.134
4,10068,2.493
4,10069,2.124
4,10070,2.226
4,10071,1.805
4,10072,3.373
4,10073,2.060
4,10074,2.704
4,10075,2.221
4,10076,1.664
4,10077,1.599
4,10078,3.552
4,10079,2.324
4,10080,2.228
4,10081,1.985
4,10082,1.886
4,10083,2.072
4,10084,2.321
4,10085,1.812
4,10086,2.491
4,10087,4.774
4,10088,3.348
4,10089,2.678
4,10090,2.820
4,10091,2.892
4,10092,3.672
4,10093,3.319
4,10094,2.717
4,10095,2.786
4,10096,4.879
4,10097,3.463
4,10098,2.943
4,10099,5.183
4,10100,4.234
4,10101,3.307
4,10102,3.769
4,10103,2.424
4,10104,2.334
4,10105,2.795
4,10106,2.122
4,10107,2.031
4,10108,1.967
4,10109,2.551
4,10110,2.031
4,10111,2.653
4,10112,2.220
4,10113,1.843
4,10114,2.027
4,10115,2.090
4,10116,1.696
4,10117,2.437
4,10118,2.582
4,10119,2.464
4,10120,1.779
4,10121,2.697
4,10122,2.228
4,10123,2.195
4,10124,2.834
4,10125,2.533
4,10126,1.853
4,10127,2.386
4,10128,1.993
4,10129,2.158
4,10130,2.341
4,10131,2.603
4,10132,5.979
4,10133,2.914
4,10134,2.497
4,10135,2.128
4,10136,1.775
4,10137,2.669
4,10138,2.194
4,10139,2.161
4,10140,2.406
4,10141,2.616
4,10142,2.228
4,10143,3.104
4,10144,2.801
4,10145,3.026
4,10146,3.323
4,10147,2.900
4,10148,3.467
4,10149,3.479
4,10150,3.018
4,10151,2.481
4,10152,2.870
4,10153,2.739
4,10154,2.693
4,10155,2.813
4,10156,2.567
4,10157,2.684
4,10158,2.311
4,10159,2.122
4,10160,3.172
4,10161,2.471
4,10162,2.329
4,10163,2.602
4,10164,2.309
4,10165,2.323
4,10166,2.532
4,10167,2.894
4,10168,2.621
4,10169,2.084
4,10170,1.690
4,10171,1.595
4,10172,2.945
4,10173,2.337
4,10174,2.419
4,10175,2.745
4,10176,2.032
4,10177,2.293
4,10178,2.378
4,10179,1.950
4,10180,1.923
4,10181,2.624
4,10182,2.616
4,10183,3.270
4,10184,2.632
4,10185,2.652
4,10186,3.112
4,10187,3.013
4,10188,2.944
4,10189,2.860
4,10190,2.265
4,10191,2.601
4,10192,2.694
4,10193,2.879
4,10194,2.397
4,10195,2.406
4,10196,3.296
4,10197,2.272
4,10198,2.973
4,10199,4.252
4,10200,3.215
4,10201,2.494
4,10202,2.698
4,10203,3.126
4,10204,3.002
4,10205,3.079
4,10206,3.338
4,10207,3.805
4,10208,5.307
4,10209,2.968
4,10210,2.337
4,10211,2.882
4,10212,2.613
4,10213,2.666
4,10214,2.780
4,10215,2.264
4,10216,2.820
4,10217,2.808
4,10218,2.218
4,10219,3.301
4,10220,2.564
4,10221,4.022
4,10222,2.996
4,10223,2.904
4,10224,3.108
4,10225,2.891
4,10226,3.021
4,10227,2.835
4,10228,3.643
4,10229,3.074
4,10230,3.376
4,10231,2.568
4,10232,2.419
4,10233,2.861
4,10234,3.023
4,10235,3.060
4,10236,2.517
4,10237,2.911
4,10238,2.797
4,10239,2.713
4,10240,3.274
4,10241,3.132
4,10242,2.835
4,10243,3.109
4,10244,2.466
4,10245,3.003
4,10246,2.446
4,10247,2.285
4,10248,2.321
4,10249,1.990
4,10250,2.171
4,10251,3.144
4,10252,3.724
4,10253,5.513
4,10254,2.929
4,10255,2.432
4,10256,2.159
4,10257,3.449
4,10258,2.437
4,10259,2.815
4,10260,3.435
4,10261,3.186
4,10262,3.260
4,10263,3.759
4,10264,2.652
4,10265,2.246
4,10266,3.876
4,10267,2.886
4,10268,2.730
4,10269,2.924
4,10270,2.331
4,10271,2.574
4,10272,2.651
4,10273,2.802
4,10274,2.961
4,10275,1.924
4,10276,2.604
4,10277,2.251
4,10278,2.012
4,10279,2.409
4,10280,2.545
4,10281,2.149
4,10282,2.987
4,10283,2.693
4,10284,2.436
4,10285,3.368
4,10286,2.898
4,10287,2.847
4,10288,2.375
4,10289,2.567
4,10290,4.005
4,10291,2.883
4,10292,3.054
4,10293,2.364
4,10294,2.810
4,10295,2.850
4,10296,3.731
4,10297,3.110
4,10298,2.193
4,10299,3.046
4,10300,2.420
4,10301,2.152
4,10302,2.641
4,10303,3.072
4,10304,2.626
4,10305,2.609
4,10306,2.085
4,10307,2.762
4,10308,3.542
4,10309,3.402
4,10310,2.762
4,10311,2.908
4,10312,2.615
4,10313,2.611
4,10314,4.546
4,10315,3.858
4,10316,3.032
4,10317,2.428
4,10318,3.044
4,10319,2.620
4,10320,2.693
4,10321,3.167
4,10322,2.243
4,10323,2.559
4,10324,2.879
4,10325,2.440
4,10326,2.792
4,10327,2.546
4,10328,3.791
4,10329,2.813
4,10330,3.187
4,10331,3.070
4,10332,3.268
4,10333,2.867
4,10334,2.826
4,10335,2.974
4,10336,3.529
4,10337,3.520
4,10338,2.398
4,10339,1.944
4,10340,3.524
4,10341,2.419
4,10342,2.124
4,10343,2.484
4,10344,1.845
4,10345,2.391
4,10346,3.022
4,10347,2.742
4,10348,3.013
4,10349,2.574
4,10350,2.767
4,10351,2.479
4,10352,2.153
4,10353,2.547
4,10354,2.634
4,10355,1.842
4,10356,1.924
4,10357,2.238
4,10358,2.002
4,10359,1.929
4,10360,2.494
4,10361,2.048
4,10362,2.421
4,10363,2.867
4,10364,2.230
4,10365,1.608
4,10366,2.305
4,10367,3.116
4,10368,2.417
4,10369,3.043
4,10370,2.238
4,10371,2.617
4,10372,2.339
4,10373,3.160
4,10374,3.147
4,10375,2.384
4,10376,3.100
4,10377,2.804
4,10378,2.860
4,10379,2.635
4,10380,2.485
4,10381,2.517
4,10382,2.675
4,10383,3.033
4,10384,2.789
4,10385,2.473
4,10386,2.045
4,10387,2.594
4,10388,1.934
4,10389,1.971
4,10390,3.464
4,10391,2.483
4,10392,2.537
4,10393,2.652
4,10394,1.760
4,10395,2.128
4,10396,2.945
4,10397,3.159
4,10398,2.658
4,10399,2.071
4,10400,1.637
4,10401,2.479
4,10402,2.245
4,10403,1.726
4,10404,2.503
4,10405,2.634
4,10406,2.147
4,10407,2.365
4,10408,2.086
4,10409,1.652
4,10410,1.864
4,10411,2.537
4,10412,2.717
4,10413,2.424
4,10414,2.025
4,10415,2.150
4,10416,1.883
4,10417,2.753
4,10418,2.350
4,10419,2.690
4,10420,2.494
4,10421,2.984
4,10422,2.486
4,10423,2.265
4,10424,1.903
4,10425,2.854
4,10426,2.045
4,10427,1.801
4,10428,2.129
4,10429,2.603
4,10430,1.759
4,10431,1.919
4,10432,2.415
4,10433,1.926
4,10434,1.592
4,10435,1.942
4,10436,1.817
4,10437,1.932
4,10438,2.847
4,10439,2.596
4,10440,2.547
4,10441,2.858
4,10442,2.402
4,10443,2.383
4,10444,2.807
4,10445,3.615
4,10446,3.202
4,10447,3.409
4,10448,2.856
4,10449,2.334
4,10450,2.524
4,10451,3.183
4,10452,2.404
4,10453,2.523
4,10454,2.393
4,10455,2.281
4,10456,2.987
4,10457,2.445
4,10458,3.055
4,10459,2.690
4,10460,2.263
4,10461,2.602
4,10462,2.759
4,10463,2.599
4,10464,2.512
4,10465,2.834
4,10466,2.383
4,10467,2.572
4,10468,2.515
4,10469,2.744
4,10470,2.526
4,10471,2.412
4,10472,4.040
4,10473,2.496
4,10474,2.959
4,10475,3.020
4,10476,2.572
4,10477,2.536
4,10478,3.133
4,10479,2.913
4,10480,4.177
4,10481,3.306
4,10482,2.857
4,10483,4.089
4,10484,3.465
4,10485,4.083
4,10486,3.844
4,10487,3.012
4,10488,4.272
4,10489,3.178
4,10490,3.913
4,10491,3.259
4,10492,4.456
4,10493,3.702
4,10494,4.210
4,10495,3.823
4,10496,4.667
4,10497,5.460
4,10498,4.313
4,10499,3.870
4,10500,4.425
4,10501,5.391
4,10502,3.516
4,10503,4.394
4,10504,3.033
4,10505,3.521
4,10506,3.010
4,10507,3.991
4,10508,3.473
4,10509,4.212
4,10510,3.876
4,10511,3.016
4,10512,3.692
4,10513,4.483
4,10514,3.780
4,10515,3.340
4,10516,3.908
4,10517,3.648
4,10518,4.009
4,10519,3.230
4,10520,4.008
4,10521,3.518
4,10522,2.749
4,10523,2.925
4,10524,2.499
4,10525,2.675
4,10526,2.758
4,10527,5.676
4,10528,5.307
4,10529,3.657
4,10530,4.931
4,10531,4.429
4,10532,6.304
4,10533,4.006
4,10534,4.167
4,10535,3.370
4,10536,4.066
4,10537,3.098
4,10538,4.069
4,10539,4.041
4,10540,2.899
4,10541,3.467
4,10542,4.337
4,10543,3.923
4,10544,4.481
4,10545,3.323
4,10546,3.753
4,10547,2.530
4,10548,2.665
4,10549,2.579
4,10550,1.907
4,10551,2.360
4,10552,2.413
4,10553,2.907
4,10554,2.945
4,10555,2.971
4,10556,3.385
4,10557,3.344
4,10558,4.231
4,10559,3.497
4,10560,4.209
4,10561,3.211
4,10562,2.966
4,10563,4.347
4,10564,5.081
4,10565,5.060
4,10566,4.905
4,10567,4.135
4,10568,3.902
4,10569,4.308
4,10570,3.285
4,10571,3.147
4,10572,4.200
4,10573,6.115
4,10574,3.677
4,10575,5.646
4,10576,4.298
4,10577,3.346
4,10578,3.221
4,10579,3.135
4,10580,3.187
4,10581,3.535
4,10582,3.614
4,10583,4.394
4,10584,4.386
4,10585,3.793
4,10586,4.216
4,10587,3.689
4,10588,3.669
4,10589,3.896
4,10590,4.104
4,10591,3.560
4,10592,3.822
4,10593,3.499
4,10594,5.572
4,10595,4.808
4,10596,6.893
4,10597,5.207
4,10598,4.633
4,10599,3.729
4,10600,3.747
4,10601,3.466
4,10602,3.937
4,10603,3.686
4,10604,4.345
4,10605,4.091
4,10606,3.454
4,10607,3.645
4,10608,4.343
4,10609,4.807
4,10610,5.157
4,10611,4.090
4,10612,4.835
4,10613,4.635
4,10614,4.688
4,10615,3.787
4,10616,3.729
4,10617,3.369
4,10618,3.364
4,10619,4.568
4,10620,3.538
4,10621,3.210
4,10622,3.233
4,10623,3.835
4,10624,4.499
4,10625,3.323
4,10626,3.968
4,10627,4.142
4,10628,7.768
4,10629,5.989
4,10630,6.236
4,10631,5.646
4,10632,4.631
4,10633,3.753
4,10634,5.041
4,10635,4.739
4,10636,4.040
4,10637,3.791
4,10638,3.190
4,10639,3.352
4,10640,3.611
4,10641,4.766
4,10642,4.078
4,10643,4.356
4,10644,4.894
4,10645,3.682
4,10646,3.509
4,10647,3.443
4,10648,5.132
4,10649,5.621
4,10650,6.093
4,10651,5.777
4,10652,4.326
4,10653,5.248
4,10654,7.828
4,10655,6.021
4,10656,6.830
4,10657,6.069
4,10658,5.678
4,10659,6.252
4,10660,6.146
4,10661,6.311
4,10662,5.342
4,10663,4.699
4,10664,4.692
4,10665,4.593
4,10666,4.200
4,10667,4.315
4,10668,4.882
4,10669,3.805
4,10670,4.134
4,10671,5.143
4,10672,2.978
4,10673,4.246
4,10674,3.075
4,10675,4.719
4,10676,4.191
4,10677,4.145
4,10678,4.173
4,10679,3.188
4,10680,4.045
4,10681,3.444
4,10682,3.832
4,10683,2.925
4,10684,3.037
4,10685,2.707
4,10686,3.012
4,10687,2.826
4,10688,2.283
4,10689,2.399
4,10690,2.638
4,10691,2.780
4,10692,3.460
4,10693,2.495
4,10694,2.988
4,10695,2.136
4,10696,3.537
4,10697,2.593
4,10698,2.163
4,10699,2.621
4,10700,2.319
4,10701,2.933
4,10702,2.605
4,10703,2.396
4,10704,2.821
4,10705,2.516
4,10706,2.391
4,10707,2.463
4,10708,2.988
4,10709,2.624
4,10710,3.062
4,10711,2.307
4,10712,2.792
4,10713,2.484
4,10714,2.578
4,10715,2.952
4,10716,2.561
4,10717,2.189
4,10718,3.210
4,10719,2.468
4,10720,3.555
4,10721,2.823
4,10722,2.564
4,10723,2.520
4,10724,2.437
4,10725,3.388
4,10726,5.414
4,10727,3.644
4,10728,3.564
4,10729,5.398
4,10730,3.323
4,10731,2.639
4,10732,3.058
4,10733,3.232
4,10734,3.266
4,10735,2.881
4,10736,4.817
4,10737,3.368
4,10738,2.154
4,10739,2.785
4,10740,2.345
4,10741,2.902
4,10742,2.577
4,10743,1.917
4,10744,2.910
4,10745,3.245
4,10746,2.570
4,10747,2.384
4,10748,2.246
4,10749,2.454
4,10750,2.224
4,10751,2.487
4,10752,2.468
4,10753,2.512
4,10754,2.029
4,10755,2.561
4,10756,2.484
4,10757,2.481
4,10758,3.071
4,10759,2.174
4,10760,1.659
4,10761,2.276
4,10762,1.994
4,10763,1.856
4,10764,2.150
4,10765,3.047
4,10766,2.808
4,10767,2.430
4,10768,1.848
4,10769,1.610
4,10770,2.264
4,10771,2.314
4,10772,1.730
4,10773,2.737
4,10774,2.671
4,10775,1.963
4,10776,1.741
4,10777,2.025
4,10778,1.823
4,10779,1.762
4,10780,2.780
4,10781,3.095
4,10782,2.814
4,10783,2.671
4,10784,1.871
4,10785,2.474
4,10786,2.564
4,10787,2.432
4,10788,2.494
4,10789,2.443
4,10790,1.644
4,10791,1.893
4,10792,3.007
4,10793,2.249
4,10794,2.558
4,10795,2.519
4,10796,2.189
4,10797,2.778
4,10798,2.379
4,10799,1.954
4,10800,4.274
4,10801,2.560
4,10802,3.339
4,10803,2.916
4,10804,2.412
4,10805,2.855
4,10806,2.735
4,10807,2.767
4,10808,2.192
4,10809,1.683
4,10810,3.176
4,10811,2.705
4,10812,2.305
4,10813,2.563
4,10814,2.245
4,10815,2.479
4,10816,3.165
4,10817,3.503
4,10818,4.062
4,10819,3.808
4,10820,3.080
4,10821,2.545
4,10822,3.838
4,10823,2.071
4,10824,2.518
4,10825,2.468
4,10826,1.949
4,10827,2.255
4,10828,2.610
4,10829,2.953
4,10830,2.396
4,10831,2.511
4,10832,2.500
4,10833,3.004
4,10834,2.515
4,10835,3.566
4,10836,3.435
4,10837,4.038
4,10838,2.237
4,10839,3.440
4,10840,4.244
4,10841,4.659
4,10842,3.239
4,10843,2.965
4,10844,2.564
4,10845,3.254
4,10846,2.770
4,10847,2.102
4,10848,2.594
4,10849,2.466
4,10850,2.470
4,10851,2.598
4,10852,2.749
4,10853,3.072
4,10854,2.523
4,10855,2.949
4,10856,2.976
4,10857,2.621
4,10858,2.613
4,10859,2.866
4,10860,2.558
4,10861,2.761
4,10862,2.275
4,10863,3.520
4,10864,2.974
4,10865,2.771
4,10866,3.081
4,10867,2.518
4,10868,2.971
4,10869,2.663
4,10870,2.878
4,10871,3.002
4,10872,2.558
4,10873,2.859
4,10874,2.601
4,10875,2.961
4,10876,2.502
4,10877,2.353
4,10878,3.195
4,10879,2.609
4,10880,2.227
4,10881,2.894
4,10882,2.479
4,10883,2.558
4,10884,3.973
4,10885,3.171
4,10886,2.789
4,10887,2.923
4,10888,3.921
4,10889,2.587
4,10890,3.306
4,10891,2.896
4,10892,2.984
4,10893,2.908
4,10894,2.906
4,10895,2.678
4,10896,2.516
4,10897,3.056
4,10898,2.576
4,10899,2.712
4,10900,3.000
4,10901,2.853
4,10902,3.034
4,10903,2.735
4,10904,2.600
4,10905,2.818
4,10906,2.487
4,10907,2.538
4,10908,2.424
4,10909,2.459
4,10910,4.068
4,10911,2.836
4,10912,3.044
4,10913,2.494
4,10914,2.263
4,10915,2.769
4,10916,3.168
4,10917,2.729
4,10918,2.499
4,10919,2.510
4,10920,2.811
4,10921,2.430
4,10922,3.437
4,10923,3.058
4,10924,2.556
4,10925,2.665
4,10926,2.092
4,10927,2.733
4,10928,4.037
4,10929,3.434
4,10930,2.615
4,10931,2.119
4,10932,2.269
4,10933,2.632
4,10934,2.566
4,10935,3.381
4,10936,2.987
4,10937,3.012
4,10938,3.130
4,10939,2.821
4,10940,3.635
4,10941,2.806
4,10942,3.102
4,10943,3.893
4,10944,2.792
4,10945,2.265
4,10946,2.106
4,10947,2.026
4,10948,2.120
4,10949,2.726
4,10950,2.305
4,10951,2.042
4,10952,3.344
4,10953,2.826
4,10954,2.708
4,10955,2.726
4,10956,2.973
4,10957,2.558
4,10958,2.680
4,10959,2.984
4,10960,3.547
4,10961,2.945
4,10962,4.179
4,10963,2.879
4,10964,2.754
4,10965,2.372
4,10966,3.464
4,10967,2.860
4,10968,3.617
4,10969,2.678
4,10970,3.012
4,10971,3.101
4,10972,2.896
4,10973,3.197
4,10974,3.224
4,10975,3.274
4,10976,2.894
4,10977,2.764
4,10978,2.572
4,10979,2.214
4,10980,3.071
4,10981,3.386
4,10982,2.833
4,10983,3.061
4,10984,1.927
4,10985,2.029
4,10986,2.915
4,10987,2.607
4,10988,2.461
4,10989,2.570
4,10990,2.135
4,10991,2.371
4,10992,1.940
4,10993,1.670
4,10994,1.755
4,10995,2.652
4,10996,2.417
4,10997,2.575
4,10998,2.466
4,10999,1.856
4,11000,2.055
4,11001,2.638
4,11002,2.084
4,11003,2.469
4,11004,2.411
4,11005,2.104
4,11006,1.803
4,11007,2.158
4,11008,1.935
4,11009,1.901
4,11010,3.769
4,11011,2.593
4,11012,2.214
4,11013,2.787
4,11014,2.017
4,11015,2.087
4,11016,2.882
4,11017,2.505
4,11018,2.788
4,11019,2.076
4,11020,1.661
4,11021,2.017
4,11022,1.948
4,11023,2.000
4,11024,2.787
4,11025,2.612
4,11026,2.635
4,11027,2.576
4,11028,2.150
4,11029,1.942
4,11030,2.792
4,11031,3.003
4,11032,2.574
4,11033,2.858
4,11034,3.125
4,11035,2.744
4,11036,3.651
4,11037,2.625
4,11038,2.805
4,11039,2.388
4,11040,2.294
4,11041,2.525
4,11042,2.770
4,11043,2.314
4,11044,1.918
4,11045,2.158
4,11046,2.221
4,11047,2.234
4,11048,1.655
4,11049,2.530
4,11050,2.492
4,11051,1.752
4,11052,1.627
4,11053,2.116
4,11054,1.971
4,11055,1.928
4,11056,3.646
4,11057,2.736
4,11058,2.517
4,11059,2.528
4,11060,1.905
4,11061,1.707
4,11062,2.103
4,11063,3.205
4,11064,2.839
4,11065,3.041
4,11066,2.318
4,11067,2.438
4,11068,1.883
4,11069,1.581
4,11070,3.642
4,11071,2.199
4,11072,1.613
4,11073,1.907
4,11074,2.032
4,11075,2.078
4,11076,2.176
4,11077,2.455
4,11078,2.706
4,11079,2.458
4,11080,2.380
4,11081,2.011
4,11082,2.100
4,11083,2.441
4,11084,2.276
4,11085,2.128
4,11086,3.031
4,11087,1.845
4,11088,2.538
4,11089,2.612
4,11090,2.701
4,11091,2.801
4,11092,2.493
4,11093,2.698
4,11094,3.327
4,11095,2.226
4,11096,3.468
4,11097,2.470
4,11098,2.522
4,11099,3.186
4,11100,2.046
4,11101,2.206
4,11102,2.916
4,11103,2.959
4,11104,3.219
4,11105,2.581
4,11106,3.725
4,11107,2.901
4,11108,2.905
4,11109,2.684
4,11110,2.699
4,11111,2.554
4,11112,2.303
4,11113,2.652
4,11114,2.564
4,11115,1.984
4,11116,1.778
4,11117,2.785
4,11118,3.236
4,11119,3.188
4,11120,2.354
4,11121,1.823
4,11122,2.443
4,11123,2.351
4,11124,1.788
4,11125,2.060
4,11126,2.189
4,11127,2.864
4,11128,2.303
4,11129,2.016
4,11130,1.788
4,11131,2.236
4,11132,2.175
4,11133,1.808
4,11134,2.106
4,11135,3.475
4,11136,2.086
4,11137,2.101
4,11138,2.894
4,11139,2.505
4,11140,3.238
4,11141,2.755
4,11142,3.570
4,11143,2.541
4,11144,2.469
4,11145,3.035
4,11146,3.729
4,11147,2.870
4,11148,2.714
4,11149,2.537
4,11150,3.323
4,11151,3.664
4,11152,2.829
4,11153,2.735
4,11154,3.174
4,11155,2.169
4,11156,2.912
4,11157,2.853
4,11158,2.029
4,11159,1.904
4,11160,2.560
4,11161,2.112
4,11162,2.084
4,11163,2.717
4,11164,1.933
4,11165,2.021
4,11166,2.106
4,11167,1.685
4,11168,1.500
4,11169,1.557
4,11170,3.359
4,11171,2.325
4,11172,2.310
4,11173,2.426
4,11174,2.110
4,11175,2.245
4,11176,2.095
4,11177,2.324
4,11178,2.211
4,11179,2.366
4,11180,2.043
4,11181,2.388
4,11182,2.437
4,11183,2.629
4,11184,4.377
4,11185,3.332
4,11186,2.734
4,11187,2.083
4,11188,1.739
4,11189,2.598
4,11190,2.499
4,11191,1.910
4,11192,2.793
4,11193,2.209
4,11194,1.861
4,11195,2.217
4,11196,2.484
4,11197,2.070
4,11198,3.181
4,11199,2.924
4,11200,2.156
4,11201,2.233
4,11202,1.911
4,11203,2.403
4,11204,2.524
4,11205,2.222
4,11206,1.662
4,11207,2.999
4,11208,2.250
4,11209,1.870
4,11210,2.464
4,11211,2.475
4,11212,2.386
4,11213,2.481
4,11214,2.350
4,11215,2.020
4,11216,2.615
4,11217,2.297
4,11218,2.098
4,11219,2.915
4,11220,2.576
4,11221,2.747
4,11222,2.454
4,11223,2.609
4,11224,2.699
4,11225,2.790
4,11226,2.203
4,11227,2.659
4,11228,3.701
4,11229,2.693
4,11230,2.116
4,11231,1.763
4,11232,2.157
4,11233,1.931
4,11234,1.646
4,11235,1.721
4,11236,3.722
4,11237,2.532
4,11238,2.754
4,11239,2.653
4,11240,2.453
4,11241,2.842
4,11242,3.909
4,11243,3.201
4,11244,3.295
4,11245,3.521
4,11246,2.171
4,11247,2.697
4,11248,2.893
4,11249,1.894
4,11250,1.810
4,11251,3.122
4,11252,1.990
4,11253,2.085
4,11254,2.505
4,11255,2.467
4,11256,2.537
4,11257,2.626
4,11258,2.245
4,11259,2.746
4,11260,3.098
4,11261,3.110
4,11262,4.940
4,11263,3.603
4,11264,2.387
4,11265,2.304
4,11266,2.214
4,11267,1.731
4,11268,1.518
4,11269,1.676
4,11270,2.452
4,11271,2.933
4,11272,2.618
4,11273,2.047
4,11274,2.004
4,11275,2.052
4,11276,1.899
4,11277,1.625
4,11278,1.946
4,11279,3.970
4,11280,2.270
4,11281,1.931
4,11282,2.057
4,11283,2.169
4,11284,2.146
4,11285,3.581
4,11286,2.417
4,11287,2.315
4,11288,2.271
4,11289,1.711
4,11290,1.568
4,11291,1.969
4,11292,2.445
4,11293,1.775
4,11294,2.122
4,11295,2.424
4,11296,1.881
4,11297,2.121
4,11298,2.586
4,11299,2.351
4,11300,2.195
4,11301,2.502
4,11302,2.060
4,11303,2.309
4,11304,2.095
4,11305,1.874
4,11306,2.375
4,11307,2.765
4,11308,3.037
4,11309,2.448
4,11310,2.827
4,11311,1.756
4,11312,1.963
4,11313,2.389
4,11314,2.578
4,11315,2.725
4,11316,2.779
4,11317,3.411
4,11318,3.302
4,11319,2.813
4,11320,3.529
4,11321,3.494
4,11322,2.331
4,11323,2.470
4,11324,2.374
4,11325,2.979
4,11326,2.113
4,11327,1.800
4,11328,2.120
4,11329,2.459
4,11330,2.092
4,11331,3.030
4,11332,2.999
4,11333,3.849
4,11334,2.689
4,11335,3.029
4,11336,3.008
4,11337,3.036
4,11338,2.977
4,11339,3.289
4,11340,3.268
4,11341,4.609
4,11342,3.076
4,11343,3.032
4,11344,2.565
4,11345,2.477
4,11346,3.098
4,11347,2.710
4,11348,2.584
4,11349,2.593
4,11350,3.074
4,11351,3.746
4,11352,3.942
4,11353,3.017
4,11354,3.079
4,11355,2.917
4,11356,3.851
4,11357,3.374
4,11358,2.878
4,11359,2.806
4,11360,2.851
4,11361,2.585
4,11362,2.835
4,11363,2.344
4,11364,2.049
4,11365,2.580
4,11366,2.499
4,11367,2.937
4,11368,2.868
4,11369,2.491
4,11370,2.792
4,11371,2.344
4,11372,2.783
4,11373,3.477
4,11374,3.082
4,11375,2.404
4,11376,2.428
4,11377,2.461
4,11378,2.964
4,11379,2.848
4,11380,3.113
4,11381,2.994
4,11382,3.164
4,11383,3.081
4,11384,2.875
4,11385,2.950
4,11386,2.591
4,11387,3.375
4,11388,2.623
4,11389,2.413
4,11390,2.922
4,11391,2.764
4,11392,3.047
4,11393,3.003
4,11394,3.282
4,11395,3.234
4,11396,3.003
4,11397,2.923
4,11398,2.398
4,11399,3.431
4,11400,2.772
4,11401,3.125
4,11402,2.801
4,11403,2.660
4,11404,3.060
4,11405,3.178
4,11406,3.621
4,11407,2.938
4,11408,3.036
4,11409,2.771
4,11410,2.958
4,11411,3.450
4,11412,2.875
4,11413,2.912
4,11414,2.743
4,11415,2.893
4,11416,2.893
4,11417,3.753
4,11418,2.772
4,11419,2.543
4,11420,3.003
4,11421,2.599
4,11422,2.716
4,11423,3.220
4,11424,2.647
4,11425,3.042
4,11426,2.252
4,11427,1.910
4,11428,3.292
4,11429,3.105
4,11430,2.958
4,11431,2.586
4,11432,2.612
4,11433,2.934
4,11434,2.720
4,11435,3.002
4,11436,3.050
4,11437,2.845
4,11438,3.458
4,11439,3.222
4,11440,3.197
4,11441,3.401
4,11442,3.028
4,11443,2.220
4,11444,2.984
4,11445,3.438
4,11446,4.619
4,11447,2.756
4,11448,3.436
4,11449,2.594
4,11450,2.147
4,11451,2.742
4,11452,2.239
4,11453,1.710
4,11454,2.312
4,11455,3.178
4,11456,3.042
4,11457,2.628
4,11458,2.478
4,11459,3.144
4,11460,2.808
4,11461,2.556
4,11462,2.197
4,11463,1.861
4,11464,1.660
4,11465,2.380
4,11466,1.947
4,11467,1.924
4,11468,3.172
4,11469,2.907
4,11470,2.337
4,11471,2.493
4,11472,2.184
4,11473,1.901
4,11474,3.537
4,11475,2.363
4,11476,3.721
4,11477,2.176
4,11478,2.018
4,11479,2.714
4,11480,2.351
4,11481,2.342
4,11482,2.270
4,11483,2.129
4,11484,2.176
4,11485,2.281
4,11486,2.547
4,11487,2.449
4,11488,3.094
4,11489,2.089
4,11490,2.828
4,11491,2.192
4,11492,2.069
4,11493,3.064
4,11494,2.157
4,11495,1.790
4,11496,2.219
4,11497,2.210
4,11498,2.023
4,11499,1.898
4,11500,2.572
4,11501,2.331
4,11502,2.202
4,11503,2.986
4,11504,1.992
4,11505,2.345
4,11506,2.829
4,11507,2.439
4,11508,2.303
4,11509,2.254
4,11510,1.916
4,11511,1.826
4,11512,2.036
4,11513,1.763
4,11514,2.811
4,11515,2.267
4,11516,1.783
4,11517,1.625
4,11518,1.943
4,11519,2.207
4,11520,1.901
4,11521,1.621
4,11522,2.903
4,11523,2.751
4,11524,2.320
4,11525,2.304
4,11526,1.800
4,11527,1.757
4,11528,2.461
4,11529,2.179
4,11530,5.250
4,11531,2.887
4,11532,2.004
4,11533,2.110
4,11534,2.433
4,11535,2.410
4,11536,2.601
4,11537,1.879
4,11538,1.822
4,11539,2.419
4,11540,2.126
4,11541,2.294
4,11542,2.678
4,11543,2.710
4,11544,3.102
4,11545,2.899
4,11546,2.609
4,11547,3.030
4,11548,2.342
4,11549,2.449
4,11550,2.309
4,11551,2.079
4,11552,2.707
4,11553,3.063
4,11554,2.620
4,11555,2.722
4,11556,3.294
4,11557,3.248
4,11558,3.239
4,11559,3.742
4,11560,2.783
4,11561,2.442
4,11562,2.792
4,11563,2.226
4,11564,2.517
4,11565,2.800
4,11566,2.818
4,11567,2.746
4,11568,2.191
4,11569,2.090
4,11570,2.616
4,11571,3.145
4,11572,2.963
4,11573,2.953
4,11574,2.256
4,11575,2.300
4,11576,2.336
4,11577,2.688
4,11578,2.223
4,11579,1.842
4,11580,1.770
4,11581,2.526
4,11582,2.217
4,11583,1.948
4,11584,3.139
4,11585,2.724
4,11586,2.448
4,11587,3.064
4,11588,2.190
4,11589,1.909
4,11590,2.153
4,11591,2.151
4,11592,2.188
4,11593,2.020
4,11594,1.851
4,11595,1.797
4,11596,1.836
4,11597,2.248
4,11598,1.698
4,11599,2.244
4,11600,2.563
4,11601,1.977
4,11602,1.672
4,11603,2.280
4,11604,2.331
4,11605,2.507
4,11606,2.439
4,11607,2.027
4,11608,1.619
4,11609,1.773
4,11610,2.115
4,11611,2.029
4,11612,1.623
4,11613,1.916
4,11614,3.828
4,11615,2.434
4,11616,2.621
4,11617,1.925
4,11618,1.708
4,11619,2.369
4,11620,2.121
4,11621,2.549
4,11622,2.329
5,1,2.470
5,2,1.701
5,3,2.318
5,4,2.244
5,5,2.290
5,6,2.643
5,7,2.702
5,8,1.688
5,9,2.526
5,10,2.087
5,11,1.934
5,12,2.283
5,13,2.276
5,14,2.111
5,15,2.442
5,16,1.940
5,17,1.667
5,18,1.543
5,19,1.974
5,20,2.139
5,21,1.877
5,22,2.183
5,23,2.995
5,24,2.541
5,25,2.323
5,26,2.219
5,27,2.199
5,28,2.557
5,29,2.107
5,30,1.829
5,31,1.822
5,32,2.362
5,33,2.076
5,34,1.698
5,35,2.628
5,36,2.236
5,37,2.167
5,38,2.471
5,39,2.038
5,40,2.075
5,41,2.223
5,42,2.656
5,43,2.405
5,44,2.847
5,45,3.465
5,46,2.376
5,47,2.370
5,48,2.088
5,49,2.859
5,50,3.220
5,51,1.978
5,52,2.201
5,53,1.933
5,54,2.581
5,55,3.809
5,56,2.490
5,57,2.509
5,58,2.073
5,59,1.608
5,60,1.538
5,61,2.171
5,62,2.262
5,63,2.088
5,64,1.957
5,65,1.871
5,66,1.795
5,67,2.070
5,68,2.456
5,69,2.466
5,70,3.026
5,71,2.911
5,72,2.130
5,73,2.297
5,74,2.108
5,75,2.721
5,76,2.620
5,77,2.400
5,78,2.906
5,79,3.486
5,80,2.191
5,81,3.012
5,82,2.531
5,83,2.472
5,84,2.336
5,85,2.441
5,86,2.343
5,87,2.492
5,88,2.490
5,89,2.658
5,90,2.676
5,91,2.423
5,92,3.052
5,93,3.152
5,94,5.333
5,95,2.989
5,96,2.646
5,97,2.984
5,98,2.934
5,99,2.848
5,100,2.691
5,101,2.778
5,102,2.471
5,103,3.687
5,104,3.101
5,105,2.328
5,106,3.182
5,107,2.739
5,108,2.606
5,109,3.443
5,110,2.356
5,111,2.760
5,112,2.692
5,113,2.758
5,114,2.433
5,115,3.115
5,116,2.784
5,117,1.961
5,118,3.104
5,119,3.374
5,120,3.708
5,121,2.947
5,122,2.820
5,123,3.085
5,124,2.310
5,125,4.755
5,126,3.045
5,127,3.748
5,128,2.974
5,129,2.905
5,130,2.730
5,131,2.755
5,132,2.244
5,133,1.715
5,134,1.584
5,135,2.415
5,136,2.214
5,137,1.759
5,138,2.461
5,139,2.539
5,140,2.222
5,141,2.711
5,142,2.241
5,143,2.820
5,144,3.286
5,145,3.853
5,146,2.984
5,147,2.769
5,148,2.953
5,149,2.804
5,150,2.907
5,151,3.017
5,152,1.750
5,153,1.963
5,154,2.370
5,155,2.513
5,156,2.766
5,157,2.049
5,158,1.829
5,159,2.133
5,160,1.998
5,161,1.622
5,162,1.582
5,163,2.318
5,164,2.393
5,165,2.251
5,166,2.054
5,167,1.856
5,168,1.627
5,169,1.665
5,170,2.486
5,171,2.635
5,172,1.971
5,173,1.929
5,174,2.667
5,175,1.795
5,176,1.745
5,177,1.739
5,178,2.173
5,179,2.342
5,180,2.839
5,181,1.950
5,182,2.231
5,183,2.528
5,184,1.964
5,185,2.099
5,186,3.340
5,187,3.242
5,188,2.551
5,189,2.399
5,190,1.906
5,191,2.158
5,192,2.210
5,193,2.165
5,194,1.953
5,195,2.095
5,196,2.316
5,197,2.955
5,198,2.113
5,199,2.234
5,200,2.545
5,201,2.162
5,202,1.726
5,203,1.589
5,204,2.031
5,205,2.410
5,206,1.677
5,207,1.905
5,208,2.025
5,209,1.982
5,210,2.242
5,211,3.154
5,212,2.024
5,213,2.944
5,214,2.810
5,215,2.517
5,216,2.783
5,217,2.810
5,218,2.546
5,219,2.184
5,220,2.531
5,221,2.170
5,222,2.189
5,223,1.594
5,224,1.525
5,225,1.756
5,226,1.925
5,227,1.911
5,228,2.455
5,229,3.053
5,230,2.005
5,231,2.612
5,232,2.496
5,233,2.268
5,234,2.520
5,235,2.907
5,236,2.475
5,237,2.362
5,238,1.842
5,239,1.746
5,240,2.087
5,241,2.491
5,242,2.532
5,243,3.166
5,244,3.266
5,245,3.050
5,246,2.852
5,247,3.072
5,248,3.082
5,249,3.076
5,250,3.871
5,251,3.144
5,252,3.564
5,253,3.718
5,254,4.166
5,255,3.577
5,256,3.304
5,257,3.664
5,258,3.096
5,259,2.652
5,260,3.079
5,261,4.505
5,262,3.093
5,263,2.217
5,264,2.515
5,265,2.657
5,266,2.452
5,267,3.394
5,268,2.713
5,269,2.687
5,270,2.524
5,271,2.223
5,272,2.550
5,273,2.957
5,274,2.866
5,275,2.697
5,276,2.565
5,277,2.560
5,278,2.446
5,279,2.841
5,280,2.888
5,281,3.013
5,282,2.389
5,283,2.507
5,284,2.570
5,285,3.251
5,286,2.690
5,287,3.869
5,288,3.136
5,289,2.603
5,290,3.262
5,291,2.552
5,292,2.575
5,293,2.297
5,294,2.426
5,295,2.750
5,296,2.493
5,297,2.855
5,298,2.803
5,299,2.308
5,300,2.729
5,301,2.599
5,302,3.535
5,303,2.584
5,304,2.311
5,305,2.716
5,306,2.478
5,307,3.013
5,308,3.686
5,309,2.485
5,310,2.887
5,311,2.384
5,312,2.572
5,313,3.055
5,314,2.790
5,315,2.597
5,316,2.652
5,317,2.438
5,318,2.434
5,319,2.596
5,320,3.015
5,321,2.800
5,322,2.262
5,323,2.561
5,324,2.451
5,325,2.435
5,326,2.778
5,327,2.245
5,328,2.677
5,329,2.326
5,330,2.074
5,331,1.982
5,332,2.865
5,333,2.570
5,334,2.497
5,335,3.461
5,336,2.422
5,337,3.024
5,338,2.376
5,339,2.418
5,340,2.515
5,341,2.067
5,342,2.260
5,343,2.325
5,344,2.545
5,345,2.671
5,346,2.778
5,347,2.159
5,348,2.719
5,349,2.571
5,350,1.680
5,351,2.373
5,352,2.383
5,353,1.994
5,354,2.306
5,355,3.646
5,356,3.260
5,357,2.544
5,358,2.373
5,359,2.491
5,360,2.553
5,361,2.180
5,362,3.244
5,363,3.237
5,364,3.070
5,365,2.832
5,366,3.005
5,367,2.794
5,368,3.042
5,369,3.520
5,370,3.720
5,371,2.928
5,372,2.794
5,373,3.306
5,374,2.886
5,375,3.571
5,376,3.048
5,377,3.307
5,378,3.120
5,379,2.998
5,380,3.282
5,381,4.313
5,382,3.634
5,383,3.616
5,384,3.061
5,385,3.518
5,386,3.231
5,387,3.329
5,388,3.477
5,389,3.637
5,390,3.647
5,391,3.989
5,392,4.017
5,393,3.255
5,394,2.790
5,395,3.497
5,396,2.916
5,397,3.356
5,398,2.602
5,399,2.122
5,400,2.684
5,401,2.868
5,402,2.320
5,403,3.622
5,404,3.245
5,405,2.723
5,406,3.501
5,407,3.011
5,408,4.823
5,409,3.205
5,410,3.282
5,411,3.605
5,412,3.408
5,413,2.970
5,414,2.118
5,415,1.966
5,416,2.231
5,417,2.437
5,418,2.624
5,419,3.061
5,420,3.368
5,421,2.379
5,422,2.435
5,423,1.909
5,424,2.996
5,425,3.057
5,426,2.213
5,427,2.288
5,428,2.037
5,429,2.289
5,430,2.616
5,431,2.625
5,432,1.937
5,433,2.548
5,434,1.975
5,435,1.669
5,436,1.633
5,437,2.573
5,438,3.708
5,439,3.300
5,440,1.991
5,441,2.322
5,442,2.557
5,443,1.987
5,444,3.252
5,445,2.573
5,446,1.975
5,447,2.157
5,448,2.282
5,449,2.826
5,450,7.481
5,451,5.611
5,452,5.254
5,453,4.418
5,454,3.842
5,455,4.636
5,456,3.794
5,457,4.209
5,458,3.495
5,459,3.930
5,460,4.814
5,461,4.921
5,462,4.206
5,463,4.228
5,464,4.111
5,465,3.937
5,466,4.121
5,467,7.507
5,468,5.320
5,469,3.995
5,470,2.697
5,471,2.823
5,472,3.403
5,473,4.439
5,474,6.887
5,475,5.274
5,476,6.783
5,477,3.374
5,478,2.957
5,479,3.210
5,480,3.216
5,481,4.506
5,482,2.470
5,483,2.921
5,484,2.447
5,485,2.408
5,486,2.634
5,487,2.529
5,488,2.514
5,489,2.249
5,490,1.841
5,491,1.841
5,492,2.349
5,493,2.405
5,494,2.378
5,495,2.868
5,496,2.416
5,497,2.968
5,498,2.459
5,499,2.279
5,500,3.612
5,501,2.184
5,502,2.631
5,503,2.667
5,504,2.564
5,505,3.340
5,506,2.527
5,507,2.450
5,508,3.539
5,509,3.169
5,510,3.390
5,511,3.000
5,512,2.669
5,513,2.771
5,514,3.004
5,515,3.626
5,516,3.893
5,517,2.846
5,518,2.665
5,519,2.994
5,520,2.481
5,521,3.415
5,522,2.782
5,523,2.504
5,524,2.910
5,525,2.364
5,526,2.404
5,527,2.829
5,528,3.269
5,529,3.014
5,530,3.577
5,531,3.242
5,532,2.952
5,533,3.706
5,534,3.531
5,535,2.825
5,536,2.962
5,537,3.162
5,538,2.822
5,539,2.373
5,540,3.003
5,541,2.661
5,542,3.112
5,543,2.767
5,544,2.713
5,545,2.772
5,546,2.767
5,547,2.691
5,548,3.143
5,549,2.583
5,550,2.951
5,551,2.898
5,552,4.066
5,553,3.338
5,554,3.811
5,555,2.986
5,556,2.921
5,557,3.267
5,558,3.589
5,559,2.766
5,560,2.986
5,561,2.650
5,562,2.351
5,563,3.527
5,564,2.848
5,565,2.749
5,566,2.627
5,567,2.160
5,568,2.778
5,569,2.809
5,570,2.379
5,571,2.132
5,572,2.009
5,573,1.623
5,574,2.156
5,575,1.816
5,576,1.634
5,577,2.447
5,578,3.138
5,579,3.402
5,580,3.570
5,581,2.414
5,582,2.478
5,583,2.269
5,584,2.319
5,585,1.963
5,586,1.742
5,587,1.615
5,588,1.608
5,589,2.114
5,590,2.744
5,591,2.138
5,592,1.917
5,593,2.049
5,594,1.899
5,595,1.667
5,596,2.401
5,597,1.854
5,598,1.956
5,599,2.394
5,600,1.975
5,601,1.522
5,602,1.679
5,603,1.692
5,604,1.701
5,605,1.849
5,606,1.554
5,607,2.158
5,608,2.034
5,609,1.833
5,610,2.409
5,611,2.494
5,612,2.065
5,613,2.131
5,614,2.486
5,615,2.141
5,616,2.042
5,617,2.024
5,618,1.662
5,619,1.876
5,620,2.007
5,621,2.107
5,622,2.045
5,623,1.842
5,624,2.186
5,625,2.060
5,626,1.725
5,627,2.012
5,628,2.119
5,629,2.009
5,630,2.713
5,631,2.083
5,632,1.737
5,633,2.252
5,634,2.308
5,635,1.750
5,636,1.970
5,637,2.666
5,638,2.726
5,639,3.369
5,640,2.368
5,641,1.761
5,642,1.759
5,643,2.713
5,644,2.543
5,645,1.933
5,646,1.907
5,647,2.049
5,648,1.841
5,649,1.763
5,650,1.724
5,651,1.541
5,652,2.037
5,653,2.580
5,654,1.728
5,655,1.512
5,656,1.508
5,657,2.173
5,658,2.100
5,659,1.705
5,660,1.725
5,661,2.384
5,662,2.835
5,663,2.257
5,664,2.008
5,665,1.720
5,666,1.564
5,667,1.855
5,668,2.149
5,669,1.750
5,670,1.970
5,671,3.334
5,672,2.308
5,673,2.086
5,674,2.179
5,675,1.791
5,676,1.913
5,677,2.388
5,678,1.889
5,679,4.895
5,680,3.246
5,681,2.900
5,682,2.628
5,683,2.382
5,684,3.064
5,685,2.991
5,686,3.245
5,687,3.504
5,688,3.827
5,689,5.468
5,690,3.861
5,691,4.680
5,692,6.172
5,693,4.656
5,694,4.527
5,695,2.463
5,696,2.590
5,697,2.256
5,698,2.011
5,699,2.598
5,700,2.879
5,701,2.808
5,702,2.942
5,703,2.238
5,704,2.321
5,705,2.191
5,706,2.311
5,707,2.504
5,708,2.974
5,709,2.094
5,710,2.118
5,711,2.236
5,712,2.567
5,713,2.892
5,714,2.302
5,715,3.126
5,716,3.501
5,717,2.454
5,718,3.407
5,719,2.288
5,720,2.744
5,721,3.249
5,722,2.154
5,723,2.538
5,724,3.657
5,725,2.329
5,726,2.394
5,727,2.410
5,728,2.668
5,729,2.317
5,730,2.519
5,731,3.109
5,732,2.616
5,733,2.534
5,734,2.747
5,735,2.933
5,736,4.345
5,737,3.515
5,738,3.049
5,739,2.558
5,740,2.941
5,741,3.829
5,742,2.823
5,743,2.576
5,744,2.226
5,745,2.672
5,746,2.457
5,747,2.626
5,748,3.065
5,749,2.225
5,750,2.520
5,751,2.473
5,752,2.788
5,753,3.060
5,754,2.256
5,755,2.637
5,756,2.810
5,757,2.440
5,758,2.418
5,759,2.618
5,760,2.461
5,761,2.701
5,762,2.661
5,763,2.285
5,764,2.702
5,765,3.188
5,766,3.488
5,767,2.616
5,768,2.965
5,769,2.620
5,770,2.887
5,771,2.991
5,772,2.366
5,773,2.297
5,774,2.423
5,775,2.683
5,776,2.821
5,777,2.407
5,778,2.268
5,779,2.763
5,780,2.436
5,781,2.226
5,782,3.445
5,783,2.413
5,784,2.375
5,785,2.542
5,786,2.510
5,787,2.627
5,788,2.235
5,789,3.524
5,790,4.115
5,791,3.023
5,792,3.369
5,793,3.098
5,794,3.475
5,795,2.246
5,796,2.735
5,797,2.291
5,798,2.068
5,799,2.491
5,800,2.505
5,801,2.562
5,802,2.433
5,803,2.217
5,804,2.512
5,805,3.021
5,806,2.484
5,807,3.376
5,808,3.301
5,809,2.972
5,810,3.081
5,811,3.297
5,812,2.946
5,813,2.557
5,814,3.757
5,815,2.102
5,816,1.870
5,817,2.744
5,818,2.287
5,819,2.152
5,820,2.090
5,821,1.892
5,822,1.588
5,823,1.935
5,824,1.975
5,825,1.830
5,826,2.172
5,827,2.501
5,828,2.945
5,829,2.921
5,830,2.255
5,831,2.436
5,832,2.816
5,833,2.445
5,834,2.157
5,835,4.340
5,836,2.717
5,837,2.539
5,838,2.168
5,839,2.607
5,840,4.660
5,841,4.035
5,842,2.594
5,843,2.109
5,844,2.343
5,845,2.176
5,846,2.081
5,847,2.110
5,848,1.966
5,849,2.336
5,850,2.297
5,851,2.073
5,852,1.729
5,853,1.899
5,854,1.860
5,855,1.700
5,856,2.389
5,857,2.613
5,858,2.379
5,859,2.453
5,860,2.485
5,861,2.025
5,862,1.622
5,863,2.564
5,864,2.297
5,865,2.046
5,866,1.659
5,867,2.149
5,868,1.777
5,869,1.696
5,870,2.107
5,871,3.416
5,872,1.931
5,873,2.199
5,874,2.255
5,875,2.087
5,876,2.108
5,877,1.806
5,878,1.950
5,879,1.997
5,880,2.209
5,881,1.675
5,882,1.517
5,883,1.424
5,884,2.161
5,885,1.614
5,886,1.748
5,887,2.338
5,888,2.643
5,889,2.485
5,890,2.918
5,891,2.061
5,892,2.376
5,893,2.260
5,894,2.414
5,895,2.263
5,896,2.263
5,897,2.245
5,898,1.940
5,899,1.941
5,900,4.011
5,901,1.814
5,902,2.248
5,903,2.004
5,904,1.586
5,905,1.470
5,906,2.208
5,907,3.027
5,908,2.827
5,909,2.267
5,910,1.886
5,911,2.054
5,912,2.283
5,913,2.691
5,914,2.768
5,915,2.580
5,916,1.891
5,917,1.822
5,918,1.828
5,919,1.758
5,920,2.155
5,921,2.997
5,922,2.597
5,923,2.975
5,924,2.505
5,925,1.712
5,926,1.476
5,927,1.927
5,928,2.176
5,929,2.394
5,930,3.129
5,931,3.104
5,932,3.311
5,933,2.293
5,934,2.331
5,935,2.564
5,936,2.463
5,937,2.081
5,938,2.903
5,939,2.139
5,940,2.327
5,941,2.629
5,942,2.513
5,943,2.788
5,944,2.881
5,945,2.742
5,946,2.818
5,947,2.168
5,948,2.355
5,949,2.300
5,950,1.806
5,951,1.674
5,952,1.800
5,953,2.643
5,954,3.400
5,955,3.663
5,956,3.555
5,957,3.787
5,958,4.687
5,959,2.404
5,960,2.028
5,961,2.006
5,962,1.856
5,963,1.741
5,964,2.182
5,965,2.440
5,966,2.011
5,967,1.642
5,968,2.072
5,969,2.255
5,970,1.860
5,971,1.776
5,972,2.661
5,973,2.519
5,974,2.062
5,975,2.299
5,976,1.884
5,977,1.799
5,978,2.245
5,979,2.500
5,980,1.917
5,981,2.548
5,982,1.955
5,983,1.769
5,984,2.149
5,985,2.670
5,986,2.625
5,987,2.908
5,988,1.985
5,989,2.023
5,990,2.091
5,991,2.140
5,992,1.770
5,993,1.457
5,994,2.528
5,995,2.911
5,996,2.280
5,997,2.788
5,998,2.099
5,999,2.030
5,1000,2.773
5,1001,2.338
5,1002,1.931
5,1003,1.960
5,1004,2.095
5,1005,2.184
5,1006,2.840
5,1007,2.288
5,1008,2.045
5,1009,2.602
5,1010,1.950
5,1011,1.481
5,1012,1.466
5,1013,1.966
5,1014,2.154
5,1015,2.157
5,1016,2.787
5,1017,2.028
5,1018,1.746
5,1019,2.411
5,1020,2.071
5,1021,1.852
5,1022,1.709
5,1023,2.486
5,1024,2.028
5,1025,1.660
5,1026,1.902
5,1027,1.688
5,1028,1.548
5,1029,1.882
5,1030,2.290
5,1031,2.434
5,1032,1.717
5,1033,1.696
5,1034,1.940
5,1035,1.857
5,1036,1.538
5,1037,1.913
5,1038,1.952
5,1039,2.832
5,1040,2.302
5,1041,1.854
5,1042,1.488
5,1043,1.520
5,1044,1.789
5,1045,1.883
5,1046,1.526
5,1047,1.494
5,1048,2.550
5,1049,2.559
5,1050,2.282
5,1051,3.482
5,1052,2.458
5,1053,2.618
5,1054,4.216
5,1055,2.793
5,1056,2.774
5,1057,2.367
5,1058,2.214
5,1059,2.326
5,1060,2.272
5,1061,2.240
5,1062,2.260
5,1063,1.529
5,1064,1.554
5,1065,2.450
5,1066,2.509
5,1067,2.889
5,1068,3.515
5,1069,3.676
5,1070,2.752
5,1071,2.132
5,1072,2.919
5,1073,3.437
5,1074,3.265
5,1075,4.265
5,1076,2.641
5,1077,2.596
5,1078,2.241
5,1079,2.829
5,1080,2.246
5,1081,2.133
5,1082,2.475
5,1083,2.995
5,1084,2.604
5,1085,2.271
5,1086,1.671
5,1087,2.531
5,1088,2.804
5,1089,2.235
5,1090,2.626
5,1091,2.661
5,1092,2.175
5,1093,2.797
5,1094,2.497
5,1095,3.019
5,1096,2.334
5,1097,1.725
5,1098,1.478
5,1099,1.604
5,1100,2.016
5,1101,1.797
5,1102,1.479
5,1103,2.757
5,1104,3.587
5,1105,2.523
5,1106,3.022
5,1107,2.062
5,1108,2.591
5,1109,3.063
5,1110,2.538
5,1111,2.691
5,1112,3.165
5,1113,2.296
5,1114,2.592
5,1115,2.310
5,1116,2.835
5,1117,2.538
5,1118,1.752
5,1119,2.439
5,1120,2.316
5,1121,2.051
5,1122,2.535
5,1123,2.186
5,1124,2.021
5,1125,2.663
5,1126,2.029
5,1127,1.879
5,1128,2.455
5,1129,3.214
5,1130,1.886
5,1131,2.692
5,1132,2.495
5,1133,2.287
5,1134,2.739
5,1135,2.769
5,1136,2.163
5,1137,2.490
5,1138,1.951
5,1139,2.113
5,1140,2.196
5,1141,2.136
5,1142,2.764
5,1143,2.334
5,1144,1.959
5,1145,2.004
5,1146,2.425
5,1147,2.389
5,1148,2.347
5,1149,4.850
5,1150,2.982
5,1151,3.095
5,1152,3.176
5,1153,3.898
5,1154,2.528
5,1155,3.251
5,1156,2.401
5,1157,2.186
5,1158,2.711
5,1159,2.743
5,1160,2.488
5,1161,2.320
5,1162,1.912
5,1163,2.160
5,1164,2.342
5,1165,1.975
5,1166,2.827
5,1167,2.552
5,1168,2.070
5,1169,2.335
5,1170,2.764
5,1171,2.672
5,1172,4.091
5,1173,2.364
5,1174,2.958
5,1175,2.354
5,1176,2.377
5,1177,2.794
5,1178,2.658
5,1179,3.110
5,1180,3.934
5,1181,3.056
5,1182,3.340
5,1183,2.311
5,1184,3.032
5,1185,2.161
5,1186,2.457
5,1187,2.446
5,1188,2.681
5,1189,3.176
5,1190,2.702
5,1191,2.779
5,1192,2.455
5,1193,2.076
5,1194,2.794
5,1195,2.932
5,1196,2.204
5,1197,2.992
5,1198,2.322
5,1199,2.045
5,1200,2.963
5,1201,2.610
5,1202,2.659
5,1203,2.590
5,1204,2.161
5,1205,3.758
5,1206,2.851
5,1207,2.258
5,1208,2.347
5,1209,2.541
5,1210,2.441
5,1211,2.676
5,1212,1.886
5,1213,2.918
5,1214,2.287
5,1215,1.778
5,1216,1.901
5,1217,2.512
5,1218,1.940
5,1219,1.837
5,1220,2.405
5,1221,2.203
5,1222,2.129
5,1223,2.620
5,1224,2.138
5,1225,2.440
5,1226,2.535
5,1227,2.644
5,1228,2.339
5,1229,2.365
5,1230,1.953
5,1231,2.331
5,1232,2.682
5,1233,2.747
5,1234,3.066
5,1235,2.799
5,1236,2.101
5,1237,2.708
5,1238,2.279
5,1239,2.966
5,1240,2.753
5,1241,2.051
5,1242,2.174
5,1243,2.417
5,1244,1.825
5,1245,1.838
5,1246,2.656
5,1247,2.651
5,1248,2.821
5,1249,2.299
5,1250,2.668
5,1251,3.781
5,1252,2.869
5,1253,2.688
5,1254,3.144
5,1255,2.643
5,1256,2.241
5,1257,2.332
5,1258,2.436
5,1259,2.952
5,1260,2.166
5,1261,2.752
5,1262,2.466
5,1263,1.910
5,1264,3.183
5,1265,2.914
5,1266,2.825
5,1267,2.693
5,1268,2.517
5,1269,2.885
5,1270,2.650
5,1271,2.787
5,1272,2.448
5,1273,2.442
5,1274,2.721
5,1275,3.346
5,1276,4.423
5,1277,3.185
5,1278,3.310
5,1279,3.487
5,1280,3.833
5,1281,3.080
5,1282,3.657
5,1283,3.388
5,1284,3.223
5,1285,4.211
5,1286,3.297
5,1287,2.663
5,1288,3.120
5,1289,2.759
5,1290,2.546
5,1291,3.382
5,1292,2.683
5,1293,2.727
5,1294,3.375
5,1295,3.656
5,1296,3.005
5,1297,3.488
5,1298,2.852
5,1299,2.825
5,1300,3.416
5,1301,2.716
5,1302,3.230
5,1303,3.630
5,1304,3.221
5,1305,2.944
5,1306,3.373
5,1307,3.243
5,1308,3.171
5,1309,3.096
5,1310,3.286
5,1311,2.596
5,1312,2.507
5,1313,2.985
5,1314,2.758
5,1315,3.659
5,1316,2.803
5,1317,2.725
5,1318,3.018
5,1319,2.636
5,1320,2.860
5,1321,3.181
5,1322,2.408
5,1323,2.806
5,1324,3.258
5,1325,3.424
5,1326,3.543
5,1327,5.306
5,1328,3.660
5,1329,2.475
5,1330,2.253
5,1331,2.829
5,1332,2.738
5,1333,2.858
5,1334,2.639
5,1335,2.392
5,1336,2.022
5,1337,2.465
5,1338,2.419
5,1339,2.269
5,1340,3.021
5,1341,2.139
5,1342,2.430
5,1343,2.624
5,1344,2.171
5,1345,2.254
5,1346,2.259
5,1347,2.836
5,1348,2.372
5,1349,2.929
5,1350,3.122
5,1351,3.418
5,1352,2.633
5,1353,3.371
5,1354,3.838
5,1355,2.789
5,1356,2.615
5,1357,2.556
5,1358,2.562
5,1359,2.593
5,1360,2.815
5,1361,2.393
5,1362,2.633
5,1363,2.815
5,1364,2.577
5,1365,2.571
5,1366,3.189
5,1367,2.500
5,1368,3.093
5,1369,2.320
5,1370,2.457
5,1371,3.180
5,1372,4.106
5,1373,3.779
5,1374,2.262
5,1375,2.378
5,1376,2.289
5,1377,2.673
5,1378,2.983
5,1379,1.994
5,1380,2.035
5,1381,2.513
5,1382,2.404
5,1383,2.719
5,1384,2.831
5,1385,4.270
5,1386,2.590
5,1387,2.557
5,1388,2.782
5,1389,2.886
5,1390,2.512
5,1391,3.144
5,1392,2.236
5,1393,2.750
5,1394,2.125
5,1395,2.847
5,1396,2.816
5,1397,2.934
5,1398,4.029
5,1399,2.967
5,1400,3.303
5,1401,3.318
5,1402,3.541
5,1403,3.170
5,1404,3.287
5,1405,2.838
5,1406,2.102
5,1407,2.290
5,1408,2.357
5,1409,4.089
5,1410,3.224
5,1411,2.062
5,1412,2.664
5,1413,2.713
5,1414,2.452
5,1415,2.415
5,1416,2.320
5,1417,3.033
5,1418,2.347
5,1419,2.021
5,1420,2.996
5,1421,3.944
5,1422,3.072
5,1423,2.569
5,1424,2.506
5,1425,2.798
5,1426,2.426
5,1427,2.493
5,1428,3.082
5,1429,2.303
5,1430,2.711
5,1431,2.204
5,1432,2.421
5,1433,2.716
5,1434,2.153
5,1435,2.154
5,1436,2.709
5,1437,3.389
5,1438,3.188
5,1439,2.764
5,1440,2.768
5,1441,2.247
5,1442,1.806
5,1443,1.888
5,1444,2.509
5,1445,1.758
5,1446,1.792
5,1447,1.554
5,1448,2.487
5,1449,2.141
5,1450,1.735
5,1451,1.740
5,1452,1.542
5,1453,1.648
5,1454,1.430
5,1455,2.450
5,1456,2.193
5,1457,1.806
5,1458,1.858
5,1459,1.871
5,1460,1.775
5,1461,1.584
5,1462,1.617
5,1463,1.924
5,1464,1.616
5,1465,1.907
5,1466,2.397
5,1467,2.588
5,1468,2.328
5,1469,2.562
5,1470,2.691
5,1471,3.450
5,1472,2.412
5,1473,1.909
5,1474,2.407
5,1475,2.368
5,1476,3.048
5,1477,3.360
5,1478,2.435
5,1479,1.758
5,1480,2.059
5,1481,1.783
5,1482,1.798
5,1483,1.981
5,1484,1.762
5,1485,2.119
5,1486,3.468
5,1487,3.033
5,1488,2.384
5,1489,2.486
5,1490,2.314
5,1491,3.237
5,1492,3.071
5,1493,1.904
5,1494,2.329
5,1495,1.830
5,1496,1.405
5,1497,1.477
5,1498,2.160
5,1499,2.799
5,1500,2.324
5,1501,2.255
5,1502,2.266
5,1503,1.920
5,1504,2.009
5,1505,3.125
5,1506,2.046
5,1507,2.055
5,1508,2.271
5,1509,1.831
5,1510,1.612
5,1511,2.323
5,1512,2.020
5,1513,2.284
5,1514,2.541
5,1515,2.156
5,1516,1.594
5,1517,1.665
5,1518,2.043
5,1519,1.782
5,1520,2.567
5,1521,2.440
5,1522,1.843
5,1523,1.670
5,1524,1.669
5,1525,1.665
5,1526,1.485
5,1527,1.436
5,1528,1.712
5,1529,2.424
5,1530,2.274
5,1531,1.742
5,1532,2.318
5,1533,2.193
5,1534,1.840
5,1535,1.912
5,1536,2.653
5,1537,2.881
5,1538,4.140
5,1539,2.559
5,1540,2.418
5,1541,2.275
5,1542,2.414
5,1543,2.669
5,1544,2.182
5,1545,2.252
5,1546,2.567
5,1547,2.023
5,1548,1.936
5,1549,2.567
5,1550,3.162
5,1551,2.846
5,1552,3.292
5,1553,3.063
5,1554,2.587
5,1555,2.757
5,1556,3.363
5,1557,2.706
5,1558,3.805
5,1559,2.599
5,1560,3.394
5,1561,2.660
5,1562,1.548
5,1563,1.398
5,1564,1.856
5,1565,2.318
5,1566,1.582
5,1567,1.650
5,1568,2.442
5,1569,2.096
5,1570,2.137
5,1571,2.434
5,1572,1.889
5,1573,1.657
5,1574,2.526
5,1575,2.126
5,1576,1.793
5,1577,1.471
5,1578,1.645
5,1579,1.606
5,1580,1.649
5,1581,1.565
5,1582,2.229
5,1583,2.064
5,1584,2.834
5,1585,2.600
5,1586,1.984
5,1587,1.743
5,1588,1.722
5,1589,3.006
5,1590,3.082
5,1591,2.924
5,1592,3.325
5,1593,2.139
5,1594,3.136
5,1595,2.172
5,1596,2.627
5,1597,2.145
5,1598,2.066
5,1599,1.789
5,1600,1.618
5,1601,1.531
5,1602,1.768
5,1603,1.806
5,1604,2.655
5,1605,1.767
5,1606,1.492
5,1607,2.092
5,1608,2.072
5,1609,1.589
5,1610,1.486
5,1611,1.743
5,1612,1.859
5,1613,2.518
5,1614,2.372
5,1615,2.115
5,1616,2.153
5,1617,2.808
5,1618,2.063
5,1619,1.675
5,1620,2.190
5,1621,2.517
5,1622,1.991
5,1623,1.725
5,1624,1.834
5,1625,1.841
5,1626,1.523
5,1627,1.788
5,1628,2.900
5,1629,2.383
5,1630,2.023
5,1631,2.351
5,1632,1.971
5,1633,2.295
5,1634,2.165
5,1635,2.050
5,1636,2.062
5,1637,2.173
5,1638,1.812
5,1639,1.585
5,1640,1.557
5,1641,2.054
5,1642,2.239
5,1643,2.111
5,1644,2.429
5,1645,2.993
5,1646,2.718
5,1647,2.343
5,1648,1.793
5,1649,1.609
5,1650,3.170
5,1651,2.515
5,1652,1.860
5,1653,2.183
5,1654,2.669
5,1655,2.129
5,1656,3.111
5,1657,2.293
5,1658,2.003
5,1659,2.160
5,1660,1.705
5,1661,1.428
5,1662,1.617
5,1663,2.021
5,1664,2.402
5,1665,2.234
5,1666,2.619
5,1667,2.077
5,1668,1.879
5,1669,1.999
5,1670,1.924
5,1671,1.594
5,1672,1.838
5,1673,2.169
5,1674,1.838
5,1675,2.711
5,1676,1.846
5,1677,1.628
5,1678,1.684
5,1679,1.795
5,1680,2.747
5,1681,2.502
5,1682,2.511
5,1683,3.269
5,1684,2.693
5,1685,3.115
5,1686,3.643
5,1687,3.043
5,1688,2.504
5,1689,3.002
5,1690,2.668
5,1691,2.475
5,1692,2.744
5,1693,2.342
5,1694,2.045
5,1695,2.403
5,1696,2.635
5,1697,2.008
5,1698,2.967
5,1699,2.086
5,1700,1.812
5,1701,2.322
5,1702,2.149
5,1703,1.675
5,1704,2.026
5,1705,2.154
5,1706,2.229
5,1707,2.491
5,1708,2.331
5,1709,1.796
5,1710,1.639
5,1711,2.036
5,1712,3.220
5,1713,2.351
5,1714,2.929
5,1715,2.391
5,1716,2.012
5,1717,2.746
5,1718,2.768
5,1719,3.502
5,1720,1.886
5,1721,1.494
5,1722,1.471
5,1723,1.886
5,1724,1.902
5,1725,1.773
5,1726,1.956
5,1727,2.130
5,1728,2.333
5,1729,1.952
5,1730,1.864
5,1731,1.470
5,1732,1.398
5,1733,1.358
5,1734,1.525
5,1735,1.741
5,1736,2.330
5,1737,1.759
5,1738,2.408
5,1739,1.634
5,1740,1.673
5,1741,1.743
5,1742,2.006
5,1743,1.949
5,1744,1.961
5,1745,2.516
5,1746,2.627
5,1747,2.668
5,1748,3.294
5,1749,2.170
5,1750,1.804
5,1751,2.953
5,1752,1.904
5,1753,1.701
5,1754,1.943
5,1755,1.902
5,1756,1.463
5,1757,1.450
5,1758,2.099
5,1759,2.662
5,1760,1.926
5,1761,2.109
5,1762,1.630
5,1763,1.440
5,1764,1.393
5,1765,2.393
5,1766,1.863
5,1767,2.025
5,1768,2.261
5,1769,2.359
5,1770,2.003
5,1771,1.632
5,1772,2.142
5,1773,2.003
5,1774,1.610
5,1775,2.122
5,1776,2.558
5,1777,1.625
5,1778,1.420
5,1779,1.970
5,1780,2.054
5,1781,1.650
5,1782,2.506
5,1783,2.912
5,1784,2.239
5,1785,2.336
5,1786,2.303
5,1787,1.634
5,1788,1.430
5,1789,2.304
5,1790,2.197
5,1791,2.092
5,1792,2.498
5,1793,2.148
5,1794,2.181
5,1795,2.075
5,1796,2.042
5,1797,1.791
5,1798,2.527
5,1799,2.637
5,1800,1.839
5,1801,1.911
5,1802,2.292
5,1803,2.293
5,1804,2.086
5,1805,3.364
5,1806,2.789
5,1807,2.723
5,1808,2.239
5,1809,2.031
5,1810,2.340
5,1811,3.415
5,1812,2.669
5,1813,2.763
5,1814,2.092
5,1815,2.037
5,1816,2.320
5,1817,2.125
5,1818,2.591
5,1819,2.815
5,1820,2.419
5,1821,2.396
5,1822,2.389
5,1823,2.211
5,1824,3.207
5,1825,2.729
5,1826,2.543
5,1827,3.055
5,1828,2.294
5,1829,2.620
5,1830,2.837
5,1831,2.642
5,1832,3.364
5,1833,2.922
5,1834,3.037
5,1835,2.919
5,1836,3.308
5,1837,3.453
5,1838,2.693
5,1839,3.130
5,1840,2.490
5,1841,2.908
5,1842,2.258
5,1843,2.302
5,1844,2.970
5,1845,2.136
5,1846,3.017
5,1847,2.753
5,1848,1.970
5,1849,2.381
5,1850,2.545
5,1851,2.002
5,1852,2.172
5,1853,3.013
5,1854,2.360
5,1855,2.761
5,1856,2.403
5,1857,2.386
5,1858,2.406
5,1859,2.269
5,1860,3.532
5,1861,2.882
5,1862,2.023
5,1863,2.497
5,1864,2.646
5,1865,2.624
5,1866,2.988
5,1867,2.556
5,1868,2.662
5,1869,2.406
5,1870,2.408
5,1871,2.405
5,1872,2.693
5,1873,2.365
5,1874,2.949
5,1875,2.232
5,1876,2.155
5,1877,2.341
5,1878,2.139
5,1879,2.517
5,1880,2.808
5,1881,2.456
5,1882,2.744
5,1883,2.522
5,1884,2.259
5,1885,2.788
5,1886,2.231
5,1887,1.817
5,1888,3.160
5,1889,2.354
5,1890,2.091
5,1891,2.255
5,1892,2.492
5,1893,2.342
5,1894,2.290
5,1895,2.257
5,1896,1.705
5,1897,2.558
5,1898,2.232
5,1899,2.040
5,1900,2.591
5,1901,2.365
5,1902,1.877
5,1903,2.831
5,1904,2.066
5,1905,1.750
5,1906,2.510
5,1907,3.180
5,1908,2.152
5,1909,2.582
5,1910,3.043
5,1911,2.846
5,1912,2.419
5,1913,1.974
5,1914,2.378
5,1915,1.967
5,1916,1.530
5,1917,1.402
5,1918,2.850
5,1919,2.492
5,1920,1.933
5,1921,1.912
5,1922,2.111
5,1923,1.849
5,1924,1.874
5,1925,2.226
5,1926,2.092
5,1927,1.732
5,1928,2.622
5,1929,2.104
5,1930,1.588
5,1931,1.701
5,1932,1.865
5,1933,1.717
5,1934,1.797
5,1935,1.946
5,1936,3.399
5,1937,2.687
5,1938,2.803
5,1939,1.956
5,1940,1.493
5,1941,1.957
5,1942,2.489
5,1943,2.946
5,1944,2.694
5,1945,3.424
5,1946,2.324
5,1947,2.767
5,1948,3.623
5,1949,3.151
5,1950,2.180
5,1951,2.181
5,1952,2.176
5,1953,1.755
5,1954,2.522
5,1955,2.912
5,1956,2.244
5,1957,2.069
5,1958,2.408
5,1959,1.884
5,1960,1.863
5,1961,2.620
5,1962,2.453
5,1963,2.337
5,1964,2.631
5,1965,2.206
5,1966,2.369
5,1967,2.520
5,1968,1.903
5,1969,1.607
5,1970,2.146
5,1971,2.054
5,1972,2.395
5,1973,2.034
5,1974,1.733
5,1975,2.738
5,1976,3.771
5,1977,2.225
5,1978,1.682
5,1979,2.019
5,1980,2.306
5,1981,1.944
5,1982,2.987
5,1983,2.280
5,1984,2.263
5,1985,2.425
5,1986,2.018
5,1987,1.970
5,1988,2.346
5,1989,2.259
5,1990,1.823
5,1991,1.757
5,1992,1.790
5,1993,1.699
5,1994,1.852
5,1995,1.987
5,1996,2.421
5,1997,2.423
5,1998,2.485
5,1999,2.448
5,2000,2.270
5,2001,2.657
5,2002,2.335
5,2003,2.525
5,2004,3.694
5,2005,2.289
5,2006,2.392
5,2007,2.495
5,2008,1.852
5,2009,1.833
5,2010,2.920
5,2011,2.665
5,2012,2.543
5,2013,2.287
5,2014,2.079
5,2015,2.416
5,2016,2.741
5,2017,2.209
5,2018,2.347
5,2019,2.178
5,2020,1.930
5,2021,2.352
5,2022,2.121
5,2023,2.230
5,2024,2.634
5,2025,2.065
5,2026,2.029
5,2027,1.861
5,2028,2.745
5,2029,2.203
5,2030,2.363
5,2031,2.641
5,2032,2.604
5,2033,3.163
5,2034,2.634
5,2035,2.033
5,2036,2.882
5,2037,2.361
5,2038,2.172
5,2039,2.098
5,2040,1.995
5,2041,1.948
5,2042,2.766
5,2043,2.215
5,2044,1.941
5,2045,2.553
5,2046,2.078
5,2047,1.733
5,2048,1.830
5,2049,2.084
5,2050,2.461
5,2051,2.769
5,2052,2.243
5,2053,1.867
5,2054,2.329
5,2055,2.602
5,2056,1.965
5,2057,2.109
5,2058,3.258
5,2059,2.303
5,2060,2.647
5,2061,3.589
5,2062,2.644
5,2063,2.652
5,2064,4.230
5,2065,2.809
5,2066,2.053
5,2067,2.118
5,2068,2.330
5,2069,1.971
5,2070,2.852
5,2071,2.848
5,2072,2.248
5,2073,2.955
5,2074,2.818
5,2075,2.711
5,2076,3.501
5,2077,2.984
5,2078,2.666
5,2079,2.232
5,2080,2.131
5,2081,2.536
5,2082,2.802
5,2083,2.495
5,2084,2.850
5,2085,2.327
5,2086,3.244
5,2087,2.280
5,2088,2.614
5,2089,2.530
5,2090,1.865
5,2091,2.108
5,2092,2.233
5,2093,2.121
5,2094,1.817
5,2095,2.646
5,2096,2.335
5,2097,2.427
5,2098,2.496
5,2099,2.344
5,2100,1.784
5,2101,2.017
5,2102,2.537
5,2103,2.494
5,2104,2.213
5,2105,2.018
5,2106,2.097
5,2107,2.624
5,2108,2.058
5,2109,1.990
5,2110,2.781
5,2111,2.267
5,2112,2.024
5,2113,2.335
5,2114,2.350
5,2115,2.909
5,2116,3.968
5,2117,2.322
5,2118,2.638
5,2119,2.361
5,2120,1.766
5,2121,1.599
5,2122,3.597
5,2123,2.145
5,2124,2.067
5,2125,1.967
5,2126,1.676
5,2127,1.819
5,2128,2.120
5,2129,2.037
5,2130,2.334
5,2131,2.082
5,2132,2.403
5,2133,2.376
5,2134,2.261
5,2135,2.343
5,2136,2.120
5,2137,2.983
5,2138,2.457
5,2139,1.889
5,2140,2.345
5,2141,2.268
5,2142,1.843
5,2143,2.313
5,2144,3.310
5,2145,2.141
5,2146,3.143
5,2147,2.055
5,2148,1.812
5,2149,2.366
5,2150,2.387
5,2151,1.948
5,2152,2.399
5,2153,2.251
5,2154,2.414
5,2155,2.236
5,2156,2.107
5,2157,2.127
5,2158,2.311
5,2159,1.901
5,2160,2.016
5,2161,2.337
5,2162,2.689
5,2163,1.804
5,2164,1.499
5,2165,2.823
5,2166,2.259
5,2167,2.247
5,2168,2.558
5,2169,2.402
5,2170,2.987
5,2171,2.857
5,2172,1.996
5,2173,1.954
5,2174,2.764
5,2175,2.093
5,2176,2.176
5,2177,3.063
5,2178,3.676
5,2179,2.581
5,2180,1.764
5,2181,1.463
5,2182,4.315
5,2183,2.942
5,2184,2.476
5,2185,17.403
5,2186,2.745
5,2187,1.802
5,2188,1.659
5,2189,1.901
5,2190,1.870
5,2191,1.844
5,2192,1.864
5,2193,2.091
5,2194,2.090
5,2195,2.023
5,2196,1.437
5,2197,2.183
5,2198,2.326
5,2199,1.911
5,2200,2.920
5,2201,2.152
5,2202,1.569
5,2203,1.526
5,2204,2.583
5,2205,1.722
5,2206,1.730
5,2207,1.798
5,2208,2.104
5,2209,1.983
5,2210,1.784
5,2211,1.767
5,2212,1.539
5,2213,1.704
5,2214,1.501
5,2215,2.077
5,2216,2.907
5,2217,2.977
5,2218,2.814
5,2219,2.581
5,2220,2.733
5,2221,2.658
5,2222,3.057
5,2223,2.694
5,2224,2.420
5,2225,3.382
5,2226,2.746
5,2227,4.022
5,2228,5.136
5,2229,2.729
5,2230,2.006
5,2231,2.422
5,2232,3.159
5,2233,2.661
5,2234,1.924
5,2235,1.791
5,2236,1.672
5,2237,1.997
5,2238,2.060
5,2239,1.664
5,2240,1.547
5,2241,2.826
5,2242,3.006
5,2243,1.841
5,2244,1.726
5,2245,1.770
5,2246,1.677
5,2247,1.954
5,2248,2.262
5,2249,2.294
5,2250,1.742
5,2251,2.161
5,2252,2.343
5,2253,1.710
5,2254,1.490
5,2255,1.615
5,2256,2.732
5,2257,2.062
5,2258,1.589
5,2259,2.028
5,2260,2.103
5,2261,1.739
5,2262,2.398
5,2263,2.015
5,2264,3.563
5,2265,2.917
5,2266,2.363
5,2267,2.604
5,2268,2.008
5,2269,1.904
5,2270,3.258
5,2271,2.315
5,2272,1.888
5,2273,2.035
5,2274,2.480
5,2275,2.314
5,2276,2.995
5,2277,3.074
5,2278,3.156
5,2279,2.977
5,2280,2.672
5,2281,3.821
5,2282,2.265
5,2283,1.997
5,2284,2.174
5,2285,2.261
5,2286,1.948
5,2287,2.184
5,2288,3.365
5,2289,2.846
5,2290,2.245
5,2291,2.024
5,2292,1.835
5,2293,1.917
5,2294,2.051
5,2295,2.087
5,2296,2.071
5,2297,2.330
5,2298,1.747
5,2299,2.099
5,2300,1.707
5,2301,1.404
5,2302,1.416
5,2303,1.808
5,2304,2.021
5,2305,1.928
5,2306,1.590
5,2307,2.088
5,2308,2.476
5,2309,2.615
5,2310,2.531
5,2311,2.035
5,2312,1.608
5,2313,1.472
5,2314,2.741
5,2315,2.370
5,2316,2.352
5,2317,2.228
5,2318,2.386
5,2319,2.506
5,2320,1.948
5,2321,1.555
5,2322,1.444
5,2323,1.878
5,2324,2.348
5,2325,1.733
5,2326,1.569
5,2327,1.664
5,2328,1.891
5,2329,1.781
5,2330,1.620
5,2331,1.656
5,2332,1.727
5,2333,1.735
5,2334,1.895
5,2335,2.849
5,2336,2.037
5,2337,1.539
5,2338,1.710
5,2339,2.164
5,2340,2.053
5,2341,1.532
5,2342,3.032
5,2343,2.117
5,2344,1.937
5,2345,2.165
5,2346,1.879
5,2347,1.585
5,2348,1.554
5,2349,1.999
5,2350,3.478
5,2351,2.437
5,2352,2.535
5,2353,2.077
5,2354,2.271
5,2355,2.352
5,2356,2.068
5,2357,2.418
5,2358,2.897
5,2359,2.453
5,2360,2.076
5,2361,2.105
5,2362,2.407
5,2363,3.163
5,2364,2.933
5,2365,2.404
5,2366,2.756
5,2367,1.986
5,2368,1.777
5,2369,2.473
5,2370,4.303
5,2371,2.877
5,2372,2.760
5,2373,2.662
5,2374,2.184
5,2375,2.227
5,2376,2.267
5,2377,2.387
5,2378,2.250
5,2379,2.326
5,2380,2.234
5,2381,2.288
5,2382,3.297
5,2383,2.724
5,2384,2.231
5,2385,3.055
5,2386,2.550
5,2387,2.632
5,2388,3.141
5,2389,2.781
5,2390,2.806
5,2391,2.671
5,2392,2.874
5,2393,2.817
5,2394,3.906
5,2395,2.819
5,2396,3.070
5,2397,3.361
5,2398,3.246
5,2399,3.223
5,2400,3.578
5,2401,4.602
5,2402,3.974
5,2403,2.793
5,2404,2.423
5,2405,3.389
5,2406,2.535
5,2407,3.255
5,2408,3.182
5,2409,2.986
5,2410,2.925
5,2411,3.406
5,2412,3.110
5,2413,2.758
5,2414,3.099
5,2415,2.889
5,2416,4.233
5,2417,3.767
5,2418,2.960
5,2419,2.339
5,2420,2.502
5,2421,3.937
5,2422,2.443
5,2423,3.535
5,2424,2.735
5,2425,2.922
5,2426,2.492
5,2427,2.839
5,2428,3.247
5,2429,2.950
5,2430,2.697
5,2431,2.610
5,2432,2.530
5,2433,2.946
5,2434,4.007
5,2435,3.410
5,2436,2.826
5,2437,3.148
5,2438,2.180
5,2439,1.993
5,2440,3.080
5,2441,2.393
5,2442,2.636
5,2443,1.979
5,2444,1.649
5,2445,1.728
5,2446,4.027
5,2447,2.832
5,2448,3.045
5,2449,3.023
5,2450,2.841
5,2451,3.148
5,2452,2.603
5,2453,2.922
5,2454,2.570
5,2455,2.600
5,2456,2.515
5,2457,2.565
5,2458,2.558
5,2459,2.284
5,2460,1.987
5,2461,2.722
5,2462,2.473
5,2463,2.470
5,2464,2.674
5,2465,2.414
5,2466,2.387
5,2467,2.366
5,2468,1.874
5,2469,1.791
5,2470,3.726
5,2471,2.141
5,2472,1.605
5,2473,2.106
5,2474,1.796
5,2475,1.641
5,2476,1.715
5,2477,2.514
5,2478,2.542
5,2479,2.025
5,2480,2.042
5,2481,1.677
5,2482,1.538
5,2483,1.774
5,2484,2.170
5,2485,2.062
5,2486,2.337
5,2487,2.843
5,2488,2.278
5,2489,2.768
5,2490,3.167
5,2491,3.792
5,2492,3.117
5,2493,3.294
5,2494,2.783
5,2495,2.416
5,2496,3.288
5,2497,2.536
5,2498,2.498
5,2499,3.857
5,2500,2.426
5,2501,3.407
5,2502,3.195
5,2503,2.892
5,2504,2.972
5,2505,2.602
5,2506,2.402
5,2507,1.750
5,2508,1.541
5,2509,2.161
5,2510,1.992
5,2511,1.863
5,2512,1.661
5,2513,1.859
5,2514,2.047
5,2515,2.944
5,2516,2.457
5,2517,1.911
5,2518,1.822
5,2519,2.666
5,2520,2.073
5,2521,1.734
5,2522,3.211
5,2523,3.038
5,2524,2.521
5,2525,2.333
5,2526,1.861
5,2527,2.065
5,2528,3.747
5,2529,2.643
5,2530,2.969
5,2531,2.368
5,2532,1.718
5,2533,2.441
5,2534,2.123
5,2535,2.315
5,2536,2.327
5,2537,2.025
5,2538,1.518
5,2539,1.524
5,2540,1.881
5,2541,1.721
5,2542,1.473
5,2543,1.834
5,2544,2.701
5,2545,2.120
5,2546,3.216
5,2547,2.403
5,2548,2.198
5,2549,2.896
5,2550,2.945
5,2551,2.136
5,2552,2.243
5,2553,2.565
5,2554,2.031
5,2555,3.559
5,2556,2.248
5,2557,2.207
5,2558,2.400
5,2559,1.928
5,2560,2.793
5,2561,2.501
5,2562,2.203
5,2563,2.011
5,2564,2.309
5,2565,2.083
5,2566,2.291
5,2567,2.245
5,2568,2.472
5,2569,3.117
5,2570,3.140
5,2571,2.228
5,2572,2.641
5,2573,2.216
5,2574,2.285
5,2575,4.076
5,2576,1.953
5,2577,1.901
5,2578,2.633
5,2579,1.965
5,2580,1.979
5,2581,2.733
5,2582,2.836
5,2583,3.188
5,2584,2.347
5,2585,2.230
5,2586,2.503
5,2587,2.410
5,2588,2.378
5,2589,16.396
5,2590,4.336
5,2591,3.437
5,2592,1.977
5,2593,2.218
5,2594,2.558
5,2595,2.015
5,2596,2.800
5,2597,2.584
5,2598,2.932
5,2599,2.470
5,2600,2.486
5,2601,2.490
5,2602,3.325
5,2603,2.659
5,2604,2.978
5,2605,3.625
5,2606,2.546
5,2607,2.583
5,2608,2.081
5,2609,2.370
5,2610,2.174
5,2611,2.497
5,2612,2.850
5,2613,2.072
5,2614,1.778
5,2615,2.271
5,2616,2.103
5,2617,1.830
5,2618,1.966
5,2619,3.275
5,2620,3.212
5,2621,2.790
5,2622,2.259
5,2623,2.912
5,2624,3.165
5,2625,2.911
5,2626,3.331
5,2627,2.615
5,2628,4.076
5,2629,3.843
5,2630,3.525
5,2631,3.520
5,2632,3.261
5,2633,2.568
5,2634,3.276
5,2635,3.001
5,2636,2.970
5,2637,3.141
5,2638,2.875
5,2639,3.275
5,2640,2.977
5,2641,3.251
5,2642,2.813
5,2643,4.068
5,2644,2.730
5,2645,3.309
5,2646,2.831
5,2647,3.068
5,2648,2.956
5,2649,2.930
5,2650,3.176
5,2651,2.700
5,2652,3.041
5,2653,2.338
5,2654,2.507
5,2655,3.236
5,2656,2.285
5,2657,2.424
5,2658,2.328
5,2659,2.164
5,2660,2.763
5,2661,2.743
5,2662,2.506
5,2663,2.510
5,2664,2.384
5,2665,2.419
5,2666,2.906
5,2667,3.565
5,2668,2.878
5,2669,3.150
5,2670,2.829
5,2671,2.247
5,2672,2.117
5,2673,3.810
5,2674,3.304
5,2675,3.377
5,2676,2.419
5,2677,3.166
5,2678,2.576
5,2679,2.113
5,2680,2.040
5,2681,2.032
5,2682,2.883
5,2683,2.721
5,2684,2.545
5,2685,2.437
5,2686,2.454
5,2687,1.982
5,2688,1.725
5,2689,2.119
5,2690,2.151
5,2691,2.394
5,2692,1.895
5,2693,2.137
5,2694,1.848
5,2695,1.946
5,2696,2.276
5,2697,2.465
5,2698,2.090
5,2699,2.484
5,2700,2.430
5,2701,3.016
5,2702,2.257
5,2703,2.899
5,2704,2.382
5,2705,2.710
5,2706,1.822
5,2707,1.702
5,2708,2.290
5,2709,1.717
5,2710,1.418
5,2711,1.499
5,2712,1.978
5,2713,2.818
5,2714,1.806
5,2715,1.737
5,2716,1.793
5,2717,2.188
5,2718,2.775
5,2719,2.421
5,2720,2.817
5,2721,2.926
5,2722,1.797
5,2723,1.464
5,2724,1.858
5,2725,1.632
5,2726,1.499
5,2727,1.526
5,2728,2.442
5,2729,2.259
5,2730,2.236
5,2731,1.493
5,2732,2.578
5,2733,2.047
5,2734,1.571
5,2735,1.717
5,2736,2.274
5,2737,2.060
5,2738,2.054
5,2739,2.790
5,2740,1.659
5,2741,1.557
5,2742,1.893
5,2743,2.096
5,2744,2.033
5,2745,1.910
5,2746,2.005
5,2747,1.673
5,2748,2.591
5,2749,2.712
5,2750,2.164
5,2751,2.130
5,2752,2.725
5,2753,2.158
5,2754,1.908
5,2755,2.424
5,2756,2.682
5,2757,2.346
5,2758,3.106
5,2759,2.601
5,2760,2.608
5,2761,2.348
5,2762,2.032
5,2763,3.643
5,2764,3.000
5,2765,2.715
5,2766,2.446
5,2767,2.293
5,2768,2.826
5,2769,3.198
5,2770,2.819
5,2771,2.714
5,2772,2.221
5,2773,2.443
5,2774,2.342
5,2775,2.346
5,2776,2.902
5,2777,2.393
5,2778,2.113
5,2779,2.838
5,2780,2.294
5,2781,1.967
5,2782,2.571
5,2783,2.888
5,2784,2.228
5,2785,2.419
5,2786,2.012
5,2787,1.719
5,2788,2.453
5,2789,3.416
5,2790,4.906
5,2791,2.906
5,2792,3.381
5,2793,2.795
5,2794,3.045
5,2795,2.533
5,2796,1.911
5,2797,2.215
5,2798,2.388
5,2799,1.953
5,2800,2.021
5,2801,2.679
5,2802,2.972
5,2803,4.778
5,2804,2.142
5,2805,2.424
5,2806,2.295
5,2807,2.080
5,2808,2.179
5,2809,2.063
5,2810,2.763
5,2811,2.479
5,2812,2.104
5,2813,2.075
5,2814,3.188
5,2815,2.430
5,2816,1.861
5,2817,3.240
5,2818,3.312
5,2819,2.887
5,2820,2.180
5,2821,1.755
5,2822,2.229
5,2823,2.048
5,2824,2.130
5,2825,1.799
5,2826,2.759
5,2827,2.321
5,2828,2.219
5,2829,2.268
5,2830,2.161
5,2831,2.451
5,2832,2.416
5,2833,2.262
5,2834,1.704
5,2835,2.373
5,2836,1.939
5,2837,1.432
5,2838,1.561
5,2839,2.037
5,2840,1.858
5,2841,2.761
5,2842,2.135
5,2843,1.717
5,2844,1.622
5,2845,1.844
5,2846,3.287
5,2847,2.049
5,2848,2.188
5,2849,2.548
5,2850,1.968
5,2851,1.799
5,2852,2.640
5,2853,1.825
5,2854,1.629
5,2855,2.652
5,2856,1.872
5,2857,1.843
5,2858,1.592
5,2859,1.646
5,2860,1.844
5,2861,1.600
5,2862,1.702
5,2863,1.959
5,2864,2.901
5,2865,2.998
5,2866,2.563
5,2867,1.911
5,2868,2.127
5,2869,2.342
5,2870,2.159
5,2871,2.365
5,2872,2.099
5,2873,1.982
5,2874,3.047
5,2875,3.108
5,2876,2.333
5,2877,3.413
5,2878,3.107
5,2879,3.221
5,2880,3.223
5,2881,2.533
5,2882,2.844
5,2883,2.885
5,2884,2.828
5,2885,2.483
5,2886,2.952
5,2887,2.895
5,2888,3.541
5,2889,2.490
5,2890,2.371
5,2891,2.978
5,2892,2.973
5,2893,2.719
5,2894,2.844
5,2895,3.082
5,2896,3.106
5,2897,2.671
5,2898,3.445
5,2899,3.340
5,2900,2.979
5,2901,2.786
5,2902,2.012
5,2903,2.612
5,2904,3.226
5,2905,2.985
5,2906,2.601
5,2907,2.412
5,2908,2.677
5,2909,2.372
5,2910,2.895
5,2911,3.013
5,2912,2.413
5,2913,2.496
5,2914,2.488
5,2915,2.218
5,2916,3.220
5,2917,2.992
5,2918,3.324
5,2919,2.491
5,2920,2.233
5,2921,2.455
5,2922,2.564
5,2923,5.960
5,2924,3.644
5,2925,3.493
5,2926,3.250
5,2927,3.875
5,2928,4.244
5,2929,3.437
5,2930,2.758
5,2931,3.851
5,2932,3.219
5,2933,2.898
5,2934,2.946
5,2935,3.947
5,2936,4.686
5,2937,4.260
5,2938,3.626
5,2939,4.089
5,2940,5.153
5,2941,2.390
5,2942,2.927
5,2943,2.300
5,2944,2.325
5,2945,2.903
5,2946,2.756
5,2947,2.372
5,2948,2.338
5,2949,2.165
5,2950,2.505
5,2951,2.363
5,2952,2.182
5,2953,2.323
5,2954,2.638
5,2955,2.029
5,2956,2.724
5,2957,2.223
5,2958,2.606
5,2959,2.695
5,2960,2.364
5,2961,2.315
5,2962,2.353
5,2963,2.295
5,2964,2.096
5,2965,2.351
5,2966,1.919
5,2967,1.926
5,2968,2.124
5,2969,3.110
5,2970,2.078
5,2971,3.093
5,2972,2.383
5,2973,2.300
5,2974,2.489
5,2975,2.201
5,2976,2.102
5,2977,2.157
5,2978,2.079
5,2979,1.993
5,2980,2.075
5,2981,1.741
5,2982,1.847
5,2983,1.528
5,2984,1.675
5,2985,1.996
5,2986,1.881
5,2987,2.109
5,2988,2.402
5,2989,1.712
5,2990,1.599
5,2991,1.936
5,2992,1.698
5,2993,1.480
5,2994,1.664
5,2995,1.736
5,2996,2.640
5,2997,2.094
5,2998,2.219
5,2999,2.861
5,3000,2.829
5,3001,2.806
5,3002,2.790
5,3003,2.177
5,3004,2.539
5,3005,1.903
5,3006,2.089
5,3007,2.138
5,3008,1.940
5,3009,2.844
5,3010,2.984
5,3011,1.809
5,3012,1.705
5,3013,2.256
5,3014,2.071
5,3015,1.721
5,3016,2.342
5,3017,2.458
5,3018,2.895
5,3019,2.667
5,3020,2.175
5,3021,1.891
5,3022,2.471
5,3023,2.886
5,3024,2.804
5,3025,4.711
5,3026,3.299
5,3027,2.912
5,3028,2.316
5,3029,2.429
5,3030,2.073
5,3031,2.168
5,3032,2.411
5,3033,3.636
5,3034,3.969
5,3035,2.016
5,3036,1.782
5,3037,1.824
5,3038,2.054
5,3039,1.518
5,3040,1.470
5,3041,2.104
5,3042,2.506
5,3043,2.285
5,3044,1.970
5,3045,1.681
5,3046,1.694
5,3047,2.018
5,3048,2.726
5,3049,2.097
5,3050,1.641
5,3051,2.106
5,3052,2.062
5,3053,1.538
5,3054,1.428
5,3055,1.684
5,3056,2.075
5,3057,2.259
5,3058,2.654
5,3059,2.964
5,3060,1.718
5,3061,1.944
5,3062,2.325
5,3063,1.652
5,3064,2.232
5,3065,2.452
5,3066,2.241
5,3067,1.563
5,3068,1.733
5,3069,1.674
5,3070,1.416
5,3071,1.475
5,3072,1.821
5,3073,2.218
5,3074,2.469
5,3075,1.619
5,3076,2.116
5,3077,2.054
5,3078,1.600
5,3079,1.542
5,3080,1.978
5,3081,1.989
5,3082,2.139
5,3083,2.285
5,3084,1.662
5,3085,1.439
5,3086,1.444
5,3087,1.863
5,3088,1.970
5,3089,1.701
5,3090,1.907
5,3091,3.021
5,3092,2.750
5,3093,1.825
5,3094,2.032
5,3095,1.757
5,3096,1.512
5,3097,1.756
5,3098,2.487
5,3099,2.273
5,3100,1.637
5,3101,2.219
5,3102,1.946
5,3103,1.720
5,3104,1.635
5,3105,1.672
5,3106,1.502
5,3107,2.331
5,3108,2.334
5,3109,1.937
5,3110,2.236
5,3111,2.485
5,3112,2.361
5,3113,2.427
5,3114,2.580
5,3115,2.211
5,3116,2.015
5,3117,2.013
5,3118,2.363
5,3119,1.611
5,3120,1.435
5,3121,1.990
5,3122,2.038
5,3123,1.623
5,3124,1.878
5,3125,2.620
5,3126,1.812
5,3127,2.076
5,3128,1.899
5,3129,1.968
5,3130,1.707
5,3131,1.600
5,3132,2.316
5,3133,1.967
5,3134,1.577
5,3135,1.503
5,3136,2.019
5,3137,2.742
5,3138,2.168
5,3139,2.045
5,3140,1.827
5,3141,1.716
5,3142,2.196
5,3143,2.386
5,3144,2.456
5,3145,3.323
5,3146,2.596
5,3147,2.724
5,3148,3.066
5,3149,2.341
5,3150,2.687
5,3151,2.674
5,3152,1.998
5,3153,3.481
5,3154,2.410
5,3155,2.441
5,3156,3.309
5,3157,3.744
5,3158,3.035
5,3159,1.951
5,3160,2.142
5,3161,2.561
5,3162,2.354
5,3163,2.239
5,3164,2.104
5,3165,1.858
5,3166,2.116
5,3167,2.301
5,3168,1.832
5,3169,1.774
5,3170,2.403
5,3171,2.077
5,3172,2.123
5,3173,2.451
5,3174,2.735
5,3175,2.161
5,3176,2.879
5,3177,2.612
5,3178,1.897
5,3179,2.001
5,3180,1.723
5,3181,1.522
5,3182,1.775
5,3183,3.401
5,3184,2.687
5,3185,2.051
5,3186,2.122
5,3187,1.693
5,3188,1.821
5,3189,2.316
5,3190,2.514
5,3191,1.782
5,3192,2.627
5,3193,2.253
5,3194,1.561
5,3195,1.589
5,3196,1.807
5,3197,1.816
5,3198,1.747
5,3199,2.126
5,3200,2.267
5,3201,1.839
5,3202,1.685
5,3203,2.427
5,3204,1.957
5,3205,1.486
5,3206,1.763
5,3207,2.343
5,3208,2.693
5,3209,2.123
5,3210,2.067
5,3211,1.663
5,3212,1.577
5,3213,1.999
5,3214,2.400
5,3215,1.875
5,3216,3.280
5,3217,4.251
5,3218,2.355
5,3219,2.152
5,3220,1.750
5,3221,2.003
5,3222,2.235
5,3223,1.982
5,3224,1.856
5,3225,2.877
5,3226,2.042
5,3227,1.451
5,3228,1.561
5,3229,1.887
5,3230,2.131
5,3231,2.391
5,3232,2.330
5,3233,2.551
5,3234,1.909
5,3235,2.583
5,3236,1.935
5,3237,2.225
5,3238,2.691
5,3239,2.017
5,3240,2.047
5,3241,2.657
5,3242,1.966
5,3243,1.805
5,3244,2.889
5,3245,2.761
5,3246,2.002
5,3247,2.324
5,3248,2.431
5,3249,2.545
5,3250,2.666
5,3251,2.357
5,3252,2.752
5,3253,2.456
5,3254,2.429
5,3255,2.317
5,3256,2.768
5,3257,1.961
5,3258,2.754
5,3259,2.321
5,3260,2.272
5,3261,2.811
5,3262,2.260
5,3263,2.327
5,3264,3.177
5,3265,2.799
5,3266,2.500
5,3267,2.611
5,3268,2.631
5,3269,3.386
5,3270,3.129
5,3271,2.770
5,3272,2.485
5,3273,1.967
5,3274,2.314
5,3275,2.504
5,3276,3.013
5,3277,4.038
5,3278,2.278
5,3279,3.116
5,3280,2.296
5,3281,2.274
5,3282,2.865
5,3283,2.890
5,3284,2.375
5,3285,2.459
5,3286,2.250
5,3287,2.789
5,3288,2.724
5,3289,2.894
5,3290,3.002
5,3291,2.174
5,3292,3.013
5,3293,2.492
5,3294,2.626
5,3295,3.336
5,3296,2.764
5,3297,3.351
5,3298,2.165
5,3299,2.331
5,3300,2.611
5,3301,2.380
5,3302,3.038
5,3303,3.205
5,3304,3.021
5,3305,2.836
5,3306,2.194
5,3307,2.394
5,3308,2.521
5,3309,2.325
5,3310,2.606
5,3311,3.108
5,3312,3.191
5,3313,2.459
5,3314,2.239
5,3315,2.074
5,3316,2.370
5,3317,2.425
5,3318,3.245
5,3319,2.623
5,3320,2.812
5,3321,2.546
5,3322,2.263
5,3323,2.433
5,3324,2.911
5,3325,2.641
5,3326,3.108
5,3327,3.207
5,3328,3.236
5,3329,3.330
5,3330,2.271
5,3331,2.967
5,3332,2.400
5,3333,2.383
5,3334,2.474
5,3335,2.568
5,3336,2.762
5,3337,2.303
5,3338,2.888
5,3339,2.859
5,3340,2.953
5,3341,3.953
5,3342,2.907
5,3343,2.435
5,3344,2.501
5,3345,2.057
5,3346,2.512
5,3347,2.489
5,3348,2.173
5,3349,2.510
5,3350,2.402
5,3351,2.119
5,3352,3.670
5,3353,2.919
5,3354,2.989
5,3355,2.465
5,3356,3.109
5,3357,2.853
5,3358,2.799
5,3359,2.521
5,3360,2.325
5,3361,2.323
5,3362,2.444
5,3363,1.983
5,3364,1.906
5,3365,3.230
5,3366,3.106
5,3367,2.322
5,3368,2.211
5,3369,2.224
5,3370,2.342
5,3371,3.272
5,3372,2.545
5,3373,3.413
5,3374,2.505
5,3375,3.059
5,3376,4.389
5,3377,3.675
5,3378,4.685
5,3379,2.667
5,3380,1.994
5,3381,2.501
5,3382,2.642
5,3383,2.315
5,3384,2.631
5,3385,2.127
5,3386,1.957
5,3387,2.067
5,3388,3.098
5,3389,1.895
5,3390,1.991
5,3391,2.296
5,3392,2.367
5,3393,2.411
5,3394,2.098
5,3395,3.126
5,3396,2.677
5,3397,2.309
5,3398,2.368
5,3399,3.117
5,3400,1.936
5,3401,2.671
5,3402,3.361
5,3403,3.241
5,3404,3.463
5,3405,2.652
5,3406,3.765
5,3407,4.282
5,3408,4.328
5,3409,4.089
5,3410,3.552
5,3411,3.243
5,3412,2.748
5,3413,3.147
5,3414,2.966
5,3415,2.931
5,3416,4.063
5,3417,3.551
5,3418,3.479
5,3419,3.189
5,3420,3.191
5,3421,2.459
5,3422,2.956
5,3423,3.051
5,3424,2.518
5,3425,3.011
5,3426,2.477
5,3427,2.763
5,3428,2.862
5,3429,2.064
5,3430,2.473
5,3431,2.523
5,3432,3.054
5,3433,2.655
5,3434,2.202
5,3435,3.047
5,3436,2.289
5,3437,2.105
5,3438,2.587
5,3439,2.636
5,3440,2.313
5,3441,2.873
5,3442,2.560
5,3443,2.473
5,3444,2.527
5,3445,2.254
5,3446,2.656
5,3447,2.657
5,3448,2.300
5,3449,3.597
5,3450,3.018
5,3451,2.701
5,3452,2.419
5,3453,2.539
5,3454,2.764
5,3455,2.733
5,3456,4.525
5,3457,3.006
5,3458,3.017
5,3459,2.827
5,3460,2.652
5,3461,4.088
5,3462,3.286
5,3463,2.708
5,3464,2.664
5,3465,3.193
5,3466,4.682
5,3467,3.566
5,3468,2.404
5,3469,3.556
5,3470,3.960
5,3471,3.584
5,3472,2.885
5,3473,2.551
5,3474,2.908
5,3475,2.433
5,3476,3.514
5,3477,2.474
5,3478,3.150
5,3479,2.429
5,3480,2.702
5,3481,3.050
5,3482,2.389
5,3483,2.513
5,3484,2.728
5,3485,3.209
5,3486,2.929
5,3487,2.825
5,3488,2.897
5,3489,2.511
5,3490,2.516
5,3491,3.598
5,3492,2.903
5,3493,3.833
5,3494,2.467
5,3495,2.415
5,3496,2.516
5,3497,2.689
5,3498,3.425
5,3499,3.046
5,3500,3.492
5,3501,2.875
5,3502,2.852
5,3503,3.398
5,3504,2.800
5,3505,2.674
5,3506,2.064
5,3507,2.213
5,3508,3.033
5,3509,3.008
5,3510,3.195
5,3511,2.602
5,3512,2.435
5,3513,2.435
5,3514,2.427
5,3515,3.366
5,3516,2.387
5,3517,2.890
5,3518,3.647
5,3519,2.931
5,3520,3.163
5,3521,2.455
5,3522,2.688
5,3523,2.383
5,3524,1.884
5,3525,2.338
5,3526,2.512
5,3527,2.073
5,3528,2.466
5,3529,2.008
5,3530,1.775
5,3531,2.597
5,3532,2.211
5,3533,2.289
5,3534,1.766
5,3535,1.930
5,3536,1.936
5,3537,1.543
5,3538,2.282
5,3539,2.107
5,3540,2.437
5,3541,2.483
5,3542,2.104
5,3543,1.949
5,3544,2.039
5,3545,3.138
5,3546,2.062
5,3547,1.857
5,3548,2.923
5,3549,1.995
5,3550,1.938
5,3551,2.323
5,3552,1.735
5,3553,1.525
5,3554,2.027
5,3555,2.179
5,3556,2.946
5,3557,2.245
5,3558,2.158
5,3559,1.955
5,3560,1.779
5,3561,1.931
5,3562,1.727
5,3563,2.460
5,3564,2.891
5,3565,1.867
5,3566,2.082
5,3567,2.077
5,3568,2.142
5,3569,1.870
5,3570,2.393
5,3571,2.628
5,3572,2.549
5,3573,2.238
5,3574,3.351
5,3575,2.249
5,3576,3.515
5,3577,2.096
5,3578,1.736
5,3579,2.747
5,3580,1.801
5,3581,1.888
5,3582,2.088
5,3583,1.836
5,3584,2.125
5,3585,2.805
5,3586,2.395
5,3587,3.035
5,3588,2.990
5,3589,2.676
5,3590,3.111
5,3591,2.465
5,3592,2.457
5,3593,2.767
5,3594,2.049
5,3595,1.680
5,3596,2.616
5,3597,2.885
5,3598,2.467
5,3599,2.303
5,3600,2.374
5,3601,2.039
5,3602,2.643
5,3603,2.403
5,3604,2.162
5,3605,2.489
5,3606,1.811
5,3607,1.465
5,3608,2.448
5,3609,1.843
5,3610,1.844
5,3611,2.783
5,3612,2.626
5,3613,2.178
5,3614,2.910
5,3615,2.547
5,3616,2.482
5,3617,2.469
5,3618,2.740
5,3619,2.499
5,3620,2.432
5,3621,2.260
5,3622,3.166
5,3623,1.934
5,3624,2.099
5,3625,2.059
5,3626,1.931
5,3627,1.978
5,3628,1.598
5,3629,2.071
5,3630,2.103
5,3631,1.676
5,3632,2.623
5,3633,3.118
5,3634,1.863
5,3635,2.092
5,3636,2.333
5,3637,1.835
5,3638,2.605
5,3639,2.533
5,3640,2.074
5,3641,2.465
5,3642,1.957
5,3643,1.652
5,3644,1.560
5,3645,2.481
5,3646,2.732
5,3647,2.170
5,3648,2.245
5,3649,2.026
5,3650,1.980
5,3651,2.218
5,3652,1.931
5,3653,1.646
5,3654,3.255
5,3655,2.396
5,3656,1.754
5,3657,1.726
5,3658,1.691
5,3659,1.523
5,3660,1.628
5,3661,1.554
5,3662,3.326
5,3663,2.434
5,3664,2.285
5,3665,2.562
5,3666,1.537
5,3667,1.396
5,3668,1.790
5,3669,2.029
5,3670,2.006
5,3671,1.640
5,3672,2.403
5,3673,3.471
5,3674,2.849
5,3675,1.851
5,3676,2.032
5,3677,2.107
5,3678,1.981
5,3679,2.213
5,3680,1.877
5,3681,2.107
5,3682,1.948
5,3683,2.198
5,3684,2.522
5,3685,2.317
5,3686,1.820
5,3687,2.604
5,3688,2.301
5,3689,2.070
5,3690,2.022
5,3691,3.343
5,3692,3.670
5,3693,3.590
5,3694,2.185
5,3695,2.249
5,3696,2.077
5,3697,1.735
5,3698,1.921
5,3699,1.857
5,3700,1.904
5,3701,1.700
5,3702,1.855
5,3703,2.047
5,3704,1.645
5,3705,2.652
5,3706,2.253
5,3707,1.846
5,3708,1.447
5,3709,1.562
5,3710,1.677
5,3711,1.811
5,3712,2.014
5,3713,2.228
5,3714,2.201
5,3715,2.016
5,3716,2.304
5,3717,2.004
5,3718,1.656
5,3719,1.532
5,3720,2.057
5,3721,2.665
5,3722,1.735
5,3723,1.885
5,3724,2.006
5,3725,1.846
5,3726,1.948
5,3727,2.999
5,3728,2.357
5,3729,2.147
5,3730,2.418
5,3731,1.817
5,3732,1.822
5,3733,1.730
5,3734,1.581
5,3735,1.709
5,3736,2.348
5,3737,2.322
5,3738,2.177
5,3739,1.456
5,3740,1.794
5,3741,2.553
5,3742,1.803
5,3743,1.600
5,3744,3.248
5,3745,2.188
5,3746,2.331
5,3747,2.104
5,3748,1.863
5,3749,1.760
5,3750,2.332
5,3751,2.161
5,3752,1.802
5,3753,1.719
5,3754,2.238
5,3755,2.652
5,3756,2.078
5,3757,2.582
5,3758,1.680
5,3759,2.613
5,3760,2.328
5,3761,1.784
5,3762,1.544
5,3763,2.158
5,3764,1.982
5,3765,1.652
5,3766,1.552
5,3767,1.960
5,3768,1.766
5,3769,1.551
5,3770,1.644
5,3771,2.183
5,3772,1.866
5,3773,2.297
5,3774,2.218
5,3775,2.536
5,3776,2.135
5,3777,2.039
5,3778,2.035
5,3779,2.077
5,3780,1.911
5,3781,2.882
5,3782,2.019
5,3783,1.746
5,3784,2.196
5,3785,1.935
5,3786,1.697
5,3787,1.878
5,3788,2.739
5,3789,2.760
5,3790,2.358
5,3791,3.148
5,3792,2.031
5,3793,2.541
5,3794,1.952
5,3795,1.627
5,3796,2.818
5,3797,2.795
5,3798,2.036
5,3799,2.125
5,3800,1.905
5,3801,1.709
5,3802,1.996
5,3803,2.507
5,3804,2.343
5,3805,2.263
5,3806,2.198
5,3807,1.929
5,3808,1.538
5,3809,1.679
5,3810,1.685
5,3811,1.906
5,3812,2.128
5,3813,2.277
5,3814,2.985
5,3815,2.557
5,3816,2.414
5,3817,1.689
5,3818,1.693
5,3819,2.277
5,3820,2.017
5,3821,2.031
5,3822,2.344
5,3823,2.945
5,3824,1.761
5,3825,1.702
5,3826,2.704
5,3827,2.206
5,3828,1.615
5,3829,1.844
5,3830,2.322
5,3831,1.849
5,3832,2.074
5,3833,2.232
5,3834,1.920
5,3835,2.041
5,3836,2.041
5,3837,1.716
5,3838,1.462
5,3839,1.928
5,3840,2.218
5,3841,1.774
5,3842,1.811
5,3843,2.135
5,3844,2.016
5,3845,1.889
5,3846,2.090
5,3847,2.145
5,3848,2.047
5,3849,1.572
5,3850,2.640
5,3851,2.321
5,3852,2.778
5,3853,3.259
5,3854,2.614
5,3855,3.191
5,3856,2.816
5,3857,2.585
5,3858,2.694
5,3859,2.466
5,3860,2.296
5,3861,2.283
5,3862,2.671
5,3863,2.374
5,3864,2.074
5,3865,1.749
5,3866,2.162
5,3867,2.212
5,3868,1.798
5,3869,1.591
5,3870,1.976
5,3871,2.473
5,3872,1.671
5,3873,1.877
5,3874,1.929
5,3875,1.711
5,3876,1.591
5,3877,2.118
5,3878,2.223
5,3879,1.909
5,3880,1.987
5,3881,2.271
5,3882,2.095
5,3883,1.570
5,3884,1.920
5,3885,2.652
5,3886,2.364
5,3887,2.067
5,3888,2.438
5,3889,1.671
5,3890,1.715
5,3891,2.244
5,3892,1.885
5,3893,1.671
5,3894,2.484
5,3895,2.515
5,3896,1.919
5,3897,2.300
5,3898,2.464
5,3899,1.627
5,3900,1.402
5,3901,2.310
5,3902,2.004
5,3903,1.491
5,3904,1.470
5,3905,2.071
5,3906,2.295
5,3907,1.717
5,3908,1.627
5,3909,1.767
5,3910,2.864
5,3911,3.092
5,3912,2.200
5,3913,1.565
5,3914,2.734
5,3915,3.067
5,3916,2.314
5,3917,2.801
5,3918,2.148
5,3919,2.000
5,3920,2.273
5,3921,2.897
5,3922,1.787
5,3923,2.730
5,3924,2.538
5,3925,1.775
5,3926,2.372
5,3927,2.128
5,3928,2.083
5,3929,3.085
5,3930,3.167
5,3931,3.230
5,3932,3.052
5,3933,2.891
5,3934,3.490
5,3935,3.304
5,3936,2.497
5,3937,1.887
5,3938,1.570
5,3939,2.388
5,3940,3.485
5,3941,2.316
5,3942,3.604
5,3943,1.704
5,3944,1.598
5,3945,1.911
5,3946,1.596
5,3947,1.752
5,3948,2.102
5,3949,2.311
5,3950,1.808
5,3951,2.748
5,3952,2.213
5,3953,1.667
5,3954,1.420
5,3955,2.070
5,3956,2.308
5,3957,2.332
5,3958,2.136
5,3959,2.263
5,3960,1.599
5,3961,1.580
5,3962,2.982
5,3963,2.093
5,3964,2.162
5,3965,2.234
5,3966,1.825
5,3967,2.295
5,3968,1.991
5,3969,1.740
5,3970,1.513
5,3971,1.518
5,3972,2.513
5,3973,2.027
5,3974,1.633
5,3975,2.142
5,3976,3.460
5,3977,2.035
5,3978,2.050
5,3979,3.357
5,3980,3.413
5,3981,3.797
5,3982,2.474
5,3983,3.402
5,3984,2.573
5,3985,3.310
5,3986,2.342
5,3987,2.678
5,3988,3.109
5,3989,1.933
5,3990,2.952
5,3991,2.808
5,3992,4.100
5,3993,2.980
5,3994,3.142
5,3995,3.591
5,3996,3.328
5,3997,4.102
5,3998,2.973
5,3999,3.390
5,4000,4.092
5,4001,3.335
5,4002,3.946
5,4003,3.047
5,4004,4.536
5,4005,3.240
5,4006,3.594
5,4007,3.362
5,4008,4.153
5,4009,3.916
5,4010,3.846
5,4011,3.894
5,4012,4.059
5,4013,3.782
5,4014,4.158
5,4015,3.903
5,4016,3.568
5,4017,3.959
5,4018,3.181
5,4019,4.094
5,4020,4.392
5,4021,3.919
5,4022,3.370
5,4023,3.646
5,4024,4.199
5,4025,2.749
5,4026,3.330
5,4027,3.036
5,4028,4.289
5,4029,5.021
5,4030,3.089
5,4031,3.239
5,4032,3.375
5,4033,3.556
5,4034,4.732
5,4035,3.178
5,4036,3.583
5,4037,6.251
5,4038,4.837
5,4039,3.199
5,4040,4.770
5,4041,3.074
5,4042,2.926
5,4043,3.090
5,4044,2.154
5,4045,2.883
5,4046,3.030
5,4047,3.068
5,4048,3.099
5,4049,3.011
5,4050,3.152
5,4051,3.378
5,4052,2.812
5,4053,3.328
5,4054,2.852
5,4055,4.082
5,4056,3.705
5,4057,2.694
5,4058,2.996
5,4059,2.831
5,4060,3.968
5,4061,4.390
5,4062,3.371
5,4063,4.542
5,4064,3.487
5,4065,3.610
5,4066,3.972
5,4067,4.575
5,4068,3.301
5,4069,3.812
5,4070,5.136
5,4071,4.541
5,4072,2.715
5,4073,3.439
5,4074,3.150
5,4075,3.039
5,4076,3.670
5,4077,2.980
5,4078,2.990
5,4079,4.446
5,4080,2.792
5,4081,4.332
5,4082,2.967
5,4083,3.422
5,4084,3.000
5,4085,3.921
5,4086,3.124
5,4087,2.898
5,4088,2.815
5,4089,3.723
5,4090,2.656
5,4091,3.177
5,4092,3.654
5,4093,2.553
5,4094,3.273
5,4095,2.960
5,4096,3.860
5,4097,3.188
5,4098,3.760
5,4099,2.831
5,4100,3.727
5,4101,3.643
5,4102,5.885
5,4103,3.958
5,4104,2.451
5,4105,3.245
5,4106,3.393
5,4107,2.792
5,4108,3.274
5,4109,2.726
5,4110,3.443
5,4111,2.435
5,4112,2.476
5,4113,2.778
5,4114,2.229
5,4115,2.119
5,4116,3.274
5,4117,2.954
5,4118,2.976
5,4119,2.853
5,4120,3.408
5,4121,2.574
5,4122,4.219
5,4123,2.851
5,4124,2.716
5,4125,2.903
5,4126,2.589
5,4127,3.739
5,4128,2.903
5,4129,2.875
5,4130,2.461
5,4131,2.127
5,4132,4.469
5,4133,2.999
5,4134,4.095
5,4135,2.197
5,4136,2.402
5,4137,2.371
5,4138,2.322
5,4139,2.721
5,4140,2.223
5,4141,2.781
5,4142,2.440
5,4143,2.108
5,4144,2.357
5,4145,3.137
5,4146,2.161
5,4147,2.136
5,4148,2.571
5,4149,2.230
5,4150,1.791
5,4151,3.004
5,4152,2.211
5,4153,2.581
5,4154,2.318
5,4155,2.030
5,4156,2.529
5,4157,2.929
5,4158,2.391
5,4159,2.320
5,4160,1.925
5,4161,1.913
5,4162,2.087
5,4163,2.387
5,4164,2.146
5,4165,2.747
5,4166,2.614
5,4167,2.143
5,4168,2.413
5,4169,2.205
5,4170,2.106
5,4171,3.225
5,4172,2.438
5,4173,1.851
5,4174,2.212
5,4175,2.401
5,4176,1.788
5,4177,1.952
5,4178,2.610
5,4179,2.656
5,4180,2.379
5,4181,2.064
5,4182,1.754
5,4183,3.206
5,4184,2.356
5,4185,2.963
5,4186,2.917
5,4187,2.400
5,4188,2.283
5,4189,1.984
5,4190,1.882
5,4191,1.986
5,4192,2.528
5,4193,2.202
5,4194,2.363
5,4195,1.940
5,4196,1.951
5,4197,1.758
5,4198,2.294
5,4199,2.168
5,4200,1.596
5,4201,1.709
5,4202,2.128
5,4203,2.492
5,4204,1.638
5,4205,1.910
5,4206,2.651
5,4207,2.118
5,4208,1.936
5,4209,1.900
5,4210,2.053
5,4211,3.518
5,4212,3.598
5,4213,3.069
5,4214,3.391
5,4215,2.007
5,4216,1.914
5,4217,2.190
5,4218,1.927
5,4219,2.196
5,4220,2.162
5,4221,1.659
5,4222,1.450
5,4223,1.661
5,4224,1.913
5,4225,1.474
5,4226,1.486
5,4227,1.882
5,4228,2.163
5,4229,2.309
5,4230,1.852
5,4231,2.137
5,4232,1.884
5,4233,1.745
5,4234,2.215
5,4235,2.051
5,4236,2.501
5,4237,2.021
5,4238,1.898
5,4239,1.909
5,4240,1.588
5,4241,1.990
5,4242,1.741
5,4243,1.543
5,4244,2.176
5,4245,2.610
5,4246,1.738
5,4247,1.417
5,4248,1.332
5,4249,2.258
5,4250,2.425
5,4251,1.590
5,4252,1.597
5,4253,2.259
5,4254,2.252
5,4255,1.965
5,4256,1.824
5,4257,1.628
5,4258,1.559
5,4259,1.600
5,4260,2.211
5,4261,2.175
5,4262,2.364
5,4263,3.186
5,4264,2.555
5,4265,2.818
5,4266,2.793
5,4267,3.253
5,4268,2.806
5,4269,1.921
5,4270,1.471
5,4271,1.560
5,4272,1.687
5,4273,1.819
5,4274,1.890
5,4275,1.969
5,4276,1.741
5,4277,1.816
5,4278,1.773
5,4279,3.351
5,4280,1.816
5,4281,1.521
5,4282,2.570
5,4283,2.006
5,4284,1.495
5,4285,1.648
5,4286,1.744
5,4287,1.477
5,4288,1.780
5,4289,1.776
5,4290,2.210
5,4291,2.618
5,4292,2.409
5,4293,2.496
5,4294,2.268
5,4295,2.387
5,4296,2.591
5,4297,2.001
5,4298,1.805
5,4299,1.685
5,4300,1.647
5,4301,1.726
5,4302,1.805
5,4303,2.104
5,4304,1.749
5,4305,1.878
5,4306,2.093
5,4307,2.209
5,4308,2.078
5,4309,2.186
5,4310,2.096
5,4311,1.817
5,4312,1.559
5,4313,2.453
5,4314,3.454
5,4315,1.720
5,4316,2.230
5,4317,2.444
5,4318,2.098
5,4319,2.063
5,4320,1.712
5,4321,2.337
5,4322,3.076
5,4323,2.207
5,4324,1.811
5,4325,2.507
5,4326,2.735
5,4327,2.236
5,4328,2.972
5,4329,3.133
5,4330,2.913
5,4331,2.612
5,4332,2.069
5,4333,2.825
5,4334,2.506
5,4335,2.635
5,4336,3.221
5,4337,3.520
5,4338,3.544
5,4339,2.319
5,4340,2.958
5,4341,2.719
5,4342,2.665
5,4343,2.240
5,4344,2.306
5,4345,2.410
5,4346,2.143
5,4347,2.005
5,4348,1.854
5,4349,2.447
5,4350,2.720
5,4351,2.273
5,4352,2.435
5,4353,2.125
5,4354,1.676
5,4355,2.252
5,4356,2.056
5,4357,1.894
5,4358,2.823
5,4359,2.252
5,4360,1.942
5,4361,1.784
5,4362,2.312
5,4363,2.024
5,4364,1.563
5,4365,2.436
5,4366,3.523
5,4367,2.709
5,4368,3.211
5,4369,1.937
5,4370,2.653
5,4371,2.355
5,4372,2.766
5,4373,2.593
5,4374,1.996
5,4375,1.946
5,4376,2.324
5,4377,1.908
5,4378,1.504
5,4379,2.215
5,4380,2.641
5,4381,2.052
5,4382,1.563
5,4383,2.418
5,4384,1.996
5,4385,1.872
5,4386,2.235
5,4387,2.088
5,4388,1.618
5,4389,2.111
5,4390,2.511
5,4391,1.663
5,4392,1.518
5,4393,2.244
5,4394,2.212
5,4395,2.290
5,4396,2.091
5,4397,2.118
5,4398,1.884
5,4399,2.573
5,4400,3.272
5,4401,2.145
5,4402,3.052
5,4403,2.218
5,4404,1.794
5,4405,2.270
5,4406,2.737
5,4407,2.214
5,4408,2.712
5,4409,2.349
5,4410,2.497
5,4411,2.697
5,4412,1.871
5,4413,1.902
5,4414,3.034
5,4415,2.812
5,4416,2.461
5,4417,2.788
5,4418,2.421
5,4419,2.628
5,4420,3.328
5,4421,2.852
5,4422,3.039
5,4423,2.709
5,4424,3.245
5,4425,2.118
5,4426,3.429
5,4427,3.324
5,4428,2.569
5,4429,5.056
5,4430,2.786
5,4431,3.080
5,4432,2.832
5,4433,2.563
5,4434,2.099
5,4435,2.463
5,4436,2.898
5,4437,2.400
5,4438,2.888
5,4439,2.509
5,4440,2.520
5,4441,2.384
5,4442,2.509
5,4443,2.796
5,4444,2.490
5,4445,3.148
5,4446,2.895
5,4447,3.896
5,4448,4.853
5,4449,2.986
5,4450,3.321
5,4451,2.523
5,4452,3.293
5,4453,2.762
5,4454,3.718
5,4455,3.097
5,4456,3.591
5,4457,2.912
5,4458,3.200
5,4459,2.481
5,4460,2.083
5,4461,2.164
5,4462,2.097
5,4463,2.060
5,4464,2.853
5,4465,2.845
5,4466,2.499
5,4467,2.259
5,4468,2.476
5,4469,1.878
5,4470,2.568
5,4471,3.130
5,4472,1.872
5,4473,2.139
5,4474,2.641
5,4475,1.584
5,4476,1.701
5,4477,2.129
5,4478,2.703
5,4479,1.806
5,4480,1.985
5,4481,1.860
5,4482,1.467
5,4483,1.391
5,4484,1.819
5,4485,1.863
5,4486,2.517
5,4487,3.168
5,4488,2.065
5,4489,1.729
5,4490,2.434
5,4491,2.218
5,4492,2.026
5,4493,2.966
5,4494,2.090
5,4495,2.057
5,4496,1.887
5,4497,2.425
5,4498,1.750
5,4499,1.492
5,4500,2.371
5,4501,2.332
5,4502,1.555
5,4503,2.776
5,4504,2.635
5,4505,2.054
5,4506,2.307
5,4507,2.439
5,4508,2.074
5,4509,2.769
5,4510,2.492
5,4511,2.103
5,4512,2.137
5,4513,2.079
5,4514,2.719
5,4515,2.444
5,4516,2.026
5,4517,1.938
5,4518,2.615
5,4519,2.800
5,4520,2.014
5,4521,2.798
5,4522,2.582
5,4523,2.892
5,4524,2.607
5,4525,2.352
5,4526,3.876
5,4527,2.793
5,4528,2.752
5,4529,2.573
5,4530,1.835
5,4531,2.804
5,4532,3.223
5,4533,2.600
5,4534,2.650
5,4535,2.138
5,4536,2.222
5,4537,2.255
5,4538,2.575
5,4539,3.398
5,4540,2.269
5,4541,2.053
5,4542,2.338
5,4543,2.396
5,4544,1.868
5,4545,3.812
5,4546,2.551
5,4547,2.776
5,4548,3.460
5,4549,3.088
5,4550,3.408
5,4551,4.686
5,4552,3.712
5,4553,5.062
5,4554,4.419
5,4555,4.593
5,4556,3.656
5,4557,3.851
5,4558,3.190
5,4559,2.364
5,4560,2.122
5,4561,2.389
5,4562,2.450
5,4563,3.249
5,4564,2.208
5,4565,2.002
5,4566,2.630
5,4567,2.386
5,4568,2.138
5,4569,3.085
5,4570,2.695
5,4571,2.394
5,4572,2.848
5,4573,2.202
5,4574,2.565
5,4575,2.706
5,4576,2.573
5,4577,3.724
5,4578,2.917
5,4579,2.966
5,4580,2.969
5,4581,2.923
5,4582,2.983
5,4583,2.424
5,4584,2.903
5,4585,2.868
5,4586,3.033
5,4587,2.980
5,4588,3.439
5,4589,3.366
5,4590,2.645
5,4591,3.636
5,4592,2.485
5,4593,2.685
5,4594,3.094
5,4595,2.866
5,4596,2.894
5,4597,3.166
5,4598,3.386
5,4599,3.968
5,4600,3.753
5,4601,3.895
5,4602,3.722
5,4603,3.535
5,4604,4.554
5,4605,4.774
5,4606,2.819
5,4607,3.722
5,4608,2.739
5,4609,3.270
5,4610,3.052
5,4611,2.462
5,4612,3.133
5,4613,2.222
5,4614,2.813
5,4615,2.815
5,4616,2.974
5,4617,3.442
5,4618,2.684
5,4619,3.585
5,4620,2.873
5,4621,3.712
5,4622,2.788
5,4623,3.626
5,4624,2.618
5,4625,3.328
5,4626,3.547
5,4627,3.548
5,4628,4.267
5,4629,4.184
5,4630,2.805
5,4631,3.756
5,4632,2.700
5,4633,3.492
5,4634,3.819
5,4635,3.423
5,4636,2.585
5,4637,2.632
5,4638,2.687
5,4639,3.592
5,4640,3.803
5,4641,4.527
5,4642,2.572
5,4643,2.916
5,4644,3.376
5,4645,2.510
5,4646,2.881
5,4647,2.391
5,4648,2.907
5,4649,3.134
5,4650,3.501
5,4651,3.625
5,4652,2.677
5,4653,2.782
5,4654,3.245
5,4655,3.106
5,4656,2.899
5,4657,2.265
5,4658,2.611
5,4659,2.075
5,4660,2.949
5,4661,3.880
5,4662,3.386
5,4663,3.541
5,4664,2.022
5,4665,3.468
5,4666,2.630
5,4667,2.778
5,4668,3.097
5,4669,2.744
5,4670,4.435
5,4671,3.224
5,4672,2.758
5,4673,3.423
5,4674,3.032
5,4675,2.712
5,4676,2.843
5,4677,2.633
5,4678,1.876
5,4679,2.518
5,4680,2.807
5,4681,2.783
5,4682,2.669
5,4683,2.957
5,4684,3.618
5,4685,2.289
5,4686,2.889
5,4687,3.593
5,4688,2.745
5,4689,2.645
5,4690,2.007
5,4691,2.737
5,4692,2.731
5,4693,2.862
5,4694,3.643
5,4695,2.426
5,4696,3.893
5,4697,3.130
5,4698,4.745
5,4699,3.691
5,4700,2.817
5,4701,2.306
5,4702,3.052
5,4703,4.899
5,4704,3.191
5,4705,2.628
5,4706,3.529
5,4707,4.741
5,4708,4.295
5,4709,3.954
5,4710,4.329
5,4711,3.883
5,4712,3.761
5,4713,3.879
5,4714,3.324
5,4715,3.994
5,4716,2.892
5,4717,3.190
5,4718,2.620
5,4719,2.566
5,4720,3.730
5,4721,2.271
5,4722,3.442
5,4723,2.504
5,4724,3.321
5,4725,2.532
5,4726,3.178
5,4727,3.593
5,4728,2.398
5,4729,3.194
5,4730,3.294
5,4731,3.484
5,4732,3.150
5,4733,3.401
5,4734,2.863
5,4735,3.306
5,4736,2.491
5,4737,1.838
5,4738,2.532
5,4739,2.119
5,4740,1.935
5,4741,2.368
5,4742,2.623
5,4743,2.029
5,4744,2.253
5,4745,2.554
5,4746,2.279
5,4747,2.326
5,4748,2.169
5,4749,2.711
5,4750,3.018
5,4751,2.398
5,4752,2.184
5,4753,3.971
5,4754,2.448
5,4755,3.387
5,4756,2.277
5,4757,1.791
5,4758,2.496
5,4759,2.026
5,4760,2.521
5,4761,2.728
5,4762,2.415
5,4763,1.792
5,4764,2.552
5,4765,2.324
5,4766,1.919
5,4767,2.504
5,4768,2.611
5,4769,1.547
5,4770,2.574
5,4771,2.171
5,4772,1.883
5,4773,2.133
5,4774,2.489
5,4775,2.245
5,4776,2.844
5,4777,2.249
5,4778,2.139
5,4779,2.997
5,4780,2.431
5,4781,1.918
5,4782,5.283
5,4783,4.666
5,4784,3.757
5,4785,4.247
5,4786,2.905
5,4787,3.189
5,4788,2.505
5,4789,2.653
5,4790,2.640
5,4791,2.450
5,4792,2.701
5,4793,2.493
5,4794,2.182
5,4795,3.257
5,4796,1.857
5,4797,1.517
5,4798,2.743
5,4799,2.430
5,4800,1.896
5,4801,2.565
5,4802,2.257
5,4803,1.962
5,4804,2.883
5,4805,2.809
5,4806,1.921
5,4807,2.299
5,4808,2.401
5,4809,1.666
5,4810,2.552
5,4811,2.273
5,4812,2.033
5,4813,2.385
5,4814,1.974
5,4815,1.667
5,4816,1.923
5,4817,2.502
5,4818,1.826
5,4819,2.017
5,4820,3.251
5,4821,2.018
5,4822,1.641
5,4823,2.029
5,4824,2.091
5,4825,1.691
5,4826,2.072
5,4827,2.326
5,4828,2.043
5,4829,1.501
5,4830,2.549
5,4831,2.208
5,4832,1.791
5,4833,1.637
5,4834,2.430
5,4835,1.848
5,4836,1.785
5,4837,2.690
5,4838,1.660
5,4839,1.438
5,4840,1.449
5,4841,1.580
5,4842,1.757
5,4843,1.910
5,4844,1.668
5,4845,1.619
5,4846,1.392
5,4847,2.139
5,4848,1.791
5,4849,1.811
5,4850,1.479
5,4851,1.430
5,4852,1.482
5,4853,2.969
5,4854,2.456
5,4855,1.796
5,4856,2.343
5,4857,1.617
5,4858,1.555
5,4859,1.843
5,4860,1.926
5,4861,2.746
5,4862,2.095
5,4863,2.496
5,4864,2.031
5,4865,1.832
5,4866,2.254
5,4867,2.390
5,4868,2.027
5,4869,1.934
5,4870,1.990
5,4871,1.703
5,4872,1.689
5,4873,2.055
5,4874,2.172
5,4875,1.480
5,4876,2.119
5,4877,2.068
5,4878,1.932
5,4879,1.862
5,4880,2.376
5,4881,1.979
5,4882,1.597
5,4883,2.828
5,4884,3.127
5,4885,3.174
5,4886,3.286
5,4887,2.533
5,4888,2.544
5,4889,2.517
5,4890,2.110
5,4891,2.369
5,4892,2.181
5,4893,2.050
5,4894,2.296
5,4895,2.368
5,4896,2.300
5,4897,2.949
5,4898,3.061
5,4899,2.234
5,4900,2.444
5,4901,1.774
5,4902,2.433
5,4903,2.372
5,4904,2.193
5,4905,2.206
5,4906,2.055
5,4907,1.788
5,4908,2.061
5,4909,2.231
5,4910,2.261
5,4911,1.903
5,4912,2.316
5,4913,2.091
5,4914,1.513
5,4915,1.703
5,4916,2.393
5,4917,3.171
5,4918,2.021
5,4919,1.954
5,4920,2.790
5,4921,1.994
5,4922,2.330
5,4923,1.821
5,4924,2.059
5,4925,2.627
5,4926,2.829
5,4927,2.740
5,4928,2.968
5,4929,1.977
5,4930,2.328
5,4931,2.368
5,4932,1.766
5,4933,1.528
5,4934,2.469
5,4935,2.346
5,4936,2.284
5,4937,3.054
5,4938,2.286
5,4939,2.066
5,4940,2.236
5,4941,1.854
5,4942,1.605
5,4943,1.975
5,4944,2.752
5,4945,2.946
5,4946,2.416
5,4947,2.251
5,4948,2.325
5,4949,2.801
5,4950,2.259
5,4951,3.851
5,4952,2.437
5,4953,2.176
5,4954,2.405
5,4955,2.312
5,4956,2.434
5,4957,3.032
5,4958,2.602
5,4959,1.737
5,4960,1.892
5,4961,1.551
5,4962,1.422
5,4963,1.439
5,4964,1.635
5,4965,2.191
5,4966,2.248
5,4967,2.244
5,4968,2.292
5,4969,1.691
5,4970,1.587
5,4971,1.578
5,4972,1.497
5,4973,1.985
5,4974,1.818
5,4975,1.791
5,4976,1.964
5,4977,1.930
5,4978,1.380
5,4979,1.739
5,4980,1.565
5,4981,1.490
5,4982,1.993
5,4983,2.465
5,4984,2.001
5,4985,1.500
5,4986,1.452
5,4987,2.455
5,4988,1.661
5,4989,1.350
5,4990,1.375
5,4991,1.704
5,4992,2.107
5,4993,2.211
5,4994,1.590
5,4995,1.729
5,4996,1.710
5,4997,1.739
5,4998,1.470
5,4999,1.885
5,5000,1.827
5,5001,1.919
5,5002,1.558
5,5003,1.660
5,5004,1.691
5,5005,1.753
5,5006,1.425
5,5007,2.009
5,5008,1.540
5,5009,1.385
5,5010,1.793
5,5011,2.201
5,5012,1.607
5,5013,1.366
5,5014,1.317
5,5015,1.657
5,5016,1.706
5,5017,1.800
5,5018,1.759
5,5019,1.726
5,5020,2.711
5,5021,2.049
5,5022,2.064
5,5023,1.982
5,5024,1.790
5,5025,1.468
5,5026,1.502
5,5027,2.574
5,5028,1.952
5,5029,2.259
5,5030,2.257
5,5031,2.139
5,5032,3.079
5,5033,2.009
5,5034,1.715
5,5035,2.000
5,5036,2.164
5,5037,2.068
5,5038,1.533
5,5039,1.415
5,5040,1.910
5,5041,1.968
5,5042,1.852
5,5043,2.369
5,5044,2.807
5,5045,1.943
5,5046,2.530
5,5047,2.451
5,5048,1.868
5,5049,1.865
5,5050,2.896
5,5051,2.144
5,5052,3.082
5,5053,2.149
5,5054,1.801
5,5055,2.199
5,5056,2.671
5,5057,2.100
5,5058,2.392
5,5059,2.526
5,5060,2.302
5,5061,2.326
5,5062,2.251
5,5063,2.376
5,5064,2.483
5,5065,2.196
5,5066,2.091
5,5067,2.293
5,5068,2.940
5,5069,2.636
5,5070,3.274
5,5071,3.022
5,5072,3.058
5,5073,3.342
5,5074,3.624
5,5075,3.114
5,5076,2.789
5,5077,3.214
5,5078,2.535
5,5079,3.165
5,5080,3.002
5,5081,2.809
5,5082,2.356
5,5083,2.179
5,5084,2.599
5,5085,2.587
5,5086,2.810
5,5087,3.012
5,5088,2.086
5,5089,2.616
5,5090,2.632
5,5091,2.598
5,5092,3.306
5,5093,2.851
5,5094,2.964
5,5095,2.439
5,5096,2.442
5,5097,3.061
5,5098,2.387
5,5099,2.357
5,5100,2.623
5,5101,2.769
5,5102,2.535
5,5103,2.678
5,5104,2.370
5,5105,2.660
5,5106,2.269
5,5107,2.356
5,5108,3.223
5,5109,3.270
5,5110,2.918
5,5111,2.607
5,5112,2.264
5,5113,2.631
5,5114,3.138
5,5115,2.950
5,5116,2.275
5,5117,2.087
5,5118,2.612
5,5119,2.388
5,5120,1.934
5,5121,3.303
5,5122,2.760
5,5123,2.591
5,5124,2.581
5,5125,2.201
5,5126,2.400
5,5127,3.217
5,5128,3.229
5,5129,2.754
5,5130,2.662
5,5131,2.711
5,5132,2.601
5,5133,2.719
5,5134,2.970
5,5135,2.075
5,5136,2.229
5,5137,2.203
5,5138,2.433
5,5139,2.455
5,5140,2.604
5,5141,2.940
5,5142,2.805
5,5143,2.115
5,5144,1.753
5,5145,1.812
5,5146,2.139
5,5147,2.047
5,5148,2.173
5,5149,2.232
5,5150,1.729
5,5151,1.795
5,5152,2.111
5,5153,1.867
5,5154,2.776
5,5155,2.063
5,5156,2.587
5,5157,2.589
5,5158,2.181
5,5159,2.055
5,5160,2.051
5,5161,2.004
5,5162,1.748
5,5163,1.498
5,5164,1.592
5,5165,1.756
5,5166,2.331
5,5167,1.629
5,5168,1.475
5,5169,1.807
5,5170,1.849
5,5171,1.647
5,5172,1.724
5,5173,1.488
5,5174,1.935
5,5175,1.718
5,5176,2.156
5,5177,1.861
5,5178,1.990
5,5179,1.724
5,5180,1.475
5,5181,1.650
5,5182,1.716
5,5183,1.763
5,5184,1.598
5,5185,1.504
5,5186,2.128
5,5187,1.532
5,5188,2.562
5,5189,1.990
5,5190,3.509
5,5191,3.277
5,5192,2.654
5,5193,2.943
5,5194,2.620
5,5195,2.359
5,5196,2.777
5,5197,2.952
5,5198,2.350
5,5199,3.724
5,5200,2.941
5,5201,2.694
5,5202,2.637
5,5203,2.673
5,5204,4.446
5,5205,4.132
5,5206,3.513
5,5207,3.047
5,5208,4.057
5,5209,2.920
5,5210,2.501
5,5211,2.498
5,5212,3.194
5,5213,2.957
5,5214,2.791
5,5215,2.543
5,5216,3.050
5,5217,3.526
5,5218,3.647
5,5219,2.703
5,5220,2.365
5,5221,3.182
5,5222,2.587
5,5223,1.970
5,5224,2.657
5,5225,2.977
5,5226,2.693
5,5227,2.581
5,5228,2.213
5,5229,2.238
5,5230,2.811
5,5231,2.529
5,5232,3.091
5,5233,2.661
5,5234,2.475
5,5235,2.406
5,5236,2.249
5,5237,2.592
5,5238,2.393
5,5239,2.732
5,5240,2.753
5,5241,2.992
5,5242,2.935
5,5243,2.671
5,5244,2.079
5,5245,2.314
5,5246,2.459
5,5247,1.799
5,5248,1.483
5,5249,2.687
5,5250,2.338
5,5251,2.487
5,5252,3.414
5,5253,3.838
5,5254,2.834
5,5255,2.307
5,5256,1.808
5,5257,2.225
5,5258,1.937
5,5259,1.629
5,5260,1.875
5,5261,2.367
5,5262,2.281
5,5263,2.652
5,5264,2.481
5,5265,2.195
5,5266,2.640
5,5267,2.248
5,5268,2.507
5,5269,2.205
5,5270,2.123
5,5271,1.950
5,5272,1.736
5,5273,2.366
5,5274,2.202
5,5275,2.142
5,5276,3.180
5,5277,1.923
5,5278,1.891
5,5279,2.320
5,5280,2.369
5,5281,2.101
5,5282,2.719
5,5283,2.965
5,5284,2.551
5,5285,1.748
5,5286,1.522
5,5287,1.708
5,5288,2.044
5,5289,2.021
5,5290,1.575
5,5291,1.960
5,5292,2.050
5,5293,2.233
5,5294,1.752
5,5295,1.788
5,5296,1.933
5,5297,1.525
5,5298,1.499
5,5299,2.059
5,5300,2.230
5,5301,1.554
5,5302,1.441
5,5303,2.152
5,5304,1.679
5,5305,2.503
5,5306,2.206
5,5307,2.948
5,5308,2.135
5,5309,2.428
5,5310,2.268
5,5311,2.800
5,5312,2.234
5,5313,2.479
5,5314,1.946
5,5315,1.927
5,5316,1.690
5,5317,1.600
5,5318,1.583
5,5319,1.802
5,5320,2.018
5,5321,2.115
5,5322,2.015
5,5323,2.260
5,5324,1.979
5,5325,1.587
5,5326,1.805
5,5327,1.695
5,5328,1.501
5,5329,2.665
5,5330,3.256
5,5331,2.846
5,5332,3.253
5,5333,2.772
5,5334,2.053
5,5335,2.799
5,5336,3.073
5,5337,2.234
5,5338,2.403
5,5339,1.880
5,5340,1.877
5,5341,2.470
5,5342,3.391
5,5343,2.511
5,5344,2.319
5,5345,2.121
5,5346,2.130
5,5347,1.895
5,5348,1.852
5,5349,2.265
5,5350,2.861
5,5351,1.967
5,5352,2.062
5,5353,2.515
5,5354,1.837
5,5355,1.445
5,5356,1.667
5,5357,2.085
5,5358,2.014
5,5359,2.638
5,5360,2.386
5,5361,1.817
5,5362,1.538
5,5363,1.666
5,5364,1.816
5,5365,1.968
5,5366,2.154
5,5367,1.878
5,5368,2.736
5,5369,3.153
5,5370,2.538
5,5371,2.142
5,5372,1.994
5,5373,2.060
5,5374,1.604
5,5375,1.376
5,5376,2.371
5,5377,1.785
5,5378,1.707
5,5379,1.689
5,5380,2.027
5,5381,2.008
5,5382,1.731
5,5383,1.817
5,5384,2.230
5,5385,2.121
5,5386,1.637
5,5387,1.751
5,5388,1.856
5,5389,2.485
5,5390,1.731
5,5391,2.107
5,5392,1.614
5,5393,1.467
5,5394,2.129
5,5395,1.847
5,5396,1.574
5,5397,1.696
5,5398,2.066
5,5399,1.883
5,5400,1.940
5,5401,1.579
5,5402,1.721
5,5403,1.673
5,5404,2.259
5,5405,1.918
5,5406,2.002
5,5407,1.675
5,5408,1.455
5,5409,1.529
5,5410,1.742
5,5411,1.939
5,5412,1.710
5,5413,1.625
5,5414,2.108
5,5415,1.670
5,5416,3.131
5,5417,2.164
5,5418,2.290
5,5419,1.760
5,5420,1.853
5,5421,2.045
5,5422,2.442
5,5423,1.923
5,5424,1.847
5,5425,1.799
5,5426,1.989
5,5427,1.804
5,5428,1.701
5,5429,1.470
5,5430,1.453
5,5431,2.464
5,5432,2.639
5,5433,1.980
5,5434,2.090
5,5435,2.259
5,5436,2.392
5,5437,1.748
5,5438,2.369
5,5439,1.862
5,5440,2.350
5,5441,1.939
5,5442,1.490
5,5443,1.847
5,5444,1.551
5,5445,1.693
5,5446,1.657
5,5447,2.343
5,5448,1.936
5,5449,1.998
5,5450,1.783
5,5451,1.557
5,5452,1.821
5,5453,1.525
5,5454,1.503
5,5455,1.605
5,5456,2.246
5,5457,2.269
5,5458,1.688
5,5459,2.160
5,5460,1.690
5,5461,1.571
5,5462,1.575
5,5463,1.854
5,5464,1.770
5,5465,2.849
5,5466,2.942
5,5467,2.717
5,5468,2.525
5,5469,2.058
5,5470,1.758
5,5471,1.598
5,5472,2.554
5,5473,2.561
5,5474,2.320
5,5475,2.311
5,5476,2.913
5,5477,2.290
5,5478,2.824
5,5479,2.925
5,5480,2.875
5,5481,2.359
5,5482,2.168
5,5483,2.521
5,5484,2.631
5,5485,2.489
5,5486,2.283
5,5487,2.163
5,5488,2.142
5,5489,1.821
5,5490,2.323
5,5491,2.345
5,5492,2.394
5,5493,2.329
5,5494,1.829
5,5495,1.648
5,5496,1.712
5,5497,2.139
5,5498,2.049
5,5499,1.805
5,5500,2.415
5,5501,1.911
5,5502,1.764
5,5503,1.789
5,5504,1.647
5,5505,1.504
5,5506,1.523
5,5507,1.638
5,5508,2.064
5,5509,2.296
5,5510,2.433
5,5511,1.752
5,5512,1.590
5,5513,1.639
5,5514,1.621
5,5515,1.505
5,5516,1.821
5,5517,1.510
5,5518,1.873
5,5519,2.027
5,5520,2.147
5,5521,1.572
5,5522,1.464
5,5523,1.533
5,5524,1.665
5,5525,1.820
5,5526,1.703
5,5527,2.076
5,5528,1.979
5,5529,1.760
5,5530,2.178
5,5531,1.859
5,5532,1.511
5,5533,1.548
5,5534,1.497
5,5535,1.856
5,5536,2.910
5,5537,1.644
5,5538,1.657
5,5539,1.906
5,5540,1.872
5,5541,1.551
5,5542,1.947
5,5543,2.669
5,5544,1.976
5,5545,1.645
5,5546,1.959
5,5547,1.926
5,5548,2.526
5,5549,2.026
5,5550,1.662
5,5551,1.984
5,5552,1.955
5,5553,1.635
5,5554,1.445
5,5555,1.405
5,5556,1.510
5,5557,1.710
5,5558,1.867
5,5559,1.435
5,5560,1.369
5,5561,1.968
5,5562,1.856
5,5563,1.848
5,5564,1.725
5,5565,1.730
5,5566,1.699
5,5567,1.530
5,5568,1.802
5,5569,1.865
5,5570,1.856
5,5571,1.930
5,5572,1.521
5,5573,1.557
5,5574,1.626
5,5575,1.910
5,5576,1.645
5,5577,1.613
5,5578,1.861
5,5579,1.734
5,5580,1.795
5,5581,1.996
5,5582,1.783
5,5583,1.563
5,5584,1.511
5,5585,1.604
5,5586,1.974
5,5587,1.699
5,5588,2.112
5,5589,2.125
5,5590,2.080
5,5591,2.013
5,5592,2.235
5,5593,2.860
5,5594,1.619
5,5595,1.650
5,5596,2.916
5,5597,1.713
5,5598,1.774
5,5599,1.772
5,5600,1.640
5,5601,1.923
5,5602,1.767
5,5603,1.733
5,5604,2.022
5,5605,1.956
5,5606,1.655
5,5607,1.973
5,5608,1.715
5,5609,1.499
5,5610,1.512
5,5611,1.892
5,5612,1.886
5,5613,2.100
5,5614,2.017
5,5615,2.252
5,5616,1.732
5,5617,1.821
5,5618,2.156
5,5619,1.783
5,5620,1.589
5,5621,1.507
5,5622,2.885
5,5623,2.772
5,5624,2.858
5,5625,2.036
5,5626,1.939
5,5627,2.167
5,5628,2.302
5,5629,1.982
5,5630,1.712
5,5631,2.042
5,5632,2.555
5,5633,1.638
5,5634,1.717
5,5635,1.982
5,5636,1.877
5,5637,2.656
5,5638,2.350
5,5639,2.131
5,5640,2.595
5,5641,2.451
5,5642,1.894
5,5643,2.110
5,5644,2.576
5,5645,2.722
5,5646,2.331
5,5647,3.632
5,5648,2.203
5,5649,2.920
5,5650,2.510
5,5651,2.410
5,5652,2.784
5,5653,2.431
5,5654,3.060
5,5655,2.694
5,5656,2.519
5,5657,2.410
5,5658,2.061
5,5659,2.031
5,5660,2.396
5,5661,2.713
5,5662,2.605
5,5663,2.225
5,5664,2.180
5,5665,2.282
5,5666,2.227
5,5667,2.418
5,5668,2.065
5,5669,3.628
5,5670,2.181
5,5671,2.203
5,5672,2.046
5,5673,2.299
5,5674,2.380
5,5675,2.364
5,5676,2.989
5,5677,2.770
5,5678,2.404
5,5679,2.246
5,5680,2.397
5,5681,2.716
5,5682,2.645
5,5683,2.649
5,5684,2.469
5,5685,2.353
5,5686,2.231
5,5687,2.702
5,5688,2.541
5,5689,2.466
5,5690,2.682
5,5691,2.307
5,5692,2.122
5,5693,2.237
5,5694,3.351
5,5695,2.150
5,5696,2.519
5,5697,2.861
5,5698,2.224
5,5699,2.230
5,5700,3.046
5,5701,3.294
5,5702,3.455
5,5703,4.317
5,5704,2.768
5,5705,3.050
5,5706,2.845
5,5707,3.080
5,5708,3.169
5,5709,3.351
5,5710,2.917
5,5711,2.569
5,5712,2.713
5,5713,2.475
5,5714,2.437
5,5715,2.371
5,5716,3.247
5,5717,2.284
5,5718,2.529
5,5719,2.582
5,5720,2.223
5,5721,2.225
5,5722,2.756
5,5723,3.073
5,5724,2.905
5,5725,2.337
5,5726,2.573
5,5727,2.190
5,5728,3.341
5,5729,2.652
5,5730,2.358
5,5731,1.664
5,5732,1.871
5,5733,1.969
5,5734,2.341
5,5735,2.602
5,5736,2.532
5,5737,2.606
5,5738,3.113
5,5739,2.082
5,5740,1.732
5,5741,2.230
5,5742,3.158
5,5743,3.184
5,5744,2.972
5,5745,3.672
5,5746,3.181
5,5747,2.320
5,5748,3.314
5,5749,3.210
5,5750,5.061
5,5751,6.274
5,5752,3.366
5,5753,3.205
5,5754,2.690
5,5755,2.609
5,5756,3.788
5,5757,2.591
5,5758,3.422
5,5759,1.879
5,5760,2.870
5,5761,2.854
5,5762,2.172
5,5763,3.041
5,5764,2.362
5,5765,2.917
5,5766,3.347
5,5767,2.374
5,5768,3.452
5,5769,2.668
5,5770,2.377
5,5771,2.913
5,5772,2.611
5,5773,3.182
5,5774,1.991
5,5775,1.959
5,5776,3.205
5,5777,2.161
5,5778,1.862
5,5779,3.196
5,5780,1.924
5,5781,2.286
5,5782,2.547
5,5783,2.543
5,5784,2.604
5,5785,2.622
5,5786,2.269
5,5787,3.122
5,5788,2.075
5,5789,1.574
5,5790,3.088
5,5791,2.117
5,5792,3.343
5,5793,2.679
5,5794,1.754
5,5795,1.821
5,5796,2.956
5,5797,2.630
5,5798,4.001
5,5799,3.182
5,5800,3.580
5,5801,2.851
5,5802,3.287
5,5803,2.704
5,5804,2.195
5,5805,3.378
5,5806,2.165
5,5807,1.743
5,5808,2.900
5,5809,2.592
5,5810,3.927
5,5811,2.479
5,5812,1.913
5,5813,3.020
5,5814,2.076
5,5815,3.195
5,5816,2.667
5,5817,2.498
5,5818,2.963
5,5819,1.930
5,5820,1.625
5,5821,3.286
5,5822,2.645
5,5823,2.899
5,5824,2.938
5,5825,2.010
5,5826,2.473
5,5827,2.821
5,5828,1.979
5,5829,3.153
5,5830,2.286
5,5831,2.332
5,5832,2.828
5,5833,2.440
5,5834,2.737
5,5835,2.960
5,5836,1.766
5,5837,2.983
5,5838,2.404
5,5839,1.813
5,5840,3.045
5,5841,2.227
5,5842,1.738
5,5843,2.873
5,5844,2.317
5,5845,2.059
5,5846,3.843
5,5847,2.102
5,5848,3.675
5,5849,2.328
5,5850,1.842
5,5851,2.951
5,5852,2.545
5,5853,2.319
5,5854,3.062
5,5855,1.839
5,5856,1.775
5,5857,3.107
5,5858,2.529
5,5859,3.292
5,5860,2.240
5,5861,2.022
5,5862,2.824
5,5863,2.202
5,5864,1.972
5,5865,3.366
5,5866,2.614
5,5867,2.213
5,5868,2.962
5,5869,2.602
5,5870,3.553
5,5871,2.617
5,5872,3.037
5,5873,3.438
5,5874,2.254
5,5875,3.279
5,5876,2.422
5,5877,3.282
5,5878,2.409
5,5879,3.130
5,5880,3.018
5,5881,2.218
5,5882,3.825
5,5883,2.335
5,5884,3.059
5,5885,3.426
5,5886,3.332
5,5887,3.281
5,5888,2.410
5,5889,3.477
5,5890,2.477
5,5891,3.372
5,5892,2.775
5,5893,3.111
5,5894,2.698
5,5895,1.831
5,5896,2.764
5,5897,2.280
5,5898,2.396
5,5899,3.617
5,5900,2.289
5,5901,2.701
5,5902,2.741
5,5903,2.722
5,5904,3.652
5,5905,2.495
5,5906,2.646
5,5907,3.380
5,5908,2.783
5,5909,3.314
5,5910,2.576
5,5911,4.016
5,5912,1.879
5,5913,2.265
5,5914,3.107
5,5915,1.900
5,5916,2.851
5,5917,2.472
5,5918,2.440
5,5919,3.586
5,5920,2.393
5,5921,3.411
5,5922,3.543
5,5923,3.024
5,5924,3.692
5,5925,2.459
5,5926,3.931
5,5927,3.924
5,5928,3.238
5,5929,2.760
5,5930,3.643
5,5931,3.147
5,5932,3.674
5,5933,2.772
5,5934,4.789
5,5935,3.433
5,5936,4.188
5,5937,3.714
5,5938,3.498
5,5939,3.710
5,5940,4.326
5,5941,4.289
5,5942,3.516
5,5943,3.930
5,5944,3.220
5,5945,3.969
5,5946,3.080
5,5947,3.409
5,5948,3.126
5,5949,3.796
5,5950,3.307
5,5951,3.590
5,5952,2.635
5,5953,3.774
5,5954,2.731
5,5955,4.057
5,5956,2.761
5,5957,3.644
5,5958,2.637
5,5959,3.536
5,5960,2.505
5,5961,2.772
5,5962,3.740
5,5963,2.279
5,5964,3.530
5,5965,2.273
5,5966,3.137
5,5967,2.860
5,5968,3.526
5,5969,4.042
5,5970,4.306
5,5971,3.609
5,5972,4.015
5,5973,2.835
5,5974,3.561
5,5975,2.547
5,5976,2.877
5,5977,3.494
5,5978,2.487
5,5979,4.210
5,5980,3.583
5,5981,3.819
5,5982,3.019
5,5983,3.301
5,5984,2.912
5,5985,3.172
5,5986,2.193
5,5987,3.021
5,5988,2.799
5,5989,1.811
5,5990,3.459
5,5991,2.732
5,5992,3.178
5,5993,3.327
5,5994,2.931
5,5995,3.160
5,5996,1.881
5,5997,4.190
5,5998,2.312
5,5999,3.030
5,6000,2.780
5,6001,2.134
5,6002,3.780
5,6003,3.458
5,6004,3.196
5,6005,1.825
5,6006,1.994
5,6007,3.432
5,6008,2.163
5,6009,4.042
5,6010,2.598
5,6011,2.722
5,6012,2.815
5,6013,2.097
5,6014,3.838
5,6015,2.362
5,6016,2.651
5,6017,3.391
5,6018,2.333
5,6019,3.791
5,6020,2.065
5,6021,3.328
5,6022,2.707
5,6023,2.873
5,6024,3.293
5,6025,2.661
5,6026,3.260
5,6027,2.012
5,6028,2.427
5,6029,3.166
5,6030,2.273
5,6031,4.884
5,6032,2.702
5,6033,3.517
5,6034,3.484
5,6035,3.997
5,6036,2.149
5,6037,4.201
5,6038,2.414
5,6039,2.958
5,6040,2.942
5,6041,2.635
5,6042,3.228
5,6043,1.953
5,6044,2.530
5,6045,3.368
5,6046,2.965
5,6047,3.584
5,6048,2.359
5,6049,3.705
5,6050,2.076
5,6051,2.955
5,6052,3.155
5,6053,3.067
5,6054,3.439
5,6055,2.650
5,6056,3.926
5,6057,2.727
5,6058,3.718
5,6059,2.755
5,6060,3.264
5,6061,2.959
5,6062,2.450
5,6063,3.339
5,6064,2.484
5,6065,4.020
5,6066,2.772
5,6067,5.172
5,6068,4.391
5,6069,2.330
5,6070,3.427
5,6071,3.087
5,6072,2.225
5,6073,3.513
5,6074,2.273
5,6075,2.648
5,6076,3.887
5,6077,3.719
5,6078,3.568
5,6079,3.778
5,6080,3.302
5,6081,4.618
5,6082,2.563
5,6083,2.697
5,6084,3.174
5,6085,2.308
5,6086,3.128
5,6087,2.727
5,6088,1.852
5,6089,1.825
5,6090,1.680
5,6091,1.736
5,6092,1.784
5,6093,1.851
5,6094,2.091
5,6095,2.146
5,6096,2.344
5,6097,1.675
5,6098,1.713
5,6099,1.781
5,6100,1.983
5,6101,2.102
5,6102,2.495
5,6103,2.208
5,6104,1.976
5,6105,2.432
5,6106,2.116
5,6107,2.199
5,6108,2.188
5,6109,3.174
5,6110,2.928
5,6111,2.782
5,6112,2.845
5,6113,2.438
5,6114,2.702
5,6115,2.392
5,6116,2.216
5,6117,2.569
5,6118,2.569
5,6119,2.928
5,6120,3.029
5,6121,3.116
5,6122,2.961
5,6123,2.537
5,6124,3.039
5,6125,3.832
5,6126,3.096
5,6127,2.977
5,6128,3.115
5,6129,2.862
5,6130,3.160
5,6131,3.592
5,6132,2.760
5,6133,3.096
5,6134,2.775
5,6135,2.834
5,6136,3.186
5,6137,3.427
5,6138,2.723
5,6139,2.590
5,6140,2.912
5,6141,2.554
5,6142,3.450
5,6143,3.226
5,6144,3.024
5,6145,2.731
5,6146,2.492
5,6147,3.329
5,6148,2.717
5,6149,3.489
5,6150,2.762
5,6151,2.509
5,6152,2.560
5,6153,2.830
5,6154,3.172
5,6155,2.975
5,6156,2.837
5,6157,2.946
5,6158,3.053
5,6159,3.617
5,6160,2.836
5,6161,3.623
5,6162,2.971
5,6163,3.166
5,6164,2.887
5,6165,2.558
5,6166,2.882
5,6167,3.460
5,6168,2.969
5,6169,3.166
5,6170,3.109
5,6171,2.651
5,6172,2.933
5,6173,3.216
5,6174,3.074
5,6175,3.106
5,6176,2.573
5,6177,3.035
5,6178,2.682
5,6179,3.382
5,6180,3.641
5,6181,2.850
5,6182,2.783
5,6183,2.613
5,6184,3.254
5,6185,3.217
5,6186,3.496
5,6187,2.812
5,6188,2.860
5,6189,3.103
5,6190,3.180
5,6191,3.542
5,6192,2.562
5,6193,3.624
5,6194,2.770
5,6195,3.132
5,6196,2.773
5,6197,3.305
5,6198,2.816
5,6199,2.329
5,6200,2.942
5,6201,3.366
5,6202,3.406
5,6203,3.147
5,6204,2.202
5,6205,2.618
5,6206,2.530
5,6207,2.661
5,6208,2.560
5,6209,2.195
5,6210,2.603
5,6211,2.751
5,6212,2.778
5,6213,2.777
5,6214,2.563
5,6215,2.938
5,6216,2.923
5,6217,3.077
5,6218,2.945
5,6219,2.369
5,6220,2.609
5,6221,2.573
5,6222,2.453
5,6223,3.218
5,6224,2.673
5,6225,2.872
5,6226,2.687
5,6227,2.306
5,6228,2.507
5,6229,3.019
5,6230,2.801
5,6231,2.836
5,6232,2.131
5,6233,3.128
5,6234,2.329
5,6235,2.608
5,6236,2.912
5,6237,2.306
5,6238,2.365
5,6239,2.646
5,6240,2.154
5,6241,2.473
5,6242,2.411
5,6243,1.872
5,6244,1.793
5,6245,1.910
5,6246,2.395
5,6247,2.340
5,6248,2.746
5,6249,2.567
5,6250,2.298
5,6251,1.955
5,6252,1.658
5,6253,1.537
5,6254,2.410
5,6255,1.830
5,6256,1.961
5,6257,1.891
5,6258,1.888
5,6259,1.812
5,6260,1.980
5,6261,1.897
5,6262,1.652
5,6263,2.171
5,6264,2.040
5,6265,2.341
5,6266,1.964
5,6267,1.703
5,6268,1.917
5,6269,1.799
5,6270,1.746
5,6271,1.689
5,6272,2.608
5,6273,2.916
5,6274,2.357
5,6275,2.780
5,6276,2.416
5,6277,2.219
5,6278,2.375
5,6279,3.025
5,6280,1.800
5,6281,1.687
5,6282,1.544
5,6283,1.698
5,6284,1.991
5,6285,1.909
5,6286,1.552
5,6287,2.209
5,6288,2.990
5,6289,2.621
5,6290,2.501
5,6291,2.459
5,6292,2.060
5,6293,1.978
5,6294,2.765
5,6295,3.050
5,6296,2.010
5,6297,2.213
5,6298,1.856
5,6299,1.579
5,6300,1.711
5,6301,1.887
5,6302,3.030
5,6303,2.663
5,6304,1.702
5,6305,1.619
5,6306,1.720
5,6307,2.034
5,6308,1.917
5,6309,1.871
5,6310,1.743
5,6311,1.793
5,6312,2.394
5,6313,2.157
5,6314,2.025
5,6315,1.750
5,6316,1.650
5,6317,2.497
5,6318,1.951
5,6319,1.924
5,6320,1.619
5,6321,2.311
5,6322,1.930
5,6323,1.885
5,6324,1.691
5,6325,1.984
5,6326,1.959
5,6327,2.010
5,6328,2.138
5,6329,1.703
5,6330,2.311
5,6331,1.695
5,6332,1.818
5,6333,2.177
5,6334,1.947
5,6335,1.891
5,6336,1.821
5,6337,1.797
5,6338,2.062
5,6339,2.395
5,6340,1.816
5,6341,1.643
5,6342,2.276
5,6343,2.181
5,6344,1.659
5,6345,1.964
5,6346,1.802
5,6347,1.607
5,6348,2.005
5,6349,1.731
5,6350,2.192
5,6351,2.036
5,6352,1.904
5,6353,1.985
5,6354,1.833
5,6355,1.531
5,6356,1.550
5,6357,2.317
5,6358,2.665
5,6359,2.786
5,6360,2.633
5,6361,2.748
5,6362,2.871
5,6363,2.862
5,6364,2.979
5,6365,2.786
5,6366,2.370
5,6367,2.321
5,6368,2.030
5,6369,2.100
5,6370,2.579
5,6371,2.702
5,6372,1.993
5,6373,1.930
5,6374,2.316
5,6375,2.050
5,6376,1.953
5,6377,2.468
5,6378,2.101
5,6379,2.992
5,6380,2.231
5,6381,2.157
5,6382,3.794
5,6383,3.068
5,6384,1.939
5,6385,1.960
5,6386,2.049
5,6387,2.091
5,6388,1.813
5,6389,2.027
5,6390,1.784
5,6391,1.948
5,6392,2.100
5,6393,1.830
5,6394,1.583
5,6395,1.990
5,6396,1.743
5,6397,1.825
5,6398,1.858
5,6399,1.800
5,6400,2.142
5,6401,1.767
5,6402,1.788
5,6403,2.038
5,6404,2.256
5,6405,1.785
5,6406,1.785
5,6407,2.341
5,6408,2.659
5,6409,2.094
5,6410,2.193
5,6411,1.729
5,6412,2.535
5,6413,1.966
5,6414,2.029
5,6415,2.250
5,6416,1.839
5,6417,2.009
5,6418,1.898
5,6419,1.597
5,6420,1.717
5,6421,1.947
5,6422,2.144
5,6423,2.482
5,6424,2.106
5,6425,2.149
5,6426,2.673
5,6427,2.700
5,6428,2.590
5,6429,3.236
5,6430,2.675
5,6431,2.527
5,6432,2.174
5,6433,1.931
5,6434,2.559
5,6435,3.454
5,6436,2.998
5,6437,2.660
5,6438,2.767
5,6439,2.489
5,6440,3.383
5,6441,3.555
5,6442,3.134
5,6443,2.110
5,6444,2.398
5,6445,2.553
5,6446,3.159
5,6447,3.783
5,6448,3.313
5,6449,2.880
5,6450,2.607
5,6451,4.014
5,6452,3.502
5,6453,2.748
5,6454,3.126
5,6455,2.658
5,6456,3.120
5,6457,2.324
5,6458,2.764
5,6459,2.446
5,6460,2.368
5,6461,2.923
5,6462,2.762
5,6463,2.570
5,6464,2.395
5,6465,2.813
5,6466,3.049
5,6467,2.845
5,6468,3.563
5,6469,2.790
5,6470,3.279
5,6471,2.709
5,6472,3.423
5,6473,3.420
5,6474,3.566
5,6475,3.040
5,6476,3.383
5,6477,2.975
5,6478,2.528
5,6479,2.303
5,6480,2.404
5,6481,2.240
5,6482,2.547
5,6483,2.323
5,6484,3.282
5,6485,3.077
5,6486,2.479
5,6487,2.654
5,6488,2.610
5,6489,2.193
5,6490,2.719
5,6491,2.345
5,6492,2.140
5,6493,2.229
5,6494,2.939
5,6495,2.228
5,6496,2.334
5,6497,2.873
5,6498,2.263
5,6499,2.251
5,6500,1.905
5,6501,2.173
5,6502,2.559
5,6503,3.251
5,6504,3.201
5,6505,2.248
5,6506,2.080
5,6507,2.195
5,6508,2.638
5,6509,1.896
5,6510,2.091
5,6511,2.149
5,6512,1.904
5,6513,1.754
5,6514,1.728
5,6515,1.599
5,6516,1.609
5,6517,2.088
5,6518,2.031
5,6519,1.769
5,6520,1.619
5,6521,1.817
5,6522,2.102
5,6523,1.734
5,6524,1.539
5,6525,1.620
5,6526,1.800
5,6527,3.448
5,6528,2.082
5,6529,1.853
5,6530,1.731
5,6531,1.640
5,6532,1.905
5,6533,1.796
5,6534,1.922
5,6535,2.821
5,6536,2.577
5,6537,2.198
5,6538,1.787
5,6539,2.123
5,6540,2.332
5,6541,2.014
5,6542,2.429
5,6543,1.973
5,6544,2.284
5,6545,2.341
5,6546,2.158
5,6547,1.720
5,6548,1.636
5,6549,1.887
5,6550,2.888
5,6551,2.223
5,6552,2.485
5,6553,1.854
5,6554,1.618
5,6555,1.704
5,6556,2.126
5,6557,1.993
5,6558,2.547
5,6559,2.532
5,6560,2.977
5,6561,2.463
5,6562,2.333
5,6563,1.853
5,6564,2.521
5,6565,2.333
5,6566,2.261
5,6567,3.016
5,6568,2.596
5,6569,2.057
5,6570,2.579
5,6571,2.428
5,6572,1.999
5,6573,2.419
5,6574,2.784
5,6575,1.729
5,6576,1.866
5,6577,2.121
5,6578,1.961
5,6579,2.146
5,6580,2.008
5,6581,1.647
5,6582,1.853
5,6583,2.510
5,6584,1.779
5,6585,1.556
5,6586,2.047
5,6587,2.524
5,6588,1.967
5,6589,1.500
5,6590,1.767
5,6591,1.819
5,6592,2.210
5,6593,1.988
5,6594,2.373
5,6595,2.202
5,6596,2.074
5,6597,2.455
5,6598,2.413
5,6599,2.418
5,6600,2.611
5,6601,3.250
5,6602,3.077
5,6603,2.545
5,6604,2.577
5,6605,2.510
5,6606,1.799
5,6607,2.325
5,6608,2.213
5,6609,2.065
5,6610,1.770
5,6611,1.774
5,6612,2.146
5,6613,2.214
5,6614,2.592
5,6615,2.941
5,6616,2.050
5,6617,2.218
5,6618,2.578
5,6619,2.038
5,6620,2.301
5,6621,2.865
5,6622,2.777
5,6623,2.292
5,6624,2.492
5,6625,2.064
5,6626,2.477
5,6627,2.617
5,6628,2.242
5,6629,2.801
5,6630,2.296
5,6631,2.168
5,6632,2.248
5,6633,2.066
5,6634,2.363
5,6635,2.575
5,6636,1.831
5,6637,2.204
5,6638,2.022
5,6639,2.084
5,6640,1.963
5,6641,1.914
5,6642,2.697
5,6643,2.679
5,6644,2.769
5,6645,2.859
5,6646,1.968
5,6647,2.174
5,6648,2.638
5,6649,2.633
5,6650,2.400
5,6651,2.146
5,6652,2.690
5,6653,2.274
5,6654,2.028
5,6655,2.662
5,6656,2.799
5,6657,2.268
5,6658,2.644
5,6659,2.784
5,6660,2.469
5,6661,2.978
5,6662,2.397
5,6663,2.234
5,6664,2.450
5,6665,2.213
5,6666,3.154
5,6667,2.584
5,6668,3.921
5,6669,2.862
5,6670,2.066
5,6671,2.586
5,6672,2.574
5,6673,2.769
5,6674,2.561
5,6675,2.354
5,6676,2.438
5,6677,2.349
5,6678,2.302
5,6679,3.196
5,6680,2.689
5,6681,2.475
5,6682,2.482
5,6683,2.568
5,6684,2.508
5,6685,3.066
5,6686,3.158
5,6687,2.612
5,6688,2.353
5,6689,2.242
5,6690,2.555
5,6691,2.376
5,6692,2.672
5,6693,3.157
5,6694,3.568
5,6695,2.826
5,6696,2.584
5,6697,3.702
5,6698,3.361
5,6699,2.889
5,6700,2.510
5,6701,2.427
5,6702,3.020
5,6703,2.359
5,6704,2.364
5,6705,2.640
5,6706,2.944
5,6707,2.452
5,6708,3.042
5,6709,2.518
5,6710,2.340
5,6711,2.394
5,6712,2.571
5,6713,2.992
5,6714,3.308
5,6715,3.025
5,6716,2.594
5,6717,2.836
5,6718,2.796
5,6719,3.361
5,6720,3.858
5,6721,3.232
5,6722,3.430
5,6723,3.085
5,6724,3.065
5,6725,3.388
5,6726,3.375
5,6727,2.107
5,6728,2.730
5,6729,4.265
5,6730,4.188
5,6731,4.335
5,6732,3.807
5,6733,4.106
5,6734,3.397
5,6735,4.575
5,6736,4.199
5,6737,3.757
5,6738,3.583
5,6739,4.248
5,6740,3.339
5,6741,5.024
5,6742,3.218
5,6743,3.860
5,6744,3.873
5,6745,4.138
5,6746,3.840
5,6747,2.704
5,6748,3.225
5,6749,3.058
5,6750,3.583
5,6751,3.149
5,6752,2.797
5,6753,3.357
5,6754,1.770
5,6755,2.931
5,6756,2.750
5,6757,2.029
5,6758,3.824
5,6759,2.514
5,6760,4.144
5,6761,3.524
5,6762,4.847
5,6763,2.770
5,6764,4.080
5,6765,2.912
5,6766,3.778
5,6767,2.437
5,6768,3.649
5,6769,3.161
5,6770,3.650
5,6771,4.048
5,6772,3.135
5,6773,4.340
5,6774,3.302
5,6775,3.046
5,6776,3.849
5,6777,4.518
5,6778,4.108
5,6779,3.457
5,6780,4.449
5,6781,2.836
5,6782,4.285
5,6783,3.557
5,6784,3.546
5,6785,3.322
5,6786,4.567
5,6787,3.935
5,6788,3.159
5,6789,3.023
5,6790,2.648
5,6791,3.846
5,6792,3.551
5,6793,3.961
5,6794,3.325
5,6795,2.685
5,6796,2.771
5,6797,3.014
5,6798,2.834
5,6799,3.684
5,6800,3.517
5,6801,4.075
5,6802,3.210
5,6803,3.482
5,6804,3.596
5,6805,4.816
5,6806,4.794
5,6807,5.050
5,6808,4.124
5,6809,3.477
5,6810,3.166
5,6811,2.950
5,6812,3.335
5,6813,4.356
5,6814,5.448
5,6815,3.600
5,6816,3.629
5,6817,4.506
5,6818,3.319
5,6819,3.581
5,6820,3.202
5,6821,4.777
5,6822,5.694
5,6823,4.851
5,6824,3.903
5,6825,3.461
5,6826,3.728
5,6827,3.979
5,6828,2.995
5,6829,3.494
5,6830,3.328
5,6831,4.429
5,6832,4.024
5,6833,4.116
5,6834,3.453
5,6835,3.866
5,6836,3.716
5,6837,3.777
5,6838,4.062
5,6839,3.571
5,6840,3.732
5,6841,3.401
5,6842,3.506
5,6843,2.896
5,6844,2.710
5,6845,3.265
5,6846,2.868
5,6847,3.693
5,6848,2.560
5,6849,2.979
5,6850,2.860
5,6851,3.563
5,6852,2.946
5,6853,4.276
5,6854,2.643
5,6855,2.732
5,6856,3.622
5,6857,2.964
5,6858,3.447
5,6859,2.921
5,6860,2.888
5,6861,2.514
5,6862,2.784
5,6863,3.323
5,6864,2.807
5,6865,3.094
5,6866,2.447
5,6867,3.035
5,6868,4.384
5,6869,3.857
5,6870,3.406
5,6871,3.370
5,6872,3.617
5,6873,3.092
5,6874,3.597
5,6875,3.643
5,6876,2.639
5,6877,2.640
5,6878,2.453
5,6879,1.964
5,6880,2.414
5,6881,2.451
5,6882,2.231
5,6883,2.703
5,6884,2.237
5,6885,1.685
5,6886,2.191
5,6887,3.298
5,6888,2.246
5,6889,3.054
5,6890,3.692
5,6891,2.377
5,6892,2.119
5,6893,1.713
5,6894,1.782
5,6895,1.965
5,6896,2.138
5,6897,2.660
5,6898,3.052
5,6899,2.135
5,6900,2.352
5,6901,2.703
5,6902,2.059
5,6903,2.457
5,6904,2.216
5,6905,2.773
5,6906,2.352
5,6907,2.194
5,6908,1.938
5,6909,2.493
5,6910,19.294
5,6911,2.769
5,6912,1.829
5,6913,1.922
5,6914,2.211
5,6915,2.368
5,6916,2.438
5,6917,2.740
5,6918,2.218
5,6919,2.555
5,6920,2.160
5,6921,2.105
5,6922,2.517
5,6923,3.337
5,6924,2.157
5,6925,2.655
5,6926,2.837
5,6927,1.975
5,6928,2.213
5,6929,2.433
5,6930,2.557
5,6931,3.224
5,6932,4.491
5,6933,3.483
5,6934,6.469
5,6935,5.361
5,6936,4.068
5,6937,4.316
5,6938,3.462
5,6939,3.920
5,6940,4.172
5,6941,4.060
5,6942,4.361
5,6943,3.317
5,6944,3.905
5,6945,2.957
5,6946,3.125
5,6947,3.292
5,6948,3.620
5,6949,3.422
5,6950,4.572
5,6951,3.712
5,6952,5.174
5,6953,4.305
5,6954,3.736
5,6955,3.835
5,6956,3.585
5,6957,4.619
5,6958,4.848
5,6959,4.647
5,6960,3.980
5,6961,2.729
5,6962,3.485
5,6963,2.879
5,6964,3.052
5,6965,3.341
5,6966,3.796
5,6967,3.522
5,6968,5.555
5,6969,6.078
5,6970,5.202
5,6971,3.903
5,6972,3.867
5,6973,3.359
5,6974,3.768
5,6975,3.032
5,6976,2.756
5,6977,3.140
5,6978,2.850
5,6979,2.987
5,6980,2.243
5,6981,2.563
5,6982,2.471
5,6983,2.406
5,6984,2.874
5,6985,2.180
5,6986,2.004
5,6987,2.748
5,6988,2.483
5,6989,1.894
5,6990,2.706
5,6991,2.550
5,6992,1.952
5,6993,2.328
5,6994,2.319
5,6995,2.156
5,6996,3.077
5,6997,2.312
5,6998,2.395
5,6999,3.395
5,7000,2.347
5,7001,2.943
5,7002,2.448
5,7003,2.754
5,7004,3.086
5,7005,1.946
5,7006,1.981
5,7007,2.734
5,7008,1.856
5,7009,1.708
5,7010,2.666
5,7011,2.937
5,7012,2.546
5,7013,2.631
5,7014,2.279
5,7015,2.772
5,7016,2.599
5,7017,2.152
5,7018,3.506
5,7019,2.447
5,7020,2.492
5,7021,2.637
5,7022,2.583
5,7023,2.801
5,7024,2.910
5,7025,2.997
5,7026,2.795
5,7027,2.013
5,7028,2.522
5,7029,3.593
5,7030,2.626
5,7031,2.889
5,7032,2.516
5,7033,2.177
5,7034,2.569
5,7035,2.359
5,7036,2.267
5,7037,2.242
5,7038,2.282
5,7039,2.455
5,7040,2.594
5,7041,2.818
5,7042,2.326
5,7043,2.285
5,7044,2.009
5,7045,2.263
5,7046,2.354
5,7047,2.457
5,7048,2.931
5,7049,2.027
5,7050,1.810
5,7051,2.317
5,7052,2.048
5,7053,1.761
5,7054,2.684
5,7055,3.556
5,7056,2.759
5,7057,2.182
5,7058,2.165
5,7059,2.329
5,7060,2.212
5,7061,2.631
5,7062,2.405
5,7063,2.391
5,7064,2.659
5,7065,2.710
5,7066,2.330
5,7067,2.692
5,7068,2.732
5,7069,2.344
5,7070,2.497
5,7071,2.940
5,7072,2.066
5,7073,2.478
5,7074,2.786
5,7075,2.890
5,7076,2.754
5,7077,2.617
5,7078,3.195
5,7079,2.934
5,7080,2.883
5,7081,3.423
5,7082,2.284
5,7083,2.920
5,7084,3.007
5,7085,3.190
5,7086,2.139
5,7087,2.060
5,7088,2.221
5,7089,2.385
5,7090,2.167
5,7091,2.778
5,7092,2.801
5,7093,2.730
5,7094,2.743
5,7095,2.251
5,7096,1.973
5,7097,3.051
5,7098,2.878
5,7099,2.312
5,7100,2.387
5,7101,2.437
5,7102,2.448
5,7103,2.856
5,7104,2.391
5,7105,3.926
5,7106,2.405
5,7107,2.939
5,7108,2.704
5,7109,2.645
5,7110,2.504
5,7111,2.789
5,7112,2.609
5,7113,2.624
5,7114,2.343
5,7115,3.565
5,7116,3.334
5,7117,3.410
5,7118,2.755
5,7119,2.683
5,7120,2.991
5,7121,2.347
5,7122,2.763
5,7123,2.782
5,7124,2.016
5,7125,2.468
5,7126,2.874
5,7127,2.914
5,7128,2.593
5,7129,2.775
5,7130,4.082
5,7131,2.946
5,7132,3.154
5,7133,2.863
5,7134,2.846
5,7135,2.529
5,7136,3.307
5,7137,3.274
5,7138,2.825
5,7139,2.782
5,7140,2.688
5,7141,2.957
5,7142,3.523
5,7143,3.286
5,7144,2.683
5,7145,2.283
5,7146,2.827
5,7147,2.777
5,7148,2.883
5,7149,2.514
5,7150,2.519
5,7151,2.885
5,7152,3.416
5,7153,2.702
5,7154,3.909
5,7155,2.556
5,7156,2.566
5,7157,2.346
5,7158,2.345
5,7159,2.661
5,7160,1.981
5,7161,2.961
5,7162,2.740
5,7163,2.109
5,7164,3.227
5,7165,4.246
5,7166,4.134
5,7167,4.020
5,7168,3.049
5,7169,2.676
5,7170,2.502
5,7171,2.169
5,7172,2.336
5,7173,3.420
5,7174,1.978
5,7175,2.906
5,7176,3.359
5,7177,2.184
5,7178,2.787
5,7179,2.331
5,7180,3.143
5,7181,2.826
5,7182,2.613
5,7183,2.523
5,7184,2.258
5,7185,2.265
5,7186,3.417
5,7187,3.013
5,7188,2.757
5,7189,2.360
5,7190,2.058
5,7191,2.737
5,7192,2.318
5,7193,2.080
5,7194,3.130
5,7195,1.969
5,7196,1.948
5,7197,2.573
5,7198,2.369
5,7199,2.039
5,7200,2.598
5,7201,2.342
5,7202,2.844
5,7203,3.475
5,7204,2.286
5,7205,3.314
5,7206,2.906
5,7207,2.778
5,7208,2.658
5,7209,2.402
5,7210,2.786
5,7211,2.324
5,7212,2.917
5,7213,3.355
5,7214,2.693
5,7215,3.689
5,7216,2.964
5,7217,3.538
5,7218,2.407
5,7219,2.778
5,7220,2.480
5,7221,2.146
5,7222,2.290
5,7223,3.384
5,7224,3.093
5,7225,3.842
5,7226,3.608
5,7227,3.331
5,7228,3.270
5,7229,2.756
5,7230,2.625
5,7231,2.898
5,7232,2.620
5,7233,3.688
5,7234,2.592
5,7235,1.948
5,7236,2.665
5,7237,2.814
5,7238,2.020
5,7239,2.667
5,7240,3.309
5,7241,3.171
5,7242,2.661
5,7243,2.725
5,7244,3.121
5,7245,3.918
5,7246,3.218
5,7247,2.404
5,7248,2.971
5,7249,3.225
5,7250,2.614
5,7251,2.696
5,7252,2.525
5,7253,3.078
5,7254,2.556
5,7255,2.689
5,7256,2.755
5,7257,2.025
5,7258,2.470
5,7259,2.766
5,7260,1.860
5,7261,2.130
5,7262,2.476
5,7263,2.195
5,7264,2.647
5,7265,2.240
5,7266,2.016
5,7267,3.036
5,7268,2.230
5,7269,1.965
5,7270,2.166
5,7271,2.192
5,7272,1.886
5,7273,1.849
5,7274,2.054
5,7275,2.373
5,7276,2.137
5,7277,3.235
5,7278,2.299
5,7279,2.359
5,7280,2.535
5,7281,2.149
5,7282,2.413
5,7283,2.509
5,7284,2.244
5,7285,2.193
5,7286,2.480
5,7287,2.008
5,7288,2.090
5,7289,2.791
5,7290,2.947
5,7291,2.445
5,7292,2.440
5,7293,1.946
5,7294,2.012
5,7295,2.056
5,7296,1.819
5,7297,2.791
5,7298,2.361
5,7299,1.662
5,7300,1.647
5,7301,2.079
5,7302,2.194
5,7303,2.007
5,7304,3.281
5,7305,2.472
5,7306,2.527
5,7307,2.216
5,7308,2.083
5,7309,1.814
5,7310,1.965
5,7311,2.282
5,7312,1.866
5,7313,1.802
5,7314,1.772
5,7315,2.164
5,7316,1.968
5,7317,2.228
5,7318,2.027
5,7319,2.146
5,7320,2.877
5,7321,2.628
5,7322,2.181
5,7323,2.946
5,7324,2.134
5,7325,2.280
5,7326,2.336
5,7327,2.025
5,7328,1.862
5,7329,2.089
5,7330,1.903
5,7331,2.177
5,7332,2.081
5,7333,2.062
5,7334,2.195
5,7335,1.863
5,7336,2.703
5,7337,2.010
5,7338,1.827
5,7339,3.028
5,7340,2.370
5,7341,2.364
5,7342,2.345
5,7343,2.007
5,7344,1.850
5,7345,1.959
5,7346,1.945
5,7347,3.027
5,7348,2.219
5,7349,1.962
5,7350,1.848
5,7351,1.986
5,7352,2.392
5,7353,1.982
5,7354,2.314
5,7355,2.677
5,7356,2.324
5,7357,2.277
5,7358,2.023
5,7359,2.067
5,7360,2.406
5,7361,2.799
5,7362,2.811
5,7363,2.975
5,7364,2.762
5,7365,1.880
5,7366,2.032
5,7367,2.039
5,7368,2.476
5,7369,2.934
5,7370,2.688
5,7371,2.132
5,7372,2.473
5,7373,2.389
5,7374,2.765
5,7375,3.181
5,7376,2.772
5,7377,3.268
5,7378,2.056
5,7379,2.009
5,7380,2.582
5,7381,2.562
5,7382,2.273
5,7383,2.309
5,7384,2.618
5,7385,2.590
5,7386,2.917
5,7387,2.444
5,7388,2.573
5,7389,2.239
5,7390,2.040
5,7391,3.353
5,7392,2.197
5,7393,3.508
5,7394,2.823
5,7395,2.520
5,7396,3.197
5,7397,2.935
5,7398,2.676
5,7399,2.737
5,7400,2.784
5,7401,2.382
5,7402,2.062
5,7403,2.317
5,7404,2.912
5,7405,2.537
5,7406,2.165
5,7407,2.289
5,7408,1.953
5,7409,1.916
5,7410,2.064
5,7411,1.966
5,7412,2.737
5,7413,2.330
5,7414,2.362
5,7415,1.878
5,7416,1.974
5,7417,2.356
5,7418,1.949
5,7419,2.389
5,7420,3.736
5,7421,2.393
5,7422,2.451
5,7423,2.082
5,7424,2.099
5,7425,4.923
5,7426,4.142
5,7427,3.212
5,7428,3.419
5,7429,2.465
5,7430,2.780
5,7431,2.731
5,7432,3.303
5,7433,2.740
5,7434,2.673
5,7435,3.021
5,7436,2.869
5,7437,3.921
5,7438,3.803
5,7439,4.100
5,7440,4.203
5,7441,2.800
5,7442,2.324
5,7443,3.083
5,7444,2.286
5,7445,2.279
5,7446,1.772
5,7447,2.002
5,7448,2.227
5,7449,1.895
5,7450,2.395
5,7451,2.733
5,7452,2.135
5,7453,2.471
5,7454,2.279
5,7455,1.898
5,7456,1.971
5,7457,2.445
5,7458,2.183
5,7459,3.008
5,7460,2.503
5,7461,2.250
5,7462,2.240
5,7463,2.309
5,7464,2.307
5,7465,2.836
5,7466,3.474
5,7467,2.353
5,7468,2.435
5,7469,2.057
5,7470,2.023
5,7471,2.477
5,7472,2.436
5,7473,2.853
5,7474,2.206
5,7475,1.864
5,7476,2.069
5,7477,2.510
5,7478,2.127
5,7479,2.101
5,7480,2.697
5,7481,2.360
5,7482,1.892
5,7483,2.120
5,7484,1.806
5,7485,1.799
5,7486,2.286
5,7487,3.044
5,7488,2.824
5,7489,3.966
5,7490,3.099
5,7491,3.848
5,7492,2.704
5,7493,3.787
5,7494,2.929
5,7495,2.577
5,7496,2.510
5,7497,2.855
5,7498,2.743
5,7499,2.347
5,7500,2.688
5,7501,3.000
5,7502,2.062
5,7503,2.760
5,7504,2.628
5,7505,2.377
5,7506,2.392
5,7507,2.065
5,7508,2.498
5,7509,2.133
5,7510,2.447
5,7511,1.968
5,7512,2.151
5,7513,2.286
5,7514,1.918
5,7515,1.937
5,7516,2.293
5,7517,2.236
5,7518,2.093
5,7519,1.937
5,7520,1.748
5,7521,1.690
5,7522,2.951
5,7523,2.489
5,7524,2.556
5,7525,2.411
5,7526,2.183
5,7527,1.984
5,7528,2.139
5,7529,1.721
5,7530,1.561
5,7531,2.486
5,7532,2.343
5,7533,1.929
5,7534,1.699
5,7535,1.977
5,7536,1.813
5,7537,1.727
5,7538,1.804
5,7539,2.274
5,7540,1.801
5,7541,2.511
5,7542,2.159
5,7543,1.793
5,7544,1.556
5,7545,1.728
5,7546,1.889
5,7547,2.323
5,7548,2.936
5,7549,2.637
5,7550,2.107
5,7551,2.505
5,7552,3.137
5,7553,2.066
5,7554,2.927
5,7555,2.469
5,7556,2.609
5,7557,2.068
5,7558,1.788
5,7559,2.498
5,7560,2.909
5,7561,2.438
5,7562,2.657
5,7563,2.821
5,7564,1.973
5,7565,2.473
5,7566,2.647
5,7567,2.791
5,7568,2.147
5,7569,1.907
5,7570,2.168
5,7571,2.293
5,7572,2.159
5,7573,3.082
5,7574,4.450
5,7575,2.749
5,7576,3.133
5,7577,1.928
5,7578,4.197
5,7579,2.854
5,7580,2.223
5,7581,3.034
5,7582,3.592
5,7583,2.998
5,7584,2.545
5,7585,2.547
5,7586,2.151
5,7587,2.217
5,7588,2.829
5,7589,3.464
5,7590,2.450
5,7591,2.704
5,7592,2.427
5,7593,2.637
5,7594,2.823
5,7595,2.597
5,7596,3.330
5,7597,2.182
5,7598,2.182
5,7599,2.452
5,7600,2.159
5,7601,2.521
5,7602,2.475
5,7603,2.557
5,7604,2.833
5,7605,3.066
5,7606,2.488
5,7607,3.393
5,7608,2.671
5,7609,2.939
5,7610,2.132
5,7611,2.343
5,7612,2.349
5,7613,3.221
5,7614,2.921
5,7615,2.898
5,7616,3.281
5,7617,3.516
5,7618,3.554
5,7619,2.962
5,7620,2.703
5,7621,3.103
5,7622,3.115
5,7623,3.040
5,7624,2.586
5,7625,2.735
5,7626,4.106
5,7627,3.746
5,7628,3.357
5,7629,3.003
5,7630,2.807
5,7631,2.636
5,7632,2.661
5,7633,2.482
5,7634,3.637
5,7635,2.373
5,7636,1.975
5,7637,2.266
5,7638,2.809
5,7639,2.439
5,7640,2.669
5,7641,2.929
5,7642,2.754
5,7643,2.612
5,7644,2.319
5,7645,2.182
5,7646,2.999
5,7647,2.611
5,7648,3.129
5,7649,2.573
5,7650,2.746
5,7651,3.368
5,7652,2.448
5,7653,3.377
5,7654,3.041
5,7655,3.613
5,7656,2.817
5,7657,2.629
5,7658,2.447
5,7659,2.397
5,7660,2.893
5,7661,2.256
5,7662,2.557
5,7663,2.859
5,7664,2.424
5,7665,2.161
5,7666,3.597
5,7667,2.784
5,7668,3.218
5,7669,2.653
5,7670,2.638
5,7671,2.697
5,7672,2.244
5,7673,2.496
5,7674,3.236
5,7675,3.811
5,7676,2.321
5,7677,2.059
5,7678,2.555
5,7679,2.384
5,7680,2.858
5,7681,2.579
5,7682,1.905
5,7683,2.009
5,7684,2.142
5,7685,2.269
5,7686,1.866
5,7687,2.661
5,7688,2.329
5,7689,2.704
5,7690,2.121
5,7691,2.008
5,7692,1.989
5,7693,1.739
5,7694,2.435
5,7695,2.005
5,7696,2.108
5,7697,2.645
5,7698,1.941
5,7699,1.754
5,7700,2.013
5,7701,2.553
5,7702,2.680
5,7703,3.078
5,7704,2.058
5,7705,2.523
5,7706,2.433
5,7707,2.558
5,7708,2.181
5,7709,2.352
5,7710,2.043
5,7711,1.660
5,7712,1.793
5,7713,2.418
5,7714,2.223
5,7715,2.146
5,7716,1.821
5,7717,1.605
5,7718,1.561
5,7719,2.316
5,7720,2.184
5,7721,1.627
5,7722,3.166
5,7723,2.886
5,7724,2.062
5,7725,2.428
5,7726,2.167
5,7727,2.172
5,7728,3.003
5,7729,2.915
5,7730,1.959
5,7731,1.893
5,7732,2.016
5,7733,2.051
5,7734,3.171
5,7735,2.607
5,7736,2.725
5,7737,2.982
5,7738,2.336
5,7739,2.384
5,7740,2.437
5,7741,2.750
5,7742,2.684
5,7743,2.306
5,7744,3.287
5,7745,2.493
5,7746,2.304
5,7747,3.001
5,7748,2.488
5,7749,2.505
5,7750,2.928
5,7751,2.932
5,7752,2.369
5,7753,2.464
5,7754,2.188
5,7755,2.394
5,7756,2.130
5,7757,1.904
5,7758,2.237
5,7759,3.646
5,7760,2.600
5,7761,2.473
5,7762,2.126
5,7763,2.318
5,7764,2.277
5,7765,2.102
5,7766,2.693
5,7767,3.170
5,7768,2.618
5,7769,2.539
5,7770,3.087
5,7771,3.529
5,7772,2.729
5,7773,1.904
5,7774,2.393
5,7775,2.686
5,7776,2.214
5,7777,2.298
5,7778,2.584
5,7779,3.023
5,7780,2.599
5,7781,2.447
5,7782,2.912
5,7783,3.085
5,7784,3.008
5,7785,3.977
5,7786,2.205
5,7787,2.346
5,7788,2.554
5,7789,2.096
5,7790,2.650
5,7791,2.055
5,7792,2.007
5,7793,1.989
5,7794,2.113
5,7795,2.082
5,7796,2.243
5,7797,2.261
5,7798,2.873
5,7799,2.778
5,7800,2.414
5,7801,1.862
5,7802,2.494
5,7803,2.388
5,7804,2.265
5,7805,2.417
5,7806,2.188
5,7807,2.082
5,7808,2.767
5,7809,2.225
5,7810,1.808
5,7811,3.370
5,7812,3.160
5,7813,3.027
5,7814,3.152
5,7815,3.119
5,7816,2.620
5,7817,2.117
5,7818,2.493
5,7819,2.357
5,7820,1.967
5,7821,2.106
5,7822,2.947
5,7823,2.872
5,7824,2.711
5,7825,2.113
5,7826,1.712
5,7827,2.157
5,7828,2.016
5,7829,1.957
5,7830,2.947
5,7831,2.471
5,7832,2.085
5,7833,1.938
5,7834,1.999
5,7835,1.743
5,7836,2.293
5,7837,2.618
5,7838,2.090
5,7839,1.624
5,7840,3.172
5,7841,2.374
5,7842,1.802
5,7843,2.642
5,7844,2.681
5,7845,2.912
5,7846,2.968
5,7847,2.183
5,7848,2.266
5,7849,2.240
5,7850,2.220
5,7851,2.542
5,7852,2.308
5,7853,2.273
5,7854,2.215
5,7855,2.092
5,7856,1.724
5,7857,2.515
5,7858,3.586
5,7859,2.957
5,7860,3.057
5,7861,2.296
5,7862,2.546
5,7863,2.727
5,7864,2.257
5,7865,2.864
5,7866,2.324
5,7867,2.531
5,7868,3.715
5,7869,2.564
5,7870,3.460
5,7871,4.335
5,7872,3.082
5,7873,2.539
5,7874,2.961
5,7875,2.416
5,7876,1.694
5,7877,1.976
5,7878,1.935
5,7879,2.028
5,7880,2.687
5,7881,2.977
5,7882,2.110
5,7883,2.280
5,7884,2.764
5,7885,1.993
5,7886,2.162
5,7887,2.767
5,7888,2.483
5,7889,2.436
5,7890,2.295
5,7891,1.843
5,7892,3.240
5,7893,2.481
5,7894,3.170
5,7895,3.743
5,7896,2.769
5,7897,2.640
5,7898,2.188
5,7899,2.545
5,7900,2.602
5,7901,2.102
5,7902,2.386
5,7903,2.582
5,7904,2.328
5,7905,3.022
5,7906,2.556
5,7907,2.981
5,7908,2.663
5,7909,2.725
5,7910,2.753
5,7911,2.607
5,7912,2.207
5,7913,2.357
5,7914,2.446
5,7915,1.863
5,7916,1.931
5,7917,1.956
5,7918,2.069
5,7919,2.629
5,7920,2.428
5,7921,1.873
5,7922,2.753
5,7923,2.225
5,7924,2.303
5,7925,2.981
5,7926,2.646
5,7927,1.859
5,7928,2.336
5,7929,2.326
5,7930,2.016
5,7931,2.033
5,7932,2.752
5,7933,2.760
5,7934,2.410
5,7935,2.015
5,7936,1.916
5,7937,2.722
5,7938,1.911
5,7939,2.398
5,7940,2.307
5,7941,2.280
5,7942,1.755
5,7943,1.799
5,7944,1.992
5,7945,2.541
5,7946,4.069
5,7947,2.880
5,7948,1.923
5,7949,2.712
5,7950,2.054
5,7951,1.989
5,7952,2.489
5,7953,2.533
5,7954,2.439
5,7955,2.265
5,7956,1.875
5,7957,1.683
5,7958,2.541
5,7959,2.204
5,7960,2.686
5,7961,2.523
5,7962,2.335
5,7963,1.980
5,7964,2.382
5,7965,2.106
5,7966,2.052
5,7967,2.877
5,7968,2.517
5,7969,1.825
5,7970,2.012
5,7971,2.030
5,7972,1.945
5,7973,2.346
5,7974,2.881
5,7975,2.476
5,7976,3.760
5,7977,2.031
5,7978,1.767
5,7979,2.261
5,7980,2.129
5,7981,2.057
5,7982,3.034
5,7983,2.869
5,7984,2.782
5,7985,2.511
5,7986,2.098
5,7987,2.793
5,7988,2.872
5,7989,2.708
5,7990,3.109
5,7991,2.390
5,7992,2.620
5,7993,3.362
5,7994,3.021
5,7995,2.632
5,7996,2.904
5,7997,2.503
5,7998,2.486
5,7999,2.856
5,8000,2.657
5,8001,2.895
5,8002,3.213
5,8003,2.887
5,8004,2.773
5,8005,3.290
5,8006,3.052
5,8007,2.669
5,8008,2.372
5,8009,3.165
5,8010,2.602
5,8011,2.999
5,8012,3.086
5,8013,2.438
5,8014,3.004
5,8015,3.395
5,8016,2.758
5,8017,2.664
5,8018,2.406
5,8019,2.920
5,8020,2.489
5,8021,3.268
5,8022,3.217
5,8023,2.689
5,8024,3.514
5,8025,2.531
5,8026,3.377
5,8027,2.656
5,8028,3.111
5,8029,2.847
5,8030,2.782
5,8031,3.219
5,8032,3.119
5,8033,3.138
5,8034,3.081
5,8035,3.159
5,8036,3.078
5,8037,2.684
5,8038,2.539
5,8039,2.325
5,8040,2.846
5,8041,2.773
5,8042,2.820
5,8043,2.741
5,8044,2.230
5,8045,2.410
5,8046,2.695
5,8047,3.213
5,8048,4.545
5,8049,3.835
5,8050,4.147
5,8051,4.107
5,8052,3.282
5,8053,3.101
5,8054,2.619
5,8055,3.808
5,8056,3.157
5,8057,3.122
5,8058,3.868
5,8059,3.258
5,8060,3.300
5,8061,3.684
5,8062,2.957
5,8063,3.069
5,8064,2.876
5,8065,2.387
5,8066,2.125
5,8067,2.943
5,8068,2.794
5,8069,3.330
5,8070,2.847
5,8071,2.394
5,8072,2.506
5,8073,2.391
5,8074,2.547
5,8075,2.433
5,8076,2.490
5,8077,2.917
5,8078,2.598
5,8079,2.246
5,8080,3.069
5,8081,2.528
5,8082,2.589
5,8083,2.520
5,8084,3.075
5,8085,2.688
5,8086,3.036
5,8087,3.095
5,8088,3.572
5,8089,3.866
5,8090,4.666
5,8091,4.965
5,8092,13.059
5,8093,6.655
5,8094,6.868
5,8095,6.941
5,8096,5.097
5,8097,4.371
5,8098,5.112
5,8099,4.720
5,8100,4.237
5,8101,6.060
5,8102,5.036
5,8103,4.704
5,8104,4.639
5,8105,5.140
5,8106,4.050
5,8107,4.432
5,8108,5.429
5,8109,3.525
5,8110,4.265
5,8111,3.568
5,8112,3.600
5,8113,3.160
5,8114,4.410
5,8115,6.217
5,8116,7.988
5,8117,5.119
5,8118,3.981
5,8119,4.104
5,8120,3.942
5,8121,3.190
5,8122,3.265
5,8123,3.483
5,8124,3.457
5,8125,2.870
5,8126,2.960
5,8127,2.879
5,8128,2.701
5,8129,2.878
5,8130,3.387
5,8131,3.034
5,8132,2.932
5,8133,2.908
5,8134,2.978
5,8135,3.488
5,8136,4.092
5,8137,2.921
5,8138,3.516
5,8139,2.666
5,8140,3.150
5,8141,2.697
5,8142,2.935
5,8143,5.304
5,8144,2.595
5,8145,2.586
5,8146,2.841
5,8147,2.700
5,8148,2.577
5,8149,2.559
5,8150,2.524
5,8151,3.014
5,8152,19.735
5,8153,3.155
5,8154,3.839
5,8155,3.156
5,8156,3.086
5,8157,3.049
5,8158,2.850
5,8159,3.100
5,8160,2.800
5,8161,5.764
5,8162,3.375
5,8163,4.242
5,8164,5.357
5,8165,4.083
5,8166,3.137
5,8167,2.525
5,8168,4.267
5,8169,3.687
5,8170,3.597
5,8171,3.823
5,8172,2.947
5,8173,2.697
5,8174,4.490
5,8175,3.904
5,8176,2.999
5,8177,3.588
5,8178,4.512
5,8179,4.381
5,8180,2.661
5,8181,3.392
5,8182,3.447
5,8183,3.935
5,8184,3.237
5,8185,3.704
5,8186,3.036
5,8187,4.705
5,8188,3.768
5,8189,3.564
5,8190,2.996
5,8191,4.728
5,8192,3.554
5,8193,3.957
5,8194,4.028
5,8195,3.226
5,8196,3.764
5,8197,3.503
5,8198,4.129
5,8199,3.976
5,8200,4.542
5,8201,2.952
5,8202,4.311
5,8203,3.636
5,8204,3.966
5,8205,4.522
5,8206,3.576
5,8207,4.736
5,8208,4.356
5,8209,3.098
5,8210,4.446
5,8211,4.130
5,8212,4.655
5,8213,4.769
5,8214,4.659
5,8215,5.417
5,8216,5.233
5,8217,5.296
5,8218,3.259
5,8219,2.688
5,8220,2.867
5,8221,2.647
5,8222,4.305
5,8223,3.183
5,8224,4.294
5,8225,3.812
5,8226,4.013
5,8227,3.425
5,8228,3.493
5,8229,3.273
5,8230,3.711
5,8231,3.691
5,8232,7.133
5,8233,3.735
5,8234,5.162
5,8235,4.986
5,8236,4.374
5,8237,4.405
5,8238,3.153
5,8239,3.301
5,8240,4.269
5,8241,6.131
5,8242,6.158
5,8243,5.862
5,8244,4.138
5,8245,4.619
5,8246,4.381
5,8247,4.331
5,8248,4.549
5,8249,3.586
5,8250,4.521
5,8251,4.482
5,8252,5.550
5,8253,4.105
5,8254,3.437
5,8255,4.401
5,8256,3.566
5,8257,3.670
5,8258,3.488
5,8259,3.726
5,8260,3.957
5,8261,4.152
5,8262,3.935
5,8263,5.359
5,8264,3.983
5,8265,3.890
5,8266,3.653
5,8267,4.644
5,8268,4.273
5,8269,4.760
5,8270,9.667
5,8271,4.742
5,8272,3.404
5,8273,4.566
5,8274,5.108
5,8275,4.010
5,8276,4.203
5,8277,3.619
5,8278,3.996
5,8279,3.401
5,8280,3.667
5,8281,3.537
5,8282,4.601
5,8283,4.822
5,8284,4.169
5,8285,4.384
5,8286,6.100
5,8287,5.007
5,8288,3.155
5,8289,2.670
5,8290,3.847
5,8291,2.771
5,8292,3.234
5,8293,3.037
5,8294,3.839
5,8295,3.864
5,8296,3.685
5,8297,3.632
5,8298,3.848
5,8299,3.105
5,8300,5.186
5,8301,3.564
5,8302,3.019
5,8303,3.119
5,8304,3.491
5,8305,3.875
5,8306,3.471
5,8307,3.469
5,8308,3.576
5,8309,4.914
5,8310,4.566
5,8311,5.553
5,8312,5.487
5,8313,6.196
5,8314,5.441
5,8315,7.175
5,8316,3.097
5,8317,3.499
5,8318,4.184
5,8319,4.784
5,8320,4.193
5,8321,4.690
5,8322,5.676
5,8323,6.229
5,8324,3.410
5,8325,5.205
5,8326,3.607
5,8327,3.452
5,8328,4.421
5,8329,3.715
5,8330,4.433
5,8331,3.351
5,8332,3.866
5,8333,3.908
5,8334,5.403
5,8335,5.114
5,8336,4.769
5,8337,7.210
5,8338,3.806
5,8339,5.807
5,8340,3.722
5,8341,4.889
5,8342,5.112
5,8343,4.889
5,8344,4.520
5,8345,5.603
5,8346,5.871
5,8347,3.716
5,8348,4.622
5,8349,4.829
5,8350,3.667
5,8351,3.527
5,8352,2.715
5,8353,4.243
5,8354,3.434
5,8355,2.845
5,8356,1.954
5,8357,2.752
5,8358,2.918
5,8359,3.500
5,8360,2.474
5,8361,2.317
5,8362,2.879
5,8363,2.370
5,8364,2.632
5,8365,2.961
5,8366,2.974
5,8367,2.890
5,8368,2.498
5,8369,2.536
5,8370,3.651
5,8371,2.391
5,8372,2.935
5,8373,2.403
5,8374,2.152
5,8375,2.916
5,8376,2.963
5,8377,2.703
5,8378,2.350
5,8379,2.091
5,8380,2.604
5,8381,2.381
5,8382,2.383
5,8383,2.413
5,8384,2.324
5,8385,2.703
5,8386,3.336
5,8387,1.966
5,8388,2.188
5,8389,2.631
5,8390,2.130
5,8391,2.412
5,8392,2.420
5,8393,2.545
5,8394,2.326
5,8395,2.890
5,8396,2.210
5,8397,3.388
5,8398,2.513
5,8399,2.359
5,8400,3.033
5,8401,2.401
5,8402,2.408
5,8403,2.273
5,8404,2.304
5,8405,2.652
5,8406,2.458
5,8407,3.330
5,8408,3.043
5,8409,2.319
5,8410,2.722
5,8411,2.336
5,8412,2.270
5,8413,2.758
5,8414,3.065
5,8415,2.148
5,8416,2.755
5,8417,2.201
5,8418,1.952
5,8419,2.509
5,8420,2.513
5,8421,3.003
5,8422,2.254
5,8423,1.844
5,8424,2.661
5,8425,3.098
5,8426,2.803
5,8427,3.203
5,8428,4.406
5,8429,3.073
5,8430,2.251
5,8431,3.801
5,8432,2.755
5,8433,2.822
5,8434,3.368
5,8435,3.486
5,8436,2.872
5,8437,2.633
5,8438,2.829
5,8439,2.175
5,8440,2.886
5,8441,2.832
5,8442,2.650
5,8443,2.995
5,8444,2.551
5,8445,3.445
5,8446,3.450
5,8447,2.879
5,8448,3.048
5,8449,2.497
5,8450,3.020
5,8451,2.734
5,8452,3.351
5,8453,2.636
5,8454,2.148
5,8455,3.011
5,8456,2.659
5,8457,2.741
5,8458,3.035
5,8459,3.093
5,8460,3.195
5,8461,2.551
5,8462,3.031
5,8463,2.932
5,8464,3.151
5,8465,3.129
5,8466,2.677
5,8467,3.542
5,8468,3.961
5,8469,3.811
5,8470,3.391
5,8471,3.206
5,8472,3.165
5,8473,2.953
5,8474,2.819
5,8475,3.338
5,8476,3.407
5,8477,3.295
5,8478,2.875
5,8479,2.904
5,8480,2.651
5,8481,2.672
5,8482,3.512
5,8483,3.027
5,8484,2.974
5,8485,2.543
5,8486,2.727
5,8487,2.941
5,8488,3.104
5,8489,3.620
5,8490,2.576
5,8491,2.994
5,8492,2.624
5,8493,2.548
5,8494,3.776
5,8495,2.433
5,8496,2.945
5,8497,2.665
5,8498,2.682
5,8499,3.041
5,8500,3.147
5,8501,2.966
5,8502,2.570
5,8503,2.920
5,8504,2.908
5,8505,2.862
5,8506,2.656
5,8507,2.862
5,8508,3.010
5,8509,2.562
5,8510,4.568
5,8511,3.004
5,8512,2.929
5,8513,3.712
5,8514,2.435
5,8515,3.707
5,8516,3.109
5,8517,2.833
5,8518,3.234
5,8519,2.292
5,8520,2.099
5,8521,2.813
5,8522,2.826
5,8523,2.178
5,8524,1.947
5,8525,2.978
5,8526,2.182
5,8527,2.830
5,8528,2.572
5,8529,1.941
5,8530,2.291
5,8531,2.259
5,8532,2.470
5,8533,2.388
5,8534,2.611
5,8535,1.760
5,8536,1.626
5,8537,2.195
5,8538,1.886
5,8539,2.056
5,8540,3.547
5,8541,2.977
5,8542,2.214
5,8543,3.591
5,8544,1.888
5,8545,2.117
5,8546,2.582
5,8547,2.923
5,8548,2.852
5,8549,2.215
5,8550,2.619
5,8551,2.716
5,8552,2.854
5,8553,3.100
5,8554,2.900
5,8555,3.121
5,8556,2.954
5,8557,3.315
5,8558,2.641
5,8559,2.280
5,8560,2.856
5,8561,2.331
5,8562,2.066
5,8563,3.888
5,8564,3.519
5,8565,4.183
5,8566,3.468
5,8567,2.961
5,8568,2.435
5,8569,2.633
5,8570,2.348
5,8571,2.146
5,8572,2.407
5,8573,3.111
5,8574,2.617
5,8575,2.866
5,8576,2.314
5,8577,2.451
5,8578,2.889
5,8579,2.724
5,8580,3.010
5,8581,2.231
5,8582,2.664
5,8583,2.574
5,8584,2.341
5,8585,2.563
5,8586,3.074
5,8587,2.707
5,8588,3.667
5,8589,2.476
5,8590,3.099
5,8591,2.842
5,8592,2.479
5,8593,2.994
5,8594,2.032
5,8595,2.031
5,8596,2.779
5,8597,2.416
5,8598,3.081
5,8599,2.305
5,8600,2.437
5,8601,2.381
5,8602,2.309
5,8603,1.866
5,8604,3.050
5,8605,2.416
5,8606,2.129
5,8607,2.850
5,8608,3.187
5,8609,2.882
5,8610,2.908
5,8611,3.368
5,8612,3.830
5,8613,2.722
5,8614,3.376
5,8615,3.473
5,8616,3.156
5,8617,2.658
5,8618,3.810
5,8619,2.830
5,8620,4.492
5,8621,3.324
5,8622,3.165
5,8623,2.871
5,8624,4.291
5,8625,4.505
5,8626,3.678
5,8627,3.201
5,8628,3.725
5,8629,3.336
5,8630,3.343
5,8631,2.601
5,8632,4.447
5,8633,3.586
5,8634,3.007
5,8635,2.569
5,8636,2.868
5,8637,2.488
5,8638,2.601
5,8639,3.888
5,8640,3.138
5,8641,3.221
5,8642,2.715
5,8643,2.866
5,8644,3.133
5,8645,3.243
5,8646,2.462
5,8647,2.501
5,8648,2.560
5,8649,3.091
5,8650,3.308
5,8651,2.532
5,8652,2.646
5,8653,2.885
5,8654,3.686
5,8655,4.293
5,8656,3.588
5,8657,3.603
5,8658,3.137
5,8659,3.897
5,8660,3.548
5,8661,3.184
5,8662,3.258
5,8663,2.961
5,8664,3.844
5,8665,3.002
5,8666,2.823
5,8667,2.784
5,8668,2.366
5,8669,1.793
5,8670,2.787
5,8671,2.454
5,8672,2.077
5,8673,2.352
5,8674,2.172
5,8675,1.743
5,8676,2.352
5,8677,3.274
5,8678,2.564
5,8679,3.400
5,8680,2.442
5,8681,2.583
5,8682,2.823
5,8683,4.865
5,8684,2.890
5,8685,2.862
5,8686,2.440
5,8687,2.379
5,8688,2.987
5,8689,2.278
5,8690,2.014
5,8691,2.854
5,8692,2.544
5,8693,2.516
5,8694,2.737
5,8695,2.501
5,8696,2.254
5,8697,2.188
5,8698,1.963
5,8699,2.888
5,8700,2.308
5,8701,2.786
5,8702,3.566
5,8703,2.320
5,8704,2.617
5,8705,2.818
5,8706,3.672
5,8707,2.773
5,8708,2.001
5,8709,1.776
5,8710,2.709
5,8711,1.955
5,8712,1.641
5,8713,2.735
5,8714,2.863
5,8715,2.315
5,8716,2.204
5,8717,2.175
5,8718,2.148
5,8719,2.588
5,8720,2.518
5,8721,3.149
5,8722,2.241
5,8723,1.939
5,8724,2.212
5,8725,2.330
5,8726,1.996
5,8727,2.658
5,8728,3.261
5,8729,2.836
5,8730,3.032
5,8731,2.600
5,8732,2.737
5,8733,2.573
5,8734,2.162
5,8735,2.664
5,8736,2.731
5,8737,1.777
5,8738,2.480
5,8739,2.867
5,8740,2.224
5,8741,2.305
5,8742,1.999
5,8743,2.027
5,8744,2.886
5,8745,2.122
5,8746,2.069
5,8747,2.539
5,8748,2.199
5,8749,1.862
5,8750,2.043
5,8751,1.896
5,8752,2.244
5,8753,2.447
5,8754,3.139
5,8755,2.470
5,8756,3.814
5,8757,2.567
5,8758,4.528
5,8759,2.888
5,8760,2.706
5,8761,2.430
5,8762,2.976
5,8763,2.816
5,8764,3.239
5,8765,2.779
5,8766,1.974
5,8767,1.689
5,8768,2.266
5,8769,1.940
5,8770,1.783
5,8771,2.965
5,8772,2.875
5,8773,2.245
5,8774,2.449
5,8775,2.516
5,8776,2.103
5,8777,2.667
5,8778,2.375
5,8779,3.208
5,8780,2.102
5,8781,2.062
5,8782,2.251
5,8783,3.081
5,8784,2.432
5,8785,2.738
5,8786,2.838
5,8787,2.241
5,8788,2.504
5,8789,2.212
5,8790,2.548
5,8791,2.910
5,8792,2.076
5,8793,2.506
5,8794,2.058
5,8795,2.186
5,8796,2.140
5,8797,2.652
5,8798,2.851
5,8799,2.950
5,8800,2.795
5,8801,2.071
5,8802,2.860
5,8803,3.317
5,8804,3.946
5,8805,2.685
5,8806,4.424
5,8807,2.566
5,8808,3.453
5,8809,3.277
5,8810,3.160
5,8811,3.649
5,8812,2.802
5,8813,2.849
5,8814,2.201
5,8815,2.532
5,8816,2.407
5,8817,2.084
5,8818,2.879
5,8819,2.391
5,8820,2.160
5,8821,2.555
5,8822,2.047
5,8823,1.747
5,8824,2.308
5,8825,2.876
5,8826,2.570
5,8827,2.351
5,8828,2.213
5,8829,1.774
5,8830,2.241
5,8831,2.388
5,8832,2.190
5,8833,3.714
5,8834,2.991
5,8835,2.779
5,8836,2.834
5,8837,2.490
5,8838,3.046
5,8839,2.436
5,8840,2.938
5,8841,2.676
5,8842,2.076
5,8843,2.334
5,8844,2.781
5,8845,1.951
5,8846,2.084
5,8847,2.120
5,8848,2.080
5,8849,2.710
5,8850,2.306
5,8851,2.793
5,8852,2.674
5,8853,2.061
5,8854,1.713
5,8855,2.200
5,8856,2.198
5,8857,2.501
5,8858,3.189
5,8859,2.713
5,8860,4.790
5,8861,2.609
5,8862,2.595
5,8863,2.919
5,8864,2.091
5,8865,2.293
5,8866,2.036
5,8867,1.750
5,8868,2.107
5,8869,2.546
5,8870,2.262
5,8871,2.869
5,8872,2.428
5,8873,1.919
5,8874,1.881
5,8875,2.262
5,8876,1.911
5,8877,2.382
5,8878,2.171
5,8879,2.406
5,8880,1.691
5,8881,2.097
5,8882,2.034
5,8883,1.795
5,8884,2.231
5,8885,2.458
5,8886,2.115
5,8887,2.541
5,8888,2.839
5,8889,1.835
5,8890,1.930
5,8891,2.968
5,8892,2.222
5,8893,2.361
5,8894,2.777
5,8895,1.919
5,8896,1.970
5,8897,4.472
5,8898,3.354
5,8899,2.185
5,8900,1.707
5,8901,2.221
5,8902,2.498
5,8903,2.511
5,8904,4.434
5,8905,3.688
5,8906,3.512
5,8907,2.838
5,8908,3.530
5,8909,2.560
5,8910,2.976
5,8911,2.654
5,8912,2.680
5,8913,4.015
5,8914,4.844
5,8915,3.430
5,8916,3.597
5,8917,3.962
5,8918,3.722
5,8919,3.147
5,8920,3.106
5,8921,2.741
5,8922,2.513
5,8923,3.010
5,8924,2.881
5,8925,2.980
5,8926,2.836
5,8927,3.072
5,8928,3.420
5,8929,2.791
5,8930,3.417
5,8931,2.529
5,8932,3.568
5,8933,4.377
5,8934,3.610
5,8935,2.877
5,8936,2.769
5,8937,3.047
5,8938,3.624
5,8939,2.943
5,8940,3.062
5,8941,3.228
5,8942,3.292
5,8943,2.875
5,8944,2.397
5,8945,2.888
5,8946,2.626
5,8947,3.004
5,8948,2.767
5,8949,2.679
5,8950,2.954
5,8951,2.793
5,8952,2.961
5,8953,3.173
5,8954,2.660
5,8955,3.460
5,8956,2.627
5,8957,3.234
5,8958,2.896
5,8959,3.743
5,8960,2.663
5,8961,2.378
5,8962,3.341
5,8963,2.705
5,8964,3.305
5,8965,3.418
5,8966,3.082
5,8967,2.837
5,8968,2.787
5,8969,3.298
5,8970,3.148
5,8971,3.497
5,8972,3.437
5,8973,3.118
5,8974,3.231
5,8975,4.123
5,8976,3.186
5,8977,2.993
5,8978,2.753
5,8979,3.447
5,8980,2.691
5,8981,3.162
5,8982,3.338
5,8983,3.236
5,8984,3.405
5,8985,2.817
5,8986,2.665
5,8987,2.342
5,8988,2.985
5,8989,2.860
5,8990,3.293
5,8991,3.895
5,8992,3.455
5,8993,3.304
5,8994,3.051
5,8995,3.058
5,8996,2.292
5,8997,4.214
5,8998,2.692
5,8999,3.050
5,9000,3.004
5,9001,2.390
5,9002,2.614
5,9003,2.223
5,9004,2.288
5,9005,3.284
5,9006,2.414
5,9007,3.781
5,9008,3.606
5,9009,2.845
5,9010,2.551
5,9011,2.221
5,9012,2.870
5,9013,2.616
5,9014,2.088
5,9015,2.292
5,9016,2.507
5,9017,3.694
5,9018,2.592
5,9019,2.844
5,9020,3.136
5,9021,2.107
5,9022,3.202
5,9023,3.487
5,9024,3.050
5,9025,2.885
5,9026,3.429
5,9027,2.930
5,9028,2.499
5,9029,2.949
5,9030,2.508
5,9031,2.684
5,9032,2.960
5,9033,3.200
5,9034,2.860
5,9035,2.206
5,9036,2.204
5,9037,2.618
5,9038,2.216
5,9039,3.067
5,9040,2.212
5,9041,2.150
5,9042,2.585
5,9043,2.291
5,9044,2.265
5,9045,2.653
5,9046,2.816
5,9047,1.872
5,9048,2.423
5,9049,2.166
5,9050,2.187
5,9051,2.160
5,9052,2.201
5,9053,1.906
5,9054,3.029
5,9055,2.455
5,9056,1.727
5,9057,2.091
5,9058,2.207
5,9059,2.535
5,9060,3.135
5,9061,2.656
5,9062,1.907
5,9063,2.769
5,9064,2.222
5,9065,2.217
5,9066,2.783
5,9067,2.432
5,9068,2.823
5,9069,1.971
5,9070,1.680
5,9071,1.740
5,9072,2.918
5,9073,2.409
5,9074,2.032
5,9075,2.216
5,9076,2.889
5,9077,2.143
5,9078,2.789
5,9079,2.705
5,9080,2.941
5,9081,2.560
5,9082,1.919
5,9083,2.960
5,9084,2.110
5,9085,2.101
5,9086,2.521
5,9087,2.021
5,9088,2.238
5,9089,2.179
5,9090,1.885
5,9091,1.877
5,9092,1.594
5,9093,3.188
5,9094,2.460
5,9095,2.445
5,9096,2.472
5,9097,2.307
5,9098,2.516
5,9099,2.774
5,9100,2.320
5,9101,2.661
5,9102,2.155
5,9103,2.428
5,9104,2.572
5,9105,2.419
5,9106,2.434
5,9107,2.450
5,9108,1.949
5,9109,2.586
5,9110,2.582
5,9111,2.425
5,9112,3.272
5,9113,3.034
5,9114,1.744
5,9115,2.342
5,9116,2.014
5,9117,2.153
5,9118,2.745
5,9119,2.411
5,9120,2.148
5,9121,3.259
5,9122,2.663
5,9123,2.427
5,9124,2.437
5,9125,2.155
5,9126,2.166
5,9127,2.183
5,9128,2.461
5,9129,1.867
5,9130,2.185
5,9131,1.894
5,9132,2.360
5,9133,7.254
5,9134,2.488
5,9135,1.717
5,9136,1.737
5,9137,3.914
5,9138,2.728
5,9139,3.119
5,9140,2.680
5,9141,2.833
5,9142,2.897
5,9143,2.203
5,9144,3.154
5,9145,2.426
5,9146,2.289
5,9147,2.629
5,9148,2.931
5,9149,3.031
5,9150,2.578
5,9151,2.176
5,9152,2.316
5,9153,2.130
5,9154,1.926
5,9155,3.415
5,9156,2.156
5,9157,1.755
5,9158,2.205
5,9159,2.183
5,9160,2.032
5,9161,2.011
5,9162,2.454
5,9163,2.347
5,9164,2.079
5,9165,3.012
5,9166,2.025
5,9167,2.086
5,9168,2.191
5,9169,2.668
5,9170,2.188
5,9171,2.319
5,9172,1.676
5,9173,1.751
5,9174,2.376
5,9175,2.045
5,9176,2.320
5,9177,3.095
5,9178,2.487
5,9179,2.920
5,9180,2.693
5,9181,2.311
5,9182,3.345
5,9183,2.612
5,9184,2.701
5,9185,3.061
5,9186,2.653
5,9187,3.211
5,9188,2.739
5,9189,3.562
5,9190,3.311
5,9191,3.077
5,9192,3.073
5,9193,2.166
5,9194,2.619
5,9195,2.521
5,9196,2.599
5,9197,2.728
5,9198,2.460
5,9199,3.189
5,9200,2.560
5,9201,2.192
5,9202,2.552
5,9203,2.530
5,9204,2.461
5,9205,3.533
5,9206,2.965
5,9207,2.776
5,9208,2.508
5,9209,3.238
5,9210,2.945
5,9211,2.658
5,9212,3.474
5,9213,2.676
5,9214,2.906
5,9215,3.531
5,9216,2.880
5,9217,2.913
5,9218,2.764
5,9219,2.644
5,9220,2.522
5,9221,3.066
5,9222,2.822
5,9223,2.170
5,9224,2.722
5,9225,2.723
5,9226,2.290
5,9227,2.988
5,9228,2.607
5,9229,2.425
5,9230,2.476
5,9231,2.335
5,9232,3.087
5,9233,2.790
5,9234,3.116
5,9235,2.733
5,9236,2.472
5,9237,3.810
5,9238,3.152
5,9239,2.944
5,9240,2.629
5,9241,2.581
5,9242,2.958
5,9243,2.346
5,9244,3.084
5,9245,2.882
5,9246,2.733
5,9247,2.534
5,9248,2.397
5,9249,2.910
5,9250,2.827
5,9251,3.332
5,9252,3.218
5,9253,2.874
5,9254,2.820
5,9255,2.803
5,9256,3.280
5,9257,2.664
5,9258,3.143
5,9259,2.956
5,9260,2.490
5,9261,4.636
5,9262,3.222
5,9263,3.152
5,9264,3.272
5,9265,3.051
5,9266,2.599
5,9267,2.917
5,9268,2.468
5,9269,2.401
5,9270,3.201
5,9271,3.022
5,9272,2.931
5,9273,2.610
5,9274,2.229
5,9275,2.710
5,9276,3.238
5,9277,3.047
5,9278,2.698
5,9279,3.083
5,9280,3.077
5,9281,2.400
5,9282,3.722
5,9283,3.613
5,9284,3.877
5,9285,2.737
5,9286,3.099
5,9287,3.956
5,9288,3.511
5,9289,3.454
5,9290,3.246
5,9291,3.508
5,9292,3.544
5,9293,2.341
5,9294,2.559
5,9295,2.917
5,9296,2.467
5,9297,3.319
5,9298,2.987
5,9299,2.561
5,9300,2.788
5,9301,2.280
5,9302,3.900
5,9303,3.199
5,9304,4.382
5,9305,2.497
5,9306,2.822
5,9307,3.366
5,9308,3.217
5,9309,2.494
5,9310,2.817
5,9311,2.897
5,9312,2.745
5,9313,2.806
5,9314,2.367
5,9315,2.250
5,9316,2.530
5,9317,2.736
5,9318,2.265
5,9319,2.779
5,9320,2.599
5,9321,2.223
5,9322,2.407
5,9323,2.183
5,9324,3.044
5,9325,2.654
5,9326,2.556
5,9327,2.698
5,9328,2.588
5,9329,1.988
5,9330,3.259
5,9331,2.987
5,9332,3.362
5,9333,2.573
5,9334,3.680
5,9335,2.509
5,9336,2.189
5,9337,3.928
5,9338,2.542
5,9339,2.651
5,9340,2.526
5,9341,2.285
5,9342,3.512
5,9343,5.724
5,9344,3.201
5,9345,2.492
5,9346,2.327
5,9347,2.498
5,9348,2.882
5,9349,2.806
5,9350,2.126
5,9351,3.587
5,9352,2.587
5,9353,3.152
5,9354,2.532
5,9355,2.601
5,9356,2.559
5,9357,2.429
5,9358,2.680
5,9359,3.318
5,9360,2.385
5,9361,2.867
5,9362,2.979
5,9363,2.832
5,9364,2.822
5,9365,2.469
5,9366,3.145
5,9367,2.417
5,9368,3.465
5,9369,2.909
5,9370,3.112
5,9371,2.985
5,9372,2.429
5,9373,2.701
5,9374,2.831
5,9375,2.392
5,9376,5.693
5,9377,3.947
5,9378,3.865
5,9379,3.412
5,9380,2.464
5,9381,2.895
5,9382,2.591
5,9383,2.327
5,9384,2.776
5,9385,2.687
5,9386,3.508
5,9387,2.826
5,9388,2.736
5,9389,2.831
5,9390,2.354
5,9391,2.895
5,9392,3.213
5,9393,2.922
5,9394,2.858
5,9395,2.797
5,9396,3.571
5,9397,2.583
5,9398,3.080
5,9399,3.010
5,9400,5.760
5,9401,5.083
5,9402,4.182
5,9403,4.052
5,9404,4.025
5,9405,3.992
5,9406,4.691
5,9407,4.444
5,9408,4.910
5,9409,4.115
5,9410,4.196
5,9411,4.671
5,9412,4.052
5,9413,4.150
5,9414,4.863
5,9415,4.321
5,9416,4.242
5,9417,3.828
5,9418,7.197
5,9419,5.124
5,9420,3.820
5,9421,3.615
5,9422,3.424
5,9423,3.065
5,9424,3.862
5,9425,4.596
5,9426,6.151
5,9427,5.168
5,9428,5.606
5,9429,3.549
5,9430,3.800
5,9431,3.402
5,9432,2.638
5,9433,2.379
5,9434,2.686
5,9435,2.651
5,9436,2.193
5,9437,2.384
5,9438,2.509
5,9439,2.442
5,9440,3.074
5,9441,2.624
5,9442,2.972
5,9443,2.557
5,9444,2.299
5,9445,2.496
5,9446,2.567
5,9447,3.779
5,9448,3.035
5,9449,2.791
5,9450,3.655
5,9451,2.472
5,9452,3.291
5,9453,3.401
5,9454,2.726
5,9455,2.449
5,9456,2.271
5,9457,2.811
5,9458,2.909
5,9459,2.626
5,9460,2.982
5,9461,2.301
5,9462,2.449
5,9463,2.436
5,9464,2.645
5,9465,2.878
5,9466,2.996
5,9467,3.639
5,9468,2.587
5,9469,2.481
5,9470,3.214
5,9471,2.594
5,9472,2.782
5,9473,2.929
5,9474,2.560
5,9475,3.730
5,9476,3.485
5,9477,2.677
5,9478,2.224
5,9479,2.913
5,9480,2.086
5,9481,2.584
5,9482,2.849
5,9483,2.416
5,9484,1.799
5,9485,2.274
5,9486,2.631
5,9487,2.292
5,9488,2.872
5,9489,2.450
5,9490,2.390
5,9491,2.317
5,9492,1.982
5,9493,2.892
5,9494,2.899
5,9495,1.945
5,9496,2.631
5,9497,2.460
5,9498,2.235
5,9499,2.624
5,9500,2.686
5,9501,1.845
5,9502,2.841
5,9503,2.666
5,9504,2.324
5,9505,2.402
5,9506,2.896
5,9507,2.735
5,9508,2.237
5,9509,1.850
5,9510,1.936
5,9511,2.323
5,9512,2.140
5,9513,2.509
5,9514,2.767
5,9515,2.467
5,9516,2.248
5,9517,2.522
5,9518,2.025
5,9519,3.037
5,9520,2.908
5,9521,1.999
5,9522,3.055
5,9523,2.126
5,9524,1.750
5,9525,2.472
5,9526,3.019
5,9527,2.530
5,9528,3.572
5,9529,2.661
5,9530,2.904
5,9531,2.293
5,9532,2.658
5,9533,2.620
5,9534,2.293
5,9535,2.442
5,9536,2.827
5,9537,2.140
5,9538,2.718
5,9539,2.473
5,9540,2.325
5,9541,2.254
5,9542,2.282
5,9543,2.294
5,9544,3.080
5,9545,2.145
5,9546,1.955
5,9547,2.437
5,9548,1.992
5,9549,1.629
5,9550,2.065
5,9551,3.594
5,9552,2.960
5,9553,3.139
5,9554,2.964
5,9555,3.982
5,9556,2.514
5,9557,3.783
5,9558,2.772
5,9559,2.184
5,9560,2.099
5,9561,2.070
5,9562,2.678
5,9563,2.706
5,9564,2.382
5,9565,2.543
5,9566,2.276
5,9567,1.841
5,9568,2.949
5,9569,3.609
5,9570,3.499
5,9571,3.695
5,9572,2.870
5,9573,2.875
5,9574,3.039
5,9575,3.199
5,9576,2.709
5,9577,4.840
5,9578,3.693
5,9579,3.755
5,9580,3.006
5,9581,2.986
5,9582,2.788
5,9583,2.851
5,9584,2.337
5,9585,2.183
5,9586,2.326
5,9587,1.906
5,9588,1.764
5,9589,2.098
5,9590,3.114
5,9591,2.231
5,9592,2.519
5,9593,2.386
5,9594,2.018
5,9595,2.324
5,9596,2.450
5,9597,2.713
5,9598,2.762
5,9599,1.882
5,9600,2.031
5,9601,2.150
5,9602,2.152
5,9603,2.192
5,9604,3.417
5,9605,2.939
5,9606,3.172
5,9607,2.395
5,9608,2.337
5,9609,3.466
5,9610,2.305
5,9611,2.568
5,9612,2.503
5,9613,2.604
5,9614,2.681
5,9615,3.073
5,9616,1.899
5,9617,2.610
5,9618,2.059
5,9619,2.630
5,9620,2.399
5,9621,2.537
5,9622,2.454
5,9623,2.175
5,9624,1.714
5,9625,1.626
5,9626,2.574
5,9627,2.667
5,9628,2.143
5,9629,2.767
5,9630,2.311
5,9631,1.927
5,9632,3.192
5,9633,2.065
5,9634,2.363
5,9635,3.392
5,9636,2.141
5,9637,2.017
5,9638,2.056
5,9639,2.111
5,9640,2.021
5,9641,3.156
5,9642,2.449
5,9643,2.557
5,9644,2.132
5,9645,1.635
5,9646,1.764
5,9647,2.418
5,9648,2.047
5,9649,2.078
5,9650,2.924
5,9651,2.107
5,9652,2.272
5,9653,2.534
5,9654,1.874
5,9655,1.692
5,9656,2.910
5,9657,2.059
5,9658,2.251
5,9659,3.521
5,9660,2.372
5,9661,2.884
5,9662,3.110
5,9663,1.871
5,9664,2.609
5,9665,2.423
5,9666,1.694
5,9667,2.361
5,9668,2.363
5,9669,2.019
5,9670,2.080
5,9671,2.013
5,9672,1.869
5,9673,4.596
5,9674,3.890
5,9675,3.444
5,9676,2.566
5,9677,3.894
5,9678,5.719
5,9679,4.190
5,9680,4.846
5,9681,4.180
5,9682,4.063
5,9683,3.495
5,9684,3.820
5,9685,3.505
5,9686,3.256
5,9687,3.972
5,9688,2.711
5,9689,2.396
5,9690,2.503
5,9691,2.514
5,9692,2.809
5,9693,2.621
5,9694,2.533
5,9695,2.387
5,9696,2.429
5,9697,2.694
5,9698,2.716
5,9699,2.177
5,9700,2.895
5,9701,2.783
5,9702,2.002
5,9703,3.108
5,9704,3.580
5,9705,2.576
5,9706,2.989
5,9707,2.107
5,9708,2.201
5,9709,2.290
5,9710,1.974
5,9711,1.930
5,9712,2.421
5,9713,1.808
5,9714,2.842
5,9715,1.917
5,9716,2.061
5,9717,2.429
5,9718,2.137
5,9719,1.755
5,9720,1.596
5,9721,1.928
5,9722,2.836
5,9723,2.035
5,9724,3.088
5,9725,2.427
5,9726,1.961
5,9727,2.351
5,9728,2.075
5,9729,1.716
5,9730,2.617
5,9731,2.393
5,9732,1.779
5,9733,1.542
5,9734,3.066
5,9735,2.396
5,9736,1.926
5,9737,2.910
5,9738,2.358
5,9739,2.330
5,9740,2.097
5,9741,1.676
5,9742,1.493
5,9743,1.992
5,9744,2.314
5,9745,2.274
5,9746,2.157
5,9747,2.185
5,9748,1.789
5,9749,2.159
5,9750,2.440
5,9751,1.877
5,9752,2.735
5,9753,3.078
5,9754,2.691
5,9755,2.719
5,9756,1.907
5,9757,2.155
5,9758,2.552
5,9759,2.517
5,9760,1.797
5,9761,2.274
5,9762,2.208
5,9763,2.523
5,9764,2.408
5,9765,3.078
5,9766,2.054
5,9767,2.157
5,9768,1.969
5,9769,1.762
5,9770,2.024
5,9771,2.589
5,9772,2.097
5,9773,1.852
5,9774,2.494
5,9775,2.304
5,9776,1.769
5,9777,3.040
5,9778,3.194
5,9779,2.993
5,9780,2.098
5,9781,2.188
5,9782,2.189
5,9783,2.284
5,9784,2.520
5,9785,2.719
5,9786,2.955
5,9787,2.313
5,9788,2.200
5,9789,1.775
5,9790,1.828
5,9791,3.421
5,9792,2.979
5,9793,3.237
5,9794,2.684
5,9795,2.356
5,9796,2.318
5,9797,2.271
5,9798,2.374
5,9799,2.936
5,9800,2.994
5,9801,2.935
5,9802,2.255
5,9803,2.171
5,9804,2.399
5,9805,1.998
5,9806,1.693
5,9807,2.173
5,9808,2.693
5,9809,1.812
5,9810,1.813
5,9811,2.690
5,9812,2.491
5,9813,2.487
5,9814,2.511
5,9815,2.120
5,9816,3.036
5,9817,2.809
5,9818,2.540
5,9819,3.574
5,9820,2.198
5,9821,3.033
5,9822,3.418
5,9823,2.724
5,9824,2.525
5,9825,2.062
5,9826,2.595
5,9827,2.437
5,9828,1.942
5,9829,2.757
5,9830,2.482
5,9831,2.110
5,9832,2.721
5,9833,2.477
5,9834,2.152
5,9835,3.509
5,9836,3.166
5,9837,2.900
5,9838,2.486
5,9839,1.802
5,9840,2.216
5,9841,2.383
5,9842,2.729
5,9843,3.389
5,9844,2.705
5,9845,2.219
5,9846,2.742
5,9847,1.858
5,9848,2.132
5,9849,2.403
5,9850,2.509
5,9851,2.485
5,9852,2.206
5,9853,1.961
5,9854,2.288
5,9855,3.049
5,9856,2.379
5,9857,2.586
5,9858,2.103
5,9859,2.085
5,9860,2.240
5,9861,2.641
5,9862,2.265
5,9863,3.093
5,9864,2.720
5,9865,2.452
5,9866,2.754
5,9867,2.426
5,9868,2.574
5,9869,2.296
5,9870,2.122
5,9871,3.016
5,9872,2.360
5,9873,2.021
5,9874,2.830
5,9875,2.558
5,9876,2.243
5,9877,2.464
5,9878,2.726
5,9879,2.572
5,9880,2.695
5,9881,2.939
5,9882,2.955
5,9883,2.389
5,9884,2.256
5,9885,3.184
5,9886,2.917
5,9887,2.667
5,9888,2.188
5,9889,2.355
5,9890,2.629
5,9891,2.404
5,9892,3.656
5,9893,2.947
5,9894,4.187
5,9895,2.721
5,9896,3.058
5,9897,6.538
5,9898,3.863
5,9899,2.760
5,9900,2.842
5,9901,2.673
5,9902,2.992
5,9903,2.762
5,9904,5.540
5,9905,3.046
5,9906,3.067
5,9907,2.909
5,9908,2.795
5,9909,2.842
5,9910,2.432
5,9911,2.953
5,9912,3.088
5,9913,3.181
5,9914,3.227
5,9915,2.617
5,9916,3.074
5,9917,2.475
5,9918,2.804
5,9919,2.992
5,9920,2.279
5,9921,2.651
5,9922,2.898
5,9923,2.918
5,9924,2.530
5,9925,2.327
5,9926,3.023
5,9927,2.538
5,9928,2.626
5,9929,2.556
5,9930,2.440
5,9931,2.653
5,9932,2.659
5,9933,3.297
5,9934,2.686
5,9935,2.257
5,9936,2.836
5,9937,2.707
5,9938,2.394
5,9939,4.119
5,9940,3.103
5,9941,3.007
5,9942,2.435
5,9943,2.610
5,9944,2.495
5,9945,2.367
5,9946,2.596
5,9947,2.718
5,9948,2.470
5,9949,2.730
5,9950,2.782
5,9951,3.030
5,9952,2.619
5,9953,2.116
5,9954,3.129
5,9955,2.661
5,9956,2.538
5,9957,3.147
5,9958,3.076
5,9959,2.688
5,9960,2.539
5,9961,2.530
5,9962,3.589
5,9963,2.442
5,9964,2.902
5,9965,2.392
5,9966,2.343
5,9967,2.957
5,9968,2.872
5,9969,2.483
5,9970,2.604
5,9971,1.948
5,9972,2.354
5,9973,2.203
5,9974,2.807
5,9975,2.874
5,9976,2.313
5,9977,2.493
5,9978,3.240
5,9979,2.185
5,9980,3.058
5,9981,3.152
5,9982,3.143
5,9983,2.902
5,9984,3.039
5,9985,3.098
5,9986,3.826
5,9987,3.971
5,9988,2.802
5,9989,2.853
5,9990,2.371
5,9991,3.472
5,9992,2.608
5,9993,2.643
5,9994,2.886
5,9995,2.558
5,9996,3.335
5,9997,3.131
5,9998,4.089
5,9999,3.253
5,10000,2.943
5,10001,3.388
5,10002,3.457
5,10003,3.386
5,10004,3.600
5,10005,3.863
5,10006,3.742
5,10007,3.507
5,10008,3.523
5,10009,3.140
5,10010,3.756
5,10011,2.956
5,10012,3.489
5,10013,2.863
5,10014,2.985
5,10015,3.718
5,10016,3.327
5,10017,3.271
5,10018,2.386
5,10019,3.027
5,10020,2.678
5,10021,2.468
5,10022,3.197
5,10023,2.344
5,10024,2.444
5,10025,2.999
5,10026,2.968
5,10027,2.793
5,10028,2.769
5,10029,4.167
5,10030,2.681
5,10031,3.867
5,10032,2.792
5,10033,2.687
5,10034,2.862
5,10035,1.822
5,10036,2.988
5,10037,2.797
5,10038,3.285
5,10039,2.480
5,10040,2.011
5,10041,2.034
5,10042,2.313
5,10043,2.191
5,10044,2.351
5,10045,2.548
5,10046,2.073
5,10047,1.817
5,10048,2.311
5,10049,2.944
5,10050,2.424
5,10051,2.060
5,10052,1.657
5,10053,1.881
5,10054,2.303
5,10055,2.263
5,10056,1.930
5,10057,4.071
5,10058,2.225
5,10059,1.810
5,10060,2.263
5,10061,1.953
5,10062,2.058
5,10063,4.214
5,10064,2.974
5,10065,2.320
5,10066,1.914
5,10067,1.765
5,10068,2.230
5,10069,2.276
5,10070,2.313
5,10071,2.389
5,10072,2.497
5,10073,1.938
5,10074,2.378
5,10075,2.211
5,10076,2.397
5,10077,2.405
5,10078,2.186
5,10079,2.349
5,10080,2.536
5,10081,2.192
5,10082,1.877
5,10083,2.587
5,10084,2.484
5,10085,2.742
5,10086,2.644
5,10087,2.682
5,10088,1.782
5,10089,2.510
5,10090,2.585
5,10091,2.497
5,10092,2.532
5,10093,2.155
5,10094,2.525
5,10095,2.702
5,10096,2.661
5,10097,3.005
5,10098,2.127
5,10099,2.318
5,10100,2.254
5,10101,2.731
5,10102,1.963
5,10103,3.217
5,10104,2.165
5,10105,2.411
5,10106,2.767
5,10107,2.467
5,10108,2.959
5,10109,2.434
5,10110,1.872
5,10111,2.337
5,10112,2.776
5,10113,1.873
5,10114,2.111
5,10115,2.761
5,10116,2.691
5,10117,2.724
5,10118,2.089
5,10119,2.071
5,10120,2.648
5,10121,1.962
5,10122,1.732
5,10123,2.616
5,10124,2.543
5,10125,1.664
5,10126,1.643
5,10127,1.952
5,10128,1.930
5,10129,1.898
5,10130,2.780
5,10131,2.246
5,10132,1.633
5,10133,3.141
5,10134,2.745
5,10135,2.120
5,10136,2.501
5,10137,2.498
5,10138,1.994
5,10139,2.981
5,10140,2.388
5,10141,2.290
5,10142,3.742
5,10143,2.093
5,10144,2.625
5,10145,2.302
5,10146,1.957
5,10147,2.688
5,10148,1.956
5,10149,2.033
5,10150,2.519
5,10151,2.144
5,10152,1.826
5,10153,2.122
5,10154,2.387
5,10155,2.321
5,10156,1.913
5,10157,2.534
5,10158,1.823
5,10159,1.810
5,10160,2.359
5,10161,2.411
5,10162,2.658
5,10163,3.534
5,10164,3.355
5,10165,3.223
5,10166,2.143
5,10167,2.072
5,10168,2.807
5,10169,2.774
5,10170,3.123
5,10171,2.345
5,10172,2.829
5,10173,2.643
5,10174,2.169
5,10175,2.527
5,10176,2.936
5,10177,1.784
5,10178,2.470
5,10179,2.343
5,10180,2.135
5,10181,1.895
5,10182,2.700
5,10183,2.182
5,10184,2.265
5,10185,2.277
5,10186,1.823
5,10187,2.203
5,10188,2.864
5,10189,2.741
5,10190,2.555
5,10191,2.570
5,10192,1.873
5,10193,2.459
5,10194,2.343
5,10195,2.684
5,10196,3.138
5,10197,3.170
5,10198,2.854
5,10199,2.575
5,10200,2.108
5,10201,2.594
5,10202,2.478
5,10203,2.337
5,10204,2.252
5,10205,2.274
5,10206,1.746
5,10207,2.582
5,10208,2.432
5,10209,1.765
5,10210,1.962
5,10211,2.291
5,10212,2.206
5,10213,2.650
5,10214,2.428
5,10215,2.321
5,10216,2.817
5,10217,2.493
5,10218,2.259
5,10219,2.447
5,10220,2.846
5,10221,2.385
5,10222,4.141
5,10223,2.885
5,10224,2.943
5,10225,2.238
5,10226,2.841
5,10227,2.833
5,10228,2.359
5,10229,2.438
5,10230,2.455
5,10231,2.501
5,10232,2.680
5,10233,2.867
5,10234,3.136
5,10235,2.301
5,10236,1.830
5,10237,2.169
5,10238,2.078
5,10239,1.990
5,10240,2.882
5,10241,3.318
5,10242,2.715
5,10243,2.923
5,10244,2.358
5,10245,2.385
5,10246,2.918
5,10247,2.088
5,10248,3.622
5,10249,2.699
5,10250,2.545
5,10251,2.377
5,10252,2.897
5,10253,2.708
5,10254,2.701
5,10255,1.727
5,10256,2.103
5,10257,2.046
5,10258,2.244
5,10259,2.690
5,10260,2.298
5,10261,1.789
5,10262,2.587
5,10263,2.352
5,10264,1.764
5,10265,2.410
5,10266,2.328
5,10267,1.987
5,10268,1.955
5,10269,2.019
5,10270,2.110
5,10271,2.237
5,10272,2.729
5,10273,2.140
5,10274,1.990
5,10275,2.605
5,10276,2.427
5,10277,2.382
5,10278,4.064
5,10279,2.306
5,10280,2.893
5,10281,2.531
5,10282,2.216
5,10283,2.395
5,10284,3.299
5,10285,3.074
5,10286,2.260
5,10287,2.299
5,10288,2.819
5,10289,2.266
5,10290,2.518
5,10291,2.759
5,10292,2.743
5,10293,2.818
5,10294,2.380
5,10295,2.202
5,10296,2.630
5,10297,2.669
5,10298,2.419
5,10299,3.264
5,10300,3.110
5,10301,3.413
5,10302,3.393
5,10303,3.047
5,10304,2.285
5,10305,2.488
5,10306,2.877
5,10307,1.978
5,10308,2.658
5,10309,2.440
5,10310,2.107
5,10311,2.351
5,10312,2.686
5,10313,1.736
5,10314,2.089
5,10315,2.646
5,10316,2.180
5,10317,1.918
5,10318,2.045
5,10319,2.324
5,10320,2.746
5,10321,2.853
5,10322,1.964
5,10323,2.116
5,10324,2.015
5,10325,1.677
5,10326,1.538
5,10327,1.719
5,10328,2.342
5,10329,2.220
5,10330,2.467
5,10331,3.363
5,10332,2.066
5,10333,2.545
5,10334,2.206
5,10335,1.645
5,10336,2.002
5,10337,3.366
5,10338,2.589
5,10339,2.607
5,10340,2.181
5,10341,2.244
5,10342,3.183
5,10343,2.742
5,10344,2.917
5,10345,2.216
5,10346,1.796
5,10347,2.370
5,10348,2.446
5,10349,2.661
5,10350,2.504
5,10351,2.823
5,10352,2.627
5,10353,2.645
5,10354,2.543
5,10355,3.300
5,10356,4.591
5,10357,3.413
5,10358,2.245
5,10359,2.474
5,10360,2.829
5,10361,2.397
5,10362,2.443
5,10363,2.532
5,10364,2.037
5,10365,2.493
5,10366,2.418
5,10367,2.081
5,10368,2.117
5,10369,1.920
5,10370,1.688
5,10371,1.689
5,10372,2.120
5,10373,2.810
5,10374,2.108
5,10375,2.635
5,10376,2.394
5,10377,2.157
5,10378,2.367
5,10379,2.262
5,10380,4.513
5,10381,2.395
5,10382,2.563
5,10383,3.378
5,10384,2.350
5,10385,3.122
5,10386,2.989
5,10387,2.901
5,10388,2.756
5,10389,2.401
5,10390,2.739
5,10391,2.480
5,10392,2.234
5,10393,2.977
5,10394,2.260
5,10395,2.382
5,10396,2.625
5,10397,2.485
5,10398,2.920
5,10399,2.676
5,10400,3.008
5,10401,2.392
5,10402,2.411
5,10403,2.981
5,10404,2.703
5,10405,2.395
5,10406,2.564
5,10407,2.999
5,10408,2.252
5,10409,4.212
5,10410,2.556
5,10411,2.943
5,10412,2.302
5,10413,3.040
5,10414,2.758
5,10415,2.383
5,10416,2.383
5,10417,2.511
5,10418,2.147
5,10419,3.210
5,10420,3.233
5,10421,3.861
5,10422,2.311
5,10423,2.192
5,10424,2.796
5,10425,2.337
5,10426,2.934
5,10427,3.179
5,10428,3.500
5,10429,3.172
5,10430,3.112
5,10431,3.432
5,10432,3.053
5,10433,2.932
5,10434,2.715
5,10435,3.066
5,10436,2.892
5,10437,2.582
5,10438,2.953
5,10439,2.119
5,10440,2.370
5,10441,2.553
5,10442,2.292
5,10443,3.533
5,10444,2.954
5,10445,3.675
5,10446,2.844
5,10447,2.450
5,10448,3.175
5,10449,2.558
5,10450,3.184
5,10451,2.961
5,10452,2.971
5,10453,2.979
5,10454,2.689
5,10455,4.184
5,10456,2.729
5,10457,3.454
5,10458,2.919
5,10459,2.919
5,10460,2.753
5,10461,3.395
5,10462,3.229
5,10463,4.774
5,10464,2.664
5,10465,3.034
5,10466,4.277
5,10467,3.448
5,10468,3.311
5,10469,3.043
5,10470,3.333
5,10471,2.922
5,10472,3.433
5,10473,3.789
5,10474,3.977
5,10475,3.348
5,10476,3.621
5,10477,3.322
5,10478,2.585
5,10479,2.587
5,10480,2.607
5,10481,2.191
5,10482,1.782
5,10483,2.932
5,10484,2.477
5,10485,2.635
5,10486,4.558
5,10487,3.293
5,10488,3.173
5,10489,3.152
5,10490,3.123
5,10491,3.401
5,10492,2.941
5,10493,2.801
5,10494,3.212
5,10495,2.879
5,10496,3.649
5,10497,3.159
5,10498,2.768
5,10499,3.364
5,10500,2.102
5,10501,2.720
5,10502,2.052
5,10503,1.993
5,10504,3.179
5,10505,2.357
5,10506,2.126
5,10507,2.657
5,10508,2.233
5,10509,1.965
5,10510,2.240
5,10511,2.757
5,10512,2.620
5,10513,2.868
5,10514,2.457
5,10515,2.754
5,10516,2.539
5,10517,2.880
5,10518,3.020
5,10519,2.166
5,10520,2.277
5,10521,2.789
5,10522,2.019
5,10523,3.627
5,10524,3.547
5,10525,4.040
5,10526,2.890
5,10527,3.059
5,10528,2.472
5,10529,2.036
5,10530,2.736
5,10531,2.809
5,10532,2.501
5,10533,3.339
5,10534,2.756
5,10535,3.360
5,10536,3.565
5,10537,3.255
5,10538,2.974
5,10539,3.231
5,10540,3.095
5,10541,3.396
5,10542,2.672
5,10543,3.665
5,10544,2.998
5,10545,2.094
5,10546,2.877
5,10547,3.031
5,10548,2.340
5,10549,3.544
5,10550,2.184
5,10551,2.247
5,10552,2.212
5,10553,1.970
5,10554,2.540
5,10555,2.953
5,10556,3.451
5,10557,3.045
5,10558,2.731
5,10559,2.947
5,10560,3.214
5,10561,5.569
5,10562,3.543
5,10563,2.690
5,10564,3.185
5,10565,3.081
5,10566,2.799
5,10567,4.116
5,10568,3.369
5,10569,3.752
5,10570,2.537
5,10571,3.008
5,10572,2.465
5,10573,2.454
5,10574,3.480
5,10575,2.936
5,10576,3.186
5,10577,2.139
5,10578,1.979
5,10579,2.489
5,10580,2.841
5,10581,3.154
5,10582,3.148
5,10583,2.426
5,10584,2.975
5,10585,2.446
5,10586,2.962
5,10587,3.157
5,10588,2.231
5,10589,3.477
5,10590,2.337
5,10591,3.487
5,10592,2.757
5,10593,3.515
5,10594,2.858
5,10595,2.353
5,10596,2.601
5,10597,2.306
5,10598,2.086
5,10599,2.492
5,10600,2.367
5,10601,1.920
5,10602,2.385
5,10603,2.394
5,10604,2.677
5,10605,2.210
5,10606,1.727
5,10607,1.618
5,10608,1.949
5,10609,2.305
5,10610,1.694
5,10611,1.525
5,10612,2.543
5,10613,2.280
5,10614,1.897
5,10615,2.013
5,10616,2.096
5,10617,2.305
5,10618,1.805
5,10619,3.404
5,10620,2.110
5,10621,2.533
5,10622,2.234
5,10623,1.796
5,10624,1.903
5,10625,2.844
5,10626,2.090
5,10627,1.872
5,10628,2.204
5,10629,1.734
5,10630,1.850
5,10631,2.335
5,10632,2.265
5,10633,2.625
5,10634,2.467
5,10635,2.414
5,10636,1.783
5,10637,1.888
5,10638,2.143
5,10639,1.882
5,10640,2.037
5,10641,2.763
5,10642,1.853
5,10643,1.570
5,10644,2.119
5,10645,2.163
5,10646,1.660
5,10647,1.703
5,10648,2.363
5,10649,2.187
5,10650,3.040
5,10651,3.156
5,10652,4.267
5,10653,2.813
5,10654,2.981
5,10655,2.577
5,10656,2.581
5,10657,1.958
5,10658,1.943
5,10659,1.652
5,10660,1.523
5,10661,2.041
5,10662,2.453
5,10663,1.920
5,10664,1.817
5,10665,2.491
5,10666,2.183
5,10667,1.757
5,10668,2.217
5,10669,2.418
5,10670,2.895
5,10671,2.611
5,10672,2.495
5,10673,2.707
5,10674,2.595
5,10675,2.328
5,10676,2.259
5,10677,1.869
5,10678,1.713
5,10679,1.681
5,10680,1.896
5,10681,2.404
5,10682,1.663
5,10683,2.536
5,10684,3.141
5,10685,2.242
5,10686,2.521
5,10687,2.331
5,10688,2.504
5,10689,3.212
5,10690,3.096
5,10691,3.100
5,10692,3.072
5,10693,2.928
5,10694,3.259
5,10695,2.339
5,10696,2.720
5,10697,2.116
5,10698,2.069
5,10699,2.928
5,10700,2.579
5,10701,3.117
5,10702,3.219
5,10703,1.894
5,10704,2.458
5,10705,2.273
5,10706,1.964
5,10707,2.571
5,10708,2.401
5,10709,1.706
5,10710,1.951
5,10711,2.219
5,10712,1.800
5,10713,2.387
5,10714,3.646
5,10715,2.676
5,10716,3.328
5,10717,2.357
5,10718,2.632
5,10719,2.386
5,10720,2.585
5,10721,2.314
5,10722,2.280
5,10723,2.297
5,10724,1.808
5,10725,1.796
5,10726,1.767
5,10727,2.089
5,10728,2.464
5,10729,1.845
5,10730,1.749
5,10731,1.790
5,10732,3.166
5,10733,1.992
5,10734,2.397
5,10735,2.844
5,10736,2.085
5,10737,2.549
5,10738,2.314
5,10739,1.969
5,10740,1.866
5,10741,2.275
5,10742,2.229
5,10743,1.927
5,10744,2.264
5,10745,1.819
5,10746,1.710
5,10747,1.720
5,10748,1.951
5,10749,1.774
5,10750,1.773
5,10751,2.232
5,10752,2.215
5,10753,1.683
5,10754,1.929
5,10755,2.267
5,10756,1.899
5,10757,2.411
5,10758,2.703
5,10759,2.196
5,10760,2.000
5,10761,2.535
5,10762,1.868
5,10763,1.865
5,10764,2.396
5,10765,3.536
5,10766,2.197
5,10767,2.543
5,10768,2.085
5,10769,2.167
5,10770,2.459
5,10771,2.166
5,10772,2.435
5,10773,2.418
5,10774,2.047
5,10775,1.970
5,10776,2.346
5,10777,2.117
5,10778,2.378
5,10779,2.363
5,10780,2.598
5,10781,1.673
5,10782,2.392
5,10783,2.054
5,10784,1.523
5,10785,2.170
5,10786,2.195
5,10787,2.139
5,10788,2.509
5,10789,2.142
5,10790,1.772
5,10791,1.498
5,10792,2.695
5,10793,2.671
5,10794,1.826
5,10795,2.190
5,10796,3.003
5,10797,1.986
5,10798,2.346
5,10799,2.205
5,10800,2.306
5,10801,2.892
5,10802,2.097
5,10803,2.082
5,10804,2.159
5,10805,2.230
5,10806,2.286
5,10807,3.611
5,10808,2.455
5,10809,3.136
5,10810,2.871
5,10811,1.769
5,10812,2.789
5,10813,3.131
5,10814,2.454
5,10815,2.893
5,10816,2.321
5,10817,2.904
5,10818,2.956
5,10819,2.639
5,10820,3.325
5,10821,2.288
5,10822,3.288
5,10823,4.572
5,10824,3.225
5,10825,2.076
5,10826,2.921
5,10827,2.540
5,10828,2.129
5,10829,3.131
5,10830,2.516
5,10831,2.115
5,10832,2.293
5,10833,2.111
5,10834,2.197
5,10835,3.768
5,10836,2.983
5,10837,3.256
5,10838,2.686
5,10839,2.006
5,10840,2.408
5,10841,2.106
5,10842,2.361
5,10843,2.930
5,10844,2.317
5,10845,2.254
5,10846,3.553
5,10847,2.154
5,10848,2.610
5,10849,2.139
5,10850,2.407
5,10851,2.419
5,10852,1.977
5,10853,2.007
5,10854,2.523
5,10855,2.092
5,10856,1.747
5,10857,2.244
5,10858,2.688
5,10859,2.152
5,10860,2.355
5,10861,2.695
5,10862,2.213
5,10863,2.978
5,10864,2.407
5,10865,2.847
5,10866,2.594
5,10867,2.450
5,10868,2.474
5,10869,2.569
5,10870,2.317
5,10871,3.460
5,10872,2.806
5,10873,2.480
5,10874,2.717
5,10875,2.116
5,10876,1.968
5,10877,2.504
5,10878,2.043
5,10879,2.081
5,10880,2.605
5,10881,1.947
5,10882,1.691
5,10883,2.488
5,10884,2.104
5,10885,1.897
5,10886,2.029
5,10887,2.928
5,10888,3.410
5,10889,2.687
5,10890,2.573
5,10891,3.241
5,10892,2.513
5,10893,2.456
5,10894,2.961
5,10895,2.444
5,10896,2.525
5,10897,2.528
5,10898,3.202
5,10899,3.543
5,10900,2.834
5,10901,3.325
5,10902,3.832
5,10903,3.512
5,10904,2.687
5,10905,3.156
5,10906,2.848
5,10907,2.301
5,10908,3.697
5,10909,2.182
5,10910,2.529
5,10911,2.542
5,10912,2.528
5,10913,3.484
5,10914,2.747
5,10915,3.004
5,10916,3.024
5,10917,3.768
5,10918,3.191
5,10919,3.731
5,10920,3.850
5,10921,3.000
5,10922,2.878
5,10923,2.630
5,10924,2.814
5,10925,3.101
5,10926,2.722
5,10927,2.464
5,10928,2.556
5,10929,2.804
5,10930,2.668
5,10931,3.088
5,10932,3.023
5,10933,2.898
5,10934,2.744
5,10935,3.068
5,10936,2.882
5,10937,2.687
5,10938,3.021
5,10939,2.923
5,10940,2.401
5,10941,4.133
5,10942,2.626
5,10943,3.537
5,10944,2.904
5,10945,3.021
5,10946,3.105
5,10947,2.913
5,10948,2.852
5,10949,2.508
5,10950,3.247
5,10951,2.670
5,10952,3.121
5,10953,2.548
5,10954,2.712
5,10955,2.598
5,10956,3.133
5,10957,2.814
5,10958,2.595
5,10959,2.815
5,10960,2.986
5,10961,2.437
5,10962,3.849
5,10963,2.999
5,10964,3.106
5,10965,2.917
5,10966,3.328
5,10967,4.661
5,10968,4.368
5,10969,3.357
5,10970,3.748
5,10971,3.312
5,10972,3.125
5,10973,3.336
5,10974,3.438
5,10975,3.000
5,10976,3.000
5,10977,3.232
5,10978,3.570
5,10979,3.631
5,10980,3.060
5,10981,3.096
5,10982,2.819
5,10983,3.010
5,10984,2.928
5,10985,4.508
5,10986,2.897
5,10987,3.328
5,10988,2.685
5,10989,3.050
5,10990,3.265
5,10991,3.391
5,10992,2.775
5,10993,2.806
5,10994,3.159
5,10995,2.877
5,10996,3.171
5,10997,2.859
5,10998,2.651
5,10999,3.019
5,11000,5.302
5,11001,2.991
5,11002,3.476
5,11003,2.585
5,11004,2.465
5,11005,3.073
5,11006,3.649
5,11007,3.661
5,11008,4.204
5,11009,3.813
5,11010,3.481
5,11011,3.093
5,11012,2.274
5,11013,3.002
5,11014,2.246
5,11015,2.685
5,11016,2.844
5,11017,2.403
5,11018,2.642
5,11019,2.865
5,11020,2.979
5,11021,3.257
5,11022,2.961
5,11023,2.782
5,11024,2.365
5,11025,2.497
5,11026,3.289
5,11027,2.642
5,11028,4.080
5,11029,3.137
5,11030,4.195
5,11031,4.455
5,11032,2.746
5,11033,16.794
5,11034,4.801
5,11035,3.387
5,11036,3.603
5,11037,4.004
5,11038,3.176
5,11039,3.433
5,11040,2.875
5,11041,2.694
5,11042,3.150
5,11043,2.570
5,11044,3.151
5,11045,4.211
5,11046,3.280
5,11047,3.103
5,11048,3.897
5,11049,2.789
5,11050,4.448
5,11051,3.541
5,11052,3.708
5,11053,3.295
5,11054,2.989
5,11055,2.882
5,11056,2.284
5,11057,2.714
5,11058,2.215
5,11059,3.106
5,11060,2.594
5,11061,2.408
5,11062,2.869
5,11063,1.963
5,11064,1.794
5,11065,3.100
5,11066,2.528
5,11067,2.551
5,11068,3.702
5,11069,2.931
5,11070,2.863
5,11071,2.137
5,11072,2.547
5,11073,2.889
5,11074,1.947
5,11075,2.161
5,11076,2.607
5,11077,2.154
5,11078,3.260
5,11079,3.039
5,11080,3.112
5,11081,3.232
5,11082,3.017
5,11083,3.336
5,11084,2.807
5,11085,2.936
5,11086,2.720
5,11087,2.333
5,11088,2.921
5,11089,2.519
5,11090,3.777
5,11091,2.577
5,11092,2.807
5,11093,2.693
5,11094,2.583
5,11095,2.870
5,11096,2.545
5,11097,2.180
5,11098,2.681
5,11099,2.209
5,11100,3.495
5,11101,3.083
5,11102,2.415
5,11103,2.397
5,11104,1.994
5,11105,2.141
5,11106,2.643
5,11107,2.098
5,11108,2.587
5,11109,2.836
5,11110,2.302
5,11111,2.468
5,11112,2.486
5,11113,2.088
5,11114,3.123
5,11115,2.788
5,11116,2.456
5,11117,3.256
5,11118,2.405
5,11119,2.327
5,11120,2.781
5,11121,2.345
5,11122,3.282
5,11123,2.173
5,11124,2.221
5,11125,2.520
5,11126,2.442
5,11127,2.618
5,11128,2.615
5,11129,2.463
5,11130,2.300
5,11131,2.132
5,11132,2.058
5,11133,3.097
5,11134,2.677
5,11135,2.451
5,11136,2.774
5,11137,2.230
5,11138,2.561
5,11139,2.703
5,11140,2.162
5,11141,2.788
5,11142,3.585
5,11143,3.248
5,11144,3.616
5,11145,3.096
5,11146,3.739
5,11147,3.348
5,11148,3.095
5,11149,2.862
5,11150,2.834
5,11151,2.747
5,11152,2.987
5,11153,2.398
5,11154,2.859
5,11155,2.697
5,11156,2.091
5,11157,1.723
5,11158,2.443
5,11159,2.514
5,11160,2.063
5,11161,2.284
5,11162,2.992
5,11163,3.146
5,11164,2.281
5,11165,2.025
5,11166,2.341
5,11167,3.138
5,11168,2.636
5,11169,3.694
5,11170,2.743
5,11171,2.698
5,11172,2.608
5,11173,2.248
5,11174,2.688
5,11175,2.359
5,11176,1.737
5,11177,2.856
5,11178,2.543
5,11179,2.271
5,11180,2.780
5,11181,2.193
5,11182,2.894
5,11183,2.324
5,11184,2.060
5,11185,2.380
5,11186,3.371
5,11187,2.987
5,11188,2.610
5,11189,2.750
5,11190,2.867
5,11191,3.050
5,11192,2.810
5,11193,3.570
5,11194,2.010
5,11195,3.196
5,11196,2.228
5,11197,2.790
5,11198,2.829
5,11199,2.253
5,11200,4.747
5,11201,3.512
5,11202,4.029
5,11203,3.058
5,11204,3.808
5,11205,2.728
5,11206,3.014
5,11207,3.675
5,11208,2.828
5,11209,2.609
5,11210,2.234
5,11211,2.142
5,11212,2.060
5,11213,2.858
5,11214,3.188
5,11215,2.155
5,11216,2.645
5,11217,2.650
5,11218,2.247
5,11219,2.718
5,11220,3.003
5,11221,2.368
5,11222,2.344
5,11223,2.136
5,11224,2.427
5,11225,3.696
5,11226,2.453
5,11227,2.694
5,11228,2.040
5,11229,2.171
5,11230,2.386
5,11231,2.817
5,11232,2.888
5,11233,2.919
5,11234,2.381
5,11235,2.431
5,11236,3.787
5,11237,3.355
5,11238,3.182
5,11239,2.992
5,11240,3.625
5,11241,2.006
5,11242,3.387
5,11243,3.166
5,11244,3.350
5,11245,2.969
5,11246,3.013
5,11247,2.873
5,11248,2.626
5,11249,3.009
5,11250,2.306
5,11251,2.358
5,11252,2.670
5,11253,3.065
5,11254,2.800
5,11255,2.663
5,11256,2.667
5,11257,2.636
5,11258,2.010
5,11259,2.624
5,11260,2.648
5,11261,2.384
5,11262,3.412
5,11263,2.597
5,11264,2.327
5,11265,3.169
5,11266,2.730
5,11267,3.580
5,11268,2.625
5,11269,2.626
5,11270,2.284
5,11271,3.427
5,11272,2.707
5,11273,2.530
5,11274,2.827
5,11275,2.742
5,11276,2.898
5,11277,2.718
5,11278,2.432
5,11279,3.545
5,11280,3.153
5,11281,2.433
5,11282,2.790
5,11283,2.149
5,11284,2.175
5,11285,2.483
5,11286,2.348
5,11287,5.276
5,11288,3.331
5,11289,3.290
5,11290,2.585
5,11291,3.300
5,11292,3.357
5,11293,2.694
5,11294,2.648
5,11295,2.195
5,11296,2.920
5,11297,2.239
5,11298,2.802
5,11299,2.865
5,11300,2.403
5,11301,2.446
5,11302,2.585
5,11303,2.225
5,11304,3.322
5,11305,2.097
5,11306,1.993
5,11307,2.172
5,11308,2.259
5,11309,1.930
5,11310,2.659
5,11311,2.578
5,11312,2.405
5,11313,3.316
5,11314,2.537
5,11315,2.171
5,11316,3.131
5,11317,2.528
5,11318,2.651
5,11319,2.405
5,11320,2.703
5,11321,2.729
5,11322,2.550
5,11323,3.057
5,11324,2.479
5,11325,1.793
5,11326,2.232
5,11327,2.361
5,11328,3.115
5,11329,3.178
5,11330,2.318
5,11331,2.784
5,11332,2.353
5,11333,2.117
5,11334,2.091
5,11335,2.753
5,11336,2.381
5,11337,3.416
5,11338,2.522
5,11339,2.454
5,11340,2.475
5,11341,2.242
5,11342,3.388
5,11343,2.557
5,11344,1.898
5,11345,2.069
5,11346,2.304
5,11347,2.405
5,11348,3.212
5,11349,2.839
5,11350,2.539
5,11351,2.841
5,11352,3.401
5,11353,3.557
5,11354,3.247
5,11355,3.686
5,11356,2.482
5,11357,2.870
5,11358,2.798
5,11359,2.213
5,11360,2.713
5,11361,2.848
5,11362,2.582
5,11363,3.090
5,11364,3.176
5,11365,2.989
5,11366,2.776
5,11367,3.433
5,11368,2.819
5,11369,3.155
5,11370,2.749
5,11371,2.933
5,11372,3.294
5,11373,3.061
5,11374,3.629
5,11375,2.894
5,11376,3.120
5,11377,3.060
5,11378,3.199
5,11379,3.458
5,11380,3.335
5,11381,2.839
5,11382,2.967
5,11383,3.878
5,11384,4.380
5,11385,3.217
5,11386,3.107
5,11387,2.649
5,11388,2.672
5,11389,3.821
5,11390,2.810
5,11391,2.937
5,11392,2.582
5,11393,4.565
5,11394,3.024
5,11395,3.148
5,11396,2.871
5,11397,2.937
5,11398,2.953
5,11399,3.422
5,11400,3.113
5,11401,3.074
5,11402,4.084
5,11403,3.014
5,11404,3.991
5,11405,2.859
5,11406,2.873
5,11407,2.500
5,11408,2.459
5,11409,4.047
5,11410,2.927
5,11411,2.897
5,11412,2.761
5,11413,3.142
5,11414,2.928
5,11415,4.451
5,11416,2.562
5,11417,2.788
5,11418,3.259
5,11419,2.757
5,11420,3.429
5,11421,2.941
5,11422,3.141
5,11423,2.570
5,11424,2.941
5,11425,3.326
5,11426,2.897
5,11427,4.458
5,11428,3.026
5,11429,3.479
5,11430,3.619
5,11431,3.447
5,11432,2.737
5,11433,2.594
5,11434,3.042
5,11435,3.022
5,11436,2.678
5,11437,2.300
5,11438,3.039
5,11439,2.774
5,11440,2.886
5,11441,2.793
5,11442,2.371
5,11443,2.582
5,11444,2.462
5,11445,2.734
5,11446,3.082
5,11447,3.037
5,11448,3.032
5,11449,2.493
5,11450,2.235
5,11451,2.398
5,11452,2.250
5,11453,3.249
5,11454,2.910
5,11455,2.290
5,11456,2.865
5,11457,2.309
5,11458,2.222
5,11459,2.598
5,11460,2.607
5,11461,2.201
5,11462,2.341
5,11463,2.155
5,11464,2.838
5,11465,3.038
5,11466,2.826
5,11467,3.159
5,11468,2.389
5,11469,3.114
5,11470,2.922
5,11471,2.877
5,11472,2.939
5,11473,4.175
5,11474,3.573
5,11475,2.661
5,11476,2.825
5,11477,2.592
5,11478,2.896
5,11479,2.820
5,11480,2.849
5,11481,2.901
